,Paste volume per aperture,Stencil thickness,Paste viscosity,Ambient RH,mech causes,root causes
0,0.04033817820323603,0.09981762779990887,205.0688636876707,39.281138226023565,,
1,0.04088724646110464,0.09935499126318409,181.10339240317282,43.54765654990115,,
2,0.04007168033840534,0.09739279932623075,204.03999907423176,38.67337189786495,,
3,0.040161541989400654,0.09906504196448838,207.3913638101002,37.47913792680372,,
4,0.04020818448245032,0.10113290874814351,226.74820297245427,36.33188361576594,,
5,0.04001775603315741,0.09613131769422466,207.88612559652543,38.211013846826546,,
6,0.04156026228091227,0.09910880340750128,165.3211192577958,47.0906216785811,,
7,0.041454805362862675,0.0995625061389837,172.70429193937457,46.43044850194769,,
8,0.04019734290946713,0.10008136527930814,217.94029476448648,37.869227111059864,,
9,0.0402216843567762,0.09669843248523252,182.45441001541136,42.646762881934116,,
10,0.040552933923677856,0.10028005692141921,198.75758664534538,39.766926888205795,,
11,0.04124811451902539,0.10115564998066902,191.93050124472026,43.26249692888765,,
12,0.040112199352996765,0.0976590378409097,202.85187047297455,39.984628507565105,,
13,0.040575207812970276,0.10066986197858852,203.0920274451272,39.84371538172197,,
14,0.04017189192250533,0.09736394407055222,189.71072500329683,39.94051183529445,,
15,0.042436620177763645,0.09965061617708394,158.41889925926992,49.596442476269,,
16,0.040070606320290185,0.09793515040042179,212.81217514205014,39.051514735001355,,
17,0.041182952099273834,0.10243278396798691,203.6427497041047,40.46525786549535,,
18,0.040838881144969585,0.10138214195965113,202.1724397361818,40.48439544030577,,
19,0.04031227851969119,0.09607321086054993,170.81774013903024,44.55014600955795,,
20,0.041621689376683195,0.10458847913030957,211.37342788680363,37.46987671898067,,
21,0.04005727897152115,0.10010142245210274,228.70924973772853,32.88233256543133,,
22,0.04025010810711304,0.09818315697220727,198.64155691959547,42.20597212968542,,
23,0.04022828529692563,0.10071622508890725,217.33803847261893,35.789017856071986,,
24,0.04105798271249711,0.09928928360180075,175.0950543589831,44.04480487160652,,
25,0.0400313208402586,0.09892871203903365,226.34696228489105,34.20235356333542,,
26,0.04010439527753755,0.09849327117871895,210.97967032712836,38.31674602082774,,
27,0.0410585907426061,0.10230867990143874,203.537525682603,39.50044017436919,,
28,0.04068073738643808,0.09900650752764484,184.2745820335798,43.1399103778876,,
29,0.040338106270148874,0.09952490459282894,200.040814844995,38.919254048323424,,
30,0.04029003323860782,0.10160465390072151,219.87772785331597,34.46765866241159,,
31,0.041067193761091025,0.10149982852487165,195.9615431001013,40.84442811750036,,
32,0.0434595040506779,0.10349853334984388,178.92138286977197,45.20673709619811,,
33,0.04013054961658681,0.09933107688632221,217.1660154673156,38.04562826144215,,
34,0.0403752692953956,0.09879090710358765,194.62445541311567,41.54389302028586,,
35,0.04192392763522194,0.09975848472582989,164.8381716743087,47.17092111047668,,
36,0.04101325618797172,0.10139166457296882,197.80873453597107,41.32416338129743,,
37,0.04046304522717749,0.0985038021856291,188.2666147461878,42.776684774675836,,
38,0.04093545561838653,0.09987785630403866,186.0525275830066,43.44435515184282,,
39,0.04098014341921824,0.1006581918927149,190.40561634552995,41.81731505664595,,
40,0.04012506449726533,0.09808964465119512,205.39095294544177,39.57639118059333,,
41,0.04034874382839845,0.09924058385497163,199.5050309650732,40.39473781427645,,
42,0.04009047373681307,0.10006363651286344,230.3542930091577,36.58627479474471,,
43,0.04042895605786199,0.10142024975164221,212.94295212877867,36.61774991439417,,
44,0.041939926876636925,0.10187557975456174,183.78899034427886,43.768784084270045,,
45,0.04007051605252784,0.10041078767098105,231.1829519896454,33.5645070166246,,
46,0.04103944280624809,0.09963817084478753,181.36929180574566,44.33557159424288,,
47,0.04016705057923737,0.09956969640332963,211.00455713569983,36.57477770144364,,
48,0.04034962826678004,0.0972945461108608,187.66849027315305,45.64434205058361,,
49,0.04129111717916656,0.10021511765884782,180.24837001369448,44.172069028830826,,
50,0.04004530507446114,0.09913608113655663,225.0779305942636,34.855056595141505,,
51,0.040289358917348736,0.0997428235060885,208.71895112000263,39.50484126406517,,
52,0.0410597718782838,0.100056057973364,183.30216448958464,43.25884611112084,,
53,0.04069436495509571,0.10002306359102954,192.2892356547767,41.28688852043006,,
54,0.040004794009378584,0.0979311220927242,234.39320135947065,32.811906527144146,,
55,0.0404789957647019,0.09813111845152399,185.29883466963142,43.87927930030249,,
56,0.04008922445229833,0.09973212345362645,221.58099217620438,34.998659442419296,,
57,0.040839677386416535,0.10032670651079649,187.78426026809754,40.51854780394697,,
58,0.04130771353599988,0.10061040624459007,181.86560660183648,43.018274634852375,,
59,0.04141973422682808,0.1020705937354387,192.488347155875,40.9258452798825,,
60,0.0406150169610054,0.10049150004126972,196.61776321766285,39.1632521616689,,
61,0.04037739948669131,0.10055582473036032,211.82772224316244,39.14154833938768,,
62,0.0400438952012771,0.09948584555258046,226.81663503118094,33.59321864139509,,
63,0.04017582839677445,0.1014192066670666,226.33069027358155,33.44639314844164,,
64,0.04043718403469027,0.09729906663675189,175.98968459551497,43.68102318176105,,
65,0.04028656353302991,0.09980082755829568,209.88598051391526,39.54965593597145,,
66,0.04119482655360981,0.09956902954740889,175.74407640070825,44.597614499799306,,
67,0.04006955119220812,0.09812882130737274,210.9345808957334,37.35698792688697,,
68,0.04016638836472741,0.09843076169779724,200.53437409649536,38.35228736759471,,
69,0.04004525816128071,0.09947154627233723,228.89683637833969,34.57568985816602,,
70,0.04013768132684863,0.09860939245391634,209.09403443952033,39.07552153116018,,
71,0.04040107228195907,0.09832705115894061,192.33802833422766,43.625102337086105,,
72,0.04017889227348153,0.09886280149641763,206.87102970568034,39.067163903327305,,
73,0.04052656612537448,0.09871768893774265,185.0245319303008,41.944230490100225,,
74,0.04062913703462712,0.10036548277739375,198.03996796091448,40.52938766837981,,
75,0.0400912306709,0.09986219219094797,225.80085031096067,36.009039304369374,,
76,0.040802712741956106,0.09957747178366876,187.79805936078316,43.58788963918948,,
77,0.041872902443950095,0.10126935489062529,181.31287062085207,45.23404088408974,,
78,0.04051559214638132,0.10014479061551426,198.03090400804103,39.414536569151764,,
79,0.04123003637150395,0.10147514248232406,189.2153350223192,40.55265090853741,,
80,0.04031781328734843,0.09937919056759813,204.4459833727587,40.6042067771375,,
81,0.040501556992660705,0.1010559634528706,206.89105653590795,37.84720655869364,,
82,0.04005979606021055,0.09819727656259661,213.7405565688968,37.065842317573825,,
83,0.04043428435910201,0.09864987919562235,190.23624818626482,42.11455854941542,,
84,0.04048450607111678,0.10095767761018327,209.46245279292205,38.86778352648595,,
85,0.040529881937940146,0.10089270904894054,210.02123712321858,40.3229430331803,,
86,0.04008937929961461,0.09618060945832137,195.48565724002017,42.96158084076801,,
87,0.040665806487872685,0.10119788268499008,207.14111734858895,40.36481307926297,,
88,0.04415542590335443,0.10266424073359309,164.23325483141332,48.12319009311035,Paste volume per aperture high,
89,0.04086420868032574,0.09996099215567474,185.98998264241993,42.01218423324436,,
90,0.041427334414887676,0.10365917440458852,203.6170928046221,37.257611167665644,,
91,0.04008687829538242,0.09939453984884476,222.78631968700608,36.87644162584741,,
92,0.04001431167323519,0.09660523129087452,213.69087384515132,36.89810030050632,,
93,0.04043458928422987,0.0999704777500004,199.35308808382175,38.95806898285425,,
94,0.041724237210182244,0.10336699857183382,195.2777237473137,38.67027399167735,,
95,0.04156399445278276,0.1011948047335682,181.9477304255855,42.91604347589249,,
96,0.04015264534105856,0.10017962637656286,220.24652813833268,36.19735544362578,,
97,0.041172738119824644,0.1007770803396508,188.55737528424385,43.020374805523595,,
98,0.04127336355775484,0.10160828788626648,188.58425339831936,40.18231284276699,,
99,0.04133274105642635,0.1021994380122044,195.1320598995645,40.29880486417638,,
100,0.04022516821520853,0.09958409450988209,206.1445119267929,37.19401381558664,,
101,0.040749530553833256,0.09943003560593652,186.55910497607212,43.03334770681985,,
102,0.04059092211631013,0.09941481652889733,190.44893043161773,41.74332674077613,,
103,0.04117288551163395,0.10086081420619168,183.89849181627665,40.97363359792497,,
104,0.04064924543679606,0.10095925712168528,204.00940365705398,40.12408744837822,,
105,0.04002644478560194,0.09880912806618047,224.17349017389355,33.09251426060837,,
106,0.04009560197431955,0.09958734413723139,221.45509811086814,36.121149845421506,,
107,0.040294515407683126,0.09919882254096643,203.49233474460456,40.44735440618916,,
108,0.040116496955188,0.09714172385179413,198.07057987913217,41.06357997378395,,
109,0.040016940156609,0.09825062559025488,228.87254058320468,35.14020240907822,,
110,0.04001427550009504,0.09921721716661444,238.10825452658548,32.88173772866401,,
111,0.04010678948505624,0.09869662560066052,214.62285226123674,38.77780483928665,,
112,0.04016051812140424,0.09938136016898694,214.23021737034873,38.31513122200476,,
113,0.04006430552188431,0.10055158955916417,233.51882355466287,33.12362496183722,,
114,0.0405533002043175,0.10002625166433478,195.12370688195662,39.71812203360259,,
115,0.04006518465393303,0.09968684887223046,225.74140918887676,34.64277586540234,,
116,0.04087660177352689,0.09971722507028839,184.8699182875105,42.97395112549147,,
117,0.04025828975698847,0.09736607266942249,185.4598846510234,41.780440666095856,,
118,0.040250116295102806,0.09871677124663167,201.32563844992066,40.575181985120004,,
119,0.040094041938753024,0.09785371637495621,203.120069496446,37.91551798637337,,
120,0.04009491424607737,0.10056326810931132,231.0634525046895,34.74713997971517,,
121,0.04029418833732906,0.0998700874349009,208.4489899398782,38.94313128218769,,
122,0.040262378691329835,0.09974174407089335,207.22475842128293,38.11877688180487,,
123,0.04061674829834787,0.09924255564191477,187.62117222759727,42.05456707839446,,
124,0.040047108793639576,0.10015125887302173,234.72387310087748,33.5843561798922,,
125,0.04051862843273611,0.09794743139091572,177.21461024140325,42.74822735828898,,
126,0.04023917939718711,0.09788972137244246,192.51512170724638,41.08003530860631,,
127,0.041146796296882567,0.09913519953853658,168.83980098392027,43.68410854508329,,
128,0.040470675292389076,0.09981466532816381,192.0173848798841,37.93475083594755,,
129,0.041301511701766665,0.10265271128483143,200.06275525689745,39.502746284755254,,
130,0.04128428195251762,0.1013235095487185,192.8888428235496,43.20035780119826,,
131,0.040707948194350294,0.0987716223696701,180.81961741570979,43.512809081613455,,
132,0.040001615385586026,0.09572745755674517,225.52172571115122,35.95078662844536,,
133,0.040938239140624194,0.09961159029186423,185.52893408362206,44.58443717124474,,
134,0.0406467094903537,0.09976156161624775,190.25513718928727,41.012835392255084,,
135,0.04103116630023718,0.09977290484821828,182.2027135286587,43.871773448350076,,
136,0.04072017723531394,0.09916744523355417,185.1749325229897,43.33882398304017,,
137,0.04051925084171604,0.10270972888792466,217.22976072558774,33.871507586237215,,
138,0.040254035161358476,0.09776154492117468,192.95112986226903,42.36932511038775,,
139,0.040572407014729306,0.10066080623976802,200.41398699036762,38.88897033098925,,
140,0.04130894387212981,0.10244973572375576,200.42949687972308,40.6956295913648,,
141,0.040450337651766644,0.09844474309630578,190.6361744312017,43.61394392278699,,
142,0.04066414340375373,0.10100138588778015,200.23294517807216,38.84781353013334,,
143,0.041600966277449455,0.10263466030434956,195.6676437141027,41.16556358958911,,
144,0.040202696195952646,0.09993008737624522,214.8395558386756,37.72309371846234,,
145,0.040062107426965365,0.09801399305600852,213.3254555279514,38.04080977093992,,
146,0.04089934833793301,0.09953214560218718,184.51589775470816,44.06792517224858,,
147,0.04001666128148173,0.09759413701167599,225.77750468246848,37.13684148606095,,
148,0.04365567320622459,0.10129803395546366,155.70386995293075,48.83731781680771,,
149,0.04003677907735673,0.09885844203331356,226.91447657673774,35.6405197370531,,
150,0.040009271247157925,0.09840945541872205,234.22765739411966,33.36533692418189,,
151,0.04053311059206427,0.09956516997125314,192.26069149099445,40.535026783922476,,
152,0.04035234214295101,0.10093788582993965,215.3605031513239,37.88587323922002,,
153,0.04018730221510138,0.09738858537370004,192.27626947870036,41.404356529426074,,
154,0.04140229470897805,0.10093522686312321,183.698314276401,43.124798021485844,,
155,0.04002406514040369,0.0974528903830091,218.96468101205568,37.30505592072725,,
156,0.041844967760764816,0.10132030812896738,181.59904982899093,44.839117618583,,
157,0.040465421129936834,0.10171718886056816,217.3264977638094,37.55769930374207,,
158,0.040374217965068605,0.09881345452857572,195.97672349504526,41.885102105197745,,
159,0.04097349145175282,0.1045468664528331,227.34210392284217,35.97323743053186,,
160,0.04055669915282207,0.10025125686748831,199.62349627106443,40.28524816905184,,
161,0.041495293655835194,0.10035532542763165,173.39187265720614,43.26018210212914,,
162,0.04074632653005185,0.10224125876486499,209.6133099665999,37.53451157559892,,
163,0.04144211843030417,0.10052521570036453,175.90513586840262,42.776167909760844,,
164,0.04066809556502864,0.098817137564588,182.36372772700605,43.16402420235351,,
165,0.04025964296494007,0.09801298543260166,193.03609175337115,41.37355464988445,,
166,0.04069256953070666,0.10084194186136954,197.84292925850554,39.259937642308806,,
167,0.04036787081735133,0.1003167089446947,203.95676991065724,37.27367124295935,,
168,0.04141889488118669,0.10092470122633543,185.56919330712034,44.0119041709762,,
169,0.04007474984834263,0.098754266661484,213.7862208634678,35.80491390833032,,
170,0.04120712957027511,0.10106406653554756,187.72862226255836,41.747641822228864,,
171,0.04034016055376735,0.10062704554745214,213.7566302897351,38.49065377646996,,
172,0.04002717474549904,0.09668650645565886,210.84392918840484,38.790998711453895,,
173,0.042979933003070285,0.1037489719236901,187.42352093619098,43.907669482007954,,
174,0.042008161138748494,0.0999711295292904,161.86998508255596,45.823885647231855,,
175,0.040793157534017105,0.10039841650947111,193.4374578876756,41.46505545489966,,
176,0.04018297332888017,0.09820583296312584,202.1682631364925,40.76029896514186,,
177,0.04114056381608512,0.0976704025887012,162.23192314471078,48.354159072476385,,
178,0.04028390111570538,0.10031875527632261,213.16122421087383,38.11979122266377,,
179,0.040607476966467285,0.10046378085684313,204.17126984969863,41.824478973541815,,
180,0.04111638681906172,0.10061535121355816,185.60593187790215,42.07783008373615,,
181,0.04070235089182488,0.10122543511945786,201.94759553228926,39.01928031885601,,
182,0.04073236654518919,0.10117813465207744,201.69770127238692,39.653043670799676,,
183,0.04049355355515224,0.09949322419147374,192.8418179132412,40.27154997863657,,
184,0.04043519802894886,0.09835706745941539,184.567398603173,41.55012556075457,,
185,0.04280093498909868,0.10241685265782847,177.10070929413,45.473824985393094,,
186,0.040964974063095655,0.10008180567024612,186.0093765166974,42.84684765417394,,
187,0.04057936161653937,0.1004787874161232,199.0750709648556,39.42852911104094,,
188,0.04140001551518917,0.10166947250497455,188.9396351209344,41.402437234604974,,
189,0.04041343297145925,0.10032985912966605,205.92007764811763,39.040545115820095,,
190,0.04095783664130434,0.10012113658006296,186.21781586306793,42.633643149267996,,
191,0.0421724510978068,0.10113518649490565,172.28132370791369,45.241159844890774,,
192,0.040503900887252815,0.09991123523618511,198.78143988625217,40.56548757847394,,
193,0.04123978556430649,0.10054997939165941,182.52031545758993,42.77268543447185,,
194,0.04225021640660513,0.10038422793995784,165.73391412723137,47.18472200407725,,
195,0.040039210415855536,0.10066986375340979,241.32495931143671,32.33841546107132,,
196,0.04012023293849768,0.09852283476996512,208.22808258619938,38.20055733410283,,
197,0.04188742119407063,0.10041140248493506,168.96995554276253,45.15283586631601,,
198,0.04001281100144173,0.09903799373986748,233.26208010120263,31.512272451935807,,
199,0.04072365465230594,0.10173646590994344,207.93835733282782,39.01572968195154,,
200,0.04125966728431861,0.09930330048511342,176.50097034228583,46.89972937071684,,
201,0.04008004227213829,0.09791669879224797,209.70764862118594,38.858739226130766,,
202,0.04026768546818651,0.09960740513824676,209.5378153379337,39.758915596206535,,
203,0.04033204518828289,0.09790088402044286,188.2694007280088,42.443461950976946,,
204,0.04021949147200638,0.09901883008538089,204.3976554659438,39.095882454466334,,
205,0.04062315633250399,0.09996027341958723,192.2082524482997,40.32167589461955,,
206,0.04027723586756968,0.09987553636758702,212.6814060587173,39.881162919426664,,
207,0.04092164228607547,0.09981576248810185,187.16019623752368,43.94372934257041,,
208,0.04248950486198997,0.10418170010857436,193.233591404264,40.387821421663574,,
209,0.04054368417927887,0.09910635420671639,190.56060719451355,42.36298391228383,,
210,0.040897044014647464,0.09915254214159087,180.92691561012663,44.602939706096414,,
211,0.041003399101337684,0.10149858810807491,197.70683495593497,40.64208618644839,,
212,0.040147898043407584,0.0985706465735934,208.2757310757057,39.50839902778025,,
213,0.04064768345185439,0.09784297033723971,174.75842574393587,44.83156121619224,,
214,0.04103631059605563,0.10435596215208445,220.46664945412226,35.29689688091088,,
215,0.042551984604471745,0.10383876278885606,191.171544795255,41.781764234683244,,
216,0.04174158203770822,0.09878316624135132,158.9909797215692,48.17496737198793,,
217,0.04003058095060281,0.10059854098198184,241.52630429592475,31.359073389525136,,
218,0.040397530480682085,0.09951874844170258,200.96468157968445,40.82435715822085,,
219,0.04086546719217561,0.09943906689151022,181.65229641021347,43.02156519241038,,
220,0.040324306935830945,0.09984824084699809,206.5871639657406,39.27980428875744,,
221,0.041077672544664795,0.09856301720188958,165.7230555431627,44.496094695359005,,
222,0.04176023918628633,0.10393515433904828,202.08744892738304,38.663006065166876,,
223,0.04036718888281325,0.09988897139521387,202.39171917193855,38.77029171862241,,
224,0.04001525936976147,0.09620252754383182,208.36101403990637,37.27819120728693,,
225,0.04028759526831724,0.10073219965531481,218.0437773458595,37.96034289793085,,
226,0.04009556553493754,0.09891040886135749,212.3461686876883,36.17500854771213,,
227,0.040653053230130555,0.10154950379041724,210.18103355931873,39.51680194573061,,
228,0.04000506443304462,0.0976863390901139,230.31326705431815,32.78950498037601,,
229,0.04006119440440305,0.09700555009041975,203.82361154139102,39.46799204313175,,
230,0.041454301764226514,0.10084110559337105,182.37642116129018,43.66051714049864,,
231,0.04036603239078892,0.10222421561022269,223.33755793986944,34.848244647623495,,
232,0.04070961740772666,0.10066808612275657,196.96714071327804,40.075451233444426,,
233,0.04101941922036093,0.09997150868906302,180.3231873286078,42.09630913910205,,
234,0.04012080867778886,0.09777589113063113,204.63404681359552,40.575546855186644,,
235,0.040736252436158554,0.10062650827186746,196.99339019278727,40.72116731012007,,
236,0.040672749163039715,0.10034816469066242,193.82487040464122,39.89103045821279,,
237,0.04164207761783878,0.09944328932000551,165.37350854505954,46.2949976130876,,
238,0.04149490652136114,0.10241818487966202,195.69002958536953,41.157573477323766,,
239,0.040082461857503526,0.10137641904121227,238.04110448297598,32.336970646377665,,
240,0.041770798432141196,0.10023198564014474,170.23601728998597,45.41332780961798,,
241,0.0402642496794225,0.09816375474361232,195.30808927073167,41.59992403814542,,
242,0.0406350469448358,0.10058446125325038,198.19210069329995,39.630828600231396,,
243,0.0405458930311735,0.10139306270437269,210.0443437883432,38.23343842451311,,
244,0.040604985599842366,0.10105893867515472,204.42914658394625,38.99408215383865,,
245,0.040614308893800535,0.09965975273390805,192.0446259965166,41.555278650580775,,
246,0.04212572444200478,0.1034683902217017,189.18421326537026,39.550128540549366,,
247,0.040047431881149016,0.10018929129981882,235.59650186326542,33.749040309332074,,
248,0.040387366471971387,0.09918284122055053,197.84387606523816,41.09330579759283,,
249,0.04073408746892472,0.10106894248938862,199.58185378173667,39.46188791299814,,
250,0.04021089157611976,0.09902482341185814,206.5755185352923,39.50508285564432,,
251,0.040035290219147035,0.09943064576337005,233.52827216868383,34.97618721083802,,
252,0.04105069481625154,0.10106751849012784,193.70386547698473,41.926469691074026,,
253,0.04156001543532947,0.0998721585222064,169.65703079684454,44.9299551783685,,
254,0.040251534309510055,0.10083463826762293,217.93483639525115,36.25200401194442,,
255,0.041004826388072804,0.1007759459285481,194.16018008664676,42.900889787783015,,
256,0.0400682204636959,0.10031892809451956,232.59409768701826,34.295092072173475,,
257,0.0408556711561982,0.09949871777747982,181.5017408675942,42.537508126480006,,
258,0.040517067896981146,0.10101409042666223,207.3453726606733,38.531504757672714,,
259,0.04001387436928491,0.09807237584049505,228.8231388103022,34.997624765162456,,
260,0.04260187515718637,0.10254989031531163,178.0067388419106,43.72983635971621,,
261,0.04072227617320362,0.10050761056264665,195.35325468653542,40.48966694688683,,
262,0.04009975663202871,0.1001945501525904,223.44056271485627,34.17948412759063,,
263,0.04046852250751524,0.0981985398832249,183.48470166171097,42.68505418817132,,
264,0.041661843534543254,0.10162721506276207,185.33139435927325,42.975638514074014,,
265,0.04206046575358725,0.10014851191030806,164.16616884095583,46.21965337038098,,
266,0.04057401779125787,0.10117067826694956,207.17090463940877,38.84055627084877,,
267,0.04058328936568385,0.09967182983095815,191.43415418747003,40.705596821602896,,
268,0.04089667689884532,0.10180950037733084,206.40874117075546,40.752064618570934,,
269,0.04019003548162779,0.09789102445455958,197.17106863092528,40.81976355352605,,
270,0.040604183045490204,0.09976090536228255,194.0736477180794,41.59673323030438,,
271,0.04158005771487528,0.10177805088002363,187.7511833988778,42.305120349391224,,
272,0.04001880112005237,0.09862776849421274,230.0036648758068,34.24356890984825,,
273,0.0400326871706647,0.0951546544139496,193.5836206904119,41.112381615840725,,
274,0.04003525393413678,0.09771267032731805,215.5114612978119,36.91344215921981,,
275,0.041577949868889304,0.10438030480584225,208.29887127576131,36.96185690985971,,
276,0.040840056103465125,0.09910392642496481,178.05414039032968,42.998689677527786,,
277,0.0405759432573002,0.09883140335563795,187.59233510886918,43.27109664032232,,
278,0.041724924284362454,0.10189787737870876,183.47552505924668,41.610292505677556,,
279,0.04000783427109017,0.09820036635622868,232.13848422653044,32.86953192724559,,
280,0.04053699147298601,0.10090998419422552,205.62170721860883,38.829876686001,,
281,0.040242287942290095,0.09706363363081426,182.21775062241508,41.54768584055503,,
282,0.04111837720813037,0.10167025763529221,197.85054212655461,41.326124611922715,,
283,0.04002557997586603,0.09808503055643493,222.26179000142614,35.73851717272149,,
284,0.040203512820943955,0.09970660952787122,209.97772767213232,37.12002887894505,,
285,0.040178709413961546,0.0994929285862228,208.38714765900357,36.54959493619182,,
286,0.0404466468756211,0.09768392471748544,180.21371879988644,43.52860484399794,,
287,0.04154029948756954,0.10103270553291603,180.70259542606766,43.023102788488394,,
288,0.04096034557260035,0.10070998512090364,192.89223377160005,42.177790377385996,,
289,0.04022557088729592,0.09940113759850318,207.35961287806182,38.521683843302405,,
290,0.04294505148015884,0.10102293042026253,164.07060460429074,48.602598780089295,,
291,0.04014382557989967,0.09961883146678258,219.93610235670042,38.34899774789826,,
292,0.04107825286560855,0.10117637760788702,191.97400390964106,41.13976615202977,,
293,0.04057007534571961,0.10049362672532978,201.04096254551538,39.87324362483254,,
294,0.04220863765998804,0.10278136568311148,186.65561077460166,42.65246029323029,,
295,0.040412066539195726,0.10155304717398993,214.92228981628972,36.27439045952002,,
296,0.04006939946573233,0.09965521246341916,226.0025854190566,35.28513262546112,,
297,0.04003393595037468,0.09819420999494063,220.52802866140746,36.1432549938249,,
298,0.04138294489667889,0.09886660334422123,166.14292199055134,46.71790906007119,,
299,0.04018914985072429,0.09988980282378455,214.12487449834512,37.10753799583563,,
300,0.040665262552595415,0.10018978984067316,194.1319874542632,40.63564458609967,,
301,0.040019354057404734,0.0995840939946722,235.7434193975352,31.796225368457925,,
302,0.04191351824633377,0.10288617029440729,190.84785684854165,41.14590608103339,,
303,0.04148671938020516,0.1005355600557113,179.45889309963226,44.44233150802028,,
304,0.041003925383873985,0.09954813122219325,177.3968652634822,42.9061455959851,,
305,0.04098642350202055,0.1005083454066087,188.9324301143285,42.10534724146891,,
306,0.040172568153864927,0.09920967473053145,207.08214303642123,37.18315271105514,,
307,0.04000136231684061,0.09584227770104423,228.37020226072826,35.756964538291214,,
308,0.040047542290785366,0.09713593581905294,207.79088058916847,38.70373892336037,,
309,0.041773814493838955,0.10358531336535123,199.4354177389507,39.542671094417685,,
310,0.04125053445243223,0.09879465841889037,168.04340046746702,46.26862178097077,,
311,0.04023689392787396,0.09946536284114986,206.62067961923808,38.36307643174442,,
312,0.040294257243786706,0.1000300021940675,207.4112553566779,37.8064267700894,,
313,0.04088184925854803,0.10082861724160788,194.3414177862843,41.02171993318314,,
314,0.040500035591327394,0.10282546599040722,222.47018268649074,34.76312406692883,,
315,0.04323651925496509,0.10259387588438326,170.72986147137712,45.28422964861171,,
316,0.04097927156083458,0.10305888511126778,211.07532030282204,37.500121843092025,,
317,0.040444260453405094,0.09738717749902925,179.6088945227409,44.6946261238028,,
318,0.04092059332929675,0.10157278481296463,197.85361620479625,39.21327574158129,,
319,0.04118397558309676,0.10321475897293854,204.8150585626955,37.11291020177996,,
320,0.04032125230840174,0.10013494534443802,203.35080811265442,36.66530284721349,,
321,0.04211422013329152,0.09979752925749463,161.47085295788952,47.412153036499895,,
322,0.04019400906591202,0.09784318284978442,194.47258136341043,40.26484146571273,,
323,0.04100798672539907,0.09925795042206703,178.0159388038288,44.580056128228776,,
324,0.04044864192538178,0.09915083822968515,192.25589096495517,40.73560595011848,,
325,0.040227597216140366,0.10024878707938521,214.04532821590595,36.86026933973441,,
326,0.040768088946231046,0.10128909338204871,196.81172545835594,37.96282703775368,,
327,0.04002571660026156,0.09895481255816066,225.78888215171696,32.80914719523375,,
328,0.040080592065207005,0.09963284447471042,219.80377022644475,34.17463848708479,,
329,0.04125361508057245,0.10023177917956437,181.11730651702757,43.973613408965846,,
330,0.04000194428041522,0.09629825865857784,231.06387866611692,35.86092283602989,,
331,0.04119398199854445,0.10229566189356795,199.82403424607824,39.910695747884276,,
332,0.041152376024166645,0.09886345571746305,169.55366335553745,45.316325170989224,,
333,0.041842470178511885,0.1007023970345403,173.58066926547224,44.972770797383426,,
334,0.04062347942846796,0.09909022062031893,187.06090423308018,42.71491088919761,,
335,0.04217795500935232,0.10154388746245274,176.17522913117685,44.68522766172395,,
336,0.04045655706539231,0.09927060867275708,193.92501704077466,40.92403309771861,,
337,0.04097395591848553,0.1008852027570375,192.19115946175899,41.267573269671416,,
338,0.04035756019567491,0.09973572776146208,204.03065337448677,39.835633135810404,,
339,0.04181662375850713,0.10368539959455213,203.82308454417128,40.99830813429713,,
340,0.04032428422225639,0.09968332060811952,205.68133175875906,39.756343602501815,,
341,0.04131240335277326,0.10193243789122584,194.57402104137807,41.167244249105224,,
342,0.04218411063595625,0.1010723075688684,171.1198779668059,45.22978278233474,,
343,0.041051356405008184,0.10067920703753071,189.26531186438598,42.244884642359736,,
344,0.04003685700682485,0.099172396123157,226.19201351195738,33.880712863771,,
345,0.0400116046367315,0.09795765897274997,225.65693334828933,33.575165479139216,,
346,0.04238471512487683,0.10211087465713646,180.51540072460415,45.11014952240428,,
347,0.04000624910709637,0.09700244398509725,228.93008542485217,36.51808128807535,,
348,0.04162833902382937,0.10166410138795047,188.47003824260787,43.58200008422905,,
349,0.040100881544460405,0.09765131259979934,200.3560038741707,38.39889096406706,,
350,0.04027767376138491,0.09969514797174099,210.78134408822308,40.09621789089937,,
351,0.040468485596994945,0.10156042494878648,216.074568739373,37.940839113880656,,
352,0.04008435124480647,0.0977117147379848,204.1236598106959,38.22510663714573,,
353,0.04000782756997352,0.10004874191771897,248.29617187447286,29.6365770197813,,Ambient RH low
354,0.04089159373101609,0.1004765526288749,192.72391554022963,42.29119483782881,,
355,0.04020344699902668,0.09572228555118394,175.5207851934376,44.20931808474729,,
356,0.042141446859460585,0.10412207318668602,193.50344859652893,38.0451619981963,,
357,0.040664748207255394,0.10011682711721437,195.99364787495892,41.6361779124037,,
358,0.04222370598675183,0.10254449509232705,188.40419836075677,44.534971096301916,,
359,0.04061900719211698,0.10127068889892565,204.99826887019324,38.428303552458345,,
360,0.04012150962370642,0.09930193746037425,216.38902702703953,37.391846567806056,,
361,0.040241675819673,0.09904840740823222,200.13477102249578,38.258820896300236,,
362,0.04222884960094386,0.10195047407482426,180.6490828215197,44.7097426555164,,
363,0.04017300503844225,0.0969153052388028,189.52984733621255,42.0947463206102,,
364,0.040066265538695536,0.09877186158466612,219.36872671678714,36.91872341614551,,
365,0.04256554407471596,0.1035367556469246,188.16296833401637,42.27925491142688,,
366,0.04033179963089995,0.10014554570019694,207.5169812776548,38.38312291419827,,
367,0.04032306252137983,0.10003371920603026,206.39243885278609,38.27945605641664,,
368,0.04113345054994967,0.10183028647004957,197.56150760571597,40.63542245915107,,
369,0.040032015410121954,0.09912968746680477,228.17778795406645,33.998586237160325,,
370,0.040580878754920134,0.10139703312947398,208.58460571719058,38.37630524150762,,
371,0.040779628243347035,0.09986029165886266,185.26842495762776,40.97330103466617,,
372,0.040449529148612766,0.10274775468866922,224.2090768001723,34.65205503178787,,
373,0.04077901245214027,0.09960838542413869,187.35741284975094,42.91793753512911,,
374,0.041115047924437695,0.10226421431111594,201.89972216569961,39.84423622155395,,
375,0.04016386296367615,0.09874494454680739,206.44163937673937,38.80048502452916,,
376,0.040475558139228464,0.10153850867492455,215.95953559944746,38.16072629130347,,
377,0.040725504338289996,0.10114300356008267,201.10251406955334,39.50116816206112,,
378,0.04160221293696509,0.10332809872144041,199.64071557388525,39.229345686126635,,
379,0.040864047821596895,0.10079002834732965,192.70452274517368,40.37362185096988,,
380,0.041650198684018494,0.10160125462606637,183.6979524900795,42.41291604460067,,
381,0.04140070179252933,0.10228053842549986,197.35997216293836,41.428565194215295,,
382,0.04015465348402164,0.09817175173002841,202.49783838574373,39.734978695536206,,
383,0.040353164401219936,0.10115858906406817,216.7930280985129,37.3470726868056,,
384,0.04108548580490714,0.10096896008111617,190.9781973070138,41.881346431130574,,
385,0.04003716288495278,0.10058726545204512,238.22041865606064,31.335974427992895,,
386,0.04030048822135338,0.0979917941076199,188.96659484426948,41.334612427315,,
387,0.042059341287208826,0.10096601944183858,170.7661143293234,44.58925154077289,,
388,0.04127685074376499,0.10064935902706235,186.16280170061214,44.00040336056784,,
389,0.04012936485164514,0.09988551256840188,220.91603491293455,36.62349337450021,,
390,0.04065109886100772,0.10228498082733925,214.471186854929,37.44289420185551,,
391,0.040210394335211126,0.09899330058598366,205.14237445153412,39.1322845056336,,
392,0.04023943430740421,0.09909249374816927,199.55960914734473,37.763567693473206,,
393,0.041575324875063845,0.10095991162390144,181.62932122703322,44.051014595124855,,
394,0.040419280857760184,0.09968866602559132,200.29841036012022,40.2943457555234,,
395,0.040295915798463484,0.09882136039859435,196.0529005037163,39.6886721199852,,
396,0.04148473625681384,0.10405594225331989,212.07011165689744,38.920312732744755,,
397,0.04032711309492958,0.09850631206030601,191.34287304179455,40.463956624967075,,
398,0.040307948046702506,0.0997494547441356,202.93205005363097,37.99273126517605,,
399,0.041382650794352924,0.09925970454485351,171.21775392079851,46.606173195603525,,
400,0.04001286204464571,0.0992977242085692,240.3731659003758,32.785756136105796,,
401,0.04010256351435831,0.10118825405660256,235.79953882337705,33.93094773427734,,
402,0.040003982694227815,0.09990793703152494,253.22660753628227,29.124478529627297,,Paste viscosity high; Ambient RH low
403,0.04015849616647326,0.09853932596100932,204.2966566787833,38.781098427989775,,
404,0.04026611699192609,0.10000848609420979,210.16381779227115,37.99054373807201,,
405,0.04050854518063681,0.09938776339807538,193.87045164247536,41.45848605713861,,
406,0.040169265049846,0.09738278120674643,191.38671485768762,40.320863034566834,,
407,0.04042934661350196,0.09870422376436308,191.9245539791179,42.332895469235524,,
408,0.042527139945016876,0.10082084965713313,167.35586581317818,47.775377256133254,,
409,0.040598881934775004,0.10367726509316386,229.80721089564128,35.185543659668106,,
410,0.04014441125047797,0.10082617406264416,228.01098046207062,35.39539072995751,,
411,0.04047792268347463,0.09960115313728267,201.17666707755805,42.35617248800541,,
412,0.04018801415353665,0.09955493759980719,209.41418780069444,37.01511364420041,,
413,0.04122363202484418,0.09970046531952668,178.18636723201493,45.1611870864882,,
414,0.04093279198084808,0.10079505791826227,192.8564732947783,41.37692277639364,,
415,0.0401544534192441,0.09887045351592728,207.93652296134707,38.268420774096704,,
416,0.04090105660683955,0.10054484791257919,188.92748324082064,40.7558540523388,,
417,0.04060979810338913,0.09849520373270355,180.11424338975198,42.88957950146328,,
418,0.0400373216715857,0.09821536701375405,222.59578469954693,37.30680359869565,,
419,0.040044783395407145,0.10108140678540702,245.4522413659218,32.57736330401029,,
420,0.04131261552265632,0.10213453129818377,193.8729355310484,39.945792181753056,,
421,0.0400681785056969,0.09648343866486578,198.2247703976755,40.69492032113054,,
422,0.04293724320882736,0.1044014752049976,189.2898134875628,41.12489762937422,,
423,0.04027461670214316,0.0988031121614324,200.03906201318213,40.51781750968584,,
424,0.04006126001859066,0.09916277539497668,220.33787271899052,34.87917579497677,,
425,0.04051535545452672,0.09969610006767153,198.42917273588355,41.71806742288815,,
426,0.04038869838416219,0.09793825525279465,184.60073192314022,42.46698065273847,,
427,0.0404873784635795,0.1002764861645454,199.88436910766453,38.84079125500925,,
428,0.040479049181672784,0.09779169413310385,182.05272655248797,44.374953490685314,,
429,0.04155957937894927,0.10084274653634326,174.812783708064,42.05543918619173,,
430,0.04016151453996112,0.09894095405554393,209.03875342419173,38.65866481779006,,
431,0.043125469103873194,0.10210949733915864,165.19287148684745,44.95094660855152,,
432,0.04472508452780436,0.1041913105551899,172.9406551511272,46.864441049913765,Paste volume per aperture high,
433,0.04028237541705534,0.0990198893648354,200.14479546278622,39.75440800443265,,
434,0.04135153615505963,0.10385902678155357,206.9684031843949,36.662730104121806,,
435,0.040155917496006714,0.09785021421292744,197.33382098349205,39.52833113220709,,
436,0.04080703290012223,0.09937351914600576,186.3297218434373,44.12095753024538,,
437,0.04000686510376868,0.09817360452384429,235.52850167902548,33.60336142223841,,
438,0.040303675306095195,0.0982512687913143,193.6030596721378,41.81250212316573,,
439,0.04005909746281271,0.1015817346208768,247.06435277842618,32.3996052199264,,
440,0.040439679322651724,0.10013398415281481,203.6080100256836,39.7868393517133,,
441,0.04119333452252016,0.10223354415335222,200.25177389153419,40.35411891711313,,
442,0.0409659959997422,0.09879191034323405,173.66915499949724,44.73846245424555,,
443,0.04038274595493249,0.09875164094903938,192.71517394204182,41.25048343222672,,
444,0.04205750077849561,0.10249055512541283,186.8564280429445,42.88557107073342,,
445,0.042160517896517466,0.10226616289457442,185.45025455503313,44.32640852467459,,
446,0.04274974911245705,0.10327370257523402,179.75670947711012,41.91162297424749,,
447,0.042062317741677874,0.10289067117537425,188.80576901453384,41.68068871007379,,
448,0.040285461809514644,0.09850166164111744,198.01258401674818,41.60262236220904,,
449,0.04056478657807985,0.09941149325102684,190.00472925712086,41.10551995363564,,
450,0.040441033873729236,0.1023137569606888,221.2453372729363,35.50977024463818,,
451,0.04122345222745706,0.1009517237248795,189.36161747892072,43.05690029070324,,
452,0.04403655657831432,0.103335816769734,167.68111288262588,45.42962358414266,Paste volume per aperture high,
453,0.0416387658447264,0.1020314196824701,188.75732506985554,42.00959339292788,,
454,0.04131044325313711,0.09984738066319375,176.88049013943476,44.9761629153357,,
455,0.04095805455196146,0.10000995473961762,185.2305068898418,42.82540033039425,,
456,0.04025407074228325,0.09949263307450772,203.54196738585026,37.743802787380446,,
457,0.04035461538360831,0.09898062278250361,197.8620956958865,41.228853516473784,,
458,0.04014948800588614,0.09787789855767472,196.91764130864263,38.92823293337328,,
459,0.04015582795227519,0.09730140490862287,192.0449717510801,40.30931892294033,,
460,0.04046454191150941,0.10032076610338685,199.17938169789628,37.88175275838087,,
461,0.04005564721103249,0.09710430122755773,206.9697608146794,39.51489230813424,,
462,0.0414166292856225,0.10209787348956353,192.57106651542747,40.79040456454263,,
463,0.04021116805386596,0.10006108845598427,211.55160098772606,36.26496487935015,,
464,0.04069405864858504,0.1009694894732758,204.5657617300005,41.040948560804765,,
465,0.04004116815865684,0.10144717875617838,245.48199258277043,30.330185004852503,,
466,0.04173779577000523,0.10259693350921897,191.69721024434963,41.25408387780386,,
467,0.04237815822594674,0.10350616192003878,190.23398908962184,41.74762417804824,,
468,0.040082238503898415,0.09995906858199448,225.92440493857023,34.89152740957323,,
469,0.04086289719022709,0.10061829098091672,195.05881943426868,42.017387937595,,
470,0.040038782072424256,0.09797961132077622,215.67826167956952,36.223854379905845,,
471,0.040587664848658674,0.09662495033284522,166.2027466068035,46.60602577399098,,
472,0.04054649763726758,0.1016231435201045,216.26120445578815,39.327427763692874,,
473,0.04007012155856078,0.09946145968818036,225.44458137544763,36.09048259170623,,
474,0.04064976267476484,0.09880714974374442,186.8276250877949,44.46839580663086,,
475,0.0414590022156089,0.10117206457427334,185.09829075861643,43.0707834308978,,
476,0.042532503775332034,0.10163182538139416,173.94990221864623,46.223693825463464,,
477,0.04026669439531072,0.10098200617637758,218.66777576177032,36.30661091355464,,
478,0.04017042444240049,0.09953037417682004,212.86707182574239,37.57739865376047,,
479,0.040469750244814764,0.10065159134271356,207.89475971148386,39.473333568986796,,
480,0.04029679638593328,0.0994233367372743,202.69620130524152,39.151118936923886,,
481,0.04118760937181947,0.10056246081202988,188.9947036473971,44.388235301501375,,
482,0.0405146384573036,0.09918101546081583,190.54832682835826,41.41112453569396,,
483,0.040119719062678784,0.10075748697480646,226.16606138717154,33.702633389385674,,
484,0.0427107490604283,0.10380776933366907,188.97708735720425,42.30818495228793,,
485,0.0400534253330863,0.09970729426777679,226.91936702099002,33.729761305856414,,
486,0.04014861116621612,0.09834735528750116,205.45935896877867,39.62969160636278,,
487,0.04050255740349548,0.10060701070144416,206.34775443912363,39.84558146533965,,
488,0.040082826610775314,0.0990257369559124,217.6284959573804,36.520768297135355,,
489,0.040798161292029046,0.09973055704384311,187.95474164883564,42.833983174735764,,
490,0.04260231081989891,0.10126989416851552,166.47158168610952,45.84706629954592,,
491,0.0406987694982749,0.09863939285008977,177.68790976627474,42.893753528392345,,
492,0.041386963434126796,0.10276986062081069,201.36746213220886,40.331637990985186,,
493,0.04074846770607091,0.09982048209231195,188.87009530248955,41.94537300298225,,
494,0.04041197965074623,0.10101106107794523,214.98793296451748,38.91409123891811,,
495,0.04044429537383676,0.1006451857535158,208.00772498943877,38.97505244574899,,
496,0.04016156426098266,0.10003071131332747,217.72345826224685,36.46031638440518,,
497,0.04026410469584949,0.10078466063777229,218.80577559952235,37.223529614954174,,
498,0.040820016150952695,0.09992162842647685,186.8697373612013,41.859597141691395,,
499,0.04024610368881663,0.09829519982307139,195.76294624478643,40.51039771147699,,
500,0.04003743680671338,0.0992910209212062,224.54949057614175,32.816639233410434,,
501,0.04054386107835689,0.09923548238882343,192.06921644052585,42.2749316197744,,
502,0.04087624452275809,0.1000020016976484,185.76560548825444,41.90895163227419,,
503,0.04006693980040383,0.10046686162679823,234.91293375074935,34.278277182478725,,
504,0.040367056035741145,0.10140149621008965,215.41950657671424,36.05599669285769,,
505,0.04123982304960379,0.0997116254496655,177.56406989498277,45.074793130844455,,
506,0.04008483042822667,0.09777636014719196,207.39700518398288,39.10544798902543,,
507,0.04218574087566871,0.1012479771152736,172.26243870507548,44.79740267955932,,
508,0.040625353410193736,0.10138856688260892,203.6294306539523,37.49055375607894,,
509,0.04009058634473851,0.09873437838099597,213.29132469808164,36.99617676606417,,
510,0.04006434408227365,0.09748259233242122,206.4437699655017,38.40165742655203,,
511,0.04020621697113177,0.09783446998139674,195.91980801920266,41.312580227950534,,
512,0.040296427694849236,0.09889191782495142,200.09036003493657,40.78799410416106,,
513,0.04034690790938603,0.09992755150543571,204.5078054441935,38.79116982436405,,
514,0.04010332649096838,0.100199392335641,220.8004406505841,33.467453643831995,,
515,0.040369414606883904,0.1017548805499253,221.4802474992464,36.54856210396851,,
516,0.042778652831118244,0.10485022061764797,198.32776562536964,41.05108803684623,,
517,0.040226499748901134,0.09783602904544506,195.59237625361868,41.965774979693514,,
518,0.04067313126241868,0.10145849811000542,207.48805604844458,39.354163993612225,,
519,0.04002273234033117,0.09661176806708208,211.5283523004722,38.44515179454629,,
520,0.04025162246750436,0.09863419954559585,197.73549295956025,39.75897799781237,,
521,0.040055085427813546,0.09779351418680668,211.87754452979547,37.854736183958174,,
522,0.040135055757953564,0.09765445773096983,202.60087496564586,41.255925824018306,,
523,0.040729911243207,0.10237653813664023,207.92728294791294,36.021236036048876,,
524,0.040173993181538865,0.10006069274800042,218.4968202335624,37.16355836528837,,
525,0.04035867423560421,0.10114790009377757,217.79467005285647,37.899005976877376,,
526,0.040683647100955,0.10149767157571439,202.57862726790404,37.61199233347451,,
527,0.04070249451105018,0.10099107677818489,200.25941588943115,39.55829387566169,,
528,0.04062048125518151,0.09899902769008646,183.02871064249956,41.67846906325524,,
529,0.04107917576291901,0.10079919950863513,189.28475763690923,42.02479761062271,,
530,0.040439766230567616,0.09911037442992793,197.52515512967952,42.5880457891365,,
531,0.040424408307442795,0.09848743677792238,188.09845501516463,41.91445940383539,,
532,0.04031921576027905,0.09826189230311137,197.9865631422035,43.76366740030164,,
533,0.04007770617917736,0.1000461234738925,230.54057387760116,35.72746244758434,,
534,0.04031777898722356,0.09765294132092386,185.3538160344585,42.2067859539648,,
535,0.04086753873812112,0.09980561295257294,186.19125964832983,42.882249813900714,,
536,0.040336451171988176,0.0999479444247188,207.01807122843283,39.29148237796527,,
537,0.0408134995799541,0.1017777971241807,204.72701335604953,39.0943031826285,,
538,0.04064817488391022,0.1001676590433858,197.1424674181902,41.50682859876003,,
539,0.04016013263932484,0.09949344060063146,214.51489563362497,37.85560405244336,,
540,0.04039866743898147,0.09903700983434599,192.68810107900043,40.259411777119105,,
541,0.04004929824530309,0.10065442049248327,242.02947443507495,34.00146763580174,,
542,0.04002038667576098,0.09744670138356834,219.1879448356012,36.548101282008645,,
543,0.040433614764645485,0.09774173019803008,182.15565923170664,43.635477369155915,,
544,0.04123662542078558,0.10144432994142935,193.98393923899863,42.460256506652236,,
545,0.040964726892428756,0.09826979801129995,169.7288689458489,45.853544569467765,,
546,0.04023467500052806,0.09939653514656159,208.3820492765862,39.2374753596174,,
547,0.04180560902319944,0.0995216966948581,166.700475250111,47.91624896563245,,
548,0.04215695131032399,0.10153617368882244,176.64326177773594,44.7166302146618,,
549,0.04069361321789738,0.09839334928225371,180.94201562679245,45.1442982325669,,
550,0.04093180633629355,0.09943411286120347,182.36372964561093,44.23628018292572,,
551,0.040999447776598086,0.1020700769411048,202.0390538375535,39.35743496339209,,
552,0.04040809881174449,0.1005600918487139,207.78602310215453,38.4581130097481,,
553,0.04022774797050943,0.09983924344883346,207.15575192860464,36.41349033488839,,
554,0.04006778355172329,0.09924195227765245,222.81242609345773,36.0061429747649,,
555,0.04028451864152587,0.09833071094554496,196.19824060923094,41.7588821067375,,
556,0.04047499434053009,0.09975309948606102,198.8865311679088,40.75034815968213,,
557,0.04349744786880272,0.10248159275653568,168.59598365575854,46.71013289322482,,
558,0.040068562738909005,0.09852367268875692,216.39002005156868,37.28300430213745,,
559,0.042292667071169576,0.10011090579119128,164.86010578744128,48.53297191971129,,
560,0.04011919829643188,0.09874263940843116,213.26190120528014,38.85284560792845,,
561,0.04163988610738599,0.10152402190815651,181.8197116525271,42.02391724767844,,
562,0.04329045482511202,0.10377611049138699,179.5157312384434,43.01678841947898,,
563,0.040041778216504745,0.09722887769482061,210.5216140281425,38.46011273937705,,
564,0.04076326528037516,0.10054171269692758,192.64264309868273,40.02680352929837,,
565,0.040004509799617234,0.09784266065932791,236.04155418871264,33.56142087805691,,
566,0.04024528489439671,0.09951642095207903,206.90670436240507,38.51369160286094,,
567,0.04019190024475027,0.09832133538794906,200.48060124438885,39.98678046869196,,
568,0.04044660754899848,0.10192146254186961,216.88417980303376,35.99343778573276,,
569,0.04001519489539845,0.09744827487003434,221.40705860852682,35.84184979053114,,
570,0.04002968027833507,0.09925548828882985,230.65281622232874,33.847398712368474,,
571,0.04006333107813114,0.09768965630625161,209.4638970035152,38.36730065871855,,
572,0.04213134169423463,0.10055995131388057,169.4923338240077,46.70011911893029,,
573,0.040537561892056324,0.0980367864679386,181.57462431862768,44.23798144639307,,
574,0.04160031553092162,0.10120475743385604,184.55748181221176,44.14747864116119,,
575,0.04116413561358204,0.10110478629197153,192.5035961017345,42.72670385874715,,
576,0.04003178803505739,0.09790835891127568,218.66012423433412,36.50163352994008,,
577,0.040958813266240575,0.09883562535354162,175.71160253231082,45.150676367300115,,
578,0.041722559052758935,0.09842783204435578,151.45997373602845,47.05678276251988,,
579,0.041331837475179274,0.10161695905537886,190.6598072153255,41.52505762674863,,
580,0.04251016650644285,0.1016672340488623,170.56967256456645,44.69377817697389,,
581,0.04004168560299809,0.09671050935094275,205.39203068279087,39.141737960092684,,
582,0.040013286878404934,0.10098238175157043,253.48769593123163,29.430850832024603,,Paste viscosity high; Ambient RH low
583,0.040378618810241546,0.10135221354028316,214.5396958707852,36.281852203869946,,
584,0.040230504042925976,0.09969296672258654,209.4106041368811,38.0169359307689,,
585,0.04066983146445544,0.10108896230437554,203.0805387888109,39.527657755316795,,
586,0.04059492257829523,0.10062549076797622,203.0214516989769,40.405015544090105,,
587,0.040248210480160924,0.09874349535234243,201.5500306153509,40.4595379327268,,
588,0.04093532457645943,0.09843338788779882,170.92914902244397,45.08511096553423,,
589,0.041288203027090055,0.10175540897578599,192.25201909937903,40.93299504714578,,
590,0.040061881619665146,0.09763862769189267,207.3316033731038,37.7166776090365,,
591,0.04035148243122782,0.09741694909643626,180.23530054043744,42.48002370469873,,
592,0.040125032490166405,0.09803330144074746,200.98019110555757,38.290379582258616,,
593,0.041951325750272814,0.10306299610119493,191.20744166062283,40.74851379875681,,
594,0.040963448573578254,0.10121169096934421,196.4478115921486,41.05043936336715,,
595,0.040503692159853416,0.09925954003227846,188.20489405309468,39.97777303186257,,
596,0.04000398610606686,0.09911635435395892,241.6332230352316,28.86176947188958,,Ambient RH low
597,0.04054364457579084,0.0995324951339122,194.5656487195001,41.71650279173187,,
598,0.040482410266534465,0.09900470318341169,189.6545257195242,41.26916712977162,,
599,0.040954508193187376,0.1004383804929559,190.4751627577102,42.557848767926345,,
600,0.04273469719269262,0.10242836957444164,175.9781311666525,44.556103382544066,,
601,0.04168319945867749,0.10024044626094844,171.519895263689,45.00607050252718,,
602,0.041086148250584854,0.10143617458267123,196.36526141061552,41.5331612111099,,
603,0.04009350428510861,0.09921066356223401,217.5857843054977,36.424809233362744,,
604,0.04038437707545764,0.10095815735635152,212.9774884555726,37.78061028018145,,
605,0.04138904144157035,0.10127755910118122,190.5098882501939,43.73280999769942,,
606,0.04122640889703234,0.10111586137900058,189.38341134231965,42.30584198499986,,
607,0.04014195710404113,0.09984868571666361,215.99812501342552,35.75123618196675,,
608,0.04031039561417195,0.09758735771633646,185.35131663616585,42.307587347956584,,
609,0.04096841586495296,0.10062546282649432,189.55285847287118,41.51697876963812,,
610,0.04093989781303861,0.1012443167349332,199.7873018543354,41.74989418009635,,
611,0.0435055310367452,0.10345150796657362,173.1621508825395,43.68470780437622,,
612,0.04057395795101605,0.10189853143534036,213.7092071188535,37.629870477798256,,
613,0.04006764751553847,0.09858548305584462,214.70176173210598,36.3032101060002,,
614,0.040084654284159846,0.09866823944685,211.26691499723583,36.14801898302429,,
615,0.040247691641629925,0.09935841593048073,207.04649262565198,39.410057974076764,,
616,0.040299555023414875,0.10054520191857629,210.027201867371,36.40106909024336,,
617,0.0400840729875902,0.09673389119148226,200.2280068410078,41.55293918192931,,
618,0.04007354243545146,0.09917554039483144,220.61495986595895,36.073790272574705,,
619,0.04010898499169514,0.10071618969991207,229.26450442480808,34.329177727513716,,
620,0.040117913781474494,0.09781086142151094,201.10613651305803,38.98798354781695,,
621,0.042498786425673965,0.10247328732504231,179.5693489970791,43.88997453501493,,
622,0.04112885941291306,0.10115339527571389,192.06688407622383,41.91099300910966,,
623,0.040406501607545615,0.09875938339355325,190.98113220411068,41.18982713486961,,
624,0.04287263308291848,0.10215734444366223,170.93386459714148,45.04870272121907,,
625,0.04037990256107919,0.09997082774770438,204.7849173477749,39.54670301081222,,
626,0.04076038129334483,0.099680339443739,190.2499693048124,43.29873887216199,,
627,0.04382463264077093,0.10423523655318874,176.948036558196,43.13906335401573,,
628,0.04075690395654202,0.10177239200622931,206.18157769522486,38.757475468199694,,
629,0.04085480910564435,0.1017085847117024,204.3095055456102,39.89579635774731,,
630,0.04136506521025823,0.10119716913188892,189.23338520009452,43.412575974777354,,
631,0.04024029805644909,0.09983356737594175,209.9518722374591,37.88068023660988,,
632,0.040096172781364244,0.0967745051455952,194.72634752679346,40.320600057548354,,
633,0.0406227545714934,0.10088515581733491,204.7434898430278,40.26899849821253,,
634,0.04058686664153203,0.10009728912899835,198.18844504056256,41.10075825233813,,
635,0.04077202777705791,0.10148108265061465,202.76774187238055,39.198622590559154,,
636,0.041114757179709326,0.10119499411088065,190.52671464980517,40.993550487074614,,
637,0.04120607155712694,0.09972293315197546,178.48454946539587,44.953123930611994,,
638,0.04001909643436518,0.09876030103817478,229.4383982149777,33.483188758862745,,
639,0.040038500130095585,0.09946338543679495,231.84056318361826,34.716252835668485,,
640,0.04023856968610994,0.10047890524386117,214.3442595964496,36.25125135635821,,
641,0.04035477536838737,0.10010269921213527,201.73327450915232,37.177758842052654,,
642,0.040036596971332425,0.09784544212998257,217.1376073462186,37.05686789788894,,
643,0.04057263144475836,0.10027020391576597,196.21418674485017,39.29853282836632,,
644,0.04071947769658341,0.10030088926195413,192.4661277682653,40.42384800417619,,
645,0.040228989417622735,0.10178795866453076,226.5735272349204,33.89559203634346,,
646,0.04001027935974648,0.09895355883464416,237.50122742249872,32.37109480904683,,
647,0.04093738043564218,0.10116717286045679,198.2745811612275,41.5541872225468,,
648,0.040550448915131126,0.10007735680701081,200.71643313905588,41.388697981286484,,
649,0.041531787697370835,0.1001702877320548,173.80106895401744,44.669025552338,,
650,0.04045253359657925,0.10220521567220996,219.07207356889427,35.52848764080683,,
651,0.04163288913223554,0.10301898379347867,201.64987433049993,41.73057053788306,,
652,0.04001323369335947,0.09644592712737526,215.05568391382099,37.76835678682814,,
653,0.04080031103648854,0.10011482384522902,192.75886125912876,42.705452227680624,,
654,0.0424337117375251,0.10196023014080473,175.8100461530892,44.5520212888935,,
655,0.04020884892679857,0.09841122160127877,199.2405673802916,39.80158781429638,,
656,0.042533961751383534,0.10273218687547679,184.78229278470056,44.740386697529445,,
657,0.04136909158844972,0.10166475121678535,190.81536589481777,41.75521450045297,,
658,0.0400298751793126,0.09883978758441754,226.7286729923231,34.50700538176483,,
659,0.04027971179438683,0.0995572752121286,204.4058176560778,38.57743822409493,,
660,0.0411282172488331,0.10117444530877576,190.34074135692185,41.19235469593636,,
661,0.040803788497528005,0.10267269204890421,213.11514349036932,37.58301228990075,,
662,0.04004288315674375,0.0982565726065448,219.24919353679678,36.726086803380994,,
663,0.043938137860144354,0.1034119045115582,174.250492787792,46.82055257012512,,
664,0.040073076999589674,0.10006089246958781,228.18809831219176,34.427473340261955,,
665,0.04006140456013446,0.0971402103889171,206.18689590692242,39.67263364299233,,
666,0.04168689628691344,0.10375136943470292,200.04647492002974,38.143915576016916,,
667,0.04041969314432154,0.10283523011544093,226.0249599078923,34.17926508636607,,
668,0.04047677942632225,0.0993557694253084,194.0244721611183,40.9932327211715,,
669,0.04020989852721365,0.09740486304556262,191.56871250208258,41.997893836314546,,
670,0.04052349453530426,0.0988933561701944,189.35254860467214,42.56029321086624,,
671,0.04008384476442587,0.09828645860602464,212.790865215512,38.46654935148244,,
672,0.04190530903910565,0.09994992266862317,169.36371795671565,47.67940494544568,,
673,0.04029077835197898,0.09923641292508194,200.04944415191343,38.936268172347106,,
674,0.04105086514112188,0.09969146272823434,182.03909901387306,44.461081128411905,,
675,0.04134475538103906,0.10092087853069447,184.80067648043368,42.962385962696914,,
676,0.04180746358709038,0.1034650262218595,200.1250536320341,40.674982533534525,,
677,0.0404172109963988,0.10051134794703719,206.91252049923767,38.60415935775538,,
678,0.04040864184556973,0.10049979255513716,208.31650197633917,38.94976886749794,,
679,0.04029364503792165,0.1013102472911775,219.4132424858658,35.837184337309075,,
680,0.04180740865032916,0.10122879237878733,176.00569463500355,42.96816689589163,,
681,0.04158972255640312,0.10216777155655266,191.113017523661,41.7037569541562,,
682,0.04027248956547656,0.09943871773773293,207.27716999277823,39.93240195784423,,
683,0.04048635530028913,0.09798982371640327,182.94895974446473,43.89116472455929,,
684,0.04073441150456141,0.10089802905509099,197.84143953077145,39.678783698704095,,
685,0.04004481844271069,0.09759303225046331,212.14040809748093,37.68174565494159,,
686,0.04123982916965766,0.10140884828101697,190.3441476241957,41.38424941257617,,
687,0.040049224162029995,0.09980117584619334,229.32388012019754,33.63166690424691,,
688,0.041492592693538825,0.10240269853167412,193.95807269832696,40.59757768915021,,
689,0.04086070273676741,0.10173355518270902,203.49390287884518,39.57341059397837,,
690,0.040346332024155995,0.10192078732261335,223.093257694461,35.703203570821564,,
691,0.04024129262165081,0.096837130826359,186.262952989959,44.034355482126216,,
692,0.04005424177097152,0.09869120295503098,219.31821890583325,36.04902054462932,,
693,0.040524770895450715,0.09763736554463308,178.39864409061192,44.78941278480881,,
694,0.04198216349564997,0.10039299532457284,168.68963116634728,45.969423219312574,,
695,0.04087366602289828,0.10069132276060236,192.2169446040579,40.817730875585994,,
696,0.04085458888003044,0.09848579582429376,177.3326727229878,45.94454579442845,,
697,0.042773368475308764,0.10284480348120152,183.93378535695024,45.62416394584406,,
698,0.040474158623527004,0.09959665103740765,198.5085810572076,41.35467273912851,,
699,0.04050255711043444,0.09924936381065887,192.27524757134591,41.439468494003734,,
700,0.040567665032010466,0.10136393691892319,211.8955292659222,39.452118948042646,,
701,0.041070393840783294,0.1003322780528402,183.3244828707403,42.06687072843204,,
702,0.04036307692774754,0.09909755915951644,197.13735921771115,40.63235436622405,,
703,0.04023263554706259,0.10000212300143348,214.40412026684086,38.362795582282914,,
704,0.04026688379457627,0.09848583104804234,195.56761456300993,40.222057238391486,,
705,0.04007206861693092,0.09747522590286672,205.37672562736782,38.78152010833958,,
706,0.040123534850264875,0.09837583823880161,208.5361561128223,39.21447996710648,,
707,0.040072022868535936,0.09672452585591335,200.93797161774037,40.83821275589238,,
708,0.04226980452281694,0.10273293146864942,184.68479851192873,42.679405624101136,,
709,0.040179312789133906,0.09888642482637042,204.75937654805432,38.226429969570816,,
710,0.040472134099721314,0.09753252525097528,178.02594636730055,44.05588794848455,,
711,0.04244229583837624,0.10370355096816984,190.10315302305233,41.23769251236453,,
712,0.04077972268450089,0.10112484348767194,202.1866654266989,40.83481512566597,,
713,0.040058948950676326,0.09672778772856316,201.93487139196893,39.91167656790078,,
714,0.04018666920512073,0.10094656198796745,226.55611781397184,36.28286172189693,,
715,0.040553523696882934,0.10079841717769071,206.9615599073802,40.168861736054275,,
716,0.04091635002136891,0.10183504963127005,202.40646096855363,39.49340891819842,,
717,0.04106815146353979,0.1003093845979446,186.65874218512315,43.325641140685036,,
718,0.04175276072504939,0.10023733984224789,169.3779872141829,44.91804520587702,,
719,0.04103602679025028,0.10182658943437574,197.11519350212117,39.27419068600346,,
720,0.04014226143875437,0.0968764514872721,193.48468673115238,42.18357214799644,,
721,0.04058552354459096,0.10018684969084782,202.83362377735335,42.28184593732307,,
722,0.04014357434011549,0.10058163336195353,222.14962645921386,34.46517405823865,,
723,0.040550853509060195,0.09738658745429885,174.18176350016037,45.03417263701582,,
724,0.04007793090917918,0.09793298137702991,210.63263815375478,38.93132964194686,,
725,0.041236738609559204,0.10039538673240793,181.9346984909846,43.27787113128242,,
726,0.04108337586744876,0.10142650916815504,193.84019407427525,40.65411418054705,,
727,0.04170529390560229,0.10195641354872709,190.41032786925794,43.590101073323424,,
728,0.04009845737420163,0.09966599031746319,218.0963132591193,34.757353287022866,,
729,0.04075056075967084,0.10168763600860162,206.25165077870437,39.09082158435335,,
730,0.04119162159440428,0.10059432214638199,185.34762156000602,42.99479085575579,,
731,0.040522528010162595,0.09813839306548659,177.71273841774,42.081018408008376,,
732,0.040179273304921985,0.09582968703384392,179.77600871151384,44.17779739720746,,
733,0.04018821584048545,0.09755243438798218,195.6947112197884,41.857786799609634,,
734,0.040557559755486354,0.09992386743441961,197.92349281079575,41.28395976428103,,
735,0.04054519217056636,0.10041355082096985,201.20706309143984,39.83379746344134,,
736,0.04049641334828737,0.10107380405780045,206.92876676992157,37.66612903980585,,
737,0.04000126123724719,0.0962816605778578,233.97744957971406,35.324454204143215,,
738,0.04063531147408759,0.10110836171026977,204.6433277269807,39.38068423785189,,
739,0.040103476508768374,0.09794241631003926,207.79418531151674,39.79279285801963,,
740,0.04114128137444782,0.1000337959086357,185.1663921688968,45.03670633640235,,
741,0.04019471601920525,0.1002161014782511,215.7209789377786,36.32699919277652,,
742,0.04011746002059366,0.09737336095785953,201.26952564341357,41.13190538406776,,
743,0.040440904752085484,0.09949912133391586,193.95822258523896,39.47728966428897,,
744,0.04167758816408314,0.10127854828797367,182.62461468831916,43.85547982925889,,
745,0.041498073426678814,0.09997919041826082,169.57829115880568,43.760244631307266,,
746,0.040498027466776554,0.1015492804442819,212.8217536927947,37.48228095153333,,
747,0.0410319797354694,0.10135442378791744,197.49425970625273,41.63691615343354,,
748,0.04013631485314642,0.09974396653462528,215.708558819842,35.85403094387897,,
749,0.04095128511899541,0.09896787399314806,178.25396370223012,45.30634821447834,,
750,0.040063092778946936,0.09850907368527802,213.94244945316217,35.96494192995657,,
751,0.04141003803850496,0.09958622699764809,171.22189652608895,45.32241122734615,,
752,0.04094599915435546,0.09966334463652994,183.33964538261526,43.66843003040512,,
753,0.04018242445502351,0.09864590518725239,201.80840239466218,38.483276140117006,,
754,0.04030710770631956,0.09969570334781631,204.26582995357128,38.6982058044638,,
755,0.04028165461128356,0.10017682487676467,211.95839733584603,38.31047630178198,,
756,0.041179294627754895,0.10053659442928832,188.0249595429855,44.072459669737334,,
757,0.04060203175846785,0.10160446882484402,209.16150480135101,37.973650342054995,,
758,0.040078163835107934,0.09963147779784705,225.3371567521791,35.933125161205695,,
759,0.04052780816051664,0.10076528387416706,205.999365193724,39.47753736646301,,
760,0.04009305875213198,0.09888134534672076,214.7462490494825,36.98155886854292,,
761,0.04067774151636719,0.09981401333033108,191.02514678539157,41.569345085973126,,
762,0.04027994566443801,0.10082885553714963,217.8292824608905,37.17776642954443,,
763,0.0403892769258445,0.09905501564342387,192.23695413240603,39.78030923973292,,
764,0.040321779449008686,0.10105697388745605,214.2786831525872,36.081607890443806,,
765,0.040328778527466906,0.09825466132839068,190.3557746208831,41.378565749534246,,
766,0.041088354967057164,0.10141943948731046,192.69339450956565,40.34598009920911,,
767,0.04035169042590728,0.1003162589494582,209.89888735390232,38.94459326268465,,
768,0.04037569287232813,0.10161787998517156,217.79502177502536,36.07210873028304,,
769,0.04046051385446945,0.09981368208942958,198.1692580413492,39.88602198705595,,
770,0.04060670701930418,0.10124941340038365,204.51094463755226,38.134363358102306,,
771,0.04009346098066989,0.09764343304907885,204.27097258901327,39.29552981843993,,
772,0.04098361417174798,0.1011415071719624,198.05086636701353,42.22626009684646,,
773,0.04115759097432886,0.10024975448845654,182.22248254209012,43.15148241406344,,
774,0.04284282269589508,0.10226573365558042,173.66207083492287,45.28191434935298,,
775,0.04023054628052958,0.09871709509447923,202.19369786554503,40.186878401686755,,
776,0.04290581254761962,0.10191567450406977,168.00720474233913,45.411195195857296,,
777,0.04158705268852094,0.10081697741738453,176.8761858135567,43.18025895738677,,
778,0.04003496657380385,0.09945415391071538,233.42281720957834,34.773571282904754,,
779,0.04190114130975659,0.10092057559555903,174.70859513244733,44.83892917349809,,
780,0.040041095506320366,0.10004064514707128,235.18903345928223,33.483715743517145,,
781,0.040201936346240946,0.10036872444818284,216.17869527805829,36.04577951750901,,
782,0.04199983015083341,0.10116927678814232,176.1737375513009,45.01108279653252,,
783,0.04017343592758139,0.09795664872705788,200.91219727014212,41.099296540012716,,
784,0.04029488531813226,0.09724230484602979,186.86870500455782,44.04581158193364,,
785,0.040221306057068126,0.09845079921234112,200.75043392654717,40.62185572218323,,
786,0.04256936169562615,0.10151420871981115,173.48094137426676,46.8986430647777,,
787,0.040346029156424185,0.09929498484246392,199.91416070389195,40.202651186706355,,
788,0.04022146551165672,0.09920917883026874,206.34385610769343,38.93740930392318,,
789,0.042099387508851095,0.09907072919240754,154.81172812688982,48.45111187525008,,
790,0.0407145405495176,0.10162917619711301,205.09937226873865,38.3827719678079,,
791,0.04261752809060337,0.10212110294333086,175.14948511357503,44.90735035852922,,
792,0.04043435936151601,0.09924607647076723,192.19557085205807,39.9271131994338,,
793,0.04024967617874928,0.10009930364155097,214.2315260288269,38.43425911200254,,
794,0.04003053722544752,0.09911075372657574,227.3836305108877,33.549124177592944,,
795,0.04067000418434263,0.10077683125533271,201.07269495252427,40.33021451616707,,
796,0.040101735961629165,0.10022097716158213,223.8494357388281,34.331609855861494,,
797,0.041266755346785505,0.10026566464449023,180.06024744291628,43.586568567617434,,
798,0.040645443945355623,0.09892478656453062,182.8378399281614,42.41616026838902,,
799,0.04074481399113444,0.10032354375054546,196.3796732394918,42.10616868803522,,
800,0.040274332108052965,0.10084889070754031,218.1589625792381,37.01821203199834,,
801,0.04024884415007874,0.1014432941998976,222.3308137575549,34.76995859035384,,
802,0.04002806024578222,0.10000108212124997,237.27336271083794,32.275670552475816,,
803,0.04032975471849668,0.1003587150655945,208.5017079768725,37.64323332095404,,
804,0.040025902946360443,0.09891585666949604,230.87629366729007,34.83110117771541,,
805,0.040051940183209664,0.098948913013733,221.64193536146703,35.36117078129547,,
806,0.040422930723878335,0.10155244620734477,216.36845800296183,37.0462891598941,,
807,0.041861265350343145,0.10150950385361075,182.33676197386185,44.331292050255236,,
808,0.04137262522973689,0.10125735427563144,188.92928050588105,43.09620673503585,,
809,0.040237450588349634,0.09939523748465849,207.86994242082247,39.162603491067415,,
810,0.04180352481768296,0.10221629814250235,187.74467803690987,42.30387060139705,,
811,0.040227942354651144,0.0986544016368507,200.69051122673835,39.863928425530894,,
812,0.040000153834059686,0.09601667740159409,241.13188526654517,31.9230682981751,,
813,0.04035123306611387,0.09796345429944292,186.65929014563332,42.09962661787167,,
814,0.041097904414013585,0.0994171056306913,176.89655775920332,44.56536072375253,,
815,0.040320199217087724,0.09759338384066546,189.03559426670057,43.8634485483685,,
816,0.040549940070583795,0.10132666047182015,208.90857511158464,38.23331455218172,,
817,0.04001612477082861,0.09721805116943506,221.9701587940353,37.44719180483491,,
818,0.04091156821506874,0.10476839805589253,228.2649278715956,34.37827617980314,,
819,0.040098635876486786,0.09964749428567872,220.10660775955898,35.56850603219451,,
820,0.0414149566229761,0.10295735480856938,201.2290426469744,39.67514194121456,,
821,0.04069994331279808,0.09958407720967791,192.18742146378065,43.465402149234784,,
822,0.04136940120607164,0.10085520264012218,182.06036607130932,42.58063337425515,,
823,0.04134155144707064,0.09963681412755336,169.67543307348038,43.79424318322729,,
824,0.04139585737610667,0.10233277708196445,194.3345220768882,40.05693859315438,,
825,0.04118423578856371,0.10168916131972176,193.25437903732075,40.40767113485461,,
826,0.04023715627483673,0.09995066024749072,212.87271777747856,38.23382194874387,,
827,0.04013390886757585,0.09881227276939834,210.9627222637804,38.549672753871945,,
828,0.04091331480958958,0.09703090416659227,161.93471558082905,48.381460759344726,,
829,0.040516591735702705,0.10088380333532508,209.37524416136546,39.867477346017836,,
830,0.040038216717870966,0.0983802009311037,219.588817265326,35.584346804665195,,
831,0.04041544384674845,0.101623434423926,215.68009770411854,36.28264035122489,,
832,0.041872223250988695,0.10298041604942904,194.02272421761745,41.445742674559106,,
833,0.04001157062018672,0.09905472714973859,238.52709403534018,32.802058053537685,,
834,0.040183656285933025,0.09792908723285922,199.26050108165276,41.10093291318304,,
835,0.040779574542843706,0.10007241738681705,193.11658110088777,42.716875201135906,,
836,0.04082025351944723,0.10124495408323024,200.5556085727884,40.29866991221113,,
837,0.04038623276885079,0.10014648546438464,203.20678313927613,38.30129379954169,,
838,0.040440035459666644,0.09813058161868718,185.68876480268827,43.15154013825038,,
839,0.040967300456476785,0.10241201516112954,207.8122639970375,39.31315273235627,,
840,0.04120852668084968,0.09873690500894373,169.1602158613674,46.455705108896964,,
841,0.04078477553151901,0.1013002900787361,199.34112529320623,39.06146338866076,,
842,0.04087365814343832,0.10112340800063174,197.06830554643608,40.441833750901665,,
843,0.04117406146421971,0.10106907046130183,190.9595726794485,42.47302664645437,,
844,0.04060460728442793,0.09856357199378413,182.05176706712197,43.14747598994592,,
845,0.04007582678267351,0.09781017359583176,209.90929024803773,39.09111695137295,,
846,0.04077839910417061,0.10286222010314144,216.26266077554845,37.38688149373244,,
847,0.0405261940676545,0.10130279672979431,206.75503716249176,37.114474656426424,,
848,0.041375462135872475,0.10044970719859037,179.8973060638492,43.84195274526234,,
849,0.04034937220489535,0.10049106494663781,211.12192189402776,38.46911208548633,,
850,0.04019129004752983,0.09947328391641166,212.07055658227446,38.48518143114114,,
851,0.04066975521881509,0.10067946522256388,199.6741704174442,40.30287386153811,,
852,0.04044039441152265,0.10108261475230765,213.3991777109531,38.674821458652346,,
853,0.04045716795582961,0.0998373172979269,202.11566517709386,41.08977204362301,,
854,0.04222435765000586,0.1015848186412984,175.50139300421387,44.624020395841725,,
855,0.04145213408447594,0.1024204910845672,195.07491671004962,40.487882548449036,,
856,0.040455335035425886,0.09962798794448764,197.53632069345764,40.444265887043834,,
857,0.04042143061226211,0.10099808474489923,208.9987789779683,37.08879886053299,,
858,0.04013069178854103,0.09914751653295256,212.008222661702,37.12048634395398,,
859,0.04076137742559134,0.0975769324741538,169.91811317331866,46.30286756298749,,
860,0.0403615019689383,0.0998126815105351,203.94619653034667,39.538332114031924,,
861,0.04003483700939946,0.09836897147744246,218.48220866869346,34.72386533238176,,
862,0.04004981780751942,0.09855845103225656,219.06460680341235,36.087534592494954,,
863,0.04030363573127541,0.10112586962173126,216.62549199761264,36.04628043727326,,
864,0.040066149939103554,0.09716955828361586,200.5965427051825,38.02531551284945,,
865,0.043985210164544666,0.10205849562512574,158.4032949234685,48.03635548327621,,
866,0.040049189078818,0.0972164799315522,211.43335666502577,39.80260882695071,,
867,0.04033056911557546,0.09889733782985675,197.54227461852525,40.85968367831708,,
868,0.040628367376235534,0.10004541531855587,191.79372487263927,39.85793134027706,,
869,0.04020846885541199,0.0968472679499712,183.9401462763298,41.94404249888751,,
870,0.0401305829407313,0.0981692027020312,203.65372492252038,38.89318271427613,,
871,0.04025893504526648,0.09943246943963344,205.02892720808745,38.723354173865,,
872,0.040230219666323584,0.1012231086401462,223.3622492222376,35.536593368434126,,
873,0.040713131135296586,0.09970338727065177,187.98304815650246,41.62437957653188,,
874,0.04033581365021865,0.0997434284879301,204.54866760472885,39.39055609145552,,
875,0.04060429946264968,0.1013699540959668,207.0137138247367,38.390737040790285,,
876,0.040180497045251534,0.09840099579014376,200.4358151249729,39.09817090637136,,
877,0.04021586361272147,0.09763158586756382,190.18276167455605,40.64437719364367,,
878,0.040056952271813114,0.0984888120094171,217.5678962568254,36.707243172543556,,
879,0.04000684218313178,0.09550462904271662,214.14188774920095,38.93726953558688,,
880,0.04054501806972733,0.09986406049015648,196.20691058605078,40.72087952595955,,
881,0.04002727628521026,0.09874428641808564,226.2965973427136,34.32149735299504,,
882,0.040019993858365424,0.09885794569811918,234.9945944058476,35.20706662944998,,
883,0.04008770509230793,0.09673300372444352,193.14505698467835,39.33988955627338,,
884,0.04076935653056434,0.1027996529625211,215.08219853487634,37.13132347212735,,
885,0.04000387974930972,0.09814416024243038,238.70715574619243,32.413735080907635,,
886,0.04235755800200032,0.10154985637993769,172.45225077999572,44.76608238717274,,
887,0.040095653112331084,0.09866951734302734,211.76975881082822,37.14174043225184,,
888,0.0407773472812983,0.10088787871672697,201.1445295631797,41.57501639086001,,
889,0.04020357908044973,0.09939596053075161,210.28123721540342,38.730689688037685,,
890,0.04141145187750144,0.10073435322583021,182.24794850679115,43.680848893780194,,
891,0.04129256694488013,0.10234182107630738,196.85823899320823,39.77403997454794,,
892,0.04010031089535328,0.09865079956066508,210.2309741962145,37.01519738143941,,
893,0.04151977358015158,0.1005766421458983,178.61316125494622,44.28236799331783,,
894,0.04138997777391532,0.10230966099792224,195.62329653140918,40.56051647329039,,
895,0.041287183311964404,0.10329258291535062,204.537183179701,37.82957124605626,,
896,0.04000067464315884,0.0969797299937056,242.93560006020016,32.84412505052589,,
897,0.04020792625852753,0.100567621054185,220.09461241960602,36.70513572400255,,
898,0.04002986634299233,0.09619345755070954,205.26633691955647,39.71802306404786,,
899,0.040231673835976436,0.10042285297251663,214.4866564964187,36.324223520836625,,
900,0.04037585739760437,0.10002497876822912,207.9656210205912,40.304084864154994,,
901,0.04038875857665584,0.10075205933353146,209.9762777757067,37.827510066022235,,
902,0.040605038798252044,0.09932005759966034,190.90756374708613,42.6253026685058,,
903,0.0401110843861845,0.09886560461015644,210.51615496783566,36.78900373252748,,
904,0.04064111020437565,0.10292384418907183,219.49500982217083,35.952780459651876,,
905,0.04008686507577907,0.0979320805087761,206.34865475750016,38.141152461764236,,
906,0.04011337817367273,0.10296823258719404,248.8121248500445,30.624524419144734,,
907,0.040148574942601024,0.09875270219406851,206.4055331774002,38.00327247608515,,
908,0.04068326343528222,0.10086116137891012,199.60714319893057,39.63228236715601,,
909,0.04043964584845647,0.09928812927592709,199.71866692582412,42.50045550059773,,
910,0.04115966823662803,0.10007249842602617,180.84415824789272,43.54650601158581,,
911,0.04006567202157224,0.0972840491031037,206.1386463093946,39.38193798047713,,
912,0.04005818358708764,0.09674888587652576,200.01301988582952,39.05093138791243,,
913,0.04100102144665324,0.10251106435385199,207.4767757011558,39.16632895958954,,
914,0.040210810755113895,0.09920113709286947,207.80199528695306,39.08284033864784,,
915,0.04071957523995136,0.10001957097326059,187.39498664733063,39.99524373627777,,
916,0.040104321962452706,0.09875095951242474,212.8734230173431,37.73506130068971,,
917,0.04134148952335957,0.10094673039933982,186.5740974204488,43.427523046678736,,
918,0.041411069106925165,0.10363756491347899,208.1882790805788,38.80312583049268,,
919,0.04106284367646892,0.100559694511171,188.87162434082452,42.82979680975173,,
920,0.040279494726936954,0.10090572464213587,219.2969095711093,37.30994871737305,,
921,0.041668654199825544,0.10203384533899948,188.45266446263702,42.17751027698494,,
922,0.04230495367999346,0.10031567845793204,163.55355258787688,47.179128751776815,,
923,0.04084656819614179,0.09892647008736506,178.28826490746889,44.034841898579515,,
924,0.040123243434544806,0.09917089910383005,211.17937652507615,36.28875409873212,,
925,0.042979132800773784,0.10315403123190763,180.5339007482811,44.34568495146589,,
926,0.0401852242174312,0.09817709210146551,198.0364149340955,39.53831029275801,,
927,0.04058801828198426,0.09879956995066337,184.49605043502223,42.5608940512371,,
928,0.04152824390449359,0.10253183963979079,196.03115209278775,41.06748360554792,,
929,0.040203626147576776,0.099119916821273,208.88107107389848,39.572225817845315,,
930,0.04026808297730468,0.10213144170853995,230.7411749879021,35.05875984629694,,
931,0.040096004629061745,0.09547402147209007,185.9907784715989,43.50955190252099,,
932,0.04009745523786137,0.09989742138849654,224.04512809513784,35.66814114741121,,
933,0.04061779306347231,0.10078061400573941,203.0972542889215,40.10327442402463,,
934,0.04002127943253502,0.0980053885628498,223.54862700724007,35.6090334670521,,
935,0.04114947252350587,0.09900357821071698,170.39526389720908,44.90124808146367,,
936,0.040326279495355055,0.09904312664512195,199.39048881686827,40.68638301644188,,
937,0.04034296136978702,0.09849248632425486,189.66415428788383,40.379448183582426,,
938,0.04034391506156297,0.09687707782365555,176.97983723497697,43.73463561818934,,
939,0.04307394585905622,0.10055562452793358,157.86704462718524,49.5344994655524,,
940,0.042193465853338025,0.10238192791080059,183.99631629999266,43.52160950473125,,
941,0.0402559927173909,0.09900683745057365,201.40184894068966,39.40092250369964,,
942,0.04201288813120626,0.10011624953360805,166.4182850519658,46.76793006427161,,
943,0.04009388030270675,0.09859582552359522,215.4852957094127,38.681497732414826,,
944,0.040585947797580825,0.098424245479415,181.7712774451926,43.37386348769204,,
945,0.040575492772858435,0.10151463338110776,207.75334341460905,37.41239966594955,,
946,0.040159104121692414,0.09973237926826999,215.5054094159395,37.00126229025151,,
947,0.04009356610166725,0.09985690990043762,221.68931213721928,34.754904251612835,,
948,0.040504066888467125,0.10131981341114087,209.91137798506023,37.690669767590805,,
949,0.04008771067278169,0.09920922706474262,217.71958237082424,36.04772380034702,,
950,0.04051223981559699,0.10092487864365926,207.93815419719022,39.072296705499205,,
951,0.04042486764895344,0.09923051695838324,197.08895694517767,41.507439027126,,
952,0.040523444669399625,0.101548800245299,212.89771841950196,38.03755611610324,,
953,0.04000312301912593,0.09663597902768556,228.35401598078303,35.15469392003514,,
954,0.04002424840016827,0.09739055808166133,215.23072501533926,36.32877717398019,,
955,0.040889226663695086,0.09927413526078553,179.17421320964942,43.285842831473346,,
956,0.04053250979620387,0.09857578305006531,184.16771651336802,42.44751873296279,,
957,0.04095317140085821,0.10045676885846133,190.02051892168632,42.29036958789605,,
958,0.04053942941754508,0.10043574284842127,203.03624571487168,40.25756043406906,,
959,0.04012515647420707,0.09923500610953945,208.26009868574255,35.06026475039293,,
960,0.04135355627958912,0.10089452169107212,187.09681597363493,43.99595686625159,,
961,0.041257221994506446,0.10082467299683945,184.8504368171866,42.467479833661436,,
962,0.04120832530460886,0.10110415948229208,187.33629012291826,41.42948541765274,,
963,0.04130397928593551,0.10082358235534997,183.61912331445401,42.56546742133709,,
964,0.04000116752283849,0.09549882437553919,223.6902417756687,35.19017880959261,,
965,0.04335674841584338,0.10215604672390557,170.23955631366576,47.98980206528332,,
966,0.04101656715325012,0.10232263389253281,206.32355297619776,39.874012127560306,,
967,0.040091417820812374,0.1007868408860612,228.74694382295712,32.59496445012094,,
968,0.04110359631937084,0.10108938603133723,193.43358705815257,42.391611882676344,,
969,0.04046868336674813,0.09886212170833848,191.19726921685796,42.20392597896595,,
970,0.04080730436095602,0.0991013606909176,182.71415981243157,44.16423851929602,,
971,0.04022872871517956,0.10308233802547029,236.39833050459987,31.098965274864398,,
972,0.04222261990882576,0.10312398137646331,186.1678188499669,40.93732307824234,,
973,0.04011541091380213,0.09874030390647155,211.53002202428854,38.02262628578145,,
974,0.043244307620196536,0.10179334026804575,165.60268929772667,47.39280790844451,,
975,0.04084887825649023,0.10048600996756243,189.46272450268123,40.476880818295484,,
976,0.041239498257189526,0.10257844567042441,200.68519623969152,39.378432609095725,,
977,0.04164575571434993,0.10295243573611791,199.9494687901317,41.57637325377655,,
978,0.041490227672495356,0.10043197123479881,181.33318230230844,45.64017076848657,,
979,0.042718390587982186,0.10181935790013744,170.73490864915735,45.53270599929531,,
980,0.040132836800832544,0.0959605632249615,186.3607594902168,43.58769110526582,,
981,0.040302027183776803,0.10012415896966777,206.67546779602011,37.32698754302948,,
982,0.04058114145690365,0.10060222101847174,199.65328239864763,39.06993825424285,,
983,0.04135545409105872,0.10048339649666432,180.97988087912935,43.84455216084576,,
984,0.04024806652221321,0.09918087659238713,202.56913579022992,38.70093794272206,,
985,0.041123958762997743,0.1009158173868342,191.4631698351751,42.78587451296832,,
986,0.04098224257389323,0.10049995016605863,189.20513961506956,42.186338825321876,,
987,0.04055435381503195,0.10016547886497976,197.89833911991929,40.04512650097559,,
988,0.04007421240906163,0.09812711581150436,210.34122041172398,37.57270434340357,,
989,0.04035652388993377,0.10048019211604821,207.48157228220805,37.42886020187617,,
990,0.04186080345711822,0.10189073331849392,182.06323640335714,42.38872498180454,,
991,0.04025881934480479,0.09675612216668768,178.46431223187295,42.27675031650018,,
992,0.04004449584122556,0.09772393964643167,212.3676826687264,37.08706905845322,,
993,0.04104888323477043,0.10013989345702186,184.39192073131156,43.09931810083786,,
994,0.0409405193763546,0.10251754128940847,207.76242010283968,38.420910973016326,,
995,0.040711923154299536,0.10001071074916153,189.03319615367383,40.49014478625311,,
996,0.04049247806553169,0.10220641712636382,218.1472611203684,36.06913279180506,,
997,0.0402125642116785,0.09907464775827514,205.8582072016944,39.076262529654116,,
998,0.04034995366899657,0.10064547505685013,209.35173811031112,37.1141401896902,,
999,0.040239302192074285,0.10053303578846581,214.57449136946772,36.09699949666507,,
1000,0.040681189074413815,0.10090136251974235,201.02738383931097,39.90393357426732,,
1001,0.040404825251731925,0.0991432491903945,194.628145828607,40.58132079855427,,
1002,0.04022272723340712,0.09929803279544912,208.15162884725777,39.19333839996799,,
1003,0.04096822337727156,0.10089609396576232,190.92000154462102,40.68922830144326,,
1004,0.04104011013447625,0.10273031849253464,207.32312265109744,38.562416133248384,,
1005,0.04178600146603163,0.10247817580524228,191.79502189098565,42.307743094374146,,
1006,0.0401617855550997,0.09901837250259825,205.6531935924818,37.10288123693188,,
1007,0.040578611350452355,0.09929532749488197,192.54407212140933,42.82767992887801,,
1008,0.04015199024579866,0.09926047206550938,209.01713660341102,36.64326603086761,,
1009,0.04057599458368738,0.09989541709869355,194.6590440226505,40.62481342070048,,
1010,0.042086157632601345,0.10161802860550052,179.2454559360401,44.6554001326136,,
1011,0.04072245702545501,0.10001952421206349,191.44891526459378,41.47314710253192,,
1012,0.04084519090705526,0.09976872321226986,188.17370631674004,43.43334898188963,,
1013,0.0408456066231472,0.10111741958757256,197.76244563340688,40.30668491650437,,
1014,0.04210205208274682,0.10097163315817609,172.2837643782376,45.454120579413676,,
1015,0.040038228579011674,0.0995686919342539,228.63836791751947,33.037106091168724,,
1016,0.04212931940745314,0.10308561971060037,191.29775075347,42.17488447186883,,
1017,0.04260738070610003,0.10111511130119667,167.63779928935202,47.043389527710765,,
1018,0.04002281181244947,0.09793502386505099,222.58900802425325,35.97294645768872,,
1019,0.0400171152828136,0.09765919854334208,222.405300931791,35.76725814994294,,
1020,0.04106677964715431,0.10104873673060297,189.63984098048067,40.78797144464471,,
1021,0.04197534682451039,0.10120260820001041,177.44917153113343,45.08998609593478,,
1022,0.04079719762793705,0.0997725270934171,188.3104109274891,42.74194396877585,,
1023,0.04131589576544302,0.10073168076087259,182.9141117771787,42.893164878538144,,
1024,0.04118732707172314,0.10056614047894032,183.29280471058277,42.35514372962716,,
1025,0.04016143530504923,0.09827067606040808,206.13588539166915,40.86905752857331,,
1026,0.041980411931134644,0.10414004308370618,200.67256326816744,39.13586778505596,,
1027,0.04234649564101473,0.10341957903454001,187.2607389556172,40.872027609441815,,
1028,0.04046969578549999,0.1009095754032268,210.42025541547972,39.11682666647149,,
1029,0.04028638140240128,0.1001005536871251,213.61810255324454,39.41276307523275,,
1030,0.04234224432070682,0.1034448271796817,191.20472707419034,42.10869965393157,,
1031,0.04016278259402102,0.09811560154882906,201.22438620930217,39.9492071970545,,
1032,0.04050374968276983,0.10180877709843171,211.68503748534894,35.94745067328755,,
1033,0.04028313370647568,0.10031995252918732,210.433862105042,37.12754809257689,,
1034,0.0407964424030341,0.10211334588390418,209.36738393595436,38.8507834353215,,
1035,0.040106557219928146,0.0997768534567239,219.81194683078246,35.37445882406159,,
1036,0.04007826282844886,0.09637655469140567,195.13763411546398,41.01147134107038,,
1037,0.04124380213754726,0.10066293969718682,189.86073556617484,44.86323397408323,,
1038,0.04013766764691404,0.09883750127419196,207.9156263863735,37.556856337621426,,
1039,0.04032191016812251,0.10044289063991928,211.21375802096983,37.97082698358214,,
1040,0.040759662600000184,0.09755798646880344,169.23767759254392,46.1271969747105,,
1041,0.04001977320281588,0.09761594260575834,216.97525018325163,34.79258071205347,,
1042,0.040082841012527,0.0993931563925068,219.32428977663804,35.345095873141325,,
1043,0.04005349362420237,0.09623394732990254,199.85761737689722,40.97009948090565,,
1044,0.04036241001946797,0.10019265217881598,205.44873951670482,38.25659116282594,,
1045,0.04000708486250956,0.09966982470461949,246.31133656201627,30.319458616212692,,
1046,0.04071167933351051,0.10029139956956258,195.26866398239582,41.33020667261816,,
1047,0.040225241094069226,0.09969920231284117,209.9393711929177,37.97962769769433,,
1048,0.04006925282577566,0.09983091828742854,225.50223278246568,34.24615355985294,,
1049,0.040454670332390065,0.09974635994866063,194.89321119036893,38.92479465557181,,
1050,0.040511748715679606,0.10207198881053264,216.08196496578165,36.39347068987093,,
1051,0.04225082137674869,0.1028458937875973,185.83142994365704,42.38752152469349,,
1052,0.04005841369543145,0.09860145693390776,219.9787190188576,37.16960840864404,,
1053,0.04113287494442253,0.10207496998084267,200.14912683649553,40.35927752070736,,
1054,0.0406521060988789,0.09841285332937072,179.14544586426427,43.703831712246455,,
1055,0.0400815100602721,0.09881697633377995,218.35116080129728,37.67856795292467,,
1056,0.04167922753825227,0.10082684573954004,180.13708624364352,45.175753360748196,,
1057,0.04162785316811565,0.10131066715116874,181.9565708363831,42.98657391375896,,
1058,0.040108627592568294,0.10017137374011305,223.536229597085,34.9171496677896,,
1059,0.04000937165050644,0.09861302637820893,235.74759828439528,32.96784079130861,,
1060,0.0402558645705673,0.09835635322378403,196.0804340637793,40.66171316301027,,
1061,0.04006621684186659,0.09857810504182239,214.4345324797243,36.10913637209846,,
1062,0.04018400744842064,0.09874761012902573,207.64352551781198,40.11941247671477,,
1063,0.041698892470305136,0.10117194752543049,177.03119060073442,42.59890011142326,,
1064,0.040432711577155396,0.10074225064058069,211.3976712055448,39.43573649976594,,
1065,0.0403452631499249,0.09942467367719958,199.69733232798387,39.478698643802645,,
1066,0.04046551289650597,0.09832186511570838,188.94896729794954,43.951055355902525,,
1067,0.040901359331798184,0.10048936248090476,192.41038650990575,42.25719162800146,,
1068,0.040213966801132234,0.09936525978241578,210.3786809849093,39.32148436055754,,
1069,0.04110624893971045,0.0994682256923598,176.2865277759308,44.206650331919185,,
1070,0.04073108585603113,0.09971981880662047,188.61701585247852,42.062523452436835,,
1071,0.040429913988114324,0.10067147858390732,207.12651039289074,38.205438232252654,,
1072,0.04389240918534799,0.1037072268397083,174.35481590018117,45.167790149088184,,
1073,0.040249624371289705,0.0988498348370309,198.94726874778988,39.07612342054936,,
1074,0.04075131203807688,0.09939309451963471,183.5649064990054,42.18371162773068,,
1075,0.041129961168799516,0.10056920845452454,187.21537828858948,43.03506642904425,,
1076,0.04012045282103617,0.09892571825537505,212.05695324029742,37.61818020597135,,
1077,0.04033505952583402,0.10021456654409769,205.84986697248885,37.552410108796934,,
1078,0.04053725776024588,0.10183685511523981,212.15682025683273,36.662971180220616,,
1079,0.04131289325568278,0.10133755378083166,189.24923787528076,42.1679822447019,,
1080,0.04185788888651158,0.10153178567186165,182.27711998545834,44.17241414594491,,
1081,0.04155198998402537,0.10196352686666199,189.83424140410256,41.86509740999875,,
1082,0.04263882420936294,0.10516035288665013,199.21460424041234,38.86920620195829,,Stencil thickness high
1083,0.04014732104250868,0.10029029785146204,223.8100547811217,36.65186673219355,,
1084,0.04044702403836293,0.10109342726555384,209.22060327679884,37.29940701121704,,
1085,0.040265002966889,0.09910880764111057,202.31601672471277,39.53153702384494,,
1086,0.04113435283273381,0.10174498806716765,199.25012947967298,41.654384983394095,,
1087,0.04052232508644275,0.09716083599566165,171.85790550887705,44.73404873851877,,
1088,0.040690640723397696,0.10280590910622339,215.76511300761666,36.06249412088843,,
1089,0.041289754693047395,0.10151347912092053,193.2595607888012,42.47483209515005,,
1090,0.04105831518161937,0.10095143102318788,190.7372477591657,41.53782042795964,,
1091,0.04081737940714232,0.10051344922257972,194.88067333348087,41.787234599897154,,
1092,0.0406905310770637,0.09875546338165508,183.26936096620128,44.16406599814218,,
1093,0.040110461283890717,0.098516977670906,207.627266751802,37.41440972348196,,
1094,0.04023332825202713,0.09864436990138419,200.499668084631,40.04159017662742,,
1095,0.040297286739640836,0.10120042970163233,214.66874264311036,34.804538650281785,,
1096,0.040058943954787124,0.10059922374445701,236.78500396513297,33.5033917456701,,
1097,0.040863325760713325,0.09994939523660153,190.29210786764878,43.57343165444185,,
1098,0.04277533087808094,0.10179918936875602,170.14248392301047,45.82347077581452,,
1099,0.040442225855143545,0.09828182535430934,189.5627377596484,43.83795675925162,,
1100,0.04005150881278354,0.09767706561024417,211.6175050708644,37.91864887329896,,
1101,0.040027003202497226,0.09882742947610448,229.9845005960265,35.16688380375259,,
1102,0.040808281039149956,0.10029930655137811,190.90110731342108,41.28000288120446,,
1103,0.04116807917604209,0.09822130286622677,165.3650322051517,47.1294319341123,,
1104,0.040289774241805895,0.0972204340699117,184.89369048658827,43.297707066834846,,
1105,0.04001919546006328,0.0965537283156407,211.9520533340683,38.00048728665632,,
1106,0.04108099829341638,0.09921154074700228,173.3419149398736,44.09294202182399,,
1107,0.04003141045097681,0.09766079953981772,216.91492259263225,37.01589368904651,,
1108,0.04028462087075832,0.09902825658121821,203.98000582476124,41.137739459501795,,
1109,0.040581664380152344,0.10042416178353204,198.12046078524477,39.39927038895273,,
1110,0.040667008658810296,0.09960582338973738,191.4753450439687,42.549838739161586,,
1111,0.04230318594243723,0.10268806622024877,181.30231974153853,41.96581065039761,,
1112,0.040453959314295705,0.09940714493662439,195.3843392927861,40.72106485600089,,
1113,0.04022042001107323,0.10011728986848233,215.317316212043,37.67683621156211,,
1114,0.04014885534006241,0.09833748796608752,203.22497857639408,38.90131918897491,,
1115,0.041261278058282544,0.09946976552610517,172.19186553129964,44.593278994440354,,
1116,0.04200252163150254,0.10335728820093061,194.05888471719243,40.77358306233345,,
1117,0.040961529432256685,0.09948884722852819,181.97129677624548,44.24024774321662,,
1118,0.04003504117608834,0.0988744471052376,225.23688290342278,34.697936194886985,,
1119,0.04023847715550741,0.10038289850576673,214.77628655989625,36.86426291335104,,
1120,0.040108334095699395,0.09829445974424461,208.73673234623996,38.74440536858227,,
1121,0.04014031466716236,0.09829952008634515,204.6981654111988,39.16212468060522,,
1122,0.04184593871747011,0.10212873893830855,183.35337976515862,41.560905790487226,,
1123,0.04179132959094939,0.10139174475373865,180.92607835456414,43.770426642425626,,
1124,0.041307759706676536,0.10200576666069616,198.5282145907021,42.15662455559984,,
1125,0.04064394610680414,0.10047253482438255,199.51057237449317,40.794851676567276,,
1126,0.04077770577299095,0.1008654219137628,199.71897840932127,41.18608181795969,,
1127,0.042304637271263504,0.10384599653184076,196.0112834252534,41.57282603032932,,
1128,0.0418066983940016,0.1024204566694871,189.0742611435095,41.815513615736634,,
1129,0.0405390061639694,0.10086952109240674,204.4205660590913,38.641776431974385,,
1130,0.04064899555652319,0.10229704319093647,211.75904998935647,36.39067373286561,,
1131,0.040524448107956454,0.0987110844760818,189.82004472322805,43.625299168658,,
1132,0.040013634996237155,0.09833175274997738,231.73191249926597,34.68615740710844,,
1133,0.04010428029483698,0.09898325050458878,212.5871301928208,36.508940664957805,,
1134,0.040257747342068294,0.09968989800668906,205.67872080527783,37.668986948586706,,
1135,0.040511919158293705,0.09811701164622587,179.20324978890892,42.49257984381685,,
1136,0.04013344255346546,0.10116029115840926,228.68233274235396,33.432032894002894,,
1137,0.040992755088342596,0.10142963904365888,197.90702911706666,40.90507215324379,,
1138,0.04066265986628715,0.09898172268546786,183.89540509295264,42.815325521220196,,
1139,0.04023656422206197,0.09961263510984074,208.0746980551414,38.1527883784219,,
1140,0.04322290803944286,0.10057938436189963,152.6463133362537,48.54891696497162,,
1141,0.04052754373699687,0.10046923344084072,203.9863959171491,40.19226736230232,,
1142,0.04068274800215924,0.10045375686764126,197.93370876509664,41.001428996925554,,
1143,0.04081166837380453,0.10171437216141711,205.50598660160995,39.647904457780065,,
1144,0.04029115163337521,0.1002682659709846,209.66198156255228,37.35420965794661,,
1145,0.040663584767759504,0.10112717102561752,203.37844470886245,39.340327957746496,,
1146,0.04130935350754552,0.09965875074797313,173.53501142609807,44.69493679894796,,
1147,0.040580493527467974,0.10076888062967251,202.83348066493625,39.37460185991952,,
1148,0.04029667759539746,0.10000828793903724,209.24881564014564,38.63345587610833,,
1149,0.040033086445243664,0.09816500562984479,220.8374183950845,36.252070425290455,,
1150,0.0409925233781311,0.10294900139759515,210.9219776465522,38.153598911315186,,
1151,0.04007063675438254,0.09650863074072677,198.73526473205848,40.97937525766442,,
1152,0.04026084159200337,0.10074158799029595,215.39574604714372,36.12007258988186,,
1153,0.04064370677737165,0.1020956544287377,210.78295459415554,36.92603436031148,,
1154,0.04239275591593213,0.10226072631411655,177.01850791190984,43.21397075173324,,
1155,0.0400587979569272,0.09644276440506666,199.31900432998964,40.34989529822891,,
1156,0.04009130618299161,0.09682415785220494,198.1882868608443,40.94962652033789,,
1157,0.04087348242604218,0.10025846739495102,190.28894597967542,42.22612473014637,,
1158,0.040024024908665634,0.09719046471836466,213.25239575748913,36.548493375709505,,
1159,0.04044722511621584,0.09867940847909237,192.84210722793281,43.18807241164372,,
1160,0.04042560851291619,0.10066534987461914,206.11799268857658,37.77839324537791,,
1161,0.041215297403298524,0.09987342133956653,182.39494594055566,45.713651022508294,,
1162,0.04009430437681949,0.09939536719208843,220.588553645217,36.64985391047029,,
1163,0.04014701429752476,0.0988446245337649,207.72261814164062,37.944398643193104,,
1164,0.04104374755623777,0.1008413977503749,188.74668981025863,41.18071320027653,,
1165,0.04015816499298166,0.10070075725605551,223.03220018966653,34.93308259392916,,
1166,0.040590795770227145,0.09751080015678218,176.2633224822734,45.93474897031833,,
1167,0.04122969718891746,0.10200806449797489,197.57708303971143,40.92442352499624,,
1168,0.04062247771932525,0.1009107817105254,204.57806310869643,40.08180828675208,,
1169,0.04001516001637013,0.09869832201400233,230.09894912228052,32.85788665563375,,
1170,0.0410561882263677,0.101808023778301,197.5158869807859,39.7639685844696,,
1171,0.04054361998263373,0.098891808963385,193.22062241142052,44.33690821645334,,
1172,0.04074819878652046,0.09942354655541802,188.87151309995247,43.859384978751066,,
1173,0.04024329774361307,0.1008390405411139,220.37882808425823,36.8076753573457,,
1174,0.042112249703600425,0.10489308026525089,205.58589870147497,38.34296311485898,,
1175,0.04020633595476667,0.09894538527967864,203.9128434987877,38.770291500057766,,
1176,0.04026854286196938,0.0999310358470289,207.63958222655694,37.55348917817283,,
1177,0.0404727908236677,0.10200001269078968,218.68857080169718,36.833625109020794,,
1178,0.0416599443199946,0.1015094202963747,182.92706756993232,42.67818039300206,,
1179,0.041470553435316894,0.09969758444865394,172.62864145353137,45.914418412211184,,
1180,0.04012848696599329,0.0992641697882113,214.39838234085167,37.27606771561741,,
1181,0.04025707814749322,0.09843767309344967,200.36354953175982,41.821118083911045,,
1182,0.04122559251886684,0.10247844731141781,198.6275799400663,38.97489464087077,,
1183,0.041002517779831785,0.09919116761305219,176.47429874446237,44.28673606268515,,
1184,0.04030976388340978,0.09871003059900055,197.2203725882321,41.05288771628531,,
1185,0.04085943017768034,0.10207122702530722,210.6957236154299,40.46462495692587,,
1186,0.04254175952841052,0.10105319674344669,168.33413132883462,47.10634225173031,,
1187,0.04008868431627378,0.09786032698665492,208.44149762226425,39.365127116500815,,
1188,0.04122666069364247,0.0997136566393319,176.09550215690618,44.39478912258595,,
1189,0.04035209468340422,0.09861037095465054,192.88354058103886,41.19347663898896,,
1190,0.04018200016792364,0.09811355818781359,201.66498382781157,40.986276440950085,,
1191,0.0434770162923498,0.1025475210402371,171.54840621104506,47.307878424358016,,
1192,0.0407023179541754,0.10045817647096056,195.85276816429882,40.57514776750239,,
1193,0.04091614983821541,0.10004351006047033,187.66771074001662,42.94578098512651,,
1194,0.041117457340215685,0.10213751850576785,204.24020973069375,41.31188727770242,,
1195,0.04202307544071428,0.10401487851742264,199.18086237458252,39.57878880805162,,
1196,0.04002537302962608,0.09902039282634587,228.06854577335048,33.22492431480211,,
1197,0.04086742635798551,0.09888117475469853,177.71369996887876,44.35568495422311,,
1198,0.04032083340176406,0.10073494154931992,214.46611036862348,37.676529424512445,,
1199,0.04014297823306758,0.09926117106459321,214.16276966068395,37.99570165465415,,
1200,0.04017856186132447,0.10086818682051732,220.63863313493178,34.22153440389802,,
1201,0.04042093397559692,0.0996089032353974,197.83812313322116,39.850776179201546,,
1202,0.04051652680213457,0.10276115237299771,222.13818578653934,35.29919660875085,,
1203,0.04070877936258373,0.10100362099324013,199.5994421820108,39.36925577727143,,
1204,0.040035802707881096,0.09630795007968053,201.52735218276203,38.8530183354167,,
1205,0.040174938076135,0.09926420271639284,214.51831066806915,39.65041857583247,,
1206,0.040048344546634744,0.09825971383700753,215.87450878560816,36.22602412796679,,
1207,0.0400001967912371,0.09827945433084936,261.6064246078314,29.00160488714429,,Paste viscosity high; Ambient RH low
1208,0.0404347125770547,0.09909470724583339,195.17177820774532,41.71682315001548,,
1209,0.04247159687543456,0.1021771832123203,177.60165113151143,44.42237216866086,,
1210,0.04024605629710193,0.09951925629595117,205.6766277219444,38.09281848674871,,
1211,0.040756799749143174,0.10263484924557413,214.34409143943756,37.46905523741792,,
1212,0.04097582266283366,0.10079225643848563,191.0627517198028,41.34354639576077,,
1213,0.04009532938898975,0.09929437415684216,217.54696041558537,36.13815006593035,,
1214,0.040358010412905085,0.09909752430812434,196.86426189742457,40.402356784013136,,
1215,0.041097852393629945,0.10167891481762871,199.9891621944271,41.785160638418496,,
1216,0.040387199359508276,0.10180802439627608,218.45760068475704,35.679204276089465,,
1217,0.04001146420080689,0.09712753317409992,220.33936731479292,35.6517697989289,,
1218,0.04017257850349907,0.09954370138270693,216.38636675283777,38.85285036190667,,
1219,0.04092794270393543,0.09654141872797994,153.92051466414296,48.122450325809375,,
1220,0.04074024823656646,0.10066430134517572,195.5391245100421,40.08984889998978,,
1221,0.04014518272610647,0.09970451302195837,216.0853172160569,36.646560256233755,,
1222,0.04013586621000051,0.09980170658309749,215.76034078301828,35.56898971853363,,
1223,0.040714386466647524,0.10091313316370645,199.52329014549858,39.87224319870192,,
1224,0.04065423364585617,0.0999494744743795,193.95822895261503,41.543672167522146,,
1225,0.04008229430197612,0.09821942915528731,215.09604377124583,39.480243180099365,,
1226,0.040164881153596725,0.10099275959203041,224.16761079871387,34.24271627573541,,
1227,0.04055496051488015,0.0987497973535071,185.60635679916186,42.55955866411416,,
1228,0.040047146811744365,0.10041681127611744,239.93038070268847,34.14327977808313,,
1229,0.04067101783463226,0.10040907459550252,196.55810616559899,40.53145801431071,,
1230,0.041041956760779735,0.10103552233363451,192.58822866202794,41.57529650013006,,
1231,0.04063373607108458,0.1000093449617749,194.57408775492036,41.10947024740081,,
1232,0.04070494173135316,0.10077032333130498,202.68242090697322,41.520599353142025,,
1233,0.040181040213823925,0.10014327042870448,219.4331810618116,37.407479424162005,,
1234,0.04017544580919603,0.09880552090774679,205.43745539122486,38.68502097843428,,
1235,0.04017795674958869,0.09894768331166442,203.1232457976754,37.29328781972781,,
1236,0.04123407051050351,0.10190858757655098,196.25159770048487,40.987874443342946,,
1237,0.040299498366997775,0.10063718321548606,213.0985260430529,37.038697826682075,,
1238,0.040386930603970535,0.10200656186024022,221.2828154155047,35.71011972644196,,
1239,0.04047238361091983,0.10118347068519473,208.39634740203388,37.13816801522003,,
1240,0.0400055086505678,0.09708917977341855,228.27855088718815,35.319000080719476,,
1241,0.04076663088342724,0.10003552631050297,188.45613977489677,41.04821464243658,,
1242,0.04023892966892446,0.10116147619703132,223.8530657970981,36.32146989716043,,
1243,0.04004727145803597,0.0997745289729678,229.71202078940118,33.656487671354355,,
1244,0.041199609507847394,0.10187349887625077,192.4936886231188,39.430039674077236,,
1245,0.04039625825726503,0.10139690215496056,216.88958102157733,37.337861056109794,,
1246,0.04014112886310911,0.0969972034030775,190.95072743567601,40.64644583130076,,
1247,0.040894599512714694,0.09912829781282305,177.70021227464656,43.54681134573817,,
1248,0.04141049956028549,0.10118595026491657,187.51944371736866,43.34894193504408,,
1249,0.0401576862101239,0.09882970691204432,211.3559621522726,39.82986272877126,,
1250,0.040349862380285956,0.09766350633970404,182.96118479431237,42.20699337416118,,
1251,0.040509692849558965,0.10175493145659055,214.30749247197076,37.256651369900865,,
1252,0.040785772667232746,0.09998034389104239,189.72041770853335,42.05949992520011,,
1253,0.041329598913886795,0.10194245516657299,198.20489077648278,42.59013781023536,,
1254,0.04162910396355334,0.10246369063103615,193.46786983701534,41.489709064283694,,
1255,0.04049092017104869,0.10183907000284723,216.7174625741531,37.3063635436407,,
1256,0.040089645310688815,0.09949116050069991,217.7677825700082,34.8489915877468,,
1257,0.04047201747974201,0.10105692924756957,210.72784553417813,38.564250389739804,,
1258,0.04030758522403978,0.09829934127582544,190.7906982829515,40.7040783723004,,
1259,0.04002593035999466,0.0976423555040318,218.01614620865183,36.45189201252535,,
1260,0.040140550420641796,0.09741215393979606,195.997211549827,40.39173264334431,,
1261,0.041666305109393904,0.10172220091238313,185.73671918162924,42.702430741074075,,
1262,0.04159152297898114,0.10149297248094795,181.0492477054809,41.43068789245661,,
1263,0.04058813982155214,0.10031498275676708,197.48593816150054,39.825019683190924,,
1264,0.04024955417479325,0.10108000007247675,221.0782961297362,36.10774009486266,,
1265,0.04002717317267607,0.09697391539495451,208.4683499243711,36.56381206551612,,
1266,0.04058918252706222,0.09999548299697107,196.37913337212612,40.997730008343794,,
1267,0.042140119604797646,0.1010502167253254,169.6880998993264,44.47257295434213,,
1268,0.041031697490024,0.09993370974700452,185.62919961767838,44.31078759263797,,
1269,0.04088001476499813,0.1025725802896649,211.7886622654337,38.72581556464987,,
1270,0.04005025059102483,0.09908643752122646,229.08886879388524,37.12553603943621,,
1271,0.04070245331574685,0.10042231297359736,199.95933408100493,42.1997242260433,,
1272,0.04082424150777311,0.09847266537534209,175.8301248397455,45.02831838018485,,
1273,0.04024797070742583,0.10048142464230668,218.28924339812113,37.9609784073656,,
1274,0.04080734171935674,0.10059736923998171,195.75627778769746,41.53883021467026,,
1275,0.04086434196131291,0.1019619826180136,207.28533623394344,39.86054461595361,,
1276,0.04153120020616422,0.1020930360704005,189.3386501954735,40.855870418351486,,
1277,0.04110170366226194,0.10297580277982145,212.09840778869457,39.83991786943605,,
1278,0.0403090839612509,0.1003111773538882,213.4143541431826,39.01107024052031,,
1279,0.040765715202912535,0.10012998558922764,192.89326036862363,42.14310950118595,,
1280,0.041048527976762714,0.100215059263837,186.53222852312766,43.48683070039373,,
1281,0.040528597235053546,0.09995413763032782,198.77951321293892,40.86498047654173,,
1282,0.04132115825035841,0.10052067650255178,180.77641388024202,43.216578125120876,,
1283,0.04001287651392593,0.09945890854754176,239.88059408067335,31.838598560737942,,
1284,0.041897005945384785,0.10149508197170805,178.93991906158573,43.519758721471575,,
1285,0.04019413096087463,0.09773195774882923,194.17666930422052,40.702869610026866,,
1286,0.04045706292581267,0.09879694854013832,189.63456386626194,41.70992027480694,,
1287,0.04169543788949361,0.10059761614489575,174.34221180328393,44.392309900341004,,
1288,0.040161047646045445,0.10034876579785502,220.8853369843875,36.01470238487389,,
1289,0.04060560490250172,0.09940265574822327,191.26516540319645,42.36284204407523,,
1290,0.040003136373286605,0.09525381762616436,214.66102411441472,37.018303404231496,,
1291,0.04037022996341937,0.10031001206069076,207.6034494492434,38.65407519491025,,
1292,0.04057815608570163,0.09999530727698276,197.29910613703225,41.114910523162266,,
1293,0.040636825745233335,0.09977642356606711,192.9047830460197,41.70091122167457,,
1294,0.040189819252241375,0.09650177550752552,181.77219050801736,42.08920565179646,,
1295,0.04108076535998091,0.10001675573528998,183.65900323281153,43.840079913470035,,
1296,0.04047233358086505,0.10047489957707664,200.45852508609855,37.75962080513154,,
1297,0.04022231255799453,0.09878678880496236,201.46082028929075,39.28697582552292,,
1298,0.040318232517196496,0.10214463558012288,226.02054411840916,34.867770345750074,,
1299,0.04017633715120433,0.09843374631116675,204.2665186142948,40.10788325662356,,
1300,0.04001908833594454,0.09896107029068969,234.89523182589284,34.43650063793612,,
1301,0.04157842458291486,0.1008705032216068,176.3267543981533,42.64259952615274,,
1302,0.04007476430122965,0.09869888160987346,219.4623933610456,38.076657118151566,,
1303,0.040146036747297276,0.09819840566575673,204.9099966820578,40.024045632310234,,
1304,0.04120654399340544,0.10282103981067554,203.69889391009252,38.88717880078213,,
1305,0.04042557477702636,0.09809179146020483,185.23066716387834,42.84153704786723,,
1306,0.040486113290197114,0.10083365922028564,207.43659257549515,38.78659774596892,,
1307,0.04071652227555731,0.10122454155646972,201.54760022432058,39.11712895594452,,
1308,0.04009912053239137,0.09752789854966588,202.2974187611421,39.55893253562577,,
1309,0.0406139588357672,0.10094132901351563,204.0951510978885,39.60905862142329,,
1310,0.04243788992379579,0.10293470564364472,183.09544090634915,42.44624700771039,,
1311,0.04127403936080715,0.10060553513739157,182.018777727388,42.718100349434444,,
1312,0.040314883886428496,0.09975697608721514,203.04134863080742,38.19834654280734,,
1313,0.04012072887633088,0.09922004247755789,216.48388590098932,37.774667121625534,,
1314,0.0400237379973258,0.09820317798268745,225.24927094238748,35.82532177110745,,
1315,0.042754786224054604,0.1020810441533269,172.09743020541802,45.006893749274546,,
1316,0.041344526619306265,0.09914273825259187,167.07369568751744,45.29588925322456,,
1317,0.0413368183470219,0.10235519531574094,192.9269869818081,38.81295610124146,,
1318,0.04003226136658951,0.09548881000222527,197.89913597526208,40.94789204077979,,
1319,0.040027210099807496,0.09777650775396325,215.0380921573731,35.011577996469526,,
1320,0.04087644140586319,0.1007330616997469,193.6797394994285,41.17222573441223,,
1321,0.0431398181945099,0.09959148157963597,149.7877930883335,51.774833955630584,,Paste viscosity low; Ambient RH high
1322,0.04015737647453221,0.09981161396720184,214.43173368583427,36.1560294235036,,
1323,0.04050235458036085,0.0998981890494132,195.80081839691525,39.544439282504456,,
1324,0.04177541176637781,0.10221306330349453,187.71731521010054,42.05258694890082,,
1325,0.0418102398642987,0.10152235470022698,183.40510118643144,44.18650326742659,,
1326,0.040360182201168465,0.09853518194655113,190.05520598853215,40.77420746603957,,
1327,0.04068217180213509,0.09930492732046711,190.94072294878308,44.074702663136705,,
1328,0.04013277560147384,0.09888692274068622,209.76059450066037,37.70236472453553,,
1329,0.041938563575770395,0.10208749098723068,184.38795258614894,42.9444007872737,,
1330,0.0401369952204267,0.09841506520560347,204.11660707205507,38.22112182144164,,
1331,0.0400110897400086,0.09528912302588753,208.91615583541682,40.3460898044033,,
1332,0.041038125342440876,0.09794926764731025,166.4013848991629,47.19701041985264,,
1333,0.041535211053819826,0.10104642034914876,179.74277862047273,42.56701679225746,,
1334,0.04137019886834918,0.10144794186921993,185.6702651352457,40.999200433274304,,
1335,0.04103186301121132,0.10271141226045627,204.49908077401398,37.55078784211826,,
1336,0.04104771340544636,0.10135181973432435,195.65016401963567,41.2014483695965,,
1337,0.04047970507361549,0.09923022815297049,192.58539415076862,41.15536544406233,,
1338,0.04009303991547225,0.09807717943251258,205.85511535900704,37.72821594396268,,
1339,0.04057742168111618,0.10019304192048349,200.34912117317316,41.221808854349085,,
1340,0.04008615041677007,0.09957457362178905,221.74920931576088,35.58447110290194,,
1341,0.04046160175601327,0.09927037510215227,192.86492549095445,40.66351153133317,,
1342,0.04007985897754786,0.09970754260317584,228.85283715360993,36.94672921439652,,
1343,0.04182329997579097,0.10286668605651647,193.35109814046737,41.31926665100697,,
1344,0.044209002849469596,0.10343889870778146,167.41502856692043,45.799476475267895,Paste volume per aperture high,
1345,0.04001213738958832,0.09882187803415801,239.9799149077268,34.667658312790444,,
1346,0.04160727101041954,0.10012213754703396,173.0153750679563,45.37354836404849,,
1347,0.04015015413132913,0.09918784566728817,211.75106701640652,37.86688126774223,,
1348,0.04130442322846663,0.09814133077335008,160.48028755022287,47.36503831133154,,
1349,0.04001671424384452,0.09691251716443006,220.20849876846768,38.48090420527946,,
1350,0.04025011542658122,0.09882479868153364,203.7766438251196,40.91807596400237,,
1351,0.04024057880297299,0.09917744300729198,204.38414900619256,39.09607663548533,,
1352,0.043802872693482986,0.10278265253367155,167.6223880148943,46.739707092802604,,
1353,0.04024157405943133,0.09986595771691499,212.87732816623904,38.801550011646114,,
1354,0.04027361104553377,0.10158509540344009,224.82446340841722,35.79000596173558,,
1355,0.04077349827335777,0.0989086770830827,181.27542466862846,44.06651368190609,,
1356,0.04040222716037801,0.1009428518868716,210.3432820174243,37.36835908947946,,
1357,0.040123566422892304,0.09849242403690643,209.26202884006503,38.90916803128171,,
1358,0.04387854779588947,0.10343266864148953,176.18195281541188,47.05906732186182,,
1359,0.040420784818576104,0.10115920375414346,214.61114628623986,38.2754430627832,,
1360,0.043134295018825514,0.10203128385327132,165.5688373459306,45.519250875686986,,
1361,0.04111818587051659,0.10147713161420398,197.0370155279876,41.969807117883576,,
1362,0.04048067805475187,0.10070059411545343,203.527333202287,37.93322817283432,,
1363,0.04009846115148129,0.09716355688669381,198.7684111189644,40.02816869308407,,
1364,0.04125015727927221,0.1007908239378803,186.05686688324084,42.975992738384,,
1365,0.040314275910669405,0.10069192807745224,214.60428655708313,37.743493698658924,,
1366,0.0402536346485403,0.09755514450176789,190.04572114890192,42.32773152802423,,
1367,0.04306197531510636,0.10300365869231246,175.6879802723371,43.91578229314234,,
1368,0.041028933403324655,0.09950461548382361,181.69008013339513,44.95819868045209,,
1369,0.04190392349312133,0.10216002408464248,187.0071984717171,43.21469700383516,,
1370,0.040677663151982305,0.09973858171611659,186.8645363403167,40.46434323564189,,
1371,0.04070375399277454,0.09857229898540443,182.15274421725707,44.87656581893526,,
1372,0.04048441525226811,0.09887288830094278,187.72999260273855,41.27004974289585,,
1373,0.040222980451218616,0.09694307141750613,185.69781358162243,42.65783979740869,,
1374,0.040110765185041294,0.10158907352443187,235.68787613061107,32.49228509283479,,
1375,0.04006861190188665,0.09876723968867718,216.4811409221916,36.14291753716962,,
1376,0.041099683904021106,0.10135815152195489,194.7106205491136,41.495120809495624,,
1377,0.04019676648593921,0.09940606164740245,209.67144257894236,38.19059638541311,,
1378,0.04008557265716856,0.09956648843782993,220.96880076709516,35.303302538372165,,
1379,0.04018909345895889,0.10004317036384616,213.73406623712546,36.226251740154865,,
1380,0.04006815279202876,0.09769852061222128,208.0116652532548,38.2752141189543,,
1381,0.04008182797577429,0.0981282615313937,212.34099361337672,38.91105001996857,,
1382,0.04029813665902321,0.09868845791024697,195.97492746626995,40.370663952352636,,
1383,0.04063591984332702,0.10301710843999508,221.29868776665822,36.04636418147821,,
1384,0.040144385887289434,0.09900692769927766,209.34915813078237,37.59881686597398,,
1385,0.040433504090914826,0.10059790434475102,207.20403305123037,38.67177462530883,,
1386,0.040418388336107725,0.10077527578763266,207.26768528273917,37.48232554747094,,
1387,0.04056946407029681,0.09755413413600945,174.53647309221745,44.71139281083431,,
1388,0.04028912419060497,0.09843603672765162,194.3681844943567,40.74755506240142,,
1389,0.04009993368176592,0.09923448728206473,217.2462623863585,36.64455011286205,,
1390,0.04023398398018054,0.09962005891654979,209.7615337572561,38.61935555795613,,
1391,0.042020668910786124,0.10153288024682475,176.44039021891345,43.526009247631414,,
1392,0.04129152450814107,0.09947180707394922,171.69468735916885,44.74971548049286,,
1393,0.040539201632591705,0.09986716406768072,197.53677037077605,41.05958223686614,,
1394,0.041406014888824776,0.10255114367959874,197.32908817439255,40.16677046592959,,
1395,0.04188624194221617,0.09975698531746464,165.1675621536669,46.96251735430252,,
1396,0.041115367390363096,0.10014618685336137,179.6854484080256,42.2429641372904,,
1397,0.040225564896597905,0.09787008491536325,193.7000369836365,41.09887838341855,,
1398,0.04078749080952001,0.10388086624532616,227.68051179763387,36.63515021219237,,
1399,0.04063951833587279,0.10070481510744889,197.93262794815146,39.03735458217361,,
1400,0.042765611581711556,0.1030880863349749,184.6778417680628,44.65673520569397,,
1401,0.040388848722964464,0.1004288852156158,207.78604109617766,38.61834721261624,,
1402,0.041877221985276554,0.1039529861002955,202.60464361602632,39.81940756031044,,
1403,0.0402122036817826,0.09845413646703605,201.24231569232617,40.43153888478005,,
1404,0.04135819840713744,0.10093157771411276,185.2352363280813,43.21052509568521,,
1405,0.04088534218359759,0.09955175499980352,181.1198206952004,42.57556812161609,,
1406,0.04012002286634807,0.09991172274264672,219.97025599341757,35.62089432672017,,
1407,0.04055114988892324,0.10013579901021037,199.22447085681364,40.59365350931087,,
1408,0.040154816065852514,0.09955707535789171,216.72007069015356,38.06819412177254,,
1409,0.040337266614784324,0.10039049554846621,208.27822374514446,37.62054049094377,,
1410,0.040044206461932935,0.09773624746948494,211.20310597594022,36.578432339352005,,
1411,0.041203124200612874,0.10314502824893346,206.40303079305312,38.23591953599548,,
1412,0.04165803912183772,0.10308475556953418,197.10358725361826,40.05095253532371,,
1413,0.04044018913447918,0.10242059718479404,220.8327650893484,34.82861710867955,,
1414,0.04015032494189884,0.09855629154147201,203.75560069582608,38.10556859544768,,
1415,0.04224175020151069,0.10143672423961021,171.1729084355827,43.951282429034,,
1416,0.04045012317379829,0.09883491017480983,191.32860523214896,41.968323673803546,,
1417,0.040304420430611464,0.09813527060176871,192.42577560054514,41.97976413342986,,
1418,0.04006197375331315,0.10180414745128455,247.45767002339863,31.758990823354445,,
1419,0.04017664650148178,0.09881747227384724,208.79699509568502,39.86629858117706,,
1420,0.04035234123336108,0.10014777394075311,204.93405748530543,38.02422543266368,,
1421,0.0400542627480408,0.09769191223104542,211.5416030171721,38.13542449990976,,
1422,0.04013432925925792,0.09972897078210563,218.1010664145614,36.66251348046403,,
1423,0.04220306489943408,0.10282078300610499,186.355431060286,42.31119663302194,,
1424,0.040361066505114666,0.0998324855701376,202.4066341899348,38.88791453496534,,
1425,0.04021261003497709,0.09805788207961914,194.53558183655156,39.99527504445073,,
1426,0.04059772383972493,0.10041219597889638,201.23927176944562,40.85884597578185,,
1427,0.040200726401811195,0.10054355240306016,221.2134430525599,36.92882841993077,,
1428,0.040706112152133295,0.10043695359046562,196.66278874908988,41.02665197542776,,
1429,0.04057858736723266,0.10148429082643413,208.81830806356194,37.9936970615284,,
1430,0.040630673328961656,0.09995448569911393,193.93715416021908,41.094972965743565,,
1431,0.040914697702808395,0.10097990712728853,194.0957498215535,40.66942499105421,,
1432,0.040599410412532046,0.10110865335270396,206.96492123338183,39.545557453145605,,
1433,0.040272031449187465,0.09872083733582489,200.05137871416608,40.836368836894536,,
1434,0.04001932313240851,0.09763683836601898,221.23644023090353,36.07735375134834,,
1435,0.04117362507096278,0.1029723732352836,206.9355509403638,38.909235910083794,,
1436,0.040179856996341336,0.09881830532492548,206.9085019559508,39.337813956687654,,
1437,0.04019212106140512,0.09992003459393196,213.2671362600303,36.78369725289558,,
1438,0.04092939655146983,0.09938583741907851,177.93587289790443,42.8737528432799,,
1439,0.04056558623768555,0.10023656920140281,200.89010902593625,40.97559333025786,,
1440,0.04021191445007989,0.09970175150967364,212.75490108838747,38.454744340313695,,
1441,0.04004860593568998,0.09781444899972198,213.36171908359972,37.52279233088561,,
1442,0.0401421701470678,0.09996410183798737,219.31620915508086,36.37560308391507,,
1443,0.041892964400555927,0.1011087775916429,178.08172209630553,45.047672504581584,,
1444,0.04124563659862407,0.09842501458537743,164.0932994738787,46.60460711154756,,
1445,0.040037341149457104,0.09701055413946033,210.32289980790515,38.800254272150994,,
1446,0.04362543864126877,0.10226512803191173,164.1646627956467,46.96909098422618,,
1447,0.04114341219328231,0.09898795160453625,166.01047227623502,43.35621516422168,,
1448,0.041232659055332924,0.10016381288710119,178.64408855601656,43.18853072942584,,
1449,0.04052140898881438,0.09940785402058136,194.45686006165823,41.83308843639345,,
1450,0.04062517252377946,0.10070280225410956,201.84912400385724,40.17239085808342,,
1451,0.04129202780414551,0.1016268390926394,191.5231745974807,41.339926216091385,,
1452,0.040087252627494,0.09785478223406244,204.30229677455839,37.822305919395205,,
1453,0.040020629875527416,0.09935683528106959,236.78305638178963,33.58898622286749,,
1454,0.04079613108381035,0.09968489201382705,185.50291828553313,42.15835339675362,,
1455,0.040768354815434095,0.10028584271166517,192.20206094245,41.187677877312254,,
1456,0.04107023793817109,0.10123110948892684,194.91527320128682,41.81209139485249,,
1457,0.04147845878076559,0.10237148251372984,199.36954981694112,42.51274631975658,,
1458,0.04241119552565143,0.10089415747739962,167.0547302125741,46.44191844676537,,
1459,0.04089024258028924,0.10219217651806527,206.8762971544525,38.97666381727536,,
1460,0.040340444513567254,0.10024594096346119,206.30214715882047,37.70939777301307,,
1461,0.04095618155264694,0.09905874618327638,176.6031595187432,44.35149540623979,,
1462,0.04022958660566514,0.09991732669609173,215.0943605826057,38.90496420156416,,
1463,0.040651894912225164,0.10007012955892931,193.19041374827694,40.64884943849899,,
1464,0.04007016557742416,0.09808149568061353,211.32360841265574,37.77911323867706,,
1465,0.04030429259881563,0.09985654069790607,203.5048400151347,37.56893419116942,,
1466,0.040846283263978066,0.10061226181222685,195.34507199103209,41.90434910077613,,
1467,0.04014528884102149,0.09909354062597961,209.5443806800326,37.29593750292875,,
1468,0.041511432251030676,0.09948858553050181,169.65907368000245,46.29521647465742,,
1469,0.04147401901303675,0.10138923022895148,185.74516185762852,42.40525638506289,,
1470,0.040112340885609145,0.1008663458489336,229.82319548727256,34.01441604432943,,
1471,0.0402362737190228,0.09862534759275494,199.50356729507197,39.888084545367704,,
1472,0.040885561726635405,0.09951209509851083,184.0785320877408,43.8143376672001,,
1473,0.04050851232040042,0.09710437164358078,170.67708353659282,44.30607841355455,,
1474,0.040011908713670226,0.09974530372598116,243.9535250134897,31.517385371770963,,
1475,0.04071030304632316,0.09948094048944792,188.57697361446404,42.86198107668863,,
1476,0.040933209277045655,0.1013168483412743,198.8069225797293,40.96131707149202,,
1477,0.04087759406428546,0.10107898017187754,197.1057145244284,40.72638476500035,,
1478,0.04046627462621209,0.09867748287178278,190.75234646330202,42.886016607193845,,
1479,0.04097475791395357,0.10179653136262375,197.35561041791743,38.697558717961215,,
1480,0.04015651451362815,0.10019636265891275,220.293568442737,36.32356540144855,,
1481,0.04019533937656796,0.09892766985562157,201.6715025699755,37.62036163799417,,
1482,0.04027042018831812,0.10063293812235025,212.98494468926378,36.10951025595157,,
1483,0.042453947136890144,0.10136746231980372,167.04277664988126,44.47567259818563,,
1484,0.040102302934750936,0.1001795461238059,227.31341670851097,35.79253003823877,,
1485,0.04032967937505255,0.09968285651578747,199.03432898290413,37.56588651206816,,
1486,0.04034997361155139,0.10130949216188433,217.4970619181678,36.780615839405485,,
1487,0.04106334248025672,0.10082424188851417,189.77338672765512,41.87615614432115,,
1488,0.040879723759668994,0.09973304515166567,183.74090961811717,42.54401962029946,,
1489,0.04017565977443982,0.1008008610575121,223.6339503257767,35.47484749456997,,
1490,0.04002493502874041,0.09776052452336634,221.72505233181164,36.98096539006582,,
1491,0.04049731167994373,0.09953667952740795,195.81363859655272,41.1896670519352,,
1492,0.04218910424379671,0.1031889365935913,193.20335740648542,42.83603673969535,,
1493,0.04019001224481997,0.09982480123623273,214.90161250148537,37.73207433970341,,
1494,0.04039083165592803,0.10049219501725176,205.8540048064653,37.68027324881727,,
1495,0.04031569118816885,0.09875890004731021,197.1717188730191,40.97289271115287,,
1496,0.04141316175836088,0.1023269195376052,199.4312750343696,42.06774265922634,,
1497,0.040179753754969905,0.0990848589469363,206.06948822891414,37.74936150344365,,
1498,0.04067740445697257,0.1023901131507695,215.27976397219368,37.675557127579324,,
1499,0.04056436156901771,0.09986759981787394,194.66676580314794,40.538659305835544,,
1500,0.0408381331779509,0.10038511387874423,190.32250262546665,41.109116276626295,,
1501,0.04074228460667555,0.10231529609450381,209.3309015634988,37.012323460160495,,
1502,0.0412639373103418,0.10044525953670637,182.8595772132726,43.67460712062316,,
1503,0.04039629738842468,0.10055660571539006,209.7955414451142,38.89554662031804,,
1504,0.04013316256148787,0.09822047414837878,203.82892264433258,38.85065482143081,,
1505,0.040145869123154224,0.09945836570150976,213.85999653422869,37.08598059147711,,
1506,0.04007088737210557,0.0991030513201556,222.34285699035303,36.79720589990239,,
1507,0.041411117370318634,0.10023272808316308,178.2035195150443,44.67380393376288,,
1508,0.0400762544420359,0.09889964778899517,215.48267877350634,35.830468496245246,,
1509,0.04001978216128915,0.09866703099589937,227.40535547285873,33.39690085114961,,
1510,0.04010497576008746,0.09919556109217108,218.73658168591612,37.699286353727075,,
1511,0.04028480056217176,0.10179036652302535,227.60417274178997,36.134153209399464,,
1512,0.041342933625439324,0.10095761174082199,186.92510511208883,43.51461137222887,,
1513,0.040385063505042666,0.09874852669482052,190.42123504032713,40.51463083866976,,
1514,0.040394543396170636,0.10031121003198205,203.99867496027045,37.992309907500776,,
1515,0.04044313527884787,0.09922783901680382,197.70527453578785,42.161219311120036,,
1516,0.041868604747765416,0.1017355285267081,184.3736817813387,44.02347410558197,,
1517,0.041281617158358076,0.10198563641150354,195.23070834843008,40.79760874401017,,
1518,0.04272134336288274,0.10148119404975167,169.45638815035423,46.73640566145969,,
1519,0.04212782831268958,0.10299514649114352,189.0772290036486,41.81620055509742,,
1520,0.0404543297567081,0.098273916599815,185.26097277068286,42.63248315389762,,
1521,0.04052738414751759,0.10005218979726675,199.34319425283223,40.56559735948944,,
1522,0.04068089387936202,0.10035006108800333,191.95831985943025,39.36243064971706,,
1523,0.04208710447614305,0.10208095165330099,182.21850785871845,43.47573091471107,,
1524,0.04013393750469062,0.09919860664123754,211.8226020877252,36.98807659297545,,
1525,0.04054683622955374,0.10206290200815517,211.55961215498928,35.550401129765206,,
1526,0.04014874133162075,0.09686905680888111,191.55421472856116,41.8721731863974,,
1527,0.04025842791270396,0.09966142092385351,206.97567947042052,38.28708733997708,,
1528,0.04157069300920235,0.10060924195113816,180.40732456351543,45.26819382488641,,
1529,0.04000839116182169,0.09783269905697282,227.42453828356273,33.294093541404045,,
1530,0.042277169887646564,0.10328855557441226,191.25272859329948,42.37071659534395,,
1531,0.04067305099866586,0.09891287737317303,183.4619946185275,43.17420644120416,,
1532,0.04261081803721441,0.10391954494388504,187.32350893622927,40.46501080195281,,
1533,0.04005473798960532,0.09923256243378599,224.9341497048505,35.470501854314065,,
1534,0.04015794845452789,0.10175146699475593,231.80085056959933,32.94016636695263,,
1535,0.0402327356073409,0.09951288171398141,210.15367241335522,39.23039637268619,,
1536,0.04000244479964646,0.09777397145419434,239.49488665160797,32.60430353729069,,
1537,0.04084037614258935,0.10043500210256373,190.66577018423658,41.02242780557233,,
1538,0.04033913616641223,0.09904058815302513,196.00263190211484,39.86277372064734,,
1539,0.041220500438669976,0.10260433558763231,199.42818953122082,38.590052630577894,,
1540,0.04022089329436989,0.09971132436552037,209.32384875827182,37.54126010749306,,
1541,0.040716757926058035,0.10222328433725125,212.87249514256555,38.29164725464245,,
1542,0.04107876922437285,0.10123675339045395,193.41062348924302,41.361480502755626,,
1543,0.040430782129935734,0.10071112775332339,207.96576078024486,38.33024713933655,,
1544,0.04010271527420946,0.09848193282046172,208.24670722163663,37.29458189186075,,
1545,0.04056362633315618,0.09983061896449962,195.52687802305002,41.00661619154196,,
1546,0.04105164239528477,0.09910245096235246,178.26812584795462,45.98622811912688,,
1547,0.04063132703008816,0.09940747569781243,190.1308680473262,42.40649719470304,,
1548,0.04004443937939349,0.097867640453512,212.32390943622025,36.36988290993235,,
1549,0.040027647382937015,0.09569062859784241,201.51816854955646,40.40499199489007,,
1550,0.041260389271729474,0.10174963469390663,190.5888563840235,40.05945323798154,,
1551,0.04128998698572936,0.10031954751212407,183.51061615544532,44.80594917092096,,
1552,0.040650359592550485,0.0997099512234554,191.6129200318901,41.805499211325305,,
1553,0.04150512309638367,0.10320153390541473,201.0494058683422,39.36818910181826,,
1554,0.04009572306336274,0.09825596596282253,207.35179588157732,37.58589285194516,,
1555,0.040833534998904346,0.09987962340604821,186.7766855506094,42.23194274943425,,
1556,0.04115515254961287,0.10064579425389945,186.5738693618218,42.74409647466629,,
1557,0.04071246917811807,0.10083937896238189,198.42743263948253,39.81027451462114,,
1558,0.040143273925590015,0.09910200199252753,211.9534198520918,38.00057601627303,,
1559,0.04111892635499484,0.10124739440590855,192.8264066629089,41.60313470429957,,
1560,0.04009170313380632,0.09830448268308517,206.51931685931328,36.766381874463974,,
1561,0.0403621158747987,0.09985398407349302,207.85371871450783,40.73375887939144,,
1562,0.040326464566494157,0.09917311630706079,198.04001672183517,39.587052500855286,,
1563,0.041123229399359626,0.10173236403411917,196.94355827788291,40.765572249238936,,
1564,0.04071759253220721,0.1022175826123219,214.4548223362692,38.89125666359592,,
1565,0.04039484993274071,0.09927690415749955,199.6269328747473,41.454576618584554,,
1566,0.0406357030149922,0.09937481272903204,187.1360213004279,41.58573925643149,,
1567,0.040277503290254,0.10000935958683875,209.31269592487493,38.054433032530994,,
1568,0.04152068599095623,0.10225560787790307,195.47578847160426,42.129769192754736,,
1569,0.04042093492462711,0.09886302197589919,191.07194812552527,41.06703766268401,,
1570,0.04158832633967183,0.10267007432126674,195.22557586815472,40.71427146901262,,
1571,0.041414662815632275,0.1003342055565838,180.5608650875471,45.052896282711465,,
1572,0.040191606468022854,0.09620954500276163,185.65867774478477,44.94761280958331,,
1573,0.04054459637337312,0.09911118732580275,192.50747253732865,43.04468027271759,,
1574,0.040521742514743414,0.10079553903383785,206.4499373697655,39.36712107991192,,
1575,0.04048516339875366,0.09869391496515745,187.94865085951272,42.22797472006468,,
1576,0.04073830066586171,0.10017237943109544,190.08411129513524,40.510354713614,,
1577,0.040073928486505185,0.09832796783582508,213.36132406982333,37.64317060093529,,
1578,0.0403447594811903,0.10045821859404717,211.9465495122868,38.793625387313206,,
1579,0.04291604198311589,0.10228725014639062,172.6500055635718,45.324021648937304,,
1580,0.04084913327489275,0.10105087843025339,197.59601484975053,40.621361649930016,,
1581,0.042340950408531315,0.10297757201503771,186.84611517264182,42.81822324209104,,
1582,0.04127747336817401,0.10059141136925458,183.5564684468697,43.36774016777477,,
1583,0.04127873948041929,0.10095976942808714,184.7943690806929,42.03910257962657,,
1584,0.04056374656821538,0.10112780876048438,208.80564231489805,39.4270692013299,,
1585,0.04069899613536829,0.10087401060421695,200.4469752796807,40.13167510655588,,
1586,0.04000381101462263,0.09831096162021563,239.15455993743143,31.691369331103886,,
1587,0.04108948450106031,0.1010433852689593,188.6702515402009,40.757415799637556,,
1588,0.04096636127386092,0.10107380640785166,193.01090954438013,40.543267222687554,,
1589,0.044629970406855284,0.1036334649173504,168.45257190975966,47.4824801767552,Paste volume per aperture high,
1590,0.04014593619523576,0.09750242893793143,199.8231879577084,41.58658066093259,,
1591,0.04314632408223779,0.10111341708815312,157.13437024783153,47.056324886101294,,
1592,0.04179494258717381,0.10337856617451303,200.9939018680125,41.28518224279967,,
1593,0.04067581125541387,0.09883056758002526,185.29442941014273,44.26576770099608,,
1594,0.04068066544576732,0.1010193724270787,201.6100610211781,39.530455340516475,,
1595,0.040299205721825826,0.09875694298701734,199.01970146996103,41.146462038238255,,
1596,0.04125325860038693,0.10066585142453112,182.2058135351302,42.25639370311376,,
1597,0.04104214993180937,0.10219566133957185,206.76234902354574,40.97401006860871,,
1598,0.040322781434997346,0.09882877689631031,198.92599550387834,41.458538283584105,,
1599,0.04007137623351055,0.09997158184418208,229.4800037515851,35.163358818070094,,
1600,0.04063409240054946,0.10004022772202674,194.6783233345403,41.00340391177654,,
1601,0.04040002911898932,0.10053657397779521,207.8426944071183,38.395117649803765,,
1602,0.04043405634081477,0.09972376943321673,199.56021557303464,40.21079298318069,,
1603,0.041989167460347705,0.0988093425936355,154.34112648038166,48.61802352664353,,
1604,0.043008387831871775,0.10442545170023414,189.7166870193656,41.63949436849483,,
1605,0.0405324128730547,0.10037160551982688,202.8586488296239,40.36427344188106,,
1606,0.04088746189566426,0.10119793094239435,197.55510843805638,40.45165785086916,,
1607,0.040513993592991175,0.10175475964282829,213.7220887028765,37.13979978987082,,
1608,0.040000024905881996,0.09634300061938102,256.6144678562989,30.355871875432157,,Paste viscosity high
1609,0.041543367511327034,0.10377379701391451,205.41078138547604,38.528738096527285,,
1610,0.04121101648849453,0.10179485170694684,195.9865753745382,41.176182047107254,,
1611,0.041239860580031054,0.09934785604629373,175.6069712575566,46.1422082865953,,
1612,0.041330557705890635,0.10081048406465966,182.73011328482892,42.60941831009424,,
1613,0.040291667061682336,0.09809823286844532,192.6751813843165,41.86069435752119,,
1614,0.04038757143250783,0.09844094163186397,188.97630050032214,41.55394998855063,,
1615,0.04036301061902214,0.10060089212112824,210.5486116198509,38.09950030405452,,
1616,0.04094127078133006,0.09988644992856192,181.5997762697619,41.911696536073876,,
1617,0.04023787039633503,0.09983082125869724,211.3240643289779,38.29187063866401,,
1618,0.04075950748233172,0.1016391687042825,206.44060206279704,39.53379210233707,,
1619,0.04044965051038437,0.09836838059498738,185.71810125706838,42.23197260117577,,
1620,0.04087235650926441,0.0998416774994293,186.86506219768825,43.015456851134296,,
1621,0.04062676570059818,0.10046975246511332,199.5269933701862,40.50769141367773,,
1622,0.04019451611460951,0.10203439766080842,231.27043039934728,33.020343073900776,,
1623,0.04079030638681335,0.10155373403254285,205.760392054238,40.18748130112116,,
1624,0.04005336822589116,0.09793424039072124,210.63929924759452,36.545261998460454,,
1625,0.04003612177555745,0.09905101784183391,232.54945052330964,36.596358041114236,,
1626,0.04087237086365944,0.1020150256389896,200.73264481517674,37.40837009734081,,
1627,0.04146835046774563,0.10190109856685614,191.35515379307498,41.85312173003781,,
1628,0.0405024612278383,0.10005707334741439,200.60283493287344,40.47345741736266,,
1629,0.04035936966657997,0.09922393617913716,196.81847679136905,39.81146505592866,,
1630,0.040055187047584595,0.09937818629748542,227.247209830533,35.63292327926962,,
1631,0.040890034750176836,0.1003772393457483,192.77641466191284,42.767350767762174,,
1632,0.04009331191217093,0.09991397865033677,223.87171085000486,35.23079323009012,,
1633,0.04017065392915521,0.10023108393956613,220.68911021125297,36.962467022408646,,
1634,0.04220146499278126,0.1006781612198134,169.30586123923433,46.634336304621485,,
1635,0.04031387867074728,0.09908152461897196,197.17947887848499,39.36411842497916,,
1636,0.040873136900886516,0.10212467376105953,207.45588875291452,39.262025130949795,,
1637,0.04071346064604014,0.09890185545742984,183.9645553022194,44.08448081609764,,
1638,0.041219423465979135,0.09825594288847377,163.0914517026356,46.765161709626064,,
1639,0.041393352095241365,0.10138613004477653,186.0775266835792,41.69036701738411,,
1640,0.04081765525434794,0.10138622077658979,198.92810216710808,39.00274020257963,,
1641,0.04001870890496518,0.09856742590739549,231.31062231860324,34.97127403036693,,
1642,0.0409232130828144,0.10041619695292679,192.7361504049737,43.03210940855823,,
1643,0.04011117050283581,0.09897567721334134,211.39740673771587,36.573605146181585,,
1644,0.04009299441394701,0.10039235386225229,225.78568805164895,33.571754383049274,,
1645,0.04024710984386019,0.09851957016686902,200.42157509003346,41.10513996158881,,
1646,0.040353552587481814,0.10108128387293511,215.98112264196237,37.44448578355437,,
1647,0.040059443171729346,0.09745534624917607,207.52165490307533,38.41944281136091,,
1648,0.0400934942215821,0.09816848566607755,209.4526037569147,38.58952388291378,,
1649,0.04024985755368775,0.10193398528683935,228.92995098838048,34.762658358964025,,
1650,0.04073489470981642,0.1032194418970206,220.4182710511775,36.437074590781876,,
1651,0.04127786709892824,0.10125044121584312,189.25063521896462,42.197303390327754,,
1652,0.04279493491042414,0.1030581586688769,180.92247076493746,43.681940150735855,,
1653,0.040112112596928144,0.10060123855520878,228.9106271749853,34.95891182598333,,
1654,0.04074853645860707,0.10050944824384704,195.47972909960058,40.949982985211065,,
1655,0.04010677417207558,0.09634202278829478,192.92429520765378,42.496595815572086,,
1656,0.040030124436164084,0.097662214032233,221.39064224944696,38.3584276070729,,
1657,0.042147924134795615,0.10337140149234073,193.8679491179036,41.853755415268346,,
1658,0.040268136786084215,0.10111545968668978,218.00003630012878,35.47343172833825,,
1659,0.04033858269832376,0.09835590424363724,193.80170212199917,42.37895257900431,,
1660,0.04040921891214277,0.10055204854380072,206.30010398973914,37.99972727143444,,
1661,0.042237356171364586,0.10139846802160635,175.83548044053853,45.74627778691946,,
1662,0.04018647877841681,0.09879461611366179,203.42850403966713,38.51111832588994,,
1663,0.041809140510548785,0.10204006339558888,188.9050726125974,43.61590485379137,,
1664,0.040262221551577194,0.09933044948294827,206.57896391451615,39.8728690123226,,
1665,0.04101007824564371,0.10125753158925174,191.1179397471201,39.569649050894625,,
1666,0.04000728327813161,0.0984793765391188,238.08575067302695,33.292106721178584,,
1667,0.0403131932959746,0.0996101464681875,201.8544998880878,38.439691440104355,,
1668,0.040515616932814746,0.09936431062436231,193.4561614368223,41.57171980887352,,
1669,0.040009393586060524,0.09614251956790763,210.23092393819252,35.91117081521761,,
1670,0.041285943141327296,0.10327869826970962,205.7203623312743,38.30021115644988,,
1671,0.0401582364790462,0.09849813591673777,206.41210438095288,39.71401600774415,,
1672,0.04140109347816917,0.10372335115757249,209.475333066121,38.736763894110666,,
1673,0.04051253989881399,0.09865114136574404,187.71082972211386,42.926721538168174,,
1674,0.04107733479885807,0.10361100765316233,213.8878312215417,37.097723823426136,,
1675,0.04022311198984906,0.09865381453553904,201.8829291115302,40.10832477698901,,
1676,0.04036990040637063,0.10002963196100541,202.67708853861748,38.26188158600033,,
1677,0.04091108679107025,0.10005852808793395,189.25874685803427,43.36370199960782,,
1678,0.04034824305529449,0.0991360597245175,195.6484931286268,39.52538267443361,,
1679,0.040030868740375536,0.09840513108417707,222.90588807969206,35.43772020483604,,
1680,0.04065148903979433,0.10127366805139794,207.37309836025435,39.83129916159403,,
1681,0.0414490737004812,0.10030796597242257,177.5310527402114,44.47219425885298,,
1682,0.04004660517399105,0.09807702754206755,215.57717878092456,36.78635312875282,,
1683,0.04078708669045964,0.09942730541909439,185.8664700436028,43.391938078566874,,
1684,0.04084137882489533,0.10133169909568898,201.9377160656748,40.682257933835146,,
1685,0.04153320657410442,0.10327243771153408,199.65405900280948,38.8176555798426,,
1686,0.04001851345464332,0.09841771030623471,226.3527171578629,33.89181254290666,,
1687,0.040305432031534756,0.09930205361396566,198.65403827094244,38.57023133450059,,
1688,0.04050677053833414,0.10020100840298446,200.1372637885189,39.70368676716286,,
1689,0.04035093081346058,0.0979105483886668,185.71983270481414,42.01561196507271,,
1690,0.04124594739778965,0.10045592409955391,183.22852732355915,43.54781929376804,,
1691,0.042336742490596574,0.10105222694441705,164.51021589190827,44.20642171817311,,
1692,0.0422275373192714,0.10281048402573575,189.3230824080921,43.604774309150955,,
1693,0.04005743629988859,0.10000335820712304,231.4397827279998,34.3364932620465,,
1694,0.0413351949478637,0.10122657166311645,185.11261069696482,41.49074127671898,,
1695,0.0422931610055689,0.10004566475996278,159.74453746927915,47.04699305478879,,
1696,0.040025851114210045,0.09711017997466619,212.8029761330211,37.16722918849555,,
1697,0.04055894715193101,0.0990955296686611,185.4857470445759,40.92433389852859,,
1698,0.04064735186610587,0.10001446418094032,194.9508877724898,41.45918706172143,,
1699,0.0402536368360719,0.0963929517059426,180.30292344921367,44.505137835148666,,
1700,0.04220255787927239,0.10177195478314102,176.59932917109109,43.932020668174516,,
1701,0.0417646972516562,0.10372088608478944,201.82133171267753,39.645526624924265,,
1702,0.040989936404556185,0.1003739539671543,186.84584438429036,42.06515606524797,,
1703,0.04037134856695252,0.10144798197102253,215.66039605326247,36.02786640851001,,
1704,0.040173472752441,0.0997302708009439,212.8367536043334,36.73933888135054,,
1705,0.04078573521150504,0.10164997792445152,208.0616872478292,40.463926492781226,,
1706,0.04016092400169915,0.09985135196599247,218.48578605932477,37.56536776830408,,
1707,0.04026752130108149,0.10071977958965468,213.88422304950902,35.91273891180072,,
1708,0.04053182946966674,0.10019677325533535,197.9532325298828,39.46631609942346,,
1709,0.04021963070521663,0.10104298026447499,221.29694588178666,35.28448179095679,,
1710,0.041082186858932085,0.10299703486578839,206.26964123123474,37.43699767115487,,
1711,0.04003900743468863,0.10111409992475653,243.54812377056447,30.94679512814308,,
1712,0.04013631500425875,0.09899437726085454,211.96302052290775,38.15405584069577,,
1713,0.04061868120032099,0.10159554873688405,208.95850883982683,38.25022445464752,,
1714,0.040237259092334124,0.09995272022186252,211.72989677574353,37.8242878004843,,
1715,0.04056386998754073,0.10020260747797004,196.17655773456713,39.4432987809367,,
1716,0.04022798403273225,0.10104753941343787,217.83442733479552,34.35233455057255,,
1717,0.040276951338209015,0.09942408803162464,207.07448316396867,40.074814123339365,,
1718,0.04013891101309536,0.09838238437434696,207.94409519499808,39.8324478133882,,
1719,0.04002578538530609,0.0957899790981317,201.82279831125447,39.65775213500436,,
1720,0.04112552264802186,0.10052085288285068,186.05352807793636,42.80446434151072,,
1721,0.040408887212833554,0.10115601762765684,213.9872524223162,37.78610527051235,,
1722,0.04120924434652717,0.09861717372806078,167.0491977354605,46.297689832689,,
1723,0.0400832212210618,0.09844740135824248,210.30076538685697,36.76081565020253,,
1724,0.04088792500090645,0.1035662015279472,217.50324646440552,36.05478648840261,,
1725,0.040041229770665404,0.09511550239716128,194.39338211141703,42.903424900393624,,
1726,0.04177307903572877,0.10186440961944752,184.8031037728719,42.687352498485225,,
1727,0.040152044133258735,0.10041636207637443,224.59683149725183,36.55868233025297,,
1728,0.040421745073538407,0.09969042548834958,196.500774585295,39.00419115193675,,
1729,0.04113423866919578,0.09951327140603193,176.16957388050187,44.29140588174096,,
1730,0.040217157635956256,0.0974409719197466,193.11357872546148,42.64897974976456,,
1731,0.04134111372516126,0.10195887982512818,193.16319409738082,40.8582009115473,,
1732,0.04081343049000202,0.09923801944691772,182.2528502070606,43.43405020838781,,
1733,0.04083952673840068,0.10096139132114267,197.25948553443024,40.79324444179096,,
1734,0.04044665329316845,0.10078884987135112,209.46288700761866,38.84805799208689,,
1735,0.04152908607374929,0.10121550900382549,182.32037097229554,42.597889740472084,,
1736,0.0407858746311227,0.09849036535735646,175.7258541328147,44.321838488654485,,
1737,0.040410959607696535,0.0979780067012774,186.92298683561046,43.64086465920106,,
1738,0.04053303181668852,0.10153515755811916,212.24703709536024,38.06776244754871,,
1739,0.041084935785963575,0.1012108596413152,191.24207563030976,40.7988196384127,,
1740,0.04014077420161089,0.09867170851573731,207.46592582836487,38.364838263589064,,
1741,0.04068649759219195,0.09994483920152397,193.59446205015612,41.99272531129136,,
1742,0.040082864403584606,0.0996032689443878,220.52054260759283,34.75390745636736,,
1743,0.0400929334356729,0.09976225054715698,222.208668330241,35.349487090629104,,
1744,0.04026836702881336,0.09988295173745891,204.41672126197494,36.642848881603015,,
1745,0.04175860259271591,0.10116806547828165,181.04636707883992,44.59260474687164,,
1746,0.040505034689841436,0.09922417442325127,190.52763095634813,40.99627435265756,,
1747,0.04058445799730065,0.09977962165605049,195.5840601887887,41.671203385127455,,
1748,0.041042934742560384,0.10061450301214052,192.59998948353362,43.62619360703942,,
1749,0.04072480095158389,0.09956079984703699,188.72945214870575,42.76820414743445,,
1750,0.040368929870306526,0.09992096006395834,201.94739823026882,38.50426300364869,,
1751,0.04118047700719247,0.10171222887405287,197.78031288134412,41.848657610575685,,
1752,0.04010304184717194,0.0960691764703511,189.03132403247602,42.193557837671456,,
1753,0.04003808389744014,0.10027795296397889,239.03077992024095,33.25571826603958,,
1754,0.040515939334221915,0.10058377901839526,204.1565540532754,39.46218409581298,,
1755,0.040012607528464,0.09665081468117649,217.30843026397676,37.33956620544553,,
1756,0.04050292858877123,0.09987336459139722,200.81615274563893,41.4461045120671,,
1757,0.04044041629432637,0.101451766228655,211.90267145414913,36.36369622184753,,
1758,0.04034269286682308,0.10069807960022135,211.53848720661455,37.43427499682935,,
1759,0.040920902903044655,0.10032436020386294,189.6289069763528,42.347228126822586,,
1760,0.04003322547588399,0.09952464571198846,228.86708069117222,32.53962316381125,,
1761,0.04034570477711488,0.10008855685737596,208.23994108146005,39.297491784677305,,
1762,0.041827106083346534,0.098804222474488,155.89398334553061,47.76449202417886,,
1763,0.042253275128622,0.10365590952451365,192.3939795269945,40.80908598989352,,
1764,0.04124735568672659,0.10351922955234463,209.04870519089218,37.87440976140309,,
1765,0.040033971481370945,0.09766577666319522,217.91900748228542,37.78163261773193,,
1766,0.04070129828540354,0.0993978121128753,188.55416206286398,43.10594183346456,,
1767,0.04036214050597913,0.09657684984100767,173.5371705889184,44.45905720679448,,
1768,0.0400862032786646,0.09872946380622018,217.00234498067732,37.99676346070095,,
1769,0.04035772443368294,0.1026432834436094,225.9543428123694,33.52803039672277,,
1770,0.040005734972743234,0.09821388912075098,236.17161388131063,32.844811354815256,,
1771,0.041032766624298785,0.09910832457723678,175.65074131783166,44.79150172774183,,
1772,0.04070634240356973,0.10113923880382382,200.7728957730085,39.087652523920426,,
1773,0.040716150783780596,0.1011592803055992,204.60065538054508,40.50363125652351,,
1774,0.04046408965893948,0.10022936928437162,202.57597310897532,39.51186348257329,,
1775,0.040003041808582385,0.09542308215735663,217.84884685008907,37.20098147074066,,
1776,0.04140953764004293,0.10093588897284991,182.9585977716319,42.93757442683165,,
1777,0.0400522492243419,0.09874253526274406,219.3137523996066,35.57258020841728,,
1778,0.04037019912689912,0.09905342870379252,196.89983333474842,40.947624720064866,,
1779,0.04075550687047493,0.09846138385609221,178.42778007709762,44.939352139993616,,
1780,0.04071680972564382,0.09850179995339929,175.50530359352993,43.08759283761421,,
1781,0.04027900757088368,0.10049167452852832,211.52165145469246,36.55141173465725,,
1782,0.04136631981228987,0.10034458707554697,175.47721799787595,42.69143509586005,,
1783,0.040414431624228274,0.10160508361105969,216.3022807413468,36.56664016278926,,
1784,0.041444438133374235,0.09968991146061339,175.53886922199672,46.7069869397872,,
1785,0.040215268360975456,0.09927397493361975,204.99491176824458,37.91289984415422,,
1786,0.040601569083679,0.10137165035402859,205.03436662757258,37.63365820274907,,
1787,0.040247984414612345,0.09931429890100595,208.31187656308043,40.079848015981725,,
1788,0.04120308862868243,0.10164609047344791,194.29888403758844,41.20660376262856,,
1789,0.04039925119714021,0.10084965567761321,213.61737646630263,38.90100644417849,,
1790,0.040284355981533404,0.10100615433274086,217.71051679045905,36.41811298366393,,
1791,0.040004242444458965,0.09699742637429767,233.3589183579226,36.44085225853483,,
1792,0.04116661955136475,0.10103074082514615,189.62538776984357,42.098587972021136,,
1793,0.04033610676893471,0.0990135773208764,196.47770853365304,40.07707861988277,,
1794,0.04022243894134701,0.09832078742336944,193.2934150187499,38.66126352688977,,
1795,0.04013257516445471,0.09817451714834288,203.00823344185946,38.75065110092012,,
1796,0.04042175985067083,0.09843046586878197,190.41090767298934,42.94321060912431,,
1797,0.04108880929675829,0.10264562545257734,204.60936917982787,38.63197257466274,,
1798,0.040431921071680164,0.1013632229466758,211.92126678581707,36.60187249052686,,
1799,0.04033065162649662,0.09906473027780122,200.4193740453714,41.06845300414942,,
1800,0.04006226341121341,0.09881545905023642,218.42686931554226,35.984246511506,,
1801,0.040222219527494246,0.09828100537547076,197.50166594732545,40.33017072419345,,
1802,0.04019595711025385,0.09992660944713067,211.42760917559946,36.26195588726917,,
1803,0.0412226382235642,0.10005802436595765,180.86237601124563,44.366348331124186,,
1804,0.04091099920104394,0.10130312730993588,199.06163122686428,40.808193304308894,,
1805,0.04042671114746837,0.098427311242828,188.31696047580246,42.33616375521423,,
1806,0.04012210309332545,0.10016197727520278,220.27255064936494,34.641936694863766,,
1807,0.04014575136835335,0.09784161527180153,202.2090411819475,40.78015147672775,,
1808,0.04032127309835622,0.10018497604334166,210.89370141666313,39.08576123828208,,
1809,0.040720468523700724,0.1022534657336417,213.22012150982988,38.329407881375744,,
1810,0.04033559940423101,0.0986602250342175,195.16397094772347,41.30665417089594,,
1811,0.040072550283224095,0.09975481552369173,224.65577805685595,34.613269690941834,,
1812,0.04006632475903381,0.09873840982618688,217.7027809421165,36.49814953522911,,
1813,0.04012911919237295,0.09706352696228877,192.02087430676792,40.04820180935036,,
1814,0.04004731231338689,0.09913088250291467,226.0098619214764,35.4650671191188,,
1815,0.040081993834488246,0.09726288101094424,202.82167170448906,39.74654368656474,,
1816,0.04001507069376819,0.09714446997813009,219.49984160124868,36.59624181377172,,
1817,0.040046327528898584,0.09794925747583862,211.85912356459983,36.05640973408131,,
1818,0.04036854045886549,0.09951718311926765,200.46338593883272,39.92135620701425,,
1819,0.04181722497031641,0.10222000015445856,188.02085258718824,42.507910580762655,,
1820,0.04166902835768013,0.10271716341634511,192.82033275571075,40.42078413333726,,
1821,0.04165984280351479,0.10018182452175797,177.43711937955612,47.154351822169886,,
1822,0.04046141821088083,0.09916293727282312,193.76205712334692,41.49508863130403,,
1823,0.040332114782671555,0.10122512605564324,220.0059806464809,37.58278920017877,,
1824,0.04171683213621812,0.10142966867679352,184.05828897010696,44.00224301634848,,
1825,0.04042400100678064,0.10015732830357754,202.072901166014,38.76775228017245,,
1826,0.04135411764740189,0.10124780860665826,187.02619003007084,42.27022750359303,,
1827,0.04134351264006947,0.10096370325350273,186.17107818771092,43.22544797988605,,
1828,0.04008979737239962,0.09902980720330333,215.02743041361273,36.122479471075245,,
1829,0.04125375961076784,0.09913671740531285,176.1545938091517,47.5149530659932,,
1830,0.04099871615019352,0.09891115435948156,177.2334611127825,45.85730912408602,,
1831,0.04140072037821011,0.1023088027512571,194.08576346435444,40.136864708301246,,
1832,0.04137284892284176,0.10026149538173433,174.04411214752838,42.657765340830174,,
1833,0.04040832278247801,0.09987709380762969,203.5788533973069,40.278918201872244,,
1834,0.04147667443254371,0.10302442809189374,201.93743348862884,40.24573324305302,,
1835,0.041804314970778196,0.10129175684986287,183.10651643833182,45.14139842968218,,
1836,0.04223351164471346,0.1025313465626175,182.382876431444,42.552323439258934,,
1837,0.04259887875637753,0.10162907893371269,171.94798192559514,46.01900318872531,,
1838,0.04140334681751283,0.10029615557651322,176.93067147871147,43.83566190762073,,
1839,0.04025380034943009,0.10066152518906923,215.64174361445419,36.35659394577302,,
1840,0.04121405302739639,0.10043814567936021,183.1869782207231,43.25013210326148,,
1841,0.04002130719559271,0.09633760671025646,210.14230964922743,38.943189642813884,,
1842,0.040137646943591315,0.09633790710057585,190.42905672141023,43.46231027572385,,
1843,0.040331421194780455,0.09846415564495853,193.22514880981473,41.45319411068469,,
1844,0.040377033986497925,0.09918312111546718,197.75314858263795,40.79811114559236,,
1845,0.04010643720639545,0.09793952954677783,205.58667678913798,39.22415621759912,,
1846,0.04116573700844181,0.10034564832288986,181.77475026781337,42.627899190330645,,
1847,0.04072895475650879,0.10157958226512244,207.24559343002088,39.61566976380546,,
1848,0.04037531222738916,0.09881991107048624,193.3925226428292,40.970161149920024,,
1849,0.04107711657708351,0.10137062359765885,193.93626771162465,40.87936156390066,,
1850,0.04123734547005278,0.09987908641097826,176.56085149568926,43.88317225829674,,
1851,0.04009664989675553,0.10110213610979901,234.17013929872812,33.36345046894218,,
1852,0.04073914675664872,0.10075621046135572,195.45596953029423,39.59870596812778,,
1853,0.04067698254942614,0.10027364975100866,197.1024479125978,41.480068576875404,,
1854,0.04143353701034818,0.09818518988617204,159.98949379969218,48.37614748868331,,
1855,0.040051968853463224,0.10043237688893691,236.42069356465572,33.41192570144972,,
1856,0.04316637395606111,0.10413256127017251,187.68922915917446,43.38135671019858,,
1857,0.04080641299719342,0.09931920988135907,182.78815029188775,43.12425008522483,,
1858,0.04030204933562726,0.09945620211895843,202.15294421933004,38.959091327213,,
1859,0.04011785850516816,0.10001257423186459,223.59739769042972,36.283249107101355,,
1860,0.04098266136575083,0.10021986781697223,185.1199463699963,42.10366087640156,,
1861,0.04016752604332199,0.10040040705988826,220.618868425227,35.97572310212519,,
1862,0.040749094466323195,0.10056310067053821,196.4616806886628,41.04616402026054,,
1863,0.040749675864621374,0.09825208909943679,174.59570618908586,44.50555155907408,,
1864,0.0404043319980852,0.09945238777541117,198.74122937750533,40.527042842279094,,
1865,0.040409145130925785,0.09905537894697918,195.5494703671443,41.435689486750974,,
1866,0.04031127805258363,0.1020373981565218,223.8217672223731,34.40765471809456,,
1867,0.04017283190200955,0.09912612175451357,209.82925913057326,38.568129548164194,,
1868,0.040088967711420016,0.09789637809199596,207.3437634987763,38.825019360998944,,
1869,0.040194869545785154,0.09867141083973019,203.56137423868097,39.505938403732095,,
1870,0.040113655749347533,0.0985315486100716,209.79856533464988,38.31151302809251,,
1871,0.04025002021072982,0.10150648671840044,222.31617223462624,34.499988535532516,,
1872,0.04121147171582143,0.10107013847106004,192.56562904826643,43.47586230324174,,
1873,0.04000489848484937,0.09757704258638056,231.57204505715956,33.619160968590485,,
1874,0.04080279145889792,0.10110303215770752,201.062754740307,40.898872508398476,,
1875,0.04071256222719002,0.10031253226150107,196.67116175976778,41.73757240727358,,
1876,0.04069774084352264,0.09870732957335225,182.02110379277062,44.07731102496263,,
1877,0.040430141927612066,0.10055007578380554,208.02108061181767,39.11297497939688,,
1878,0.040304680412479324,0.09851623689924757,196.7341409551705,41.66710926135775,,
1879,0.04047514844657453,0.09846002744962812,188.09287275561957,43.19257426483682,,
1880,0.04133923058199629,0.10280936518720048,202.79367963919927,40.12663478279614,,
1881,0.04002041492041086,0.09760120848736631,223.2609842127798,37.24594205877979,,
1882,0.04015218157822701,0.09861593270648492,211.06789006572012,40.49054747139601,,
1883,0.04066240427814554,0.10083447416667322,199.86708642491845,39.49502848669225,,
1884,0.040354889084960474,0.09985105191842215,208.04936637109503,40.625337378280705,,
1885,0.040403190643740865,0.09895040580956842,193.85766079316357,41.20134670609353,,
1886,0.04070358558900601,0.09892194668420722,181.35242725972233,42.90202578375919,,
1887,0.04019250185674356,0.09924871306094056,208.58351329815062,38.390448885283725,,
1888,0.040536226312098876,0.10043590620458923,204.5773442961005,40.73658011461169,,
1889,0.040088490420204397,0.09895019892044075,212.48585452129183,35.51177525681602,,
1890,0.04112452745544139,0.10006743690692685,179.74389344875527,42.75655576448927,,
1891,0.0401498472446227,0.10020779144834024,220.7408629094976,36.09566050789976,,
1892,0.04018265545397129,0.09854437321004537,201.34901492070924,38.82176221354613,,
1893,0.04003757805790014,0.09912936858395562,226.62879737600898,34.35279763832455,,
1894,0.04099778984585861,0.09961332202251347,179.87086745980196,43.383145052112376,,
1895,0.04121733382944571,0.10188351374522646,196.87946589811463,41.13654864069076,,
1896,0.04009525881946997,0.09929973866705559,219.45856832452884,36.78171439634135,,
1897,0.04097133812545797,0.09990426791659271,184.3199220275021,43.19434056714712,,
1898,0.04124198864661219,0.10141248435943843,191.62203596937943,41.84243591793077,,
1899,0.04021013032375889,0.09878471215200825,202.19508529027289,39.08979050627078,,
1900,0.04013504564873097,0.10032623071035501,224.063639619115,35.91996016989737,,
1901,0.040943645082916265,0.1012878412673597,197.85501772801706,40.909246981134395,,
1902,0.040210110016761745,0.10051976330815258,219.9631832715948,36.97568816687679,,
1903,0.04082592661318466,0.09997498597249035,192.67595110651607,43.73926466093643,,
1904,0.040043603996724075,0.10049977902238852,240.59382590250482,33.51687182632479,,
1905,0.04139759435028958,0.09912327521566856,166.18939562838017,45.65100996604019,,
1906,0.04014432400012402,0.09906885210228762,210.70865397270668,37.77612958346414,,
1907,0.04019438884232139,0.100263571907197,218.46652055692712,37.052892350810595,,
1908,0.04004276443935649,0.09825575108617607,217.7120865610237,36.171527452692885,,
1909,0.04002199432038572,0.09796947781354931,224.17864253704377,36.17664061570724,,
1910,0.04006687925540857,0.09786160575494124,210.62482804724277,38.289628115871686,,
1911,0.04013394977374681,0.10102515843157381,227.79164957669946,33.79853920565257,,
1912,0.040514369054256365,0.10291262720804094,224.0941018731557,35.21312602338045,,
1913,0.04125016184806195,0.09888371712885574,170.7362220430999,46.78425613910395,,
1914,0.040795089142384874,0.10099346647418718,198.12323046018926,40.27314676311178,,
1915,0.040110217994771186,0.09912466840825178,213.584055386383,36.56472488195451,,
1916,0.04001460805477702,0.09823954201795983,228.38903669758864,34.2886885920935,,
1917,0.04041748076486666,0.09951037222675146,198.96712775040567,40.64322284585176,,
1918,0.0410645138813853,0.10039356301034627,186.87486618285683,42.94909165801375,,
1919,0.04146009995796578,0.10155925854518477,186.41321181295626,41.67542286868964,,
1920,0.041129891661172736,0.10020079623763833,180.7480544137898,42.532153575249154,,
1921,0.04089224499775746,0.10033794614700374,189.401266800033,41.79771533901216,,
1922,0.04087390189830683,0.10242063778386344,206.63038360012374,37.551812961478845,,
1923,0.0401530670327126,0.09657394196200757,186.21084291776734,41.629449307981396,,
1924,0.041455125219708,0.10145999492185157,189.21557284916463,43.09216333170743,,
1925,0.041021060094757755,0.10135633688060568,196.88310212900382,41.27019291409432,,
1926,0.04034762974779693,0.09773210487440218,182.5744717793583,41.67872847797554,,
1927,0.04003255829268928,0.09736275638919685,212.91057888198023,37.24162576000152,,
1928,0.04003080331712323,0.09913816568781159,230.66684331010097,34.62289438133907,,
1929,0.040149658299172386,0.09765950748636958,198.76469848283924,40.64374653682194,,
1930,0.04016344591492605,0.09772428389881407,201.12424946379076,41.835888482347315,,
1931,0.04008573744008518,0.09854641278846869,215.73317270891204,38.39720950272371,,
1932,0.04000318027426588,0.09912638549061831,246.18936678846322,29.489546430234693,,Ambient RH low
1933,0.04009116621806702,0.09901588919801507,214.2306461428754,36.01054658326656,,
1934,0.040310393666208116,0.09886199289737836,198.43607612311132,40.76617437240262,,
1935,0.040800903287990894,0.10043526440276673,190.78533867376012,40.46990331532338,,
1936,0.041824667321412864,0.10337329085085206,195.26838806925105,39.56048812207983,,
1937,0.04147856875525045,0.10017016206613645,175.78439455763993,44.82737678145112,,
1938,0.040102129413424045,0.099595294599815,219.8903361071718,35.984305159867795,,
1939,0.04076641800750807,0.09930082210935647,185.85672658385005,43.677388326625,,
1940,0.04057479634635255,0.09916224381790223,186.6859102793899,41.33090972566543,,
1941,0.04088486518698767,0.10226548934458175,207.06980825538892,38.61395599767644,,
1942,0.04029323513117556,0.099907604343123,205.68867206270542,37.758704246663704,,
1943,0.04048251135136039,0.10116862870768441,210.45156799272752,38.15470630412614,,
1944,0.041610217459521315,0.10094590701223877,180.9390234554501,44.21820983396753,,
1945,0.040688978937950836,0.1003956264051619,199.79928724312845,42.046119748034016,,
1946,0.04015726171990612,0.09992614002770073,217.70496111956948,36.75211044382599,,
1947,0.04042984172672377,0.10065426578877999,210.23524485133422,39.383865673479804,,
1948,0.04065185138910057,0.09839726592118701,180.38680490052622,44.21270521909949,,
1949,0.04199654126852041,0.10103193277569315,175.2237765054133,45.3113299477658,,
1950,0.041850802552460035,0.10151444968455729,179.0117255873272,43.04050213485928,,
1951,0.04131223453811787,0.1017714347734684,192.66263437771605,41.268810076754185,,
1952,0.04007355460972866,0.09790741388755998,208.43375081202595,37.90359497042912,,
1953,0.0401693879045484,0.09913697237408176,207.50714123045685,37.53932558095125,,
1954,0.040124212396084206,0.09821492379189334,206.3259847000065,39.25157683558998,,
1955,0.04026773006467655,0.09996217859174496,208.2765295389459,37.601215491561526,,
1956,0.040700224069194095,0.10107385280441032,204.37665780153927,40.57328350326326,,
1957,0.04004388745072391,0.09698801236268727,207.56282318937298,38.866654817915474,,
1958,0.041590841929241035,0.10031549577469366,176.9018831661826,45.649569711869766,,
1959,0.041689555133670585,0.10242430415106199,190.93780283520576,41.36681207566392,,
1960,0.04016666128038879,0.09913815714984159,209.7202135445374,38.18849610734294,,
1961,0.04000253326393323,0.09779605637487324,242.96087672118733,33.86184904850141,,
1962,0.0413710616944715,0.1011016891304905,184.89003333818275,42.40614029487426,,
1963,0.04029436521151552,0.09974919174107469,207.6676144686448,39.256929730683495,,
1964,0.04008294365977524,0.09770375983604739,206.33390221601368,38.93188159548893,,
1965,0.041245813941558164,0.1004468500221418,182.22018672399716,43.23432664522999,,
1966,0.04077937900572351,0.0986541530254353,177.23882773018897,43.963602806658166,,
1967,0.04093144328517468,0.10109971082383169,199.89355303887518,42.36943782049516,,
1968,0.040023895692095114,0.09602461976533111,203.62872183978277,38.757016883970216,,
1969,0.0412138670654299,0.10047691342814231,187.9887573115969,44.755012716027466,,
1970,0.040019318564773115,0.09731330679503455,218.53206860655885,36.685035147521035,,
1971,0.04089770748002399,0.10154073528126609,202.30155117941572,40.61595963826669,,
1972,0.04000415795834346,0.0971607675088868,227.84353295045534,33.62104423380245,,
1973,0.042971896196394,0.10400696032904605,184.58516193541206,41.605477190136476,,
1974,0.04196276182119265,0.10238726927215802,187.99333947555968,42.9782533995858,,
1975,0.04101077583798789,0.10142052566102706,198.72995374751702,41.47726852552868,,
1976,0.04002262904403087,0.09734429540202398,217.9599329483302,37.15151533680712,,
1977,0.040929216182383106,0.10057089919550184,191.65834682002065,41.987699715582785,,
1978,0.04022335237503015,0.10114276048589127,226.4198627411082,36.74998346611628,,
1979,0.042015908700836206,0.1022015433904583,185.91180192164572,43.59695249287436,,
1980,0.04071545209001497,0.09960779287308177,189.2276279829464,42.56366929993061,,
1981,0.04187088952377502,0.1036628719461143,203.2787848010012,41.40265412677783,,
1982,0.04112325232861954,0.09852778309334656,170.47268484347467,46.90838654968895,,
1983,0.04071996275513066,0.10077876646942027,199.76840861735198,40.69960655046532,,
1984,0.040641679315522074,0.1004232913838428,197.25950814445372,40.198354359465675,,
1985,0.040130089902917554,0.09943762138273969,216.90722110317722,37.41375281764663,,
1986,0.04002556842261222,0.09787923073042509,219.88073413615942,35.890255512184844,,
1987,0.04106885589871417,0.10274753769150116,206.06868805724773,38.40352747957235,,
1988,0.04024191152155126,0.1016915283970188,228.14194120799363,35.37940755443667,,
1989,0.04096780334212685,0.10205230482518762,203.83431359495614,39.65423294545885,,
1990,0.04020958950768788,0.09877020853639866,200.13184997319226,38.410670379911025,,
1991,0.04052668645555193,0.1013864566468067,211.34819391321403,38.34099254291171,,
1992,0.040872547443565936,0.10048029396944536,192.85783935792892,42.047327312030916,,
1993,0.04033693766798841,0.1011341556498946,216.3828917818388,36.878220923551574,,
1994,0.040078639124113205,0.09972110372681872,223.3853052819772,34.85101883543051,,
1995,0.040074064115162816,0.09651918952797721,196.24739318374216,40.35537325524611,,
1996,0.040096039393631086,0.0979432529975401,206.82624094477893,38.93384591673826,,
1997,0.040040424194324305,0.09806669156412326,217.24848476916887,36.595363024093515,,
1998,0.040236745497823245,0.09904425871688988,205.0937327585016,39.85354618173716,,
1999,0.041256381262740456,0.10084529344849776,183.7903507159645,41.98419644116092,,
2000,0.04033903134839029,0.09894029498995605,193.94396082731004,39.61802892917001,,
2001,0.040411493177204216,0.10038366959813819,205.4640198821056,38.5730488845632,,
2002,0.04242508500814899,0.10377416231353141,190.08031626401475,40.757768478005296,,
2003,0.040218074387651175,0.09830264901314671,202.6448235303341,41.88387063651965,,
2004,0.04202015171915147,0.10216343474146174,184.6462325318282,43.37058323894611,,
2005,0.04410145812554759,0.10174810439765378,153.59291054657496,48.49424245230169,Paste volume per aperture high,
2006,0.041031324701859884,0.10024918119255573,187.42922910141496,43.41690742717897,,
2007,0.04021473811095045,0.09762150339098712,196.47265145522016,42.869332758564916,,
2008,0.0408199424907687,0.09953677632481212,183.50493962490393,42.53061324688771,,
2009,0.04015144560136006,0.09943081950331557,213.1628483693073,37.25588849134655,,
2010,0.040039750801595775,0.09720600106723065,207.40429296763503,37.183511702700706,,
2011,0.04128244590510019,0.098496016771112,165.97573860368283,47.344257303511625,,
2012,0.040757660569775006,0.10154689029687032,205.41321335476908,39.58786572054092,,
2013,0.040574521636381984,0.0999933010031897,198.5012569789269,41.479547943538726,,
2014,0.0404594983899055,0.10033660010118338,199.3987739828751,37.77077481747932,,
2015,0.040162139856630884,0.09931007724327821,209.53659989849365,37.08063349723191,,
2016,0.04071260004422189,0.09895695990043,183.0805257300855,43.492099676776476,,
2017,0.040144757359523935,0.09887498334651855,211.51475202868363,39.01970542966385,,
2018,0.04079381274912004,0.1010139280954444,196.99909963887737,39.75802102101346,,
2019,0.04017561750260464,0.09685210137451836,188.54602293978186,42.17040268743004,,
2020,0.04012964388473794,0.09911704521759342,212.62903278248294,37.4279438035364,,
2021,0.04153083708991376,0.10202557861759501,188.7205384388927,40.96002705914361,,
2022,0.0400883427904845,0.09628990512609913,188.9597445913558,40.05245478081582,,
2023,0.04126039058286924,0.10099109862940843,183.7392855148117,41.30742198849626,,
2024,0.04050933937291937,0.09670073958151651,166.69498234404585,44.86827696281577,,
2025,0.041156217659557175,0.09963333066571241,175.29483309536633,43.66874750220073,,
2026,0.041307123665534004,0.10224178777998069,199.3955449969093,41.31524876169624,,
2027,0.041880345782448127,0.10168168333828391,181.87705685801149,43.507093708331574,,
2028,0.04031906823702824,0.09901315717264461,199.9612909476958,40.82645538130956,,
2029,0.0421565155391373,0.10042803843339351,166.22633599995643,46.39134909033584,,
2030,0.0402117072655155,0.09955061865767932,208.3187369596633,37.611550822218554,,
2031,0.0412211065368583,0.09780114969308938,162.4852478572535,48.76817292199626,,
2032,0.04051570780825672,0.10168462525582223,210.8503015232007,36.50060220567997,,
2033,0.042054134613543924,0.1017757589719895,180.55095218426638,44.085883514223895,,
2034,0.04131479073151869,0.09964720686581525,177.37034043987478,46.16441500026099,,
2035,0.041154495919416,0.09973419237333725,180.65375701485993,45.05165608857468,,
2036,0.04143813150244039,0.10164445195931439,189.30936000785593,42.056607651875396,,
2037,0.04084987016995677,0.10031731077793024,186.51103785551456,40.26500123814695,,
2038,0.04012633904994849,0.0984175732986018,204.2743838877662,37.67149571195495,,
2039,0.041747931509189345,0.10010860658769531,168.05060775031137,45.02684919802674,,
2040,0.04087467591901768,0.09995531083443719,188.47096819644838,43.066557034912144,,
2041,0.04332107161130963,0.1031774869695972,171.42184704900254,43.24707682211294,,
2042,0.04008404933662269,0.09776264374411393,207.248763735563,39.05796145782343,,
2043,0.041071554463953566,0.09993222449248375,181.2445096778148,43.28047207967668,,
2044,0.04148270145322151,0.1004100357919057,178.14927579185076,44.54541854192204,,
2045,0.04070811372359621,0.1005809634536366,196.78759375811205,40.408118926622286,,
2046,0.04085539040590598,0.1019193134616799,207.44596723553965,39.99289010055725,,
2047,0.04001710246457214,0.09915895670819146,235.62426486037634,33.18180727355951,,
2048,0.041157097101394244,0.10056949512601485,183.62216146471496,42.09459602351369,,
2049,0.04007184501084823,0.1004757363627738,231.62984213753256,33.52814811608527,,
2050,0.040678573603592776,0.09954539862337695,190.09141531618562,42.551891777971754,,
2051,0.040064070836519805,0.09642926980788463,198.88612185267962,40.797289336517736,,
2052,0.04307095338718166,0.10460636614363587,189.47671334486034,41.097191809780035,,
2053,0.04021111592813699,0.09816599122086653,200.63024485325624,41.56545501537144,,
2054,0.04001099672334809,0.09739870703904899,223.26225236783336,35.175954640717485,,
2055,0.040677571704940726,0.10108798696022597,206.19887422842848,40.76539975493219,,
2056,0.040054808088623904,0.09793545996362446,212.9329696965821,37.5105604641109,,
2057,0.040622472013528144,0.10133554004001587,206.65402329152172,38.761992997895035,,
2058,0.04002948971375084,0.09723377433357294,211.0875455356715,36.67637763745878,,
2059,0.04187910468192902,0.09943991870796809,162.46581642821707,47.47778857923639,,
2060,0.04090517837266444,0.10215637924480465,206.58378345831483,39.25807035933299,,
2061,0.040292622149114346,0.1032482701183317,236.7035097723508,32.54327113483648,,
2062,0.040022875894670636,0.09687326210932568,212.36941906466197,37.51150944098842,,
2063,0.04162625641694362,0.10139025810635803,183.3822101497936,43.08958369123056,,
2064,0.04319518234298128,0.10101651701177922,151.70512542375405,45.9260060756463,,
2065,0.040004167536065706,0.09936043057973785,252.63857480797094,31.752126037875136,,Paste viscosity high
2066,0.04047865957228383,0.09824901176366407,183.85378115280088,42.792495372491835,,
2067,0.04090528648799703,0.1016664854407622,198.37513007704038,38.73002663664744,,
2068,0.04009014155820049,0.09835960985404928,212.21575321038253,38.39418957026888,,
2069,0.04024983428726931,0.09805426896416561,194.87575077293855,41.490478088417234,,
2070,0.04076019722541396,0.10054237242167482,196.23094925045783,41.24133395685127,,
2071,0.0405218915840773,0.09756410380464427,177.2700972012588,44.68655522222164,,
2072,0.04097331282526388,0.1017094389725081,201.65970932841026,40.617676321911404,,
2073,0.040222996716944806,0.0980927271251149,196.94630534199595,41.07298982544335,,
2074,0.040198238719298986,0.10047821077843355,219.74250545397516,36.62441253344969,,
2075,0.04189551853745025,0.10121768311189491,177.48098353450513,44.332085693993484,,
2076,0.04004581709053687,0.09832249397550615,220.09764233106063,37.09477057559901,,
2077,0.040430396259342444,0.10026592019994095,204.1211210187019,39.11567219006424,,
2078,0.040389292239360434,0.10049956204318085,208.7918491215936,38.64287698628432,,
2079,0.040170553308386585,0.09997121732616568,213.21235938495207,35.5751770909217,,
2080,0.04016520831723048,0.09945007580512487,210.77806845328683,36.986938387888614,,
2081,0.04091034769597353,0.10173740646041714,201.7310602315314,39.64274596899525,,
2082,0.04061398899269578,0.0974562513201432,175.63600711933708,46.40579108009848,,
2083,0.04154390988368644,0.10002415858402235,173.16148543802902,45.27119936268541,,
2084,0.0416970859412164,0.09889350291710106,158.71796838486614,47.12820786859639,,
2085,0.04004990968944065,0.09830851938719522,216.2171563854129,36.30136957414881,,
2086,0.040207314134601144,0.09752692210966864,193.26116133028233,41.903784659964955,,
2087,0.040270613640407675,0.09956345016223417,204.3979903545989,38.253066993766424,,
2088,0.040259959477955805,0.09986917564614968,208.23887061461946,37.780342381418336,,
2089,0.040853857439182385,0.09956153111549618,186.31835030142668,43.90707040646863,,
2090,0.04086865950559478,0.09973276535978953,185.6386539851731,43.05545931245421,,
2091,0.04026786957907773,0.09918137262196976,202.0700503816511,39.188252057026105,,
2092,0.04006832903854968,0.09759503514639997,203.0154385079107,37.028664083809424,,
2093,0.040668894536104096,0.1008071131422998,202.40739058407735,40.635763667806835,,
2094,0.04058298048465452,0.10055167477554985,200.47849771840285,39.64014410777137,,
2095,0.040916849345748,0.10223097616744264,208.04370053472775,39.576613728058945,,
2096,0.04040339375725276,0.10025344521278398,207.70162894674834,39.795604939555176,,
2097,0.040010306254807226,0.09910017878892693,241.21360934160313,32.984869787682726,,
2098,0.0408463187429168,0.10098719606418459,199.55436115170994,41.578653676769406,,
2099,0.04083976221369868,0.10160405666821747,198.619579882863,38.171592756545714,,
2100,0.040149832771367445,0.10009157944388622,222.23518742599322,37.18370135606124,,
2101,0.0403172884429703,0.10090542703701642,216.5966002969786,37.502432367074086,,
2102,0.04020657683132544,0.10086273695627937,219.61045118264366,35.055137433067266,,
2103,0.042714461717302275,0.10367278354880252,187.7173614843094,42.542296953394256,,
2104,0.040273461948997995,0.09914031415451267,201.18148936362485,39.254590035897834,,
2105,0.04011292422673343,0.10303666491298626,249.09758392682727,30.366223149062535,,
2106,0.04127026641418385,0.10138104558808032,192.15299080845952,42.504436772751056,,
2107,0.040251773969362394,0.09903504112176806,204.18882713071085,40.104606793497005,,
2108,0.04044986040086803,0.09860585912485309,188.1690117989342,41.95415971230591,,
2109,0.04004625481392938,0.09649776047343357,200.92678307700055,39.20250566267052,,
2110,0.04003854757440616,0.09777654651256984,213.26952157141295,36.32033440512421,,
2111,0.04003141380236027,0.09752272651146791,214.93254077287642,36.984083690370056,,
2112,0.04050910049546907,0.09978341473503702,194.61360461793947,39.8206346011036,,
2113,0.04001794778837859,0.09625436497849514,205.83254072931635,36.9461297778608,,
2114,0.040975293286846994,0.10045773201631282,190.44911820413844,42.736180700486756,,
2115,0.041985116098284564,0.10095068262355528,170.59460970582566,43.972496040078845,,
2116,0.04138516679224651,0.1022380293587232,199.98313633186078,42.39345742404002,,
2117,0.04055451484167625,0.09814704076505015,179.72188340256128,43.38668678596082,,
2118,0.040553563958271206,0.0990272317421162,188.23410739840168,42.119024835378696,,
2119,0.04186101890425041,0.10183633430650336,182.1387927066805,42.68014147494029,,
2120,0.04258216756255577,0.10237213127946596,177.49259379443956,44.26312390037633,,
2121,0.041212812491329374,0.10100282905757074,189.26117809303702,42.65071385117758,,
2122,0.04357337320553232,0.10234744662334816,162.89085565797592,45.80787069282897,,
2123,0.04207382583147782,0.10283193437666323,188.97994820932038,42.1223414993386,,
2124,0.04041258643857924,0.10017850602126971,202.04676807062526,38.384765578002465,,
2125,0.04086766549396517,0.10077586626214813,192.50387012523544,40.42374107220578,,
2126,0.04243258882051687,0.10419628192232751,197.32976984796466,41.33338045397501,,
2127,0.042568116659765745,0.10149163921034904,166.7955266597756,44.639515615689504,,
2128,0.04025374933394603,0.09937905280721132,206.65238274140978,39.37918338765237,,
2129,0.04035860021087246,0.0985221030683625,189.53286682260853,40.61121273076465,,
2130,0.040158004926301005,0.09947340362446704,214.1916388176092,37.73585784676042,,
2131,0.04049593077359461,0.09928538605438512,192.54154879711768,41.22007025453223,,
2132,0.040623527540941104,0.10210416627158629,211.57204455607095,36.80279622975063,,
2133,0.04000297561767836,0.09681616894061967,231.91979071858051,35.34617679549456,,
2134,0.04106216269431077,0.1015723869402083,197.50639234794787,40.97515168120372,,
2135,0.04230494119332382,0.1023835429494927,184.2401622071932,44.487548886758916,,
2136,0.040398616556706936,0.09909197214993537,193.80638770431892,40.387206777782836,,
2137,0.04008555951667107,0.10055011785651746,233.0697827219193,34.81979314507988,,
2138,0.04080128751839704,0.1003355507974868,195.50555229930245,42.62311804500547,,
2139,0.0412712028923597,0.10151828021736574,189.5629948754115,40.93808601844642,,
2140,0.04108020298239906,0.10262906620707597,207.61062196840956,39.663111880749355,,
2141,0.04106544796736017,0.10256270899560793,204.83792827109386,38.81907997382342,,
2142,0.040870121463873386,0.10046737895708091,190.81891703035092,41.35521330825834,,
2143,0.04156611321648822,0.10177099537415124,189.34172046701292,42.7622648163577,,
2144,0.0401266584204321,0.09879771350889523,208.53014189896288,37.354849049366855,,
2145,0.04019734435632576,0.0991809772368307,207.10819769460127,38.397328078463836,,
2146,0.04010638235700869,0.09857307981095342,211.56409070571547,38.268727529408324,,
2147,0.040397885068266554,0.09915316657112093,197.74068158980435,41.46179475603339,,
2148,0.040355169669171694,0.09986479212453081,204.20918807730487,39.2113961755033,,
2149,0.04043315869726723,0.09923313546834886,195.2186173841034,41.02851693904644,,
2150,0.04054461634279196,0.10000237373236014,199.19502303839573,41.099046065894626,,
2151,0.040023827373621826,0.09721007176780304,215.1474832968445,37.07886013353199,,
2152,0.0412405359743452,0.10215205254028172,196.25498019673103,39.88726095978452,,
2153,0.040734433570539304,0.09944233466879436,184.67571766519788,42.06672242249,,
2154,0.04007573315467753,0.09602562017440103,192.2350120740748,41.468676925559016,,
2155,0.040926355456650666,0.10057980230213402,190.42368984792142,41.46934492674041,,
2156,0.0408042921883647,0.10090217235934432,197.2730490343103,40.55497318175521,,
2157,0.04113527630860018,0.10052248327221446,186.80154215325618,43.179595557012995,,
2158,0.04196909427510432,0.10125205607348328,179.34089405972622,45.46468032065628,,
2159,0.040013481356920365,0.09780362562207522,225.79118738546228,35.08655733121026,,
2160,0.040616277223011615,0.10112610891609786,203.4084607922511,38.51624210811191,,
2161,0.04081852762130564,0.09867641745915086,174.37759125721743,43.44549724087215,,
2162,0.04155556158190696,0.10013810497667908,175.1216576414807,45.52887068119366,,
2163,0.040286399236672446,0.09950837386518949,204.32820962107346,38.99642338529865,,
2164,0.040359130694711094,0.09910187953975937,193.00263633179833,39.048400594089344,,
2165,0.04031395208350536,0.10044467875382238,212.24271476439395,38.09534600152296,,
2166,0.04083623573958685,0.09958894813872238,187.1391904768441,43.80440614503751,,
2167,0.04000221510213521,0.09619992954728172,224.10800611954863,34.39050044189649,,
2168,0.04028653894184416,0.09794573697352718,189.52122009910846,41.325914708817336,,
2169,0.040027701678138454,0.09743911544152804,216.71551416585766,37.33025688104724,,
2170,0.04018613105033,0.10084509748927285,224.53455839347055,36.036759938529386,,
2171,0.04012859402113903,0.09641190932284524,190.16119431733367,42.510598430030484,,
2172,0.04136114683635788,0.10164307115840714,185.0596185034181,39.74295696461623,,
2173,0.0400047412104188,0.0974108030278662,229.84503563488477,33.67381842237181,,
2174,0.042317699443656,0.10272905617716839,185.25563086236917,43.2764418637793,,
2175,0.042111143051235894,0.10010818828752417,163.92406133256137,46.75138690996644,,
2176,0.04001380882377049,0.09663827919792016,217.95480721036955,38.06845567228443,,
2177,0.04113715791365233,0.09988505428889669,179.0098817879448,43.53288358041035,,
2178,0.04001887613796607,0.09978938301639717,240.39841603756688,32.319353480355026,,
2179,0.04070752912980937,0.10048943962554804,198.87112747775623,41.575820942172726,,
2180,0.040591394508957955,0.09961384608486896,192.76527378860115,41.607900018736785,,
2181,0.04076118139880591,0.09860152209476722,177.2266832336544,43.928331480432874,,
2182,0.040096194446203985,0.09699646639485672,198.12816287928558,40.450089815245974,,
2183,0.04177412746751534,0.10246972255656019,189.88132163670028,41.564308289890256,,
2184,0.04002831544853975,0.09882800823719022,227.92606821159802,34.69421875995404,,
2185,0.040406397600090814,0.09890014111260644,195.1252934969756,41.96953737034628,,
2186,0.0400992342163525,0.09884531999004471,216.08525381551019,38.06682121590478,,
2187,0.04093876727269112,0.09940879068667076,179.2896415618727,43.36994249762501,,
2188,0.04010590624875782,0.09826372993990454,204.67364271138078,37.300698463188525,,
2189,0.04128697933606051,0.10178587614634614,192.50781976580123,40.862304681421286,,
2190,0.04104727459693983,0.10199599196919498,201.79323494352684,40.25112673205023,,
2191,0.04014128375097839,0.09866076556646233,209.8428825519759,39.283342876384715,,
2192,0.04033849303285261,0.09963433159302759,204.33136127576378,39.915204804367285,,
2193,0.040759060215410446,0.09814707399559464,169.06217350888716,43.209536935456654,,
2194,0.04091327822070519,0.10137055914416217,195.26854807185867,39.1759278014812,,
2195,0.04022713985317961,0.10015671164384223,214.06780247345762,37.29620008591279,,
2196,0.04003976647975412,0.10032877205458021,237.86923966878078,32.84786242963192,,
2197,0.04001781044090242,0.09643505566748446,209.69731894977707,37.39803452495341,,
2198,0.041518285549429663,0.10137069510237967,186.33813496950134,43.15663780863221,,
2199,0.040578888165012074,0.10004264143264911,191.94776003246415,39.011848721398025,,
2200,0.040010946326033685,0.09721861645237259,222.8912001254565,35.893470528932724,,
2201,0.04052277255188942,0.10164146432897105,212.9460749005711,37.59322491912753,,
2202,0.04165655933270258,0.10302947737388651,196.49652954157406,40.08962752114634,,
2203,0.04013742044336924,0.09856397002476332,210.9304787370539,39.9289520386686,,
2204,0.04042678113549816,0.10057523339021612,207.2999087522333,38.65836712154886,,
2205,0.040127539558520914,0.0962116222141039,185.04693425899615,41.61373479856214,,
2206,0.041122105941348526,0.09942113102879484,177.17291146852713,44.94233068050849,,
2207,0.040369023670419196,0.09914850873123564,197.319132330774,40.60569597391622,,
2208,0.040982729605502234,0.10323011601452252,211.05386366903423,36.711494890719585,,
2209,0.04076818695692111,0.1006286564550153,196.59212191953833,41.07780258174643,,
2210,0.04074561144384282,0.10162404750103736,206.24266293177345,39.31577231769861,,
2211,0.041683019080708705,0.10011334992707377,171.3666799367382,45.56436366534028,,
2212,0.04068374689422937,0.10112172776340243,202.83059442154413,39.518982253805376,,
2213,0.0400413530981495,0.09893583205705221,226.07837374389166,35.6430149752134,,
2214,0.0403820802670847,0.09911587180331871,194.18137016720502,39.99118934723288,,
2215,0.04025668635638864,0.10003914106919154,210.98085788910507,37.81678277432073,,
2216,0.040556891271017574,0.0984891845256015,183.4269538490551,43.087398008010275,,
2217,0.04096592876913482,0.09994202005358811,185.16726414560853,43.237982133157935,,
2218,0.04059616812205482,0.09815313430806756,179.0405154070135,43.91158663032505,,
2219,0.040542624824527904,0.10046440970966522,203.68413859780136,40.41124198287521,,
2220,0.041206789371722466,0.09968979676688976,177.86928847500977,44.9045281654495,,
2221,0.040458107287778884,0.09950010416962583,195.3134699001428,40.33978283719928,,
2222,0.0402640010359142,0.09954719464322917,205.82195236979476,38.61749231924289,,
2223,0.04045262353108311,0.10030600210551086,206.7104059844943,40.34469177435474,,
2224,0.04082860570988044,0.09903885258358275,179.01261725205381,43.481041175205895,,
2225,0.04141150731998326,0.10039007350017243,178.5106514290094,44.02609360991319,,
2226,0.042244899041878295,0.10193784736695297,177.74009553984436,43.8724984820409,,
2227,0.042225773874288754,0.10221540090877522,182.4713161167852,44.04809770484296,,
2228,0.04079197054982138,0.10103688168404239,201.3806002201431,41.164847758711254,,
2229,0.04084645188389441,0.09977034237709766,188.47876011608682,43.55174959354747,,
2230,0.040020378001578434,0.10047829521109967,244.49309784319988,30.827832564590217,,
2231,0.04015276094746619,0.09844302695086382,205.12523270165332,39.257839865436736,,
2232,0.040680070835980894,0.10036753466762097,194.40594823524984,40.12766255539118,,
2233,0.041207312458829526,0.10135516206981973,192.36726533413128,41.980136591153986,,
2234,0.04006967061030014,0.0986571157082662,218.1362535408751,37.35665214235786,,
2235,0.04026594657064519,0.09922722645527847,205.51417282730216,40.11895332962459,,
2236,0.040486355668356,0.09827876676211236,188.891394947955,44.59198256153636,,
2237,0.04316945677258514,0.10305951055550298,173.76866599044183,43.67385669011602,,
2238,0.04031784328541329,0.09968483349376353,205.148639728089,39.37628776379744,,
2239,0.04071142156023605,0.09943544570204996,189.4412153317058,43.40524473023833,,
2240,0.04013595587972443,0.09950145323520296,215.76396113888225,37.025822339179534,,
2241,0.040207898785206975,0.09926403369390636,209.20655923718454,39.16042274696722,,
2242,0.04115794229054334,0.10128206559890959,190.59925571648566,41.1238864218899,,
2243,0.04313728338842721,0.10061033699268226,154.3625117170281,48.44987339135269,,
2244,0.04168920417806223,0.10078916795709078,178.82495624088688,44.98956409904513,,
2245,0.04137559944424692,0.10106894596361732,183.8437794941004,42.24411086384833,,
2246,0.04033657356648081,0.0977948125608417,186.99419494890228,42.63218431352492,,
2247,0.04070833421943454,0.09928719492129749,187.72023362436212,43.46315474505397,,
2248,0.0401017365394777,0.10024480540243237,224.8834430034441,34.58138219936454,,
2249,0.04082157409092011,0.10006386661073549,189.63379514590764,42.17111157437989,,
2250,0.04215182600530511,0.1031498245242821,188.00337252329453,40.8868632395555,,
2251,0.04026673797129129,0.09970554477309715,203.79630774732263,37.227761053549884,,
2252,0.04017233583880582,0.09709759770540555,192.8458668476734,42.35378779058599,,
2253,0.04007762844131307,0.096536434422916,196.00391354920075,40.491506323533805,,
2254,0.04009960573614395,0.09859807505316368,211.66832660553516,37.728540342800514,,
2255,0.040021315139217216,0.09698715403838025,213.9494024179886,37.15018240701484,,
2256,0.04054586646942051,0.10039017796759163,200.6938295823869,39.778963406029995,,
2257,0.04100539936745301,0.10132747728251572,196.88722850502268,41.20595644102635,,
2258,0.04088676098484859,0.10080353813473841,190.09203919809246,39.713749973437736,,
2259,0.04049331800305586,0.09795610407722832,181.64011635877,43.74057527400809,,
2260,0.04031306754585655,0.10054388846056843,213.1261134946791,37.901914107975514,,
2261,0.0403522253782289,0.09971226326532238,198.80294606864163,37.96187521153487,,
2262,0.04031584153782044,0.10042879554175245,213.5215164484512,38.6782890172703,,
2263,0.04041640318816755,0.10180194210131636,219.7782558368321,36.889154843891546,,
2264,0.04081063244017276,0.0991158314592797,182.52038366024047,44.076451897657705,,
2265,0.04086906294766274,0.10258127432485548,210.42335914234718,38.04416053539409,,
2266,0.041156101419592014,0.10011459570809726,180.74673260810872,43.26585780060316,,
2267,0.041027271135331896,0.10049762597483575,185.6222736800115,41.526377578760616,,
2268,0.04199294828563092,0.102857740301143,189.1941058197146,41.3886809642806,,
2269,0.04021528269943229,0.09959927375927498,207.86296259466204,37.35377818647469,,
2270,0.040004870298803535,0.09684797327310297,227.39656072215533,35.64368196476589,,
2271,0.04007538626974372,0.09816402473007955,207.60116984775456,36.52919730767017,,
2272,0.0402929910423353,0.09875130235716026,197.88340215016808,40.58377405959459,,
2273,0.04014767147199409,0.1005376800960265,222.75127086463547,35.100904442473414,,
2274,0.04009537742999347,0.09956022796799582,221.01461572412833,36.08069951802881,,
2275,0.04016404205046333,0.10102426860725583,225.34264240325882,34.46568976163794,,
2276,0.04062222252701583,0.10236148392383199,218.36849470790392,37.93416650581,,
2277,0.04067729549491038,0.09950146033288554,184.34313623398643,40.71402288407591,,
2278,0.040283123539858946,0.10075674211344847,215.66103951423514,36.86132701055121,,
2279,0.04309559226272622,0.10221708856526789,169.55053080512047,45.77255898555383,,
2280,0.040334101347877925,0.09841005369621618,190.55601299930635,40.84769976397437,,
2281,0.040011915830669466,0.09866133928186721,233.63942897088262,33.11801523073215,,
2282,0.04106889580108382,0.10019535437424566,185.72833891277094,43.557700858679254,,
2283,0.04023864938299248,0.09897471545109786,201.87954720205752,39.12333508662563,,
2284,0.040951413879204306,0.09983129276346019,186.74027108755269,44.130945845718216,,
2285,0.04000596904408662,0.09728807921435945,231.6539057355419,35.898207033621254,,
2286,0.040036113088954786,0.09831466037664618,217.46173873991316,34.828883148423685,,
2287,0.04065727244586594,0.10295540827039118,219.60528996815876,36.12326872677117,,
2288,0.04192075547371357,0.1014024109541945,176.26531961659106,43.232635023712376,,
2289,0.040484317827362996,0.10110383223301041,209.9763341244517,38.33891908437443,,
2290,0.04040031421476695,0.10024241176482036,203.86578889446236,38.42007530809512,,
2291,0.040007176693896855,0.09876485901542828,243.0533496916298,33.59972124175586,,
2292,0.04265526407493909,0.10388943977707572,188.3453244413608,41.293081427652616,,
2293,0.04021627261957457,0.09998453541437828,210.9251855439591,36.610852105057006,,
2294,0.040098542300840444,0.09961815691978236,218.11946392079167,35.00254970535312,,
2295,0.04174993611882563,0.10115763183100196,180.15634061358932,44.248680904287525,,
2296,0.04160975135911392,0.10115331196542925,180.47423047210802,43.04756523711488,,
2297,0.040384562981652786,0.09952905430271136,197.76848578261084,39.32341357040283,,
2298,0.04014101303734297,0.09944823621531454,216.0583028610796,37.657541951585024,,
2299,0.04161558145454514,0.09913223002311795,162.16580590677455,46.40907083783237,,
2300,0.040473742491789366,0.10077365717449645,206.34038654026773,38.42238676846937,,
2301,0.04042960421312289,0.10038789434208728,204.1685500285443,38.52461132878434,,
2302,0.04066792769186555,0.1005438011124029,197.04140139483795,39.9978582320185,,
2303,0.040462473206334566,0.10037478005662424,206.1241111706272,40.02551006133963,,
2304,0.041150905380077915,0.101251287618985,193.1396551136561,42.084245766995245,,
2305,0.0400630748167964,0.09810647281250466,213.3255712280273,37.690668250288866,,
2306,0.04061137786100305,0.10206301351538291,211.41403412094013,36.72496628966219,,
2307,0.04014282546495301,0.09876899497670914,208.36286517306624,38.319128870225406,,
2308,0.04062802115636157,0.10143915555826476,206.50577373163637,38.30909918338024,,
2309,0.0400314120680988,0.09780351491094577,218.6048550874779,36.922953223506816,,
2310,0.040024479258640146,0.09983844477162286,235.76896918797536,31.799036663228776,,
2311,0.041832791415513285,0.10203094377039072,184.77719808893607,42.417521874503166,,
2312,0.04041422295426329,0.09953402290133934,200.6236388272937,41.035682375560185,,
2313,0.0406775404319093,0.09949353659800964,189.03366033614375,42.41159020788545,,
2314,0.040690040583139304,0.09920781402602277,185.69702533408085,42.82687053206325,,
2315,0.040002679750580916,0.09809506881979574,241.7360522772119,32.209374539948826,,
2316,0.040041108830009074,0.09767494898102376,213.49911093944698,37.2620275626414,,
2317,0.04023640242615516,0.09976141045484016,206.3146341692249,36.80712189300015,,
2318,0.04059344481665162,0.09846105373304982,181.4287544458167,43.215791673424846,,
2319,0.04206443649581397,0.10253097285538447,187.95987297732248,43.137874856691106,,
2320,0.040310353048845636,0.1004921809515215,214.76674695649334,38.65111052764156,,
2321,0.040014393499301436,0.09675485177414835,219.31546138870533,38.187799720553585,,
2322,0.0400123861186944,0.09962446670394767,242.73130864438497,31.85791661897941,,
2323,0.04068572604752822,0.09984898195142848,194.3829059512888,42.721008519659236,,
2324,0.04081381678585596,0.10031436251451498,195.24252171247684,42.823037736729084,,
2325,0.04106329762199585,0.10290245583939749,209.59171319847545,38.827718374859295,,
2326,0.04013613285655643,0.09973015976869241,215.8637524626534,35.96563427134542,,
2327,0.04075267289203176,0.10054833245682644,195.77759432817828,40.93318470045361,,
2328,0.040120738383143895,0.0976439195591508,201.53062102175107,40.11391622282778,,
2329,0.040395693150439775,0.09929401066573736,196.68612791820323,40.355098056564934,,
2330,0.042445641338502815,0.10439443206556615,197.2097613552509,40.43265724908648,,
2331,0.040830122779531894,0.10133562886436065,199.3277755000367,39.57513985989788,,
2332,0.04169596116587296,0.10200554603601696,186.7956203622042,41.98910683279231,,
2333,0.04007367560953297,0.09770346151449714,203.8872990100742,37.29535054873074,,
2334,0.04112118041612139,0.10237476767657584,201.93709451109024,39.39866641527858,,
2335,0.04015003730235975,0.09943304935211389,211.8783915880014,36.72121708613655,,
2336,0.041631310362703025,0.10126115700972857,181.26063556634537,43.01373280039481,,
2337,0.04017992484143423,0.10000702043124735,217.0358413103142,37.17100659223957,,
2338,0.040251856359192414,0.09970367961738458,204.97802143017697,37.15534875473928,,
2339,0.04160700341136295,0.10142323786617508,183.23033770368988,42.689071237171305,,
2340,0.040079806649478,0.09734468787808571,200.64707127442037,38.40595221139159,,
2341,0.04036400549160287,0.10107555576586977,213.4784154606343,36.866077173570744,,
2342,0.040663871775787425,0.10212165303159791,214.99321839530927,38.638812984344824,,
2343,0.040484305420081336,0.09912918636727884,190.38425802232808,40.96596276711049,,
2344,0.04053832729300966,0.10060678723291323,204.06709200629322,39.77291179736114,,
2345,0.04033655744354749,0.10047585315709681,209.88568759324733,37.75568744205925,,
2346,0.04007658498959737,0.09965527600828251,223.82668603790077,35.15203704520309,,
2347,0.04028101009972943,0.09919183951739002,202.2468496483471,39.622312460069274,,
2348,0.04000518071066371,0.09835565260899781,237.501599474989,32.18963190112545,,
2349,0.0401808631519335,0.09902424341693902,206.028319879482,38.07631853326691,,
2350,0.040422091322822644,0.1001488930499685,201.4328596494531,38.53760871303555,,
2351,0.0402924153752547,0.10252965661038359,231.41443698785716,34.14263238467754,,
2352,0.04027945545909432,0.0972569675766808,185.28023289451366,42.934676284763555,,
2353,0.04046911471146558,0.0983489814522752,186.51377066335948,43.04003354893144,,
2354,0.040176846629489275,0.10139271724346298,227.07676396272436,33.88301311913069,,
2355,0.04017635006693084,0.09885367536359936,205.47214463671725,38.504973402624586,,
2356,0.04015835636280923,0.09712301477314775,192.9628333711602,41.61804801044217,,
2357,0.0400127862964535,0.09822075375922984,227.3266091712788,33.35710867559356,,
2358,0.04034496658271595,0.10125243903974966,215.53661749128705,36.22875687304897,,
2359,0.04096387272234362,0.10262145166480274,206.76331474610856,37.88479846366425,,
2360,0.0430867535176388,0.10258611288368077,171.9423614989053,44.77532913168909,,
2361,0.04017459858594239,0.098720076004215,205.14440116218609,38.95647606290981,,
2362,0.040460009166200975,0.09988051888757614,204.19646060664778,41.6786317459208,,
2363,0.040238860092243214,0.0994555183467812,210.05440339984744,39.69239554849936,,
2364,0.04033575962797727,0.10010962129259254,209.67568442733955,39.42890156897304,,
2365,0.04103895729051085,0.0998540345866949,180.1311280699604,42.84946286631282,,
2366,0.04039329723166298,0.10010861498359769,203.9721579899587,38.93088792886185,,
2367,0.040229062928823285,0.1010855875129388,220.24248739176508,35.05784840004406,,
2368,0.04213727889549458,0.10055150023305771,168.22083218901014,46.34108298540991,,
2369,0.04009714175894931,0.09931741594083099,218.82953926619462,36.60802735657379,,
2370,0.04051555162896363,0.09925255507718857,190.57586989045745,41.09398723322379,,
2371,0.0402933168629374,0.10128976428454547,216.57191005341696,34.9235115726632,,
2372,0.04056813548731252,0.09964881497716274,192.3127558099541,40.837865996524314,,
2373,0.04012159881596877,0.09757638856519524,198.5886042103311,39.453116675190046,,
2374,0.042557920967682905,0.10132224478570166,167.8657692902006,45.76052523379145,,
2375,0.040079351916638764,0.09824140397424871,213.9682366238274,38.73645104906872,,
2376,0.04156830981902989,0.10332723440274245,206.0899991756611,41.17485743805344,,
2377,0.04040771952493222,0.10195684137917788,218.64310380698544,35.53151796556379,,
2378,0.04010751428469403,0.09821417214066383,205.95022203828705,38.09586851950866,,
2379,0.040032042551200374,0.09659893594516852,204.83323630666558,37.99333459228474,,
2380,0.04086727381961931,0.10258031014938346,206.50641739080328,36.640768563067795,,
2381,0.04044103321442181,0.0977218308685457,178.783170668225,42.712606269778455,,
2382,0.04044032195244681,0.10133036288272948,212.5113509135812,37.16287589811749,,
2383,0.04039621559438822,0.09821649139552512,190.833960432007,43.509087581387654,,
2384,0.040380479969414865,0.0993320368238078,201.3335736993108,41.42988902600837,,
2385,0.040112763150726635,0.10096754583758168,233.96510184847364,35.01350090171531,,
2386,0.04125298922703602,0.10152228450086216,191.1696196966819,41.27839735685639,,
2387,0.04013360338388027,0.09792632945701078,197.19308063854194,37.95458731532847,,
2388,0.04118351262960602,0.10116137776773658,189.5951361358188,41.657905028427336,,
2389,0.04043057608677239,0.10117785224302643,212.313638739569,37.604643273722075,,
2390,0.042902774778409904,0.1035896283888851,181.36634811385795,42.016565026860164,,
2391,0.0416779795613329,0.10283093963069795,193.69415058653428,40.26476900794155,,
2392,0.040282399666151415,0.099613112097406,207.88062507883149,39.61866066820563,,
2393,0.040515246313765824,0.10117935247433041,209.2555034448083,38.369614504741996,,
2394,0.040285558352975086,0.09877377074691689,198.4927570385099,40.46036478392298,,
2395,0.040101481215342114,0.09944175980318437,220.1035498110577,36.7573258992527,,
2396,0.041481195699605865,0.09976000207654545,175.13542000817586,46.60712438930352,,
2397,0.041905243816448,0.10486055624878232,212.56621720465728,39.19736626517198,,
2398,0.04015173938451138,0.09922220004887983,208.98124729220183,36.802998312272564,,
2399,0.040421735201105445,0.10037386018194484,201.3951468730127,37.428946719429625,,
2400,0.04457685166525551,0.10543760744638406,180.53215210297301,42.74995543959027,Paste volume per aperture high,Stencil thickness high
2401,0.04154309627419162,0.10064391637493672,177.39821685080256,43.76363231978604,,
2402,0.04177847500731762,0.10285346744411299,190.1796036623249,39.855446239814086,,
2403,0.04040107713022817,0.10262402887805751,225.2130614418704,34.46450545708384,,
2404,0.04069652776570628,0.10177109639905701,207.09385259217677,38.10145938560579,,
2405,0.042511065320130506,0.10168385716216506,173.38404186943845,45.61324237635347,,
2406,0.04008217780899399,0.09752099083634987,203.70745519466666,38.826835074417914,,
2407,0.040019146008929286,0.09733764899956893,217.35715396545484,36.10702310904586,,
2408,0.041895574786660054,0.10085108322690531,175.3335121019514,45.34606647868756,,
2409,0.041276142319903765,0.10070439998642486,182.9648308834849,42.59803051896652,,
2410,0.04036504196079014,0.10142575495638259,217.4886383400967,36.616284390792416,,
2411,0.04193209173989957,0.10091891763817185,176.68791400608978,45.816921959314925,,
2412,0.04005260394895971,0.09887627772377433,221.1670906069249,35.62126118346221,,
2413,0.04167690457765811,0.10204713160536527,185.13409954596978,41.021028011365836,,
2414,0.04105455634623868,0.10033657031245445,182.18593709148413,41.4432014530118,,
2415,0.040020049444190145,0.09781133797432622,219.1386279091102,34.683114775997375,,
2416,0.042953275521122616,0.10045240248719806,154.57598782059307,48.064577475762064,,
2417,0.04082258070998638,0.10197515952026373,206.97533571681632,39.07088372565551,,
2418,0.04002010733213989,0.09839136910421052,227.27332566674687,34.765904290584444,,
2419,0.04179153269065703,0.09953972554270786,163.51877852101936,46.578039431003134,,
2420,0.04054867849000798,0.10040420457478387,203.40572932368627,40.72362050147177,,
2421,0.04047128325269274,0.10011727243214313,200.4324421969738,39.455341562690414,,
2422,0.04004026593906682,0.09878312129419864,223.63419929046884,35.36456853894447,,
2423,0.04021522889816967,0.10031167218800252,217.38148059635267,37.2684396459495,,
2424,0.040641433468076534,0.10015473882519935,197.008547501921,41.40296652551824,,
2425,0.04033141842554985,0.1015678229818646,218.88108258093655,35.51059120064875,,
2426,0.04043978049207816,0.09934496083525157,197.09942991333364,41.304738793069745,,
2427,0.0402073009625534,0.09849136795925016,199.59376579715783,39.478032613335394,,
2428,0.040854107219559094,0.10000437840420877,187.72874352609776,42.268766200486326,,
2429,0.04011041056163991,0.09918430312599176,219.36095242375305,38.327320335041705,,
2430,0.04028156536855954,0.10011718868928941,209.78152554819516,37.827665027883405,,
2431,0.04061171637123205,0.1020920141842495,215.0902976826887,37.888250895747355,,
2432,0.04172160547328836,0.101990214397811,186.15879108506215,42.07989861839886,,
2433,0.04153456006337625,0.10120775855960683,186.59934107467961,44.20036343645187,,
2434,0.04042096996065906,0.10041306416130778,201.85019876985726,37.3819967251497,,
2435,0.040001210021128275,0.09833530753407924,249.0352086230652,30.56132260907593,,
2436,0.04029377860613114,0.10027730203668817,211.80887590742125,38.14870494381302,,
2437,0.041804161482776714,0.10166088752953173,184.41081119016093,43.81676594250379,,
2438,0.04007503162559423,0.0993050291435696,220.60737571686266,35.575181212066376,,
2439,0.04075375289664072,0.10099294809725284,199.30681464845105,40.047513464517436,,
2440,0.040605349356964617,0.10133380607145698,209.15183228678265,39.33920284946821,,
2441,0.04073451632426862,0.10164988504242617,204.35982214137746,38.34793750841722,,
2442,0.0401367757805917,0.10023151794712622,222.8433345278567,36.04092895485749,,
2443,0.04009563023786014,0.09933295878938254,218.39477803276705,36.272372975463036,,
2444,0.04011306623515756,0.0979484378116477,208.405776710503,40.60055291870949,,
2445,0.04002596309349837,0.09916096240147139,231.9462866955115,34.03682797864034,,
2446,0.040227423958195056,0.10039085477710608,214.82010694979024,36.44086628449971,,
2447,0.04286685256571445,0.1022659949552723,175.70343538835294,46.16694273481904,,
2448,0.04082317480949945,0.09933109290002473,181.34907994117603,42.812217714714464,,
2449,0.041588677790428984,0.10075072221838702,176.12130158222428,43.25001510978793,,
2450,0.04012110354054004,0.0985081495185353,204.9298722706011,37.15951362829147,,
2451,0.04014856997732196,0.09675557723124577,191.24200881574217,42.30159945592208,,
2452,0.040052355074589256,0.09973754654513779,230.11472361994683,34.58860558413181,,
2453,0.040024723671357655,0.09893409067246063,230.38915021193282,34.322832753468205,,
2454,0.041820435323496864,0.10086927129775788,176.6522942752544,45.05157977944797,,
2455,0.040032404929386284,0.09989566513566536,233.58505541240413,32.27277615726254,,
2456,0.04087718953478711,0.0986313842786115,177.9954678954716,45.80296980502524,,
2457,0.04280073346178143,0.10448209078960506,192.160861792742,40.80827121835712,,
2458,0.040185904591753495,0.0994483752339886,210.34538011547738,37.768583802286734,,
2459,0.04043184338223187,0.09889461960307484,193.1517744528061,41.904207268062414,,
2460,0.040458263533971,0.09933706795756343,195.58899676098656,41.22820738496186,,
2461,0.04026154815249226,0.10144696647319941,220.38842991163472,34.497263601556675,,
2462,0.04005039383531377,0.09936566118226606,226.2084189783836,34.77713278815433,,
2463,0.041205051225453405,0.10111450121390879,189.08787840923588,41.95925080414071,,
2464,0.0400323312532672,0.09639943528872491,207.59402942798607,39.98111427633167,,
2465,0.04118930765823875,0.10232483685221577,201.19490993513568,40.198295603583006,,
2466,0.04098409200670583,0.09847223886773519,170.16588681217783,45.28980748882208,,
2467,0.040508422079940265,0.10044428895706009,196.26987465462054,37.19794851520062,,
2468,0.04004792809499002,0.09803984019357088,219.62124816245176,38.558962429926964,,
2469,0.040515706194856914,0.0987559498449645,191.68818457906454,43.88902430619983,,
2470,0.04022136485902953,0.09846566599948677,200.5217653700385,40.47154989701446,,
2471,0.040414527711830454,0.09771496111518198,181.12475377651938,42.951460422286125,,
2472,0.04027306253658695,0.09805349508895352,192.7477923049706,41.516807351854304,,
2473,0.04032785138650392,0.0992006319402581,197.7653974056105,39.396459401838186,,
2474,0.040762592690694766,0.10164532465469794,204.6544760560562,38.922548829415526,,
2475,0.04073519504020624,0.10057788455557774,195.2408101266029,40.32058920308756,,
2476,0.040227220316595896,0.10099976100594502,221.08469649957695,35.70192772380969,,
2477,0.04163910953530374,0.10188481038797567,187.08361016552044,42.13067433790485,,
2478,0.04003073628246766,0.0980402214285197,220.88825396984603,36.4651941223139,,
2479,0.0402542561630058,0.09769459221997234,191.35353129395264,42.136590134563626,,
2480,0.04082085734618602,0.10076811512098524,194.0809674409743,40.326969239922356,,
2481,0.04011472774491809,0.09877684261161128,211.6080585854769,37.83144465007238,,
2482,0.040846627231235125,0.10096970441414362,198.57101041331302,41.32072353329599,,
2483,0.04096922857183191,0.09870927483687984,173.67451514445693,45.183235091923315,,
2484,0.040167667847104085,0.09801965489986553,198.51523671862435,39.68548860996749,,
2485,0.04213868815646256,0.10283143284522982,187.55086944428356,42.15787513747528,,
2486,0.04006691654830257,0.09803978137955273,211.97690158797104,37.90939060493372,,
2487,0.04144453901622377,0.10174256808128739,186.5810763966493,40.686909855586656,,
2488,0.0416969263567324,0.1022335282472149,187.760611918138,41.237236759309916,,
2489,0.04123790389244482,0.10016499236017469,178.18729185913102,43.08214677839069,,
2490,0.04037467708007544,0.09730854621804481,180.76591812142442,43.80063741834999,,
2491,0.04065453079026075,0.10228101396946847,211.22573981189674,36.376964976731436,,
2492,0.04079551165234962,0.10027591995571421,191.27890876413665,41.33139478937251,,
2493,0.04077879346255542,0.10070061495017996,193.45129278840565,39.787670330900056,,
2494,0.04118103344705666,0.10219729162802575,198.24390805459913,39.6752487617023,,
2495,0.040131464095091815,0.09748635674762292,196.4835053137308,39.711508574676294,,
2496,0.040212243005166216,0.09773190445963151,192.64319965398337,40.88826923525971,,
2497,0.040279730094730716,0.09916010362952689,201.9238984098551,39.62119673262296,,
2498,0.04024892487740049,0.10005158060292305,212.00771091400293,37.85424756353994,,
2499,0.04043145986343229,0.10093413323166174,209.72095278361078,37.8879042402891,,
2500,0.04037389623593054,0.09834317752502675,190.8874967696831,42.35319950963699,,
2501,0.04008782835948061,0.09906107809528165,218.08665111212414,36.90201498430868,,
2502,0.040099012294675614,0.09711844510726708,197.52691165400057,39.846390202615,,
2503,0.04033586041277403,0.09975356827528077,203.8284615034374,39.08873234838558,,
2504,0.04148910130283637,0.10038387784476216,173.98298272471968,43.26739482456152,,
2505,0.04007894487482622,0.09875913587443903,215.38232417621478,36.700278303262394,,
2506,0.04036039339497871,0.09919029767146359,194.14656384986557,39.05824933826039,,
2507,0.040384647607688624,0.09947747980117207,201.43935041841783,40.87003491357378,,
2508,0.0415583530955843,0.10136394148857382,184.58345535216372,42.972727908194,,
2509,0.04013034130323412,0.09912346622479704,215.57188951460685,38.47452839984921,,
2510,0.040139153483532156,0.10034512230750495,222.56733335719332,35.522306323264516,,
2511,0.040449480280592115,0.10048572618909955,209.70043475274363,40.460502302384135,,
2512,0.041607421655906814,0.10280258713554277,195.18236782106595,40.24617979017389,,
2513,0.0404756307883803,0.10277783594533046,223.05069741313642,34.67663901780633,,
2514,0.041879702472358456,0.10091370332920228,171.50883014163082,43.553371321866365,,
2515,0.041002287657582216,0.0996358969395685,180.18831546922735,43.445503293061634,,
2516,0.040187944979877335,0.10015845030325356,215.46689207961853,36.23204001159688,,
2517,0.04141767010362613,0.10096222171331681,181.78768640926972,42.48333082954578,,
2518,0.04087901270571418,0.10316077300886263,215.32638208175572,37.11786877384001,,
2519,0.040333136307860736,0.10137404082639062,214.5289126161897,34.95923425781974,,
2520,0.040144687065933785,0.10147306833887705,233.5201701851689,34.22815991253437,,
2521,0.04021772091700431,0.09742579143005164,189.86753418773827,41.59839236125698,,
2522,0.04071746021330366,0.09817056599967276,174.45086974694152,44.326588730768364,,
2523,0.040206920170656114,0.09904284439707214,201.2456298447477,37.381384643713815,,
2524,0.04077695604138075,0.09942109515205019,184.3039592694339,42.713370926847944,,
2525,0.04265891751793174,0.10449489238459578,190.8221097909097,39.268103735578165,,
2526,0.04022583555694901,0.10020166886902829,215.7437942112478,37.62214429094737,,
2527,0.040948798606592805,0.1016561553605556,198.37057499290685,39.382210274261524,,
2528,0.04066652366844184,0.09848088603772545,179.89290467890498,43.88966012031958,,
2529,0.040219720213651805,0.09825469017390487,199.96180875999974,41.231273677517166,,
2530,0.04047324857497673,0.09957594866867907,194.31205353721603,39.95406700942608,,
2531,0.040320995662099304,0.10064558898190065,212.58851791341007,37.450368089598406,,
2532,0.04036829790583997,0.10030187610248334,204.5797797622052,37.576286394201276,,
2533,0.04073013644987853,0.10045032270527,196.12623049736004,41.16735410709454,,
2534,0.04117911024820248,0.09902514961624191,170.4428020354796,45.16882586092306,,
2535,0.041596080010384805,0.10268918869216125,196.15816436116566,41.02725293082812,,
2536,0.04012096252699301,0.10002058314682914,223.25442226799683,36.309767273904754,,
2537,0.04027616515894743,0.1007042262613816,214.55113106763224,36.502871766465724,,
2538,0.04014269116188443,0.09840244873483525,205.70637245490434,39.145715847602474,,
2539,0.04085728300467807,0.1005590736593941,195.19180768474524,42.26859774205246,,
2540,0.04174704016306652,0.10361786293158196,199.614064782374,39.20095962477482,,
2541,0.040591514559921174,0.09977477597008008,193.75720017251672,41.18262007073999,,
2542,0.04037220456694544,0.09760659364035534,182.88329150706895,43.04405909007974,,
2543,0.04064437524169796,0.10075288692994452,203.0504110233942,40.69697046962998,,
2544,0.04113484343327825,0.1019742561082647,199.2402547345595,40.549158083775396,,
2545,0.04046986203193185,0.09970820329363075,198.82515753834844,40.83349721558956,,
2546,0.04021956790152947,0.0998640172707475,209.86721239441874,36.94521070336689,,
2547,0.04013013844378637,0.09916919898389112,215.3646928274603,38.169074497454,,
2548,0.04007022884099962,0.10099018926702105,235.18314496351468,32.15049820461242,,
2549,0.04029057870389176,0.10113027953705045,219.0462274151761,36.48303847777004,,
2550,0.041765769993081306,0.10101394594440204,176.70622105841608,43.871983262882985,,
2551,0.04042695044292119,0.09946584993455995,196.65615523358824,40.266606289294714,,
2552,0.04148263290723982,0.10056147218573647,178.0259055204371,43.76951046432785,,
2553,0.04048533482026141,0.10025472472707792,201.77532008902062,39.569421965922054,,
2554,0.040411925475937624,0.09877281248883406,189.02031521567872,40.56403026170286,,
2555,0.040423926772672966,0.10025946694141469,205.1770265437672,39.367839195980814,,
2556,0.04075152660515749,0.10184278016302903,207.77133408882642,38.89286965909392,,
2557,0.0412846715713168,0.10070228723712041,183.21732693212294,42.79350707782964,,
2558,0.0411442045824234,0.1020812838544841,199.50478248532724,40.239076109628385,,
2559,0.040253029137188936,0.1024909519430889,234.77784404581075,34.24375882115994,,
2560,0.04039519184767265,0.10050431162248805,207.21372254500108,38.209852484995366,,
2561,0.04116418495222437,0.10331225303205992,207.2684409470248,37.271763717360535,,
2562,0.040617540701557604,0.09883330719010935,184.42608863175346,42.91886033591749,,
2563,0.040491429814417335,0.0992059424142993,193.69261911447833,41.914702178566415,,
2564,0.040186102277080686,0.10158588118495696,231.87726474133663,35.04735400745499,,
2565,0.0408751616433179,0.10270794461548469,211.94517234791599,38.05721836023586,,
2566,0.0403390399651777,0.10024798082419883,208.61360960258565,38.47646973850966,,
2567,0.04298584388604458,0.1036239680013015,183.48903781375012,43.1630916044978,,
2568,0.0400686043653952,0.09840749328797008,217.93144831722606,38.39210230897559,,
2569,0.040027116995013975,0.0965700458618477,206.18958784849215,37.69988629606203,,
2570,0.041087322053557196,0.10048581967377027,185.5542492339556,42.324755218499604,,
2571,0.04007158379512375,0.09846205875649573,215.87186451177467,37.67354468501849,,
2572,0.04049946380177256,0.10046368290591366,199.67152421917532,38.1174127682911,,
2573,0.04134622590319394,0.10055473294594888,179.52592267392757,42.886250745570145,,
2574,0.040260432754624376,0.09943278136817076,203.36613203377965,38.185209491444645,,
2575,0.04288354906522761,0.10190012578140288,170.2897416130207,46.1392152740012,,
2576,0.04001102750836936,0.09747071485625311,223.67622115388883,34.98731352331845,,
2577,0.04021617679427162,0.10021875250710652,215.6327933098677,37.13668379676041,,
2578,0.04067250350768238,0.10016023712532408,195.5244045027492,41.39449197797388,,
2579,0.04105777810005617,0.10143730732291126,191.0172631457502,39.28225631210974,,
2580,0.040020084577010395,0.09731722307787692,217.4740355049638,36.4920796422473,,
2581,0.040449624789494876,0.09780613003205818,182.6140331508616,43.85262379095727,,
2582,0.04076305750514271,0.10352387881052852,222.41119513938753,36.11921856167332,,
2583,0.04001438990951116,0.09835440744112914,231.56279491753725,34.77986278351275,,
2584,0.04023440282297702,0.09838075140668252,198.11797965638382,40.513680608605476,,
2585,0.04029627025221835,0.09974683974047881,210.4399249672708,40.30457248065964,,
2586,0.04412101821487147,0.10277464881258537,163.29344429939138,47.066648697805185,Paste volume per aperture high,
2587,0.0400750660245096,0.09854185222008989,213.36723455702068,36.71071227991109,,
2588,0.04021322269903865,0.0988828365177045,200.7603737123106,38.22967489704058,,
2589,0.040358763333265824,0.09935316723893577,196.2227488145456,38.9608125277016,,
2590,0.04189574841522991,0.10132693521463552,177.82393998141163,43.92727638980707,,
2591,0.0415115658240815,0.10095682879030116,180.82722346331818,43.14349737891848,,
2592,0.04313714938661047,0.1015386369837167,161.9807178566074,46.65204404048315,,
2593,0.041012379020205804,0.10069474063646036,186.84659076618735,40.81177979512061,,
2594,0.04086730297115175,0.10242849519720186,211.87123597797856,39.26772259312391,,
2595,0.04053691594946818,0.09963770865174905,196.05038306594375,41.598073313372495,,
2596,0.0407787275091206,0.10080991483695521,197.8069552463478,40.79549758667062,,
2597,0.040782388385383284,0.09955849088043447,183.0214473961641,41.6814665772851,,
2598,0.04019164028531157,0.09854130114207986,204.50564059323972,40.33340610546979,,
2599,0.04006688459151693,0.10057201051446157,237.58708450253027,34.70862069424658,,
2600,0.040101171557159074,0.0994264118818437,218.96079669903526,36.407139764494445,,
2601,0.040253849544513415,0.09904735069783517,201.13743082087916,39.03921588136721,,
2602,0.04005325452908043,0.0965776128449352,200.57471495536697,39.53553676505469,,
2603,0.04080560624170324,0.10042816443893807,191.43127644837585,40.80383790818701,,
2604,0.040680541455952506,0.09982787781891138,189.40284708646993,40.97765443143989,,
2605,0.0403850183952446,0.09831639283760316,190.06286548425967,42.47491058578466,,
2606,0.04015922330978584,0.09989267933116325,217.28384973054352,36.86004605763471,,
2607,0.04155787273677594,0.10168595248940945,189.0740112702394,42.99667043908125,,
2608,0.04041552655473895,0.09970316055646289,199.54858820390706,39.87032275073574,,
2609,0.04021618169670396,0.10106477947257629,222.1734017052608,35.35718147424737,,
2610,0.04185167531661287,0.10364490293790958,198.57114400506188,39.65670074378855,,
2611,0.04075115695825543,0.1023402426854646,209.4089893912707,37.061333331532495,,
2612,0.040005002735103656,0.09446981606291822,207.30165658815883,40.15785121417918,,Stencil thickness low
2613,0.04003986537126812,0.09963205564098399,232.66115160603434,34.39062486958087,,
2614,0.04167492429448964,0.10258421999327377,196.59377867743225,42.450863135165676,,
2615,0.04089452154129153,0.1012831608931533,197.51753071499553,40.12714629250223,,
2616,0.04097468397770392,0.10009449890046467,181.5122239165536,41.32949766211439,,
2617,0.04084927817380422,0.10282197791957777,217.49013260912088,39.08620165026583,,
2618,0.040775887587780266,0.10184740353641197,206.38273234265284,38.76463171112839,,
2619,0.04053890148967057,0.0971852919425101,171.6759511555315,44.8859059465975,,
2620,0.04009335591036029,0.09944525311026975,223.9944521991111,37.54196732915006,,
2621,0.04017773231826669,0.09777777226707096,194.60256820291593,39.929210858696614,,
2622,0.040525700919359024,0.09885646641316634,186.17795079021207,41.66317165057049,,
2623,0.04000609367161264,0.09638646036588099,219.16878720655777,35.93933402858611,,
2624,0.04052571473604756,0.10239007277046253,218.61726933064205,36.03724769689809,,
2625,0.04039362845141071,0.10015158962772186,206.3525580714534,39.57142547869093,,
2626,0.040952544337154506,0.10132613262424148,193.97134201626605,39.47554671599048,,
2627,0.04050127789198388,0.09840820144184327,184.20756123864595,42.63001301882082,,
2628,0.04059315448647591,0.09923471527967324,189.88545092117153,42.45642540904272,,
2629,0.040242153375246566,0.09862573616164672,199.00198093513032,39.91808059891726,,
2630,0.04064459329552346,0.10206629182061991,213.03809027478488,37.87931240096828,,
2631,0.040279296035205386,0.0994324829935178,205.06514047748973,39.399843569410265,,
2632,0.04007897717928364,0.10055238125664011,230.10846328126976,33.235095905599586,,
2633,0.04030132382737575,0.09871298081748468,196.13425640707172,40.40447070576015,,
2634,0.04071851440904516,0.0986561863349666,180.09763685044757,43.990133143234814,,
2635,0.04114635777099473,0.09984769846491018,178.16465114710655,43.52670795662695,,
2636,0.040831018292356205,0.10070831315141193,195.16935069180516,41.15205194400078,,
2637,0.04097014160899312,0.10099189928190776,192.52874335991802,40.81986237536639,,
2638,0.040173875455233245,0.09976010918080737,212.94847776451442,36.652748502796435,,
2639,0.04039646018617698,0.10138217249451503,214.7780308432279,36.66893285678475,,
2640,0.04031484872695969,0.10118750654794922,217.88964075223646,36.52503459477159,,
2641,0.040106749994945304,0.09909923837510215,215.12090094420938,37.005723409794136,,
2642,0.04018499310430889,0.0981130840874224,200.0749984314484,40.556972430663166,,
2643,0.04111050722890351,0.10095058727351512,188.47358356493686,41.39753363266177,,
2644,0.04030691327900818,0.09963435417675262,206.59421190379516,39.81045016589374,,
2645,0.041467145381364506,0.10299842484275931,198.51923785843397,39.066800196361505,,
2646,0.040134359563856685,0.09826559065660993,206.09114121627684,39.49672438283411,,
2647,0.04157194412267592,0.10040739854618579,174.05211185315983,44.013311767173924,,
2648,0.040342606951565815,0.10082364251733764,215.109117000871,38.08519415776321,,
2649,0.04030541507238634,0.10060019729709842,212.46070046717983,37.16952017863585,,
2650,0.04032584742879272,0.09819056648134293,190.49211018139619,41.65341662753267,,
2651,0.04050400271342418,0.10059899898096117,202.82571504644466,38.67172228235929,,
2652,0.04015085106216076,0.09951294536996573,215.38352728876325,37.612912813561664,,
2653,0.04322583008468296,0.10096025717834924,156.6075442153142,48.1252660374278,,
2654,0.040236595674986116,0.10010536356124211,211.6467143735308,37.03370144216141,,
2655,0.04000184014767278,0.09788702432472311,239.83669125041777,31.06740587535327,,
2656,0.04001488852417611,0.09903588581132539,238.0383655587969,33.939422915990214,,
2657,0.04025686881316867,0.10082051839834341,216.76200568195534,36.087619320873884,,
2658,0.04025275743655356,0.10051729776470741,216.30488332111085,37.25190310229078,,
2659,0.04000069598058788,0.09678350569548752,239.96992686599467,32.85581850186955,,
2660,0.04052996949514612,0.10099118828307227,205.39783801222868,38.21748960948478,,
2661,0.040450956021964336,0.09970326339366184,196.0723580331776,39.465527666692324,,
2662,0.040042696809611714,0.0997066832529584,227.2054007602756,32.50189413172937,,
2663,0.040653893283896125,0.10174940153758218,211.45825949298518,39.01637065967751,,
2664,0.040036190860116075,0.0958315590770206,200.04739721994622,40.69341145232258,,
2665,0.04015939338940121,0.09833416473890312,200.3087222213893,38.408402653053685,,
2666,0.04137605813482379,0.10166752681687101,194.41965119821825,43.08879312500595,,
2667,0.04041445852582686,0.10144572932177588,213.34373461515608,36.29325661505191,,
2668,0.04213659151083679,0.10291748013715601,190.00892650833975,42.59227030280772,,
2669,0.04006429681987237,0.09656858521931039,198.82062485707036,40.123193270187116,,
2670,0.040379990218621806,0.09877807567109613,193.1155700695973,41.19411080362015,,
2671,0.04016399070951282,0.10073249779618348,225.02753384937785,35.76178589914215,,
2672,0.04065653613347428,0.10070816136197291,202.09017317405008,40.78769873282269,,
2673,0.04006892095889175,0.09808783775343156,208.6305344998777,36.68393394679414,,
2674,0.04069320113058985,0.0996504967687687,191.94179019198052,42.94479724392191,,
2675,0.040184740190026144,0.10261014150888949,238.64803072430485,32.42928379945237,,
2676,0.04041898232495617,0.10015283045429041,200.21188579744756,38.014097691032966,,
2677,0.04024319092318435,0.10139562438693167,225.2160960537655,35.82165107078429,,
2678,0.041446327788770984,0.1022674372937734,194.17738790101436,40.850108152195,,
2679,0.04040366702434035,0.09969979694753944,198.05743489439158,39.074188249811385,,
2680,0.040058980480496297,0.0977757327733468,213.47346949336082,38.923308294588516,,
2681,0.04022348640476701,0.09873479354742713,202.09521734805008,39.80597161643783,,
2682,0.04176477984814175,0.10513765958070664,215.34048626226905,37.571467166281955,,Stencil thickness high
2683,0.042168328943710594,0.10086613586158552,168.80917808445636,45.28236988003036,,
2684,0.04064422516937347,0.10053640796594913,198.35873357024911,40.08473894803325,,
2685,0.04039025329874723,0.10250871377602497,222.17007758115338,33.6802479922303,,
2686,0.04013788983477824,0.09745008342477511,197.5414501514286,40.61152378652926,,
2687,0.04116554840607824,0.10289344206026582,205.80986883833168,38.796919383899635,,
2688,0.04070068759934054,0.10220630474820479,211.1480414399202,37.498893442860926,,
2689,0.040629346557710944,0.10086054419975676,203.5949940220242,40.101388855858744,,
2690,0.040255084563978735,0.09810410183238924,201.19263881287048,43.657965865890176,,
2691,0.040611971955020344,0.10082076093582176,199.86511474403164,38.662672021391614,,
2692,0.04022364771049245,0.09901403751858386,203.1541650564511,38.83647699582692,,
2693,0.040313044090391915,0.0981978424410168,191.86181299320955,41.73291114478069,,
2694,0.04002089741332551,0.09536302519182042,200.69694975830308,40.21844642876981,,
2695,0.040498766577124805,0.10022790548752666,201.3845691203833,39.84638377844164,,
2696,0.04001544539546644,0.09809702487336694,230.04467653982434,35.836033287903255,,
2697,0.04095915886732506,0.10057027096709724,187.82846119558656,41.049920200308115,,
2698,0.04054771835838749,0.09978853999696193,193.26805042647874,40.10211294672155,,
2699,0.04070864607007982,0.09949849472886178,187.92123536726245,42.518345642373035,,
2700,0.0410982599997323,0.10190162190245314,196.93601298325845,39.63687694210101,,
2701,0.040082998315864114,0.09731091301974074,202.85076873970002,39.60523600234406,,
2702,0.04051505020579798,0.1000926066337126,200.88923400036177,40.664108463377865,,
2703,0.04088429803723813,0.09905215969845828,179.34493690169214,44.348157449394755,,
2704,0.0435080576278907,0.10257464334333784,165.1119329014848,45.096180578326795,,
2705,0.040631192194674516,0.09968930095704542,195.1552058396215,42.81532196871794,,
2706,0.04194166280267096,0.1029122583962429,192.76042486620702,41.94080990937503,,
2707,0.04007200932901665,0.09934841083803352,224.22434166128554,36.37644033509461,,
2708,0.040412899412995806,0.10322995869356452,233.4571439435632,34.732544214283116,,
2709,0.040381416829960395,0.10101827092938032,213.95233432008757,37.75923962390799,,
2710,0.04061864058282014,0.09948957019374126,187.34454679587316,40.79789277147426,,
2711,0.04004447810805113,0.0978735675242217,214.02239258731908,36.94568044799788,,
2712,0.041364919151649866,0.10178528479547025,189.44567208197373,40.64439900804386,,
2713,0.04009411729592601,0.1015416749265179,237.7325760628117,32.31583090548187,,
2714,0.041184017642386134,0.10124273019872074,190.8631927698239,41.71828031359923,,
2715,0.04078406991118727,0.09839276478011168,175.06937016652603,44.533813960134665,,
2716,0.040022397673767196,0.09789784727298718,224.31495107097103,36.665680468477454,,
2717,0.04004610534570381,0.09727285452498238,205.6281052738197,37.097411661412956,,
2718,0.040107583547121704,0.09830827082382255,206.90126343030116,37.9813188765751,,
2719,0.04305435883100127,0.10128361729679128,164.3365803672645,48.170250618947335,,
2720,0.04021808487874088,0.09777853146662133,194.78567801907823,41.64338295901948,,
2721,0.040435259330412546,0.09842384940505165,187.8485155186606,42.38665969248944,,
2722,0.04033374186509142,0.10101237227667663,216.38448810274798,37.37831613700693,,
2723,0.04002989394056984,0.09932089606472547,228.46467537631756,32.79851445570088,,
2724,0.041555821857019115,0.10232619176882288,194.01666876202637,41.62694295254514,,
2725,0.04283114126901164,0.1033567371030491,183.24780007945154,43.312130513693084,,
2726,0.04000182167011018,0.09696764924323345,232.56335743372009,32.904016792452545,,
2727,0.043444663647117965,0.10139303132159208,160.22816431943124,48.691750736898165,,
2728,0.04130498583360858,0.09993444524668862,174.8504816294418,43.77847784860567,,
2729,0.04001905556988684,0.09939482138697144,236.58963029735884,32.92993877404537,,
2730,0.04061973744467868,0.09882008239914172,183.93211021529788,42.84833947526992,,
2731,0.04046011573642002,0.09872069734438672,190.59186852930557,42.48420408503633,,
2732,0.040764468243417035,0.09906018882539859,180.86783760117325,43.048943260965295,,
2733,0.0411292751023288,0.10268208692466116,204.95333239919634,39.077255727302784,,
2734,0.04017308779630728,0.09758241457419328,194.979020225958,40.79811968080089,,
2735,0.040570295525347244,0.09999655730048632,195.84922238821486,40.4471202642525,,
2736,0.04048769109825535,0.10305842728824219,224.9513832985936,34.251574102554606,,
2737,0.04017875808888998,0.09959748634635456,208.50774550600104,36.089121480965,,
2738,0.0401528829813275,0.09939495411678434,215.06062464257937,38.17043293352793,,
2739,0.04045788883109864,0.10144246797460038,213.92366903698542,37.51710342959845,,
2740,0.04159546773608078,0.09985562758292235,174.8308163984069,47.18612235681525,,
2741,0.04016272658587576,0.09792090717998582,200.0094995703403,40.45854338231382,,
2742,0.04118057917652025,0.10118520314171395,190.80271160477196,41.934096898326054,,
2743,0.04008634445153463,0.09938662856789358,224.1058429540379,37.33910871380299,,
2744,0.04112724916407128,0.1005020249657814,185.38522361379322,42.680737953444805,,
2745,0.04027379667358558,0.10034930635770611,217.1804492568719,39.06947376304884,,
2746,0.04087057024823869,0.10010271596040679,189.0884788891501,42.512983992473714,,
2747,0.04097444433814556,0.09927870338031404,178.57547232790387,44.23156257257767,,
2748,0.041025718452726,0.10177883143436911,199.27109631556823,40.132145962769236,,
2749,0.04045071240436943,0.10136241479040718,214.85124677269542,38.070101756712965,,
2750,0.041052126253359134,0.10463676413815781,222.5677502016573,34.88475023506639,,
2751,0.040010828746729156,0.09873417591345979,238.06832836225104,33.87550138483986,,
2752,0.04105251069296728,0.10185013349335327,199.64364250307233,40.26436754377048,,
2753,0.04086263743515691,0.10162448460032866,200.7861126634007,39.17308171263704,,
2754,0.04038520461379106,0.09954483781968335,200.93826889479854,40.38182390130864,,
2755,0.040321162591832806,0.10091605901654814,214.6214109158602,36.865698031826774,,
2756,0.04067400589067901,0.09980532488658309,193.51121718565048,42.42465691451437,,
2757,0.04042438602921866,0.09991157438336465,201.17055379517268,39.645785096038054,,
2758,0.04011972675219451,0.10014019325508236,221.2873897763282,34.96408205032928,,
2759,0.04000156161721019,0.09363270664835101,205.20717561092596,38.77466542371428,,Stencil thickness low
2760,0.04063710385804591,0.10009922130667377,198.9838393036808,42.2913107491955,,
2761,0.04030418700614779,0.09832318308612505,191.93837428229372,40.89291397652231,,
2762,0.0409629194350622,0.1007480507073612,192.94391789338425,42.0469874973809,,
2763,0.040954120770623874,0.10073844313544365,192.05705842780506,41.66099737066012,,
2764,0.040235743477288415,0.10038735966839125,215.57186656117986,37.025698719642264,,
2765,0.04009926561379635,0.09545625813235906,180.679509799516,41.95009493513736,,
2766,0.04197651770019664,0.10161025368657116,176.26783544502055,42.71366896999949,,
2767,0.040024330213605255,0.09816701932448627,222.60877314308675,35.19852670168668,,
2768,0.0404594857628322,0.10034688505240624,200.89921329424905,38.25024669349519,,
2769,0.0409477835620775,0.09880398788477751,172.76014559333774,44.111782056361996,,
2770,0.04074676108525896,0.10236911489144475,214.25537131699204,38.56172421782205,,
2771,0.04013933813701811,0.09816352065684653,205.0855465309503,39.90401159595964,,
2772,0.04038417772726868,0.09853290962804392,188.492479713441,40.85346684396397,,
2773,0.040478168953137904,0.10007663971983255,201.9221979082496,40.32724506503909,,
2774,0.04121786431599601,0.10185725573423625,195.69488957072915,40.851600936824866,,
2775,0.04008139367378617,0.09912813908043171,220.03916734041667,36.76138286895685,,
2776,0.04030354784776602,0.09988501824258741,210.92992312541404,40.02913586317646,,
2777,0.043129528006069694,0.10148679288540045,160.55612752819977,46.35001371149672,,
2778,0.04035579172651364,0.09947611394699363,200.31459609826882,39.73165614444196,,
2779,0.040423878194665044,0.09967398431197837,202.1953468479078,41.14336005289669,,
2780,0.040068403852308226,0.09854942397736342,216.45579880341248,37.167030585934654,,
2781,0.040922784678954764,0.10034220421726918,187.46862612556959,41.52494606988637,,
2782,0.04005579575594283,0.09550426900717039,191.5513522585039,41.82126259025409,,
2783,0.04088345921358196,0.10015083496819487,188.85228395166357,42.38262286462287,,
2784,0.040433555293161935,0.0996656698559062,202.38198130540766,41.47557750636303,,
2785,0.0406987382727499,0.10102476283697756,201.10056654639442,39.62962335682635,,
2786,0.041558662969843625,0.09963796710165394,168.092367951253,45.495876943832954,,
2787,0.04045371908934668,0.09957569863804874,195.7178946318899,40.018993553315234,,
2788,0.04037543758506611,0.10093373239358437,217.2456351990276,39.177187298004576,,
2789,0.04111763509483614,0.10054307609118904,190.96760539852045,44.33430640057018,,
2790,0.040171956396475375,0.10046554981627273,222.45277733802163,36.51128574568701,,
2791,0.04117834253267965,0.10195130645694107,198.10037765471733,40.78112532308502,,
2792,0.041480380864099,0.10253743063839141,200.73875705001763,42.21389022784595,,
2793,0.041688975063412764,0.10183119031687204,188.27734446469236,43.288193882301314,,
2794,0.04110799971586458,0.102503607166962,202.39990709367183,38.777124061857265,,
2795,0.04083011794472013,0.10064701320649355,193.3437790007886,40.79062568494181,,
2796,0.04082325202062606,0.10053836880340852,196.12034119576188,42.192568638400125,,
2797,0.040126016644520715,0.10036848091069946,225.0013075850514,35.54078331300282,,
2798,0.04056511575173184,0.09988075570855538,196.5162947403755,41.142291506927535,,
2799,0.04268541425060899,0.10459175829461667,199.2182909462713,41.95309176688893,,
2800,0.04009662323624565,0.09713294503535452,198.1290309357902,39.82138443040644,,
2801,0.0428637871056138,0.10226319131845302,176.2753571160216,46.3611694415412,,
2802,0.04022841060846767,0.10156899742584091,228.12946291376022,35.48128749675492,,
2803,0.04078700140312834,0.09860757097761548,176.23650033018137,43.95316397894812,,
2804,0.040166668761924304,0.09967526146958125,217.29238431374796,38.2657223351603,,
2805,0.04051680858204144,0.1001099025742489,201.3237264218755,40.769999501536184,,
2806,0.04031063083232448,0.10054145024076978,213.2168810742863,37.874341160760245,,
2807,0.040987150890518693,0.10135924454939342,194.0770154599591,39.819207904379724,,
2808,0.04030722447476451,0.09974634205518416,204.1484118642601,38.41556899096843,,
2809,0.040216490400730644,0.09920734411684733,205.64232748335738,38.51010043071638,,
2810,0.04042573889576342,0.10057924988634152,205.64031454031732,38.02889778628007,,
2811,0.041289030216166415,0.1023492428090076,194.72382302488967,38.945355528884036,,
2812,0.04079328951563905,0.10321556949918309,218.32196570172945,36.63665866011168,,
2813,0.04024571678898086,0.09819145993000297,196.67661413702209,41.32055021776825,,
2814,0.04064840049173837,0.09858101556545674,180.148097836513,43.18008705124943,,
2815,0.040004257056631735,0.09698586396221506,231.07887237451553,35.70663435093926,,
2816,0.040495358548408425,0.10116215909858305,210.3936224114041,38.43956720430388,,
2817,0.04089119377315334,0.10140995655087306,200.25326358266796,40.432532494442995,,
2818,0.040163691009189574,0.0995464487750816,212.0885069445521,36.91244064414567,,
2819,0.04016995550983905,0.10063089993390993,224.47865710526665,36.335971461316184,,
2820,0.040322732875793375,0.10121208764248253,213.38543275937647,35.044256107177794,,
2821,0.04094795757586553,0.10096992758957514,196.56065399862402,42.04759733872336,,
2822,0.04115046331894331,0.10200360289521043,199.3419195898138,40.63260399335804,,
2823,0.04034804809509349,0.10117086963971872,215.6438641295341,36.74441622442896,,
2824,0.04055810730897698,0.1002989969819519,197.67231728468488,39.39354494799062,,
2825,0.04308617735053432,0.10165661930091496,162.05051359793768,45.77197133977498,,
2826,0.04032095020044255,0.09848936517705771,197.70719048548943,42.615910682987966,,
2827,0.04000615779579481,0.09663391020761324,224.21033368760803,36.56862495581317,,
2828,0.041021716962897886,0.10035035037714976,188.0041596507113,43.00618734235476,,
2829,0.04074554393003734,0.10314986110443684,217.47166310970647,35.90493308006314,,
2830,0.04017049182911657,0.09777809147997918,193.8407383542493,39.33306163848644,,
2831,0.04019390309130544,0.10063418259078091,219.20669077808867,35.503309186290856,,
2832,0.040453927666328764,0.09945650706774578,195.08130697885915,40.374930936592925,,
2833,0.04009284279272757,0.09817870784746066,211.9867223827629,39.386900069178914,,
2834,0.04399783771728235,0.10089671751211123,149.34838162689493,50.526155461541286,,Paste viscosity low; Ambient RH high
2835,0.040965178658077916,0.10005236211171618,183.21855097845932,42.007099709874495,,
2836,0.040062348877530955,0.09814839955228288,213.88328605099886,37.61248841984966,,
2837,0.041153830070198495,0.10230977049544912,200.6627185241933,39.66000105074003,,
2838,0.04170945382895541,0.10154000445204134,184.27123732162138,43.474939056318945,,
2839,0.04034501617365396,0.1002510640332642,206.40283522195546,37.845340139976656,,
2840,0.040298548850023264,0.10203642190037253,225.00598612536274,34.45122377741266,,
2841,0.04014907240734219,0.09781133718752502,200.04899275785493,40.33374775639633,,
2842,0.04003906085178251,0.09840360255801318,220.55842938992475,35.93835435541153,,
2843,0.042132243269487085,0.1006879103342459,168.28942740859256,45.664837275623505,,
2844,0.04002908662373992,0.09804940055319872,219.51080993194643,35.63279526735561,,
2845,0.04076086048840942,0.10270264846517646,212.30259920337897,36.485411835162154,,
2846,0.04205056685235858,0.09920890707364245,156.8210267559523,48.084350996135356,,
2847,0.04053471097011059,0.10061668876644815,201.55379071875254,38.76586909917398,,
2848,0.04068872959045814,0.10061598167076,196.41767223431134,39.784016034713055,,
2849,0.04207585046592725,0.1018341531607834,179.2840241671515,43.53877895599818,,
2850,0.04014772960282447,0.0991033571589233,211.79670006460924,38.168419120069125,,
2851,0.04006941719082494,0.09654853708132079,200.12167123305613,41.164434599709956,,
2852,0.04029952814183497,0.09768939222894753,188.60253917639363,42.63829785930547,,
2853,0.04006135819862498,0.10070372055335115,236.74201370518216,33.2323832377205,,
2854,0.04062656609375383,0.09994109020072246,196.17689429969505,41.876233198172244,,
2855,0.04081109592076425,0.10170951424919225,202.73540809122662,38.68507830117655,,
2856,0.04029899025076948,0.10018901719599577,209.56905932528508,37.94328633518976,,
2857,0.042466357681382065,0.10117925221672186,170.82111329099044,46.81188387139013,,
2858,0.04003687465725902,0.09594472965450472,199.28095050647968,39.98217466262272,,
2859,0.04007907599357402,0.09787794007461752,208.04186373618688,38.37852477703129,,
2860,0.040187844025548196,0.0985712105897192,202.98552587316559,39.49238026378044,,
2861,0.04058023600031429,0.10311733776419216,225.2624975911536,35.93736910294656,,
2862,0.04116492249230047,0.10073048698356414,187.21583812053822,42.67872951956196,,
2863,0.040921578189443426,0.10045164627877577,193.08349652127285,42.960637479619415,,
2864,0.04017986457378256,0.10097098167378286,221.9688692694831,34.2516155831758,,
2865,0.04087705496333416,0.10034157203541935,194.54911467804106,43.37932158245008,,
2866,0.04018362124378599,0.09873450247978494,206.70951597361332,39.83648576268956,,
2867,0.040031850612245234,0.09858875818656518,226.0056064083882,35.81706629504169,,
2868,0.04019238170955615,0.10014730167383536,216.52070375618135,36.844589200914115,,
2869,0.040262270450674174,0.09790340778124165,192.5397414576858,41.81541439870254,,
2870,0.04030628796145273,0.10064741615303503,212.65751583813667,37.03675914955658,,
2871,0.0401710995268043,0.10024882598629489,220.30398102138298,36.761182187352134,,
2872,0.04227872286989883,0.10052771100289903,166.88867656020778,47.1250053796252,,
2873,0.04062006311632611,0.10166165290988853,210.54669686959315,38.516320914839596,,
2874,0.040572677159239415,0.10202685213002434,213.79624800493045,37.01610703700607,,
2875,0.040858060046264216,0.09996948342264081,188.13784123604813,42.63950678651639,,
2876,0.04003158775684274,0.09744381617445284,218.71187569374302,38.729413719207415,,
2877,0.04022235062209232,0.10089125501952445,220.6536498931519,35.892982569175835,,
2878,0.040018776693223485,0.09838188311895843,227.80763579942106,34.65006568799176,,
2879,0.0402152147961041,0.09913971426438747,204.69453470470535,38.45353732125322,,
2880,0.04023357559352004,0.09882399196779247,203.50283651695295,40.24238320455503,,
2881,0.041607690391468714,0.1019834465380472,188.06688802552998,41.69574544349504,,
2882,0.041458649194791614,0.10241258377957742,193.78271738057177,40.13789081994412,,
2883,0.040370484261430695,0.10034465840021221,207.98922181845012,38.629392717147006,,
2884,0.04029400990422453,0.10046853198260158,217.3882774717249,39.20059088274969,,
2885,0.040021358420055025,0.09812213428214703,227.85916792175632,36.58521036827522,,
2886,0.04038590688586529,0.09932796058862749,197.47247529335363,40.22441898306603,,
2887,0.040391242556509666,0.09995762487046368,204.05206793022705,39.63748230143946,,
2888,0.04232998946664156,0.10042045780662487,167.07747968634467,48.11212864708898,,
2889,0.040390735570277475,0.09890759479178296,195.10234551039602,41.54009855394297,,
2890,0.0405415486159659,0.10144468346305643,210.63673493117884,38.10692564693073,,
2891,0.040435684804620384,0.09915102136095999,193.3282746639109,40.81672706530194,,
2892,0.040233491091644376,0.09893058313555102,203.53450984214294,39.73550502520642,,
2893,0.040927215211356345,0.09990085083259392,183.71221151639395,42.393443142580445,,
2894,0.040063626200465385,0.0968117852605056,203.468179044935,40.52226577073215,,
2895,0.040749631403143693,0.10111765804161757,201.76627869862662,40.247153925644874,,
2896,0.040197928478120065,0.10115087784693565,224.47696632754432,35.032327233738044,,
2897,0.040433165068121536,0.09891805387515833,193.21038258070283,41.842366900276495,,
2898,0.04005407855064691,0.099853256046617,232.31168114611458,35.00106845313757,,
2899,0.04006454049974352,0.09983437287072774,226.32605325634037,34.073776186908646,,
2900,0.040190447569652406,0.09975468258574287,209.9996943189241,36.35948944709134,,
2901,0.04018229821410039,0.10054207828764405,220.40418405093374,35.87807213483221,,
2902,0.041179953012387124,0.10059432155609999,188.36451993863514,43.9211868314284,,
2903,0.04011093850827583,0.09961036582885265,218.44149691899204,35.977939153797564,,
2904,0.0408979556362906,0.10132838434589278,200.29824125728373,40.9385691482362,,
2905,0.04054233689087918,0.1003374777191134,201.93644936870317,40.402110838412405,,
2906,0.04392086963843222,0.10362516672834937,170.85149509924088,44.49179774970293,,
2907,0.0404230528042437,0.10081874450424982,213.09321474745346,39.43837387549388,,
2908,0.04119217106479827,0.10146610858766213,190.6493815098684,40.659986270982586,,
2909,0.040433931538847806,0.10018477067805609,203.24442803973733,39.28056810734186,,
2910,0.04014738767023277,0.09746448989727945,198.0562750661485,41.22077932332626,,
2911,0.04050753775196869,0.09744074716356863,177.63252128012516,45.11491978712339,,
2912,0.040076331005314075,0.10085320312322042,232.83348168265127,32.52072948322848,,
2913,0.040037297317410424,0.09645354825180802,201.8093722373902,38.48068744498768,,
2914,0.04178421296862121,0.10180348671947426,184.91634806657368,43.123927355307266,,
2915,0.04001473863686455,0.09610995585469412,211.62599453666513,38.70654377246761,,
2916,0.041044618254668284,0.09946089939606916,183.88331922859186,46.145737806627494,,
2917,0.04032173726255715,0.10014962283755321,207.1698316010107,37.955868507937716,,
2918,0.04011070168211225,0.09826943015325999,206.39601814367256,38.191293893246495,,
2919,0.040235360440158865,0.09913929697267267,202.45836473742426,38.4147652996367,,
2920,0.04003728277619993,0.10087695744964471,240.41384773550436,30.728589792651466,,
2921,0.04122431525419066,0.10317283869756091,208.46397225407,39.07597641450523,,
2922,0.041050290524625915,0.09932902561364083,180.35309622484738,45.60993392334312,,
2923,0.04057202747144615,0.09991360566003578,196.29014654498553,41.036691372450626,,
2924,0.04057219895385045,0.10120296548130298,207.03611155399847,38.602208904121014,,
2925,0.04003274866584252,0.09862868163324925,224.012108292443,35.07493901501178,,
2926,0.04112532524626745,0.1005616894539283,185.11130448389898,42.27227118907204,,
2927,0.04002284363560511,0.10003549306809552,241.12207891233416,32.371343733679666,,
2928,0.04008645121494038,0.09853380903915714,212.11119860764273,37.23535300610602,,
2929,0.0411850997925335,0.09898216370221842,174.06702639855746,46.72641267556687,,
2930,0.040302604908717864,0.10103653229623126,215.25541008826158,35.96364911619222,,
2931,0.04003450080603778,0.09832115105240731,222.90819105966796,36.46223897506107,,
2932,0.040489443437993655,0.09940120071485442,191.84390852641803,40.27668673756613,,
2933,0.04035419765840219,0.0991846404470611,199.6303719324234,40.855921909536264,,
2934,0.04209460971973146,0.10204431028420469,182.87186088782772,43.94576210949721,,
2935,0.04032045674027144,0.09991377231785455,208.5839524204248,39.557643676865936,,
2936,0.04037802729800292,0.10054882792371848,207.6567779780076,37.71963468678423,,
2937,0.04031244291454405,0.10000801316141614,206.24422794547044,38.04441163381041,,
2938,0.0400096501402729,0.09696142877181628,221.10616614044108,35.916785794462434,,
2939,0.040392807099458895,0.10143755921334188,215.58665176175117,36.596161017024876,,
2940,0.0404313032452894,0.10015074269617004,202.60527003512777,39.15839874956606,,
2941,0.04011649837852954,0.0992638002642592,218.93571886300234,38.17325412733557,,
2942,0.04003284481949499,0.09790641476321693,219.98884328468077,37.16124778996984,,
2943,0.04016044181855323,0.10069602506395053,224.43657621291376,35.561045933133,,
2944,0.04054926984365602,0.10008264624328954,197.0296035405943,40.03900781789619,,
2945,0.040655408470693676,0.09859357423559256,178.41104797890884,42.62930141390235,,
2946,0.040728143738532674,0.09826858478502867,172.8124505672942,43.44959619617747,,
2947,0.04004854702237391,0.09992331968799237,227.8624151569427,32.443197346252276,,
2948,0.04160419783109617,0.10054675761790739,178.15139066682607,45.10420913274448,,
2949,0.04062244420835719,0.0991094959818744,189.20364003872882,43.35915858830479,,
2950,0.040099204939196845,0.097314373193035,199.39040366833535,39.57066976195582,,
2951,0.041297167657410344,0.1001974839249334,178.50578431897458,43.710141451477696,,
2952,0.04109495607236069,0.10400388346742938,218.740811964591,37.13264473823846,,
2953,0.04094561583956342,0.09820223262024305,170.75768092997455,46.28292210490809,,
2954,0.04174877461506543,0.10345783083372949,200.6372688852122,40.35131130869145,,
2955,0.041570687777793,0.1009324486766351,180.07427052374703,43.58903472759317,,
2956,0.04047560549013173,0.099741677798895,198.59628538916255,40.716410320558545,,
2957,0.04309402944470975,0.10374022780200828,185.84558427474263,44.15303826101498,,
2958,0.04002530347289741,0.09710189729090776,214.90900803191334,37.8360994012938,,
2959,0.040039657468433604,0.09795434403658079,217.66131075355668,37.17365165534519,,
2960,0.04014859531362762,0.10116212511649005,229.960526869756,34.67471038167234,,
2961,0.04012302256531369,0.10017354105750396,221.01467432894083,34.901997281977394,,
2962,0.04192549642022713,0.10171550020368338,179.48324225437554,42.89692020961784,,
2963,0.040266265829331106,0.09871520849068666,195.4334342259594,39.04618521188654,,
2964,0.04012420827121069,0.10043557801151173,222.24917755597522,34.1408248026383,,
2965,0.04070952612978348,0.10165813830433514,204.7588451354704,38.039848345908766,,
2966,0.04269351951928756,0.10221063144277294,173.4143220143908,44.41039523223972,,
2967,0.04002670945389804,0.0970768294374464,210.18462026441142,36.57954378163112,,
2968,0.04085884120790315,0.10043278080647931,191.22762810758218,41.5027309182064,,
2969,0.04039026526186936,0.10051423628076339,208.6612589161341,38.5502139102882,,
2970,0.04015699316144543,0.09861493568209324,206.65825414821865,39.17624183107555,,
2971,0.04008874626956585,0.10134355723969711,238.7308573477753,33.228368863048644,,
2972,0.040264569741968896,0.09790268044033612,190.1809971141146,41.06273289419962,,
2973,0.04019050099791873,0.09816045513145859,202.5006839155013,41.41820352437025,,
2974,0.04093561874060104,0.09973685209795986,181.24164728943174,42.430303870058715,,
2975,0.0405596496941062,0.10297767181044609,220.3467463910489,34.482343194986974,,
2976,0.041503964592245646,0.10131770434698177,184.87693200316332,42.751555569061225,,
2977,0.04008992987179896,0.0961861778122062,194.0184442218116,42.45826906007711,,
2978,0.04132938309576127,0.09936887461683565,172.5212061022153,45.959360235579005,,
2979,0.040054218249880036,0.09883540753221771,220.53316384152532,35.77835871165475,,
2980,0.0403428337745926,0.100257364494614,205.4843842963658,37.431211948091615,,
2981,0.04032055155063819,0.09959017775135137,205.24121888561686,39.94430840491062,,
2982,0.04114941894349721,0.10032573880867304,187.78434371568986,44.64844828598706,,
2983,0.04080860083258555,0.10028429200182677,195.0420996802545,42.81859311689292,,
2984,0.040455336605877266,0.10175622270820445,215.52321613099613,36.50851612802491,,
2985,0.04148711987700491,0.1016548591735207,186.23422719412793,41.42925240182337,,
2986,0.040304804376998064,0.09895787711552746,200.03876737689288,40.70307172355656,,
2987,0.04120063381959334,0.10051940318615227,184.02787490519552,42.997189366370165,,
2988,0.04006422970589312,0.096765301193037,199.79829474044635,39.511169693609425,,
2989,0.04062244475060742,0.09847259826913533,179.81788502643641,43.12450330973918,,
2990,0.04085638211002431,0.10225250881705927,208.16011615603534,38.6495396954558,,
2991,0.0403259323922144,0.10038426367234228,210.311724542908,38.05045254509731,,
2992,0.04015788463002353,0.09960969243748369,214.43346585513868,37.15687876181468,,
2993,0.04087585724363003,0.10021246917269162,187.13814236612086,41.37080675928715,,
2994,0.041008030860606906,0.09927151591862052,178.49943883747602,44.68570230477023,,
2995,0.04000223167906555,0.09598330357771066,225.18594638711932,35.84679423118837,,
2996,0.04024598511814081,0.0992867542532239,203.51464312876007,38.450805430354976,,
2997,0.04047557524992475,0.09975391685434727,201.99158408168446,41.854685436332105,,
2998,0.04079891313319537,0.1017745062277271,204.69321731117617,38.876416724671586,,
2999,0.04064994823045552,0.09813444094477325,177.45681786281867,44.41528693190327,,
3000,0.04004891981782914,0.09720103890900608,207.94976056062333,38.61522329362146,,
3001,0.040165842436165326,0.09776661952413995,194.82194513242314,39.51997769569609,,
3002,0.040180710873468674,0.09803206665850135,196.75487307489104,39.59116674142717,,
3003,0.04003624042978071,0.09734219291382619,211.7140553895382,37.519167297422726,,
3004,0.04025460747140952,0.09959736426266866,204.3090537989364,37.526692534639665,,
3005,0.04014613630238155,0.09602332741110593,183.11960736330553,42.84917101114887,,
3006,0.040017841295787476,0.09930611225190926,235.62801072308014,32.68506845262394,,
3007,0.040049182970103535,0.09784134667693654,208.8053240774895,35.855471541236284,,
3008,0.04292382244107971,0.10341015657906259,182.26529490557033,43.34454008159686,,
3009,0.04013595779164202,0.09723378232708735,195.64930903315548,40.88460155063152,,
3010,0.040266187667533405,0.10031683401969675,211.86334770898472,37.10276767343862,,
3011,0.04180225114087365,0.09954283633117623,164.32530967892762,46.94543490865767,,
3012,0.04021004241600022,0.10171451109242423,229.16650402789162,34.448062700819186,,
3013,0.040246941217935504,0.09753488890165295,191.05247394907133,42.55083057666969,,
3014,0.040534108867798825,0.10002619443144384,196.8474227435563,39.94609434304849,,
3015,0.04151691699866856,0.1018416447247478,189.66609784260473,42.041664744779425,,
3016,0.04093142722330053,0.10012606370872563,188.63276112026315,43.099941978497505,,
3017,0.04121523776912339,0.09929448343948495,172.6747334348049,45.08023878455369,,
3018,0.04061213514111518,0.10053730629122143,200.6869823875708,40.32518295752413,,
3019,0.040121824827153596,0.09868103206323947,209.40209138197855,37.9450016319658,,
3020,0.041291398942762916,0.09987089106115085,176.81751755121013,44.62776132839324,,
3021,0.0405295037493648,0.09880720112722707,190.61574843599863,43.54409274910483,,
3022,0.04070932963927811,0.09913128678289303,188.1041903800045,44.36840662117557,,
3023,0.040587630526421,0.09966434345942812,192.4252193114117,41.1733079057136,,
3024,0.0403745377565876,0.09946108731822091,204.15774253182045,41.6510193485355,,
3025,0.04018341947441001,0.09770301200427677,194.4898115826215,40.499596745840606,,
3026,0.040881018900020744,0.10000538677517393,185.98153161623915,42.0374076073349,,
3027,0.040205507804688546,0.10092065467471724,222.7075485230606,35.825745017290146,,
3028,0.04010983925907462,0.10188306202006293,239.35133984474186,32.305483110522154,,
3029,0.04122839850180445,0.10063190557884626,186.09020514195768,43.505095168972375,,
3030,0.04072896760489277,0.10056812261052131,196.4518403391398,40.69409729293418,,
3031,0.04119294330093727,0.10160039821380802,197.14792443278986,42.313348422524484,,
3032,0.04121580386337187,0.10122270859550542,189.51158862309774,41.71160169349786,,
3033,0.040713687045949694,0.10192287019379778,206.34808392927195,37.39032750128317,,
3034,0.0404416508532907,0.10019553981721835,202.9025115750483,39.285692425864866,,
3035,0.041144171846000985,0.1011682593691508,189.7671958244137,41.2139843204757,,
3036,0.040390261070296224,0.09693156201187345,178.74711852660363,45.304422680141236,,
3037,0.0427779172404133,0.1033071050423872,184.98646424607284,43.79393049975887,,
3038,0.04105092967199675,0.10273119215228947,204.43298363389195,37.677252102090556,,
3039,0.04026810441750193,0.10225561788523017,230.65731270473236,34.4299070189494,,
3040,0.0402596924125322,0.0990334632799683,199.7354692670732,38.808675821384156,,
3041,0.040006938832823365,0.09610847905230388,214.83390943213786,36.32629991758953,,
3042,0.0400509571527119,0.10050035827168495,236.3097619018848,32.925923034655504,,
3043,0.04051206555588037,0.10160753244406916,212.19815740088742,37.273615115582054,,
3044,0.04004795159354765,0.09600710198099124,199.25854240951293,41.1979369190796,,
3045,0.040201583995432444,0.10025079332120342,215.38378334734242,36.32087919239602,,
3046,0.04198588337966253,0.10231569496757073,186.19723630305725,42.889523466358455,,
3047,0.040687905704133415,0.09964603423711832,188.14237361275556,41.53640744287064,,
3048,0.04008692027545845,0.09776935793548021,208.13001151069545,39.56016846771893,,
3049,0.04018665190992855,0.09750751508005792,193.99408698534037,41.40815994902946,,
3050,0.04076716934564082,0.10100564637343533,201.17676251007123,40.858111432520644,,
3051,0.04029755036593448,0.10048258593570858,212.22284051709792,37.41775723465588,,
3052,0.04023233367458025,0.09913391774180369,206.28544833856316,39.681854344919735,,
3053,0.040122496737858414,0.09748722332917172,201.83391716360566,41.08203437777803,,
3054,0.040813761363261696,0.10086928023460041,199.10930776540732,41.50552911884295,,
3055,0.04023109681794477,0.09906922333912191,204.97058021830534,39.48548591820911,,
3056,0.04155057110340674,0.09924775030311397,168.97948357873355,47.613475257699704,,
3057,0.041803446557495454,0.10268935991263797,192.70156194835332,41.766629562147955,,
3058,0.04269493975102343,0.10145227210918813,166.98301169398206,45.81523429595475,,
3059,0.04108918985034613,0.10091281678965909,187.9307353868481,41.123633170623634,,
3060,0.04004776722941442,0.09758386917438777,207.36896478211176,36.4186817702474,,
3061,0.040111010215561446,0.10092181258478009,232.45473343878047,34.59090324852203,,
3062,0.04002965816493097,0.09648331172588452,203.72118828034917,37.734097017227796,,
3063,0.04000708282324893,0.09841224092148923,235.9663213675664,32.74389268404941,,
3064,0.04015539597524622,0.09934260558449212,214.27506794783685,38.27014182225729,,
3065,0.040894385161169534,0.10241417540606283,206.71856237772442,37.90734870265386,,
3066,0.04080875249654178,0.09991994277585593,188.40999220770922,42.24105476081138,,
3067,0.040041497616781045,0.09911877520412592,224.8097576738224,34.33167066186438,,
3068,0.040373553540653986,0.10130615166220854,215.81128957409993,36.823272903795285,,
3069,0.04029512257818238,0.10020808649219747,211.13989267820926,38.28809841847604,,
3070,0.040408845434052924,0.1015618204231054,218.3773677840879,37.373541741724196,,
3071,0.040791059911609265,0.09930839039979172,183.17750100401145,43.07894715217441,,
3072,0.040273475402839584,0.09896694710890146,202.0298484800192,40.392004992673996,,
3073,0.04032715353609423,0.09721938201694603,184.62941886762525,44.31404098831826,,
3074,0.04015440950019516,0.0979971553732043,201.3404868458549,40.15815104742716,,
3075,0.04046189250096976,0.10109170269566928,211.98572320052955,38.61712186238214,,
3076,0.04118770628870855,0.10210807599817588,197.26939477978075,39.84149359831426,,
3077,0.04006762309291551,0.09799298886472528,210.66991760171732,37.74089807180331,,
3078,0.04137808510481394,0.1012675582015859,191.63339187869275,44.05992544598195,,
3079,0.04003350614382319,0.09824526999348149,221.8080500500971,36.27702713565299,,
3080,0.0400821217240641,0.09787854866114352,207.3414188590341,38.37705293610662,,
3081,0.04007879118035199,0.09708016899975992,200.60358831409582,39.58467752900656,,
3082,0.040719263402265914,0.09981665922754965,190.44003736800403,42.044980791690826,,
3083,0.04009327724200203,0.09850471702999247,210.08900300225014,37.173801991839184,,
3084,0.04011365035289779,0.0975222132248545,198.20856782667337,39.09816860911676,,
3085,0.04205190730082424,0.10211750042564288,180.39085786660138,42.359515034446154,,
3086,0.04204508486436272,0.10118060490546275,177.8455461479857,45.93053948206423,,
3087,0.041824741094051314,0.10194436684519259,186.28799677827718,43.296231732472286,,
3088,0.040122574291278607,0.09836228210265899,205.10824941914387,38.01409760074883,,
3089,0.04034935967026134,0.09807636968864895,190.16376078726358,42.74016164090737,,
3090,0.04134903846107443,0.10060659888717308,183.44956991376316,44.050862323063946,,
3091,0.040883003723080416,0.09968478621131338,187.5615319154927,44.172375755565184,,
3092,0.04029220725545132,0.10027401064015912,212.6195118631609,38.402500110171914,,
3093,0.04012950987932164,0.10102866646764222,227.07532251430845,33.28184664350276,,
3094,0.041885031649038514,0.10178978482167486,178.6991930488589,41.90502002108544,,
3095,0.042233515838271986,0.10064997362835672,168.91628658642486,46.89045631384532,,
3096,0.04159739797173199,0.1017582897957833,187.96371263464252,42.646369014579996,,
3097,0.04007914297655851,0.1004421538715204,234.3119906043845,35.264663058512745,,
3098,0.04006609692555756,0.09764124793971507,210.31892154149173,39.17190362460246,,
3099,0.04044018710623081,0.09910396103388348,192.4298223907204,40.83075240817229,,
3100,0.04056138279131647,0.10182049555585174,213.24466710594606,37.60089577892653,,
3101,0.04043027099178425,0.10064711124967708,207.60500043729982,38.50033559544719,,
3102,0.04140296269204738,0.10229669374108044,198.27476933629308,41.697382899318704,,
3103,0.040178380951056816,0.10055285257491572,219.70131650079827,35.40635249865873,,
3104,0.0409376415096296,0.10085383672479961,187.44396142753166,39.249983221121184,,
3105,0.04014846407750094,0.09891795968624106,207.60229753408623,37.621489206353935,,
3106,0.041705027585789554,0.10084430114625992,179.72385819036288,45.18997271245589,,
3107,0.04051213366910955,0.09917424210214039,190.62958471166303,41.42086332920502,,
3108,0.04021360667062716,0.09987616971635115,211.67221940503373,37.29554346812512,,
3109,0.0407768735060382,0.1017615612697652,202.45892983046238,37.81020217448091,,
3110,0.04072022954299346,0.09811105905732156,176.2120652020937,45.281011139486374,,
3111,0.0404720140515205,0.10193900613778804,220.3406699514743,37.69437194043805,,
3112,0.043894941897038124,0.10428113948480157,182.03190612735884,45.11844663545918,,
3113,0.04038967125695191,0.1013039089949381,217.2072386513845,37.73557831918039,,
3114,0.04009412806284928,0.09812664663848161,207.88237952721093,38.28349707145016,,
3115,0.04039457395538824,0.10055177066389806,210.4609697052508,39.11107673721424,,
3116,0.040722878070472354,0.10181250827977278,203.7634134104701,37.16246112690052,,
3117,0.041604162044623715,0.10228658528634124,193.67146087575995,42.17423249764019,,
3118,0.040670937054344096,0.10316052065567156,220.6324967451844,35.731250969331185,,
3119,0.0400747728956358,0.09825303293005819,207.25261445066727,35.92319015765656,,
3120,0.04002215155132989,0.09604744899638921,202.96562814622055,38.014913915501666,,
3121,0.04012588440427271,0.09783922435014392,199.06247550392098,38.60058351996659,,
3122,0.041628760665486056,0.10244536624410179,190.5251165359543,40.53653429928128,,
3123,0.04056326690497005,0.1007939923123491,202.0854324528017,38.65934045343336,,
3124,0.040545471724042804,0.09991398462690078,195.9825051807761,40.409462861926535,,
3125,0.04160157115757017,0.10034162465372679,175.87860205770866,45.2676126038361,,
3126,0.04021432534529628,0.09981931815982978,212.5718875237985,37.91540011119435,,
3127,0.04050703204958658,0.1003568133311994,202.88233864428668,39.924978258507586,,
3128,0.04038555146975722,0.09927307360052709,194.98609108612683,39.60331344805282,,
3129,0.040501919329401344,0.0998867844179204,195.4348645980832,39.46129575614338,,
3130,0.040459793245231836,0.09932690547474243,196.94147880934096,41.78863517806472,,
3131,0.040579513995754865,0.09962540072891067,187.46951967911605,39.45945352215965,,
3132,0.04017458592486231,0.09887831552438199,206.23755026720738,38.577096233600315,,
3133,0.04174996938830818,0.10216810240578258,188.83786970079785,42.430229748643704,,
3134,0.042510883262648465,0.10136266911851702,171.55647408133646,46.51884133873392,,
3135,0.04103905347873078,0.10211928301641902,199.97564360184703,38.90841105755403,,
3136,0.04028129785909134,0.10112141691244354,219.3457917757586,36.34210899180309,,
3137,0.0401281944666652,0.09948579233599525,217.81798640032596,37.395333505636216,,
3138,0.041001011452519734,0.1012507936613591,195.3695735907742,40.983091697447634,,
3139,0.04079579248551344,0.09941699280094765,186.03154974396344,43.63405759282632,,
3140,0.04115938658862196,0.10022350275441486,184.19264920974803,43.99508962621262,,
3141,0.040869112600310856,0.10037675994667611,189.02280513369618,41.1446677297693,,
3142,0.041395802665710184,0.10049881748462577,182.3121368253383,44.67497671745484,,
3143,0.040105779680900094,0.09873601545894009,213.08829942048442,37.97969263646,,
3144,0.0403896621258499,0.09703221763663752,178.54368059639498,44.731352966482525,,
3145,0.042822264815597665,0.10280711122102072,180.62844802321575,44.98173446338844,,
3146,0.040514585030190786,0.0991275468504627,192.26065117901368,42.27257126612037,,
3147,0.04017202297809725,0.10043632476300422,221.2053193975443,36.21533275809045,,
3148,0.040414940579108063,0.10078868016170135,210.44291660998297,38.45576363797777,,
3149,0.04058591811134078,0.10027531726638007,200.03823026668945,40.875463577466334,,
3150,0.041757726304963654,0.09783296028001717,150.29660410859995,49.84781461334409,,
3151,0.04007197469775635,0.09753266787696606,210.66177834985768,40.36048846030023,,
3152,0.04018923725063824,0.09860571665283581,204.6109783926119,39.95826682636907,,
3153,0.040834241903940846,0.10215404464218464,207.4458913849731,38.54684799330042,,
3154,0.04022232480619752,0.09885856717938184,201.99721780636727,39.1299084990643,,
3155,0.04041651823701474,0.0991797934461296,195.1008916644475,40.85324720332844,,
3156,0.040055162954910184,0.0990689720894718,222.02350703426106,35.28100158536082,,
3157,0.040052982395798964,0.09645378253655369,202.3411857268845,40.72610524969561,,
3158,0.040050095523344535,0.09610483212872477,195.89678013246635,39.80057771039498,,
3159,0.04025780604775699,0.10061603653772773,216.70191318144447,37.08593506187877,,
3160,0.040168255907601515,0.09997244622888249,217.69810298214318,37.046559998455564,,
3161,0.04037899095410571,0.10053719588657847,209.30037966721824,38.380383332672146,,
3162,0.040107855380597364,0.09874137520036301,212.21666482199458,37.782019229731254,,
3163,0.04064011985630298,0.099518709362481,187.38256748108483,41.05604827503219,,
3164,0.04200135738000698,0.1021906763117515,184.32191316391558,42.964374467093684,,
3165,0.04017768934681836,0.0993394754325375,209.52984600765262,37.64912292316861,,
3166,0.04054478945477595,0.10042625445539993,200.28165947512994,39.43790948422763,,
3167,0.04000978140844172,0.09920599189324858,241.49056483214173,32.32766365247583,,
3168,0.04066459571839329,0.0979580907663428,175.83043475428045,44.94875863027806,,
3169,0.041024205895694096,0.10099998059334579,192.94172508646668,41.64214477707572,,
3170,0.040022650320530234,0.09794702131131022,220.09558992717822,34.99793153296458,,
3171,0.04132844783483793,0.09997477567975671,178.96931574623446,45.296907628981316,,
3172,0.040406261937051165,0.09908835140277335,196.36048669042904,41.492750357724,,
3173,0.04062400646689953,0.1020131598228213,213.64840436419018,37.983810110704596,,
3174,0.04023791442822081,0.09843307783205349,195.726070354707,39.54277810987123,,
3175,0.041446083232356136,0.09995276387350414,173.8683892695475,44.86474641008675,,
3176,0.04005735763113143,0.09800507657299534,212.83477890777564,37.417871767811626,,
3177,0.04175638956685912,0.10431727565147766,207.49211350486712,38.68825454847144,,
3178,0.04004436770161567,0.09983654901829163,233.37025741915284,34.27398531656641,,
3179,0.04079479598814327,0.10339144362100741,221.9347232886015,37.08485998883452,,
3180,0.04124768661278842,0.10103023104392465,190.6561944817688,43.41390676977154,,
3181,0.04126281591851752,0.10130348367812668,190.46190770245605,42.19787327677019,,
3182,0.04009237491695471,0.09901631112708552,216.28493052821784,36.82243129457142,,
3183,0.041932012060501365,0.09942811140946298,160.86341564222758,47.435275345702145,,
3184,0.04010858735337926,0.09968383257589031,223.37594872051147,37.213567911847605,,
3185,0.0400427865223208,0.09702709273415733,209.46019933545736,39.19907912780008,,
3186,0.040086327095361356,0.09870832160689609,212.80147138063282,36.626168617879706,,
3187,0.040433648321480664,0.09937959304065398,198.63687648276306,41.53842680559212,,
3188,0.04129591540802596,0.09961231058286199,176.44087382185666,45.7947950958175,,
3189,0.04009739991584466,0.10020213343241845,224.60825461418383,34.39072998024581,,
3190,0.040095498006129986,0.09883044250269672,212.95172969304951,36.77022719927529,,
3191,0.04031869799278788,0.09886662701605661,199.77911555723722,41.459465476948125,,
3192,0.040709029692360295,0.10030838811421194,191.5327296069271,39.88602436279327,,
3193,0.04048680845900606,0.10141383211134884,209.98765434273142,36.89851947925337,,
3194,0.0439969555135878,0.10319440203955285,168.58201933811202,46.20658510202361,,
3195,0.04066519571812978,0.10079475518691657,201.99417012443234,40.48582843693613,,
3196,0.04028889397565708,0.09896931006836368,199.21167337496874,39.87297559879886,,
3197,0.040247537507556747,0.09954417838980187,206.0933323602463,38.17086910997262,,
3198,0.040719368536611816,0.0992470838094582,183.9093512888966,42.49421096598989,,
3199,0.040396558641039686,0.10003930648193915,204.667347019726,39.59181265547755,,
3200,0.0409192031207211,0.10099366004641745,195.34808301815687,41.10784646606574,,
3201,0.040965759547388764,0.10163606761897984,201.76802460489384,40.90859028583059,,
3202,0.041496631137539826,0.09974541411772268,174.8284244949875,46.72756902952864,,
3203,0.04060288772550256,0.10123208575596059,205.97559351763272,38.66447585755577,,
3204,0.04079153560288372,0.09786706335897057,170.98511765964062,45.74789021595427,,
3205,0.0421449666086047,0.10178903213944329,178.79502174402512,44.15617184173512,,
3206,0.04039183302274649,0.1002862128522403,207.07673769576968,39.131892046757194,,
3207,0.04005966452595422,0.09877991890375197,218.76526274925058,36.010159080876505,,
3208,0.04043286372382519,0.10133698850853787,213.52815732348404,37.3175346472846,,
3209,0.041095736659732506,0.10011416168121172,179.30569952677328,42.02061968044713,,
3210,0.04031326168239974,0.09792807343258693,192.16306447978943,43.14896501547323,,
3211,0.04208450875116207,0.09938533374269662,162.30446999047496,49.45120526258341,,
3212,0.04009852094287863,0.09949293642224344,221.9622665165039,36.962041668998964,,
3213,0.040008214743967964,0.09875069773680327,239.26701050063184,32.9408061784179,,
3214,0.04169399629644189,0.10171459511310114,183.3965512196135,42.176859450499755,,
3215,0.04046212052510358,0.098394477168087,186.4356488910787,42.63832042307124,,
3216,0.04021179244280448,0.10023421104890168,218.02878683555227,37.738350200018026,,
3217,0.04269382688616381,0.10135790798872779,168.13628433610074,46.670148115742805,,
3218,0.04053729441967445,0.10076310006999696,204.5268187372696,39.15926707003611,,
3219,0.04017556401335836,0.09937020554617723,211.31822803995271,38.03710349703765,,
3220,0.040871857178773806,0.10125535122024307,201.17964989277826,41.22907671381187,,
3221,0.040495800347637625,0.09866416803781795,190.15101970680806,43.3752307357909,,
3222,0.0405007276527267,0.09966368724429141,196.52738346210114,40.899721161477096,,
3223,0.040043871944213466,0.0990647236377148,225.9913442535183,35.33357268573976,,
3224,0.04036467092312883,0.09890836503696135,193.92644886486696,40.45527111734183,,
3225,0.04186805167848045,0.1030219208812354,191.76463783864313,40.41126682543079,,
3226,0.04076335104401673,0.1000356134696714,191.4935749703984,42.06793305182892,,
3227,0.04087088164530477,0.10109152555192515,200.13549074516877,41.63806706730203,,
3228,0.04008528747302349,0.09915513195900806,218.6807613395991,36.46119877081386,,
3229,0.04058430241472833,0.10111506849852556,200.92160195824835,37.099411555421604,,
3230,0.04011644561301358,0.09860478731784972,210.8295431910053,38.49372514277689,,
3231,0.041133393240449775,0.10000205925658769,181.05908655731545,43.644823430412586,,
3232,0.0401533298810405,0.09870264475048732,208.1631335868157,39.10366115147308,,
3233,0.04303899874962964,0.10451859890563281,192.24134904144708,42.284694848628845,,
3234,0.04128293709355016,0.10326637051495313,206.3297382968215,38.540969931000056,,
3235,0.04165085164819925,0.10104904056214949,179.2860653690578,43.530459487235746,,
3236,0.04058641945678358,0.1010413731261971,206.9429050282016,39.62006437359928,,
3237,0.04144995181748544,0.10198180530530794,196.29869062823718,43.016488455646204,,
3238,0.04147594224497973,0.10153217566646892,186.06412294779858,41.84699780288015,,
3239,0.04083105438236324,0.10324947613494749,220.92251298197175,37.96213392289038,,
3240,0.04090081585274628,0.09877855283077351,175.47395389309997,44.539155143347415,,
3241,0.042641631529831074,0.103046936272753,181.38617458485254,42.80962192007192,,
3242,0.04004084125106646,0.09889358415583976,224.53712517635606,35.23129046448385,,
3243,0.040267158024479034,0.09918616515317615,204.45475675242713,39.98327439243773,,
3244,0.04271301416032514,0.10394382382164657,188.0952096353939,41.355780759031795,,
3245,0.04019170735631053,0.09858970901926455,202.70315185321192,39.466302426629724,,
3246,0.041140690082967564,0.10282633105949576,206.48578878740472,39.060061220552065,,
3247,0.04003536025584365,0.09779406387305756,212.86233843935918,35.60236959327711,,
3248,0.04170825811279801,0.10266578869483405,193.97088910730943,41.447035740305466,,
3249,0.040665009771145684,0.10152515464374928,206.5230389949419,38.5517185815665,,
3250,0.0403591794002885,0.10091547277153276,212.60046923811169,37.20254357140108,,
3251,0.04046219424888899,0.10129238093364916,210.54627211509552,37.1463060676544,,
3252,0.04133888680825218,0.10024360630746101,179.38608624202084,44.25981685405097,,
3253,0.04009424988179175,0.09990625051344608,221.78350625296028,34.59922256765195,,
3254,0.04027505872439423,0.09960240182197902,205.9986173285967,38.77309673325713,,
3255,0.04109978818453189,0.10160249870412924,193.4015531535501,39.853925954178955,,
3256,0.04009154944016666,0.09958699864301032,222.99449908808643,36.3719585986456,,
3257,0.04029371664349145,0.09824319727803882,192.81517127534016,41.27253918116313,,
3258,0.04040421002767468,0.10053536214529916,203.7049419103205,37.04313746261698,,
3259,0.041088095634732195,0.1005307310559759,188.87590927589417,43.28952553936258,,
3260,0.04030589315710228,0.09967587029783852,202.32086990565782,38.07170580916265,,
3261,0.040515878684379926,0.09934709058658925,191.9094319505217,41.11452101160718,,
3262,0.04025625561653689,0.09850034014848973,196.4900103370279,40.123773063104935,,
3263,0.041307852865975665,0.10014607805779732,178.59373541806255,44.10873038616492,,
3264,0.044845079816911854,0.10472529084499664,170.56529854449707,44.0609951255744,Paste volume per aperture high,
3265,0.04021214972362182,0.09885581750499492,203.94010577134944,39.440650594742316,,
3266,0.04027278677436338,0.10042729597839252,214.69771277695406,37.78405865474324,,
3267,0.04000285301674164,0.0972932227256886,229.9319165005381,32.16993987242391,,
3268,0.040182222328033215,0.09614757115157054,186.87251639868003,45.275005629199526,,
3269,0.0404039821613397,0.09876035783760666,191.78634794712298,41.40798769262897,,
3270,0.04027706143778795,0.0982998716042784,190.70809051336647,39.73497152789305,,
3271,0.04019418811909845,0.09830077602772123,200.0808614507094,40.04032752246377,,
3272,0.04212276129226291,0.1010205040265945,173.84659529053448,45.94072441079223,,
3273,0.0408166639827151,0.09960976317157325,183.63842534113132,42.175698946781715,,
3274,0.04033905107416536,0.10126664116665983,220.48739958488238,37.744869604884705,,
3275,0.04011912764500562,0.09691767294533268,192.08371134571382,40.19305172668653,,
3276,0.04088602264997396,0.09994119786273917,185.43528827651744,42.22644626605078,,
3277,0.040777854673941905,0.10162419027615284,202.53016677956577,38.51433987454559,,
3278,0.04008711936145882,0.09752251521891989,203.25345609724198,39.047349974483,,
3279,0.042543756155982604,0.10391432277784096,192.66212021505578,41.88185654801493,,
3280,0.04028267154203938,0.10031794224113086,209.78909773839365,36.895223920615834,,
3281,0.040067603584362066,0.09413294054346885,175.04164006341836,43.8172305760379,,Stencil thickness low
3282,0.04031796014477814,0.09779262624920303,188.25160669722243,42.55964267491215,,
3283,0.043382810604341356,0.10486956961006716,191.42963815413404,42.519778275284565,,
3284,0.0401306687281685,0.09856850274624193,207.42084319168126,38.298018666889625,,
3285,0.04048187724556243,0.10026151850476754,202.5676358405362,39.74185999917738,,
3286,0.04043879006743056,0.09924185577614975,195.593155528191,41.248631690698126,,
3287,0.040598227477640095,0.10276297114276053,219.9923815578859,36.12757313871479,,
3288,0.040455067897573166,0.09858205289265895,186.23658403301226,41.504524016500724,,
3289,0.040380273138886646,0.10177858282426874,219.71974705740752,36.09180171067603,,
3290,0.04074256341567599,0.09909612162143978,180.59231959225968,42.42966075861627,,
3291,0.04032207046342371,0.09829615641276734,188.83955322100067,40.45247472747787,,
3292,0.04041420719602046,0.1009260677936577,213.155969121892,38.73174942960573,,
3293,0.04030834098585204,0.09819012216658395,194.1008350981848,42.42213047823139,,
3294,0.040427716904753566,0.09856291820548756,186.3580894984376,41.01333151293325,,
3295,0.04063769946518974,0.1005660070821238,197.19264236016545,39.41457426532443,,
3296,0.040679218341134145,0.09888442803491819,178.96308814840845,41.82964733695544,,
3297,0.040006632855377,0.09715586009868829,226.266629603624,35.099846649089265,,
3298,0.040451936386446063,0.09801602083366687,183.34641718797326,43.14912660439269,,
3299,0.040435730091937745,0.09829870579386858,188.6515207668989,43.28552762956564,,
3300,0.04165838730854988,0.10250233859276661,191.42451212580335,40.8643414102469,,
3301,0.040176644322788856,0.0974688269057479,196.92980828236716,42.19477363873643,,
3302,0.04047718387012108,0.09727385426201104,175.4496562564354,44.50654543924803,,
3303,0.04035398669357711,0.10114701030894292,216.44357263497972,37.301726107172506,,
3304,0.040116091224184455,0.10064414112523991,229.3915959979348,35.16861689811241,,
3305,0.040336806733514016,0.09825892119225371,192.18041541998247,42.22630244412737,,
3306,0.04053051148625139,0.09927677441541422,188.3609692043997,40.50004295240138,,
3307,0.041278164913148944,0.10192924260278045,194.12531302164567,40.64109104928359,,
3308,0.040926708074069756,0.09990381850526368,186.02700098974506,43.18886396702392,,
3309,0.040238997515652346,0.09910784538620683,204.53242398691162,39.42858903461409,,
3310,0.04057621694411622,0.10104654532816848,203.5082717111456,38.18987300967957,,
3311,0.0402305095825669,0.09810141409876212,195.69837647443484,40.86828373221068,,
3312,0.040552340594673136,0.09910528408996595,190.4483745502564,42.499261551318966,,
3313,0.04119536311101162,0.10025922711484064,183.09146408943656,43.861821556288454,,
3314,0.04002400400427765,0.09507880848492598,199.92126383429778,42.04241285348504,,
3315,0.040311469762381154,0.10128016203161445,218.36328369234806,36.14580958785041,,
3316,0.04225222797940896,0.10283233699937602,186.51077661958664,42.70392889436108,,
3317,0.04115562359555659,0.10113961929698274,187.49271961423676,40.68805831897827,,
3318,0.04021608417078416,0.09960398359114868,209.71823044752094,38.01640285525532,,
3319,0.04117893908648232,0.1007749448718745,187.77778195375845,42.829416702484686,,
3320,0.04046420825823286,0.09978742890291925,197.69237667942824,39.926510699516705,,
3321,0.040473400085492044,0.09995789080734852,204.9412069584252,41.86261068359408,,
3322,0.04009912688634466,0.09989066296567094,221.2243828576889,34.82216223246111,,
3323,0.04023643302404436,0.0989950458760298,205.31598076278667,40.15855252845981,,
3324,0.0407546150986864,0.10131460471041413,202.9189170306453,39.781691910853965,,
3325,0.04029725599794158,0.09898074282107007,199.79853676913086,40.281001936481275,,
3326,0.040303199239837474,0.09979976587967616,204.3921299712393,38.123691399203324,,
3327,0.04009617882495521,0.09679145650912539,198.16349325544203,41.451960458504296,,
3328,0.040119362653033064,0.10030722136643756,226.43962762003747,35.95327426107693,,
3329,0.04006057218839435,0.09415278367690628,176.61266465727843,43.58602182769234,,Stencil thickness low
3330,0.040161688691220866,0.10031972344278321,219.9752244713477,35.86442378705813,,
3331,0.040932469625439116,0.10135628751756279,200.2543705469719,41.27128953351987,,
3332,0.04028409471830675,0.10014443768836627,208.26063136157856,37.23885627549163,,
3333,0.042136276225077166,0.09843284824929072,148.653302602845,49.66459074938555,,Paste viscosity low
3334,0.04023860272746187,0.09814985526679611,195.62713842352565,40.90079125189533,,
3335,0.04011336832754718,0.09640621523057566,189.83694197980955,41.51854247035902,,
3336,0.040098343930800064,0.09805783140752514,205.19358899716525,37.96646224023449,,
3337,0.04082869865381317,0.09964167081849698,187.52305645979587,43.572886658637785,,
3338,0.040149124332233624,0.09957448157000498,214.90328061476222,37.05916504050217,,
3339,0.04061478538026914,0.10184359101649482,213.17121339760482,38.46740669541809,,
3340,0.04034114252145021,0.09863926061669348,193.7454103999947,41.0605482337388,,
3341,0.04060151413966857,0.09889125647401387,187.09104092475755,43.28527067940242,,
3342,0.04070753384368397,0.10060848889857718,200.5997162703549,41.61065869052044,,
3343,0.04106135276060236,0.0979936047697257,165.32899545703052,46.90175376005073,,
3344,0.04062154935139285,0.10074866031394106,204.9315999936113,40.973057579866996,,
3345,0.04043135602744186,0.10048984218979118,205.49055694818375,38.539358199746,,
3346,0.04082131886587443,0.09961157557886541,185.4414847959193,42.87323844702893,,
3347,0.042546240078411415,0.10206642469889066,176.96160064485983,45.28832248431745,,
3348,0.040977703357734756,0.10129216753822806,197.44047729138825,41.203879127769106,,
3349,0.042012436259383286,0.10049466463045832,168.93971136423096,45.82546599945917,,
3350,0.04039849762292411,0.10117017084690587,212.09178385473302,36.79557582108873,,
3351,0.0406572638013812,0.10341968967785663,223.4556255515651,35.23855565889592,,
3352,0.04232389046882453,0.10350086455117362,189.64751506362222,41.14551682630366,,
3353,0.04019650135992493,0.09891605880359552,207.44998458095907,39.76331019681588,,
3354,0.04057980249808988,0.10455747145143157,234.5404279917465,32.24489835308499,,
3355,0.04110522249604424,0.10023285311507801,183.97909680661274,43.214017981198516,,
3356,0.04004696038592327,0.09917133101226586,223.9674186947926,34.504698770136336,,
3357,0.040130127789705455,0.10190376767181389,236.99477055453698,32.588700233861374,,
3358,0.04034355569030204,0.10216803766066378,224.89875930365005,35.070030303665554,,
3359,0.04053203087482457,0.09960913325158847,188.77752368853086,39.07183095188383,,
3360,0.04020351514920956,0.09682257949768874,185.96997349402315,42.58303834403791,,
3361,0.04024256863113366,0.10269806391996003,238.65009181774272,34.247329907657026,,
3362,0.04026306263876566,0.09964240633752396,206.98770426932705,38.537767902999335,,
3363,0.04073330978298108,0.10054725246895074,196.85534642864724,41.00778473382836,,
3364,0.040044544804832743,0.09810148605756389,214.84798968098127,36.14459121087664,,
3365,0.041088813700563144,0.10080230131331595,189.35309893277858,42.15478556189042,,
3366,0.04004973501905169,0.09623095285590938,200.3991358391576,40.73667066882249,,
3367,0.040092311990344104,0.09658056152484625,197.78726264052398,42.05914158053444,,
3368,0.04033037054104161,0.09922383713057648,197.96928238719454,39.42728408339893,,
3369,0.04037673678190265,0.09984225534391303,202.2115195473839,39.179055496483194,,
3370,0.04010316341776309,0.09934255742649238,217.85913441669786,36.558459110316605,,
3371,0.040479368357452146,0.099117680360054,194.37179283688195,42.32221409761457,,
3372,0.041141156929982166,0.10132275822334207,194.8135255993051,42.21161692192094,,
3373,0.040582307037070275,0.09889773077748476,188.45736707317246,43.37672068359032,,
3374,0.040233965846736504,0.09885505850920659,200.8210016359857,39.160070232489,,
3375,0.04063756458654409,0.10018542250925189,196.2450201845688,40.916604985112706,,
3376,0.04235238597686847,0.10149891853189903,172.62170713676448,45.031925527781524,,
3377,0.04228178318385792,0.1008868484164409,171.4596993338468,47.02691905136195,,
3378,0.040209468409071976,0.09769348120425583,194.27853849917943,41.542774001163664,,
3379,0.04011314373839314,0.09943585950787895,214.79454045012005,35.67320961648144,,
3380,0.040885535426919514,0.10247414927971232,210.27548614130728,38.74655035438183,,
3381,0.040265388891348494,0.09921038444922431,201.2273069881508,38.66931488055231,,
3382,0.040664582117695865,0.09801402624481749,176.34724547779365,44.86063098426431,,
3383,0.04113223912633696,0.10002914608949345,181.73513502368866,43.73843421376081,,
3384,0.04023139561163724,0.10024878851494456,215.06105579152998,37.35778220424768,,
3385,0.041182687207671376,0.10206331642602078,197.84717573415162,40.202185014835706,,
3386,0.040624350811992734,0.10015248376569355,192.29071023919582,39.44366931814397,,
3387,0.04109720647137964,0.10008517469397715,181.77539481162208,43.05042544305839,,
3388,0.04070914662324354,0.1009817196191463,199.6372284432693,39.494490609100154,,
3389,0.040332083728805625,0.10005498813982987,207.7601958998464,38.91443421525353,,
3390,0.04091516600434591,0.09860788526914507,175.16530041008022,45.45668868471191,,
3391,0.040293837421053316,0.09947636023770243,205.0964123591851,39.651721907389515,,
3392,0.04193232808024381,0.10078377033665734,175.8291656340635,46.16893609045941,,
3393,0.04146757936100081,0.10199580749714951,191.6162963048408,41.47970102529705,,
3394,0.04067245004550223,0.09939509312204406,186.15344976111652,41.7837585232923,,
3395,0.04020135653053882,0.09969972415845375,210.89947973671372,37.391883391603486,,
3396,0.04033794393586358,0.09980535988737901,204.03987816374803,38.97084593703213,,
3397,0.04114108524148358,0.10312122726412334,206.29986386034182,37.574448755546676,,
3398,0.04013520399535663,0.09869717842967872,208.29412534035893,38.23498968762709,,
3399,0.0401151115887317,0.10125365801555154,232.40325342777555,33.226139088868045,,
3400,0.04035758619767213,0.09924752513132423,199.7814777637736,40.69572805204513,,
3401,0.040547053067373315,0.09936631824719379,190.4200891354697,41.12403066074117,,
3402,0.0418144661157593,0.10008713941098231,168.03311305493202,45.73500806960498,,
3403,0.04025889388379341,0.10001632114140156,212.33531714400215,38.4792079841833,,
3404,0.0407416715208604,0.10124817780988656,201.79479314956393,39.499099447450135,,
3405,0.04030445120249067,0.10018521280305946,210.5277161988433,38.463764428968744,,
3406,0.042568191776287304,0.10412574363631052,195.19636862264707,41.93482298546192,,
3407,0.04042831845311537,0.1021092343649503,221.0286284352844,36.12710419301441,,
3408,0.04029766899388857,0.09948604328875886,203.65245006527155,39.212033926888694,,
3409,0.04122706675677217,0.10303433287386563,205.12720073586263,38.59965503344235,,
3410,0.041010197734014944,0.10105097183990291,190.27908907959778,40.273221495018426,,
3411,0.04012368665047074,0.09882943260454725,210.34103758969874,37.66866033753076,,
3412,0.04091946454961451,0.10003786384894207,185.195620063451,42.14705780430825,,
3413,0.04031024120468888,0.09855656128077275,198.14789855539215,42.13571004029869,,
3414,0.04131398080723993,0.10202837437064918,195.4990984405343,41.04765112829948,,
3415,0.04052290894836383,0.10096970057713393,204.5384624731189,37.87494217714844,,
3416,0.04117806252319911,0.10054874445435258,183.42441029010794,42.375761479660035,,
3417,0.04156248137474205,0.10093490888841734,184.30113260638706,44.98710965053584,,
3418,0.04053603939884488,0.099572687194571,196.81636942834785,42.164973428687496,,
3419,0.04038632957238494,0.10029073145005508,205.39506353200315,38.37895570621424,,
3420,0.04043626010472885,0.09871527187909586,194.89655790691177,43.488741596928335,,
3421,0.04020167938359259,0.09898868323768902,202.34207266374952,37.82075483398617,,
3422,0.04007662537928589,0.10007186853284701,228.70657746012228,34.86460697854437,,
3423,0.040169505100004804,0.09831731265165795,202.5022597961025,39.738900150075324,,
3424,0.041114912520675374,0.10376573122236167,213.1324055643618,36.55150121431626,,
3425,0.04112370308600426,0.10157215057210361,196.23840310562125,41.296633518418865,,
3426,0.04064952266898161,0.09789874627052049,174.03432108035042,44.338915868457434,,
3427,0.04070280830508167,0.10062548739307603,199.8274675867966,41.17746527853504,,
3428,0.0400317885561517,0.09884945367776778,227.21384288886364,34.97305702402225,,
3429,0.04072823594657059,0.10078883476878626,198.86314474634824,40.46666935539246,,
3430,0.04017882986523204,0.09898046994778646,207.69564706947327,38.7868676698158,,
3431,0.04003926516847789,0.09607602175778693,200.40434010706744,40.10247542722041,,
3432,0.04026139427964549,0.0983064317451497,195.1363149879446,40.755285383814034,,
3433,0.040186343485118785,0.09884514626619359,204.57675946226462,38.666371015072464,,
3434,0.04025595231621891,0.09918591924314343,202.12000681812626,38.78772594148334,,
3435,0.040194265035417336,0.09918651488543238,209.77476746392676,39.18462969082222,,
3436,0.0403112214484814,0.10182485931443051,222.6732437123978,35.02761532494422,,
3437,0.04280287032569761,0.09890701078393166,145.78098208686686,51.39378582628754,,Paste viscosity low; Ambient RH high
3438,0.04093653644744389,0.10181094021113792,202.230857553428,39.828182766054894,,
3439,0.04069137713526119,0.09801207988159691,174.92497024977862,44.8256069397992,,
3440,0.040424773972109695,0.09971653184642612,197.85440250421956,39.42713157935689,,
3441,0.041334849320022696,0.10026068981340167,180.69529486012217,44.59494460910962,,
3442,0.04137988472982015,0.09982229794079811,177.02004641962904,45.90564893096809,,
3443,0.040089526790168986,0.09598149035051773,188.5381247825538,41.48321046020142,,
3444,0.04030978885749046,0.09935139873344298,200.59427534527603,39.1453448664372,,
3445,0.0404156233452189,0.10045859768236876,207.86485998339987,39.15719403685111,,
3446,0.040625322716175395,0.10116970765505733,207.2173466661235,39.81346021417479,,
3447,0.04008376297620271,0.09830473525864583,212.18178151995696,38.15685053102135,,
3448,0.04008537548697195,0.09723941797280702,198.55985636103856,38.62404153926018,,
3449,0.04077303895648601,0.09849367965428546,178.3457054321428,45.03062622253439,,
3450,0.04188556703607017,0.10268222633216094,194.69447635915694,43.24200066524764,,
3451,0.04113743451020773,0.10005430888132642,180.63309662259985,43.291254990705774,,
3452,0.04130099613101596,0.10003666296756239,177.73553763514656,44.25813919880545,,
3453,0.0404538092704241,0.10080783785545153,209.71988534821006,39.008639097508755,,
3454,0.04033352544100377,0.10056565661332272,216.03981830864643,39.408979280488786,,
3455,0.04035826863271799,0.10056720842287213,211.3432105040693,38.41742056395347,,
3456,0.04069443986128979,0.10078521498210735,198.44568290088114,39.77814967678934,,
3457,0.04509631714929465,0.10379395087170006,160.78377252225516,46.36885669282718,Paste volume per aperture high,
3458,0.040207413407342386,0.09862680514008082,202.3344595371911,39.7951839835584,,
3459,0.0410223388613457,0.10014030269977808,186.32594313427032,43.43696494937962,,
3460,0.04179992630615905,0.10180406531427733,185.85203257787208,43.59495831509252,,
3461,0.04057086600550737,0.10067610282037186,203.40502811903914,39.840958317593895,,
3462,0.04031622755565738,0.10033605598452894,212.73246693471063,38.85913974434238,,
3463,0.041201581958792845,0.10123961616417367,187.4452189880769,40.73443211027143,,
3464,0.040336737435566934,0.09927338939231667,200.28176821723824,40.18158570068838,,
3465,0.040061554897154704,0.09791756785033813,211.86242743855402,37.93470730703457,,
3466,0.040526245462904516,0.10205172931014436,214.3179391317192,36.165668716215656,,
3467,0.04042700254118406,0.10102112882847597,210.54895748444716,37.655657044348956,,
3468,0.04049525409712319,0.09774804764411875,182.0975445595721,44.94820465629085,,
3469,0.04010867368101857,0.09952481404227052,220.1834395342386,36.860935780215314,,
3470,0.04000995829033068,0.09799721849412646,226.1286496054864,32.83065952132214,,
3471,0.04048139493138149,0.09970554201052627,195.6426170889188,39.97412173423474,,
3472,0.04086116492653238,0.1008599600025536,191.86709649447903,39.698312083762914,,
3473,0.04142025556463364,0.10013978240736264,178.86440680563413,45.45279248739365,,
3474,0.04158723032600466,0.10089705812580871,178.07013911539678,43.216395206662185,,
3475,0.04293142018680994,0.10179864086613473,167.48789541724375,45.96798506138196,,
3476,0.04087078233367393,0.1001378400901075,190.122674903067,42.71127347938813,,
3477,0.0408080714456033,0.09966266363304555,184.2405165629595,42.00252598528336,,
3478,0.04180368020003736,0.09985358385853316,165.49616915406443,45.870212990903106,,
3479,0.04084019740691559,0.09865692344174797,176.62287302105884,44.65545581228193,,
3480,0.041915085842042746,0.10042728911241527,169.308793979526,45.43956701755922,,
3481,0.04069783296753106,0.10152378005152357,207.19095137590082,39.35250675147513,,
3482,0.04046027603024729,0.09885115906138474,194.6025139540626,43.27263676942741,,
3483,0.04046449424276734,0.09910232696522393,195.057111174213,42.3130482307435,,
3484,0.04026548265040846,0.0983019922103864,193.85207511863237,40.45890607011627,,
3485,0.04035996664664308,0.10228750746628916,226.38751723872346,35.45923797781061,,
3486,0.040463828618381964,0.09903400543566863,190.36218329913822,40.971773333935346,,
3487,0.04023753771014809,0.09958904478058167,206.97986253182037,37.91525332070509,,
3488,0.04088706341020214,0.09912627626888167,177.43539631987528,43.355797164914605,,
3489,0.040443054508528455,0.09938530739855903,196.98664710906922,41.14498494703818,,
3490,0.040066668924575916,0.09875861347798713,220.07449209480586,37.27016602413049,,
3491,0.04106294915482919,0.10109921351281688,191.8557059456744,41.277393768521634,,
3492,0.04000855144490267,0.09787171247764413,229.42491884400832,33.89776435566471,,
3493,0.04023550994363484,0.09971450142474737,209.00636058393718,37.95154402833339,,
3494,0.040909279527795196,0.10169207161553367,203.60899632215717,40.509426241656776,,
3495,0.04012606349634212,0.09848436961977286,206.4362412322926,38.09575933351997,,
3496,0.04000320282686089,0.09586737307908569,216.83157222114954,34.90519255706717,,
3497,0.040147847886187055,0.09932004586929986,214.70340241151504,38.15316431996305,,
3498,0.04353627914913118,0.1029885976799025,171.47431504318908,45.51354208623049,,
3499,0.040589488357335876,0.10000740928231466,195.56516034854562,40.65862816291851,,
3500,0.04175379810593039,0.09906832813374111,162.43148932617504,48.12463872689836,,
3501,0.040113016022840564,0.09622326925134606,188.78642350304114,42.0097358902748,,
3502,0.04045553204890528,0.09994528649454656,200.55260224328256,39.97996674751185,,
3503,0.04004658151227615,0.09787477453853914,214.30628324488504,37.31209457709139,,
3504,0.040460458455894355,0.09835258290046422,184.29710606129788,42.04921412891206,,
3505,0.04006460044342353,0.09959413866131454,226.15058636666294,35.17840150183639,,
3506,0.04032417080724115,0.09739539127930118,182.2675269180453,42.545527384107665,,
3507,0.04012652966844066,0.09954336564623366,215.51654373820736,36.21004233864941,,
3508,0.04016301725800537,0.0988430052049118,208.4895317881199,39.00941176774296,,
3509,0.040070154437363996,0.09640635321277836,196.3443915156112,40.58604095370083,,
3510,0.04036113639403838,0.1009915661949325,213.08236825972625,37.05665921742063,,
3511,0.040521171240513736,0.09920812339833351,190.95129959165405,41.55626929109664,,
3512,0.04017730289386559,0.09911142858848913,206.26740019557678,37.582615403274865,,
3513,0.04018251833386775,0.10155691534429503,231.43059137859507,34.875192837901736,,
3514,0.04076383939625773,0.10385692365695487,221.60734630285125,34.23878328795482,,
3515,0.040321855022487724,0.0994463354146397,198.89176550375043,38.436199965410246,,
3516,0.04180999177094278,0.10391061214752628,201.53845818923992,39.04383468782822,,
3517,0.040568164879118684,0.10026098189498306,198.8835708858664,40.199303618128006,,
3518,0.04028225201523798,0.0992773436246263,205.89751333911232,40.5365298361191,,
3519,0.0404611195101866,0.10007901917688816,201.25764913310852,39.707266972660086,,
3520,0.04079125089009401,0.10032318397656549,187.93994163533597,39.859351319019005,,
3521,0.0403269526039238,0.10008958006289158,208.583730597793,38.89340796307977,,
3522,0.04047435336053964,0.09793836803521476,183.72344767523683,44.15388553805893,,
3523,0.040048417605569625,0.09680318122652486,206.26910853737104,39.8829434469804,,
3524,0.04010126118483867,0.09897362205823405,213.29544458042184,36.60184768359841,,
3525,0.040208354107714485,0.10018234286382881,214.34585999430263,36.5549586468743,,
3526,0.04035632580409065,0.09864937536721848,192.2158278842378,40.88257094921317,,
3527,0.04051528458918307,0.10084767531475004,209.60672247069527,40.096843625510665,,
3528,0.040627441804563194,0.0992769217339615,184.44143530260692,40.959967681224526,,
3529,0.04029141504183046,0.09795801134610393,191.5252637707136,42.124669690682786,,
3530,0.041639636757048175,0.1018680544692313,190.19433167690215,43.31437355154173,,
3531,0.04473883133499644,0.10505026453416211,178.67680232838268,44.80929466779314,Paste volume per aperture high,Stencil thickness high
3532,0.04041067528995083,0.10107598424769425,213.31304208497562,37.978025342390175,,
3533,0.04009246466447323,0.09891405716704883,214.40585647097055,36.660000082760334,,
3534,0.043860188250211304,0.10274652689233955,163.3985387138856,45.757232503728424,,
3535,0.04084160357170284,0.10053822358852503,192.01655573868456,41.01850403303497,,
3536,0.040387477686037454,0.10136785741601913,215.13863176288098,36.641741650182766,,
3537,0.04013569771951977,0.09851780821287563,208.95628683870794,39.362156075236825,,
3538,0.04036988919508068,0.09922916821023335,200.2969042937229,41.28918913522181,,
3539,0.040067363133904584,0.09811090617761362,212.14144693717287,37.665977484749575,,
3540,0.04003084342905979,0.09779474314872938,215.8088372608339,35.8780506532644,,
3541,0.041007320206841405,0.10198229431466062,200.44066727406383,39.32132113566113,,
3542,0.04157153336196013,0.10561804100146799,219.56032742016498,34.891866654846396,,Stencil thickness high
3543,0.04003971931542534,0.09767476191825014,214.281703481681,37.3408871512396,,
3544,0.04126859096975029,0.10019728355949711,182.36937821962516,44.75258409389639,,
3545,0.04172651501274461,0.10099563346883426,177.11567755059573,43.74026559569788,,
3546,0.04034268392756089,0.09892920264006352,196.11135572006296,40.53680387716504,,
3547,0.04082216232305116,0.10064534474708117,192.85846998976217,40.508371604638185,,
3548,0.040123252574113595,0.10001972954907391,222.4246505196731,36.15614372932702,,
3549,0.040747642575534454,0.09885796980503288,180.2979413271711,43.55782545731315,,
3550,0.041163184975285275,0.099301076896863,176.89109224701755,45.92096982372184,,
3551,0.04071355758543531,0.09833386989714755,173.19237944651897,43.02925061439716,,
3552,0.04000341384085162,0.0957472867801544,223.59134653308033,38.13171264798479,,
3553,0.0417469941528844,0.10305222363515226,199.60096157419406,41.92881619641871,,
3554,0.04049431929295434,0.10033409192505251,201.72797749068803,39.36065794873071,,
3555,0.04014665328196033,0.09799918168247064,203.03062143566478,40.35508784766965,,
3556,0.043232838872067116,0.10375493771180733,183.61500024425044,44.1975483300211,,
3557,0.04055436262538184,0.10058558378669351,204.80965014892683,40.454273335460236,,
3558,0.04074871630575434,0.10191969995168876,209.3858787083859,39.04610004405474,,
3559,0.040649700896194976,0.10232760921061482,215.85644059208627,37.701194346029304,,
3560,0.040591403721760046,0.10137265575590182,208.08530321882978,38.51614719686231,,
3561,0.04105245700955009,0.0999475356145381,182.80726951804965,43.515267115349154,,
3562,0.043500392134853724,0.1014737597787701,164.27243758783632,50.07195983090927,,Ambient RH high
3563,0.04006222169285624,0.09977493588121768,227.2216095236666,34.44762637277493,,
3564,0.0400331469471448,0.09737075665839419,213.41820749397547,37.481743288991076,,
3565,0.040148530221261254,0.09916048882946189,212.9343142386929,38.334514528502346,,
3566,0.04032296991045834,0.09861159458455601,197.83264179519708,42.12744683399721,,
3567,0.041363020697821586,0.10090205166570232,189.51006675832824,44.9139270757367,,
3568,0.04066723268125937,0.1007957369200466,201.89291151304184,40.48053800843125,,
3569,0.040125813889694426,0.09822933063830319,203.73463874924963,38.360328839481575,,
3570,0.040527040942786245,0.102244590914496,215.53851282427553,35.68066360204678,,
3571,0.04028018371932103,0.09868233731833752,199.6799142547821,41.1520952256787,,
3572,0.04058829516823976,0.10165106228168265,210.7573936665658,38.05558983698259,,
3573,0.04019342184852106,0.09993780898202817,213.6638198931454,36.89201469270171,,
3574,0.040672689735278364,0.09954302955528359,190.60191925118352,42.642800042638285,,
3575,0.04122115671140878,0.10107438259090959,187.02863866912472,41.614395901362826,,
3576,0.04038683229440262,0.09897131311179011,193.00393589079735,40.39407463774798,,
3577,0.041620460109159534,0.10199916780048289,185.9465523082838,40.996140736476846,,
3578,0.040261328810906175,0.09710388774798423,184.79532899948288,42.91431907144081,,
3579,0.040961007965920095,0.10276084778275063,208.2048381634567,37.68116158224528,,
3580,0.04006657430633558,0.09937836388801587,223.1617079725222,35.35618464356953,,
3581,0.04102759455757163,0.10274130533667768,210.00278495480507,39.2930691132216,,
3582,0.04045561805138793,0.09981463534830945,195.11256429347543,38.69356576091289,,
3583,0.0404197879374731,0.09989947399918767,205.683474920491,41.18802764607635,,
3584,0.0425532671241437,0.10099600085355342,167.45297926696543,47.15680176688075,,
3585,0.04130985408332551,0.10088235932568423,185.69711342036751,43.080113358865916,,
3586,0.041286970760943655,0.0998938850136237,175.59899911823672,44.036983297490096,,
3587,0.04025532342902761,0.09816428944910818,193.4804683404308,40.65394039094851,,
3588,0.04013619857252266,0.09771150263094569,198.55463402861793,39.61471516664137,,
3589,0.04009829510039251,0.09638896889363235,196.65343464431672,43.012745030597465,,
3590,0.04132901430644578,0.10110564846460253,189.01115039302138,43.38265745360535,,
3591,0.040908701483176636,0.10047269303001533,193.8824905411159,42.96067692051592,,
3592,0.04009670117312811,0.0998891727542682,221.76639986759437,34.85076768958256,,
3593,0.040001995259299955,0.0960335259292363,222.57465282492345,34.24497781943569,,
3594,0.040606795014831686,0.09853805234595635,182.01121696898525,43.29676469658177,,
3595,0.04127390279061934,0.10348155155631873,215.13048204061465,40.50477998102304,,
3596,0.04032798247451194,0.09850944830757102,194.25020807457045,41.49927270942468,,
3597,0.040021996278179504,0.09994158573669147,239.93580194330474,32.208866821311815,,
3598,0.040313142412517364,0.09785865760592223,188.86804619888133,42.31818596342321,,
3599,0.0400869142944797,0.0984366450269956,216.07602830915468,39.13951979947328,,
3600,0.040219168712965866,0.10113717395526077,222.863265100956,35.3645825164945,,
3601,0.04193325107679541,0.10175869934085424,181.53805208286008,43.48102631172057,,
3602,0.040265195811164126,0.09954643500567299,203.74578012294324,37.927984745727535,,
3603,0.040615390358992455,0.09893518109997682,184.0410920024672,42.25166342569802,,
3604,0.04000068031884197,0.09689263977434279,238.57769953798635,31.756768444834403,,
3605,0.040068312170511,0.09763284714902667,207.20462867673805,38.322602299856186,,
3606,0.040305339713538536,0.09931388887577364,205.1946301733933,40.818218624035175,,
3607,0.04040341221480669,0.09964482732662099,204.12552977056455,41.47475194589066,,
3608,0.04019556024562936,0.10061212118489482,217.02289847305968,34.90788175314293,,
3609,0.04070454836097919,0.10170932849178911,207.62732400443429,38.72207735145314,,
3610,0.040525733657466,0.10445605617485251,237.19326870295413,32.61048754932767,,
3611,0.04120995011196714,0.10090137836419315,185.09718705415287,41.63813887914365,,
3612,0.04023180264568578,0.10032258662799214,213.85105283444412,36.58906882514338,,
3613,0.040102016269853755,0.10025124905471162,225.74681164683403,34.87388547722075,,
3614,0.04145824646513493,0.10025997977816528,176.2687197191922,44.35409999496213,,
3615,0.040586728468032886,0.10097726142006269,204.56851746425545,39.09781263630913,,
3616,0.040858549916875125,0.10124351560769042,200.60535112221055,40.89041120703032,,
3617,0.04021449351267297,0.0970560950836,185.23702842357073,41.627106161799965,,
3618,0.040257907060033696,0.09839102980989983,199.13375683222367,41.64042997495804,,
3619,0.04096061071448494,0.10022487944329458,186.19805044696355,42.16308070781609,,
3620,0.04085803212483621,0.0988741002894523,178.72728187298767,44.610871254054246,,
3621,0.04235223241717677,0.1012064046059807,168.54938596674162,45.00706699382452,,
3622,0.0406984937207518,0.09983026104605494,190.8709890944774,41.787200512568845,,
3623,0.040434712641555015,0.09984728416133554,200.18578951253568,39.84996635270319,,
3624,0.04281035989793182,0.10256812455747474,174.32606168720372,43.82965574927785,,
3625,0.04031680705623675,0.10045062650238024,214.94650888939742,39.10363106347221,,
3626,0.040213422535436756,0.10014298111156475,217.9353309671722,38.20932436866575,,
3627,0.04162190053334121,0.10041082164586676,174.91906674774697,44.79314268277002,,
3628,0.040007853683425854,0.09724426208009156,226.25481603985602,35.42405340968332,,
3629,0.04038948751269132,0.10020595015569861,204.60514655800944,38.58903608142452,,
3630,0.040243225147181164,0.10116044167972105,224.56968216796483,36.73105244901752,,
3631,0.041518814416694354,0.10120828621190897,183.04791642866957,42.78569217190532,,
3632,0.040241780413628976,0.0989922147140999,205.09771142690226,40.285229692823386,,
3633,0.0402280921369076,0.09875064024293735,200.9235834038578,39.48670145758629,,
3634,0.04027643057468823,0.09749425886264054,185.48252812006922,41.7632800778181,,
3635,0.041238437332179065,0.10445397546778559,215.67103171988285,35.59243113641351,,
3636,0.04121293947757884,0.10045218044608653,183.85305921744282,43.40436503088635,,
3637,0.04004255237060354,0.09826281014604145,218.38489824134797,36.345898587943296,,
3638,0.04018247156025806,0.09879228006858996,202.2174059343687,37.922427717377815,,
3639,0.04023712662938196,0.10005353879974105,215.09729132043145,38.52066408285031,,
3640,0.040151844402786685,0.09927881957192643,208.07673145706215,36.215512820203095,,
3641,0.04180373377404175,0.1023166202527174,187.59809276755408,41.76933916801011,,
3642,0.04073050663356083,0.09872928267302328,181.16003496150896,44.20766032026758,,
3643,0.04011372455627961,0.09712938703741861,196.01227874115241,40.22576439017655,,
3644,0.0404029052764698,0.10011836493446971,202.94710551569233,38.75864715640119,,
3645,0.040533635380142215,0.09871780235617848,184.91790421931535,42.04868029753971,,
3646,0.04055221351006938,0.10051408819050132,203.29310213206438,40.22247307307322,,
3647,0.04071848401119015,0.10103127856512227,200.77024679583974,39.80882987749386,,
3648,0.040291419573680105,0.09953975520063181,206.77971969097226,39.865246006201005,,
3649,0.04067364442116815,0.102718375843971,216.9573852856053,36.61716731091236,,
3650,0.04062019291738523,0.09827100626032256,180.69922476485303,44.36872295070942,,
3651,0.04010900288273245,0.10151926478585578,235.56677660170993,32.674064102654995,,
3652,0.04006171757999466,0.0976316219524813,208.31404885373112,38.08063695668453,,
3653,0.042428942923476196,0.10252614255968351,180.71348279165218,43.511785479403606,,
3654,0.0404855771152423,0.10029759165753965,202.004810888799,39.448480852522664,,
3655,0.04029029998895331,0.09821995269666041,193.94210429751902,41.67754927041428,,
3656,0.042152947801750745,0.10249361386169784,184.22676309693858,42.733926647177924,,
3657,0.040797007328436365,0.10129539113293612,200.0790917518431,39.53395308422426,,
3658,0.04010762340596721,0.09964079747645346,218.2318342618867,35.5438673874043,,
3659,0.040042050988371214,0.09692256434798992,207.29265857763414,38.83846124244741,,
3660,0.040430803475588924,0.09920253563519636,194.15132345028675,40.74499775338708,,
3661,0.040893544869108865,0.10139546737089612,201.63713957000257,41.02430152762549,,
3662,0.040372905700075644,0.09838557133394761,192.4052831095337,42.658422256356694,,
3663,0.04035015110624725,0.09939683980313573,198.26611864259746,39.24061838217422,,
3664,0.04132509973626132,0.09982480841880892,176.1528980331002,44.9907659414514,,
3665,0.040521450919248074,0.10080908066826857,206.74145011832195,39.39860879567214,,
3666,0.04006033020490124,0.09919079599479234,221.48061879030664,35.05193590002179,,
3667,0.04115421460603516,0.10045956611687765,186.8569364008206,43.732452943142,,
3668,0.04014985716054306,0.10014859511330694,218.09219795335486,35.447560869232426,,
3669,0.040431265259300374,0.10070609041318798,211.311144148007,39.546288242862644,,
3670,0.040013740674112216,0.0989948977575224,234.25490084366254,32.40994552702911,,
3671,0.0404077010171541,0.09799593823661443,185.52604344999492,42.982626649120164,,
3672,0.04131918917853209,0.10178288738297865,194.09280580706147,41.79520767291656,,
3673,0.040126758398305575,0.10071782684746626,228.38775506957725,35.090442173346574,,
3674,0.040214023387724014,0.09845813636870449,199.96483356591622,40.031834391074845,,
3675,0.04038482671755754,0.09903687710012787,196.5404764510967,41.27472255484535,,
3676,0.040245193064713206,0.09953657044304628,208.9399236754354,39.13057793986998,,
3677,0.04030358241838711,0.10169637987890583,222.40097655374234,35.3261854068424,,
3678,0.040208957393524015,0.10027655518080246,215.55549887891812,36.55030840533579,,
3679,0.04061892518061886,0.09902510043761885,189.34142822239562,43.75178273403034,,
3680,0.040084527078243455,0.09729608742215877,201.47041387500087,39.31083351343647,,
3681,0.04028445781437338,0.09917941475575827,203.48432571777485,40.22740402350828,,
3682,0.04024831366180709,0.09885253717415345,197.1511733540889,38.38408299739832,,
3683,0.043874492172497774,0.10243333201969518,162.71980347061822,47.11370820968505,,
3684,0.041498756853579344,0.10566514523283993,222.56191396768259,34.991137500148774,,Stencil thickness high
3685,0.04039003033514477,0.10275837657018635,225.83934273918786,33.763162472267084,,
3686,0.04005386566957269,0.09738122594481628,206.46633446941595,37.80100897309568,,
3687,0.04127814139891742,0.1008613978587247,186.58793669744554,43.14051688741959,,
3688,0.040064142803813645,0.09832242267132195,214.22890360364352,37.07136046069234,,
3689,0.04000360524409194,0.09762144303443433,236.77259484958375,33.95240704046942,,
3690,0.04115688901884787,0.10155926287552032,195.2261835220524,41.404591966581116,,
3691,0.04005873169348446,0.09691319810888936,204.05801049278426,39.7422199729201,,
3692,0.04227201316508293,0.10232366530743549,181.72728157679586,43.63068483047615,,
3693,0.04048056988986134,0.10026167615038382,200.7644771811678,39.076639865648644,,
3694,0.04058560688102739,0.10080213514038472,198.62529304764595,37.82568895917278,,
3695,0.0424473483191598,0.10316719659058975,187.62473418172553,42.992838638862,,
3696,0.040130392309812156,0.09956335822870334,217.1895700355712,36.92284897814486,,
3697,0.04026716285306172,0.09874925085355388,200.6531506435449,40.7529643228497,,
3698,0.042531118176410664,0.1031523981981488,181.24292503948027,41.44012990474882,,
3699,0.04072697451967142,0.09969091376291749,188.0023568533835,41.918436786449384,,
3700,0.040040991915080086,0.09798431609201241,214.90864937596248,36.24821703267369,,
3701,0.040833310260398284,0.09924880845696572,180.68820120818913,43.12802017754373,,
3702,0.04039213756618442,0.10180430542795078,219.8640410511948,36.31688297369569,,
3703,0.040238390904709744,0.09730760394274941,187.11734937600804,41.9598524383137,,
3704,0.04010972981912582,0.1006377640545126,225.73781499212856,33.51150643007656,,
3705,0.04194812795204921,0.10321890833696236,195.00697909516015,41.30815862446319,,
3706,0.04093590698252904,0.10165111118688203,197.93183213680535,39.07476820516736,,
3707,0.04038879620260611,0.09782664611861049,183.91750511293495,42.767589871262686,,
3708,0.04067596510335272,0.10238443193845957,212.14180108583156,36.57114171126699,,
3709,0.040047555030704236,0.09910181665760946,224.83396536453833,35.22092989260607,,
3710,0.041748339526754205,0.10402939081473155,203.28056040284574,38.5184722318024,,
3711,0.04128315014818931,0.10203223082057092,194.0324765252563,40.16694621304729,,
3712,0.04095528377849907,0.10067004108191349,189.63026312304987,41.15099755709163,,
3713,0.040330894394754915,0.10143030673324395,217.77238944808641,35.769088902826695,,
3714,0.04028744954624344,0.10116629485986289,218.2832697190398,35.94297638330066,,
3715,0.04089108410926541,0.10221886479313204,207.6102909594597,39.11870296196482,,
3716,0.04012482047954955,0.09949860219789716,216.23029581884546,36.579596325355105,,
3717,0.04008610697622435,0.09786625028859623,206.50839186360722,38.45705572729026,,
3718,0.040765016323637576,0.10030861232263573,193.35196144172681,41.43092275209964,,
3719,0.04046740368317945,0.09869909410058901,192.38421473482327,43.382290932612925,,
3720,0.04151726540065583,0.10276549794137685,197.98003202653453,40.51522175597654,,
3721,0.04044436592374478,0.09799247716085982,182.81076382825333,42.90231478759925,,
3722,0.040404637191849516,0.10045977463244321,205.6269150079421,38.09693083504865,,
3723,0.04007469005237396,0.09648281187893654,197.48211249534685,41.0212772353664,,
3724,0.04113812426491031,0.10406969591698485,215.72601979580512,36.28204532119553,,
3725,0.040657242752033126,0.1016425031116175,209.30457915632883,38.83139039243895,,
3726,0.04065182290715074,0.10068137645231025,203.93405684739932,41.485330408173205,,
3727,0.0403596955789807,0.09739454129705062,182.81387029683717,43.71720996511351,,
3728,0.04021357463778639,0.0995507740115043,207.8011596895429,37.50052419814047,,
3729,0.04057818408388005,0.09875910704163948,181.85287455840478,41.63782920127303,,
3730,0.040895891828289344,0.10226751550685062,206.9869810712738,38.7320477514125,,
3731,0.04032880861867405,0.09812895876252933,190.6776651555841,42.10033358545258,,
3732,0.04038339341839775,0.09912209618083545,194.4009454538537,40.07183683886116,,
3733,0.04238202897793789,0.1027541992310055,181.5188848359277,42.3353361693946,,
3734,0.040617292311880424,0.10035853936616951,197.28511946810679,40.08256869519285,,
3735,0.04043072857842824,0.10037903020284113,204.19556318117793,38.60318853332985,,
3736,0.04104616776653478,0.10199581535888967,201.64881870366273,40.186825021976546,,
3737,0.04038644919956542,0.09934110612211088,197.76707552010453,40.27850023888807,,
3738,0.04007953339798508,0.09815193800533505,213.71633708324015,39.09480786923702,,
3739,0.04003766583254388,0.09921481026069304,230.97332338871962,35.48627346495462,,
3740,0.04013290499867295,0.09789009533861982,200.14613863467684,39.13316542530664,,
3741,0.04044469853253622,0.09975018320883279,198.0843721441119,39.80692151848158,,
3742,0.04007125887727002,0.09632654183926204,198.24715220865042,41.743114822468485,,
3743,0.0408010714616411,0.0982120753487275,175.34408807650112,45.765289794953766,,
3744,0.04186034946040894,0.10263909579686577,193.13651758801595,42.67624859724622,,
3745,0.040876197383509574,0.10079883429975657,193.3139304809471,40.72185023518699,,
3746,0.040155259966757326,0.0988489730340971,208.19239085505663,38.502139981941326,,
3747,0.040147298434020116,0.09972908994039523,215.57628524096182,36.45683917132891,,
3748,0.04028785306856643,0.09848303032211313,196.26644689131655,41.15093750545125,,
3749,0.040553576021432475,0.09929760815377679,188.3442362173277,40.85178735580351,,
3750,0.04022805064639047,0.09918712381179243,204.96200059305085,38.80128549779311,,
3751,0.04200289736513398,0.10087655164948539,172.50857486738454,45.158315774423926,,
3752,0.040199579647922125,0.0993423278717801,210.8212836906415,39.019130687947275,,
3753,0.04004217996318227,0.09829311584093449,218.30741666582026,36.12104197722545,,
3754,0.04014698676244337,0.09929825355938666,213.128918469633,37.65893357604377,,
3755,0.040789163260488155,0.1006803003923089,196.48587902656044,41.11727547472491,,
3756,0.04072391459738632,0.1026620949729742,213.60449508970484,36.547120217050505,,
3757,0.0404408846448625,0.09912948917206994,192.56091913327444,40.76966759042875,,
3758,0.04008410966068788,0.09853925051971887,214.6056818895586,37.906482756123246,,
3759,0.041107377022666945,0.10009931940067565,183.84719900743772,43.83931616424661,,
3760,0.04081386954850882,0.09965846650150958,185.53165794446835,42.56624317768202,,
3761,0.04005669761905583,0.09682466381089434,201.76359658084462,39.14342716493538,,
3762,0.04041637721555567,0.10014136339378593,205.669216351315,39.93316409245262,,
3763,0.04260693439578526,0.1013783798544836,167.33590883575258,45.661619613096974,,
3764,0.04115721191294292,0.10329909620211625,210.90165853132595,38.533657865233224,,
3765,0.04133428332988641,0.10077388595359557,182.47804161720236,42.738261597719415,,
3766,0.040119885424503295,0.10064200759788698,227.07836771197,34.59244899011084,,
3767,0.04007065342438315,0.09707744323679308,201.44760550376012,39.18972477606642,,
3768,0.04098090179884182,0.10030998795450419,188.16826213604045,42.72034898136732,,
3769,0.040203870007501495,0.09982966977544715,214.53098867083392,38.146413044317946,,
3770,0.040504007649627416,0.09858607098882556,185.90860251165978,42.42798554223769,,
3771,0.04059433152471851,0.10182808217382124,211.9647661542327,37.73936611711033,,
3772,0.0400102986221467,0.09749157836861616,226.24566002224336,35.471822419635814,,
3773,0.040384801334672316,0.10044935454425329,207.42019482396273,38.28866516401072,,
3774,0.0400508597024255,0.09721316959092001,205.78396337021633,38.02525089327294,,
3775,0.040397653834452804,0.10353294211497599,232.26533979058883,32.47742870068126,,
3776,0.0409006317547612,0.10045525971691009,190.77130898517947,41.83330856914506,,
3777,0.04016307548112769,0.10014317283122261,221.68041991394654,37.3848963048134,,
3778,0.04060193290998704,0.09816847169707071,181.39648626544627,44.77579859971783,,
3779,0.04186176528870671,0.1010129268188315,177.05279575249278,44.87048622423832,,
3780,0.04163066323685165,0.10117525263013502,182.7573266936313,43.950635586253775,,
3781,0.04474728486618624,0.10273439980715503,156.1992663489914,48.11057134491512,Paste volume per aperture high,
3782,0.04168995747337966,0.10255285901499009,193.74745219987597,41.740922167009025,,
3783,0.04038900013373882,0.09977828491294982,202.32866310483962,39.839844789004204,,
3784,0.041375159607054304,0.10019370245499719,178.9249138767267,44.732470118631824,,
3785,0.04026511873164221,0.09828228333898553,195.63618018246837,41.171685904437204,,
3786,0.04021872857678957,0.1018615279815524,229.37754432239035,34.14678032628717,,
3787,0.04073874865000547,0.09887911163779671,179.39993378225736,42.996026742832754,,
3788,0.04002263034540213,0.0976734802421046,216.83314949294345,35.16375046321424,,
3789,0.04062951051979187,0.1003460312891778,196.7856136374834,40.18746008360122,,
3790,0.04000506861481925,0.09774114638164783,236.88577202539437,34.84741711489422,,
3791,0.04171737361861978,0.10212880942225207,191.17244929419797,43.13970530987116,,
3792,0.04168157994948792,0.09955894081906988,167.32416811972703,46.80289028983072,,
3793,0.04082433975488917,0.10119296448418011,197.9957458293393,39.70793085337523,,
3794,0.04150820824770696,0.1028977367653813,199.85500215445012,40.445943292408316,,
3795,0.04054920151625661,0.10109575974800639,206.26016375909813,38.399864288313466,,
3796,0.04029196579245028,0.1010359929477995,219.3028780396325,37.07183304721204,,
3797,0.04017350872542333,0.09919289122276351,204.27657135272636,36.31678262095002,,
3798,0.04121951681349937,0.09996662761098296,182.65409821658756,45.40389084367722,,
3799,0.04013122560146816,0.09935806278321976,213.9671742213413,36.824287537032006,,
3800,0.04065495476864549,0.10135171089226652,206.88430887736118,39.34241843003912,,
3801,0.04021380790671165,0.09873934243338017,202.4072027099383,39.526679178113895,,
3802,0.04047928975924283,0.09922001451990982,190.6178005295361,40.501448309430444,,
3803,0.0419090431576482,0.09951584280251523,163.11992714426248,47.60635386815652,,
3804,0.040509651116533374,0.0999588676540887,198.27329474985106,40.27570439551876,,
3805,0.0402886669792615,0.09964385062682692,206.62128666046948,39.22143718094492,,
3806,0.04078501030280238,0.10316003977112533,217.9259769034204,36.637503530493746,,
3807,0.04078598925259696,0.09948533271981869,189.09539796140857,44.23397067435102,,
3808,0.041286340933403304,0.09953945103761365,175.55008405974888,45.725104286494904,,
3809,0.04041151744655645,0.10066847845913887,208.257560518994,38.18329757663064,,
3810,0.04014538255611642,0.10035675150897884,224.2899176259952,36.400635971798266,,
3811,0.0404496157550209,0.09977375534089827,197.81172355446466,39.70842531733893,,
3812,0.041269325777562996,0.10108524276543496,188.73151609068026,42.71565465766178,,
3813,0.04022831775490876,0.10089848520459266,218.9467631612297,35.47726948922617,,
3814,0.041231454256562855,0.09921054344733027,173.52526716118962,45.974138218016535,,
3815,0.041309420292571376,0.1003282879427215,176.1157461125808,42.37142393713589,,
3816,0.04026478122560038,0.10011797809483293,209.35539232096403,37.132297992330756,,
3817,0.04083881061125051,0.1003077677607287,187.92094894293362,40.64544446751888,,
3818,0.04018600654736552,0.09803247058595076,201.53198257936944,41.50404801805347,,
3819,0.0403671453228571,0.09995447900376807,205.86265557799837,39.677409539762856,,
3820,0.040217120487028954,0.10093711347663871,223.53696012764664,36.49102598363262,,
3821,0.0403065467158757,0.10160189703789264,218.5121546963377,34.49869470097103,,
3822,0.0402909740156345,0.0990401292588302,198.6829713512569,39.40847317321525,,
3823,0.04115221817238816,0.10136720232593437,195.89522612817365,42.51236745417805,,
3824,0.04041274015364196,0.09976954792826187,198.78829685872256,39.21456715298023,,
3825,0.040452983353044876,0.09972510437642569,196.03389760644725,39.392100290899236,,
3826,0.041022037212054094,0.10105259811128282,192.32593652245805,41.142406057972075,,
3827,0.04157407406886954,0.10061570248074357,176.56011492261868,43.912965457638634,,
3828,0.04621692427648207,0.1036102618560493,151.47227894127187,49.20129645522054,Paste volume per aperture high,
3829,0.040466329424963476,0.09974713381660553,197.03511309207087,39.936104851748375,,
3830,0.040152166796293215,0.09990262913099016,219.11443339834756,37.112394456041486,,
3831,0.04040762359149574,0.09840468513569889,189.96864109503542,42.57349238304557,,
3832,0.04030604545335105,0.09867615314923786,195.58405127924632,40.52924403850828,,
3833,0.040894834380075344,0.1028704496713307,212.00365582405155,37.5741225269441,,
3834,0.04010571821895532,0.09738153427238265,204.3306438832711,41.429638363366294,,
3835,0.042402871123937806,0.10250187971824623,183.41872001163918,44.384713984546835,,
3836,0.04123386094880587,0.09997093723864199,180.51508170442958,44.794494368308186,,
3837,0.041575047770025075,0.10064892430367829,179.3478995285396,44.74579437450053,,
3838,0.04014228214484175,0.09910469814613766,211.1758952516537,37.66132546919585,,
3839,0.04006063420745039,0.09704375073601855,205.80897858794725,39.926784097799676,,
3840,0.04029542017956739,0.09719353111504903,186.60329219357195,44.20411208662361,,
3841,0.04030034284213765,0.09850085726762701,198.66635602947986,42.2933401842598,,
3842,0.04007474601909404,0.09866600673274693,217.3775184899703,37.498239405820605,,
3843,0.04056260264289714,0.10095074433073345,205.7367222997656,39.17752128456686,,
3844,0.0400044186121077,0.09900647727840758,245.1071710173067,31.050943821113513,,
3845,0.04117705084012543,0.10127882394467627,189.7987847559149,41.085587484054436,,
3846,0.04001928903283516,0.0988034899987741,229.64135353009573,33.39736690396917,,
3847,0.04015479427571071,0.09710496368090016,192.97099796444203,41.53448738174397,,
3848,0.040223880551289795,0.09852432182860636,200.7565429755346,40.36521920626576,,
3849,0.040122114770409556,0.09817872377093803,204.64643112171092,38.71095198398951,,
3850,0.04003293577565476,0.09939151104253867,230.2077671619742,33.607184024335986,,
3851,0.04082779431070028,0.09952481776029276,182.76754627540123,42.44592349251384,,
3852,0.04004138729031415,0.10008742526951897,236.45942787991834,33.746894328415856,,
3853,0.04189843862637426,0.10083214144851095,173.2593477364107,44.73097935317204,,
3854,0.04005103012934056,0.09795829397173945,214.5893850737772,37.552348369156945,,
3855,0.04034137256973683,0.10042781202058876,208.79462894505437,37.73568402488015,,
3856,0.04180998910187114,0.1012467334448236,178.25266767262482,43.697809851154986,,
3857,0.04000049540990074,0.09523081329144108,229.56578535621995,35.49933859705667,,
3858,0.04102037579630696,0.10274101422540675,207.5421327274238,38.33230007691753,,
3859,0.04016118660700957,0.09989527415768776,216.3771016905085,36.62161629788985,,
3860,0.04067631704715755,0.10109704532153936,201.97026468623022,39.20808589813321,,
3861,0.04005707456789494,0.09943214267759143,222.8553743838051,34.02841860806488,,
3862,0.043133346343556124,0.10319581446007535,174.57695112939098,43.06518013178343,,
3863,0.04026046073491179,0.09831008482890806,195.68667778020486,40.900719317432646,,
3864,0.04024846069203,0.0971983107081103,186.62315360957825,42.66670066127211,,
3865,0.0404940506649975,0.1001147811353782,201.21594959969218,40.23390421929543,,
3866,0.0402585554674319,0.09887106603089528,199.52599761730198,39.48130070168434,,
3867,0.041018669518364394,0.10143962407918088,197.15451092672913,40.93237668095636,,
3868,0.04039062411869838,0.09827749883154976,189.22774762162894,42.50873767538349,,
3869,0.040100951464406856,0.0983417067747173,208.18357369949214,37.83004540994152,,
3870,0.04005423281176224,0.09762870267988044,212.50775078147672,38.77838216868083,,
3871,0.04022160688022335,0.09993292544808548,214.4155634652669,38.294099221948564,,
3872,0.040131783044698964,0.1005338403374354,224.3441763161827,34.836153736599954,,
3873,0.04142749683225118,0.10140831102094292,184.65727557815802,41.44428567032484,,
3874,0.04028347066167996,0.09944409690625877,204.24859784047524,39.18732263371496,,
3875,0.04094252872581591,0.1003566931466423,190.11808393372695,42.66274783879045,,
3876,0.040058725310538126,0.09921492786604291,221.12074277808617,34.641415482615216,,
3877,0.04022222302106513,0.09923354222195588,207.37125969280055,39.210671727966606,,
3878,0.04018957883140294,0.09810784694446002,198.7727527054335,40.31809196905726,,
3879,0.04026033004807815,0.09965543165778172,207.9900581939082,38.73763743430766,,
3880,0.04271001130929467,0.10328830024922021,182.1417718577563,42.40085315877258,,
3881,0.040359479258645484,0.10097755294108858,213.5618189376147,37.2497609323703,,
3882,0.042403342244014514,0.0998722173676945,157.8782610968127,48.08141777098094,,
3883,0.040160566519007034,0.10077044810047336,221.3269033087079,34.110154106251414,,
3884,0.041007672372832094,0.10072690203100111,190.555349227189,41.903289704159825,,
3885,0.04016891091207491,0.09698672028736756,192.1589682686599,42.49065533096106,,
3886,0.04065344951083862,0.09996763413518747,192.87674872842723,41.06060581362278,,
3887,0.04005227889330632,0.09937203640814786,226.4582376344979,35.05555595882924,,
3888,0.040335798837793084,0.09990506084268516,204.26824249026814,38.51026107392536,,
3889,0.04026623321309962,0.09851605948335129,194.97092549624205,39.84410883493656,,
3890,0.040078665377227325,0.10030302646108427,230.52557080566578,34.56113850220021,,
3891,0.04055202004161442,0.09785121796922978,179.67979428868253,44.75223594187488,,
3892,0.040000679714919614,0.09707154201794777,241.3049748800936,31.851604554009153,,
3893,0.04111544632206464,0.10177453818619302,195.62127415159492,39.999615354904044,,
3894,0.04124383413803373,0.10135653426005299,188.81114342557754,41.142113668294336,,
3895,0.0401599981640426,0.09754452116033162,196.12865859698195,40.77766169711783,,
3896,0.041314559561307196,0.10099840424744429,187.56392981134613,43.230403540539726,,
3897,0.04015338062747414,0.09787088504999708,199.73539311011152,40.151037599159345,,
3898,0.04108046301878317,0.10133510734669812,192.4592910057778,40.571887868617495,,
3899,0.04102084739029406,0.10110544054013311,191.9579262304522,40.741736647141096,,
3900,0.04196298132141307,0.10127839513968452,176.79880914443885,44.38761331125673,,
3901,0.04023670795929391,0.09972380888546704,209.4243902011127,38.09704730292985,,
3902,0.04021382569479958,0.09810912873844992,198.35692300980125,41.14308394750267,,
3903,0.04110852752360147,0.10140622807768972,193.16200131798146,40.82598758155174,,
3904,0.04009439497941139,0.09982326146084487,225.12573045033994,36.18998728020006,,
3905,0.04038875588685521,0.10150358309763755,215.736395462105,36.228944084413754,,
3906,0.041769727740191755,0.10086248670134935,174.83205320277116,43.97893421981415,,
3907,0.04057330772167216,0.1005617931847323,201.89801699784118,39.90824307827233,,
3908,0.040667575789620956,0.09997794784126843,195.31296880846642,42.11583568489442,,
3909,0.04055173099367188,0.09994884309337208,196.45399474597184,40.530757771707876,,
3910,0.04174261833824375,0.10228679967989915,189.03851418619917,41.85925352994952,,
3911,0.04138967144497328,0.0999240544133086,171.08946712930992,43.42637022644932,,
3912,0.04017402755799677,0.09942076357387951,211.00183544266633,37.61226509707308,,
3913,0.04007572520870306,0.0999409673224971,227.0935248195793,34.85103335758817,,
3914,0.040187427833671935,0.0983140229108078,200.66254932619935,39.89760408789108,,
3915,0.04024300807983395,0.09989637792473709,207.8721532174053,36.93890955467005,,
3916,0.04169295120407821,0.10128408810227893,179.23726206994445,42.779328596094714,,
3917,0.040830392472736635,0.09921916929125857,180.04496125698233,43.000777603401126,,
3918,0.041151476668310996,0.10212822772636532,198.25752405316356,39.66006216417658,,
3919,0.04143489855245702,0.09948953603689717,169.13937652390288,45.317073786441846,,
3920,0.04177452884668311,0.10022799932755694,172.9759814214133,46.43374722680303,,
3921,0.04004520696711405,0.09953566101549986,230.36448041418956,34.777133779844746,,
3922,0.04011719283588367,0.09991923378670145,222.4844862053596,36.301092290648285,,
3923,0.04244046943124995,0.09990853892221693,157.7397390712076,48.139827941721066,,
3924,0.041407140322823235,0.102514058521846,196.65672048785575,40.12065666362478,,
3925,0.04115603793540649,0.10165021641080542,192.78347238187567,40.092971897530475,,
3926,0.04020470965445799,0.09845718029310814,204.02462397989135,41.10388596267127,,
3927,0.04046271936667719,0.09979353396171725,198.238145172035,40.056634482294804,,
3928,0.04037605569152549,0.10065050574028743,211.88821458105994,38.671038760498845,,
3929,0.0427491108562363,0.100679750613397,160.9199878877961,47.79316056391443,,
3930,0.04053571265801658,0.10244195502662583,217.03363103338657,35.429323616633624,,
3931,0.0400871946898595,0.09665249080362388,192.84100742677748,39.58254561587718,,
3932,0.0408062270036132,0.10151202440429974,201.8797704766403,39.26343039271096,,
3933,0.041224905191632966,0.10103853010441032,187.62468703102502,42.0414549024788,,
3934,0.04041361600098644,0.09989907354027748,199.70287496748875,38.93248532474844,,
3935,0.041504015499733427,0.10213510113410669,196.13460442182298,42.775176595734294,,
3936,0.04031646802624728,0.10137517284056774,215.0008823387878,34.64601344881106,,
3937,0.040431201840019984,0.09923972403402377,191.6745288172808,39.70063424681544,,
3938,0.04015708272667637,0.09906778779066212,211.6670609295051,38.760035660079275,,
3939,0.04102346829127459,0.09971998150615993,183.2046697231121,44.38109172630372,,
3940,0.040056722770535576,0.09943039998481719,225.66471485738614,34.99019109521713,,
3941,0.04179454781694287,0.10124747064414952,180.3359481707207,44.28867311349431,,
3942,0.04004232879794177,0.09857438714893978,226.27034313652175,37.59233359728868,,
3943,0.04164008480349211,0.0992101575552822,164.05017773674192,46.9351955051592,,
3944,0.04022552628754916,0.09844668377570073,198.4033456066248,39.97119793911341,,
3945,0.04322319497853728,0.10084514830571475,153.6329897081164,47.61487276776401,,
3946,0.040521990035747524,0.09988652976646663,196.9290282024543,40.40453047038675,,
3947,0.040284338097321334,0.0993578604900417,206.26350227791153,40.34214969336553,,
3948,0.04073483810858153,0.09979161439226975,188.17223881764073,41.61949240679453,,
3949,0.04197641374747204,0.10229484254519891,181.2089757982425,41.1486891744345,,
3950,0.04121047223175151,0.10168674914179987,191.69765215583107,40.1787340706963,,
3951,0.040016123027990264,0.09835224516757321,228.20406287775592,34.16645027280003,,
3952,0.04062877828373936,0.10016287260369099,197.29648791309612,41.23952000837032,,
3953,0.04061714103170827,0.10062401329745584,199.9144983703497,39.724973781298004,,
3954,0.04041010127082491,0.09980615455309136,202.32621160518156,40.222604893490654,,
3955,0.04066015713975406,0.10145040996805539,203.79784898638655,37.86711308645081,,
3956,0.040132427964927636,0.09823445566911022,204.38586917217603,38.939017717208294,,
3957,0.04003950077727914,0.09667430530419739,203.33031621897766,38.27863272339256,,
3958,0.04276364614164106,0.10153348437046769,165.85590185317594,45.51250232866271,,
3959,0.04023576130268266,0.09788214041651819,193.93834002516536,41.49678728938195,,
3960,0.040129867864652474,0.09993903909687539,218.51678262681466,35.54660635305423,,
3961,0.040760409412608334,0.09926004788256408,182.55201005233587,42.613533987469026,,
3962,0.040995574725102506,0.09983060544102836,186.04521815444863,44.48269014418631,,
3963,0.040157859327621455,0.10058773893503202,224.3045465916724,35.913296991386986,,
3964,0.04027962097269348,0.10059517350575814,216.23755886687746,37.73486689916973,,
3965,0.04064190902865109,0.1004668007022147,198.4798563487049,40.422818829267364,,
3966,0.04089382222488917,0.09982740950084654,183.18547245909176,42.093513737450266,,
3967,0.04083897337625103,0.09902210068624746,175.54773845333915,42.49359020281499,,
3968,0.04083358204157398,0.10193343890341479,202.04894281570316,37.69852888942332,,
3969,0.04043756954775963,0.10022671445231421,205.45306745642733,39.941326125078945,,
3970,0.04018635668988099,0.10228457332540068,237.23498319890848,33.57300498326357,,
3971,0.04084095224251242,0.10313496850155524,213.38710389363095,36.003418868824994,,
3972,0.0421259190533403,0.10244093157351553,187.14591772657246,43.796703515847604,,
3973,0.040291415881108614,0.09995624468733334,207.60987424843603,38.14577624636673,,
3974,0.041340201801015046,0.10147605840555969,186.64299834020372,40.88026449827804,,
3975,0.04018235730287704,0.0977884429603296,194.75180369128458,40.13322633306087,,
3976,0.04011435702428613,0.09901774558358076,216.94105252964243,38.526344215101446,,
3977,0.0402775299372299,0.09963177398130055,204.92513363413477,38.331404812677015,,
3978,0.04108878564909943,0.10222775146331578,200.3822134369808,39.15905538513875,,
3979,0.04027313115863156,0.09870889449062184,199.99280300834465,40.90890985986965,,
3980,0.04077342743532386,0.10120345238015371,199.03140498269215,39.24349366477979,,
3981,0.04028672197394074,0.09825725308575707,194.564132624233,41.605954761593296,,
3982,0.040613395911877924,0.10073224058705638,202.05519760150753,39.88918102217588,,
3983,0.04025497341635846,0.10038875992495652,216.5232788748545,38.02536125699289,,
3984,0.040051113042534586,0.0959448189559235,193.13044212271768,39.71828355289982,,
3985,0.04004362809791995,0.10015047313883267,237.52622249250808,34.12534951982557,,
3986,0.040941194273675104,0.10074442961720162,192.6414446352521,41.661450667241006,,
3987,0.04095699450772096,0.10149291835710691,198.63825747591804,40.3770650202069,,
3988,0.04073835876753775,0.1011189236087977,200.5527491178355,39.631994376732024,,
3989,0.04025024472602341,0.0991565720550243,203.15303149203345,39.09949676959206,,
3990,0.04068059925430535,0.10184658570794827,209.24722468920157,38.22746800620478,,
3991,0.040353328775858836,0.10030771542811777,209.13678434832414,38.76092085190511,,
3992,0.04054183518505657,0.1002725611709224,197.85066047366593,39.26407704615619,,
3993,0.040088917140754486,0.09805478290951694,208.74743618865975,38.55116203525091,,
3994,0.04055286128045258,0.10154517220022699,208.14385902444678,36.965093667812084,,
3995,0.04036656767969841,0.09847499269210302,190.44428075549078,41.37000294871584,,
3996,0.0401368170741133,0.09951496481607751,217.62880654819048,37.665213693096895,,
3997,0.040703411681483545,0.100824605602679,198.41609452486196,39.72745246699562,,
3998,0.04070269969095304,0.10026263361808743,195.79032932063697,41.504251107086446,,
3999,0.04000278131927621,0.0970730810418718,229.1112605831124,32.8415730961606,,
4000,0.040629778176526556,0.09878880931635749,183.88576746136184,43.164195505971605,,
4001,0.04036172967971938,0.09736158705122686,182.25466953661186,43.732809522374076,,
4002,0.040373049034381596,0.10212901380380925,224.474606077183,35.89152524707007,,
4003,0.04027947851521737,0.09787370504043612,190.51664750256793,41.80333980279876,,
4004,0.04002514577074358,0.09962522604326361,237.81112535654333,33.69249449809898,,
4005,0.04015297568393066,0.10044218005830675,222.89195164743066,35.87868672778125,,
4006,0.04114426131658809,0.10062979272678821,185.47226922837174,42.301180642507,,
4007,0.04156568707445838,0.10086288079099327,182.87392560054923,44.863391588791636,,
4008,0.040063783867267534,0.09990815288161345,231.0789396639436,35.320318349850346,,
4009,0.04142585728800916,0.10205575899464622,192.70785503608957,41.13957736165309,,
4010,0.040065048774167555,0.09623429547372604,197.66122335830354,41.40238609468609,,
4011,0.04038725382349768,0.09835854463065209,189.1092747086447,41.99100407620065,,
4012,0.040469792101493846,0.10025208130015113,199.90390700587014,38.58484473796108,,
4013,0.04020870668590858,0.09713849033235931,188.01268800779894,41.98337678205278,,
4014,0.04013057060864309,0.09962998434263474,217.39933654361755,36.684951149770136,,
4015,0.04007175565438557,0.09950924500816817,225.27694756379725,35.948106842031294,,
4016,0.04037264774431977,0.10081509457273956,210.8764199880042,37.431167172518066,,
4017,0.040454992341004636,0.1006707888833309,205.04707313293392,38.04849821121346,,
4018,0.04031423241123021,0.09855181337537125,192.61822699467163,40.324263630584916,,
4019,0.04018600396329241,0.0987527809445301,202.29028477042746,38.29130572091898,,
4020,0.040451822842090715,0.10042824945223279,206.59726239985426,39.696095215940645,,
4021,0.04139745895079325,0.10248434906819238,198.38341426864224,40.770401447913926,,
4022,0.04016157237348903,0.09883623952410636,204.68465255194153,37.63096091527848,,
4023,0.0416022697259291,0.09942427749880925,167.4694305519001,46.739392145865935,,
4024,0.04030429413483696,0.09911269782197672,200.9698028933259,40.26837080554139,,
4025,0.04104912445933495,0.10010316588145064,183.06295095359877,42.81091777858635,,
4026,0.04012224136139298,0.09893802743799111,213.49087049806204,38.17066096342335,,
4027,0.04053878534661434,0.10141012720618359,210.1840715039026,38.059124879402475,,
4028,0.04015327115903721,0.10018215654329277,222.2939802548755,36.938650000173965,,
4029,0.040616152802421736,0.09996170404607534,192.16216240398535,40.17147069568729,,
4030,0.04037022571877394,0.1016855595749357,217.90053192155938,35.64138720326858,,
4031,0.040539478905299034,0.09950310713858898,191.58852559063322,40.72516557053454,,
4032,0.04029212912717565,0.09803535718828699,191.8455282303054,41.885925498397704,,
4033,0.04014678586473174,0.09937886073428644,213.5953747482549,37.423789527751396,,
4034,0.04269483291311499,0.10383705684240839,190.5561721004966,42.61032595280629,,
4035,0.04044732508174726,0.09785597933824017,183.09893987513655,43.730792817274505,,
4036,0.04046220345793098,0.10113997877597244,210.19766821250215,37.75983889418874,,
4037,0.04101526279475362,0.10067952145823994,192.65677760308523,42.973254001689746,,
4038,0.04011345186507253,0.09858095761723219,212.07148248022952,38.86209557026176,,
4039,0.04109114105201337,0.09901453577032672,173.13197296223782,45.09773245008845,,
4040,0.04074787407986943,0.09972709598543537,188.79629399940472,42.36104231510234,,
4041,0.04058786144867632,0.10006418901434207,197.23073827381305,40.941457004954515,,
4042,0.04044890253360447,0.10236238882217667,223.8700311540685,36.38015293009615,,
4043,0.04098538172952736,0.10114491865117062,198.15248092609562,42.26922053625653,,
4044,0.040302026229475776,0.09955976035947178,205.42976816382586,39.61431422707991,,
4045,0.04007523052821702,0.09719275282353475,201.5774567810618,39.08298823155598,,
4046,0.04099277184420147,0.09950849026654744,179.6507994491565,43.745498727947826,,
4047,0.040014575985943726,0.09783780680552796,225.5102523039575,35.20309759188066,,
4048,0.04013884503781897,0.0980356968125903,201.25952586159184,39.14523838092666,,
4049,0.04182479983252446,0.10278390225335447,194.45523163302246,42.12240896562306,,
4050,0.04043180684256787,0.09980367595879437,201.21808303998864,40.35749782137055,,
4051,0.041225627287550894,0.10263528017866087,203.0835886859754,39.78990237102739,,
4052,0.04126114641017339,0.1010916507624358,189.74190246967393,42.948292144859444,,
4053,0.04014126144515819,0.09781126899152993,201.7608882509003,40.534726548122265,,
4054,0.04044548597898622,0.10049835629507083,205.81295318259356,38.937133992765474,,
4055,0.040810680575287646,0.09923661809851461,182.10597923928086,43.34736919685829,,
4056,0.041577420930671495,0.09991052189136082,167.044007793348,43.995346033549886,,
4057,0.040385924871217935,0.1009093111603532,211.62166996568772,37.5772056017114,,
4058,0.04096495267092969,0.09973498910503385,178.76203471635117,41.96491658930881,,
4059,0.04006043433894277,0.10016450901429508,234.17574472860133,34.837718344155256,,
4060,0.040003525425931614,0.09597082797587131,217.22235774797932,34.93657293325009,,
4061,0.0402478223076769,0.09957046390783982,208.90402526864636,39.045513248634144,,
4062,0.04395410216467803,0.1030242036208633,170.05517996213143,47.30468627036495,,
4063,0.04047580892428233,0.10048788347284596,204.0183992561125,39.028760715851284,,
4064,0.04023644595066003,0.09936389532685208,204.88668336081724,38.22542344640702,,
4065,0.040770138255106066,0.10159824542873623,204.6045497315423,39.25108325549277,,
4066,0.041091410565538396,0.09969174359336204,177.23893078772974,43.27832495150874,,
4067,0.04021256125191568,0.09867372632075665,200.78703330181102,39.223798744971795,,
4068,0.040009722644211584,0.1001852572881673,248.99411940625754,30.216024035102894,,
4069,0.04041349767018189,0.09733007937387027,180.2311984562989,44.47105937888551,,
4070,0.04120583960792686,0.10299121591326568,210.6421009578384,40.50669927494611,,
4071,0.04229250509653959,0.10086839509701,169.03447192413472,46.34482709736615,,
4072,0.040668349928728295,0.09858230541627819,179.16158030775924,43.17309836533133,,
4073,0.04038924728019278,0.1017770996408193,219.16283232971546,36.12878966832553,,
4074,0.0400251415251316,0.09620366094454719,205.57705071242623,38.84889109528163,,
4075,0.04015211036063845,0.10007905796411624,218.03880497504974,35.877613553639364,,
4076,0.041865183419799785,0.10028204003449681,173.22211551821493,47.08060855347596,,
4077,0.04005060801064502,0.09769942755787259,210.67064914823234,37.37039445860359,,
4078,0.040683609284837025,0.10198757849618069,211.56185384151902,38.41417056701032,,
4079,0.04231720707641226,0.10276354220688035,186.87513981607947,43.677431066577896,,
4080,0.04064323246383704,0.10191567121747724,209.52682757483475,37.34400601189315,,
4081,0.04069975569456143,0.10029768736209677,192.238730025129,40.03253737356203,,
4082,0.04003210897780735,0.09951715192446413,233.73174559870182,34.10247133513039,,
4083,0.040815071931257906,0.10132481167636714,199.07071363792866,39.31079405803018,,
4084,0.04036290682227364,0.10308773249286403,232.13990795072445,33.700220452251386,,
4085,0.04116996037596409,0.10104622144379727,189.05875258316738,41.8637804202344,,
4086,0.04329470452396317,0.10139017495305583,155.8489320086625,46.220446354907835,,
4087,0.04066225812968808,0.09918607746732427,181.06109804430815,40.82089795849405,,
4088,0.04057458878397537,0.09953950372014438,191.76149323965618,41.29517362774573,,
4089,0.04061472152785291,0.0979009604454004,173.98060825031973,43.686401583319935,,
4090,0.04097550915766042,0.10038771431042925,188.3344107962616,42.33117572682979,,
4091,0.04045095948056593,0.09790100187984076,185.24623868111297,44.35319225805655,,
4092,0.04035231380492121,0.1006374457819332,214.01818496833192,38.86304899550507,,
4093,0.04204616588595516,0.10204589069146448,182.52470239197913,43.410082886631585,,
4094,0.04035102048268658,0.0991474715658616,197.21094059863395,40.09654064240701,,
4095,0.04001238540786903,0.09636740742424428,211.64916443877675,36.62659150690783,,
4096,0.04057821597983171,0.09892733752151711,187.43432731587146,42.795096466496474,,
4097,0.040230791068348794,0.09863706838650099,197.54404434408698,38.94178350297941,,
4098,0.040286998832241065,0.09874695165371672,199.65281117196585,41.044164447097316,,
4099,0.04025191462471635,0.09960892588201295,206.46272737544174,38.13904147969751,,
4100,0.04080899004301744,0.10151100905727549,200.22422018278291,38.72613515836976,,
4101,0.04070263876899397,0.0983181024548196,179.02137775050647,44.98121413878696,,
4102,0.04103521140761581,0.10176799325906792,198.79973413380708,40.1411775314375,,
4103,0.04060718589619495,0.09887250927454426,186.75901609198942,43.36332293325979,,
4104,0.04179312587135565,0.09936196707369632,159.4915197782826,46.03039079106222,,
4105,0.04056590144668802,0.10119188737536398,206.78564126621467,38.44631897998799,,
4106,0.040576189943493136,0.10011392362617845,199.47350580546322,41.2716466496168,,
4107,0.040703205106766956,0.10089696986761956,203.05185971376267,41.010158427515066,,
4108,0.04013270810659315,0.09743184387198696,196.3069127897543,39.98163073301745,,
4109,0.04005284545499938,0.09675160087321143,198.43781181117376,37.894170620872195,,
4110,0.040754655253517985,0.10038909510182566,194.3535541445242,41.23158806670727,,
4111,0.04269541832408885,0.10248663560322784,177.38689445060697,44.49220541613192,,
4112,0.040354063599868845,0.10006470028336695,203.5189206459117,37.972408369786976,,
4113,0.04294974463321939,0.10215294612748801,171.6576453444631,45.851862045693885,,
4114,0.04089453638649073,0.10065150514192621,192.65337967518786,41.462860066375136,,
4115,0.04054981688972672,0.10101748878031815,202.80270877752835,37.570147829787636,,
4116,0.04013347248559671,0.09892144001311,206.94899006464593,36.58194102360181,,
4117,0.04031090238003463,0.09952167335906528,208.62915404275253,41.19057951990712,,
4118,0.04158412503946017,0.10004219583692768,169.11739854488457,44.15700849256495,,
4119,0.04180955816295616,0.09873220700537294,159.04664431850563,49.06587980099992,,
4120,0.04113791397538796,0.10195210128224894,196.60137091235575,39.7623982782933,,
4121,0.040333753899594926,0.09717776264072633,181.6698028429417,43.65627867573653,,
4122,0.04057798226579374,0.10270901327261919,217.3135136204369,35.06252268644949,,
4123,0.04007360416108786,0.09969360643737118,224.46954583473666,34.93628238585572,,
4124,0.04003859011803716,0.09706729986789614,209.6878351839676,38.48955726079943,,
4125,0.04229445310446257,0.10257010573220986,185.94299186737402,44.104623180552906,,
4126,0.04026545346762224,0.1003833303102102,216.57397378272205,38.41953810844924,,
4127,0.04037297665456542,0.09947659969566092,202.2002254900335,40.84515328246673,,
4128,0.040597385996869094,0.10234130801532652,214.98651298022952,36.38284349177641,,
4129,0.04022883254484697,0.09813229852126464,194.20274157710918,40.12993088188199,,
4130,0.04025896801719315,0.10097876829030918,221.43534214924566,37.04263069433675,,
4131,0.04014379583708798,0.09612095521605478,184.1582257313459,42.6229793014131,,
4132,0.04028723819667593,0.10005790012526185,209.90334097590795,38.33471523838073,,
4133,0.04012143961158354,0.10018176955964685,223.54510521222247,35.66185548196223,,
4134,0.04033035277107851,0.09957519734757851,202.50382512431835,39.3292347604679,,
4135,0.04018063991586172,0.09965137362949612,209.4762874358897,36.25320130872713,,
4136,0.040271148690728634,0.0987197019729011,197.1971668134132,39.80613803943559,,
4137,0.041060568345265135,0.10033803627878707,185.6380304123502,42.73082338692966,,
4138,0.04006766103071189,0.09906927588186426,221.90015224177128,36.50704153904015,,
4139,0.04149187527258437,0.1000203474236604,173.59183870582083,44.91421462009913,,
4140,0.040127167624943054,0.09929697103634007,214.58964638301913,37.10997318240155,,
4141,0.04027824518937233,0.09727686376141159,186.93343107916778,43.383457764456715,,
4142,0.04118206937104978,0.09902103929983143,171.6872820713426,45.66294547872765,,
4143,0.040917354668979534,0.10245517732832804,209.8235147218522,39.128464924981934,,
4144,0.04002585204610584,0.09821251563852912,225.87685494911625,36.45469856384027,,
4145,0.04097008558308506,0.09957396373657525,181.30907262101417,43.71094015395869,,
4146,0.0404962782252479,0.0991338861503683,186.30313401872098,39.75809610613236,,
4147,0.042427475969787166,0.10306812313213747,186.8985750220602,43.06450385990334,,
4148,0.04018548420554947,0.09917820759467261,210.17341802538925,38.99520979788896,,
4149,0.040374579221925055,0.10053988613308619,203.9506227364702,36.36674348573987,,
4150,0.041271713486066876,0.1009659650330418,187.488252248784,42.88030623991346,,
4151,0.040475236606473765,0.09962294129375923,194.6650830344898,39.89490205227407,,
4152,0.04103209824386271,0.10241282876072158,208.65041554655843,40.461291250090916,,
4153,0.04037158311437887,0.09871216186355641,194.21886486085276,41.68628364640146,,
4154,0.040877212744451115,0.10198929999204985,205.96518532085562,39.4488101482221,,
4155,0.04015887217090021,0.09706774171374837,198.11454056773883,43.7278346855686,,
4156,0.04028266525917154,0.10029826452439869,214.50315671720114,38.65350434279218,,
4157,0.04007982381175854,0.0980956555955186,208.8850631586225,37.68589526267881,,
4158,0.04107101427722913,0.1006815306815505,189.1453039385737,42.44122213987429,,
4159,0.04083013304590476,0.09873852813621768,178.14220025607221,44.647734776600906,,
4160,0.04111861721202451,0.10183392543201009,196.5459579576669,40.077971162815125,,
4161,0.040248494499235885,0.10097293736039276,219.88327903364916,36.166795564953304,,
4162,0.04016609744275713,0.09988611933143449,214.41183943243954,36.203925330939015,,
4163,0.040249406218482886,0.10170203175639148,228.10877012821067,35.57804976777382,,
4164,0.0405130400814849,0.09983536469413015,200.30959490308865,41.66103008984579,,
4165,0.040334084294613486,0.10001759395155004,206.511773070898,38.710487437707314,,
4166,0.040194995265659096,0.097712907853659,194.55964914121162,40.96582725826899,,
4167,0.040743085310201814,0.101540327962865,207.9712432600571,40.28970207873627,,
4168,0.0402859374116286,0.10066073006390651,216.34508440223118,37.654654675218836,,
4169,0.04001685876351633,0.0967028523547653,215.16924727546586,37.7588480979395,,
4170,0.04012171687458185,0.0998634789236573,218.011390970261,35.26346568816105,,
4171,0.040011722217850605,0.09862507425376442,231.27890816710018,32.38224323203242,,
4172,0.04019009501018674,0.0987458322762173,201.64296827443547,38.27019091324803,,
4173,0.040997983375463495,0.102235529048629,201.72787151604757,38.428882161637844,,
4174,0.04039876902408816,0.10047445778031665,205.82604686740828,37.95268579955495,,
4175,0.04161382501063564,0.10115879304558088,178.37129657983493,42.31880434168657,,
4176,0.04129513068881302,0.10288671889928787,202.10785043226016,39.022442444990816,,
4177,0.040293029306628085,0.09978424289318766,204.61066627511582,37.96803985410561,,
4178,0.0411141868084976,0.10269530872782824,203.1013517510774,38.174787874947235,,
4179,0.04077895428281323,0.1007405223783522,193.22522712271874,39.517588808069206,,
4180,0.04020450569317526,0.09783244078478351,192.6429236631371,40.09805587281899,,
4181,0.040061817429282075,0.09833538732359506,214.37894479078147,36.8305101142487,,
4182,0.04017174607539231,0.09934613661522644,206.44927617210234,36.26321643729695,,
4183,0.040019135265123476,0.10019172188791596,242.7576634142483,31.277429383047433,,
4184,0.04045108685963856,0.1002274517717112,207.0026867492272,40.79272250284276,,
4185,0.040243815768227394,0.10051775063058793,214.87462193975603,36.435943461882225,,
4186,0.0407937557223693,0.10236747193929256,209.8239219039242,37.74281741654006,,
4187,0.04080897207107572,0.09906425535226662,181.99798413019832,44.11612996773122,,
4188,0.04033237176508751,0.09876288217269173,195.98193924459775,41.00927676826961,,
4189,0.040034175874818036,0.09794689813724164,218.2288425766471,36.56627868298309,,
4190,0.04189099519329341,0.10043421982278515,167.8611041994846,44.682958582669826,,
4191,0.040266282228048435,0.10044877766161395,213.33971494414953,36.98933456191013,,
4192,0.04044782833415944,0.09821782625811441,185.81174770244817,42.95117196250809,,
4193,0.04009703499636961,0.10100804529706316,232.98291451135205,33.42632674639057,,
4194,0.04021855556283787,0.09828154263036991,196.80114991560868,39.94213087332753,,
4195,0.04066304130510515,0.0995606627728949,192.17434275806212,42.94607416176035,,
4196,0.04032616839677984,0.10282131730257903,227.6546749067484,32.40207074365079,,
4197,0.04096016471588649,0.10011975617358161,189.7104499000357,43.90432560308746,,
4198,0.042267922763773835,0.10345331458588708,190.85915893018503,41.36262907537437,,
4199,0.04036916305399026,0.1014562655020225,217.35896286540296,36.53056311583781,,
4200,0.040287340023179095,0.09882928423639323,197.68518482356473,39.96268154494008,,
4201,0.04217376847573835,0.10203315027641253,178.06057939788397,42.95259337975656,,
4202,0.0418266655678472,0.09912018464651919,159.6897581173764,47.57330705364895,,
4203,0.04084954446682946,0.10029771292944693,188.4714128481554,41.046642132855624,,
4204,0.040172746714254456,0.1001542960157308,218.9591040451306,36.818171871018485,,
4205,0.040102846952313524,0.09788284269053786,204.84708276302894,38.99839253630227,,
4206,0.04007070995889272,0.09744729613448923,207.81055341425534,39.653121301986054,,
4207,0.040536979376192675,0.0984264756825651,182.64095180484753,42.71980360462376,,
4208,0.04085581168483159,0.0996152755952771,182.09121139429712,42.184410391732065,,
4209,0.04095362001821276,0.10215603031052489,203.89495767480884,38.98217528518987,,
4210,0.04102893114083189,0.10069607503714238,186.749219309778,40.98675694288209,,
4211,0.040200744306574235,0.09901475849716165,207.3799577435497,39.43469013877758,,
4212,0.042279000926537635,0.10042341295121981,169.10250336816244,48.41229385644144,,
4213,0.04248217015317106,0.10085584839533482,167.69285826897024,47.38948830835598,,
4214,0.040218267992183476,0.10070519392378136,218.6014785650483,35.91371502531494,,
4215,0.04078574959584622,0.10068784176552233,194.02911804860216,40.16120948446105,,
4216,0.04085962074844322,0.09931163999861377,183.7656694008079,44.29790538279963,,
4217,0.04128305551176568,0.10046949246016061,182.37296699378822,43.60213191588178,,
4218,0.04031183441616395,0.09926501222659072,198.84578711769691,39.00581921335982,,
4219,0.040546072963486356,0.10058781217659665,197.09468996235444,37.55817544054129,,
4220,0.040069646389647634,0.10147926335853481,241.13140744466736,31.8331957406385,,
4221,0.04195011781649234,0.10288915117294435,190.08384453025482,41.18149484766086,,
4222,0.04038563325510325,0.09815605222644512,186.52522349072544,42.01679934529273,,
4223,0.041229667786503554,0.1010332855699921,188.19681111219992,42.32383891881784,,
4224,0.04011900045080742,0.09913326261185562,213.3800575418512,36.99533342001162,,
4225,0.040723143888826696,0.0997058858738025,187.1836255854242,41.49468422801486,,
4226,0.04037414155174249,0.09965306037815165,206.10970017524787,41.402074669506085,,
4227,0.04091512871260168,0.10093489422285679,193.46074321491537,40.66887067897136,,
4228,0.040519977498742865,0.09986157294677814,196.8386443388057,40.452127837036066,,
4229,0.040142260835272496,0.09719802573037507,193.3047343098148,40.56634418016767,,
4230,0.04054467396589295,0.09998770571482343,195.9154620610147,40.01382962256645,,
4231,0.04063293445032336,0.10197710640875858,211.8485183753151,37.68329068582863,,
4232,0.04150609921088953,0.10082399318456503,180.66586240439273,43.67276393215813,,
4233,0.04191091592181328,0.10175687046622245,181.32167226251798,43.21788382470036,,
4234,0.040133822572553296,0.10091097203572681,227.1494766511595,34.116650072172625,,
4235,0.04069053554356935,0.10176064899810836,209.95489313485683,39.06073861009105,,
4236,0.040513511106703544,0.10126559284446231,208.54724843734633,37.66728595242815,,
4237,0.040087387394766576,0.0994871368621117,220.16286022537494,35.54241129725409,,
4238,0.04012906730609315,0.09995912615891793,218.96583746736374,35.56288166863188,,
4239,0.04225682430622939,0.10200293618776603,176.37097898245884,43.169823849234476,,
4240,0.04027604093133899,0.0998747606160443,206.9912857990569,37.83892323909078,,
4241,0.040284877463735665,0.09797136502544483,189.56792313200796,41.16672560323529,,
4242,0.041131468906641135,0.09950088356180814,175.16502944273705,43.963030674592346,,
4243,0.040230569185683934,0.0974450858082148,189.26055291661942,41.769881951134835,,
4244,0.04114018607091742,0.1022602736229825,201.3181224846773,39.96540683105885,,
4245,0.04105188114547942,0.09900227511665648,177.07874983193472,46.05360039859762,,
4246,0.04038412754047617,0.10056040828404329,209.48597900670916,38.464035822804846,,
4247,0.040080310177045095,0.09875199154101581,214.45384535553174,36.51969421544663,,
4248,0.041333949175287356,0.09795737485268784,157.530145857719,47.539548112011495,,
4249,0.04257672203267375,0.10263166537347146,179.19970250785906,43.57160196073287,,
4250,0.04037644886029126,0.09931045994059014,198.00550018196375,40.256935474040844,,
4251,0.04018000192115137,0.0987956389224438,203.99901041803057,38.42704445356878,,
4252,0.040635785628904235,0.0988734858532136,182.160316108939,42.25366291813106,,
4253,0.04028860649838132,0.10106910839707382,219.18184113902365,36.7654982695816,,
4254,0.041365118942084715,0.10192318344791092,191.83715319940436,40.82415873440596,,
4255,0.042002834239645376,0.10257948284795676,188.35078401507408,42.52008727536616,,
4256,0.04009617551617953,0.09745019490495424,204.01147318242533,40.33252607064594,,
4257,0.041689492686927704,0.099791188985898,167.85560381647576,45.94342356992644,,
4258,0.04307308899754379,0.10403088701130926,189.4019187959631,43.865376242858446,,
4259,0.040053003529794656,0.09901653665233909,221.6448953135965,35.157990171391766,,
4260,0.04023806456284419,0.09854088915474235,196.96943838014195,39.465971941702136,,
4261,0.040631591583282035,0.10190437481646777,210.48027604297874,37.527870697059235,,
4262,0.040242845419866995,0.09955485001796088,207.2498554314592,38.36371713312122,,
4263,0.04011834723068272,0.09845365312852318,206.84208298896624,37.93252190605902,,
4264,0.042946159174578016,0.10198578987262329,169.73742644672004,45.9576144022829,,
4265,0.04137566999141029,0.09847833553674548,161.8123272849269,46.987478532771426,,
4266,0.040555070176316356,0.10182300214116972,216.96133601094655,38.777324839846855,,
4267,0.04077272011238815,0.0982304820488671,172.8761406504053,44.367296223319954,,
4268,0.04071976045521194,0.09992359166636791,188.58538801331795,40.882054347900535,,
4269,0.04066663708747942,0.10323527768030742,221.4780575771556,35.59434591710787,,
4270,0.040419717887808564,0.10029374629221725,204.41715603714516,38.83459099762449,,
4271,0.04026271479771036,0.10011687527052923,210.7899674505622,37.57548980568617,,
4272,0.040127044486758745,0.0991404999539515,210.05812009359178,36.25993315203836,,
4273,0.04023048857922532,0.09793002150237343,195.03431673291496,41.46128664556237,,
4274,0.04035185039741365,0.09937590404511212,201.0001987530573,40.35225835963312,,
4275,0.04025013034203627,0.10097505689379617,219.9906548134911,36.25081592859199,,
4276,0.04063051668934199,0.10173256371929382,209.52122605073114,38.000314362424575,,
4277,0.04051341076028929,0.10127659814350529,210.96356551598439,38.46466647798174,,
4278,0.040532514062781695,0.10093124944281891,202.9508983501955,37.69491923866451,,
4279,0.04026654935718863,0.1012009414996146,218.59918496712064,35.219854714322864,,
4280,0.040373681932139666,0.09997802467676785,203.95753295871953,39.06075436402872,,
4281,0.043185535549090916,0.10238108642470284,170.34575242789438,45.84815770893923,,
4282,0.04030953840131226,0.10072716119436695,214.96072691714593,37.56027292106007,,
4283,0.04017615039682119,0.09803775513705518,201.36069253871503,40.987453205655406,,
4284,0.04009056513249783,0.10045005205888052,229.8730637870096,34.55629336732909,,
4285,0.04065877073552445,0.10091874021106408,201.98587327048654,39.77241024186251,,
4286,0.040025464331642634,0.09626093900137059,204.59686958431013,38.29425911730318,,
4287,0.04039072917821672,0.09852806426242934,192.23658745328913,42.362442780373975,,
4288,0.04042811395955443,0.10133532467327346,211.56933276087244,36.52368450174921,,
4289,0.040060456428232534,0.09797723467748813,208.835377069188,36.4662763719281,,
4290,0.040022720152051,0.09858125333975806,222.81111872799283,32.90793984544642,,
4291,0.04100178038172646,0.10093673192039718,196.01098775161773,42.73697060806478,,
4292,0.0420152980033296,0.09985546114235037,165.40362066549235,47.69041822149727,,
4293,0.0412615376420924,0.10242077133693386,202.94371716301342,41.18944568475888,,
4294,0.04139054919088362,0.10053102037765274,182.37894582370814,44.4867971919812,,
4295,0.0416166958664614,0.1009810854794167,178.44487111039774,43.231351477212584,,
4296,0.04078008744937175,0.09916205214932826,179.55993957568623,42.33971351413803,,
4297,0.04139328600617248,0.1030337390005302,202.33170395191613,39.46462965520923,,
4298,0.04107700356240947,0.1017328543105625,197.4930105491483,40.38284069816641,,
4299,0.04063158212480925,0.10147667826135819,205.06653132001804,37.68383778145616,,
4300,0.040980901513486774,0.10146480253364781,198.23673283258896,40.69357847324453,,
4301,0.041726651967623596,0.10016426327719154,171.43804437077358,45.75493164074993,,
4302,0.040254656817339717,0.09855967452345248,198.27038395620139,40.41119721285364,,
4303,0.04006437544130296,0.09810320787296233,216.65047941023565,39.00773565032502,,
4304,0.0406108802866113,0.09648464484748842,162.92429002539416,46.55784921790974,,
4305,0.040599814076796366,0.09855681933313606,185.42169300994874,44.28057669805893,,
4306,0.04000824907892974,0.09745504603716772,226.42019154708316,34.68662137872947,,
4307,0.040333269102221035,0.09965552161681197,202.17896919993993,38.90822940483529,,
4308,0.041185469761065366,0.10030493710808248,184.83585539755404,44.13965673394524,,
4309,0.04045437541118096,0.10046336496477591,202.96419474693815,38.301869784488126,,
4310,0.04119249075493593,0.10018170370816322,183.40477194802233,44.313073607550706,,
4311,0.0408586986678701,0.09961043543616403,184.60797402508308,43.13803092690526,,
4312,0.04016267129836378,0.09997064436941983,219.53514925766441,37.442369557062385,,
4313,0.04010492567283423,0.0991245427117545,218.948634334723,38.1139174485341,,
4314,0.0405172168296557,0.1012437835941177,204.71644485795574,36.49714560445745,,
4315,0.04167287808586892,0.10140763841217933,184.97327401267822,44.01563572695669,,
4316,0.04078528058746201,0.10274554315809276,216.0340666988838,37.97676336813523,,
4317,0.04032574889802474,0.10118841373403781,218.70774601341438,37.122585243338484,,
4318,0.0427028507359075,0.10276072633571082,178.86425537288414,43.742295847441966,,
4319,0.04030469541390077,0.10005850662797912,207.64423424669658,38.06576065491272,,
4320,0.04056791091498585,0.09800599766659865,177.90829036410236,43.688114371921934,,
4321,0.04228272966166276,0.10145549337827708,172.6152952511494,44.69472357825115,,
4322,0.04032981526037391,0.0981169285837243,190.34892588415636,42.07081694913924,,
4323,0.04027586812538627,0.10136355023344863,223.16213630762547,36.3463012184226,,
4324,0.042449943470917774,0.10050732122629916,164.60224044619832,47.74003896790432,,
4325,0.040162453812792646,0.09910886951496954,213.78973129180534,39.568432239378744,,
4326,0.04070070325091098,0.10029925389622607,195.84642784751813,41.31381051152597,,
4327,0.04004181565960399,0.09938703872060414,228.03356098413698,34.217341573320965,,
4328,0.04002006629317399,0.09797860205968126,223.28490894058837,35.342347322732394,,
4329,0.04069013952267372,0.10114069123307214,204.39736362454371,40.0883776317368,,
4330,0.04173420681202518,0.10050720613418229,170.86205640730972,43.96532175702866,,
4331,0.040191477801657126,0.10017699636675012,214.5087253802643,35.95336957701198,,
4332,0.04084587334657312,0.10220760972407072,207.5062450222995,38.48152121410061,,
4333,0.0414661592158326,0.10167475809308914,191.54023229976292,42.98932351161811,,
4334,0.040578557713943,0.10102550024777726,206.34463756779542,39.33693742452858,,
4335,0.04046851180228558,0.09961421941311177,196.31163772741255,40.37102646098512,,
4336,0.040435007575842584,0.10102623190558162,209.59326957204274,37.480187526812735,,
4337,0.04029512048005227,0.0997117059970201,206.6211010392725,39.09181342388835,,
4338,0.04006649961186191,0.09853358774148692,216.18430677531694,36.96860068393746,,
4339,0.040382827987254635,0.10162384486293426,218.62154562185063,36.516728650324694,,
4340,0.040731752671790675,0.09928466820721663,185.08888137320028,42.93085049466583,,
4341,0.040397394018673136,0.10009673456536915,205.66789436727169,39.688009013741706,,
4342,0.04038539353769923,0.101920678477407,221.26655174336372,36.0806641313363,,
4343,0.04026740659325401,0.09909420885023239,203.62751335097673,40.143804546204876,,
4344,0.04066874841796173,0.09665529696991189,162.98491222333828,46.78227504733429,,
4345,0.040918214283936064,0.0991128874396989,177.7948373653636,43.98722312156111,,
4346,0.04004709049496315,0.09811953603271213,214.71061382766212,36.33651517986204,,
4347,0.04035868413575218,0.0979009572189206,189.70825479733026,43.676414364065266,,
4348,0.040555492625516464,0.09911007027162279,189.19848780566196,42.0968067085176,,
4349,0.040194160216600175,0.10021419795114427,219.39945671918835,37.611165842402414,,
4350,0.04023468046260915,0.10067560611355553,219.414269825248,36.950625248544036,,
4351,0.041550915151418545,0.10061272841247557,180.53410575440145,45.09913935336799,,
4352,0.04007827984607288,0.0974526177108793,206.51693829377842,39.8291589981098,,
4353,0.0407064251999565,0.09930539819298659,185.3452708851256,42.50550115626906,,
4354,0.040048593297038464,0.0984269123415244,219.85771509939025,36.85428223217657,,
4355,0.04183049816264078,0.10267275637459221,188.4148859434096,40.57948854371965,,
4356,0.04027028322746415,0.09868199838270758,196.2106858661808,39.612130220195006,,
4357,0.04045008844813291,0.09993811980045972,198.25424049858427,39.08112193354009,,
4358,0.04025487994894502,0.1015290711054131,222.4338185516406,34.59833073996483,,
4359,0.04013206112846927,0.09693018812740481,194.10703952881985,41.59330082905585,,
4360,0.040982507104333585,0.10155815346862725,197.40032117080685,39.968879070454385,,
4361,0.04059610500650665,0.1018251092592548,212.61918155365856,38.017704215952435,,
4362,0.040933491471889585,0.10140712523953699,200.04104954277088,40.96451374228408,,
4363,0.04048309576306646,0.10050445780821073,202.7680905431369,38.66505405478545,,
4364,0.0400530162899097,0.09902601010133848,223.81480808973703,35.87935287531201,,
4365,0.04013909406850423,0.09820682203419555,205.67058801849214,39.88822429393628,,
4366,0.04021588952882122,0.09979432508640533,208.66962251127356,36.71929351305574,,
4367,0.0405930238941452,0.10010636076632655,201.1914304805389,42.232028845501574,,
4368,0.04050374958175856,0.10085489978959682,206.06387563420535,38.57265783686304,,
4369,0.04128427957120321,0.10355878162760308,212.01048581148473,39.14779850112446,,
4370,0.04249697098281703,0.10289958255652443,183.43271107443184,43.17996574223022,,
4371,0.040457815617999666,0.10154101178751201,214.62472558170856,37.28672563799025,,
4372,0.041214278729297255,0.10142435180485047,190.9355608299975,41.222039346645694,,
4373,0.0402729695966012,0.09901620665062888,199.40153741765894,39.21027528291158,,
4374,0.0423225718124265,0.10174390898704151,174.92620778454608,44.429451792586484,,
4375,0.04040148331458177,0.1017171501847165,216.76047205194996,35.87348556427842,,
4376,0.04037520629719005,0.10014734351927335,206.231457186302,39.084252368821154,,
4377,0.04009123843002514,0.09858580974316754,213.45613371293507,37.82054319425997,,
4378,0.04056789874845549,0.10028555294758623,200.18487857141477,40.534646676793585,,
4379,0.04019246037895573,0.09656575392878966,184.5412677073481,42.867982395285395,,
4380,0.04204610836655056,0.10154582754663312,183.09600151337986,46.027260755653685,,
4381,0.04051477003499986,0.0988537647615099,187.23213301156446,41.8248043526255,,
4382,0.04142768045909022,0.09997802076975713,173.7952777265722,44.52395240193023,,
4383,0.041689367421128144,0.10301373952522454,199.39574591813098,41.50162570818202,,
4384,0.040870927546406144,0.10067309696253192,192.9774242316797,41.13458664830049,,
4385,0.0400033034233517,0.09871007451390051,241.3676251728057,29.954687777582542,,Ambient RH low
4386,0.04063610900940907,0.09941983448691788,189.6245918636584,42.253568761252765,,
4387,0.04193650150747373,0.09953318728244533,160.0853712668036,46.692226438156524,,
4388,0.04086435034679083,0.10058025070218275,190.47613758558117,40.6052572592807,,
4389,0.04002891207168699,0.09728835502925284,212.6667960279798,36.862048269777645,,
4390,0.041904760333613934,0.10164732309013068,180.44048361029036,43.3820693401289,,
4391,0.041622648919292085,0.10043081994139404,174.69295112146136,44.624008657324566,,
4392,0.04259299887577507,0.10299360158059906,185.09368854653448,44.0218919563034,,
4393,0.04030213421262481,0.09914127585328525,203.95451315453988,41.11891560238736,,
4394,0.04038226529112817,0.09948361972220236,199.89189691322474,40.23410832857309,,
4395,0.04093933846327032,0.10002537896639638,184.95210892673884,42.396793158630196,,
4396,0.0424412153981943,0.10052025047653212,162.08043717096047,46.721635614784454,,
4397,0.040024384732891154,0.09718403197790658,215.77765284409335,37.5492901672593,,
4398,0.040439710054595984,0.10029598396833551,202.57886602712358,38.64169280739456,,
4399,0.04147268419653842,0.10110172647815586,183.69409704126772,43.056823931412865,,
4400,0.04010736471535622,0.10060638824255655,227.6764726871842,34.1943776519399,,
4401,0.04078543960198567,0.09837652539504653,174.05718569523356,44.27632330726381,,
4402,0.040367111671955315,0.09633916705448484,172.47576721449934,45.3631408468546,,
4403,0.040225461649983744,0.09818718641135839,196.3693171999749,40.50484302026434,,
4404,0.04059163976809307,0.10027608041120235,196.71596592305255,39.80692308818485,,
4405,0.04094053350899762,0.10218692172399721,204.1172924683182,38.73228525387478,,
4406,0.04003251489592396,0.0972516916066655,208.94869681695747,36.37284322926639,,
4407,0.040928223467170004,0.10075910586934783,192.69295270904345,41.429683468587996,,
4408,0.04017754872255429,0.09808807125230996,199.94636025157493,40.307465211742695,,
4409,0.04020014749611749,0.10089368794033904,224.34546262603374,36.318861886723944,,
4410,0.04071229033980441,0.10033826912280251,199.75692991889025,42.69757917652371,,
4411,0.040192577448064336,0.10037883237431729,216.82284058153706,35.84072003242597,,
4412,0.04009968160354848,0.09691518587225016,200.7093050786025,41.99771923995542,,
4413,0.04059149059277243,0.10018482184112602,199.38984481610862,41.18855594197566,,
4414,0.04040847110544296,0.10179892898321341,217.0902946118816,35.76473721721141,,
4415,0.040154755274153124,0.09778033727496269,200.17395808400957,40.8111152916031,,
4416,0.04035391288863242,0.10200883469715429,223.6701000157982,35.685768614445145,,
4417,0.04140230897151544,0.10224661575675985,193.81803231677605,40.359771892597244,,
4418,0.042248109625771364,0.10221139085880653,182.04720259306015,44.0962523776344,,
4419,0.04174840868197088,0.10361497521378431,199.76042836794127,39.27926391653157,,
4420,0.04112724913235586,0.10163873961889955,195.45619076781307,40.74230243102099,,
4421,0.04089899603611493,0.10078625393669044,196.13319063804113,42.10294746847925,,
4422,0.04070542302766034,0.10193607412532582,208.1074295896408,37.81050263954332,,
4423,0.04223276931731239,0.10298228159001098,190.58849615818667,43.26311526438012,,
4424,0.04043430961049126,0.10081491750819964,206.26827884016754,37.31174640968598,,
4425,0.040534672374768016,0.10028313195916531,203.5543226339083,41.08259561256604,,
4426,0.04002157177384088,0.10053868250188189,246.12676191261596,31.407090142792093,,
4427,0.04001649873055858,0.09907458992056398,233.9793847004949,32.829111141885605,,
4428,0.04000749980279906,0.09871306020151871,236.9964402318833,31.910060256907062,,
4429,0.04117161352677184,0.10119683752652722,189.8392727639825,41.431219510535406,,
4430,0.040383778691944414,0.0985178148675633,191.43798799877737,41.95567236683176,,
4431,0.04027708465065776,0.10104097445727625,219.89056860997255,36.78930836308004,,
4432,0.04041372880326339,0.09956480343643971,196.48788733174177,39.4157857571893,,
4433,0.042218473507303685,0.10362795218843142,194.54487064096972,41.42502697116232,,
4434,0.04065387464441247,0.10075109786006364,203.92357410553615,41.180695055219225,,
4435,0.04002377549851287,0.09812203436282226,221.40288233869921,34.868459498882466,,
4436,0.0411541074646634,0.10198325399523189,199.87939148164014,40.964514559488656,,
4437,0.04073197715694922,0.09877883248558574,183.51383684877572,44.822685159436766,,
4438,0.040183646654245134,0.09906234192082036,209.13477462898686,39.109393038547374,,
4439,0.0422757641707428,0.10192192186914342,177.95336459095165,44.2697292710055,,
4440,0.04012016919323082,0.10066015985116479,229.07173868819012,35.225084336502775,,
4441,0.041647119133018703,0.10081746035818294,175.8283443754665,43.39333422786626,,
4442,0.040249019066997745,0.09846953760527487,199.47466610127628,41.07878318959995,,
4443,0.04130906237653946,0.10164692358508656,192.50659393773802,41.780086475828085,,
4444,0.04027388114955148,0.1003789478613551,215.00456388189716,38.16119464661258,,
4445,0.04051023288755624,0.10391386878235626,230.5079710466034,32.553359187648525,,
4446,0.040369974265295525,0.0990681666868546,198.32551063017266,41.373653311880226,,
4447,0.04263901489378358,0.10435683331615685,196.30838489190364,41.72733156099839,,
4448,0.040223032468033694,0.10147701325821377,227.74436501550713,35.59043368956487,,
4449,0.040049747709782625,0.09797067365941838,214.20026604393107,37.20254219569201,,
4450,0.04082044536681888,0.10198921342249545,202.31558539221942,37.326663442385104,,
4451,0.04035803146517088,0.09815316046830615,191.04795900974597,42.91330280186381,,
4452,0.04024867783370107,0.10135746504767497,223.06634563927142,35.43844476843163,,
4453,0.04048268310690915,0.10198680240390404,218.84297393410966,37.166360021264495,,
4454,0.041476360667217396,0.10341535422567412,203.03857760652832,38.742274669398874,,
4455,0.04002418056063402,0.10041123542341521,243.92224670171805,31.84353588972611,,
4456,0.04154966200822804,0.10163797094220667,186.51074569575636,42.2420291329241,,
4457,0.04302698559779366,0.10297766755860818,177.8544167486313,44.573117576931566,,
4458,0.04058956747518173,0.09844988474645372,179.89621536799163,42.65640237735164,,
4459,0.04055871170208832,0.09917081936576459,189.7211543774377,42.05049446499634,,
4460,0.04010351760950308,0.10045199024801267,228.79526081333395,35.08089331050191,,
4461,0.0411670513566428,0.0994478815124677,173.93354358647082,44.21436887538077,,
4462,0.04059447142828759,0.09952283586925438,192.82942525814713,42.127758551748215,,
4463,0.04069824666825406,0.10096483077097046,197.64624855181467,38.69206980780746,,
4464,0.04046747726274257,0.10093208815141161,205.76059591203438,37.31510907403713,,
4465,0.040946287643721206,0.09841818953591043,168.7438233603981,44.538108420880306,,
4466,0.040033431310038184,0.09957304646334561,231.80193494471905,33.37579649459988,,
4467,0.04098281934724278,0.10018687868791643,185.75236133635696,42.48831394470802,,
4468,0.04037245543491419,0.09918952994348047,196.81599113383163,40.318814846734114,,
4469,0.04016095557070995,0.09922233951764244,212.77824191514577,38.59200678906725,,
4470,0.04161081768539882,0.09967991523831174,167.96903474947857,45.76416437845918,,
4471,0.04132452085056384,0.10291443042424568,202.63767599301002,39.40217951785214,,
4472,0.04069315428375712,0.10020992486525881,194.4697609575309,41.13313206961213,,
4473,0.04150021013787045,0.10120433918085486,182.02966851080558,42.25630715658824,,
4474,0.04036109563280117,0.1002154716408041,209.26004379219566,39.45656727756052,,
4475,0.040910274589933626,0.10137072739104956,201.31340906757433,41.26597046886601,,
4476,0.041308362690077934,0.10313576087422373,205.27708975759947,39.08513294729788,,
4477,0.04010219095598864,0.10070808966017769,227.6323561160348,33.34381361468841,,
4478,0.041975236894846904,0.09897712827702114,156.93355531911092,48.602382754816134,,
4479,0.04037126813373813,0.10095260568021028,211.24534005078698,36.86131745972268,,
4480,0.04026523261680709,0.10007903855354094,207.82038484745985,36.793669225106605,,
4481,0.0401884684553781,0.09882750182265594,205.79728436911114,39.272762005953275,,
4482,0.04026825976311574,0.09743533667796515,187.2707954617868,42.41497344010845,,
4483,0.0402064540362986,0.09800334632700596,195.42697285359552,40.33213913896374,,
4484,0.04129122588339219,0.10184589692876334,195.33131518181816,41.616289148776396,,
4485,0.04053804567081422,0.1026702811564127,217.41938625932758,34.508934669531804,,
4486,0.04014941160432638,0.09924103780717734,210.52906193408424,37.141245692238996,,
4487,0.04007190230165031,0.09822551374259605,209.8224742533904,36.71035165297419,,
4488,0.04024895582378094,0.09922415293950182,206.03469725553808,39.7454237016976,,
4489,0.040774155874552076,0.0983110570294103,176.42777798254875,45.25367287056235,,
4490,0.04069426366812413,0.1018331928990584,212.6026441356468,39.70727466415303,,
4491,0.04128203893089305,0.10223299448718665,198.14651518802825,40.636113595316864,,
4492,0.04031308229735023,0.10015235273065368,206.53658611858754,37.468882007057346,,
4493,0.040478688583076766,0.0994895963400567,195.98688619476965,41.080483486723175,,
4494,0.04133093739852488,0.09921641028030168,171.95108183442295,46.511931593102176,,
4495,0.040004604106058175,0.09797243632297109,238.62823541256273,33.93482937952025,,
4496,0.04127593351665322,0.10179901098697759,193.02329652501308,40.856249935505915,,
4497,0.04032372078841004,0.09859320456356555,194.92922506428494,41.21323034017347,,
4498,0.041889393333371855,0.10122478301228262,178.1750707667229,44.48853781202717,,
4499,0.04006431763098122,0.10131982349803527,239.884821265022,31.659365173760975,,
4500,0.043771713544800486,0.10211345423696566,161.76675072154427,47.72426744451268,,
4501,0.04224267669141493,0.10176580840550342,178.206146532957,44.85044129417598,,
4502,0.04109016521856269,0.09868932037110281,170.71930836191882,45.805500735613215,,
4503,0.0441016582733813,0.1051538072696414,185.42624377348216,43.27329978118498,Paste volume per aperture high,Stencil thickness high
4504,0.040075498113878456,0.09846209952924638,212.10736010427885,36.68871501081579,,
4505,0.040537087272755165,0.09905880334018334,189.670821804727,42.14740808169615,,
4506,0.04187987150815816,0.10153801140537758,184.1003541140881,44.981552983053,,
4507,0.04131441792951962,0.10046374154201036,181.52760006651283,43.68209459631541,,
4508,0.040317140455501964,0.10070458870456364,213.1304092595541,37.245426614761996,,
4509,0.0411628943407147,0.09775999445057176,164.6947155143892,49.05966683202989,,
4510,0.04071713144252582,0.09928686014071521,185.91655848225986,42.97355348016551,,
4511,0.0400283065380505,0.09724107248101808,209.2058806617994,35.75424002841062,,
4512,0.04080716031274267,0.10033699472546066,192.54739880492136,41.66179674293417,,
4513,0.04105029697041068,0.0993950150980289,176.6114199887172,43.97089650917108,,
4514,0.040150281816919674,0.09894305092537523,212.57893169643677,39.348160523931455,,
4515,0.04049648489695177,0.09799538377807195,182.7391163085255,44.005575574717724,,
4516,0.04009857018563358,0.09826381825714861,207.8081358951384,37.90957229840621,,
4517,0.0417443430304938,0.10060555287720069,176.7057808767795,45.64656550765604,,
4518,0.04021972007114892,0.10154853048010057,232.5298885353838,36.80893656455005,,
4519,0.04142584773875975,0.10157934787765502,189.47657387476124,42.30108437358059,,
4520,0.040287528421070154,0.10032243022552269,211.2739590929413,37.54928288592077,,
4521,0.04003213476749734,0.0960805144404753,203.29745246566253,39.97210907136542,,
4522,0.040355700503147636,0.10108267745775004,215.50139514875443,37.325870107020606,,
4523,0.04050570004215284,0.09888779534807049,193.69692354807896,43.75369234442108,,
4524,0.040084022030595204,0.09634949837986247,193.16173941844022,40.91271886473182,,
4525,0.04105557467509579,0.09977525205031701,181.80476802828676,44.0337264360642,,
4526,0.0404279020254685,0.09852133294351828,188.43766602414948,41.95238536197536,,
4527,0.04051852023718372,0.10019516188346154,200.95916881152797,40.26452863357321,,
4528,0.0408800115400176,0.10158570794459179,201.80786913515382,39.97205452247778,,
4529,0.040704105830566835,0.09982868645697837,186.6198117130289,40.38839006479309,,
4530,0.04001545833977805,0.09794619086009866,225.61043640802998,35.0042693487398,,
4531,0.04082021534425554,0.09874175364646655,175.34227892798475,43.49562013244497,,
4532,0.04042364287634282,0.100995381345681,211.91333768801957,38.18252821440198,,
4533,0.04030210851854181,0.10066293076628036,213.22378901576678,37.03697174747398,,
4534,0.04172717847216251,0.1007173051940614,175.0877899209449,44.375663740950145,,
4535,0.04000230210649047,0.09689870910033022,233.34561965137317,34.425515272992065,,
4536,0.04143881169286581,0.10020207123414918,175.3999082649147,44.12455851888574,,
4537,0.0424587195385409,0.1004819635983131,161.13161166651773,46.704220443573966,,
4538,0.04004770976195941,0.09994064866533363,234.9120944804369,34.74353969003934,,
4539,0.040499291365115334,0.1005670955778777,204.00695204106813,39.143946009226596,,
4540,0.04048269288213467,0.10121382194290096,207.6248612016531,36.94282791176342,,
4541,0.04025437775522884,0.0996492641206266,208.22255871002744,38.64905874667989,,
4542,0.041644243460000514,0.10302414167554709,202.35197640791492,42.06309745554497,,
4543,0.04071668052772368,0.09817447878451631,174.79955331182975,44.41790151158413,,
4544,0.04237021542563635,0.1008577752798524,167.08541067960408,46.31396860840187,,
4545,0.040553673466984005,0.09858256768293998,183.28168929668752,42.52206874891988,,
4546,0.040262722804384546,0.0996363220639099,210.83255774094982,39.91259459371029,,
4547,0.0419820981377221,0.10371056101239974,196.0462807665711,39.592993537568304,,
4548,0.04003920648035662,0.09607074603768186,199.44523554301844,39.78095869905644,,
4549,0.040019006786615303,0.09746598373603396,218.46094426487863,35.83922663286634,,
4550,0.04051827096304469,0.09776372558869993,173.6200878712414,42.360121929248166,,
4551,0.04131452884700156,0.09736163188183385,154.67957771301514,49.19768325932518,,
4552,0.041584990557751667,0.09966342419895231,170.6045668108612,46.52035875412443,,
4553,0.04142774318470369,0.10287985989271108,198.39685635246116,39.185188023980956,,
4554,0.040451637714665985,0.10061773038386468,207.16548880227873,38.976943613182854,,
4555,0.04072255596709344,0.09903967462335547,184.14215372906733,43.63067972254385,,
4556,0.04048246597009566,0.10075356012056588,205.30582490163434,38.343420224450625,,
4557,0.04001227160914929,0.09819062950073598,229.27245011090034,33.99194943543901,,
4558,0.040025016141499746,0.0997660842605447,239.58341285140818,33.60980310884432,,
4559,0.04022258330741367,0.099737268526887,206.43992137762442,36.46177086215203,,
4560,0.04111832977497877,0.10142145771515168,193.7051255104539,41.064874738636476,,
4561,0.040542808836291536,0.1000621658336572,194.84518433148548,39.23943541419447,,
4562,0.041251024120585705,0.10111535575375119,186.60428472143877,41.61108830906288,,
4563,0.040014909637194875,0.09785230041847306,228.98826120233105,36.471510103819476,,
4564,0.04006632896096684,0.10017045132261392,233.29116818001438,35.08011077364405,,
4565,0.04032688486851551,0.09906430715933859,198.82611244158855,40.402058452559515,,
4566,0.04071097926654435,0.10196300875281353,212.8221804232025,39.436131113229465,,
4567,0.040531179503706764,0.10017045846395513,197.20860327258308,39.317617573496946,,
4568,0.040280619051580875,0.10062257068987027,214.86392703041162,37.14939031509248,,
4569,0.04026659346578618,0.10079048803967655,217.96183639673916,36.979528524645346,,
4570,0.040201416157480276,0.09908104438800007,203.264868734579,37.689512822728126,,
4571,0.0401364205947742,0.1000487797770008,215.03295805591216,34.148649084884305,,
4572,0.04063835407065661,0.09747194822453453,170.2094843201925,44.85399180113581,,
4573,0.04014665190214877,0.0972858362411637,195.25750786505745,41.05874949877321,,
4574,0.04099668856955005,0.10035588508551868,184.44823669342787,41.3960214964197,,
4575,0.04068356402838591,0.0999841225922439,191.65794786039126,41.06987678180311,,
4576,0.04197659903598325,0.10085311753137094,171.76672143928684,44.78423672861669,,
4577,0.040789462447406714,0.09975092951369989,188.24598675437827,42.70464992218004,,
4578,0.04081450983058539,0.0990007161127779,180.06633011235868,43.82536706168755,,
4579,0.04022036442002682,0.09945369836376797,211.4345752470698,39.51084079988709,,
4580,0.040774638923385724,0.09903907719391379,182.6143337304568,43.926751501359625,,
4581,0.04128561069132755,0.10202680210984941,196.34598932050534,41.037211888874474,,
4582,0.04157185181623331,0.10113009353326434,181.93766145580935,43.303166114158564,,
4583,0.0412782026399072,0.10139859478935562,191.2403336581749,42.1873670292263,,
4584,0.04111511511980411,0.10183724739103041,197.36269484341273,40.307033736248954,,
4585,0.040140708101844454,0.0986041631932028,208.37026105657398,39.00679522601888,,
4586,0.04000500145681923,0.0967488569983794,228.6576714801283,36.681174671684545,,
4587,0.04055252464602818,0.10076201476121643,203.4897200472271,39.100087548389006,,
4588,0.04008107478427275,0.09789646481952784,206.11841233713335,37.77431394400153,,
4589,0.04026882993679945,0.09746873770843237,185.02089242273846,41.478304276751,,
4590,0.0402548795585856,0.09961284419226785,209.47688810640398,39.28465377866037,,
4591,0.04040289435992241,0.09754825579251887,180.93912013940235,43.41021540780069,,
4592,0.04004051384428545,0.09753409009031119,213.1085467526221,37.720599300142034,,
4593,0.04069850725921932,0.10179776508587904,212.91443268670432,40.05961317572877,,
4594,0.04042640730402551,0.09884601953526645,193.91755134293285,42.28225830422156,,
4595,0.04020991183611424,0.09647076616878669,183.153045740534,43.541983753431914,,
4596,0.04049291403205531,0.1004019740444537,202.22253227213318,39.177413424942564,,
4597,0.04112072641715526,0.10095363137460442,188.5367683333718,41.53092502427027,,
4598,0.04237638809600871,0.10241174913648919,180.15026249398994,43.463540769925174,,
4599,0.041355598201272104,0.10008081586405485,178.66437364500578,44.97415243407432,,
4600,0.04013088362163143,0.10008185282483266,221.1553587458505,35.844596175071366,,
4601,0.04043834869394508,0.09904621252994096,191.14113496261274,40.61279433011826,,
4602,0.04165986053175858,0.10234273414996571,189.8761897154038,41.10325923364972,,
4603,0.041199981022261974,0.1026251966086077,203.33020543453654,39.62632607740701,,
4604,0.04024958035241366,0.10074122176729061,214.02209964681404,35.25561010119218,,
4605,0.04238288894466988,0.10338972993894455,188.53284076924405,41.7463068999707,,
4606,0.0406564126888815,0.09940703042542856,188.28818673058566,42.20183545218354,,
4607,0.04044970659707756,0.09915146324541395,192.3217884395149,40.779926483454524,,
4608,0.04021197919396651,0.09917839682244346,206.29311187707188,38.70575804412459,,
4609,0.040018581856465334,0.09895690270106366,230.40642804575373,32.735810213786934,,
4610,0.041364013444274074,0.10134133669990777,186.66297526478414,41.7976371430227,,
4611,0.04046143676247893,0.09882082254386229,192.58571855343538,42.73335768150895,,
4612,0.040279884972313704,0.1000348325185513,209.73809084460626,38.15713616011079,,
4613,0.040319602508322276,0.09968558994002068,203.53871587058393,38.85528885589175,,
4614,0.040420097608878096,0.09995127247768977,198.4167596757911,38.38096958452219,,
4615,0.04020524865497517,0.09992108683751838,214.60996641361035,37.787575441359465,,
4616,0.04086847607885344,0.10265753093183291,210.45557061307218,37.678592670475815,,
4617,0.04255268721353269,0.09972115217175952,154.38612482137523,48.70122693325368,,
4618,0.041056214318407565,0.10099887792641127,190.5652322616358,41.22111000641594,,
4619,0.040136629452908024,0.09851458577835905,208.8729363465903,39.398841336257114,,
4620,0.04014691746345543,0.09976219349075752,219.79250960325777,37.76516179877975,,
4621,0.040733782300327294,0.10187845771226738,204.0224356350808,37.11264939097627,,
4622,0.04025785604566095,0.09770367512617846,191.7015727971488,42.33717252832269,,
4623,0.0400648799855176,0.10071021216819989,234.68297591672845,32.82396872273598,,
4624,0.040323573358130846,0.10245830326180545,227.3628706441846,33.97920118352214,,
4625,0.04044347529782416,0.10166433047633434,215.89571562579494,36.81566716713761,,
4626,0.04485469851563258,0.10351648805106757,159.7039326938392,46.11772201948219,Paste volume per aperture high,
4627,0.04116601092503769,0.10080204811200935,187.57832817504104,42.47391696973876,,
4628,0.04026188891755354,0.10063800866785143,216.75872389152462,37.13632812534091,,
4629,0.04025765568979277,0.09922817566105323,202.7459941450259,38.861890142864425,,
4630,0.04007000463228193,0.09771282418690502,208.00301116054422,38.37397317938809,,
4631,0.04055965229797763,0.0999818433275649,196.0468437436356,40.38238090986313,,
4632,0.04053610973995195,0.09945627692620604,194.60125263469865,41.94719542180922,,
4633,0.04041899655682347,0.10187714872084291,224.08192197139323,38.10611521018255,,
4634,0.04177003042477275,0.10217193663811414,188.81843340568622,42.5903044876269,,
4635,0.04066515806295514,0.10022519958908725,194.5096723588957,40.596024610739406,,
4636,0.04045177409795151,0.10082606188007662,211.1325584524459,39.37327718670986,,
4637,0.040769906474642466,0.09963601006349446,188.1357612862669,42.91688111601298,,
4638,0.040088215695512915,0.09965944996581516,220.7408881634069,34.97702245967586,,
4639,0.04073000310431712,0.10087441297389672,196.65075022940965,39.30126202774258,,
4640,0.04026117459163984,0.10009833181529816,214.54144451304103,38.93763713471214,,
4641,0.040388595647703446,0.0991156464799394,196.2866690493254,40.89930115258471,,
4642,0.04048403557781412,0.09922347944265167,192.8619450555648,41.3788644789435,,
4643,0.04030261217354947,0.10079895993183176,215.79737629373975,37.302944691333295,,
4644,0.04092869707383819,0.09995536701598552,186.2840701255257,43.058103455959696,,
4645,0.04022919158899293,0.09790060480060632,194.65522505773905,41.422201007787535,,
4646,0.04001174239770861,0.09692795515631625,221.47709799354408,37.131455624714405,,
4647,0.0411905700019831,0.09936590649756409,171.20412411502784,43.926833386912996,,
4648,0.04095265005770951,0.10010486264859186,185.9308814174678,42.54044083605716,,
4649,0.04078979042946583,0.10049620184068679,190.6913595637766,39.971771008880225,,
4650,0.041892765479094395,0.1039856401135071,205.59472649672753,40.85449114117435,,
4651,0.04133200417586853,0.10079290212147064,185.82935709522826,43.80387918765318,,
4652,0.04012289260250695,0.09898022344469551,212.83833904329683,37.77482920586564,,
4653,0.04081178501244749,0.10181419450539513,204.17507301100693,38.697748495376366,,
4654,0.04156448992838528,0.10175382389488848,189.63249085341403,42.931695316229714,,
4655,0.04086691230186613,0.09973304845481061,186.11895014591633,43.19825188958243,,
4656,0.04015753394860107,0.09864343208684653,205.54858760488278,38.673278703709435,,
4657,0.04080735065589524,0.10198171473765229,204.68503048608605,38.00105094527902,,
4658,0.04016000980121431,0.09951263873987773,209.0798923545226,35.83916165019049,,
4659,0.040307490148847255,0.09915052393913887,202.12462285492802,40.58803601504151,,
4660,0.04052488280094322,0.10024813970017027,197.17951302258297,38.804655359625954,,
4661,0.040064391291173826,0.09784970257957397,212.25045759304976,38.68151095720809,,
4662,0.04006573867963679,0.1005480925015948,236.80767196874254,34.4398747692662,,
4663,0.04062968078389377,0.09984254771790625,194.1118354297308,41.679644863926306,,
4664,0.04039387161376489,0.10038377567965558,206.07839525200504,38.35890217725932,,
4665,0.04298741771878374,0.10399818115660882,188.5353779538746,43.14630494687217,,
4666,0.04038201105755694,0.10009356660376333,202.42635632170013,38.1749941844298,,
4667,0.041221319604185826,0.1003692334236524,182.56957469753246,43.44981713908071,,
4668,0.04005901295935096,0.09835595880789094,214.8292843382901,36.60174052540359,,
4669,0.04034240321063488,0.09885457356251165,199.14469320858186,41.96003295749786,,
4670,0.04060285786497991,0.10171937890431694,210.96074194449807,38.06860987135965,,
4671,0.0404353499411814,0.09913922422099576,199.02266915549558,42.87530998840671,,
4672,0.04040667604399592,0.10078125888682332,210.5627220575929,38.33485675276834,,
4673,0.04593540339889963,0.10332738465671479,149.67775883894194,48.6741710598757,Paste volume per aperture high,Paste viscosity low
4674,0.040712161254758704,0.10027108410855294,196.9409622748465,42.02641090187548,,
4675,0.04016829517027184,0.10173928270751868,234.11632339339272,34.305173674983955,,
4676,0.04202520077750095,0.10079550828327027,175.66375504473893,46.853081360553624,,
4677,0.04009204257524826,0.09873157943434427,214.7011195939032,37.61486670505405,,
4678,0.04107208196143088,0.103339911350775,211.27973011673527,37.42100473962381,,
4679,0.04172163357198476,0.10115904317104892,181.83658636554077,44.570862533636316,,
4680,0.04046352379718825,0.09862554081426578,189.6880465025235,42.700663694999186,,
4681,0.0404669115338861,0.09949498136034479,195.54689076748323,40.642079797073805,,
4682,0.0400211698124173,0.09737871207607654,218.9430134767592,36.98493312588026,,
4683,0.04221845059745415,0.10106089302168106,170.79270262979907,45.446488839660866,,
4684,0.040345595596042665,0.09921796830691254,198.9863704847944,40.23558441689291,,
4685,0.04418541275068075,0.10468744552556139,179.73701428953203,43.98479759534969,Paste volume per aperture high,
4686,0.04008898229689866,0.09769734549272736,204.5823816283479,38.81337187261116,,
4687,0.04204627586955856,0.10216538311376418,185.50349205493575,43.88477490773793,,
4688,0.04032099408753822,0.1016850203327774,222.48411946677143,35.92003625613552,,
4689,0.04259523417326594,0.10122239213230849,166.66031808039185,46.09149346531774,,
4690,0.04094012081157927,0.09833760398239098,169.8546752681526,45.234817526967106,,
4691,0.04033066803784702,0.10054851529090912,212.2019947343561,38.057569776909325,,
4692,0.04053783598176009,0.10033789376218381,203.58455630117336,40.892001860117816,,
4693,0.040953566917503896,0.09941129822622441,177.94836679027202,43.087206385807896,,
4694,0.0407691539619733,0.10263011812285824,215.53668230587257,38.10762841974536,,
4695,0.040271148376047644,0.09802238378503231,190.92688080886222,40.962711971392466,,
4696,0.04016773543259353,0.09870558173026692,204.34142993392632,38.43036757620638,,
4697,0.040655126629554596,0.10131174388904222,205.68855750985855,39.116589685272245,,
4698,0.041101013522107065,0.09990952642590234,179.07758984556475,42.99444546547439,,
4699,0.04014104279445161,0.09936603452265508,215.79901268433983,37.96478029735075,,
4700,0.04109801401700112,0.09903983634504378,175.50254703094703,45.8976235718158,,
4701,0.04185774081465426,0.10051032164857836,172.69006518094528,45.723440882873035,,
4702,0.0404501968556269,0.10173705449509693,217.72533405961823,37.262526197733614,,
4703,0.040998791981643815,0.10284324121727809,211.2832353751968,38.875099381253754,,
4704,0.041015189510161004,0.1022153126448114,203.40285938426433,39.34392803216185,,
4705,0.040498460448904386,0.09935406933336227,195.3163490368131,41.92068003936898,,
4706,0.04005705124772842,0.09960762762403454,230.54540198750198,35.8915520087667,,
4707,0.04121135945593741,0.10107637324392048,189.50533325803352,42.36457071321007,,
4708,0.0406490191709369,0.09949504627523274,190.8857357861816,42.56367857557977,,
4709,0.040111636840918945,0.09986039492046445,221.7547776739662,35.98328813378249,,
4710,0.04002824338735684,0.09818108147231631,221.3676270442326,35.491833358924325,,
4711,0.040122380623684346,0.09781045632859314,200.4428517965322,39.022637201319256,,
4712,0.04119452554487637,0.10041261391221215,182.6918487856609,42.96985114071968,,
4713,0.04096385492465122,0.10135152769880783,196.6173343572512,40.4401294265551,,
4714,0.04194539455112247,0.09948132211008257,160.82844335367662,47.28244372134354,,
4715,0.04025754250050409,0.10157831698588146,225.34158127372507,35.47637102079608,,
4716,0.04224873888272779,0.10366489625253024,192.41703113439428,40.737698382064885,,
4717,0.040487379200309655,0.10208911483239991,217.21451071903067,36.19814232871777,,
4718,0.04608058384966291,0.10675185143597117,182.3729326749071,44.31974734664665,Paste volume per aperture high,Stencil thickness high
4719,0.04115344286069431,0.10179795703211779,193.65860501383938,39.65670810792022,,
4720,0.04017588888939271,0.09927952530840531,209.72136952951294,37.92627569758183,,
4721,0.04145194469074972,0.10263722175941402,195.36300907405774,39.5404235666502,,
4722,0.04135582496460198,0.10057687938378439,177.84553163541648,42.29093236701547,,
4723,0.040444627314548884,0.10016808640207048,202.90000013895028,39.48542801105743,,
4724,0.040387642879458806,0.10202793679634424,220.1099445772181,35.210867165193896,,
4725,0.04039753659318046,0.09839202536014695,189.91883643555744,42.370672675691864,,
4726,0.040537271078529315,0.09890244060650548,185.60434157638076,41.47165585324755,,
4727,0.04015801419977269,0.09853768610530916,208.2703281083227,40.16786586208147,,
4728,0.0400463844251995,0.09970639590718752,228.04828100076253,33.286491093004166,,
4729,0.04159435444506257,0.10278047942329722,193.86830101972535,39.76122498598788,,
4730,0.042714244104509115,0.10137597455252437,166.01015316235524,45.97825564314092,,
4731,0.04024641476234823,0.09795260296923532,192.7716480551745,41.12097367386912,,
4732,0.04027860196827022,0.09854795839692655,192.34488034481393,39.16294550299543,,
4733,0.04022094770508024,0.09786240280100493,192.03681085646127,40.376534472538964,,
4734,0.04137172863976922,0.10197427511029078,193.39288295921114,41.19772739638255,,
4735,0.04027225433834059,0.10080024898516704,217.72444449196414,37.03294148130424,,
4736,0.04019407633205037,0.09899777875656672,209.7110312565233,40.06620182000972,,
4737,0.0411301207179277,0.09988458047215742,181.01982772105353,44.158656838189096,,
4738,0.040778665932553575,0.1001005213520997,190.84305615393984,41.764717019739706,,
4739,0.04018842052804899,0.09688302751926206,187.13916536422852,42.081821285389395,,
4740,0.04008610030753191,0.09683264359055996,198.61140318523184,40.66391528057001,,
4741,0.0423674888694394,0.10174641661999108,172.14783520199376,43.785749192240445,,
4742,0.040213746963090324,0.10143591068291614,229.4385351124134,36.03404001530952,,
4743,0.042074783798984446,0.10169115761558514,176.71239891287453,43.31332635441482,,
4744,0.040000471683323345,0.09742359961651188,250.93566832358061,32.27661438550988,,Paste viscosity high
4745,0.04229056307629744,0.09843579177345428,149.5268664084669,51.19929164837242,,Paste viscosity low; Ambient RH high
4746,0.041136124960388445,0.100379846416801,183.92099958408403,42.8626504377259,,
4747,0.040028978719532426,0.09960653628473194,234.68639892078852,33.44405001886583,,
4748,0.041248392646888316,0.10113413831071692,188.7308049531113,42.240572512903896,,
4749,0.04061246394195343,0.10185952407909486,209.5874803635893,37.08348276339669,,
4750,0.04005166408322335,0.09895473601577094,219.8628813287736,34.67313842866388,,
4751,0.0421610142008321,0.10071962180592633,171.07029716071565,46.72851259242488,,
4752,0.04022358406949779,0.09907526959557565,202.16794807527413,38.19025933207641,,
4753,0.04052515383824827,0.09799908020742211,179.6789204592807,43.501311225418156,,
4754,0.04149476720392981,0.09845386601216684,160.4078865881933,47.86023684609016,,
4755,0.04133150731225126,0.10081765289607605,185.79126705623506,43.66538951191934,,
4756,0.04182295231570342,0.10121994945332377,179.8025062067682,44.491631195403045,,
4757,0.04088837746106191,0.10121306285675782,197.24073136373985,40.28068472128186,,
4758,0.040079304030450666,0.09709635879164262,199.0029109093217,38.98415237846539,,
4759,0.040449943980112875,0.10085394285194021,208.36875163390448,38.22203368491455,,
4760,0.040909708585967826,0.10089621888561066,192.61366475641105,40.480831562279164,,
4761,0.04082868334367084,0.09912078696633753,178.095703052152,42.76278901469583,,
4762,0.04105126997049021,0.10071204625765004,185.14110597867915,40.62984665202903,,
4763,0.04372587737421555,0.10334966831913726,171.31577924787103,44.850908982972776,,
4764,0.04015008479194661,0.09628140516953101,184.77036698248745,42.38554980290344,,
4765,0.041074078185756493,0.101273838730445,197.560472491287,42.58752708569392,,
4766,0.040018295318561055,0.09670094295754018,212.4332637067989,37.21468218158911,,
4767,0.040066205331113644,0.09864567979488596,216.59539857986326,36.544031125178435,,
4768,0.04053150123331713,0.10045531053556303,200.96687881427323,39.27397107472266,,
4769,0.040035488987826835,0.09707481879394317,209.59574020016927,37.945246893823956,,
4770,0.041480952490664635,0.10116993328435138,184.6463669451173,43.148521786043034,,
4771,0.041930751713055193,0.10008113956054507,166.36038769786174,46.208801782231674,,
4772,0.04144119799288713,0.10189634004935991,191.17953016643224,41.53162489912695,,
4773,0.04013185531985897,0.09819173828957822,201.9021153692537,38.23721395074935,,
4774,0.04154394674894939,0.10108183499942476,181.00677670593464,42.9296574140374,,
4775,0.04333421157195906,0.1015590370339965,160.56697490352076,47.31937655775908,,
4776,0.0402507083426684,0.09983780534745555,207.9338880534247,37.510989018213216,,
4777,0.04110061722589238,0.10005176680374499,182.4499769222796,43.492266477650105,,
4778,0.04389541514769559,0.10300324913469185,172.05112002057376,47.77352585341681,,
4779,0.04087513600505903,0.09830257431140568,170.55194385065923,44.73553447655029,,
4780,0.04011922749430185,0.1005601829334686,227.1975974267639,34.99042331989302,,
4781,0.04123327027467758,0.10109181154205588,189.5181162353505,42.548941794828664,,
4782,0.040164323665090124,0.0988094108814724,209.0145404726688,39.418563551616025,,
4783,0.04036619743900626,0.10131681274647057,216.32397985183047,36.76189432350918,,
4784,0.04010465384243077,0.09876802244629872,211.59467766406377,37.223489515741704,,
4785,0.042571444319712694,0.10136803139682184,167.63274921659672,45.55661765644889,,
4786,0.04057903968478665,0.10227959449341252,214.57001542065422,36.18929940776184,,
4787,0.04049969364956304,0.1002709937161843,202.97849124631833,40.22012575097133,,
4788,0.04005424229398955,0.099262196073176,225.41599166686098,35.441966463709356,,
4789,0.04099183306072016,0.09666264731787133,152.47102792874253,47.892170070459386,,
4790,0.040479509546033875,0.09915403275621595,192.29387589322604,41.41641457514821,,
4791,0.04008320660290335,0.09834101111470175,211.4894516184862,37.69312077699665,,
4792,0.04299759487726585,0.10198936515665255,170.50470336283928,46.55803504633052,,
4793,0.040666213134313074,0.10038252157242541,194.79373533340714,39.95438533048578,,
4794,0.04018781232604706,0.10029871441096196,216.52643759149342,35.92258373337201,,
4795,0.040008157117639304,0.09683542892478973,224.28889017726067,36.877341595822394,,
4796,0.04034269601896249,0.10002443530093251,207.1951260197244,39.15649939087085,,
4797,0.04066377757097933,0.09980477617133028,189.4579702410828,40.82088435598682,,
4798,0.041283822128844405,0.1011398029349655,185.08995265410945,41.33084903011428,,
4799,0.04213950902682653,0.1014902544438402,173.9579263931181,43.84815637550324,,
4800,0.04107102832197182,0.09810560643214802,167.24559798071675,47.15953794474807,,
4801,0.04304982425389317,0.10240420420465328,173.70486014330538,46.031674793494496,,
4802,0.04040516861862342,0.09655933993044537,175.40801732489436,46.29190784061012,,
4803,0.04043339059240618,0.10002831939205496,201.98171183321742,39.578363379687495,,
4804,0.041057382166441815,0.10000214670534442,182.644539510405,43.25684280985844,,
4805,0.04204658171062212,0.09937836172183818,157.96172575632855,47.634556052184145,,
4806,0.04054579722818312,0.10074990940132653,206.0574655242304,39.93215233314887,,
4807,0.04016372549917588,0.09768267227157926,195.77078337473225,40.16109568284058,,
4808,0.04004024399537285,0.09843700710000694,219.9222605110603,35.72389678629658,,
4809,0.040422245521429534,0.1002531490115554,202.680449394228,38.47776014443183,,
4810,0.0448585454573501,0.10373040311657027,162.60544259171303,46.12755085739242,Paste volume per aperture high,
4811,0.04065763010322896,0.09899370597771467,185.86311517133538,43.36434182076665,,
4812,0.04076400139308494,0.10032416867811814,196.03607116829616,42.28688763896879,,
4813,0.04069135813348543,0.10133240012606007,207.19058151271955,40.168287952970665,,
4814,0.04049607175383625,0.10063436546669209,199.4021826577233,37.126248402717245,,
4815,0.040958475078137026,0.10095541066334421,193.23872487915742,41.08888761734948,,
4816,0.040148101779916796,0.1008747759711586,227.32524767858735,35.10809567842961,,
4817,0.04065988908627746,0.09983893415570087,191.60223690361622,41.3450128593318,,
4818,0.0409687885429755,0.10231756881694457,205.2855523186,38.897974061722756,,
4819,0.04107952847204216,0.10184383209254537,198.63757945486552,40.28229049939522,,
4820,0.042250257951282934,0.1019953590901954,178.19331836110334,43.79724090676447,,
4821,0.040408824856314154,0.09984110226962216,200.4466206484295,39.359709985543155,,
4822,0.04078202856517175,0.10155063940049024,203.97477297610865,39.444339545738075,,
4823,0.04062067648260623,0.10176555332085667,210.0316974400669,37.84371587383476,,
4824,0.040754852678171485,0.10224417198431388,211.4125988800229,38.2913107061629,,
4825,0.04044258520339719,0.10339930123706996,229.32637838669748,33.15190590925749,,
4826,0.0400500537709368,0.09983449988593314,232.26465241686083,34.60832945930682,,
4827,0.04065152174865895,0.10029146397090104,196.80572017467782,40.848620288306684,,
4828,0.04032232980596362,0.10151864534247577,219.91791631324364,35.85663959364902,,
4829,0.04020022574810637,0.10100164888480809,223.39962164668606,35.46666611916938,,
4830,0.040690684227221094,0.10085578279044052,202.9139420002231,40.950668312869965,,
4831,0.04011473901085185,0.09865498440246914,211.35229313198408,38.33065453536148,,
4832,0.04049283199898049,0.10021329966173859,205.60559773867053,41.28100998580149,,
4833,0.04111100031840484,0.10250613527008566,203.88722077320799,39.326792839799836,,
4834,0.04003115919661754,0.09514609291035589,196.26586718522444,41.83526278933285,,
4835,0.04003986088869984,0.09736695247109911,211.199621634634,37.76098763008287,,
4836,0.040082468731521985,0.09949499208268194,225.58515454718432,37.03249684795732,,
4837,0.040420151309399875,0.0987930770868661,192.64435116886816,41.941253466455024,,
4838,0.040713353195188026,0.09980687322894044,190.2239461324012,41.918771123007204,,
4839,0.04014128245193001,0.09762563784189562,198.38061339108086,40.23995329577235,,
4840,0.040492179377564594,0.09741732742992527,174.70815782526228,43.873524452640154,,
4841,0.04012191307943929,0.09792120807573391,203.91840442031767,39.6863565236244,,
4842,0.0403362832268605,0.10006963767584472,206.86003994085627,38.64309377245703,,
4843,0.044176888764110175,0.10251851243994813,160.32955286040914,47.56880074594545,Paste volume per aperture high,
4844,0.04013699472995047,0.09919331287318582,213.42336251678054,37.74494694897385,,
4845,0.04016696723823,0.10004526141468323,217.08373380620748,36.41829827925716,,
4846,0.04053831505326742,0.10080597816630474,205.2776771107296,39.23743632921888,,
4847,0.04160692881139636,0.1015996012944205,187.9420093323567,43.4987968788506,,
4848,0.04021366310666865,0.10029356513097455,215.19402113511805,36.52376487772813,,
4849,0.04147677607150075,0.10038152018697602,176.64749743582146,44.09227552190181,,
4850,0.04028277683927945,0.09951817125389345,204.2036628462228,38.79178034947241,,
4851,0.04037650325517081,0.0989071277513614,193.03706047813074,40.453878287598705,,
4852,0.040522941241761125,0.09928906368734484,190.73847144918028,41.126191291119234,,
4853,0.04023475846536979,0.10156588844012439,223.60887828914565,34.13211303693705,,
4854,0.04197398942920635,0.1014898831577061,179.86126338355035,44.541443016422534,,
4855,0.04145128118400295,0.10155172117107573,187.6507226180999,42.0567878333682,,
4856,0.04044357347932502,0.10068131999044645,205.31641730598244,37.834345977028526,,
4857,0.04027521862796634,0.09895792026347003,200.30685233289364,39.88366384162794,,
4858,0.040568156042879236,0.10328759508637438,224.50213896296555,34.61571362524694,,
4859,0.040513512556752014,0.09766341613869367,176.09967141320288,43.621906211404024,,
4860,0.04155925806323329,0.10121555742108122,182.08706557980702,42.81779315796247,,
4861,0.04216724576841249,0.10167300474973484,179.17034331902798,45.03117738868658,,
4862,0.04000565818644145,0.09948189837106176,245.3372111674513,29.893961089054514,,Ambient RH low
4863,0.04011782834885955,0.09915764396610587,215.39241570362438,37.516836353584026,,
4864,0.04156674280912413,0.10218918785696296,190.7313010044705,41.23833517139367,,
4865,0.041470384616182444,0.10185238849021712,188.15753547255267,40.981186804431616,,
4866,0.04033018668669396,0.09924498963277135,196.71293069129624,38.876599902684454,,
4867,0.04014893578229468,0.09904260858740618,210.0429739018256,37.904376602028194,,
4868,0.04021767647404839,0.09912000153431956,205.25335654090293,38.840105940774414,,
4869,0.04061487775961375,0.10141007582844193,208.71690412342187,38.991887213951074,,
4870,0.0406802660838415,0.09974195033830471,188.6197715587057,41.111810396726106,,
4871,0.040672464622810635,0.10161018567714818,206.37120212534205,38.215747811105395,,
4872,0.040541873753602395,0.09878936341523524,185.45224072864423,42.05605931344569,,
4873,0.0408270911240257,0.0999605512127786,188.8229003254047,42.46684171479662,,
4874,0.040029911580266836,0.09857649109040706,229.1806120195343,36.650990313165984,,
4875,0.040036917301922374,0.0984431887685482,220.74374632453723,35.49070063026591,,
4876,0.041116203300078674,0.09963760921586355,181.7783949472996,45.448983417564776,,
4877,0.040184570282109,0.09830760253087553,200.61506709213504,39.789526231259565,,
4878,0.04103353600499971,0.10009216126814498,185.0939083770962,43.380127704797815,,
4879,0.04105227690430129,0.10043463520700018,184.62482289289534,41.800867566920466,,
4880,0.040660524111878725,0.10098803024297023,203.9367761914407,40.156516453056014,,
4881,0.04054518542644328,0.09843918899207707,181.5942070967011,42.45226920821795,,
4882,0.04012828052514833,0.10056570182219801,224.02927876198947,34.374315332925704,,
4883,0.041426362775088765,0.09980430021748972,169.9875814272074,44.00582830195878,,
4884,0.04127006227503184,0.10216914203251312,196.47545285704993,40.21963076820355,,
4885,0.040643365116561296,0.10074751985183551,199.79595751671755,39.55668152603254,,
4886,0.040009360945771295,0.09716689186455532,219.74964467945662,34.30457075855132,,
4887,0.040105128675763664,0.09849709370245477,211.78722073793645,38.63193816443369,,
4888,0.043422326976387544,0.10252137899182662,168.55139052932918,46.03857230833623,,
4889,0.04033535138970847,0.09961182882447837,201.41007988131412,38.9060538728156,,
4890,0.04212521945487971,0.10205158252174558,181.29784749326353,43.6085424260289,,
4891,0.04163707309118392,0.10219973405753742,186.75549317342018,40.47365006639889,,
4892,0.04047023032452079,0.10018774290744434,200.85606485146323,39.24128353940723,,
4893,0.04075335544234122,0.10267548607417931,217.0285537264382,38.16524387127592,,
4894,0.0411099463332067,0.1019144114763073,202.8063884496564,41.791332457429576,,
4895,0.040146596261235575,0.10040853677993032,223.72617957326514,36.01391666134832,,
4896,0.041228089749964905,0.1044487946353092,218.70396094525103,36.56817698421899,,
4897,0.04104553353070072,0.10064548645110527,190.85235299445452,42.89320704617489,,
4898,0.0408117424293835,0.10292660392351662,211.2576126398955,35.821602714906994,,
4899,0.040823488513013345,0.10060702839095782,191.49190426607169,40.231192964536895,,
4900,0.04405256357051673,0.10385632281937876,177.23788408409717,46.377241770752576,Paste volume per aperture high,
4901,0.040335435564168694,0.09941588994971284,205.03262737927835,41.133333429906976,,
4902,0.04009040295156669,0.1000624497227827,222.42449216880874,33.788621587024615,,
4903,0.04038525770416477,0.10057998011520786,207.93724842481924,37.8514945916893,,
4904,0.04054901553236014,0.10141916872876729,206.43342063533228,36.894774629761486,,
4905,0.04125853826893786,0.10140980989513042,187.2474292421445,40.5011819464456,,
4906,0.04030640425492092,0.09984126163189959,204.7889997566911,38.15868874276637,,
4907,0.0402588677235294,0.0999032425659779,210.28410203461198,38.300881910042065,,
4908,0.04005641148178151,0.09831015763835685,215.8826582558429,36.9172434590095,,
4909,0.0412172698702055,0.10074929676576667,183.02732144522105,41.72794400614126,,
4910,0.040902612118894635,0.09960257707965743,181.73277676323687,42.79172272912401,,
4911,0.04000072433456482,0.09778611654299119,248.69332705130577,31.23140924197549,,
4912,0.04020762086070359,0.09967462805759965,210.74937776098528,37.71006384804751,,
4913,0.04097153782551266,0.09978440279651907,182.3163993928656,43.069198002699565,,
4914,0.04110047009900325,0.10108957256562967,191.46329289826812,41.6566831570927,,
4915,0.04067968946569308,0.10023368565737953,196.19742995133691,41.4000038001807,,
4916,0.04035875846334686,0.1023736043769328,223.55121860959963,34.010459476467446,,
4917,0.040184413264361424,0.10070679958122922,224.47105030097723,36.608780938573176,,
4918,0.04035400657079517,0.10145458700134204,218.71349235251026,36.6171539355546,,
4919,0.04045857793437226,0.10062837572635025,208.03113166427394,39.386553698145306,,
4920,0.04174744891273021,0.10233879564509907,191.64562263795514,42.5728703712479,,
4921,0.04100076390846488,0.09941417864922242,179.2386282447304,44.16152768830594,,
4922,0.040396062884307235,0.0986546351688903,189.35536633961343,40.86666945956452,,
4923,0.04182361866515455,0.10086969386201934,176.81834946008453,45.1369417517537,,
4924,0.04026655699618218,0.1015497921647615,224.14902124448042,35.49293712584336,,
4925,0.04017955408863062,0.09864718769278003,201.4852689618334,38.23762395602473,,
4926,0.040697841123938365,0.0999580973861216,192.23905304180803,41.641366793400806,,
4927,0.040162273772058936,0.09794187933482355,197.6927905041494,39.51827888547146,,
4928,0.04018816450014677,0.10020865954210782,217.26895134065197,36.634648862594084,,
4929,0.0412478770270248,0.10123805477771976,188.76416253776688,41.74435805330177,,
4930,0.04113872130509752,0.10043036715690651,185.02111498843905,43.03831297161293,,
4931,0.04060481948375121,0.10099116002970723,199.6530240631393,37.633190845384966,,
4932,0.04018329106282211,0.09739148775066622,192.78677771639903,41.39824748095122,,
4933,0.040912376270546946,0.09940846951789761,178.0639277280415,42.57236670461839,,
4934,0.041470523106318304,0.10124051791477294,185.78243857745792,43.10081644215922,,
4935,0.04026387717392576,0.0996230386792485,207.0548976349508,38.68201223559391,,
4936,0.04066470819947156,0.10063807480084377,198.0083545951332,39.82796812521326,,
4937,0.04000846576567648,0.09846102878474906,236.82371192190425,33.615240821776446,,
4938,0.040438243203493554,0.09851908552096994,189.8415768682334,42.69863813260803,,
4939,0.04011855550437816,0.1021142256021023,237.86476313588955,31.20557419068576,,
4940,0.040104020087114736,0.09936992297908419,217.25135295455584,36.26917614610461,,
4941,0.04004433387545982,0.09654642643813532,201.972442108539,39.086824115185266,,
4942,0.040668954261314984,0.10007811825943909,192.3936917763739,40.62552180653298,,
4943,0.040448544861826724,0.10078668586503173,209.8607926424158,39.041819337589445,,
4944,0.040510171778502954,0.09944007151060015,194.8570934800713,41.58763423167495,,
4945,0.040233918139358595,0.09718846696106521,182.52716215722847,40.7553780012853,,
4946,0.040237063605936894,0.09984778994950892,206.92413543882955,36.628511781718124,,
4947,0.040108776096212134,0.10042517381439324,226.2045988119048,34.64204973049373,,
4948,0.04355491876099674,0.10226981426331389,164.50089120984205,46.6391325992155,,
4949,0.04017831339654463,0.09961086725091199,216.14230702201812,38.69877200867323,,
4950,0.04075368306140369,0.099164152350498,181.93102948577993,42.75107352508848,,
4951,0.04007757944888552,0.09675797563585596,200.23205574348788,40.90894416405379,,
4952,0.04153567989269815,0.10156137220859508,184.64215020738413,41.81251775269674,,
4953,0.040306979064493854,0.09945528087091428,202.62939166353925,39.278571258572335,,
4954,0.0413980625895549,0.10153810086247406,191.84773400081897,43.04249353751574,,
4955,0.0400167472245812,0.09730222993439275,218.11348997151222,35.8686088327428,,
4956,0.04062314665547093,0.09956480930976651,190.83873737612038,41.748953346869314,,
4957,0.04002010151530877,0.09857657153046923,228.69722226616898,34.372040794001805,,
4958,0.041375583918067484,0.09982588779094112,172.1144675448112,44.11101747825376,,
4959,0.040377300298475916,0.09940968626676418,195.4363332835028,38.89275270236406,,
4960,0.04005745107263583,0.09890389317212749,222.0835594034388,36.348741785406446,,
4961,0.04041219300765929,0.09822033174156855,189.4348494055449,43.38606367014937,,
4962,0.04053790756753533,0.09993321628106477,201.23825103718,42.020728409729216,,
4963,0.040008420220575644,0.09604391876205964,212.5586229516889,36.706815835637606,,
4964,0.04066369347293752,0.10059926477490332,198.93699918066605,40.32559945728643,,
4965,0.041232203361497174,0.1005408645404947,185.04886999778603,43.621520293482725,,
4966,0.04171437871391027,0.10288107058432125,197.73960452189343,41.79429222916926,,
4967,0.0414760210303344,0.1024843603944391,193.11403960476818,39.7349293191043,,
4968,0.040954735000097706,0.10191673801871282,199.58040608347736,38.631075523477854,,
4969,0.040417610151680515,0.09903292290596229,193.03043316565845,40.85829409618518,,
4970,0.04010396822800225,0.09994078389633354,221.98453937906777,35.177729604095205,,
4971,0.04014509223882615,0.09899961304118331,211.73085774848303,38.511122045872426,,
4972,0.04058541123897858,0.10069390283894625,202.94462336851856,39.86904990179333,,
4973,0.040474007484299475,0.09966701974032828,200.20671916716697,41.61059561560014,,
4974,0.040568323423642264,0.10028680868953081,198.82606568858063,40.05727926716093,,
4975,0.040123900760424935,0.0986173766752476,210.6288107591154,38.80725317154865,,
4976,0.04063477364033635,0.10168815302326036,207.94512443973468,37.73487889527012,,
4977,0.041293858070737974,0.10012893411522894,182.37821983885433,45.370729646141086,,
4978,0.043530263653329515,0.10347127824145817,176.4618751558637,44.90469180020002,,
4979,0.04081114822160186,0.10112512166500166,197.49026236544984,39.65858164585128,,
4980,0.0408051798343353,0.09895310716901476,181.70074064878892,44.4906229724683,,
4981,0.04063472786087577,0.09891939277047163,182.1768308575148,42.018823872992364,,
4982,0.041739528567487125,0.10060236795589875,174.11819247601105,44.70410487802303,,
4983,0.04011681082412545,0.09991518067681807,219.43142898352,35.220088687935956,,
4984,0.04034989292059903,0.10050577478291309,209.5880831154604,37.87086544707938,,
4985,0.04037360777396062,0.09908733778738263,194.777124242771,40.12283043899124,,
4986,0.04161007673841719,0.10421119586217613,207.5694185798725,37.83727882524342,,
4987,0.04059651987763379,0.10100013616809708,205.61694122459363,39.540503556444406,,
4988,0.040504646831948286,0.10079282399189535,208.9248273345099,39.90083267554192,,
4989,0.04018348022137076,0.1004152966735797,220.02321484479262,36.407443171676775,,
4990,0.04045148236263097,0.10094934889533998,210.0342980906374,38.38350346954049,,
4991,0.04068794387864097,0.09906740798507052,180.9826193982261,41.8063142662798,,
4992,0.04103070897966379,0.1019990378686899,199.92554646457197,39.36388873309933,,
4993,0.04023149999769939,0.09831251243667581,195.8063392964804,39.92254717063196,,
4994,0.04005713599531836,0.09984865491687868,228.42454468476186,33.98777057906447,,
4995,0.040155421320181496,0.10020836402335807,217.8874278604069,35.363098314055904,,
4996,0.04048506959264105,0.10004669925283567,199.829798766175,39.88231991402779,,
4997,0.04042017115164811,0.09967702960731345,197.3402925014848,39.327885553041185,,
4998,0.04127243098782845,0.10022080374932334,182.3910582105225,44.690107382420834,,
4999,0.0404943261380514,0.10291572575275196,225.03015307743146,35.109954309717565,,
5000,0.041099087743096965,0.10226160736570632,202.46207594658765,39.85781232208023,,
5001,0.04056410527983676,0.09879495871912264,189.26398277426213,43.8097830158933,,
5002,0.04158424212791385,0.10128138482051131,184.89070034992864,43.73674750679357,,
5003,0.040967109914572454,0.09938465874747802,180.88809466938045,44.43689678453515,,
5004,0.04033841264293776,0.09867811379111237,196.93261951940593,41.9222642646602,,
5005,0.04043874206964041,0.10133129021360614,212.2410076381916,37.02671283902795,,
5006,0.04020383082086131,0.09844530506632501,199.67019248333207,39.589671533063736,,
5007,0.04036030303666662,0.09925725889410325,197.00470415350702,39.7408607468064,,
5008,0.04028132570702289,0.10023978856685498,210.68533961520808,37.546678646645034,,
5009,0.040906956438747935,0.09919233233766496,182.11073022259336,44.96845159305441,,
5010,0.04002171106959395,0.09763183537650011,219.6239831294738,36.13331928785271,,
5011,0.040174361842059775,0.10052923027261401,220.46504254981082,35.6108907507693,,
5012,0.0422996125049272,0.1012189741910727,171.68672385330038,45.64275902627685,,
5013,0.04001434233773431,0.09821381406796639,227.03733528447611,33.84608108497659,,
5014,0.040585832872091894,0.09965844139362394,197.31737636810163,42.894235465433624,,
5015,0.040109521452880714,0.09991138151540196,218.08383145024578,34.30690598297615,,
5016,0.04302395155917327,0.10177688535396948,167.45290120179337,46.68420863187687,,
5017,0.04025753653426901,0.09798825635209046,194.8740903322317,42.07091556723394,,
5018,0.04081044097394353,0.09739230728671577,168.96178991414158,47.6165327367626,,
5019,0.040145175094267446,0.09904870591206333,209.9034384565537,37.63338340841592,,
5020,0.04043921788435499,0.09753931191608962,178.988808484937,43.62535665673629,,
5021,0.0409510467119577,0.09992006892873002,184.66638367063177,42.96521737765206,,
5022,0.04103247633738666,0.10109207029782735,192.63164566351193,41.19509050899656,,
5023,0.04024334572282441,0.09712049415515286,186.62343336113162,42.86471673745558,,
5024,0.040284387807408506,0.0997872442331509,206.85209155098914,38.47681205460569,,
5025,0.04030011586581217,0.10009576170892363,211.71555607245733,39.185210551428966,,
5026,0.04106191072029688,0.09910495009834781,171.0807731374711,43.56891208076507,,
5027,0.04045014128207178,0.10061607864562357,205.39247489603292,38.32553143251722,,
5028,0.0414580230921795,0.10035572293495833,176.2369105734695,43.87796856376523,,
5029,0.040111527267695374,0.09900032033894093,213.179345852575,37.105912796374874,,
5030,0.042506090467945665,0.10332180892961629,186.4400469256262,42.26926019850048,,
5031,0.04014881326989686,0.101328785493101,232.3314317334966,34.71713292811333,,
5032,0.042359977376328885,0.10254604122071075,184.26088038856668,44.138495213116634,,
5033,0.040534579173692686,0.09944622390085335,192.72287025348737,41.30228943338909,,
5034,0.040083295917575416,0.0988989077020541,216.6225451315739,36.81599290003736,,
5035,0.04017281465658186,0.10107518755979136,229.27480843997162,36.01192680331985,,
5036,0.04104391044753676,0.10045275253536243,186.84528358980063,42.3896292125271,,
5037,0.04014563882518106,0.097701657020355,197.57203093278517,39.814352881028256,,
5038,0.04027278183411974,0.09997066765113401,209.33999894108376,38.099591710608976,,
5039,0.04083275168845148,0.1000014361361856,187.16164666378788,41.767578820761486,,
5040,0.04059201743232043,0.10015894194871677,199.89962240710878,41.50333484045062,,
5041,0.041062723391811495,0.10119076838101622,196.12813895459593,42.33974783333637,,
5042,0.04015733128447237,0.09780182672934437,198.2548692034223,40.15602445622136,,
5043,0.04016123501684564,0.10058338029557759,221.69692389118907,35.176467828666645,,
5044,0.04034186103885468,0.10191560638472932,220.56488374999114,34.7140097816556,,
5045,0.04009592676516956,0.09825419800512683,207.49320404967864,37.65883831346716,,
5046,0.042051125014955795,0.10198078684759682,183.33462521567034,44.052205338287706,,
5047,0.040019809045202984,0.09858981978737894,226.67388829411595,33.518809908746924,,
5048,0.04072094666237339,0.09817804190333572,177.86359450191685,45.5518919272324,,
5049,0.040388540316516515,0.09945667604967505,199.06945036206912,40.23215114535469,,
5050,0.04062086548166407,0.1006920285500635,202.05594500686155,40.21958851909341,,
5051,0.04013357882695999,0.09943409172029558,212.31923769083002,36.005846189739835,,
5052,0.04032256476241199,0.09936433896704858,201.29732507160534,39.70150431806751,,
5053,0.04054229652349598,0.10155610130805015,209.18723302563328,37.07199697395847,,
5054,0.04076800497384739,0.10092992856077818,195.63183952923148,39.28049153293304,,
5055,0.040875952318082116,0.09992299910283063,187.2265678238626,42.80196347852758,,
5056,0.040064713545689044,0.09731697930368649,205.39076854971154,38.86627415557668,,
5057,0.04030916215668393,0.0995349560857644,202.52096410783142,38.919872739589756,,
5058,0.04201230632182513,0.10130982158740363,174.5555771268572,43.86751393555334,,
5059,0.04020469031958798,0.09890091933746675,201.05755957319136,37.91221416677371,,
5060,0.04021068194088822,0.09894298536735073,206.9620536490156,40.02870362969057,,
5061,0.040248241425351806,0.10182396557928605,227.4823308719049,34.72767901754573,,
5062,0.04085998638825544,0.1012049901368633,195.29994247410102,39.2254303104821,,
5063,0.040264615321755994,0.09984902311582752,210.25179640465652,38.74259701101843,,
5064,0.04043659152321218,0.0986356104953265,190.12358086509846,42.197084770581924,,
5065,0.04013335258093483,0.09744951300175447,194.7628324404312,39.386995831821466,,
5066,0.04052397173232503,0.10087644580494322,205.2094614232068,38.58390381400356,,
5067,0.0400710598121606,0.10130211931054564,240.17771513007497,32.4811141467901,,
5068,0.040030562672396366,0.09526110654321814,193.0096997671085,40.02422051964249,,
5069,0.04018384185834936,0.10092075381131277,223.82870765362995,35.32374574624562,,
5070,0.04307785324377063,0.10399664653788353,185.33110093336904,42.62587590505442,,
5071,0.04267817795971991,0.1023174306505119,178.7125653505119,45.654069498923405,,
5072,0.04035386661326856,0.09868987818475301,195.09480065088596,41.63710509893877,,
5073,0.040031977683276695,0.09815062953786241,220.24772816182966,35.92420991465184,,
5074,0.0400100583946114,0.09937081677590297,246.5318700862749,33.440168734314454,,
5075,0.04032868259179583,0.09981349801307755,203.00868016439244,38.30898955717595,,
5076,0.0401457059541619,0.09897978499563206,209.04797297587675,37.69189099035889,,
5077,0.04194735233733059,0.10082303798326675,173.66857998384194,45.34768398325823,,
5078,0.040286435801932946,0.10029116698987042,213.2390183585153,38.35973863207521,,
5079,0.04059703447912828,0.10137193363275082,207.36210871864048,38.36952545993894,,
5080,0.04076402396733738,0.10141301667547982,203.5050972899441,39.661955805791735,,
5081,0.040215244533261155,0.10154792095921933,225.50990018632064,34.16425403405258,,
5082,0.04008130732679994,0.0983412638769843,211.72171113335267,37.62130367879677,,
5083,0.04041137834847266,0.10127770277468352,215.34208750971803,37.73630956174233,,
5084,0.04042831277390292,0.10026683383590262,205.42991934981262,39.52443375694036,,
5085,0.0402615592582177,0.10197734587176516,226.83575825010905,34.21009128948809,,
5086,0.04064849548811335,0.1013794663318389,206.5958563999744,38.99330174893369,,
5087,0.041101276093452425,0.09981458720550196,181.49898774734467,44.31082290554083,,
5088,0.040013608138111646,0.09772324935718261,229.5001308772878,36.82907798784205,,
5089,0.042010633969407206,0.1003996257037704,164.6451360722944,44.75391110968409,,
5090,0.040340450212257704,0.10157295361086778,220.76491159167728,36.40137793313757,,
5091,0.04040514869740171,0.1012047618340417,212.71829960870298,37.012209715338415,,
5092,0.040917499424367315,0.1024442817270023,209.03324568078307,38.90427543826853,,
5093,0.04026666084609422,0.10026871299871506,210.23091382446827,36.7747796262633,,
5094,0.04051224033614938,0.1013163781195163,209.01516700904762,37.560798151511925,,
5095,0.04115193824052865,0.10017930712377608,182.0204071659277,43.35247913492567,,
5096,0.0404710099785135,0.0987158473465172,188.4716529844772,41.99991107173095,,
5097,0.041440522609802945,0.10123326074162235,185.70947807070064,42.79808393828805,,
5098,0.04049836741928158,0.09940991335943293,193.09334079827,40.86449790627,,
5099,0.04016017721100249,0.09966008177524185,215.28730092001558,37.325158074778855,,
5100,0.04043003925640576,0.10056856728530751,206.95676761186763,38.645684372918616,,
5101,0.040483206067303795,0.10038265128200816,205.02539419639047,40.05245192668631,,
5102,0.040378500858656324,0.10082080848019116,212.77702949057377,38.224371637203625,,
5103,0.04023158814636236,0.099816743624692,209.1974971230504,37.383212445980796,,
5104,0.04094197687041136,0.10057390384728067,191.5095710936966,42.09670939574702,,
5105,0.041109350789438094,0.1001202310560226,182.28282615621336,43.210675516782224,,
5106,0.0403154253821006,0.09813464171931162,190.98075747344973,41.796755129120484,,
5107,0.04003177597700689,0.09797152259661085,219.76003281909863,36.58247181115026,,
5108,0.04156191301650878,0.10194353195066638,188.3026599075136,41.520233196738616,,
5109,0.04004500362365731,0.09790876178440344,212.36688873985946,36.26042212414937,,
5110,0.040041954645094496,0.0953121029177239,189.225570256673,40.230996254242264,,
5111,0.040128459641433994,0.09773475567290933,201.1622132610122,39.993421666500346,,
5112,0.04012150965794484,0.09966743918915964,218.4419284687343,36.35030071329307,,
5113,0.04223444433028131,0.09969791336496799,155.71514762254293,46.839636935789514,,
5114,0.041332576697791605,0.09933825819642098,173.6885582856361,46.55433566328827,,
5115,0.04034620586516877,0.10049566776859167,213.38485476030198,39.159583670132044,,
5116,0.04125237935895584,0.09996007328302438,180.23321176204357,44.960282767082745,,
5117,0.04075589226662434,0.10067426864924568,197.65974701891008,41.04003202623481,,
5118,0.04033928635785947,0.0978641975997143,190.86352066188934,43.73730306559801,,
5119,0.04143451524166743,0.10142307541239526,189.86779987881658,43.28532016823178,,
5120,0.040917943405239396,0.10071811825360732,193.46794992754852,41.758126234118315,,
5121,0.04004942579193641,0.09921366286660835,227.360238967079,35.80179375627623,,
5122,0.040886785335934005,0.10207548530728944,203.86159967229378,38.427368532418555,,
5123,0.04159121722086907,0.10189165790660658,186.60350590110198,41.46129321847335,,
5124,0.04004965013102955,0.09942959464696723,225.44921287858486,34.111268417487935,,
5125,0.041603071835011315,0.1016794617943549,185.3535835591964,42.16184865305906,,
5126,0.04155362430195004,0.10278481557478016,196.3204112934152,40.20204824808717,,
5127,0.04014521287634092,0.0980862853887218,202.39351310409052,39.635351070051414,,
5128,0.04087465631420157,0.09975403538372256,185.2895786049229,42.91615840247987,,
5129,0.04095564707557614,0.09917370220981747,179.69983398124023,44.88150428529705,,
5130,0.0401572280630482,0.0979754405918722,200.3974603839811,40.06822285942023,,
5131,0.04116086286351852,0.09948952280551726,177.9036956006521,45.33994369991532,,
5132,0.040695954987727344,0.09964129348426655,187.68441050763374,41.53325584010888,,
5133,0.04156853912894896,0.10073823692112117,182.14442616965323,45.236530855062895,,
5134,0.04240403475800542,0.1018546888519306,175.66224626856737,44.78359286191872,,
5135,0.04128623583405819,0.10164440463684928,192.8996709564872,41.67574048465485,,
5136,0.04025325730614253,0.09916734477120068,202.07297308681726,38.769417255969714,,
5137,0.04139872048967149,0.09993068262870747,174.16152637319976,44.57505174974937,,
5138,0.04019928289507339,0.09926962591080551,207.2968765497594,38.11470952293575,,
5139,0.04050442705323715,0.10175882003418062,214.91771641827603,37.34365173086491,,
5140,0.04032254400491053,0.09893261184666355,202.6402385579768,42.26067754651581,,
5141,0.041051458814125134,0.0997182909478925,179.42330745058638,43.416043892762765,,
5142,0.04141924947538134,0.10207231581012187,193.2129335028065,41.168080918508764,,
5143,0.04026429902696978,0.10075307328376938,215.95640065595143,36.37713306039146,,
5144,0.04030847975309053,0.1005721745992962,213.4488751448656,37.74440723504838,,
5145,0.04082265458620915,0.10256904835932654,210.9688922140487,37.61176362793246,,
5146,0.04114093180800194,0.10081484868438352,187.6546554239436,42.13678820041853,,
5147,0.040833488552124805,0.10015407625879061,189.7662362110999,41.96011597501625,,
5148,0.04066721172133026,0.0998064511970431,194.69615736844298,42.72049907388827,,
5149,0.040135275852802244,0.10086148385117777,229.24962732345787,35.176348082232685,,
5150,0.04074553649793195,0.10136380424517652,205.83741043244137,40.428949376715366,,
5151,0.04026634377358206,0.10050182280000089,213.39253459442895,36.753704152789766,,
5152,0.041685244081565445,0.10037151974232508,176.64414648235422,46.200350492300714,,
5153,0.04026361612147462,0.0978326155644908,191.925916630733,41.98545866326656,,
5154,0.04024520414154792,0.09848401380652703,197.4609728619057,40.16596544423561,,
5155,0.0400658586563387,0.09876052243342989,216.17325130918687,35.807032405382564,,
5156,0.040525597354823174,0.10122416767909072,205.6617561132725,37.09649370902053,,
5157,0.04157961080053819,0.10298884284027872,197.01776930840364,39.720526901508194,,
5158,0.04001140668008837,0.09747325747406478,226.08185380027086,35.983825120835675,,
5159,0.040147042053583784,0.10022167886667821,217.2897556424287,34.66839128500454,,
5160,0.04016909263160886,0.09868663074698936,207.2775656081797,39.6205879868784,,
5161,0.04004321920823125,0.09797496510158696,215.53392699652076,36.821216049372154,,
5162,0.040387310211173574,0.09925540413109325,197.3457974062428,40.5655508780068,,
5163,0.04125787735447198,0.1025478025428611,201.83915161467007,40.14423174696541,,
5164,0.04008546943400099,0.09881557200825826,213.8317589750524,36.40496550275232,,
5165,0.040362001211398914,0.09784493539940359,183.38026464837338,41.80182370985948,,
5166,0.04004545033520483,0.0985210750682889,219.6711759039608,35.93749089678048,,
5167,0.04002380878188454,0.0963371858144851,212.35936061982474,40.308304512248164,,
5168,0.04000288881701491,0.09749552120254606,233.03927909879138,32.33926804697996,,
5169,0.040291668615027074,0.0984759165822672,196.6658710212144,41.44410499911851,,
5170,0.04001104730710614,0.09508360273631337,200.1573299885344,38.2303211362154,,
5171,0.04110795270604133,0.10144826995218488,194.23944848305632,40.995942505501056,,
5172,0.04010784682588735,0.10011747001105976,222.08422467771007,34.61467999311868,,
5173,0.040335080391501146,0.10054927003781594,211.35080832554786,37.87692194590005,,
5174,0.040086724997490275,0.09984150723930778,227.31505980719442,36.30311421325501,,
5175,0.04006198494994098,0.09996607174504184,231.4567619632727,34.994764796243956,,
5176,0.041430709823932335,0.10078857209969386,181.9995424490132,43.534574353511516,,
5177,0.040294118247570794,0.09754347535344185,188.84688228576817,43.265298104849066,,
5178,0.04114445666384857,0.10258882145426897,204.33960017791182,39.4959575879499,,
5179,0.04055641362760726,0.1016456992744706,211.3590663352275,37.683392509077215,,
5180,0.040064511020197834,0.09907839704702232,221.232452612052,35.92609868680927,,
5181,0.04000218407101577,0.09670839926967098,228.8851014094683,33.564083793157124,,
5182,0.04158696797950755,0.1012259760464752,186.98054538089212,44.76875896849674,,
5183,0.04035686870574353,0.09882555550782039,195.6230595305253,41.248076597407675,,
5184,0.040272008274361504,0.09826357125178325,197.76779236316517,42.239130824863075,,
5185,0.04262941262172985,0.10175748595879917,172.5425605842746,45.83060113803709,,
5186,0.04256651191135178,0.10286409855954334,181.82562108293035,43.300146125592846,,
5187,0.04011049762304239,0.0995042153257968,219.43398996548527,36.81297329756054,,
5188,0.040066287277404224,0.09740608521358184,201.79730419091575,37.31934000609121,,
5189,0.04036802960385624,0.10131562885589049,217.665883987439,37.288887553729445,,
5190,0.0400746529661813,0.1001893387922917,228.82331111862135,34.16890063211985,,
5191,0.04101732387596742,0.09986847663576,182.02870895411732,43.16856771562111,,
5192,0.043262254381263375,0.10325950795488693,176.89127387404977,44.40705771486056,,
5193,0.041306407690177335,0.10091265237719726,186.80299128743303,43.28563466437851,,
5194,0.040221836900272326,0.09844830372958067,195.7481881232737,38.888770456222325,,
5195,0.04071883223033005,0.09853322336977642,175.34999685091034,42.91419751818121,,
5196,0.04100007943288782,0.10039547427079967,186.7187686393876,42.05076588614724,,
5197,0.040006853436115875,0.09645122597277822,219.56808353752376,36.285740980307665,,
5198,0.04196264321903168,0.10207886565626216,181.87129347420841,42.307064617242474,,
5199,0.041785697790326426,0.10057089677026543,173.36373252660374,45.016381008766984,,
5200,0.04012572045643221,0.09686006839907713,197.95672186661844,42.93178788802219,,
5201,0.04013359446616265,0.09873414622025388,210.35171458230084,38.69425900835455,,
5202,0.040408154713674774,0.0999855574021529,206.52109909181942,40.78900871644724,,
5203,0.04195237360222674,0.10153130794890923,178.73460060309523,43.756844658729,,
5204,0.04022035863041998,0.09748569376995095,190.821145494553,41.745449683740446,,
5205,0.04029650668261389,0.09785818798419642,190.5745709030916,42.42715422010969,,
5206,0.040243739166334475,0.09999394499043704,210.12778732407048,37.28907722779414,,
5207,0.040073101221293254,0.09802617915503897,210.0726654873885,37.868187531044434,,
5208,0.04075003369455054,0.10156177357895521,208.25160335747705,40.39622650071973,,
5209,0.0428770893645262,0.10240782946702662,169.63865840465374,43.41210065168448,,
5210,0.04044594432158753,0.0991902001322973,191.54446130231747,40.23318122395592,,
5211,0.040578025686433955,0.1000774660512723,196.55699253736853,40.453615633411786,,
5212,0.04009191702333154,0.0995364791729868,222.38904441405228,36.42949370753444,,
5213,0.04172833267632426,0.10026109770050624,171.1758375956732,45.21026713515818,,
5214,0.04013022098029102,0.09841115071897788,203.70446130979718,37.721813345618244,,
5215,0.040503869439439955,0.10023190302568327,203.989511043419,40.8532337286886,,
5216,0.04064809762486686,0.09964911228887882,190.30754864543897,41.59907579066958,,
5217,0.0405616598380487,0.10016771195262995,201.34088735786457,41.391384201095086,,
5218,0.04008404477996741,0.09760540898705104,205.74251594527433,39.285792360934245,,
5219,0.040542027186841044,0.10057358047414948,202.8545528494433,39.57918144800634,,
5220,0.040123987457248725,0.09906975710969153,211.2092394520337,36.831424295920506,,
5221,0.040173118381099326,0.1000186796865067,215.47626085906793,36.26125757842237,,
5222,0.04084652613312766,0.10174872243714837,203.2827200949617,39.21795490095074,,
5223,0.04017595666255175,0.09903534774075143,206.13411032735982,37.8432528065434,,
5224,0.04051247396140071,0.09900393493151284,186.58308988520122,40.82288988235424,,
5225,0.04401923216983125,0.10406357399175437,175.84721869258533,44.6970139686825,Paste volume per aperture high,
5226,0.041813145721288525,0.10248079867375222,191.98022510927544,42.60795566443133,,
5227,0.04051115961096325,0.1013476216296197,212.20634269190347,38.51354347255017,,
5228,0.04050142588864688,0.09986341008148697,196.21866656982024,39.84046251069872,,
5229,0.04058443585788073,0.10017591367099601,198.20292644427454,40.68017972021395,,
5230,0.040039235437085915,0.09729107602609396,211.21246793541997,38.04131063774843,,
5231,0.04088498065600411,0.10138253091031697,199.5057521988754,40.212599780311194,,
5232,0.04095385758714381,0.09888150278609445,178.0818802435664,45.698004278283236,,
5233,0.04063021493490719,0.09983973096207208,194.2657146716442,41.75713310027124,,
5234,0.04012916329987115,0.10035311631236428,222.37169343601957,34.86651720606684,,
5235,0.04001340364872665,0.09714048381402816,220.14899455442975,36.27161189195741,,
5236,0.04014072196201167,0.0977044767593143,198.8066982213992,39.97979524831209,,
5237,0.04080186151087539,0.10132207669774454,199.8049409570949,39.38252803077817,,
5238,0.040039120148208804,0.0985232957579754,222.6565249436415,36.10907887096657,,
5239,0.040013393328804964,0.09861792131216782,236.17269225998896,34.78371011521134,,
5240,0.04213740474617262,0.10125814356954188,175.75652478962294,45.586989176181525,,
5241,0.040574035958011234,0.09826708504263179,181.34090823112322,43.755343446843476,,
5242,0.042094778276890864,0.10441266538104606,201.58163585413055,39.10630308204065,,
5243,0.04373981132967767,0.10393096501100603,178.59883624599374,44.69453959206781,,
5244,0.04029753318262985,0.10034879203851634,208.5939937495215,36.783190629237865,,
5245,0.04023670193484138,0.09904101424091943,200.75177201896784,38.33555687325894,,
5246,0.040306514506341005,0.09924494910599554,200.18024178570178,39.41681788414248,,
5247,0.04037995049488344,0.09849183782503632,191.12454198283734,41.87351435644257,,
5248,0.0400321679145689,0.09770455649447468,214.8741738432074,36.21616676530518,,
5249,0.04025514595049865,0.09918980041425135,206.3757739801964,40.243375039728214,,
5250,0.04086247222571271,0.10226354689488677,209.80560553292477,39.2656457522396,,
5251,0.04001331278305901,0.09721964840083534,222.4673297326966,36.67421478481965,,
5252,0.040063444018598134,0.09733177174164813,205.35884718362172,38.65909251516094,,
5253,0.04012272774030182,0.09969515851559957,218.43820368146376,36.286884722067725,,
5254,0.041685341719289684,0.1008281591137812,178.9804280389333,44.8193883468336,,
5255,0.04003395376727759,0.09727872409893248,214.30500438620405,38.373536449879786,,
5256,0.0415993749904915,0.1005489507646528,177.1318343613196,44.686594214584275,,
5257,0.040619000381041076,0.09964257523466206,189.32025430480888,40.76232361723954,,
5258,0.04096444649670373,0.10117739542303904,195.63902494804333,40.944251687041564,,
5259,0.04045928140283693,0.10109509551478292,210.56136637267363,38.040078118976545,,
5260,0.040153437229551885,0.099100506751922,211.63774854928658,38.41274511924581,,
5261,0.04041100719940872,0.10156768523031001,214.92078665125496,36.17765553658594,,
5262,0.040813970538587645,0.0988600655240175,177.02474792972887,43.42352304226182,,
5263,0.04212022009820934,0.10176062243801935,179.18093174049324,44.22612890387797,,
5264,0.04013262699482434,0.09967813116629187,215.85155085764828,36.02064880987648,,
5265,0.04041096998610554,0.09948667120328422,198.689891307302,40.504018721552704,,
5266,0.04005686230355335,0.09947875474828018,224.32800861264323,34.299968292345,,
5267,0.041585660241590425,0.10382672460527692,206.48787872061675,39.073616328901686,,
5268,0.0405501710808539,0.10017325755135553,200.21469074185228,40.7428415434886,,
5269,0.04117531096389536,0.10361430077215167,208.63678235940154,36.42811830636607,,
5270,0.04016554263596087,0.10088985577217469,225.29976214071255,35.17035349032024,,
5271,0.040379726402318225,0.09928532661402384,200.49325076466107,41.339885563216555,,
5272,0.04007685939791677,0.09980909567250065,224.97209962094558,34.836315030968564,,
5273,0.04036933205583326,0.09937335786571842,201.72010028086342,41.08026429193448,,
5274,0.04028292908250517,0.09872119780928884,197.54970032766215,40.29925379044951,,
5275,0.040095039903763695,0.09806096568313058,209.626681213545,39.28193395242946,,
5276,0.042152075012135595,0.10134921909939584,175.01287471286133,45.00476145868564,,
5277,0.04020551977297766,0.10131404971670466,225.58983168530605,34.942560910073446,,
5278,0.04013875222601137,0.0992303154456994,213.7349119251429,37.770502267197976,,
5279,0.0400975113851463,0.09779364256215463,204.3224140677161,38.877210039232516,,
5280,0.04029377815074266,0.09910284309030212,205.1607518785389,41.47727439749094,,
5281,0.040321207785931276,0.09896970589764782,198.76341131128194,40.67521396075983,,
5282,0.04048879550438875,0.0982140528872113,184.61821666370955,43.44895922556241,,
5283,0.04100612896831708,0.09973105583691683,178.65734889821582,42.49612834884325,,
5284,0.043662010979431454,0.1016254882522847,160.8249290220544,49.100091739374236,,
5285,0.04132783887895793,0.10066186170992493,186.3606049234953,44.57860896267516,,
5286,0.04169313340646918,0.0999553576403951,168.23629629805436,45.31906096177273,,
5287,0.04004992751504928,0.09759850661814617,209.6359800155773,37.41172580855241,,
5288,0.04030163200191204,0.10040843475034177,213.2633182938125,38.26623720160903,,
5289,0.040546175507916504,0.1012800019735317,208.42422935916719,38.21360589993273,,
5290,0.04052903255936211,0.1007104160898969,201.74687366618232,38.266853533024516,,
5291,0.0400643946832154,0.09806647523712105,213.3219268817158,38.01257602625724,,
5292,0.040807139574145015,0.10261795713317422,210.59502647782057,37.009217074747504,,
5293,0.040180299543223205,0.10070739890555083,219.61883752392043,34.71497223515807,,
5294,0.04141363227006889,0.10048652390347754,183.22871682657066,45.24742903072754,,
5295,0.04015885893950933,0.100736996286617,223.82230259222536,35.07030361078769,,
5296,0.04023394969190459,0.09968168993943467,206.7161895953636,37.24576385718481,,
5297,0.04079585044051648,0.10087998625725912,196.166617612852,40.14270195338003,,
5298,0.040359844390843135,0.0986724726137172,195.16663001932116,41.905570859561,,
5299,0.04004171519748683,0.09739616181424887,215.22839067941726,39.30395669422488,,
5300,0.041201126081214665,0.09967504358399268,178.67078993654286,45.192223357381025,,
5301,0.0405495244992859,0.09814605064636286,178.70869597184867,42.93603464360247,,
5302,0.0404822846351655,0.10029092789936311,204.8086633873317,40.39931249926423,,
5303,0.040288143115214184,0.09873639263136366,194.91535774662304,39.45906074538693,,
5304,0.04006581733601414,0.0974844667770083,207.2596123824404,38.82311071851878,,
5305,0.041431678107852976,0.09969379238768665,175.517484936405,46.54696124431258,,
5306,0.04080827256700973,0.1013860957294014,205.0213275038555,41.0114762762613,,
5307,0.04011156385491286,0.09651413551740956,192.63777656453817,41.87201823039635,,
5308,0.04010007542649104,0.09927295065888217,217.5295188234835,36.56842473747719,,
5309,0.041416444148798526,0.10034184237559618,181.80680055854418,45.47449429913834,,
5310,0.04202572621176506,0.09829974146627211,149.85096317231017,49.80762065478971,,Paste viscosity low
5311,0.04044875282374825,0.09775269699026505,179.70335187294836,43.06399624118618,,
5312,0.04031238779736364,0.09982687607490211,206.39422073256492,38.97089628296301,,
5313,0.0417646056121109,0.10191259738922782,186.60578124124416,43.01253192681577,,
5314,0.04058547199371829,0.10269080462467962,219.18387783804127,35.952277179068496,,
5315,0.041760185519499594,0.10209444115516242,187.2182137404437,42.30922219399095,,
5316,0.0402453536297144,0.09797645454842831,191.4265286359005,40.49415463736021,,
5317,0.040888425995387355,0.09970257382103898,183.32324413957835,42.66843324163573,,
5318,0.04008698900325224,0.09931559667382056,219.88156444416234,36.24139744401365,,
5319,0.04058120628555282,0.10037892349222649,201.63161878037795,40.84811335275018,,
5320,0.041159039292542554,0.10106781670636635,191.1979276588834,42.383468028201534,,
5321,0.04037793033523555,0.10018125248392991,207.91926405658498,39.58573364229702,,
5322,0.04093669832624121,0.1023837676566548,203.80632660475004,37.61869716325038,,
5323,0.04002733633603342,0.09873228584820717,228.81190649094788,35.27889322201028,,
5324,0.041260587548619325,0.10065351330012784,184.94086738083246,43.3647120116922,,
5325,0.04065672488344402,0.09988156921217362,194.26390584050873,42.02312315108914,,
5326,0.04132542872554881,0.09956572763738476,169.8729551156747,44.03021167706713,,
5327,0.0408165882515512,0.09942469217239444,182.20928186311053,42.564446175404996,,
5328,0.04072416337043792,0.09997922957275679,192.29346211043838,41.99373196553544,,
5329,0.04004695698004056,0.09821609100300824,214.21576149103586,35.678574654275195,,
5330,0.0412345649608656,0.10091592943548004,187.93042888855726,42.85343610751109,,
5331,0.04017155395559538,0.10011912584262465,217.20405331168564,36.31468684314646,,
5332,0.040622540603774855,0.1018230762874852,214.12531101824382,39.044004318119136,,
5333,0.0401555119793508,0.09952100847017394,216.49554091830018,38.19738439170252,,
5334,0.04008323250266603,0.09870023196884371,215.64205107999555,37.42488016421148,,
5335,0.04122748260890852,0.10017146313660427,181.14787465043923,43.97518257519309,,
5336,0.04077266886815686,0.10405897426433791,220.8588983313716,33.13712478216134,,
5337,0.04168681721269034,0.10198153825841344,189.28428609146056,42.89662235618073,,
5338,0.040286403643813654,0.09810336635525467,193.61411031244504,42.00432714475233,,
5339,0.04049369460230134,0.09893910412445608,190.8878866406327,42.26232621743399,,
5340,0.04060289287274732,0.09912904162501675,187.28073570107372,42.228834603280404,,
5341,0.040059952880502334,0.09942215719080781,226.82027993316618,35.77933592743044,,
5342,0.040997521484351304,0.10175153712971138,198.46071023761922,39.60834538828237,,
5343,0.04036370059544985,0.10030644307289201,207.36562324872017,38.41711294478364,,
5344,0.04067888156328076,0.10013063804670315,194.82876672304627,41.40116174616103,,
5345,0.04047102170907402,0.09944221135402997,191.4677879300208,39.54792996256971,,
5346,0.04013107269831526,0.10032602392587729,224.45302113800108,35.839051766972815,,
5347,0.04129409713862961,0.10193245616522306,197.60450662622057,42.032374585420776,,
5348,0.040412421961158476,0.09941066005715787,196.33704856169743,40.07595936448161,,
5349,0.040297629957646214,0.09980849988267061,205.41507118194184,38.27484916351628,,
5350,0.04075292760990361,0.09961267740146475,187.83130642816994,42.653962269892,,
5351,0.04231337939466163,0.10320763605311391,188.23052788304938,41.98008664020263,,
5352,0.04047258088299431,0.09963297397133984,197.58028594216987,40.817201546400455,,
5353,0.04064628487970564,0.09930645749222075,189.08773721571893,42.79227507738368,,
5354,0.040338699433243995,0.09932882129393217,199.21400670073172,39.59127809074856,,
5355,0.04023519793981472,0.10063412933553485,219.07025703006107,37.04826036602244,,
5356,0.0403704478509496,0.09983627500282173,203.51875686990633,39.507273358833956,,
5357,0.04030155662326298,0.09967783332497257,205.79563141940082,39.15885350344461,,
5358,0.04171689233492489,0.10035043951737019,174.11550547479268,45.708730920672224,,
5359,0.04008084587498333,0.09658791300859015,197.28407006992487,40.96072422350208,,
5360,0.040470142391070364,0.09937811285576323,194.49985361668513,40.908259601230085,,
5361,0.0401042710120259,0.09746880458391802,202.5531269318574,40.28482273979054,,
5362,0.0420404399609729,0.10533036620979079,210.8308704129374,37.48082080215514,,Stencil thickness high
5363,0.04013795662976098,0.10008662521198776,226.0211281492066,37.92590715150529,,
5364,0.040763637068820996,0.10210491674346692,208.31849080832805,38.01137149355275,,
5365,0.04099885530413675,0.09925562124856219,179.0301841765185,44.828836105874046,,
5366,0.04170609775785193,0.10113424969894533,179.6912828032124,43.78766737114148,,
5367,0.041228507328112014,0.1027497345322695,202.59799848457106,39.09892931363537,,
5368,0.040109366591230204,0.09844407914963137,209.40412351729174,38.32356779467968,,
5369,0.04006810739297259,0.09966508188851245,222.42393077348137,33.85497884588071,,
5370,0.040460693401985985,0.10100761612052088,209.61345658547037,38.15967961878874,,
5371,0.040364624015283485,0.09851169336577738,193.20193690476384,42.11492497889634,,
5372,0.040019675818216895,0.098835746143938,230.9014636236595,33.78775169690487,,
5373,0.040403120898763314,0.09951523652492426,195.93136423715006,39.20237128872968,,
5374,0.04028477762390315,0.09933388110822239,206.3311354293095,40.4956273817577,,
5375,0.041026004072829254,0.10190247988824204,195.16432554952954,38.089328557298714,,
5376,0.04013670909892044,0.09860423402571859,209.66259692488924,39.248648963833965,,
5377,0.04272956841346992,0.10191311719721015,173.82282534066377,46.24868584869655,,
5378,0.04018683720712533,0.09909059470053119,206.8543818144461,38.3052480157257,,
5379,0.04097792729810034,0.09965603496480302,182.96656206731245,44.00464675983535,,
5380,0.040183284207724074,0.09855102111228971,203.63941707009306,39.625087052193244,,
5381,0.04170797674860771,0.10178064394645928,182.66186166784263,41.73048939514766,,
5382,0.040182661178527694,0.10040837294476573,218.396661246088,35.83146308689685,,
5383,0.04000734690703727,0.09764212276859786,231.78981288408377,35.154702691222674,,
5384,0.042420737232657976,0.10094068836493789,168.26887426560583,46.71830635214473,,
5385,0.040235688629189956,0.10208756862608302,230.3452922625579,34.02206103620698,,
5386,0.040856478722760325,0.09935538010889029,183.4272339655883,43.92128611735265,,
5387,0.040632421921944537,0.09920237224684823,189.13858369890823,43.06692279960393,,
5388,0.040156714922303216,0.09817200145401302,203.76045977243476,40.28023325994717,,
5389,0.040107674344920054,0.09938562262022803,216.19100166604207,36.05993793737726,,
5390,0.04088659586144822,0.10031741785620281,188.19938818076304,41.39225815533106,,
5391,0.04119914090248571,0.09989788530283993,176.7316526594812,43.407986532022846,,
5392,0.04030449374437055,0.10027306509250422,210.30695744207358,37.96267387227898,,
5393,0.04012724679182443,0.10011008511880497,219.99129881195734,35.09193405303475,,
5394,0.042028443445901856,0.10275605030975278,189.86840082185287,42.420402182465885,,
5395,0.04017332127985361,0.09925688138508948,210.67761873654072,38.257828575238044,,
5396,0.040330963653985856,0.10104030149098016,215.91399314376375,36.99960384119046,,
5397,0.040249602853722956,0.09956469826040432,209.9782123577716,39.5138753627973,,
5398,0.04272423495290989,0.10085216482710362,161.3689167434224,46.94237617374587,,
5399,0.040032444146035996,0.09714690752227174,212.1205315783475,37.98623528279406,,
5400,0.04012012472134847,0.09748296447318894,199.7214515324698,40.216616999703085,,
5401,0.04097609403850502,0.099622262249736,183.12685521259175,44.19979659777713,,
5402,0.0402648696025612,0.10098603222674149,218.98492580991592,36.3390558277352,,
5403,0.041078352450148375,0.10161067112569662,195.48842318963705,40.2828126296853,,
5404,0.040774309751004066,0.10115271905021503,202.80167645230173,40.832781471306305,,
5405,0.04027645534156137,0.09937674207449439,203.37900106909743,38.98373784877393,,
5406,0.04047360514072248,0.09920567013345284,190.86108849111173,40.5331506493175,,
5407,0.041534430132184115,0.10005971602685249,173.1279701470783,44.99235479722898,,
5408,0.04016223813482284,0.0975719323170432,196.87008071931717,41.013699497556146,,
5409,0.04062056627547068,0.09969887587905958,192.92471728450283,41.790574794969054,,
5410,0.04017648256079524,0.10122421958232981,224.4254396613018,33.74536738612511,,
5411,0.04020298595504947,0.09972549567981745,213.71665443866928,38.326986932039574,,
5412,0.04093339796466592,0.10155559704279905,201.715471913416,40.83671212668867,,
5413,0.041063061797084355,0.10168176489938682,198.31015192264763,40.74172298955962,,
5414,0.040110472050346,0.09840016771768155,211.57657475992855,39.373021625389065,,
5415,0.04000046560343483,0.09594946710370844,234.903239205699,33.697224699395484,,
5416,0.04061932958645557,0.10170245345506293,210.49382176126267,38.287229943872966,,
5417,0.04068682344221434,0.09780684748369393,179.50877541996326,47.35774840753617,,
5418,0.04075469769475567,0.10191448557097044,204.17955368498917,37.32948621516358,,
5419,0.04068780855105779,0.09859631849539793,177.56294815505373,42.873446929006455,,
5420,0.04004522914166496,0.0986686342679297,221.05404297424434,35.683806502580815,,
5421,0.04061387327421977,0.0986291175675483,184.83622176881016,43.98332196535433,,
5422,0.04024356827392022,0.09813070205270061,194.33776438656042,40.713744403072,,
5423,0.04029681151959825,0.0991355802294336,199.79865432524144,39.51945541972789,,
5424,0.04006223741477732,0.09889678209531501,219.35678800218201,35.91685405784456,,
5425,0.040987588424670596,0.10072373740159629,190.39747854765346,41.59714991590813,,
5426,0.04022046174718789,0.09934336077891572,208.51008737131977,39.015677638791736,,
5427,0.04021710860137097,0.09883400055673144,206.03786699161333,40.4771066289303,,
5428,0.040091882796828314,0.09858462137990194,209.63977670754966,36.527201045413065,,
5429,0.0409105243771245,0.10168359213904324,200.21405259216684,39.3699409771728,,
5430,0.0408759872970134,0.10199579547285426,203.96712253624005,38.6947505923177,,
5431,0.040751816252266974,0.10180357415311644,204.91979135656564,38.08071380943465,,
5432,0.04002775427500693,0.09875245219455404,227.57238944002856,34.82603806523265,,
5433,0.04017687015961939,0.09908416631827319,208.32178730052692,38.42002324784429,,
5434,0.04136839587962674,0.1018850253686435,194.67532239265788,42.0454560416076,,
5435,0.04048870178112063,0.10023060020384351,205.26092951850254,40.98792913819626,,
5436,0.04057147971292639,0.09874692930946813,183.8936255621552,42.28879857391618,,
5437,0.04207625354899556,0.1005136641573159,171.1288188947585,47.04449180641646,,
5438,0.04007365752913829,0.09980047030653286,221.72315418948395,33.455553821273945,,
5439,0.04030206575195312,0.10046036496502923,209.76636738666565,36.79440747619017,,
5440,0.04124238287872368,0.10033474929894727,185.75250657069438,44.982961154589,,
5441,0.04060998972752898,0.09989962426730242,192.82512452798204,40.592747226723404,,
5442,0.04056138789843975,0.10003279690845475,195.3383759055732,39.91990889366474,,
5443,0.04015404692837942,0.09895383819841684,208.83159933535316,38.1613388272826,,
5444,0.041382826753564084,0.10019553275451709,179.48007179851209,45.002018201604486,,
5445,0.0402493310773554,0.10043678976982438,214.30616795891606,36.818134664639715,,
5446,0.040014629107246374,0.09720715717891003,219.74101109464038,36.23221655634253,,
5447,0.041576245119075345,0.10019687196847107,171.18331357350692,44.060797341396324,,
5448,0.0402119848367967,0.10088110177171813,222.41395365752504,36.16769909820068,,
5449,0.0411985582310943,0.09889787136812415,170.0622171194115,45.87936171462607,,
5450,0.04034435025605978,0.10116094281706038,216.09931524096177,36.85257135208173,,
5451,0.04006259957754586,0.10024080307716163,234.9393634799033,34.957896570483705,,
5452,0.04207774852088582,0.09957800175616664,160.12934659119404,47.696393431444555,,
5453,0.040140904804870696,0.100004975258035,221.1023280356292,36.741756640179254,,
5454,0.04073754514399326,0.09935661540682438,184.66099484311724,42.525960215198374,,
5455,0.04032641271155565,0.10081091698343031,214.42770446243608,37.45505100739507,,
5456,0.040412762420215374,0.10023458612280917,203.42965553351073,38.60600317394586,,
5457,0.04126591427916766,0.09923812744228958,173.48998468603463,46.223217923005976,,
5458,0.040349717064416736,0.10333889688719723,235.1410692580463,33.19441865949109,,
5459,0.04020957057018123,0.09951963134537528,209.17711761464054,37.980780021410496,,
5460,0.04311718755911059,0.10227082421933871,168.24855482766966,45.19544478005602,,
5461,0.040062321241917324,0.09850305124005855,218.51676988596367,37.53117815489628,,
5462,0.0404791699759138,0.10077336211065162,206.2248443568005,38.50090625897102,,
5463,0.04230081567006081,0.09952571705065506,158.7853026742615,49.280847242150365,,
5464,0.040004870504835595,0.09593003621631335,215.74050903642217,35.965951980147196,,
5465,0.040407064129464806,0.10018207322571568,201.28976880628224,37.96719738835896,,
5466,0.041275776742743145,0.09943722902117202,173.92739567235088,45.52733161706552,,
5467,0.04184574431032718,0.10157999879709947,182.3568044231199,43.85876714384957,,
5468,0.0405429081031558,0.10045080791883795,200.06594313317234,39.20586526550523,,
5469,0.04113925132664121,0.10065446497032371,182.07768046461257,40.92339318529478,,
5470,0.04078916081909144,0.10262607077321757,214.25451931333808,37.986022550654695,,
5471,0.04117435068370805,0.09889021518613257,167.38763207779894,44.68609158443546,,
5472,0.040116858088398114,0.09973488081202037,219.3227626640134,36.055754324650664,,
5473,0.04016457481307201,0.09960995005653348,215.67557673119762,37.91294027187221,,
5474,0.0424176586714987,0.10035555005646733,164.56445148498747,48.2148173522371,,
5475,0.04070646252721502,0.10100377469703103,200.26175811980005,39.56378709493153,,
5476,0.04190285867877046,0.10228215931387251,186.85226949931132,42.56054574218608,,
5477,0.04013085611749779,0.09965804557837889,219.13866215417548,37.179086919814935,,
5478,0.04018092518281957,0.09774774925337103,197.20920434381904,41.134544087312314,,
5479,0.040112297998917766,0.09922685439277962,218.68196659617936,38.00168516990448,,
5480,0.04036180521154801,0.10039549130407886,211.53247489125505,39.407351803656,,
5481,0.040522830586922826,0.10120227059578787,206.273264449026,37.3618182226543,,
5482,0.04031337562480708,0.1018118372549497,222.4958811353604,35.09098696353224,,
5483,0.04003123806791818,0.09633130284729081,207.4365164851721,40.06449276780885,,
5484,0.04041443941739778,0.10044013048255218,208.25202681673295,39.35472663028551,,
5485,0.040340447755513,0.09903575068573965,197.69685602223117,40.52010118846131,,
5486,0.04028750990581872,0.10000642371714084,208.233174780261,38.00253309714086,,
5487,0.040146098579363285,0.09703722179922161,192.35532694277583,41.20748256496775,,
5488,0.04044527294485471,0.09951716126545976,195.39167248393588,39.99571015293612,,
5489,0.040425481312069377,0.09743844004660707,178.6256757538401,43.66539408913526,,
5490,0.04031055339834604,0.10082219900927115,215.06881242401386,37.169091118991176,,
5491,0.04101445171884974,0.099033784435929,179.44618573365082,46.252588660263335,,
5492,0.040190507756537014,0.097714012899927,193.08347367280274,40.25253063186335,,
5493,0.040796342586949766,0.09989176030007751,191.40320731409696,43.24408259622775,,
5494,0.04019639500148018,0.10103657169363552,224.09926449876104,35.388470943167725,,
5495,0.04050141372128002,0.10004120508567887,198.63377667551913,39.83338064719979,,
5496,0.041222003278646065,0.10082960373733121,187.07179445958468,42.82211730852931,,
5497,0.040687298611743146,0.10109289006237615,201.47487872042385,39.240114947006525,,
5498,0.040128567738437815,0.10045457993419897,227.73166770378432,36.233922070653,,
5499,0.04018142950103365,0.09986821207087597,217.02141140511634,37.90241081812337,,
5500,0.04017929988096012,0.09942038903875826,209.1997946908568,37.21284093489888,,
5501,0.040809571640316844,0.10087381515752364,193.00239352747673,39.26528949745789,,
5502,0.0405411024619726,0.09937565347369877,188.57337556667957,40.30936594794806,,
5503,0.04010468010569839,0.09811923934472518,211.3303985235045,40.2666012235536,,
5504,0.04007936056278895,0.10025933547969494,231.9496844681946,35.33239224611967,,
5505,0.040154827372162534,0.0987179273713244,207.65463184414463,38.9242915813953,,
5506,0.04078130201189678,0.10034943266676896,193.9344266953418,41.69389631293269,,
5507,0.040845396609936566,0.0996130947203082,185.13709431417078,43.11680688848027,,
5508,0.04036583430664813,0.09919782129291377,200.93005016402807,41.55848658256723,,
5509,0.040128217337862176,0.0981713937779279,203.47438813960733,38.68591225061737,,
5510,0.040980036993858784,0.09948674618355287,179.42530965687308,43.60126054823953,,
5511,0.04187840708007325,0.10375406996358193,200.07923442189607,39.899890199920065,,
5512,0.04131157402575096,0.10136914682258547,190.83049028281496,42.5586545945284,,
5513,0.040870929953162695,0.09948097947844911,182.49746116988845,43.1964189443061,,
5514,0.04034565697419145,0.09904478552496003,198.10467060695245,40.76287706774629,,
5515,0.04133022131805661,0.10230969352704723,198.61601942501767,40.96773451542382,,
5516,0.04019614656467669,0.09784079906151752,197.96105619285677,41.595613451132856,,
5517,0.040816188559428514,0.09887532069122887,178.80738559075428,44.012331999706944,,
5518,0.041020112732180515,0.10391574200704093,213.87233601787221,34.886805689866065,,
5519,0.040273691529079295,0.09850855537733327,194.82312752762252,40.070735998899664,,
5520,0.040868086374081104,0.10075273074386924,193.88192354412305,41.0278798601321,,
5521,0.040044854975818014,0.09879548413406607,224.73932012949913,36.3224944895653,,
5522,0.04030594279925386,0.09779406777220248,185.63693599746753,41.27808217054822,,
5523,0.04330107559676876,0.10062211782399304,151.63224730129022,48.48387379245863,,
5524,0.04007319872767672,0.09819885956304003,212.09403619664232,37.75573368069714,,
5525,0.04013752179372652,0.09945664020282996,212.46065089255404,36.16137572944771,,
5526,0.04110778806529937,0.0986977880149642,171.00198561962293,46.08338571399868,,
5527,0.04041572350798154,0.10015063409979338,205.95460836141342,39.973472311709706,,
5528,0.0402514904119541,0.09942410027955738,205.69243154523224,38.74570960357869,,
5529,0.0405144663128158,0.09929007838428491,194.5139585778283,42.279952090577225,,
5530,0.04190339591362184,0.10147766247618566,177.12254588335745,43.0190032169087,,
5531,0.04032103895265523,0.10051675122779209,210.37292255459232,37.29229920658904,,
5532,0.04146598855418405,0.10246142765354757,194.9488244099251,40.389489733273294,,
5533,0.040111892245849705,0.09981428669907716,222.24609701339594,36.39555825940274,,
5534,0.04076149843294763,0.10009953661469863,193.1060314058947,42.298817795302895,,
5535,0.04033737634783944,0.10029439746291777,210.06296993204248,38.71764671840576,,
5536,0.04000049077959901,0.09677634380975972,243.41858034492043,32.887808017179296,,
5537,0.040787883938283316,0.10048750028900334,195.41220159815006,41.6501923607255,,
5538,0.041364206260922964,0.10164316836270519,192.37211524281733,42.35594367699883,,
5539,0.043845379773929403,0.1025633108040785,162.0929207035818,46.095879449579115,,
5540,0.04014969845773101,0.09652044083351642,184.78762543906674,41.21726144973101,,
5541,0.04084254171087375,0.10038904959317352,188.84299226095757,40.63328437995448,,
5542,0.04005611726942617,0.09658610708502112,203.73268862736614,40.92778790453235,,
5543,0.04025233695716781,0.09985329722586639,205.4613547025668,36.61944228257513,,
5544,0.040043253348160356,0.09983730362876445,231.52293614565738,33.46975001878888,,
5545,0.042244010908483266,0.10344736255848326,193.23540813113078,42.03981905418408,,
5546,0.040076049661606064,0.0999009108724925,222.0547000098436,33.29434743149015,,
5547,0.04059828054383644,0.09916382572225935,188.7414242842884,42.490743544433556,,
5548,0.0406882079879688,0.10023060483514597,195.03237472274614,41.14834972650803,,
5549,0.040500960745200425,0.0998248435071916,201.39524175737924,41.84365253151417,,
5550,0.04124005860200479,0.10112482846351285,185.87798364370875,41.18321031178302,,
5551,0.04019712903031119,0.09991736575896533,213.38778815824034,37.0464342629295,,
5552,0.04109323170088659,0.1014191414073112,196.45604221912998,41.73601808268489,,
5553,0.04001950883727228,0.09839400491321351,227.21256810561252,34.57672917069079,,
5554,0.04080208495325543,0.10074208877437182,198.15947936291175,41.607553982450035,,
5555,0.04076903724827944,0.10117274799086402,199.73479243105288,39.57127586457901,,
5556,0.04093897657582037,0.10054028419604287,189.45808928442048,41.49401106319993,,
5557,0.040237937408301214,0.09929953365033996,205.28195843839364,38.72917739503518,,
5558,0.040382533599281775,0.098988406434365,198.04725920131028,41.98264671141253,,
5559,0.041230855849828746,0.10250067646501419,199.37063723948503,39.190624152849395,,
5560,0.04018738952830975,0.09979921781036137,212.14633860385246,36.77237146993645,,
5561,0.04035439509996086,0.09813781029587597,189.39011816128033,42.30562168143443,,
5562,0.040632476842444414,0.09994632815107472,196.56901931361762,42.095360052328765,,
5563,0.04015445085143908,0.09817802658760676,204.75047898485676,40.48955281268533,,
5564,0.04030357187506295,0.09703133811048935,178.86656416207995,42.50363014017671,,
5565,0.04068554801259077,0.1026244239481188,215.69427178629036,36.82827447477474,,
5566,0.040176475658998186,0.09974006302835882,213.46123507388296,37.0469857251578,,
5567,0.04066137108271134,0.10000811349353282,191.54200195703177,40.53210518733555,,
5568,0.0400260458735644,0.0988179253012305,228.55778905212134,34.51559385644054,,
5569,0.04021148899500212,0.09936512785874219,208.584646171336,38.593097056128215,,
5570,0.040659160212228915,0.10072415013063267,198.82015179096393,39.60229900616215,,
5571,0.04015254142759453,0.09671469600919019,187.27261901732214,41.297947533906274,,
5572,0.04040625131652902,0.1000112136769078,205.8519212453183,40.382799088211925,,
5573,0.04030426015636827,0.09922006098198048,201.78874620810723,40.03760114476027,,
5574,0.04062515002719261,0.10051181494064255,196.9779742311242,39.37591243881054,,
5575,0.04014304650691975,0.0999816757847907,220.13436032452563,36.62525917033122,,
5576,0.040110806759782194,0.09737896518664337,197.71242550413183,39.436196789820364,,
5577,0.040582432676313,0.10028050031214224,200.7926599399714,41.05082963726088,,
5578,0.04029910424886628,0.09899122335394425,198.5503106174848,39.84583522516947,,
5579,0.0406919828603407,0.09952122176439103,186.66356302358892,41.68641667103137,,
5580,0.042469358464179555,0.10311247112469615,184.25498421202343,42.234343158040126,,
5581,0.040025080639573954,0.09565775355400163,200.0886826259422,39.536932751019876,,
5582,0.040986958105163514,0.09798201150646302,169.4140465569135,47.43128579729367,,
5583,0.04037334193152214,0.10088108963790271,214.6764749067925,38.471094527821656,,
5584,0.040480822480761236,0.09903387722828973,189.55271735864198,41.058063447534074,,
5585,0.04045320703653068,0.09953167574276174,197.63611690973076,40.897048056017375,,
5586,0.04024372253510534,0.09917827269449608,203.9648819391878,39.054801169244094,,
5587,0.04116613415281676,0.10245826340798692,198.96713223459307,38.49198192212683,,
5588,0.04003163148560231,0.09733361178230791,213.46668050923532,37.418692985090374,,
5589,0.04085911372554602,0.09953264068052872,187.93213832557564,44.692919691656954,,
5590,0.040101251896613566,0.10169651375923722,236.53583892608063,31.64607275415158,,
5591,0.040014047523148986,0.09845718369727818,230.10094076791472,33.64976340246294,,
5592,0.040123585796885436,0.09875759658091998,209.66053123285232,37.76972427928661,,
5593,0.040370133628850745,0.09839502820436923,193.80181287550118,43.0338456682115,,
5594,0.04022963324762278,0.09910464224488082,202.64474400110893,38.4402117325328,,
5595,0.04012435533742349,0.09928665850043616,214.3783435756583,36.92312295134391,,
5596,0.040067355946874,0.09714366319989676,203.52425457532476,39.29790661396985,,
5597,0.040438085848314764,0.10170514123049229,217.3296177407722,37.000906074135195,,
5598,0.04029595845971831,0.10003732930474987,206.67479583687594,37.56301562597707,,
5599,0.0410655776179789,0.0993721347483178,179.47326185696676,45.28591995060276,,
5600,0.04040000751679851,0.09961717148733225,198.3441181302538,39.48504508038335,,
5601,0.04060307420483437,0.09984994606434834,195.1615707882842,41.52994212638613,,
5602,0.04038217766800603,0.10057492023776277,209.383451373366,38.30842113242987,,
5603,0.040095756988214354,0.09878052111882286,214.81959115521096,37.68899081459046,,
5604,0.04150640607389082,0.10005337953352425,172.81644989092285,44.62939079479009,,
5605,0.04056997634190373,0.101541714927521,210.1612377680868,38.02564875752515,,
5606,0.041077455121810505,0.10208978552440881,200.94658234475492,39.88262788716164,,
5607,0.04054571626151409,0.09851837655496548,185.00844593954804,43.284922921966654,,
5608,0.04183384463081519,0.10026868936200346,169.47468715388158,45.541767400418365,,
5609,0.0406574299613318,0.10204264444206122,209.8596188165512,37.097206765452036,,
5610,0.041155542083979445,0.09954086648448071,178.81195273142913,45.34841357395306,,
5611,0.040114025960391674,0.09848803729156647,206.5636256746723,37.40330582649398,,
5612,0.04043017099841878,0.10015836058721829,204.31464856876872,39.698386802203856,,
5613,0.04050011182803889,0.10068308306213043,205.9663401198409,39.29217795180006,,
5614,0.04062220832794615,0.09956977510295593,189.62022307492418,41.27803220224251,,
5615,0.04109847699384002,0.1010458054299598,194.73487328486092,42.99778987483806,,
5616,0.04013085481794524,0.09905469837894068,211.59392213843927,37.431869624506255,,
5617,0.04003204623771383,0.09609766622274997,203.57317629360168,39.97125000045907,,
5618,0.04082966658482975,0.10050283933182602,191.73545817868867,40.91295937782558,,
5619,0.04309740666755976,0.09988350406526793,148.57925701414595,49.659377341867284,,Paste viscosity low
5620,0.040293296142589245,0.10110320444307251,218.74991808179254,36.59278094962029,,
5621,0.04003929408071637,0.0972949795824592,210.99593208992513,37.95460840497762,,
5622,0.0413144055716695,0.09960578458029531,174.59564931890677,45.38119901784059,,
5623,0.04037681127128268,0.09810875470084005,185.61849614323145,41.70141698812004,,
5624,0.04057221667548049,0.09969149028460318,193.58655456369038,41.15948299282818,,
5625,0.04127753826082921,0.10131997425597622,189.78807795871248,42.04728117212713,,
5626,0.04008168899475896,0.09999933012902075,227.01436480933398,35.037345054079154,,
5627,0.04104495257758504,0.1030310883420805,210.2599123689512,38.20778093832099,,
5628,0.040575376620791734,0.0979192574387957,173.9423858792511,42.85083373480592,,
5629,0.04040822646609676,0.09905500566678284,194.9101677942261,41.18970354118661,,
5630,0.04002826997161986,0.09876875512490227,228.09119071219826,35.030047662624234,,
5631,0.040064527300309544,0.0990017336033668,220.87863337239332,36.173239324511755,,
5632,0.04007386710904305,0.0988612188933855,219.28015133950962,37.14989933190244,,
5633,0.04045364579914429,0.10192497258231499,217.26601582088205,36.2702178768705,,
5634,0.040154653150914134,0.10009674686785758,220.30722854854275,36.718502762135245,,
5635,0.040259451294697615,0.1004434454106692,214.41611144228548,37.16844212156324,,
5636,0.041421075370867394,0.10322283653740842,200.8564786353199,38.32568676122141,,
5637,0.04046262123399756,0.09882093121111873,193.64653953984188,43.13343100588122,,
5638,0.04076077508104127,0.10106461259258019,202.89446638267475,41.0785375010793,,
5639,0.0419585211986463,0.10302392399348391,188.74418377605014,40.1304806046436,,
5640,0.04180525171024437,0.10170825753023613,186.00852693332695,44.16159112048558,,
5641,0.04000032585840553,0.09677128127705266,244.5425450086583,31.920626838996796,,
5642,0.04000855623347778,0.09557662965802692,213.7918060236087,39.47279532228694,,
5643,0.04198899790537065,0.1027829686626104,189.57910094313002,41.851927415264136,,
5644,0.04000319634080483,0.0964402067199134,224.63764628709956,34.8837132492686,,
5645,0.04075251227939289,0.09807756787279238,174.51295691953737,45.364773582776905,,
5646,0.04056275709679196,0.09934554747030269,192.29070340190108,42.191515412035486,,
5647,0.040022179953291874,0.09978140165350988,239.3360276428569,32.81453807610486,,
5648,0.040292758291458765,0.10025950664127482,210.15499216924223,37.619851286858484,,
5649,0.040322726722228586,0.0980881067371683,189.58841639169404,41.740689380893535,,
5650,0.04051878611656802,0.1003901954834559,200.51116080959113,39.1695776888752,,
5651,0.040384057040932814,0.09841213605135835,191.17538132111895,42.38063080762605,,
5652,0.040366443793448344,0.09881680491197403,196.16912673423252,41.735361642195556,,
5653,0.04051534321360657,0.09851338192038399,184.72013772789862,42.59478843536044,,
5654,0.04057163336223801,0.09871545533255438,183.64236982861868,42.35515222035639,,
5655,0.04138785786817972,0.10094967704472156,184.18501803985856,43.07250835432402,,
5656,0.040087938880006405,0.09662743002903679,195.4136330395658,40.66829421336399,,
5657,0.040086464397015194,0.09798544342760368,208.97750477871068,38.780063825979944,,
5658,0.04100687812287052,0.10164775009182936,198.62375287931505,40.29075408792427,,
5659,0.04102253772625,0.09995943523124676,186.68094803293542,44.43868975427541,,
5660,0.042321272154399944,0.10326874866597105,188.4020023362143,41.807052100642885,,
5661,0.04006701636561522,0.10069610142029194,234.01814061490026,32.86220285778039,,
5662,0.04016415536291356,0.10008885018948048,220.25165989814377,37.19412444515956,,
5663,0.04005914256679305,0.09948788165922155,225.43460014292071,34.888571393142286,,
5664,0.04003050696490696,0.09841224731055614,224.14782379762562,35.776750167041634,,
5665,0.04140088819863576,0.10151850249767642,186.9343749525718,41.43357714291508,,
5666,0.040188520197030404,0.09689788885123353,190.7912695409486,43.302926051001464,,
5667,0.04000595211622116,0.09675034527736504,221.50998659918758,34.90449184020971,,
5668,0.04020151131668093,0.0987646347592962,202.79843777364817,39.0575111066221,,
5669,0.040048824618350846,0.0990713740610861,223.69694363771347,35.12356432669778,,
5670,0.041038791272875824,0.09731350833528672,160.6374600251405,48.24342981088508,,
5671,0.040174518015451674,0.0961769957273016,183.5148899696279,43.607650498551656,,
5672,0.04001177621300909,0.09673731760122964,214.03407257659907,35.43987196765735,,
5673,0.041827915286917344,0.10028254686413232,171.37635247525637,46.09233546936143,,
5674,0.041599350128811184,0.10070924504756255,178.63742521239493,44.44314548236313,,
5675,0.0403611524097137,0.0979863350789213,186.971199360339,42.363373996994056,,
5676,0.04092121261010314,0.10267637691595509,210.24218987519453,38.261295891053756,,
5677,0.04024106927208964,0.09862146513812753,198.2703644329376,39.64232937825582,,
5678,0.040067204095479265,0.09764827407841482,208.37043136212304,38.555569236120036,,
5679,0.04103169815167798,0.10064535357453533,188.58598974701215,41.9157958783334,,
5680,0.04000505166671693,0.09624279531621178,223.03965047470643,37.186649625824984,,
5681,0.040111027856055276,0.10102062699966466,231.8482989472517,33.900611109411834,,
5682,0.040133750709290886,0.10180554828991162,241.4523878112775,34.837450813697345,,
5683,0.04194904648517076,0.10255495636365178,190.3719749576515,42.888536892652155,,
5684,0.04081776708041801,0.10163445403617369,202.3850692107357,39.02490333916998,,
5685,0.040188422352772625,0.09847621697410468,203.7763454618394,40.25494435352176,,
5686,0.04028733820328705,0.09782251893635649,190.98893081394328,42.464007249144025,,
5687,0.04215616740899947,0.10223323093380583,179.88511544250673,42.486290970458164,,
5688,0.04090369127036724,0.10166415386042388,199.7704568286281,39.21115131424337,,
5689,0.040268854675581896,0.09821910614733255,193.01950447049975,40.676070484127095,,
5690,0.04113734422155701,0.10199895142529011,201.01103365131925,41.08510824755781,,
5691,0.04089451709004568,0.10217476626339995,202.08699560948358,37.43164102407277,,
5692,0.04050145739257887,0.09951213891903114,193.2284092787872,40.4831595389901,,
5693,0.04310372804203439,0.10188640056803065,167.1129447472612,46.563700470059345,,
5694,0.04108947401962921,0.09944001734463292,177.49988784922104,44.56243952528811,,
5695,0.040148850565880204,0.10062396707792416,226.6397037006985,36.1159943775304,,
5696,0.04057719048946761,0.09989871600552828,196.0854156571975,41.13496329170684,,
5697,0.040830747652451115,0.09837967626898975,171.60788391881468,44.08500731658856,,
5698,0.04010796654784484,0.09960703421312353,219.01399300196542,36.00527677824226,,
5699,0.04185981257712081,0.09972129018103788,166.74342103729387,47.45586267411988,,
5700,0.04028632173258343,0.09890860208114298,199.28246627429192,40.11138648965768,,
5701,0.040389811690090344,0.09957859864003432,200.90534938488804,40.32270041350881,,
5702,0.04273895665007401,0.10061206973982266,158.8280051705674,47.31018970005099,,
5703,0.04099611644107816,0.10136262362629118,195.0382488850179,40.26114562572472,,
5704,0.04064118839758168,0.09853323697595838,181.22477402956704,43.66350364993856,,
5705,0.04031188145255691,0.09956686492393531,201.93316998242219,38.638199273771846,,
5706,0.04068232147851781,0.09811390999928828,177.82163154404478,45.20248543420571,,
5707,0.0406726421332881,0.1007728370473571,198.511836734362,39.491217813079075,,
5708,0.04047864247430581,0.09914885950745382,192.69552676898925,41.56437818660819,,
5709,0.041059857755074806,0.0999707887676839,180.00233826209777,42.507542543904435,,
5710,0.04106591999399942,0.10182607171091304,197.59985821564803,39.830127520107126,,
5711,0.04077713550339904,0.09904101669214696,178.76552898726146,42.59823893272897,,
5712,0.04012722305837984,0.0996360507975567,219.51674177955059,37.21344041668325,,
5713,0.04038426827478925,0.10193489743028238,221.0177818515218,35.89580791363219,,
5714,0.040474481000998465,0.09974619951031517,197.1632110830018,40.1644185168466,,
5715,0.0412464928166197,0.10204316137455466,198.62851713139574,41.319324130700146,,
5716,0.040445388233963674,0.10151092090196778,214.5304404225289,37.11872071767851,,
5717,0.0403891268863635,0.10113125315373726,214.87432085737913,37.73296404574286,,
5718,0.04016558234428513,0.09738003967083853,192.87960059548175,40.690229925588014,,
5719,0.04247173374758001,0.1003532917548807,162.2344072547791,47.81311201903122,,
5720,0.0400371130027847,0.09717939993953907,207.14432814632588,36.82805811548208,,
5721,0.04065446348934757,0.09919124904613194,187.3844234224274,42.89144999288883,,
5722,0.04159012908753789,0.10100495729635817,183.7745776916407,44.73649568563745,,
5723,0.040382985988263134,0.0989948908867754,191.85255709733022,39.77690372482122,,
5724,0.0437589852893378,0.10578036677260902,193.47019202843182,41.1195370626183,,Stencil thickness high
5725,0.040038298431073704,0.09569355616837495,194.90889782417028,39.86860148826019,,
5726,0.04009382775328292,0.09840751800319626,210.06959668332132,37.67652370133982,,
5727,0.04116051579690567,0.10216850437186721,199.76765054008587,40.107099244571565,,
5728,0.040008839003317594,0.09792232252929126,228.87249654187048,33.60967859620844,,
5729,0.04330829013546902,0.1033867050224646,180.34545700369523,45.304147539335204,,
5730,0.04027209082922535,0.09738299288593062,187.80663975573862,42.98145236333123,,
5731,0.04029541484643474,0.09649879027637256,178.6785503690573,44.764289230884586,,
5732,0.040091628607321655,0.098685692555165,215.6564238795637,38.14317911674353,,
5733,0.04227243794467888,0.10292050381010255,189.423330523354,43.466028830084056,,
5734,0.04076474023766624,0.09927800950633672,185.8842775846448,43.770921611480986,,
5735,0.04026696275995494,0.10138410400924609,220.14382035607724,34.89349826630699,,
5736,0.04026016000682358,0.10128003928715137,223.11347254902063,36.21905848602059,,
5737,0.04059814052547364,0.10363643494821027,225.94831428646205,34.00739668238299,,
5738,0.04043647828627985,0.099687878911175,195.49668134301157,39.00635058104713,,
5739,0.04083197985381331,0.10173868510711047,202.9751078878609,38.94244299677027,,
5740,0.04074318853343179,0.0991149169771292,184.78944614471857,43.82988805745919,,
5741,0.04011506719928862,0.0992053839974546,213.1054174449177,36.31027182451154,,
5742,0.040269384032271364,0.0981242060554869,191.83421316554774,40.73359321907301,,
5743,0.04037525264800732,0.09692294424403716,176.03650012813108,44.009647054929694,,
5744,0.04002123536432234,0.09841628740288694,223.3437306490889,33.540711463802076,,
5745,0.041048724161142885,0.10247010507692948,202.7555050587226,38.31855506282276,,
5746,0.04153253839557918,0.10033526421511513,178.06420772696447,45.38378990013258,,
5747,0.04000786005941825,0.09475887100128583,205.34726368871907,40.05853585699396,,Stencil thickness low
5748,0.04041292270150874,0.09913112798967157,192.4006931318768,40.04956641728288,,
5749,0.041288099921209284,0.09847647146086726,165.19100130286367,47.22538826454102,,
5750,0.040365092335594974,0.10032941932643856,208.04528885231534,38.582406902976395,,
5751,0.04230824295840222,0.10356002596015308,191.6401165687854,41.44037128694749,,
5752,0.04006190719780398,0.09976170580300968,229.5234550581311,35.29214750115764,,
5753,0.040556275511251204,0.09952121558522356,193.37662695671872,41.599930882976324,,
5754,0.04000142470242975,0.09792345306601873,245.71178003200703,31.98915005431223,,
5755,0.04037721485104788,0.09925324069372038,196.08693716783446,39.876012592019,,
5756,0.04030138154082263,0.0986654952102578,198.63981725220808,41.51974504859294,,
5757,0.040708209860768944,0.10095960819217635,201.47941719403684,40.23583510222026,,
5758,0.040563117480769774,0.10130833457505695,207.78530467858093,38.182642678567,,
5759,0.04025994312762184,0.09934415674132317,206.47340759368046,39.69348248159914,,
5760,0.041219617415693494,0.10205211539191368,192.24822620569392,38.71433475032937,,
5761,0.040673276369887504,0.09903566573392934,186.82695105282573,43.772175180435745,,
5762,0.04111090352773634,0.10026904121084555,180.73084424489878,41.96323642671692,,
5763,0.040438436978732645,0.1003354630452875,207.2772426703278,40.07955534966504,,
5764,0.04011613997205954,0.09815175961718423,204.62811912515414,38.475592714301044,,
5765,0.04000078359272115,0.09642775486219506,237.66821007283122,34.184275767228264,,
5766,0.040629537499132,0.10170501935105591,210.17386527026727,38.34612473055376,,
5767,0.0401541532053884,0.09828464785274946,203.221480896918,39.42021331832298,,
5768,0.04103031633083286,0.1030212752707458,211.5963154228334,38.53797441131434,,
5769,0.04033620411115084,0.0984313370560512,195.33340672300963,42.489118224685086,,
5770,0.04203712393908469,0.10265345228231908,188.3478105180308,42.45303229650811,,
5771,0.040273622721036746,0.09966260551048617,210.92050964475249,40.1728110099925,,
5772,0.04058369473585727,0.1005497326256663,197.98999431684422,38.78493103819552,,
5773,0.0403928415075182,0.09993408971661394,201.3670882350184,38.84356625036105,,
5774,0.040120164255661304,0.10049550265489435,227.76331106592806,35.55864487536645,,
5775,0.0411742168458369,0.10190656280135306,198.46319647057382,41.076232964627366,,
5776,0.040290426399864084,0.09965190369558968,204.84030393609606,38.60846467256931,,
5777,0.040324444860118595,0.09915582774676207,204.3051190327353,41.823909088783516,,
5778,0.040104465028995916,0.0987994833961705,211.14107905855712,36.89886882778661,,
5779,0.04006930231746179,0.09944691926173485,221.30258798558862,34.62412844401038,,
5780,0.041046592836653475,0.10266350230717493,207.25695506599786,38.94521190518213,,
5781,0.04012402888657573,0.09754262319152732,201.88501221504492,40.922093984668315,,
5782,0.04062785626866805,0.0999382981453793,197.68039621147977,42.44345895925816,,
5783,0.04017791596913108,0.09838398477419788,199.8738727105731,38.86843866974218,,
5784,0.040293230940466045,0.09835131781421759,193.50527764968135,40.97879690285026,,
5785,0.04134858228586835,0.09984913588428597,178.41532816422546,45.9292121092025,,
5786,0.040103902145505896,0.09759384140145201,200.95070620203512,39.090649999872156,,
5787,0.040939710436040125,0.10127417393670203,199.53217994843578,41.51303864806731,,
5788,0.041572709576541536,0.10105369212148321,182.91137311802476,44.02438938392192,,
5789,0.04074475996902021,0.09984264373397386,194.34004598595993,43.70908580966469,,
5790,0.04064504071568172,0.09946125824457079,188.82135420125977,41.928405405307224,,
5791,0.04031163438414294,0.09744148426955757,186.40875301880874,43.421866279937255,,
5792,0.04089938932349478,0.1015344499159181,199.03369393737592,39.51705024741934,,
5793,0.04075541890301774,0.10134517352143568,206.21212136647833,40.80880769961238,,
5794,0.040693218319408364,0.1020011855427142,209.87491803831236,37.915533861650076,,
5795,0.0419256216173659,0.10213041476561097,187.17761742969887,43.608379573821544,,
5796,0.04001906251065775,0.0992454402601145,234.21273059457073,32.814823282720155,,
5797,0.04056487206007903,0.09771395948756256,179.00207194155274,45.426468977675455,,
5798,0.04141777557338532,0.0996236925665209,172.5600859767444,45.695546396916114,,
5799,0.04090574257449119,0.09917632760236575,181.44619081957438,44.79419454197977,,
5800,0.04039715316637821,0.10114554094850141,211.2221029245663,36.57458228921628,,
5801,0.04001379629152059,0.09786713259205324,225.13037323670554,34.658757168057235,,
5802,0.04013196063328471,0.09789459096521577,201.80308650045595,39.643800734546666,,
5803,0.04038887219306677,0.10068764900317444,208.54073984662207,37.63501102441603,,
5804,0.04032781779459484,0.10003962848067224,208.09309679685907,38.98610179281209,,
5805,0.040101499244579494,0.09868035158530628,213.34538957637034,38.052639499890546,,
5806,0.04027415216241965,0.10119968801747405,217.77452162503914,35.18188311324791,,
5807,0.04048971547493021,0.1002633202189591,200.21107364591853,39.069561681986784,,
5808,0.041823920671438364,0.10238799483054964,191.39768872255218,42.948414973527385,,
5809,0.0406819162082975,0.10099860361942176,200.88578284640698,39.396512750816434,,
5810,0.04002694482553674,0.09661091586631071,210.4633563860763,38.97616580684421,,
5811,0.04001800730727818,0.09868291736811631,232.3963321363695,34.602533672327816,,
5812,0.0414220171147572,0.09951061272702194,168.66285870198953,44.91152731784168,,
5813,0.04048664481144218,0.10197740952175881,216.83013481921617,36.586511984410464,,
5814,0.04019895261821947,0.09841686339927354,199.78204885262494,39.569741030523275,,
5815,0.04105052152675304,0.09956424899873964,182.88725420063554,45.370603071006755,,
5816,0.04096023116623782,0.10097373213366412,193.15442673665095,40.99445269003439,,
5817,0.040801923128289674,0.10193070072287445,204.15993187846288,37.97958231285542,,
5818,0.04001709340633776,0.0969556979011003,218.45172914618922,37.76477030902034,,
5819,0.04026544738620619,0.09927193527704486,204.2420557074592,39.43764062174015,,
5820,0.04038583686606023,0.09863882417431616,189.7911386352722,40.84180627128564,,
5821,0.040368482689302695,0.10031884308174889,206.82568405950974,38.291606244799084,,
5822,0.040288756553677654,0.09901487621039565,198.28972083009134,39.323246074656716,,
5823,0.04078277959968176,0.1023327767172448,209.85022399430812,37.750278847761386,,
5824,0.04073168363982607,0.09900439792640812,181.7729573075317,43.11380944713345,,
5825,0.04000717008178783,0.09546137675893596,209.3328873177688,37.6578891041843,,
5826,0.0400254094514299,0.09792118461410525,219.37196796740736,35.474760277234296,,
5827,0.043428392113186144,0.10318874883943754,174.373610485451,44.90622846378268,,
5828,0.04039472237763164,0.10099436249757884,213.3085789650422,37.98116272180162,,
5829,0.0405808152823086,0.0991799650794753,186.90077668602422,41.43558770722757,,
5830,0.04104961795084058,0.1014786214597617,193.25683136748754,39.768687184155986,,
5831,0.04093693523473833,0.0999450216709497,187.58486686429399,43.68094623073625,,
5832,0.04128429966944596,0.09997950318018056,176.36298711687363,43.862856291742744,,
5833,0.04012164511235686,0.09900480933220125,212.78507137880635,37.56375616530116,,
5834,0.04069947220281311,0.09860160928057853,179.87996992126872,43.8615481100517,,
5835,0.0413369187057741,0.10143039312811901,191.67591090090934,42.84081915059568,,
5836,0.040725112604013555,0.1010289344050504,200.61894774241267,39.87527434805963,,
5837,0.04076977123368947,0.1016521202541749,207.1850486643677,39.89558516742159,,
5838,0.041240187913419185,0.10106978206234533,187.46346334026236,42.01011002886259,,
5839,0.04005292707773209,0.10007943607317482,233.0267205811905,34.03000524864683,,
5840,0.04164184837012133,0.1043758774744217,208.91411815038578,37.8245523810833,,
5841,0.04014493997785908,0.10046383145882885,222.2138086103516,35.12784412312196,,
5842,0.04008806250168973,0.10073965929806374,232.2640242359556,33.81235664651254,,
5843,0.04022393569887706,0.09926957091606363,207.65044938878785,39.199162728458916,,
5844,0.0402655601741843,0.0987402976600163,197.03077469560452,39.465405217464685,,
5845,0.040196761192631124,0.09919718220808373,209.4878532206822,39.13480650779508,,
5846,0.043157963677883306,0.10145335081706941,161.54221479924482,47.045119791723415,,
5847,0.04017343538303695,0.09862328038948746,204.5467063868583,39.160889735555145,,
5848,0.04051921404772532,0.10197296216846471,214.3612499623796,36.418287241263926,,
5849,0.043613409149322685,0.10279125236287359,166.69206698210255,45.24660253966489,,
5850,0.040023938218137496,0.09735657821189687,217.81809036844254,37.337864205311426,,
5851,0.0404263709772806,0.10019979230225744,200.07751657065498,37.914208888730414,,
5852,0.040686267152983846,0.10042295459521873,197.019972500966,40.88751813875362,,
5853,0.040473473364924024,0.10125468745192967,213.3972026861517,38.58247236275541,,
5854,0.04193568109891551,0.10086946663524193,169.58020784696583,43.57913948298314,,
5855,0.040414720440071744,0.09986983478099501,197.14347770287108,38.197090314034206,,
5856,0.0407863808543039,0.09837486343519208,174.7707766021733,44.55071079018331,,
5857,0.0410881822742634,0.10110519460267536,191.49028033138717,41.437574825440294,,
5858,0.04071405040057932,0.09815770432638579,177.4596383279511,45.394274498018035,,
5859,0.040203823597763394,0.09903534423258209,203.82280548791493,38.20387841981494,,
5860,0.04183231817537447,0.10098289238221501,174.66022994728922,43.907077513995155,,
5861,0.040607900950602,0.10173924355289828,211.00990900814867,38.08290964516313,,
5862,0.04029782419854196,0.10018942809879744,207.17547238415247,37.06143918695544,,
5863,0.04038519000047296,0.09924333148756449,196.84610605207615,40.3942329476378,,
5864,0.04105308168262281,0.10090556697537462,191.23664455463083,41.86887659056972,,
5865,0.04014446588234049,0.09976325674963797,218.77606399799015,37.27511233594413,,
5866,0.04006662880898911,0.0984521808119257,216.75785670484888,37.57658781296905,,
5867,0.040728947100227925,0.10072470412561192,197.6240819767202,40.350871733634044,,
5868,0.040336039298059755,0.09606179989861413,168.7955046597088,44.5688785093185,,
5869,0.0400549663751775,0.10030935233072842,233.68913197888423,33.38261659440975,,
5870,0.040059181016856994,0.09962493803291526,225.6315664276703,34.299899249114,,
5871,0.041068051627061564,0.100826199715322,190.84425577751946,42.30426722233227,,
5872,0.04000542316722226,0.09708787870203606,228.8275232530456,35.451343059959065,,
5873,0.04080712170894337,0.09914978570517367,183.10876537024075,44.06673611578992,,
5874,0.04045859954025568,0.1021933168837213,225.7063378508524,38.06284208372372,,
5875,0.0403124484694127,0.10154194333259912,220.91127180769072,35.80875033705351,,
5876,0.040660364169762216,0.10176942087929976,209.96887609793063,38.50690805186143,,
5877,0.040262883179161504,0.1004908039248918,212.96944590386565,36.5434741828048,,
5878,0.040138115587258466,0.10052921346061269,222.58735554365876,34.58441371201691,,
5879,0.04135607590650633,0.10015936503277813,174.2112527928237,43.028505122639004,,
5880,0.040289537969259014,0.09798274661593076,191.89596785084296,42.078091140491985,,
5881,0.040170696116239725,0.09740328185136124,195.630707064752,41.78491058954447,,
5882,0.040091198151256405,0.0978701048923207,206.20981125972716,38.718577056101644,,
5883,0.0401191005757801,0.10021254586132453,224.52269672921045,35.71855173850479,,
5884,0.04066163709391051,0.10042743091358827,195.91061749866637,40.052284961688116,,
5885,0.04330440612083754,0.10215726387742852,167.36166010271543,46.63816075611661,,
5886,0.04127017851631011,0.1009399079942159,186.37293620111527,42.59526163512379,,
5887,0.04138300047420146,0.10194982559435377,193.35300559259628,41.42315966280006,,
5888,0.04298064697001266,0.10224549021872392,173.9269267264862,46.4141935733238,,
5889,0.04027209782879548,0.09972530089106012,205.96477556286845,38.072014608701174,,
5890,0.040577604270146964,0.09939660331930837,189.7220449486019,41.32343272445203,,
5891,0.04437000045627869,0.10285557132935913,156.09388437738073,45.50081689644589,Paste volume per aperture high,
5892,0.04034904534121512,0.09986776332101703,205.88703606437522,39.624603604960924,,
5893,0.04246506514087792,0.1036031252297868,189.29316577237194,41.60916447508641,,
5894,0.040400815579922686,0.10061432414591216,208.3467616543602,38.21661452734628,,
5895,0.04033109213803109,0.10080776222828144,212.82917182913562,37.038221136384465,,
5896,0.040006037352107594,0.09800604666311775,233.78137255570365,33.229784048938235,,
5897,0.04073683451043693,0.09877031160479952,179.00209800397764,43.35043915429027,,
5898,0.04118515253001148,0.10110258785381425,188.34434344971316,41.520026527362724,,
5899,0.04008587375902168,0.09899393926950877,213.52599785397913,35.46673281132426,,
5900,0.04092731310658567,0.09979592985392684,183.81162953921282,42.93681180330832,,
5901,0.04011243147565561,0.10117146950069163,232.7521185330222,33.57939633311443,,
5902,0.04111838871162524,0.10060337067029494,186.99177070376865,42.64934140227588,,
5903,0.04087630614112086,0.09953157352950866,184.86644535736775,43.865452172061524,,
5904,0.04049396877827777,0.10153581103803025,210.15452937089887,36.520480297152886,,
5905,0.040809201587045686,0.1004671199274703,193.95664151902673,41.561355283800964,,
5906,0.040503070024014744,0.09930337393987829,192.43747309353546,41.24649074215295,,
5907,0.04053640307572647,0.09643013023269266,168.9157089077499,47.510599960981644,,
5908,0.04051011392663903,0.09767628135982119,176.70664404655417,43.703681592733126,,
5909,0.041023849248788206,0.10228829682118204,205.75438923998576,39.93403718148195,,
5910,0.040273505630870524,0.10147195340436074,222.94814310146467,35.67118198347648,,
5911,0.04090777937346596,0.10372006816578905,220.24583024170687,36.56046924134021,,
5912,0.040013198510288145,0.09592775704450648,208.34359851293834,37.89060691638551,,
5913,0.04015771639206028,0.09898421780932141,210.08850373918435,38.63756529391274,,
5914,0.040539493438148534,0.09889988788783965,189.66066920124,42.959667847393696,,
5915,0.040033994145468564,0.09811251393515026,220.81306032838128,36.648131238488425,,
5916,0.040005080059848236,0.09512616824248367,211.56269453563849,38.55594711987338,,
5917,0.04002670333201974,0.09630422403317891,203.3660920632253,37.905195743115726,,
5918,0.04185238522465657,0.10384319012363756,203.1619592943473,40.32494582889956,,
5919,0.0435095216548842,0.10533395211838524,194.74676566979093,42.23039364518913,,Stencil thickness high
5920,0.04085358771685155,0.09994365747487984,186.0756071508153,41.97120743331867,,
5921,0.04089681042709974,0.09977028917540208,187.8283107266879,44.05018777624239,,
5922,0.04065521930537843,0.10061717632814837,197.23703012609292,39.491829530269236,,
5923,0.04009095566944609,0.09752986788054412,202.78845654694197,39.137213737226496,,
5924,0.04009554346268814,0.09897748480754272,215.0652777098543,36.808818792451625,,
5925,0.04027064496871302,0.09907392091201282,200.47780995037172,39.23598693165452,,
5926,0.04022191332704472,0.10120730285623881,222.12565488400094,34.86899263634177,,
5927,0.04149080815464112,0.10214081450510096,194.35923799146298,41.98615668440655,,
5928,0.04084111874125454,0.10006811009378734,192.0041348687216,43.27832284768584,,
5929,0.04042197418704713,0.09859255229039056,193.34044664378433,43.19886833541831,,
5930,0.040401595579350184,0.10014626578960581,204.41888305513598,39.111163359900004,,
5931,0.040121871511965536,0.09960772567018145,218.21565215491268,36.58035968199325,,
5932,0.040790811726824736,0.10287273295115282,217.14555778221967,37.839847649971446,,
5933,0.041725862440658686,0.1017085965543579,186.09225782931532,43.456930986073665,,
5934,0.04116465653775468,0.10112369061322811,189.65851689932563,41.63769087900071,,
5935,0.04050846631998703,0.1030270781628243,226.38035647853204,35.34481734455172,,
5936,0.04001582411009017,0.09496413937100878,197.02422174237893,39.44108650974254,,Stencil thickness low
5937,0.04012173470770265,0.09869851834730338,212.37873123690215,38.90552872463105,,
5938,0.04006355057730849,0.09914484457908175,219.9168807390639,35.04663686165375,,
5939,0.04329384512420495,0.10146359826052478,159.29967269678502,47.07787087988611,,
5940,0.041143456998813194,0.10088203785110224,188.07351170764153,41.99057997652373,,
5941,0.040289656444301915,0.09714396143092639,184.84599160794372,43.64671745895217,,
5942,0.04014524192584221,0.09987866829417656,220.83302838306707,37.483457639172045,,
5943,0.041536470983843374,0.10201468185336732,191.16941506856497,41.93350389037903,,
5944,0.040171498909553786,0.10037266354370525,216.93491643814957,34.99223756408334,,
5945,0.04068772307494709,0.09951795452728937,185.09292655293484,41.076112952089495,,
5946,0.040503969398134027,0.10296740988735988,220.62577824050462,33.50889549791566,,
5947,0.042714416203865645,0.10049363168488958,161.66377242111855,48.708887895097206,,
5948,0.04034262394734062,0.0989843130950842,199.14100281168953,41.33793532320176,,
5949,0.040882358143353864,0.09954973101016357,184.40380304864505,43.70141234528925,,
5950,0.04034950039393872,0.09974686532647484,200.47992013684555,38.313062096118614,,
5951,0.040006847286585996,0.09704703114469794,223.8076002951878,34.89905433892473,,
5952,0.04023056614603773,0.10015707808918341,215.01605192075758,37.754771064688164,,
5953,0.04103299896823145,0.09975484456483831,181.58031896055996,43.763134182985546,,
5954,0.04026497409490005,0.09934387577977549,204.0430448099658,39.0042444542093,,
5955,0.040143666209725336,0.09791511270685141,199.03448009523333,39.196934777596454,,
5956,0.04033421145427759,0.0985872151282593,194.27021962970537,41.30540337524809,,
5957,0.041901963131019904,0.1020902557784793,185.14089520427075,42.875965581720195,,
5958,0.04008622808001645,0.10015848815137743,226.88812795701344,34.5825978818357,,
5959,0.040077960677665836,0.09777751831500928,206.7927275943159,38.3299985109571,,
5960,0.04008404767377156,0.09961513618039604,221.40835257525242,35.10380004887108,,
5961,0.04181357790221136,0.10075390866292486,174.39953688264754,44.75188569008718,,
5962,0.040706121667429936,0.10018814194297576,192.95547955200092,40.92079058240548,,
5963,0.04110022117448731,0.09861845055245043,166.36083897505824,44.73525140762191,,
5964,0.04228419472179527,0.10398622138532619,192.78892738967588,39.59744956839332,,
5965,0.04061551253793897,0.09853811083742818,180.2627056503906,42.839107097829945,,
5966,0.040136518857977484,0.09967473909090918,218.86758017547803,37.31424612685333,,
5967,0.04037588371077117,0.09954447490945689,200.29404775676713,39.91933837377976,,
5968,0.040504516589782186,0.10152168898945385,212.1890283695156,37.52838238494743,,
5969,0.04010574042198885,0.09832931673496992,205.81549755290766,37.37580150437682,,
5970,0.04126998319327334,0.10031358728180922,180.34634154739356,43.49259420346946,,
5971,0.042860207410817426,0.1017836705260932,169.73407740434706,46.345146023259204,,
5972,0.04111742106978419,0.10414266419508536,219.35628343626507,36.95736634751447,,
5973,0.04007031368346142,0.09764594275826732,206.93349930294843,38.34789658874015,,
5974,0.04053091150661967,0.10251813700586299,220.00913257453985,36.01472170001238,,
5975,0.04170982870599198,0.10141923851495885,183.26947810127893,43.708471491717816,,
5976,0.040057194848935086,0.097966829382645,210.90921672275655,36.90574289060118,,
5977,0.041149960404041175,0.10249153273280776,198.6099984955647,38.0108152450595,,
5978,0.041047984337025244,0.0971225716360603,158.41724811053334,48.500674687803034,,
5979,0.040955714779169455,0.1005459907729628,189.28994773245975,41.636131821078706,,
5980,0.04031254739721034,0.09956474573799311,201.79299417804623,38.6184673346515,,
5981,0.041437317664537246,0.10323168064793821,202.6594593345692,39.09004189679491,,
5982,0.04071267576646418,0.09852388208950723,178.1550593299704,43.84778025559624,,
5983,0.04114962161395109,0.10070443676025985,184.24980738687972,41.574004895279884,,
5984,0.04351308671022793,0.10309377598113362,171.4719044062358,44.86292744075657,,
5985,0.04004635660335549,0.09856374107662363,219.53810432055485,35.80082297613819,,
5986,0.04007104776883722,0.09672024993913837,195.7024798510214,38.92395698911459,,
5987,0.04008605945136916,0.0970161853462636,196.1923414645873,38.92036964757776,,
5988,0.04014773843916727,0.09951060734512561,215.99169060668044,37.68147027554473,,
5989,0.04184267417692971,0.10033082729899533,170.47207561668034,45.67295797368476,,
5990,0.04049835228791466,0.09993020998191059,197.17202504507523,39.78955247033612,,
5991,0.042280870224117986,0.10242305200029736,182.74714236443378,43.58037659814434,,
5992,0.04071203557742767,0.1007896470759007,201.03007540938006,40.961764155161056,,
5993,0.04006919912897104,0.09715957704785566,203.6099564144328,39.42297671049229,,
5994,0.04163084676078808,0.10010748883236745,170.70262922500035,44.85773097590175,,
5995,0.040077831892072174,0.09827192992286557,209.46164098234453,36.8721833046797,,
5996,0.040263896052369665,0.10180399294028154,226.3137549125751,34.94095981698637,,
5997,0.04345380381605655,0.10286338623596504,168.93947917133727,44.71806029115385,,
5998,0.040223244584882634,0.09758613201582679,193.80809086089815,42.42254006256609,,
5999,0.04044717031888406,0.09886572593151527,190.48769363034077,41.45585002498629,,
6000,0.04010410991241906,0.09887810639672354,212.89312063243776,37.113556285048226,,
6001,0.040350450107291685,0.09906698775527681,197.26047498901534,40.48751890190658,,
6002,0.040598416341747545,0.09968849350401005,192.32210074259876,41.22179217987005,,
6003,0.040014348746107625,0.09629169521476783,210.26570457729431,37.21701419038115,,
6004,0.04032781195408714,0.09881187301919607,194.78845364770729,40.223203167419165,,
6005,0.0401114105507567,0.09733010914266968,199.02190850136415,40.17261736316862,,
6006,0.04103741615006215,0.10020561223476131,184.37451124697523,42.62825266569614,,
6007,0.04064909609207998,0.0991442445627876,189.31423832423883,43.705423492446805,,
6008,0.04132971249829597,0.10150334561056716,192.75310762509187,42.78924495294585,,
6009,0.040220137266386305,0.09791193592667208,194.20472745245743,40.871619613075,,
6010,0.04142074770943704,0.1005814027661402,179.9344298360959,43.7018534236798,,
6011,0.04003255418070839,0.09621544123651615,202.22459380732096,39.01356098882331,,
6012,0.040197326348362504,0.10136802291304384,231.13384014217593,36.30749252029177,,
6013,0.04167965875737373,0.10198773518826944,188.2394261622369,42.429969598923876,,
6014,0.04159896966102137,0.10051333481267131,174.77384370768755,44.022656837940815,,
6015,0.040547526199289335,0.10065028047103869,204.0087120758257,39.72474316132555,,
6016,0.04042013400767712,0.0995030479313859,204.92477726259622,42.843867298075345,,
6017,0.040318580251761695,0.10104813566652447,215.296386963683,36.391457099048125,,
6018,0.04091885637008375,0.09950162540346115,184.15690105288533,44.36290471321334,,
6019,0.04003530722849015,0.09795975340462579,220.9695120970229,37.65408381862938,,
6020,0.04261883042548952,0.10042265019733108,162.71896742759873,48.73672122185343,,
6021,0.040359911004037644,0.10230057051916691,227.89465762074715,35.92646208286688,,
6022,0.04125784619662827,0.1028143127609528,200.938685037382,38.53848342016625,,
6023,0.04003073150344378,0.09793776850524351,218.56761505608375,36.14048253588165,,
6024,0.04002941224274173,0.09701708417262726,208.46303948908582,36.782875606488126,,
6025,0.04106325180498077,0.10242235200935336,205.4204364387106,39.67489832467358,,
6026,0.04164093615659063,0.10127935639019434,182.2286331390875,43.360458287133305,,
6027,0.040364733312598995,0.10047194706178009,207.47422574013683,37.68287253272473,,
6028,0.04072817199987534,0.09868877487117464,181.66866291438092,44.544897437024865,,
6029,0.040538782650275974,0.10189007365322485,212.5050653917055,36.55917857609263,,
6030,0.04077566658878342,0.10056724867255222,194.538568495612,40.7669649112543,,
6031,0.0414529357838802,0.10305973390576624,203.40746412116175,40.34793138574622,,
6032,0.04001472307406106,0.1004830136528067,252.27738365658212,31.91702191234803,,Paste viscosity high
6033,0.041003688897965844,0.10031786592607839,183.2722066510352,41.257201977114505,,
6034,0.04029319791196569,0.09931965218085928,202.69424943406003,39.54166468904826,,
6035,0.04058894639105502,0.1004052605946196,199.83836815967214,40.23406803966256,,
6036,0.0405738620191573,0.09941521916649523,190.7404842488676,41.52150393241969,,
6037,0.04326399393341077,0.10376728434374655,186.25239538542252,45.267993107121654,,
6038,0.040161857043940624,0.09939547199177608,209.99669103726933,36.81695774192257,,
6039,0.04153728469893922,0.10271919918339471,196.3854834162964,40.37832637656972,,
6040,0.04011431738072471,0.0967233781374869,195.01959338285045,41.87399476981817,,
6041,0.040025962657648545,0.09862496852934623,226.5923603034506,34.73722491407194,,
6042,0.04172209418216921,0.1018695779635846,185.98125443384455,42.6046917943402,,
6043,0.04050137746680283,0.09844991528784668,183.47209512785813,42.171041606292206,,
6044,0.04256898064182887,0.1022763247315183,177.01413155956124,44.460371587891196,,
6045,0.04088313858866544,0.10476124739656872,231.2336409530397,35.05734773367441,,
6046,0.04051789226690929,0.09969986304371685,196.31345957774383,41.005429123816064,,
6047,0.041707230534459405,0.1016654940188534,185.75677263904595,43.3718835648248,,
6048,0.04019701096713077,0.09812450612184556,199.14818695017948,40.679272188351995,,
6049,0.04011235770364492,0.09981819581692195,220.74280249817957,35.87553995693011,,
6050,0.04025528745896808,0.09960332776793664,206.37074206681447,38.248420094530736,,
6051,0.04007470860301153,0.0975081941827547,205.53718606273495,38.91102804349266,,
6052,0.0402268905828963,0.09855871790489032,199.48374367946158,39.86162932903941,,
6053,0.040587936902181584,0.10147290893023671,211.13356009952935,39.04234598237695,,
6054,0.040769229063874014,0.09709055661348638,161.67769410768435,45.86870836072701,,
6055,0.04103943154786244,0.10008062698275386,184.92224142689068,43.45137790460502,,
6056,0.04110115797876598,0.10177435271935074,197.22732749429136,40.390582011935805,,
6057,0.041379761010519905,0.10271131927038406,200.45141454379865,40.213902598230966,,
6058,0.0418471499705953,0.10413939182927805,205.2832930500005,39.595428562598016,,
6059,0.041022438539275834,0.10117980149859522,194.75468924713795,41.39005508031647,,
6060,0.04087442739289258,0.10022561798296868,189.21006638605527,42.01777342973406,,
6061,0.04024946366875608,0.09919775712044433,207.81073570861741,40.51715538472364,,
6062,0.040131380044945056,0.09912741059299433,214.77251486983138,38.23147686661383,,
6063,0.04008112632781124,0.09833029252531231,211.60137035893206,37.61716366055152,,
6064,0.04032886184689596,0.10115475208647823,214.58387745850771,35.918153242441896,,
6065,0.041409060938392736,0.09906875860797766,168.52741227508994,46.861432944804484,,
6066,0.04054511400022973,0.10117929492527361,204.83446797697331,37.412495917878104,,
6067,0.041077966632685606,0.10079641592294766,189.74678612735693,42.18606678255897,,
6068,0.04011282285837287,0.09659308496639742,194.4467401942708,42.208156552012426,,
6069,0.04115136064671156,0.10035519556207408,183.54560718102087,43.03388299753001,,
6070,0.040437330791269085,0.10271063569191875,223.69198992607159,34.37045640517735,,
6071,0.040312144123865995,0.09939670431337089,199.77357604137663,38.705993286217115,,
6072,0.040002647449188314,0.09771172747531212,235.01058694616307,31.639834122795477,,
6073,0.04190510495513183,0.10184709018655883,186.13397632074032,44.42892978051753,,
6074,0.04031234157928991,0.10028398550962021,210.88307942492847,38.3449425597007,,
6075,0.04047686486287161,0.10071686248120351,205.0636258631442,38.314193926466665,,
6076,0.04012927558111836,0.096750906399825,190.32298374560992,40.968351417161905,,
6077,0.04006559694241682,0.09692872289308677,201.5095747748421,39.45807519242885,,
6078,0.04026847412423107,0.10071180519938289,216.2511094986946,36.81759465106035,,
6079,0.04049844454253805,0.10303849524788948,224.1712521225919,34.30065232148584,,
6080,0.04117903416520266,0.1036403878774513,210.8984350814488,37.14441092303247,,
6081,0.04102733543257993,0.10127018463564501,196.38033106992336,41.59065730130509,,
6082,0.04042468308975097,0.09750926047083043,181.37370316041597,44.274123572035144,,
6083,0.040995873731813647,0.09961172896070458,178.79685783237022,42.98650266638072,,
6084,0.04066019021919279,0.10215255851456637,211.3680888673013,37.14646810436861,,
6085,0.04079646041360376,0.10000390083986807,188.4806644495328,41.672828859950734,,
6086,0.0407055247170917,0.10002057106007486,193.4826235370526,41.90650467869882,,
6087,0.040582470896602364,0.10032978912747632,199.02585679253693,40.18997698308549,,
6088,0.04067918101799625,0.0996938403585922,190.63381058736337,42.03643933726292,,
6089,0.04060758780465343,0.09886723336732497,186.79788163116407,43.409916785787935,,
6090,0.0400297343831467,0.09913621478215295,231.56306936085554,34.75482510928867,,
6091,0.04050513918579024,0.10111861736688164,207.03405729512295,37.66984400729348,,
6092,0.04384907091210865,0.10291902399764605,167.83031248073834,46.42315690383914,,
6093,0.040766288229615325,0.10077585873467987,197.7917505313491,40.760047782765334,,
6094,0.040101532435560035,0.09731761353360925,202.9656582493682,40.97642392148707,,
6095,0.04095588493627692,0.1034767706070266,216.1310973761515,36.949449377410005,,
6096,0.04034254284256597,0.09888447022468844,194.820299482147,40.29350418566343,,
6097,0.040228483581146675,0.10207071892056736,229.286666517288,33.4682138416392,,
6098,0.04193620047901272,0.10351373397019112,193.70630440829677,39.320933015947716,,
6099,0.04103391947765845,0.10079625753504255,190.78046404230082,41.9897779552775,,
6100,0.04008915295709722,0.10101504218334789,231.7515234233739,32.383578823084946,,
6101,0.04011102260265173,0.09879654304882547,211.8445108751084,37.58748005997161,,
6102,0.040098050602787316,0.09732605550828817,203.20693767913025,40.78056260585827,,
6103,0.04061610148280211,0.09836610567282644,180.48022773243434,43.757639082735025,,
6104,0.040098213590319114,0.09872174011561433,214.48300324736633,38.027528054605426,,
6105,0.04037646248899948,0.09860454621232423,189.26916936706027,40.5852289828493,,
6106,0.04037605149318382,0.099853214456705,205.4833799403924,40.26306212425034,,
6107,0.04001655371845301,0.0983725736033912,227.05674136001207,33.79481998225203,,
6108,0.04038404386006216,0.10103480019704272,214.59697258483462,37.97334726464421,,
6109,0.040193471650158435,0.09824598046052116,197.3370190694131,39.30713839699645,,
6110,0.04014777777318703,0.10089770995362507,226.18477224729875,34.578369539791844,,
6111,0.04416536326110174,0.10370752889716797,171.4400719256237,45.68063558709996,Paste volume per aperture high,
6112,0.0407189192275048,0.1023318651860512,214.42193555914625,38.34928009657521,,
6113,0.04009827392314767,0.09922913142648954,218.6672484390356,37.056715027839275,,
6114,0.040141883927622135,0.09888966405311216,208.4725689736709,37.725471034932056,,
6115,0.04099249076920096,0.09797160184325912,169.29016904692816,47.511447007064994,,
6116,0.0413793250361542,0.10348094970399328,209.81865179496432,39.79604039414893,,
6117,0.040215011687615654,0.09766983787213407,191.91520955263445,41.03818117380578,,
6118,0.040271522573714184,0.09986066040423792,208.40339632063166,38.259900273742524,,
6119,0.0406440280530649,0.10065319398760468,199.68057590447143,39.983425891754244,,
6120,0.04044402196489487,0.09936824395255843,194.6481798099292,40.4243573260426,,
6121,0.04112178851741328,0.10274794682044722,203.4807144809578,38.14778058948513,,
6122,0.040818542599999966,0.09991261602145668,184.61777269747452,41.086336556754866,,
6123,0.04141491817317517,0.10068929430989829,181.7261040639096,43.75114179841353,,
6124,0.04007897728020476,0.09873348327722099,213.70129499496213,36.23374000477848,,
6125,0.04104620785981524,0.10165765082668192,196.76236308239015,40.09695777666138,,
6126,0.04002339001098517,0.09834636210663976,223.08213564684172,34.29102046344359,,
6127,0.040235543289789885,0.09916232635392155,203.90668913315693,38.82112518575613,,
6128,0.04054565204588833,0.10065850787864813,201.89843867814832,38.90333563710903,,
6129,0.04079050946180647,0.10077389058019057,195.91948396978123,40.48598800816356,,
6130,0.040146658498292694,0.10040853597783204,224.5525279705291,36.30869545720712,,
6131,0.04059664440559313,0.10220644494584318,216.2633120835605,37.47117649969613,,
6132,0.04136214026830144,0.10141218781316563,187.46863412539716,41.71929925672647,,
6133,0.04000578064136546,0.09846175246765869,237.9433119038789,32.306931433271245,,
6134,0.040179573913332635,0.09931093400104965,209.37376478377146,37.8151170595004,,
6135,0.04037592835384105,0.10002109108188935,207.9105402703347,40.30525168289738,,
6136,0.041672899398797376,0.10123269130537553,182.23475819793873,43.89478916702952,,
6137,0.04041575189225239,0.09980157119522186,202.52593455712432,40.45081783520895,,
6138,0.04180346462933065,0.10048002181159152,174.04761283638268,45.8590564061356,,
6139,0.04025186047291286,0.09974569822987145,210.8982345624627,39.041483093561894,,
6140,0.040286497204748646,0.09952785662909906,200.93808729152897,37.70910353508374,,
6141,0.04205692099835002,0.10207247461760655,181.90588979225654,43.153822046678236,,
6142,0.040012086144334796,0.09529964017453539,201.69028488167808,38.15436638885797,,
6143,0.041199281783296654,0.10107031180405716,190.3903509238791,42.56463213723012,,
6144,0.040733386499537866,0.10177671621922128,205.18699726201822,38.00873571887635,,
6145,0.040769683995890045,0.10134737785373304,201.97119795302652,39.52683047373755,,
6146,0.04005256102097346,0.09941270014996247,223.1708905971903,33.73164066705729,,
6147,0.04007298876090792,0.09738781831144801,203.13236937609503,38.49357005069811,,
6148,0.04004164831087354,0.09827618926183301,218.69028841412901,36.26433697273595,,
6149,0.04011929100249147,0.1007764505880704,226.6404914453035,33.752751391043375,,
6150,0.04152686628969375,0.09974264625078291,174.72321083450868,47.01094666630186,,
6151,0.04013249582235328,0.0975909702379913,202.79459800715105,41.490303899605344,,
6152,0.04164792215486725,0.10228055600731686,190.43047761403386,41.48457787136217,,
6153,0.04041281127416915,0.09915201992847866,198.13525626100787,41.9694517954715,,
6154,0.040760920799677004,0.09968157820976192,188.47857366236298,42.67622720508284,,
6155,0.040476643112821814,0.10408340162682281,238.5187395977205,33.8488010285696,,
6156,0.04004041292433036,0.09989844942299703,235.27337434351227,34.103816924917446,,
6157,0.040617722986837225,0.10150757021261136,208.89476016413298,38.63539404079595,,
6158,0.04081663701309864,0.0997073663419244,183.9184691069518,41.80253499220619,,
6159,0.04050276884798598,0.09810788707660033,180.25628965858152,42.717974228506726,,
6160,0.04097079054067019,0.10266551070554714,208.816753613778,38.48987867493974,,
6161,0.040708128814214734,0.09913203631165693,181.60592124297753,42.05190562443583,,
6162,0.040667585630585555,0.10093214564605843,201.22887385854364,39.593250529828644,,
6163,0.04008279470412916,0.09866514419535054,212.2290636077026,36.35519117803594,,
6164,0.04010676142126683,0.09921235486747831,216.15642518439515,36.82534018579911,,
6165,0.0400617237316157,0.10011562699708014,231.05382016336472,34.10365702831111,,
6166,0.04019170145251776,0.1010140863121251,222.9643555497458,34.901959472772546,,
6167,0.04027277407714632,0.09745510404593676,185.08318441503542,41.69411495596736,,
6168,0.0410131804898322,0.09985929884677162,182.1257194581566,43.19294106308199,,
6169,0.04123623464272579,0.1011751184454316,188.28733662196387,41.74635199835216,,
6170,0.04024938213940621,0.10040950999713476,212.34551764385424,36.25986164946072,,
6171,0.04029013065551073,0.100224820801269,210.12625993095543,37.69647477952328,,
6172,0.040431596143784894,0.0995639118021559,198.34593678348133,40.49756011597728,,
6173,0.040104591552999835,0.09824967151042012,206.99108380476008,38.09935471367635,,
6174,0.04014935094641017,0.09864603640068005,208.67330996900753,39.358131422060424,,
6175,0.040070709144343804,0.09835675120278572,213.15254085155073,37.14395641753374,,
6176,0.04005312405750154,0.09750095767051245,210.03393100830286,38.39727782438115,,
6177,0.040849672804254764,0.0984741382207929,175.39757255008658,45.24595887566402,,
6178,0.04127694385727745,0.1017931919873551,195.2257548313573,41.672939482303676,,
6179,0.04152225347508037,0.10018965872156536,176.394681544832,45.394374217404376,,
6180,0.040046392429955634,0.0976465354922936,209.3502026341593,36.64199432471454,,
6181,0.04105088813262236,0.10116100839494063,191.16584867653404,40.581677859684014,,
6182,0.0403148482413688,0.10113956928354072,215.8159131838196,36.02489508243981,,
6183,0.04023809865475416,0.09949847644421984,201.66363253436882,36.49696294088039,,
6184,0.04105905900661238,0.10037465921072747,189.9274509460818,44.04824061242518,,
6185,0.04087316687917607,0.10226955060876344,207.77524493883973,38.67516803335884,,
6186,0.04092421243220665,0.10110100887270586,195.29627778276284,40.64068297162057,,
6187,0.04054483532987071,0.1006761400497557,203.41710951143935,39.337861883401956,,
6188,0.04119086699540418,0.10086412478936434,186.21802050359426,41.989450374409856,,
6189,0.041436025941485016,0.0997032828329709,170.71520975825888,44.852225846551846,,
6190,0.042041249967327304,0.10214314067378483,185.7311934774486,44.03018165822039,,
6191,0.04093490011816194,0.10055793022646847,190.5814952692136,41.74898041555202,,
6192,0.04007541564819645,0.09886913970851133,215.43162556064112,35.887993251822486,,
6193,0.04032329585619566,0.09776403423205327,188.10220798043903,42.798290549685866,,
6194,0.04054574447761549,0.09991934980033818,197.9586736260064,41.0862470494319,,
6195,0.040363260801498886,0.10074548011388396,213.26546980631778,38.366162910628056,,
6196,0.04117817789283345,0.10116732222360117,190.12558693384517,41.753030532208236,,
6197,0.040555929512085365,0.10010264833906429,200.57112457359477,41.3226140291777,,
6198,0.04037105871200811,0.10105149773791129,215.07298212554397,37.72872201034619,,
6199,0.04042463255187969,0.101059727030256,213.64667788975564,38.50657299564082,,
6200,0.04058088041416227,0.10114163531864305,206.38089617355536,38.8326995029572,,
6201,0.04002402691019976,0.09804430843235273,224.09964956616537,36.251120692921475,,
6202,0.04041088519438429,0.10079660888560818,206.24803176645085,36.839931629126205,,
6203,0.040767096497793386,0.09999993222239266,191.0471608979737,42.14177788090377,,
6204,0.04003019428225663,0.10010559639396518,239.88307920866237,33.091077267188965,,
6205,0.041855677741292036,0.10105307246299966,180.03812376944933,45.67550178987034,,
6206,0.04043590126471718,0.09879031769837436,191.91752804073076,42.066685688163695,,
6207,0.040058828717563874,0.09849781656494457,218.0824974185578,37.04495601533252,,
6208,0.040076623193712364,0.09919793682379191,224.7469958101849,37.689676250388416,,
6209,0.04195537241960162,0.10101324455339476,172.45003945945777,44.068319279347065,,
6210,0.04045533395317664,0.10219883651191912,219.70276846643668,35.84474934354633,,
6211,0.04037726281720348,0.10141395178675108,215.75800209011064,36.37882009792783,,
6212,0.04023870644538423,0.09763184162839542,193.19863846761368,42.550363003388185,,
6213,0.040089267130826306,0.09850674695956813,213.96803440982498,38.23601548134198,,
6214,0.04003672352982877,0.09989487802174181,234.36991492628238,33.25510011918824,,
6215,0.04045347969647013,0.09794383213574001,181.45268163208118,42.86441162984934,,
6216,0.04166078004725229,0.10219974540455135,196.78417351950657,44.240480125276356,,
6217,0.04059251132679047,0.10286249222695748,220.9009188023418,35.86079081048314,,
6218,0.040103110502998245,0.10003824786136281,222.45387110057354,34.81494747210205,,
6219,0.04137886083878951,0.09849292371320406,163.94870429270688,47.70519786867409,,
6220,0.04005459539066879,0.10075974858277222,233.1304829263188,30.968114697901125,,
6221,0.04040718790631318,0.09850691298413182,187.40344948383031,41.16386615649098,,
6222,0.04059071218457536,0.10122459240981321,207.69275469734848,39.08005448494048,,
6223,0.0409465243915805,0.10187678601927323,201.94349563325676,39.54585664871517,,
6224,0.04016563013716115,0.09838808045011149,203.27217928383047,39.489204490234066,,
6225,0.04047276976323738,0.09931723482405928,193.0414223117058,40.74524703779698,,
6226,0.04105419296781802,0.10119347643268624,194.90784246196182,41.78744362196791,,
6227,0.040821823580576864,0.10178610280882981,203.68336267760384,38.81134437098184,,
6228,0.04008887075955122,0.0985209263696085,211.8112605337388,37.3765705985796,,
6229,0.04275875065194045,0.10117992554328167,164.8995938589816,46.848805664530495,,
6230,0.04032598140806873,0.0994808596787692,201.05073784075654,39.1488395796799,,
6231,0.0414449145508,0.10219227918340207,193.67082957134113,41.01973028667646,,
6232,0.04072723474244771,0.1005193482056271,195.77157418204786,40.661511902874736,,
6233,0.04056167731467492,0.09993600708119252,198.7812530680343,41.60802070480299,,
6234,0.04231677595491818,0.10288136884268649,185.25815201509144,42.53420444425309,,
6235,0.04017156126344287,0.09758137527557303,196.52974702398117,41.28111492534432,,
6236,0.04038987590677264,0.09977216444386157,200.95859744017065,39.40787354149751,,
6237,0.040226363662060796,0.09989114076077124,212.08261612741313,37.850142764934446,,
6238,0.040992769889475734,0.10112998495094039,193.25471477818246,40.711441606682406,,
6239,0.04055503037213211,0.09967107042195279,195.58035561379526,41.629186846697586,,
6240,0.04053256884684554,0.10056342556920594,200.7613253123847,38.70056229778915,,
6241,0.04016337184634579,0.09866107209032385,204.14918181931387,38.37364371419408,,
6242,0.04029611131652459,0.10023246657970432,214.8665238193342,39.51538716949729,,
6243,0.04018711777159244,0.09979883107952298,213.31333011868637,37.174448568365456,,
6244,0.04035805647186795,0.0973488271802836,183.9509674763395,44.29588658127512,,
6245,0.04213791516970418,0.10371676818099561,195.48059270478106,40.67208316987819,,
6246,0.040985100155535414,0.09973484737896109,180.34020016205415,42.79303056821407,,
6247,0.040128591873092666,0.09909767537734315,213.11959053532567,37.63520328213909,,
6248,0.040195548573030856,0.09950750761232939,211.5809472270025,38.32413401904006,,
6249,0.040458812105921706,0.099863324755761,197.6050176839796,39.409185842851095,,
6250,0.040059027972894255,0.0987398453101832,221.42161953551755,37.07472425801613,,
6251,0.04007296765445107,0.09848097255024876,215.7504146238844,37.66249706138361,,
6252,0.04052828377419832,0.09789319649986965,179.78029026582863,44.11208612720737,,
6253,0.04072940758458004,0.09981934277659256,189.8725903333278,41.99745223072032,,
6254,0.040086331333822646,0.09791924796978502,210.55749084096553,39.64712368916966,,
6255,0.040476002156303495,0.09865546469334603,186.7629833743668,41.7976096316832,,
6256,0.04050461590095506,0.10080487198024347,208.5644626799325,39.71481848568652,,
6257,0.040019840564570294,0.09677309667511329,212.92697717572082,37.45379334815863,,
6258,0.040286049022147885,0.09873597835517561,197.42188037895497,40.28039793731669,,
6259,0.04010920665107415,0.0986210139858115,210.4038583320827,37.8111888772464,,
6260,0.04028443128690583,0.0990778963305443,203.51597208668167,40.728230378030574,,
6261,0.04047324279319118,0.10048806432466201,205.4578045219975,39.4799126658259,,
6262,0.0405700368933758,0.09822850720294421,183.33977309923037,44.570468937901374,,
6263,0.040639173419654805,0.09992049731887978,189.35584362129754,39.79428375107448,,
6264,0.0401125190264039,0.10024444087179132,229.32467404148133,36.854463096005226,,
6265,0.041890232466382876,0.10266911060903997,191.31485882660994,42.15415029485694,,
6266,0.04009307934088376,0.09815287746566989,211.52634080271255,39.366501130291695,,
6267,0.040725711630382556,0.09816910590603622,172.9556339458262,43.94113132561904,,
6268,0.04010994526055404,0.09769831308641172,200.63043259208476,38.86796691490409,,
6269,0.040428217640742156,0.09874690720635132,191.31803784219503,41.886268628416964,,
6270,0.04028326066462669,0.09924897338431161,204.365109593596,40.16458955813754,,
6271,0.04072253380456042,0.09986372375590455,192.66919330246074,42.657746541464846,,
6272,0.04005721788389581,0.09876617947196542,221.17381098613808,36.66809476001127,,
6273,0.041382485700320944,0.1005486466183323,181.6311987250635,44.05131906996125,,
6274,0.04010483244937704,0.09987869830118665,223.94583481931332,36.22731398908127,,
6275,0.04050660292122687,0.10080415464877401,207.67570144265412,39.44608999233657,,
6276,0.041569068555222424,0.10212164227179454,187.86331498282624,40.57577983835239,,
6277,0.040491904068331835,0.09850113205428346,186.38335334894975,42.75094749747774,,
6278,0.04053159835117828,0.09974154542195576,196.11138063084454,41.01119699463452,,
6279,0.04059702576092244,0.10063728380067469,201.96480050213566,40.014355836994056,,
6280,0.04045222178053003,0.10071243827187366,205.84247323493722,38.06567706191533,,
6281,0.040278839274592936,0.10003434036619206,207.77175593306487,37.43250615385481,,
6282,0.04024657428740738,0.09953551024461495,205.33613685322692,37.91215025208004,,
6283,0.04242701799438982,0.10169340171455166,173.97785010814533,45.14382792066088,,
6284,0.04074981384864549,0.10215880254538626,204.70608610659113,36.25707798047175,,
6285,0.040421922055336505,0.09778085721518547,182.51360618558243,43.29900941604318,,
6286,0.04054414966105823,0.10068932248280206,202.81616824250844,39.04854055473497,,
6287,0.04017239089845356,0.09859773416670713,205.10180059533704,39.43295082522951,,
6288,0.04101275981357966,0.10000786636885935,185.43095671919787,43.63590748119665,,
6289,0.04142394876984141,0.10097056186407606,183.213694108766,43.01251852531165,,
6290,0.04011641999967635,0.09788390663027823,205.88486158782064,40.230338390293085,,
6291,0.0400702110152387,0.09918222487972085,223.47754904583545,36.75368240795522,,
6292,0.04011192749921065,0.09848110164072259,209.50897908136824,38.34469283166132,,
6293,0.04225030957079889,0.1037785112192462,197.2722602331008,41.91448627142154,,
6294,0.040509372300357976,0.10116424930262059,205.25394049857601,36.90926974311167,,
6295,0.040096526994362086,0.09833752947686947,208.28217853508193,37.577220165817884,,
6296,0.04009893987381639,0.09759177594320798,205.60656597211832,40.405435645292435,,
6297,0.04041852908824045,0.09843738347806545,184.59123280813753,40.779666471435256,,
6298,0.04008723481980541,0.0983047734902043,210.85934949288205,37.960514703502994,,
6299,0.04079005957609329,0.09864417000792292,176.46974193872936,43.9058377773794,,
6300,0.04177615437980564,0.10081967116045258,176.42478102056305,44.80695426827175,,
6301,0.043459949180007,0.10149337737254455,159.55437297484355,48.063621723833236,,
6302,0.041455624116151196,0.10365985104060879,209.68639754456495,39.69200621490068,,
6303,0.04040693063488392,0.10078524130618574,212.4308069546722,38.98096210998979,,
6304,0.04049957119573776,0.10064858710027812,205.25402233551517,39.19614019960542,,
6305,0.04068385267340521,0.09911004982692367,181.3992574929077,41.678007178625876,,
6306,0.040825469739087406,0.09944333967314575,184.27783624682877,43.337732148007916,,
6307,0.041153269968630994,0.10067178789398798,189.62342568860024,43.67189870363221,,
6308,0.0401009307843052,0.09838708997743593,211.41003843212968,38.747852012041875,,
6309,0.04003667134547649,0.09980255403315043,232.55462160684928,33.05256278977161,,
6310,0.04033479079086768,0.1013244695460928,218.0257262717891,36.478769794330624,,
6311,0.04175321367858535,0.09995880598056175,169.32837681589817,46.25048400894615,,
6312,0.040044245353112864,0.10087066081769669,242.06855758312258,32.33073969468125,,
6313,0.041346198736039036,0.10120407248815462,186.98825183655117,42.38180517515591,,
6314,0.04001612809177818,0.09925024564915506,238.5158982391931,33.46792706648848,,
6315,0.040100109526238895,0.1004377758263563,231.99587988894612,36.04747929186592,,
6316,0.04002505524708159,0.09736456233308173,220.5210486111395,38.49480350209677,,
6317,0.04008605387461055,0.09717322659431975,199.5034023098733,39.32952856754932,,
6318,0.04047710531801975,0.0968502849352893,173.1765632475992,45.74924821775291,,
6319,0.04199047878180593,0.10344189381184922,196.07291606379857,40.972414855508724,,
6320,0.04026873139403143,0.09925694232447921,201.90475583517178,38.792956952233986,,
6321,0.04165603946805621,0.09988011127549443,167.69011306053008,45.13627825748877,,
6322,0.040027183248074555,0.09731973018772239,212.68896982337634,36.38428225649725,,
6323,0.04000210892980794,0.09712765980091873,232.60891232055724,32.715312675165734,,
6324,0.040115296973693544,0.09871672636365209,214.30252039223691,39.107825230231356,,
6325,0.04391573398423451,0.10428551718968458,179.15904796975008,44.20320392661729,,
6326,0.04051963856476949,0.1007876945685499,203.07388025615137,38.17077276344281,,
6327,0.04023143022727292,0.10000571558433079,214.880028672247,38.46958089763107,,
6328,0.0409148186877765,0.1011878137501551,196.81231389868168,40.62517738793004,,
6329,0.040622438316472755,0.10008463033839908,194.414020947703,40.4861901415705,,
6330,0.04024579835390612,0.09966321409048902,208.76212381019982,38.477051589797384,,
6331,0.04315254973992209,0.10293772117013525,171.4079784505896,43.31930777398047,,
6332,0.04031939388265567,0.09824512590852037,194.17899048681392,42.50626358878477,,
6333,0.04063001213417863,0.10372900694709462,226.60174805504622,34.37241490672826,,
6334,0.040052489158741295,0.09728521965852797,208.385480878701,38.7851870115325,,
6335,0.04137483180332373,0.10036281697200222,176.70186858833387,43.12742906198206,,
6336,0.041296291752960505,0.10295970713838422,200.04617733046658,37.95530806482026,,
6337,0.04025501885460792,0.10011934174026142,208.39821077474937,36.46159177721626,,
6338,0.040002036413237324,0.09592583415532448,224.5603371410423,35.54541643142725,,
6339,0.040075381271353905,0.0981209648425743,211.62708971639302,38.157399805884566,,
6340,0.0406109359826346,0.09880426517858446,185.40289678683968,43.283344156888006,,
6341,0.0400723218775807,0.09914972975008575,219.2289262901802,35.6015478091797,,
6342,0.04029871572637975,0.10144185987831214,221.4784037116699,36.084172032611434,,
6343,0.04055320598295206,0.09981596753827204,194.13685244136633,40.38405015486658,,
6344,0.04013105594174459,0.09869676033627521,210.40669288842807,38.75357276337788,,
6345,0.040897634657622715,0.10003114198170475,189.31067320513583,43.32461935528326,,
6346,0.040682168860960266,0.10117510452534277,203.30569274160695,39.40192777331937,,
6347,0.04074174735339714,0.10169622912588258,206.0659066391123,38.842647986388016,,
6348,0.04214817103927505,0.10162496213173572,182.34250658713782,46.22689324470624,,
6349,0.040081405669511745,0.09871114575109749,217.05233309424452,37.723138036968095,,
6350,0.04030061491845567,0.09781831259246583,194.13403383854012,43.99999018992515,,
6351,0.04054561325312343,0.1020647866994277,216.8822886183788,37.395284789073905,,
6352,0.040683167925524934,0.09947845836894648,190.66233286238293,43.15497367213111,,
6353,0.04073802198156304,0.1009176039105644,197.08230706123402,39.37466579733021,,
6354,0.04088913006106304,0.1011174137950335,198.72280000620117,41.276515671252625,,
6355,0.04015885613622655,0.09836136783537656,200.34300017128658,38.26319321869065,,
6356,0.040680547193786415,0.10113399225729902,206.20004059483287,40.594273426549265,,
6357,0.04066886915052257,0.1006203089708966,196.37870114923135,39.41059237159695,,
6358,0.04103599964639355,0.10130876952068854,195.71609272685225,41.282019599098476,,
6359,0.04031517699083187,0.10015453971777649,211.44199282534905,39.25028049556986,,
6360,0.04000056716237739,0.09945336109113083,263.25630822508316,27.454511430787647,,Paste viscosity high; Ambient RH low
6361,0.0400666276289722,0.09838533998587443,215.04623021156092,37.2954547614664,,
6362,0.04074731036627048,0.09912034159936199,186.87552860010538,44.60582303151939,,
6363,0.04252871544817375,0.10183791673612048,172.90290589289825,44.830405901116734,,
6364,0.04030394787452943,0.10065530738726544,214.84310013317136,37.70020208340955,,
6365,0.0410467623843664,0.0978336971952328,164.0510383920634,47.03711939745798,,
6366,0.04094723733001837,0.09890618376842739,175.04952873279575,44.41837797847791,,
6367,0.04020667114230442,0.09841288713640452,199.79672857086683,39.9039359801403,,
6368,0.04045927332017601,0.09949517781530903,196.7124725715976,40.88323588319445,,
6369,0.04005282735433751,0.09873882851025749,219.31525230383482,35.657551697064406,,
6370,0.04223105624890946,0.1000615824465319,161.66320473333778,47.1542925542211,,
6371,0.040808116525321604,0.10035314279168342,191.3857660191675,41.18840956596962,,
6372,0.04016781474073994,0.09784545074327003,196.48651342717866,39.818103859542084,,
6373,0.040256138560059884,0.10062372749627145,215.18495448154803,36.45729644394428,,
6374,0.04056427160944709,0.10006455977422296,199.31174636434153,41.224329971204895,,
6375,0.040398256609768146,0.09914102788377398,196.86392710230234,41.22021955932098,,
6376,0.04013309487498394,0.10057385691689862,225.09390789582994,34.980031670521086,,
6377,0.042270551705832354,0.10511828272324492,210.39315466464078,40.23186558673174,,Stencil thickness high
6378,0.04069996239278603,0.10204417557671462,207.612640871383,37.02261069076739,,
6379,0.04093758854964689,0.10127308465823669,193.70437681031092,39.43269358003071,,
6380,0.04083454234209409,0.10163285850084355,204.41387438369276,39.99956715596752,,
6381,0.04378314826778159,0.10327178608439364,170.3363350441569,45.218674387651134,,
6382,0.040339432096065816,0.10021413197333895,205.66591427942845,37.610702041775575,,
6383,0.04002998601873837,0.09991737010967075,237.01217688687663,32.949541701683394,,
6384,0.04071943777253567,0.10292694226322179,217.64894636460974,36.62133581818407,,
6385,0.04005679395637992,0.09955650537927642,226.1559222667382,34.56193055236263,,
6386,0.04035976150570187,0.10039006908545976,208.87313761555205,38.441229049360125,,
6387,0.04024490227796429,0.09988196721009172,213.0746550690617,38.910614790864024,,
6388,0.04104526025832075,0.10127489411320997,197.631237830584,42.24069184080989,,
6389,0.041208893786381394,0.10274602981002924,206.09445659716476,40.122388498709135,,
6390,0.04193528366608379,0.10147218094276364,180.86197015954093,44.64452220312471,,
6391,0.04076384397593155,0.09946597221464971,184.2688921047079,42.27864446983822,,
6392,0.0403906200611526,0.10051701092175622,209.27011136711565,38.76050395495556,,
6393,0.040079203561771685,0.09640757506846284,193.24083967478305,40.27051955609003,,
6394,0.041638920589851726,0.10050601422670544,174.57083422801352,44.37529287839668,,
6395,0.040317020254323085,0.10006802455010233,211.187237000934,39.63186261708245,,
6396,0.040198965382975134,0.0984618535764397,198.62258306872957,38.9437594999482,,
6397,0.04009263472780744,0.09787174009812788,205.22665328763634,38.46946368237602,,
6398,0.04041547273477544,0.10036261044605083,205.83560081676984,38.901317119940664,,
6399,0.04052805608246141,0.09788930005372842,180.70204333984472,44.45155668211768,,
6400,0.04072239709607122,0.10045457813240076,191.85755431077047,39.51437967705265,,
6401,0.04010558276609262,0.09801078710059329,204.96276759764265,38.60349375353328,,
6402,0.04031182773050762,0.10035684214591227,212.41570111387693,38.51868975328336,,
6403,0.041124552299307573,0.10100925843507161,189.74094879687414,41.733977860712315,,
6404,0.04028531387239416,0.09935886500668677,203.47941936499942,39.38542091292078,,
6405,0.040388740312440254,0.0982213278498104,187.2793545918464,42.04553416215266,,
6406,0.040103481947559146,0.09884458227758189,211.85741797999165,36.86806224596282,,
6407,0.040479834076841636,0.09865956722572099,190.83704840297398,43.29840166334992,,
6408,0.040406874652182935,0.09937506567174595,197.06820025479757,40.37206746978877,,
6409,0.04220116997531992,0.10294730520364037,188.16499369835986,42.323140957862634,,
6410,0.0415121753347697,0.10134540786248175,183.5424346423195,42.230344374383264,,
6411,0.041601503071925706,0.10288043453231777,195.5026708151374,39.9251446456165,,
6412,0.04010890478223149,0.09872682460776128,213.93249381379928,38.52564527677878,,
6413,0.04102069814813965,0.10099949183167993,195.4789016123617,42.49409848767531,,
6414,0.040170479587797285,0.099101967263055,209.20072773026845,38.356076688456774,,
6415,0.04086884204032358,0.10083899021668907,195.74518889625347,41.27953033863442,,
6416,0.040223964835834784,0.1015050880494859,226.28290088960614,34.97391641758103,,
6417,0.04104443482445666,0.10110767414851864,191.22074794689638,40.77601463272098,,
6418,0.04079534017138802,0.09975966020912448,187.57607312095615,42.516507958972596,,
6419,0.040975814628126994,0.09962973723819603,180.46199418840757,43.21960759407281,,
6420,0.04144355971171795,0.10071723307852222,183.12474094223452,44.411014334913716,,
6421,0.04004143101599384,0.09766335538118494,211.1251394728484,36.525527672193355,,
6422,0.04032922063157522,0.09727585095546731,180.71983932678495,42.72004896839373,,
6423,0.04141263395339245,0.1026376188531936,196.24170370696814,39.43552079146532,,
6424,0.040653987112633336,0.1012784563308374,206.25767076008003,39.45831974640555,,
6425,0.04091351251177108,0.09997941922905186,189.92337266913347,44.0144553201493,,
6426,0.04068898589928118,0.10089631327048319,198.6599151652812,39.225110804361016,,
6427,0.04039707132350491,0.09935074067554091,198.17020126621972,40.638711008711574,,
6428,0.040142773532877665,0.1000751163942035,222.82220413479763,37.107965266402594,,
6429,0.04211975529290487,0.10167435921831655,177.15522593397768,43.92428600376971,,
6430,0.04010170785385754,0.1001658512549679,223.35117508920774,34.420226036770515,,
6431,0.04081830000126885,0.098834289105776,179.23522241356548,44.39337190803455,,
6432,0.041021056515732894,0.10267849504740414,204.80478491742747,37.67733671205456,,
6433,0.04030041586657053,0.10083192379556187,216.71578205393863,37.401828012604064,,
6434,0.040243880613614585,0.10196441833318406,225.59998693222022,33.23314065739282,,
6435,0.04332523105050472,0.09959756644018104,144.69059651648897,51.13747959228067,,Paste viscosity low; Ambient RH high
6436,0.040282509049202615,0.09766241353288022,190.70681133121624,42.987018880079496,,
6437,0.04012182738124888,0.0991245901706178,211.02742715722005,36.37560119868281,,
6438,0.04084271890726859,0.10002727450136237,188.26798994709011,42.18093647956231,,
6439,0.04013657725119891,0.09839120809937696,208.4423704113644,39.840191769066784,,
6440,0.041910872664818605,0.09977724593380718,165.81116248964776,47.309090871155554,,
6441,0.04014588008658785,0.09646287887364025,187.72955591278907,42.33895718351202,,
6442,0.0400967778553587,0.09741326845427487,197.9300716101788,38.4077188962024,,
6443,0.040663276036106935,0.09955857771024451,190.5306865449625,42.38023423672958,,
6444,0.0402658323081615,0.09884734724814699,202.27425535134725,40.80735911325359,,
6445,0.04006817065018272,0.09797506309235161,210.97544628516022,37.98655536722675,,
6446,0.040463573518081504,0.10125550811895292,212.84421947931727,38.165872168364196,,
6447,0.040120658386276854,0.10074531125308879,229.2893570515501,34.91962166643178,,
6448,0.040593979865447355,0.09729888871597679,172.47651208970757,45.68193500683957,,
6449,0.040850604890067255,0.10081724831935987,193.97337247797898,40.49348573214277,,
6450,0.040225110743201536,0.09927958229789474,208.11906938767882,39.35988430029403,,
6451,0.042126191334283816,0.1015883333681578,178.50273367535283,44.86847021672593,,
6452,0.04018821796388294,0.09909297997257334,205.08824466685252,37.72927791250156,,
6453,0.040593872296883604,0.09930051288840426,190.5521806296873,42.387190038131656,,
6454,0.040506756103188005,0.09991779553029673,199.14826244931,40.72276066970737,,
6455,0.04005263866359408,0.09639321506630802,198.29342741653292,39.551054244737486,,
6456,0.040040479531611994,0.09895312060003549,226.2869279892934,35.50974208753111,,
6457,0.04299175940470035,0.1031584060466295,179.19164428581468,43.935861108028604,,
6458,0.040289577657398816,0.10083172900676536,214.51750504095355,36.2965939540279,,
6459,0.04028219679870346,0.09972614401599615,204.91431311269122,38.019463016922096,,
6460,0.04005106552461725,0.09743763658604229,209.9978706105926,38.45193079589218,,
6461,0.04123193701758176,0.10034007462276201,178.8958162987124,42.417398425464064,,
6462,0.04033522274903043,0.0980973555223284,187.71232996454657,41.3863190424974,,
6463,0.040094011081814374,0.09950952413916969,223.2785754205753,37.02632643677551,,
6464,0.044131720209834344,0.1035626148920846,173.06789875906418,46.76823251419733,Paste volume per aperture high,
6465,0.040917101399960396,0.10002458756984704,186.7638932892847,42.731586980183486,,
6466,0.040330166033864585,0.10151379561369862,218.83368219205636,35.71973262665387,,
6467,0.040081792020407084,0.0972081429093827,202.27145869520515,39.80059837795574,,
6468,0.04131025114440367,0.10175964920956787,193.75333650677115,41.68858832706563,,
6469,0.04147745555109008,0.10151198982233192,185.2715523035722,41.680458436606315,,
6470,0.04002375964926446,0.09863281561197795,229.39992226703444,35.21892069940058,,
6471,0.04093561732614108,0.10203662174783924,206.15408695310228,40.10947163246527,,
6472,0.0400159889603325,0.09991540619191233,240.44184730972336,30.890681389558655,,
6473,0.04044989473426145,0.10181711003084253,217.59471824119092,36.822819393453315,,
6474,0.04049157925573216,0.09975569910951232,197.95658959616017,40.76629400038569,,
6475,0.04081487505393149,0.09965367317478001,183.86559067601556,42.01670541595689,,
6476,0.040536484565091346,0.10057950629121369,202.30657487605518,39.246674749156,,
6477,0.04056628571783765,0.09958050470010137,188.79114500610382,39.88964344082599,,
6478,0.0403019481338945,0.09918955000150412,202.79410903233116,40.47063880491106,,
6479,0.04021358982484483,0.09914167677751666,200.94381681797034,37.05799583369612,,
6480,0.04048395509188592,0.09997310067866004,201.56835043051657,40.827457053689855,,
6481,0.040860167181270134,0.09914200042062662,179.84919678171576,43.74352316328976,,
6482,0.04089780140700663,0.09965615537837592,186.341700985592,44.09111207503074,,
6483,0.04015634955262042,0.09938153355136935,213.04284700127164,37.69390376707275,,
6484,0.04016636346223726,0.09829713432339199,201.1053539639592,39.198229734262604,,
6485,0.04016036494016305,0.09899742096724062,206.86350701845603,37.563397501799805,,
6486,0.041065210508530674,0.10093812160697718,191.74476306353318,42.045265921411776,,
6487,0.040642133324096455,0.0969595136682665,168.86738245757076,46.923313590329194,,
6488,0.04036072139358777,0.09803269702740837,184.9635928000914,41.41959617178229,,
6489,0.0400818003558277,0.09656335600776274,197.31976180591,41.16932562351256,,
6490,0.04002548775011616,0.10153384061639831,251.15507865496255,29.251483022144573,,Paste viscosity high; Ambient RH low
6491,0.040306171799574554,0.10072121880468228,215.5651701671727,37.7027269515408,,
6492,0.040509012031913816,0.09747840093052793,173.3998815710137,43.47008004409529,,
6493,0.04034993843508299,0.10004395849685513,205.8133458368321,38.77142104484968,,
6494,0.040901352106117776,0.10071946375248896,195.1774937945342,42.12174879645549,,
6495,0.0400009886015142,0.09673416676164066,238.89715004503572,33.97653014704676,,
6496,0.04062657289765357,0.09853380718969768,180.22989207099124,43.04863242263283,,
6497,0.041871437202516106,0.1027695181459882,190.98502900632744,41.385824561272216,,
6498,0.0401098716879813,0.09757540944684599,202.52394999464278,40.12522038690101,,
6499,0.04020233548148231,0.09663056542702214,184.71813248141234,43.02171106691668,,
6500,0.0414243070387017,0.09949168034221037,170.59927746055197,45.71044120773642,,
6501,0.04012447425278827,0.0969963796948929,194.454233194392,40.96517544462335,,
6502,0.041122460446390126,0.10117040625479798,189.9816148528662,41.014671959597614,,
6503,0.041023392620710517,0.09995379105604775,183.10208528654388,43.21424937562396,,
6504,0.04031319220240187,0.10011490925129013,205.76571747302881,37.3809927778502,,
6505,0.040701068574037914,0.09908605682288434,185.7633656710249,43.62360450554635,,
6506,0.04132668427018823,0.10048289670581131,183.50961746989972,44.42455811069038,,
6507,0.04055710194611755,0.10158308839503277,209.06348903169533,37.18930900094695,,
6508,0.04079100624185991,0.10257282129910775,210.10124670321622,36.80622050768552,,
6509,0.04175539608719971,0.10166571442298844,182.75550749505408,42.761608983884955,,
6510,0.04114285883608234,0.10005678651509257,181.4106389381286,43.619500005228325,,
6511,0.04039644251866914,0.09977012896553965,202.23077256492323,40.02971635038272,,
6512,0.04191629914503124,0.10135870223928767,179.0147191414807,44.37489367319946,,
6513,0.0413411575932524,0.10357785140716126,204.7615994573794,37.129175852957424,,
6514,0.04046344034341489,0.10056438418419189,205.98090163528647,39.08032345016745,,
6515,0.04019063986215302,0.09954168044742265,212.13285145301938,38.14940903922086,,
6516,0.04166885262198678,0.10190545396135907,189.30689356739003,43.10115698588407,,
6517,0.041089909098021606,0.10082191099344466,185.0997650270435,40.57290060790169,,
6518,0.040969778021367476,0.10330950047498544,214.0873732783132,37.224570479894865,,
6519,0.040509958697800254,0.10063315396496424,202.29384929371702,38.442932886737054,,
6520,0.04083425891479133,0.10284716904662848,209.7113106670142,35.99762071483186,,
6521,0.04123475542403999,0.10148765691667312,192.02909698056936,41.53956801263807,,
6522,0.04085621771930018,0.10084744303796503,196.1983416080746,41.21492969142,,
6523,0.040247475138766566,0.10096365496358296,218.6971181222808,35.75782955953874,,
6524,0.04038128586199434,0.0993175212151386,199.59842436876644,40.90822685403775,,
6525,0.04077339043998844,0.10040843373509054,193.27578632140367,41.05314841286013,,
6526,0.040699982607378934,0.09953028696472961,189.875141665398,42.91003666646055,,
6527,0.040620302976459396,0.10223760620715984,213.54790144668624,36.79693490644962,,
6528,0.040414192607734906,0.0990448257083088,194.47453321961265,41.2287548527872,,
6529,0.04131078223199174,0.10065593848299255,182.55937868715665,43.077205840881824,,
6530,0.04012333965367758,0.09805774653939425,204.98382968421137,39.48646202270724,,
6531,0.04029262573749272,0.10055674476961084,215.687754261166,38.131961452512165,,
6532,0.04021247547593593,0.0982750423814589,201.48206089548012,41.39197782841748,,
6533,0.040160280386966174,0.09653407420717591,187.18742800857154,42.51819450210272,,
6534,0.04063210854934558,0.10209883152401522,215.34377996201155,38.313737180400125,,
6535,0.04069097741441569,0.10101325085957905,199.93575221450502,39.14391272950783,,
6536,0.04095399227514322,0.10061231821413141,192.24487226775014,42.33489654871845,,
6537,0.04002468338533383,0.09912161050078327,233.69569691251456,34.574916540234,,
6538,0.040632397533811176,0.10058157141155125,197.59855004598845,39.38801988903571,,
6539,0.04052526621493454,0.09964986340170968,197.05748648735693,41.65997756518243,,
6540,0.04107845707151609,0.09935132495192912,178.6159024210121,45.24660249154499,,
6541,0.04012614618907369,0.09930087172074327,215.73887328074886,37.43808489482968,,
6542,0.04128094324565307,0.09984856849124975,178.07519536136806,45.06183809277447,,
6543,0.040560154590724345,0.10110535268934037,205.82910633502647,38.41563644059251,,
6544,0.04098255965986961,0.09765896256527837,164.72200165703342,47.27778726786964,,
6545,0.04070220848158437,0.1000526176059813,191.00309746055288,40.821539155317815,,
6546,0.04098825140437176,0.0999299811685635,181.5066789991456,42.30383017057259,,
6547,0.041034748444924,0.10122020169935704,194.47057563304602,41.254283698751344,,
6548,0.041293602899219795,0.10058131168174439,185.42467622628635,44.25716529704461,,
6549,0.04212688538844452,0.10278575014419053,184.75077214374386,41.29350753190247,,
6550,0.040333965993967914,0.09877430179306668,197.82059431370763,41.64742913013539,,
6551,0.04014143620137979,0.09903478009552459,209.48087795952875,37.35657422042632,,
6552,0.04004395537331163,0.0972056973913053,210.42366082334445,38.833424706502136,,
6553,0.04092573680469148,0.1008943737841461,191.00348974125737,40.14547814539176,,
6554,0.04170537735041794,0.1006442183910464,170.0537210678009,42.74776939703801,,
6555,0.04052317498555456,0.09974573762505051,195.9847694736349,40.77572377966825,,
6556,0.04019092512158696,0.09899220199763441,202.15367526980955,37.29496296891364,,
6557,0.042047201478916156,0.09977825907148066,163.50945056415065,47.66523318101332,,
6558,0.04042762859406043,0.09824226681012316,186.19376865164682,42.50252079223958,,
6559,0.04029228861225432,0.1000957727686588,212.84232779593898,39.34478350059709,,
6560,0.040195221083290274,0.09946322926002325,209.59934176593117,37.82532219365461,,
6561,0.044573914385280446,0.10262322092252062,160.42871974087583,49.23863292323105,Paste volume per aperture high,
6562,0.040253390142274456,0.09772402353427348,190.81386021982158,41.77450874579847,,
6563,0.04305502305626661,0.10164614980294182,166.74021876177457,47.27121819279929,,
6564,0.04041224545326028,0.10096685270058464,213.3825601538618,38.567600522791395,,
6565,0.04003462772386864,0.09774842102893111,217.3736640617397,37.29708808523568,,
6566,0.0404362176772442,0.09934721135415799,200.4930240145555,42.409293231942215,,
6567,0.04054366214393894,0.10083611693139945,203.88544981703996,38.70694129020104,,
6568,0.0401434193778354,0.09966072725008751,220.02371605451748,38.15634447573375,,
6569,0.040320067335242585,0.10008333756276748,205.64502045815837,37.690159404853496,,
6570,0.04088231917699638,0.09987499701244176,186.13935608049883,42.74172664466806,,
6571,0.04060988826543268,0.10072215098153585,198.20057269589918,38.513600568755784,,
6572,0.040572935085556025,0.09996494262532983,195.7882657440636,40.628933417902246,,
6573,0.041743310420633485,0.10183742006024356,186.7313780898585,43.22278764574597,,
6574,0.04125579214742683,0.10155144965428238,194.3789607968553,42.3019525742525,,
6575,0.04133947439831068,0.10177667247126881,193.30993431692127,41.77236334041731,,
6576,0.04039507712936611,0.0982516891586036,186.92680167077418,41.932194713062174,,
6577,0.04154994762827437,0.10177112732042669,192.85797512017706,43.8412212188181,,
6578,0.040150361134687264,0.10053009396333687,222.49594598078747,35.18361113721776,,
6579,0.040140672654755044,0.09779179520179981,199.95969234838603,39.96215128492022,,
6580,0.04049361434527827,0.09980863553018739,199.15066083238864,40.975056624398434,,
6581,0.04160147343468283,0.10075544929894878,177.95436861454252,43.99970136763911,,
6582,0.04001351631728252,0.0979220087608253,229.91745215297715,35.98314687044806,,
6583,0.04089460981702859,0.10232457558583778,206.465826931565,38.25426431627022,,
6584,0.040505950374165885,0.09823929768756162,178.41137521243934,41.498485850044375,,
6585,0.04084907686922998,0.10134873164424844,199.29525706822562,39.781038445131955,,
6586,0.04015874255782268,0.09891792004492347,204.5424201049603,37.05052063090595,,
6587,0.040075189557834186,0.09896734603115123,214.3415177932787,35.00937153450203,,
6588,0.04037713065716868,0.09928034764357646,193.47544601379133,38.82139929847272,,
6589,0.040364323499795955,0.09946840886666103,201.56603901276833,40.436002389282194,,
6590,0.04044494405920418,0.10214387798334658,220.65291771526137,36.21083169628889,,
6591,0.04126858419783812,0.10123670402880096,189.3282553929162,42.18601957605726,,
6592,0.04014590400088056,0.0974181472785131,194.50359956865782,40.11506332332983,,
6593,0.040267918602265446,0.10121360806046566,219.75779808813184,35.612336946846,,
6594,0.04129347433746475,0.09980281988081141,178.9943615856999,45.748034647656894,,
6595,0.040131866696163435,0.10070423962090762,227.77921222168484,35.22960131187219,,
6596,0.040211295380471294,0.09918687716449906,206.9048914943544,38.85406819248669,,
6597,0.04090963045318293,0.10113948151168675,199.65886884499594,41.79037425761829,,
6598,0.04106299118496279,0.10257782102577923,205.68382300363416,39.013373204493725,,
6599,0.04078867164706436,0.09843221425257638,173.3565445181956,43.809979141689496,,
6600,0.04000437535931433,0.0973706455936978,231.13581572128572,33.983076385083,,
6601,0.04207521966513537,0.0996255726353993,161.36694514251673,47.88212046974859,,
6602,0.040708248932196114,0.10145939958914713,205.44308796231107,39.22034375462197,,
6603,0.043512393809212506,0.10161974257656183,160.60867823007993,48.14733589428373,,
6604,0.041222750568719525,0.10260033568666958,202.92478563960543,39.869328216014345,,
6605,0.04034948622327537,0.1002465985800447,210.06432313279552,39.280154951603855,,
6606,0.04021086423144526,0.09875528583537242,201.74868629301275,39.10310036298463,,
6607,0.04004998101106756,0.09911722887167355,222.53777451126837,34.63290728887526,,
6608,0.04080175446561381,0.09940369162392303,181.95070073188938,42.349591473927035,,
6609,0.04057591585497908,0.09983560529667251,196.20975411242907,41.45947955909956,,
6610,0.04156340003827748,0.1025952796032499,193.3358994504542,40.16211650619261,,
6611,0.040931227783339026,0.10019975880861393,187.55880213045148,42.36216444253271,,
6612,0.040085155044508276,0.09698470740758555,199.3506586105749,40.11651828034081,,
6613,0.04166301222768933,0.10185678595869734,185.7329781615248,42.019352402087364,,
6614,0.04072957358609627,0.10083121356987003,195.56120383838763,39.11854444289919,,
6615,0.040253943251106136,0.09941901431289024,205.3770897291915,38.742702805577096,,
6616,0.04000783782515342,0.09772284543443042,229.00144088975802,34.071803023208716,,
6617,0.040783056058176045,0.10283295905107445,217.34096318867472,37.98110084322373,,
6618,0.04030285667379103,0.0987797010580951,200.96384132618437,41.83222156178553,,
6619,0.040092520151414575,0.09685914598438888,197.931793915513,40.77940105673627,,
6620,0.040346992396545454,0.10048198943016477,211.6830738307311,38.64654249850897,,
6621,0.04070955938767452,0.10001902690751802,193.6690188369812,42.0466682225537,,
6622,0.0400007002915014,0.09858348213251822,254.3441183720219,29.253112608331342,,Paste viscosity high; Ambient RH low
6623,0.04022580213619162,0.09767260920044872,190.02090085497545,40.76356486796645,,
6624,0.04068923875010767,0.09851013979401622,180.51910794964377,44.35709646137823,,
6625,0.04030356080835247,0.09983915410794103,206.59753159577772,38.72238826446405,,
6626,0.04024815044965112,0.100146841490281,215.56008119402168,38.62073343319149,,
6627,0.04067749437901803,0.10003132739819497,194.06187492320646,41.5867043662913,,
6628,0.04122038411627391,0.10280888384191872,203.59005171745906,39.06897396846547,,
6629,0.04029346734234971,0.10180454596441775,224.9763555554162,35.40652630176788,,
6630,0.040644552492145394,0.10078765732087998,200.50132844758548,39.63263695936094,,
6631,0.04010197615151799,0.09935004104954451,215.54153345586266,35.62434790998978,,
6632,0.04132568565685022,0.10026704883771428,181.87039877455305,44.878007568353496,,
6633,0.04059933293344554,0.09720287823530536,172.296165223962,46.181792486677345,,
6634,0.04230346936565476,0.1023705769191552,179.49720294232557,42.8650427242477,,
6635,0.04079959014609712,0.10133524953242064,198.73097544630295,38.90522017761993,,
6636,0.04036903740855197,0.10008132541061973,203.16876616228205,38.163217770353604,,
6637,0.041787877748282784,0.10064129091392465,175.6348406787561,45.49761946449211,,
6638,0.040507490465968424,0.09796053189495921,182.10665431957574,44.1813212082447,,
6639,0.040178719804563244,0.0996180662194773,214.29476383515748,38.03000943990966,,
6640,0.040041971401580286,0.09873874180230519,222.34926954164962,35.365417120952515,,
6641,0.0408519680270511,0.10187117594167543,205.12432281187117,39.356125033868715,,
6642,0.040255473674763384,0.1021138933818376,229.6840894334115,34.351187613075425,,
6643,0.040048787744692414,0.09656426914111264,201.5087897422053,39.40291219804698,,
6644,0.04012124924072277,0.09836405754254675,209.27160165500513,39.396366058013136,,
6645,0.04028883867245756,0.09926509938647737,200.93424745911716,39.04997434229807,,
6646,0.04006969555155819,0.0989766168190243,220.7024257921232,36.72075660645649,,
6647,0.04132591268209068,0.10175390346210551,190.56667396112846,40.7652877637324,,
6648,0.040035957891016306,0.0977382784769207,214.90336129432822,36.68661193786674,,
6649,0.04022779919497313,0.09895582683110725,201.56896664700082,38.71228277917015,,
6650,0.04017729502042166,0.0987538987314199,202.73801519045003,38.064305222498625,,
6651,0.04014818571604535,0.09784994744417168,196.38069358909925,38.80783183703337,,
6652,0.040117173417100346,0.09795011834700104,206.1257758597075,40.041426069435,,
6653,0.04127378313595121,0.10081505382384605,184.08431540390256,42.431750762802515,,
6654,0.04002551507863956,0.09978340337063041,237.91204167741347,33.04156177409188,,
6655,0.042422710516911176,0.10100454087371251,169.61948208302084,46.90140645379053,,
6656,0.041609325830689964,0.10077951211546887,176.8659051976066,43.57620154896049,,
6657,0.041002199886398964,0.10298002706702966,208.18664752221983,37.166554628737714,,
6658,0.04007720957660695,0.09890704125742242,218.61914104219522,36.982546439884636,,
6659,0.040466251277466676,0.10023119192771068,202.32085434713906,39.46076563103815,,
6660,0.0404839237409528,0.10094286705034572,208.05125296139232,38.42887960025165,,
6661,0.04014803765880354,0.0995613729579174,213.75282395903974,36.66142090320002,,
6662,0.041777676986950306,0.10024769905831264,172.86619328239743,46.328767997061405,,
6663,0.040797613772729474,0.10190137538011826,204.2026696235062,38.07045606345264,,
6664,0.040040652030693166,0.0967337815849234,204.30841994058724,38.50174563738819,,
6665,0.040422920695763656,0.10127381036233767,212.6797864973042,37.090706468740855,,
6666,0.040293907041208846,0.09974737662700997,207.11193631468015,39.05562288859933,,
6667,0.040037946070090084,0.09905591527659463,226.16018125482026,34.597841846008166,,
6668,0.041140139108613256,0.10103106947199066,188.63376347887535,41.42797622443066,,
6669,0.04011875036500265,0.09955125918297025,214.7014289820136,35.42697023719099,,
6670,0.040368875499154654,0.10040918711771742,209.6226734853175,38.852262708389674,,
6671,0.04107901166936527,0.10038008222970787,185.98756039272706,42.884264727924474,,
6672,0.04090815625042918,0.10124133769822795,199.5909230816142,41.253553361562545,,
6673,0.04084487300500101,0.09913841067543434,183.28649009785244,44.74953559775059,,
6674,0.04057700954278753,0.10036927403823072,201.84561210495428,40.89054453253336,,
6675,0.040687579905554876,0.09791173823553449,173.47035514070674,44.73304253983092,,
6676,0.04057760463908298,0.09808668618445808,180.45594217645188,44.38271389084611,,
6677,0.042351156278634595,0.1005220890284708,166.5235749626694,47.59019299868106,,
6678,0.04033487230988464,0.09937279018865695,199.96558829651946,39.53794562791577,,
6679,0.04047885774892057,0.09996935153996268,203.77681717713298,41.51494676474874,,
6680,0.04021890375836468,0.09979898095690101,213.60325707786546,38.552579309283615,,
6681,0.04275219228572414,0.10198350626480808,172.3810638176999,45.559931491497494,,
6682,0.04125842485020433,0.10152140611205225,193.0196264988551,41.997486705713364,,
6683,0.0401859645704865,0.10161120394741027,229.95360732631408,34.24032877086488,,
6684,0.040539993602308436,0.09950954546603918,194.36167001847247,41.68284739586615,,
6685,0.04018159069277945,0.09755700649268709,193.31592406336645,40.711390980138354,,
6686,0.04033826766741345,0.10054571687657772,211.7234450301356,38.11395864802294,,
6687,0.040553136914054225,0.10059629408209209,206.14387831746848,40.849322456229814,,
6688,0.04044984532545687,0.10014124178667118,200.5321259996883,38.89801183794345,,
6689,0.04022093997268508,0.09831670680429147,196.09464367962957,39.613104312029684,,
6690,0.04004439737250756,0.09704686036932826,205.15765045873889,37.801280491099334,,
6691,0.042256001755556334,0.1024100086969341,183.9893690298119,43.884728189456396,,
6692,0.040960380887960994,0.09919635916241486,178.76505168462268,44.50648820614618,,
6693,0.04009493989990177,0.09794862225393575,208.29463651723154,39.347529099006806,,
6694,0.04081107492567426,0.10193816858535068,205.21979612662406,38.456650086364206,,
6695,0.040028404024878776,0.09971027924121435,236.0485075965284,33.31453000737875,,
6696,0.04117901396526043,0.10344890928990444,210.08550580915752,37.78245666309337,,
6697,0.04052208969255294,0.10061253288261847,202.7225757582633,38.94316377601305,,
6698,0.04000989490923249,0.09813300897863458,230.64289226944925,33.73775472400753,,
6699,0.04069157708897554,0.10087525609586846,201.54692063869751,40.389261138027855,,
6700,0.04032352728597277,0.10239299652373744,230.04764895509817,35.24077018651811,,
6701,0.04024721698551809,0.10026435902322951,213.8512898736674,37.41765590101317,,
6702,0.04164408951906519,0.10180284607732312,188.051538812029,42.91629215509648,,
6703,0.04030746093686854,0.10109270249806533,215.65260012137426,35.97694888953469,,
6704,0.04054653379251445,0.09740519230986908,173.55942800126425,44.63957056769978,,
6705,0.040486029998104994,0.10116912439956247,215.0907231266186,39.86483998309932,,
6706,0.04076542808348395,0.09939644180518041,185.57514382974188,43.100461795185424,,
6707,0.043556188537674866,0.09928857207852818,137.92321534938452,51.67262275632616,,Paste viscosity low; Ambient RH high
6708,0.040029129393515266,0.10004415442018645,233.44373129580612,30.9194500786301,,
6709,0.0409185932882227,0.10047697741377724,191.0386804983026,42.07508892575964,,
6710,0.040049889289648026,0.09683519716496222,206.361594044267,39.9396967222627,,
6711,0.04029273365813741,0.10018784502928446,209.84135681185091,37.85466238588848,,
6712,0.04124367773589054,0.1006224099996501,185.32543038720928,43.45729654475349,,
6713,0.04165302028765928,0.0993990934554802,166.32324864040316,46.94902575838774,,
6714,0.04019551027532686,0.09939812939911745,210.06538620059376,38.3162378464302,,
6715,0.04108904628049052,0.10155017267184373,196.77341488424344,41.162659940251174,,
6716,0.040674248191115016,0.10088290123249072,196.53138810551604,38.2881566805048,,
6717,0.04009349720288466,0.09717570318653321,198.63591652088934,39.56962683695271,,
6718,0.040623062415518635,0.10182711345114089,210.29658736714993,37.68292601976046,,
6719,0.040514650076615956,0.09999193726268579,201.60796900012932,41.39587335412943,,
6720,0.04015799111940296,0.09978361002817358,222.13917901387293,39.040786806237016,,
6721,0.04068110759373518,0.10000734809600946,192.35599585859555,41.16222267838682,,
6722,0.040494109356345745,0.1006699762475369,205.6747747055061,39.12604326279,,
6723,0.04015034957968536,0.10164074224053073,234.64589168646518,34.104125020440435,,
6724,0.040128868378748905,0.09735643560139824,197.97038848193225,40.7181720001064,,
6725,0.04092107767067615,0.09947756193113327,180.25819228564063,43.13444828944006,,
6726,0.04047430909233313,0.09909960681375352,194.4496012925161,42.327185984505505,,
6727,0.04027232661383183,0.10007609508062819,207.52791169892362,36.93610214373854,,
6728,0.040574536105677066,0.09871566740321364,183.81957642449288,42.47217673976533,,
6729,0.04023519633966487,0.09958787976948004,205.21372739576358,37.21377791848245,,
6730,0.040798110860370274,0.09999406123235388,192.635009507009,43.21156107712082,,
6731,0.040049174216264215,0.09818912210383426,216.94504280713002,37.04630194963183,,
6732,0.04152185100522852,0.10249921170818749,194.14820560323145,40.49612457693056,,
6733,0.040258146069417744,0.09999619673493886,209.01544151026567,37.37989176780993,,
6734,0.04044937677082618,0.10084751804141297,209.3959616547479,38.6027139095522,,
6735,0.040982819920943846,0.10241511183035676,204.10962546730173,38.200079148547744,,
6736,0.04073776213265183,0.10109535946968955,202.3116865325686,40.356882033450546,,
6737,0.04000356927383923,0.0976639106821122,231.63965741732116,31.89462790380059,,
6738,0.040091323113560784,0.09854813731670467,211.72865794320924,37.399266148672105,,
6739,0.041786810189087496,0.10266362712312224,193.27063522261673,41.93982180319242,,
6740,0.04114996500956528,0.10212702586458933,200.3340510554106,40.380349399028745,,
6741,0.040163345193200854,0.09824554124422381,204.93764814320863,40.65825700720996,,
6742,0.0401517603490678,0.09685837404596802,191.41464744719565,42.026403601029145,,
6743,0.04128469106746088,0.10017282529992222,182.89109390925657,45.23672714121748,,
6744,0.04111588379792419,0.09993902672583892,182.50557502470318,44.2453340811636,,
6745,0.040213622981368616,0.10185871715309373,231.02721519152522,34.54703016438145,,
6746,0.04038706797975611,0.09887398191486223,190.79330727303238,40.09021110395124,,
6747,0.04021138839194332,0.09890989087027134,197.65910383300664,36.93348691693524,,
6748,0.04006395517076436,0.09856675885406153,213.84304757352479,35.7362884287535,,
6749,0.041273445938996935,0.10060115197069416,185.20720755515913,43.857634820734354,,
6750,0.042553398591674105,0.10152477764321051,166.97017031401657,44.432602829404516,,
6751,0.04086459871677345,0.09841669660342967,173.66641116947997,45.130673391485594,,
6752,0.040124186366552045,0.10114362567616891,228.20600941645955,32.82052040406665,,
6753,0.04023598151215876,0.10042152390676207,213.99266656000316,36.31193944453253,,
6754,0.04147226742367348,0.10076035390031304,179.01233086926564,43.049865397347745,,
6755,0.04072276919764336,0.09945744832771863,186.15157869884672,42.324724314094276,,
6756,0.041589433005716964,0.10187437983622401,188.14284235246143,42.070382493985605,,
6757,0.0410421604195752,0.10002120096177218,181.7946503786011,42.67002256092317,,
6758,0.04563197870162925,0.1031752660334144,151.08657725436314,48.50946403416522,Paste volume per aperture high,
6759,0.04048206676824062,0.09958164907318633,197.09854291347366,41.100931873082494,,
6760,0.040247474540894126,0.10176393172886268,224.59096892714848,33.97094718994855,,
6761,0.04049977190016869,0.10068487587445815,203.68209023095355,38.47035472961886,,
6762,0.04029512946211714,0.09843822482664387,194.98050999192665,41.13745684696417,,
6763,0.0405996243235056,0.10074504680877393,199.38863295284995,38.632932885538,,
6764,0.04023188374698523,0.10050755426312177,218.28564543898736,37.26313007395889,,
6765,0.04157563096700673,0.10283752489642817,195.90843648461154,40.02081829806025,,
6766,0.04192067389505133,0.09879918214105331,155.57371766028848,48.50827347173362,,
6767,0.04176221852582084,0.10300909119365514,195.3844961299866,40.79039932885039,,
6768,0.04134258029465039,0.10113653970739021,188.8976930657175,43.34229598767087,,
6769,0.04111278997662265,0.10147124323393603,195.1670907153755,41.27200400259479,,
6770,0.04000948373976092,0.09978233273220255,243.75238596396338,30.197846460880836,,
6771,0.041841886787896194,0.10129343744458084,180.84770954087634,44.67614243419136,,
6772,0.04043749536375562,0.1008605892325514,209.1209363422628,38.171272067484125,,
6773,0.040397250995943046,0.09971692511892896,202.9052630065355,40.54472347616443,,
6774,0.04002795910507086,0.09922285992539753,232.923955786268,34.48138995732029,,
6775,0.04015439615010805,0.09833415270546092,204.23455444404902,39.550479454752015,,
6776,0.041144508926043356,0.10145157929609779,193.31065348161778,41.09954135671305,,
6777,0.04039106547685562,0.09848054165054475,190.68988815915847,42.05466856997261,,
6778,0.040155906173606065,0.10199291679071552,236.10142379936266,33.191701901547134,,
6779,0.04011345463497726,0.09790501099267543,205.33869614611544,39.75239721648026,,
6780,0.04010377845254934,0.09835632615929873,212.01673017327394,39.30316503169587,,
6781,0.0411303803957431,0.09926574762950707,175.7121939372786,45.27888774759216,,
6782,0.0401380865946825,0.0983877100729561,203.29008688430204,38.12037290002137,,
6783,0.040724742724527176,0.09949873495499169,186.81020076900984,42.389894879878305,,
6784,0.04060103764552401,0.09809041082161332,178.8280049630247,44.23006852855167,,
6785,0.04205285198979245,0.10056201201415889,172.65138177855175,47.15191232990364,,
6786,0.04146243212651563,0.10334333174855498,203.8977110628821,39.24938949315691,,
6787,0.04033368298879862,0.0991187919903658,196.68789847709922,39.57543307003411,,
6788,0.040387744677848406,0.09910980814031865,193.01100141393894,39.75032799775496,,
6789,0.04004278502237166,0.09647217392312239,203.9546187056271,39.937285348869715,,
6790,0.04080418380394297,0.10220179803096167,205.78905215990665,37.279090959961216,,
6791,0.04053118637383835,0.10030078573923155,201.61842078699058,40.24412440256322,,
6792,0.04037659610328357,0.1007726785221992,208.71125872125205,36.97357919500034,,
6793,0.041900852836834146,0.10208908632392087,184.7132239463666,42.720918286255696,,
6794,0.040433670017866026,0.09993996052451383,202.2713382082314,40.11395059913075,,
6795,0.040813996784905354,0.10094106217445671,197.21336139033193,40.49326625671583,,
6796,0.04081781853451183,0.10118971763949257,200.59091322643496,40.541352929997146,,
6797,0.04033083964267675,0.10028811328153177,207.55611372223302,37.68118412772132,,
6798,0.04162037456521836,0.10107320523552832,184.69717295478202,45.02827525977096,,
6799,0.04077900155360351,0.10106380033355593,200.81845540108645,40.63574328326316,,
6800,0.04010799783317139,0.09912403870295992,215.37337089293942,37.05628647257361,,
6801,0.040241647811660675,0.09819071390888767,200.29272348662923,42.457547110590966,,
6802,0.0407893674979833,0.10090441490320688,192.70589973108792,38.703803465169415,,
6803,0.04050347448398614,0.09937450066602255,193.57764460475366,41.313617732390014,,
6804,0.040946245157158764,0.10151970967083308,197.58937484152264,39.73086520282612,,
6805,0.0406363233919682,0.1010642952567573,203.18192474517926,39.095958826734375,,
6806,0.040324200907014066,0.09801630588755754,189.57217549631866,42.12393306199309,,
6807,0.040158507386302854,0.09929062280239226,211.49881173325326,37.693075762532075,,
6808,0.041489987344741165,0.1005663788035767,178.15255951519802,43.86599675529157,,
6809,0.040624586985215795,0.09860007220802798,181.32761036171087,43.080022929820416,,
6810,0.04062644651560939,0.10185964639670815,214.15205292787124,38.94722350152514,,
6811,0.040068324247761446,0.09948824379140359,221.98844806240828,34.57593084122943,,
6812,0.04041667367902677,0.10082540850359804,212.23017766931827,38.950348021647734,,
6813,0.04044623217431329,0.10012687723258518,205.53138788886142,40.64956551937823,,
6814,0.04030272475415348,0.10029602729004716,211.34831119633031,38.166354064509925,,
6815,0.04054302153632764,0.09854242047688049,183.19156032734645,42.47426259912367,,
6816,0.0401438983554684,0.10095242088911623,231.55353651929528,36.00882523899753,,
6817,0.040048236491838654,0.09967222279519601,231.0610394978725,34.746839244792454,,
6818,0.04217798802926651,0.10361554650587887,192.33639230536343,40.37882994611917,,
6819,0.04013080121999193,0.09765980486009536,195.69813479288285,38.55936087017586,,
6820,0.040197371507000125,0.1003640560510309,215.6860764438116,35.70914323011437,,
6821,0.040152680602749326,0.10171888822501003,233.96229536458569,33.60185546331637,,
6822,0.040381878225871665,0.1003466530196098,207.8998084238478,38.88019400685545,,
6823,0.04149437668720928,0.10141389404481488,185.63417323644606,42.456109770226604,,
6824,0.04078741899384411,0.10160183954861517,204.23555715955467,39.37245062754336,,
6825,0.04217130486589997,0.10468484112604663,205.72800258123573,39.883553391746794,,
6826,0.04048769229578216,0.0978946473377515,182.53624887839706,44.23397997892215,,
6827,0.04105768852387003,0.10136122301473086,193.42888778746993,40.49968602591578,,
6828,0.04032500811861773,0.0994593605883765,202.82828895952136,39.852291677574826,,
6829,0.04076399279155629,0.0993428478983959,186.83339798695212,43.780782328478736,,
6830,0.04051064667570243,0.10026962297767537,200.95946493244193,39.74274344319936,,
6831,0.040134604987118815,0.0994775335860059,214.9542118678073,36.782038532061854,,
6832,0.04476830192542553,0.10368956625531045,166.7388312688666,47.32264910472197,Paste volume per aperture high,
6833,0.040968503562159246,0.0998997444438651,183.2844625801823,42.812629196743686,,
6834,0.040434095105644004,0.09930084392172796,197.26405885855746,41.44484913764586,,
6835,0.04021454746370143,0.09800739918376744,196.73234181299844,41.08916115638162,,
6836,0.04166248645641284,0.10109683121211174,176.4040186269724,42.39424882436449,,
6837,0.040046552146027446,0.09813152969933296,215.06797860441037,36.33661567442767,,
6838,0.0412363651912742,0.10087431760844881,185.64167177163478,42.2676376196676,,
6839,0.040011894139208665,0.098099564361503,231.36621023012106,35.02143326764703,,
6840,0.04052694604295638,0.10023940350758227,199.27039550581023,39.626506925053285,,
6841,0.040028746795928424,0.09764941494748207,215.10256225536884,35.94586202527296,,
6842,0.041604828569978825,0.09944301069972752,165.0081996018273,45.805467645753815,,
6843,0.04005215899278619,0.10029823026264002,234.8595219652031,33.53122821510714,,
6844,0.04034295781019612,0.10039889216261295,213.19042886341364,39.46996741423613,,
6845,0.04009813228714721,0.10056882298325145,230.76247687019384,34.84197639735626,,
6846,0.04068426634469522,0.09926168836654213,184.221204040681,41.948132113489244,,
6847,0.04024231474044538,0.09848586583685011,196.46350836854748,39.70382271610962,,
6848,0.04008889794377809,0.10021294244428443,224.93922328984362,33.835921743065796,,
6849,0.04106981916454482,0.0995730895537801,181.13937902017227,44.95661551030754,,
6850,0.04014090467277141,0.1012447752876367,228.37247576210981,33.3169553770565,,
6851,0.04089053146962612,0.09899848820529542,180.06903770770342,44.95198773535248,,
6852,0.040543954277120625,0.09883972341274573,184.56242688204063,41.54005537975608,,
6853,0.04097210868517143,0.1007787412483187,189.0916503459591,40.66341341850299,,
6854,0.04128855549883462,0.09884222910884144,168.3129841041616,46.564957111457836,,
6855,0.04075463190814507,0.099398714635367,185.78720586344085,42.99355347664159,,
6856,0.040732983493942124,0.09862630264747065,175.96716968217137,42.913032070847635,,
6857,0.040386567021437544,0.09996851394419873,203.54781678980052,39.28991162397697,,
6858,0.04016122537365894,0.09996478193118241,219.43183810058122,37.365530557315104,,
6859,0.040262935466672374,0.0977593425044919,193.07861693363097,42.72368226108501,,
6860,0.04023126051944438,0.09938336049141842,206.2786808453553,38.43526038126332,,
6861,0.042151858241822444,0.10147999483368511,176.7087644306278,44.96955310059651,,
6862,0.04001770450345455,0.09767960053491076,222.30253728693748,35.80274242189296,,
6863,0.04065944828054633,0.1013104549430041,206.28458578239406,39.40845834185015,,
6864,0.04056057366770163,0.09932777621625356,191.2614284762266,41.871848335817745,,
6865,0.04263824444304203,0.10090071477352897,164.28635088154627,47.12081846215321,,
6866,0.04063819269751379,0.09931222511683546,187.21793418891377,41.96136243017024,,
6867,0.041483413510051526,0.09944369885606805,169.0885031237322,46.02444498810328,,
6868,0.04026445365406534,0.1015017764691007,225.02881894889484,35.96614656835257,,
6869,0.04034617074696746,0.1003022780216935,209.8324773619112,38.83950605115721,,
6870,0.04013512855479294,0.09789260944680896,204.13919878812183,40.65207198574569,,
6871,0.040118281125397684,0.10110773282289055,231.21908804897512,33.70691868850716,,
6872,0.0400006822598489,0.09898004115572767,259.9677385092928,29.229174476228838,,Paste viscosity high; Ambient RH low
6873,0.04011699516320291,0.09804593860087321,203.32751549629174,38.5802132455752,,
6874,0.04063430800780871,0.09914719476897038,188.3268140685364,43.080780557828376,,
6875,0.04038148135881729,0.09993207788314196,204.0525602171762,39.51562253943145,,
6876,0.04083701586162324,0.10312999912750345,215.94794141556872,36.8727281786032,,
6877,0.040950741970071494,0.09952946840198797,182.7971086076879,44.18866620996739,,
6878,0.04027839295234124,0.10086953926348463,215.71114588753224,36.18452317606669,,
6879,0.0408031299333706,0.09892629935249589,182.77133578002747,44.966685240729994,,
6880,0.04030631948428877,0.09792588144788793,190.67669226937932,42.430731928699686,,
6881,0.04282911129791854,0.1004563025231701,158.12239095683887,48.44583701450456,,
6882,0.04073858146446792,0.09918467045415702,183.69012340178656,43.03085044127032,,
6883,0.0400703640809657,0.09935536707491875,221.78466840254114,35.33372143139779,,
6884,0.04051921711741563,0.10006661909410226,198.10114243271747,39.891371992713616,,
6885,0.04018880465050596,0.10092603220400415,225.64966530594296,36.15299338040239,,
6886,0.04011033910894267,0.09888478584480319,211.9864828439981,37.16773538797349,,
6887,0.04035693134909222,0.10153962761733018,219.7181948764089,36.63881802453888,,
6888,0.040081675381628025,0.09987947545528442,224.43107500000346,34.70378772799173,,
6889,0.040102528285860375,0.09703608550239633,196.93107778604895,40.27479074138192,,
6890,0.04253335489344286,0.10172415824110666,168.92549411183745,44.01098106549652,,
6891,0.04001728251139062,0.09596610475574055,206.8611014821064,38.511414455972115,,
6892,0.04038037955270274,0.097421231643138,176.89526849095208,42.03615580933941,,
6893,0.04005185199360516,0.10025326804115557,234.45609454596314,33.570487350836565,,
6894,0.04062222333156756,0.1042441459891753,224.6403430019397,31.05111466582239,,
6895,0.04020629234213853,0.09700268423680579,188.1103220862589,42.57871397323401,,
6896,0.04005328188293689,0.09969940526892504,232.9502351500078,35.87962764903418,,
6897,0.040644812478662695,0.09824956331017477,177.45332696487688,43.767400054979504,,
6898,0.04004829886973309,0.09890586979091884,221.1335431970295,34.95417476231867,,
6899,0.04322309433227281,0.1032380515498846,180.0731126236763,45.3824930530595,,
6900,0.041594070458607156,0.09988316260318669,170.32381737981368,45.44901590885701,,
6901,0.040345264465396095,0.0997720777193903,203.96617497666836,39.306544295616625,,
6902,0.040203049586420785,0.09904223653358049,206.95144883123692,39.24355868062307,,
6903,0.040006518557170336,0.09744663989899847,226.1993198446663,33.59433003928828,,
6904,0.04171098843010801,0.10205364123156223,188.33722772316767,42.44245002472318,,
6905,0.04062055953885393,0.0992484334726398,186.73880471604744,41.784019182598314,,
6906,0.04010312330043401,0.09834384464627764,210.30037232483522,38.713893679749184,,
6907,0.04052600245060487,0.10149746632571945,212.51735323712623,38.203327676040274,,
6908,0.04030867850720909,0.09912333466583903,202.8401672030159,41.007006566303005,,
6909,0.04114435557967273,0.10035485442184383,183.46963941221483,42.92404871414411,,
6910,0.040407963071741035,0.10037043768425666,205.30390214169137,38.49530749396938,,
6911,0.04029558101070615,0.1004998038231058,211.33079968932003,36.95998453189264,,
6912,0.04084331389708887,0.10240932381303733,211.70066636626876,38.949224147527296,,
6913,0.042039100039535815,0.1015685725811583,178.66831319394083,44.295860156617294,,
6914,0.04004708199764274,0.09613339727141765,197.8163317487766,39.97022878196725,,
6915,0.04064120216273447,0.10154914712116485,210.67032368749565,39.48242981549913,,
6916,0.040358694653457663,0.09890958455133171,196.078332236469,41.05121976223558,,
6917,0.040063780763547614,0.09785709653953228,208.68408255107218,37.32751286108757,,
6918,0.04044543430677863,0.10076661140803797,207.50016734078815,38.23522423855663,,
6919,0.04047809234626371,0.09926086868735756,193.9059739738651,41.438406928484724,,
6920,0.040094555410701324,0.09843488295739734,212.26085772405375,38.37003995057672,,
6921,0.040588262397638006,0.09871874604848942,184.085543855265,42.81113369073857,,
6922,0.04004492793307226,0.09644756991662139,199.9148869446379,38.916519099545994,,
6923,0.04081230981849239,0.10343298157848069,219.36116259624544,36.243029956074764,,
6924,0.04000735090712309,0.09615797551769972,215.69427157978944,36.648377677425614,,
6925,0.04155011509292557,0.10093076498465663,183.59002836740277,44.63284774347689,,
6926,0.04064252979681883,0.10212491847856826,213.78117649905147,37.82177904932714,,
6927,0.04012815247347396,0.09972288632038402,215.3461586906867,35.37520963048858,,
6928,0.04013817813734563,0.09825474429649732,204.53886033006438,39.20835452401821,,
6929,0.040174797124452315,0.10125439636453688,229.99754993297537,35.49041102182771,,
6930,0.04008073883265981,0.10039085701244987,229.9175443608978,34.09299366742769,,
6931,0.040288742833532475,0.09925420243068035,201.64235182361352,39.349517832026564,,
6932,0.04141503189173948,0.10176251008377978,190.5749189643987,41.68945904364302,,
6933,0.04010747772528296,0.096391926896419,192.1270871861541,42.020099812566386,,
6934,0.040182868269304416,0.09981561060987605,211.7711631530159,36.366525295226566,,
6935,0.04068945369761226,0.10030453815765913,197.66287289240665,41.740375766181224,,
6936,0.041163379832941535,0.10096134405440622,191.72984962578104,43.13767036688502,,
6937,0.04095029830031775,0.09880792176663619,175.6262356921676,45.13847222561168,,
6938,0.040693182979974006,0.10031336653068944,196.61389607731815,41.39041256844538,,
6939,0.04093704888033018,0.10011320273514247,186.62959637497846,42.53286236172823,,
6940,0.040169329310673074,0.0988355939488399,207.28349324736703,38.913838464820316,,
6941,0.04004247638362101,0.09785464167206208,212.31878724611025,36.167094766822814,,
6942,0.040032453055391604,0.09749543711776751,213.91005323544542,36.93527608189477,,
6943,0.04131817836052222,0.09991051729023187,174.9310475143441,44.06902332851632,,
6944,0.040053688528391064,0.09975810194311822,232.71850922879077,35.56038974975977,,
6945,0.040057300574862044,0.09846911499871545,217.28663111065913,36.740616989872244,,
6946,0.04002661440379378,0.09871326641329473,226.17867317943598,34.29754820310177,,
6947,0.04004750026121696,0.09809207884049245,213.2423113194048,36.002442626260176,,
6948,0.04181660892138353,0.10272110024661693,193.2096377163938,41.91215791608114,,
6949,0.040068897229930595,0.09816545581630848,212.1727060334577,37.5566165655426,,
6950,0.04021321494356457,0.09818239350390931,197.12028990830783,40.3291509234575,,
6951,0.04042112913037216,0.09831211729534522,184.49281475807524,41.41183650295789,,
6952,0.040063392178955964,0.09762066739739134,209.6183981827577,38.76118462509121,,
6953,0.040992910151227184,0.10016304365381154,186.9562811485949,43.16264933815559,,
6954,0.040081112458564175,0.09871595238431045,215.33931870633265,37.071680956553074,,
6955,0.040777667003837004,0.09972282369417419,187.0700799103036,42.24269026928448,,
6956,0.0402569568706898,0.09955313739101504,206.77466275879598,38.68985027814163,,
6957,0.04148842646328851,0.10005036630361375,174.98151022231107,45.22418855116548,,
6958,0.0411672660376894,0.10078949573205209,188.40746732574104,42.84214963711944,,
6959,0.04037101583272655,0.10022559510246304,205.1176586534545,38.20515364684148,,
6960,0.04153913480239027,0.10053719786884235,175.50178010837692,43.57030915059124,,
6961,0.041616790333018544,0.10218479685958702,192.96346164296776,42.539529383181815,,
6962,0.04000892946642337,0.09851128599894472,236.1651488580276,33.38409699139447,,
6963,0.04016825032721611,0.10026600135122736,221.56242588468052,36.991545790049415,,
6964,0.040940231925004775,0.10150525267025799,200.37871471643265,40.702453441212555,,
6965,0.04033706393000473,0.09899424441554708,197.86010292932232,40.684824633286915,,
6966,0.041298242097750223,0.10100019206667137,186.51130734061303,42.66867076115371,,
6967,0.04019724639690929,0.09930154229544752,207.81071657400992,38.058691379484905,,
6968,0.04049544011019484,0.10145373272748938,215.43712013293896,38.81219243650884,,
6969,0.04020515568561897,0.10017978302561835,217.39571464047978,37.51695626723672,,
6970,0.04051153618517398,0.09779076239331347,175.24884922748328,42.66559841279049,,
6971,0.04037744216713489,0.09931503379183411,198.5680896720371,40.458769672001495,,
6972,0.040565427511533796,0.1016637619235021,209.92390241977003,37.26466140360586,,
6973,0.0400160161365875,0.09810051952735369,226.8389268736666,34.86788555686462,,
6974,0.04164615469293762,0.10298325029320526,198.58247862641912,40.94897925125299,,
6975,0.04010722720716997,0.09857731250963811,207.4781398703763,36.8617796939287,,
6976,0.040154031238229054,0.09976825176014141,212.80461622551886,35.62761439618305,,
6977,0.040134051297450776,0.09958837120691126,218.55831790354662,37.487928182296,,
6978,0.04083967297384943,0.09845633926356412,178.72548820334328,46.35875142819856,,
6979,0.04050623851677091,0.10092769347376045,208.24432960447646,39.04226715090663,,
6980,0.04008642097454646,0.09926610960683,218.77008556034664,36.04453656566412,,
6981,0.04029319175190444,0.0997773771487687,206.3924190774196,38.63489782300154,,
6982,0.04067048687297128,0.10044076554307135,197.71343840172094,40.77688383732177,,
6983,0.04035409411469939,0.10029946879595557,208.0750462878982,38.44660758781921,,
6984,0.040101594297398145,0.09897289473278006,213.33870787999987,36.64331709098683,,
6985,0.041155456946496964,0.10121943397522068,191.33642940153933,41.656717305003646,,
6986,0.04085075761349213,0.09994756569933474,187.2490916484582,42.32490040232999,,
6987,0.04220548884764129,0.10119031049589458,173.45006135875485,45.65462988182689,,
6988,0.04109697945860935,0.10274817864872088,203.03878734909674,37.684203414965765,,
6989,0.04244574142967003,0.10197624874455566,176.29919734101844,44.73845079222872,,
6990,0.04183022496566531,0.10187790116807459,187.37542922320358,44.050612956928944,,
6991,0.04031409490294367,0.09937901268244123,201.37170540171684,39.41236725659227,,
6992,0.04095051572663913,0.10082805716470637,194.43847109439594,42.019171879706754,,
6993,0.041614974987794845,0.10005625072744743,172.75476612754107,45.675141961693036,,
6994,0.04195603477095097,0.10086755898147928,173.45849671587453,45.133789270134095,,
6995,0.040288336541036675,0.09951486519269645,206.87233385113478,39.922981026789095,,
6996,0.04077635862364627,0.09926375771620799,186.7935616400133,44.34272032639195,,
6997,0.04070224654085429,0.09917516874728442,186.2138982916718,43.37168266767062,,
6998,0.04022751000980289,0.10096858902366143,221.9935408741613,36.18391405615637,,
6999,0.040077284175695456,0.09654761661259322,196.16014262227318,40.46360449645651,,
7000,0.04368833831722257,0.10320648362477217,172.58807488882724,45.769080949148155,,
7001,0.040133007813779126,0.09789620106240293,200.1584811766937,39.11369917315235,,
7002,0.04096142168698623,0.10244331409436568,208.818621768907,39.43752478116974,,
7003,0.04026699982669986,0.09802120291389467,192.91964020934577,41.53636430034843,,
7004,0.040097961390243346,0.09788709008234374,208.0846924879808,39.784826917770694,,
7005,0.04121585133845762,0.0991536177218284,170.05312500891898,44.84292610596357,,
7006,0.04093923164302087,0.10000758425556348,180.78640519937977,41.0113880118442,,
7007,0.041988458176483584,0.1027546316073627,191.60571360740857,42.69931983691467,,
7008,0.04025185013702534,0.09802922427995311,193.11016633381954,41.057634992691426,,
7009,0.040249209686116096,0.09755443032855649,188.4253152081487,41.60785353881067,,
7010,0.0425917697876876,0.10238123563705356,172.5886563237231,42.5590427604592,,
7011,0.040223251779173026,0.09916813948020926,203.85367363503792,38.323967698597336,,
7012,0.04039424446741266,0.10173124121739342,217.8956033290507,36.027641553062665,,
7013,0.04133729917290671,0.10195912886992259,195.93623899743227,41.79368682639777,,
7014,0.040046915868197516,0.09840081292331447,217.69158547594122,36.007377491351136,,
7015,0.04047274864557659,0.10045808778149587,202.79936597979923,38.67590270582922,,
7016,0.04124912257263582,0.10161283625657863,194.34666856793748,41.91770269522329,,
7017,0.04215222657505453,0.1018931521332686,177.0825973970571,43.108290858090186,,
7018,0.04013919591262991,0.09888222402419687,207.84858175116236,37.398953730264566,,
7019,0.041285146147176016,0.1015458671619015,188.43888052802598,40.56553728620816,,
7020,0.04154596951565648,0.10199147604148488,190.00754379004184,41.73097634065178,,
7021,0.041133220421288016,0.09844212906544875,165.591093336931,45.721538011252626,,
7022,0.04087537844333223,0.1003006689283648,188.18984733909386,41.30887427862337,,
7023,0.040579099628747346,0.0970989064616638,171.07445477237948,45.873271047588254,,
7024,0.04287895548870496,0.10383012181189341,183.81037251796099,41.5537047694258,,
7025,0.041486506677224685,0.1029276611456058,199.15831387732507,39.833765135801265,,
7026,0.04098436415641203,0.10156373864842343,198.71088186146676,40.42913762533468,,
7027,0.040839302055963055,0.10266166004824204,215.2877576371211,38.93646588628854,,
7028,0.040624258145968435,0.09849398419555468,181.3291844747443,43.58721297718213,,
7029,0.04084677783614926,0.10168063517911045,204.44770340050218,39.96170422989622,,
7030,0.04085690915369768,0.10164481098823282,203.0256145536165,39.78159487983754,,
7031,0.04007508079496956,0.09972978747637443,224.21514816243265,34.800232194251954,,
7032,0.040291586584070845,0.09982024867923528,205.56714479694728,38.08729788616157,,
7033,0.0400413684618575,0.098589429292052,226.6335758134172,37.51473154844915,,
7034,0.042171860892924934,0.10375315706634684,194.48624513460408,40.42277209592176,,
7035,0.04003631228178836,0.09826830019242251,218.33507207564165,35.39214198798479,,
7036,0.04000959803891188,0.09755379963518364,225.112407671816,34.44326557500117,,
7037,0.04187740504495075,0.10234332256691295,187.8099687041542,42.37773060007051,,
7038,0.04013502588686832,0.10018224503208648,217.07397492218914,34.148178567274655,,
7039,0.04120808022424204,0.1005121223636206,186.63295392789118,44.038888593187295,,
7040,0.04026935422040886,0.0988200474164966,198.5895906710943,39.75434321513467,,
7041,0.04036230435006572,0.10076778050226015,212.67868898917328,38.02621836858175,,
7042,0.04045350448207252,0.0998449111288547,198.3680505931893,39.648595858321286,,
7043,0.04125871118253457,0.10331153919824994,208.85175601959926,38.938185344103985,,
7044,0.04016668575624805,0.0992952587652602,214.12822428049768,38.98600362480202,,
7045,0.04195395271721757,0.10141774357242213,175.83513128115396,43.29612371818636,,
7046,0.040229105915416674,0.10105882132651434,218.01374585421718,34.40231229311546,,
7047,0.04042604685596518,0.10131765673579614,210.44298371103667,36.1631596861083,,
7048,0.041013339931451766,0.10192287199390569,200.39530497125133,39.67140950582627,,
7049,0.040438562656749,0.09994697197819463,200.06929042616335,39.41605587085869,,
7050,0.040219745491741316,0.09844665910242004,199.33189332932275,40.08245186779958,,
7051,0.040601579250527056,0.10025545816484643,199.57378440128733,41.09994860838294,,
7052,0.04153321064366101,0.10240388075806282,197.83614863025502,42.37269363310869,,
7053,0.04000920223780436,0.09700113828388822,223.46093716465495,36.3360677009603,,
7054,0.04137403246418987,0.09935269679724583,172.87285536953198,46.64813724604052,,
7055,0.04154286314133434,0.10108105226309211,183.10587413962563,43.663261517891016,,
7056,0.04200387210063697,0.10266516147900376,187.33683887076018,41.75721034424336,,
7057,0.04063382957708816,0.09980435069592826,193.97018566212603,41.88848503884833,,
7058,0.040687248761682025,0.10143527660730851,204.44254533514115,38.63218983193336,,
7059,0.04048109071154331,0.09955697522635576,200.66187415871374,42.45646343558177,,
7060,0.04026992545688717,0.10021792198254907,213.93723994723456,38.434625794614405,,
7061,0.041766315172680375,0.1015746125074811,183.25727785579429,43.479738759113545,,
7062,0.04016228094220174,0.09883656672856327,203.53717352836625,37.25815415234635,,
7063,0.04003917599046205,0.09909145485405665,227.51910068757357,35.08798274393811,,
7064,0.04105509352467566,0.10065096340290808,186.0985067145104,41.31164535534752,,
7065,0.04258329810896225,0.10163662292613557,170.22100916671843,45.25919305161816,,
7066,0.040027829951552886,0.09775352870870298,218.38979301263404,36.42693011782136,,
7067,0.04243024136754269,0.10237533473432779,181.42939783370224,44.50290809826832,,
7068,0.04245423763887473,0.101405380156214,175.0110561295162,47.106356096299464,,
7069,0.040424499415155926,0.10184818108718867,215.00004237293268,35.17154323982999,,
7070,0.04032126183085637,0.10126424337414439,219.49906255107138,36.90740769607174,,
7071,0.041019662981935615,0.09982908558647292,186.71225269114592,45.04205899558018,,
7072,0.04040492397696172,0.09922176192797252,198.41401354581737,41.540268075349935,,
7073,0.04089491840381393,0.10017867236014324,186.0152150815702,41.410450362592314,,
7074,0.04143444465175457,0.1036311174725932,206.3449143895559,38.43046022539561,,
7075,0.04053103260534529,0.09678774954619317,169.0545418527929,45.72389292317501,,
7076,0.04190942909167504,0.10089108204224274,171.6126362572666,43.96196773818594,,
7077,0.04015777354334797,0.10223777005792582,242.0493143434419,34.198376337811055,,
7078,0.040499027930428894,0.09976117266957744,201.7844664237266,42.248026583209175,,
7079,0.0401453700385859,0.10016199956513339,219.98037007807116,35.82027348296177,,
7080,0.040114733866978135,0.09951453882132319,218.1200761785321,36.565448783101964,,
7081,0.04115055080731205,0.10071367777035632,190.75182109667324,43.83487696980306,,
7082,0.040091166647732435,0.09915161584860946,219.17675019123345,37.1000938297446,,
7083,0.041219841353873264,0.10181991833718143,194.07488981802618,40.483364891903385,,
7084,0.04298001272836235,0.10238916200831666,174.11495676396652,45.78211535648434,,
7085,0.04046010194935974,0.10008926839494889,201.51027625124357,39.72426727941793,,
7086,0.04031804650132544,0.09823397819420505,191.81538994455627,41.68724638273484,,
7087,0.041038513368183725,0.1012737671764501,197.40127519624292,42.07819872628984,,
7088,0.04014341633942276,0.09870702059858383,208.3626680838128,38.649334927221396,,
7089,0.04056036621497622,0.09826486770547557,181.595424137932,43.59255296837859,,
7090,0.04013757733213625,0.0971283797793133,197.89266178498113,42.27297714266094,,
7091,0.04274293583498484,0.10337328526497928,185.30872188344605,43.34142023963749,,
7092,0.041002770081187086,0.1006905832600314,184.08647865785818,39.73161585562654,,
7093,0.04005033016752159,0.09971761598015075,230.81999434537988,34.69630814849923,,
7094,0.04036980642443305,0.10031231935234837,209.94142791201457,39.45692614301015,,
7095,0.04161621840561875,0.09973325067206733,169.8418361862395,46.21999087152345,,
7096,0.04076689680944738,0.09938743031416207,187.82277492467574,43.96020686389768,,
7097,0.04025706280357594,0.09976860880623113,208.53727382860035,38.27431771784392,,
7098,0.040031344429244796,0.09791873936812963,216.82250184280443,35.725424325127,,
7099,0.04056265005190943,0.10062458517780486,200.72471048884248,38.98574979668185,,
7100,0.040145241119226974,0.09892257367909767,206.1576190122799,36.924453816922245,,
7101,0.04038989242527301,0.10091768048528409,213.8640753156356,38.42751333122402,,
7102,0.04025103363871521,0.09749894694165802,190.67671532550426,42.733059264952516,,
7103,0.04104423628282338,0.10085875487969966,191.82356649076823,42.18883813068046,,
7104,0.04003351660400966,0.09918670971590748,231.16300185609344,35.031158410776946,,
7105,0.0400783333563242,0.09803052224022442,208.78470578825946,37.84166544910427,,
7106,0.04058043897725494,0.09872349298866336,187.9625230931216,44.008564410951706,,
7107,0.04198527687048537,0.10190318971883688,184.92456751792335,44.4282760004663,,
7108,0.04033310751942687,0.09936701959309961,200.4952912274241,39.70352064129359,,
7109,0.0400864271823074,0.09749038940422998,203.45559437997048,39.22059942604763,,
7110,0.04043542743041368,0.10224973187413987,220.59524811252066,35.460673512312034,,
7111,0.04101652577641829,0.09898222362379044,172.42941341047253,44.05289350721197,,
7112,0.04057892527040881,0.09847597640762987,182.36130171879668,43.19927420509212,,
7113,0.04014233197965998,0.09765580786320831,198.17884519925272,40.07816312751013,,
7114,0.04070000084857997,0.09942901408127265,188.78681562741176,43.01561811807441,,
7115,0.04144456976317075,0.10242826554562068,197.99676174066065,41.40240015337222,,
7116,0.040116233165514936,0.0981359196518017,203.25430569318553,38.073070669177,,
7117,0.0401741326104439,0.10094931610194359,224.97425415773282,35.16204459778665,,
7118,0.04120656955905344,0.0980179683417794,165.84689970960292,48.737232829855074,,
7119,0.041524857299480425,0.10053956466748325,176.74278661081522,43.852944243949736,,
7120,0.0418213520611479,0.10496971021081232,212.1911739483216,37.78871396827631,,
7121,0.04126102326563156,0.10162000263419732,196.62132713961228,42.82161413992515,,
7122,0.04222749212457656,0.10287471772522461,187.92747683209717,42.80161095976131,,
7123,0.04019185585109512,0.09759667910393885,195.26236856749694,41.64482065087016,,
7124,0.04000820578811616,0.0976080042912964,226.0135321234882,33.78018994505208,,
7125,0.040447562183871265,0.09938584431727729,193.31290629875534,39.94867459761546,,
7126,0.04022666114155499,0.09917790434984937,206.46319131092764,39.324299361249565,,
7127,0.04172534049561672,0.10057407799208104,177.71096230333907,45.97608954687603,,
7128,0.04020450230130019,0.10048708917963853,214.9065544955254,35.12783826594767,,
7129,0.04001906281212844,0.09712898193751063,213.7162656886747,35.80826291198401,,
7130,0.04080477102063033,0.10218377685151749,210.2921166566418,38.964057816492,,
7131,0.04095922848001893,0.10134754739299562,197.4139025004847,40.67774639174818,,
7132,0.040013744003059716,0.09808042391867984,228.5568775491954,34.818832578473284,,
7133,0.040258959550080894,0.09991389746799899,211.3897783999216,38.64262978748113,,
7134,0.0401368720867476,0.09858560904596723,208.10130845754176,38.79652730041507,,
7135,0.0406689501888991,0.0998178732456996,193.52839414313073,42.283226668362595,,
7136,0.040767002748630786,0.09934474280272393,185.33979029660455,43.29197212721963,,
7137,0.04014815354757111,0.10130859172319505,230.61766327585443,34.17649376200181,,
7138,0.04067092557826374,0.10167988958665451,209.70152723947936,39.027673319923295,,
7139,0.04044105757303558,0.10075310803922802,208.10023280897522,38.41226200276095,,
7140,0.04076629497704271,0.10060772261951573,193.46446581652975,40.04558316723268,,
7141,0.04062529128437289,0.09940045336016338,187.7376622681393,41.48750508780674,,
7142,0.04020960435093953,0.09896000043463982,203.94356458377504,38.839268020659084,,
7143,0.040919061593569644,0.10193822732268738,204.93542045426483,39.92514946104038,,
7144,0.04002069099761496,0.09813010919985019,221.33239511245552,34.079307511202884,,
7145,0.040399658754291815,0.0989955324919615,192.77085187808737,40.51337211074373,,
7146,0.040188953956732845,0.09854443641933965,201.3328449756192,39.08564177265035,,
7147,0.040542092110127784,0.10096047845882852,206.67902007796806,39.06066177956952,,
7148,0.0401571850892102,0.09765534964790851,194.83489638548858,39.6498575393524,,
7149,0.04046840945420416,0.101175028151139,213.27087865044004,38.81191434478729,,
7150,0.040282502431555546,0.09977612908314953,209.94651857551864,39.56324306791651,,
7151,0.04004293731473732,0.10003797776184943,235.2015096608105,33.755452346248454,,
7152,0.04058209321945953,0.09918397225427433,187.99756256608214,41.82744153800089,,
7153,0.04021377128152764,0.1002585214519764,215.4129708824717,36.77451429158334,,
7154,0.04053667528401757,0.10205456780722422,217.3553301034433,37.43378362501108,,
7155,0.04033564480282502,0.09993295801732102,208.31231400587168,39.79818704199709,,
7156,0.041402245285699406,0.10170275093202852,190.00656463816435,41.64188153048254,,
7157,0.04047523547190886,0.09985888317406334,199.5447684219481,40.4767627232304,,
7158,0.04100334485098541,0.10061819505448617,190.36948378369635,42.30596325562013,,
7159,0.04191474408162363,0.10117964813566661,177.73476882825506,44.774707801353514,,
7160,0.04144884547012789,0.10057069738655423,180.38228009210115,44.206501984695585,,
7161,0.04047203838259999,0.10013880933274093,202.14325904788691,39.971478486601946,,
7162,0.040308931837233636,0.09913597794837063,201.07868964986616,40.33183818638326,,
7163,0.041064850710806615,0.10119213344129974,194.37589537883454,41.74185684678104,,
7164,0.04065729338293213,0.09865538394382119,182.67729348044253,43.86893938458392,,
7165,0.04003793372659578,0.09724306291838243,210.31351736110074,37.76319332703627,,
7166,0.04076659327627315,0.09971694956313734,186.9978889469559,42.07227999530384,,
7167,0.040333033295478,0.1008087836159731,213.78282006597485,37.42415085454722,,
7168,0.04056007241341454,0.10241654582715859,217.12807146870426,36.065917042412934,,
7169,0.04037382231024395,0.10159212090587061,215.18145866295933,35.22627920158611,,
7170,0.04017580517161579,0.09880990692616189,205.82663933918212,38.81722028277369,,
7171,0.040129827342171825,0.10037228166093394,224.56853822697326,35.586523916968744,,
7172,0.04019813772908694,0.10118627983401024,225.04325825856554,35.069652055004575,,
7173,0.041127982508194466,0.10001373126907087,176.74979646899266,42.001813956723204,,
7174,0.04021149328942577,0.09878408973811247,204.84868679551178,40.08229993575207,,
7175,0.04082640300308402,0.10188592164095253,207.31401285958742,39.67882769587438,,
7176,0.04045607024015139,0.09815924900103694,183.1751172187474,42.48950228598322,,
7177,0.042296789241954756,0.10171879371652559,177.89211201175397,45.395307266931574,,
7178,0.04018323647865144,0.09927784335828065,209.29899956133713,38.10839387415705,,
7179,0.04010543603130288,0.09774130857979146,201.19556238061247,38.56650083721081,,
7180,0.04090837242428473,0.1007462036954374,194.4379977520955,41.83058955678286,,
7181,0.040287135248268165,0.09642071242524809,179.95289516622145,45.336400762451575,,
7182,0.040007034734494996,0.09753346662864176,230.68501999803541,35.09578169400534,,
7183,0.04010353060737939,0.09822183583201394,208.10213983686333,38.55505896791553,,
7184,0.040410685681966534,0.10171305730034909,217.30026889567128,36.30716702811181,,
7185,0.04140642061089889,0.10012255274706472,178.93867088509182,45.415663068318636,,
7186,0.04027179212094168,0.09939035707378485,204.5633336739011,39.185907601963926,,
7187,0.040053911207219337,0.09960782397983609,227.38744420897459,34.430479560635526,,
7188,0.040067452760736984,0.09592174537018157,192.90545525785228,41.46380837201249,,
7189,0.040815324134009935,0.09899563947319383,181.8069196445148,44.476377724299496,,
7190,0.042199184599016504,0.10065567467284914,166.25873897751455,45.64937289410007,,
7191,0.04177428317751046,0.10142801032875652,182.400801926368,43.95923388025864,,
7192,0.04098058761048409,0.10042307402598945,189.4329773225693,42.61603393919593,,
7193,0.04026979153277698,0.1008871368264983,217.2596863373314,36.36929246417833,,
7194,0.040458378169853225,0.09933334908259686,195.20616040129863,41.11364517854502,,
7195,0.04040711278368514,0.10037440935149156,203.7380711631687,37.90300599982567,,
7196,0.04098589836707177,0.1012735782191753,193.98797711855156,40.18499809883345,,
7197,0.04067085248217647,0.10148909204874727,208.11187678117534,39.38733766878093,,
7198,0.04020087061808865,0.09795836442318608,198.041788069452,41.24873549855153,,
7199,0.0414881919443548,0.10277038712058746,196.36355852423154,39.62477582952501,,
7200,0.0401192152923977,0.09947199029142803,215.3677394471009,36.073046797832305,,
7201,0.040425858804130854,0.09842828447428503,189.43192557739735,42.70488718503419,,
7202,0.040804754236195284,0.10158473992410218,202.10135856693918,38.96787865589834,,
7203,0.040137539266197356,0.09783416212209128,201.57075800904875,40.15876904737316,,
7204,0.04061189070463757,0.10139473795115088,205.8241643747679,37.99070638388481,,
7205,0.040453267760828526,0.10018224459307959,200.1193393199059,38.63139584131531,,
7206,0.04000338545926639,0.09599905898172405,220.01344018823352,35.61850547420917,,
7207,0.040739622493674764,0.10051513509510128,197.67008009988308,41.55240601648513,,
7208,0.04041416420182847,0.10032104751987783,203.34564475543633,38.192224008313886,,
7209,0.04122489680087599,0.10087955400003669,185.39703083225734,42.02340529918083,,
7210,0.04002624969388629,0.09824002934919619,222.55789066547146,35.232345536635776,,
7211,0.040358980890071686,0.10051064965257592,210.7631314599444,38.504880699949005,,
7212,0.04094346376529971,0.10062701704228767,191.76334896783695,41.950048480208785,,
7213,0.04153905645717562,0.10263492741284158,196.77536749921333,40.9408673036367,,
7214,0.04014028056062597,0.09996510694141073,218.53810110957338,35.996535270191245,,
7215,0.043375902564036437,0.10115365737467055,157.65811830640953,48.51350017689295,,
7216,0.04036591882179562,0.09887374460935346,195.98181948754808,41.3804500919693,,
7217,0.04021855456358004,0.10021819025668048,214.85335546240793,36.95501353253615,,
7218,0.0401464394645035,0.10155804946916104,234.4770566232147,34.24552097348332,,
7219,0.0408373334589664,0.1013896322958764,197.97339331298372,38.94358371135951,,
7220,0.04158391490368812,0.10419407816454801,207.15034075270188,37.5152744502243,,
7221,0.04039111430841437,0.09932931703645932,196.03876149293436,39.842400842572715,,
7222,0.040278510150284136,0.10049238954123704,213.9731604039986,37.397195979147455,,
7223,0.0401642850238011,0.10232132358678402,239.25088147914516,33.11801299240189,,
7224,0.0401293292005316,0.0985855519406259,207.1059759837871,38.029269505952286,,
7225,0.04098445696913496,0.09974602736434596,183.83128664449342,43.96229844071041,,
7226,0.04003429665714846,0.09639675692442701,206.22675033622102,39.840539818613344,,
7227,0.040833645414291804,0.09971275949467782,186.9088092208512,43.0864157975025,,
7228,0.04039074141308998,0.09785690696548213,183.63726337152366,42.57110977492113,,
7229,0.04075869282967114,0.10046181933986693,192.74155079634022,40.37545310158062,,
7230,0.0405036112432192,0.09945119539534125,196.68561335785247,42.04260125780807,,
7231,0.04098951750622241,0.09799739714584516,168.89264589565488,47.20703812223194,,
7232,0.0418457041473233,0.10192580207219212,185.96288918426603,43.4600889056981,,
7233,0.04092884420106841,0.10110920511463097,194.14596363158478,40.25948071530123,,
7234,0.0417912861505431,0.09988645536118566,167.1231608297836,46.17239014465897,,
7235,0.04064264515101183,0.09958559154547024,188.0609497025656,41.01702737423505,,
7236,0.04008462059494271,0.09954225658563179,222.83780286741367,36.00543351516071,,
7237,0.04050845562924379,0.10118148549038004,210.44974770417372,38.64036663561275,,
7238,0.04028807906998929,0.10089758144951988,214.62216696348506,35.96895980394867,,
7239,0.041268046127541015,0.10057250548232034,181.3569332677958,42.57625326738839,,
7240,0.04078634090463417,0.09859709072414888,173.42608661311323,43.00190595508422,,
7241,0.041758484011899626,0.1013195336751391,180.70224019391284,43.738255048628396,,
7242,0.0416341844645363,0.10223501777040465,188.87995625556272,41.02487377352732,,
7243,0.04056500808411393,0.10046431463887158,200.3057702981242,39.65788094537277,,
7244,0.04087816236231115,0.10016378582987195,188.981641619228,42.28969015593056,,
7245,0.04104146626033628,0.09903049765257418,176.79459672655827,45.68339229305708,,
7246,0.040848243933958896,0.09792022413216772,168.85884128995363,45.59395156747581,,
7247,0.040327372284915314,0.09912307061750694,194.7282192649768,38.685953413194305,,
7248,0.040279365526825386,0.10026084071469263,210.1055092622601,37.17835237011624,,
7249,0.04028071411649769,0.09881153964611518,200.04083962350404,40.671980969035616,,
7250,0.04052311383081869,0.10074714511009332,205.56019202946794,39.31492721386842,,
7251,0.04007833740123704,0.09798167478996697,208.46515339910587,37.96525413817344,,
7252,0.04066923344795165,0.09941266554070317,189.63106968604035,42.870670101412294,,
7253,0.04043875576676218,0.0984053632288346,187.11968606507367,42.299437284860204,,
7254,0.04090819767381797,0.10076116257627603,194.26315945702203,41.694164121132225,,
7255,0.04057410451777918,0.09906570643535147,191.23059632183939,43.387762292553916,,
7256,0.04130342132936013,0.10161345484348441,194.09477713715012,42.43939121372741,,
7257,0.04049340014040467,0.09858982311837663,188.04050561506543,42.9389221758932,,
7258,0.04070836549296577,0.10031257378158141,191.4863886054715,39.838442868712754,,
7259,0.043869230406226645,0.10371398302070815,170.47962435952803,43.63390350267806,,
7260,0.0401487794639585,0.09987397578046077,218.41935915582712,36.835369598950145,,
7261,0.04039031440489219,0.09861738046892199,192.07151371492964,41.862308854456856,,
7262,0.040924764049249204,0.09941010795029605,181.24424887006316,43.85959994837178,,
7263,0.04288238080923384,0.10317077099476656,181.95863889630374,44.109512917906045,,
7264,0.04074965483781582,0.10056273754817506,195.07650004565707,40.56808994390818,,
7265,0.04009428052760682,0.09725874640649494,203.29796850045432,40.87013666488048,,
7266,0.04078193399758807,0.09799553413054242,172.26315683257013,45.42972638890211,,
7267,0.0418157378469497,0.10223658149891908,189.5183334764092,42.94271507609178,,
7268,0.04033220740218758,0.10203286043042446,221.87229323363056,34.34133107034584,,
7269,0.040358193640091605,0.10137529337379303,217.8793853662678,36.8174948041877,,
7270,0.04008704657536781,0.10088649774745598,235.1231667282472,34.03410861638488,,
7271,0.04010524462450614,0.09887817503821851,210.34330071683246,36.288903799597364,,
7272,0.040999330392847935,0.10191766561506237,201.8320185268058,40.01921028594442,,
7273,0.04063052846369606,0.09913218929859449,186.53481980663776,42.453342336499965,,
7274,0.0412813552222395,0.10172851904338422,190.78369493476248,40.4677547162828,,
7275,0.040480609562305064,0.09984456818615563,195.07779667055308,39.08616521156678,,
7276,0.0404260252235675,0.10196314544541707,218.60663169261713,35.924576134441566,,
7277,0.041361415775500204,0.10113506102018073,184.33988415393938,41.94637901166915,,
7278,0.04092390139642785,0.09892583057745961,176.41172707505888,44.48220511808398,,
7279,0.0407125033657618,0.09974851869769653,189.1945656895955,41.823459223359905,,
7280,0.04070445317747466,0.10330519244283855,223.8181327737948,36.72311094821703,,
7281,0.04063205484591757,0.10103323354629182,205.51762274605554,39.993992050300335,,
7282,0.040130048131693664,0.09660496008103492,193.61484305160252,42.87856107263843,,
7283,0.04181759365554575,0.10066496643278795,172.8082100089109,44.656518903685836,,
7284,0.04030159293139866,0.10037612570097282,213.1451806704109,38.379481465918666,,
7285,0.040020332716142464,0.0974093660263419,217.60995768093542,36.158027452530035,,
7286,0.040792962392303664,0.10151336966122183,205.26310977110055,40.24791980858735,,
7287,0.04080453492417452,0.10173008728999959,206.33021292885672,39.75448214397911,,
7288,0.04218932455323721,0.10244570220811107,183.75845202773513,43.096052469332946,,
7289,0.042480758574287666,0.10077265831269376,160.21623370352944,45.14262388533101,,
7290,0.04056431536525798,0.09837652278644622,184.22608883339635,44.05786066305127,,
7291,0.04003251920990419,0.0991996945771812,230.5828929330705,34.59557884298268,,
7292,0.042852744482705485,0.10408867944735628,187.1112929612371,41.28860930208207,,
7293,0.04133521771034712,0.1007329874628046,184.262841347435,43.575911782729044,,
7294,0.04019462966482282,0.10000712570629756,212.77831939996503,36.2947525704081,,
7295,0.045375389804816695,0.10293049829835711,153.39884057633935,49.29344531790299,Paste volume per aperture high,
7296,0.04071119893128881,0.10213596032933131,212.02162269280714,38.321655794785144,,
7297,0.04192973400864439,0.09948685006877689,162.37696760882363,47.6656524291472,,
7298,0.041720825955095894,0.10079614388723132,176.36811997659356,44.38705037964536,,
7299,0.04045940236623796,0.10074219968545722,206.715989677648,38.39092141976138,,
7300,0.04117853789703832,0.1017098903105409,197.11008420204558,41.600423617802036,,
7301,0.04019328865793381,0.10019178879157277,221.04108184037358,38.26250513858472,,
7302,0.040158777144429086,0.10195035231688655,237.31128527494582,33.96371006315781,,
7303,0.0405269664164361,0.10027334340895212,203.3668602441958,40.908417562450865,,
7304,0.042247555008312815,0.10157148859738986,172.252316922451,43.72732017477238,,
7305,0.04152772210824121,0.10267463160521373,194.26274569611365,39.7483130733039,,
7306,0.04046830053415732,0.09944571589916278,194.681040239426,40.60514197022547,,
7307,0.041164423781028886,0.10175753895893089,196.68213106947684,41.050795739878694,,
7308,0.04160095574391054,0.10147402889119941,182.58532681485184,42.156864559556944,,
7309,0.040225607855879565,0.10107126319626776,221.07446938440935,35.29320837702779,,
7310,0.04150299536951456,0.10029081901449205,173.74287941650155,43.77434649010825,,
7311,0.04017062784021502,0.1005319651945131,224.9941693934152,37.026640861712664,,
7312,0.04040421127102838,0.10141206842742315,215.89989250945504,37.11044232939623,,
7313,0.0405633837953234,0.10094833085527351,201.9452379341967,37.866440881348126,,
7314,0.040111521300300775,0.09937046068651073,218.7201345525479,37.27231246859597,,
7315,0.04152325484156512,0.10179770090842978,189.49388687235097,42.257373125024316,,
7316,0.04030299803085975,0.09933168877198074,201.33952292503378,39.30206344344089,,
7317,0.041940837293804316,0.09926303448599803,158.71814558940912,47.55281727876614,,
7318,0.04114202927804047,0.10152908910204449,194.60233243356737,41.15078143536692,,
7319,0.0404526467248389,0.10010220387482886,201.40380685461224,39.45738437510673,,
7320,0.040315770903318844,0.10004107423524836,207.4533256866945,38.40830508853745,,
7321,0.04011725527786524,0.09920557462581732,213.55659879581233,36.60266648080852,,
7322,0.040396477980482286,0.09936657114107143,199.39247520144693,40.97887431357098,,
7323,0.04069958344967499,0.09937895612236299,188.24852043331384,43.06055639454967,,
7324,0.04248708728633515,0.10336438930202387,186.5461560738377,41.958841061158466,,
7325,0.04038860673939486,0.09870747110632158,195.0816825719346,42.44650160499512,,
7326,0.04036197895539531,0.09953698138189994,201.8129411410964,40.130213431232704,,
7327,0.04051747914657794,0.09958056417710849,195.5124680481026,41.290716343066826,,
7328,0.040674079929010044,0.10018722026238197,191.1004561741727,39.73012216237666,,
7329,0.04019366274953695,0.10177282874749553,232.1176917518194,34.54769775780636,,
7330,0.04013697588999865,0.10163541349020729,234.59380996283872,33.41503931120104,,
7331,0.04231520863403953,0.10086557921253318,167.16333828283138,45.876364729058196,,
7332,0.04035207183687447,0.09777095317615568,186.89242690721926,43.13451552088886,,
7333,0.040535313954985795,0.09979952633263914,196.7679136706412,41.0373625808831,,
7334,0.04000309721772458,0.09765817710531348,237.7181726255733,33.48641832496254,,
7335,0.040647709046022426,0.10075645022863408,202.3813266696545,40.502448743475554,,
7336,0.040875437402652676,0.10102323982235592,194.352119874191,39.99301658919353,,
7337,0.0411700517093566,0.09980956662575076,178.56330223344222,44.13638756996183,,
7338,0.0414870792396243,0.09855672164910997,158.69708983869253,46.68084110340565,,
7339,0.040342392034021665,0.10071273853202797,212.98239326536788,37.86470752636105,,
7340,0.04052209862646067,0.10246058488259985,219.89919050772812,36.07535827830466,,
7341,0.040295993935351826,0.10200440178385535,223.88986486491513,34.13462430891816,,
7342,0.04304223543260584,0.10556341201281147,202.87292570588644,41.00964314059471,,Stencil thickness high
7343,0.04067793754247549,0.0989812882665758,184.28123634580376,43.21637591847828,,
7344,0.04120041925876736,0.10009037084163662,180.604304614155,43.85951265211147,,
7345,0.04087058360502039,0.10279563216427848,209.82891493247268,36.820727488197534,,
7346,0.04016843820237501,0.09850595824050135,203.49805022288103,39.12972969123477,,
7347,0.040132734316428484,0.10060057599317428,224.76893211232598,34.716348221035545,,
7348,0.04030906607662127,0.09980167180844904,203.76473690454904,38.06727128190186,,
7349,0.041335459873923154,0.1062565475600574,231.80681792481136,33.66766409087322,,Stencil thickness high
7350,0.04024494303378451,0.0995419090700871,210.98660824483,39.81825262039337,,
7351,0.040261683191444894,0.10149961957679395,225.9071525429631,36.19469885804364,,
7352,0.041002123238300055,0.10202402079275595,201.65847024309673,39.480989254123635,,
7353,0.04033214724201549,0.10023841925375926,207.83994823248833,38.0580996551504,,
7354,0.040466893661237326,0.10014726529505533,199.53661780319663,38.89796776138263,,
7355,0.042906019794542435,0.1021325153275987,171.77398924854702,45.69408594122957,,
7356,0.04011212248645596,0.09816160394908306,205.88344998837232,38.62134455089638,,
7357,0.041450589742675466,0.09982070857161095,173.41915385046659,45.391278625330415,,
7358,0.040398862498425864,0.0980528683020704,184.5498308468931,42.14745329237251,,
7359,0.04279509752313185,0.10232111518580356,171.38135748486246,43.87745082349619,,
7360,0.04038345695702924,0.09994869322241635,202.57131193674257,38.96270655840163,,
7361,0.040468043816382096,0.09879280845538077,187.11343206806487,41.08373708579449,,
7362,0.041781396637397133,0.10067017744670667,175.78139420338653,45.35036061041711,,
7363,0.04004292861937488,0.09864204135633645,222.2231341984438,35.91923849388384,,
7364,0.04038530785619859,0.1010373729648578,213.23448951808322,37.51203362391243,,
7365,0.04003624110704574,0.10031921100816057,240.0280594499473,33.126585835857185,,
7366,0.04148657691099856,0.1020508062097306,191.85640346434963,41.49448947440422,,
7367,0.040777791820249966,0.09718152520816901,163.7161714821496,46.282346673339255,,
7368,0.040485411586721455,0.09916192536137791,191.97195573375086,41.39175083216122,,
7369,0.04024611013558051,0.0990210445871665,204.34867087350213,40.03323686558863,,
7370,0.040222576852889276,0.10021960699546482,213.32789481061286,36.56158519581869,,
7371,0.040949319024750026,0.10010117377449368,189.1255072443396,43.64005741844865,,
7372,0.04014888418139622,0.09901611092449632,210.66248487558605,38.248388633561575,,
7373,0.040811324579057826,0.10021861074936601,191.00529583048456,41.75280746187552,,
7374,0.040024345845744734,0.09762400890046752,217.15383742109634,35.90067297012924,,
7375,0.0402916240723345,0.0998934450079134,207.65914607318135,38.47298390504242,,
7376,0.04217713352594359,0.10034255839947644,163.1255228088865,45.87810119932253,,
7377,0.04108481349925453,0.10062932144747865,188.57696249153395,42.66659791486143,,
7378,0.04067976137271228,0.1013127131194025,204.1056779809556,38.97837400221775,,
7379,0.04026129225261916,0.09977691148858622,204.82678728622454,37.066593170935384,,
7380,0.04101379763321275,0.1001810463358135,185.66766732813574,42.89630078246448,,
7381,0.040168244576724146,0.09635382915439676,188.1829943784481,44.114811746326,,
7382,0.04127383545396292,0.10308107139455425,206.2363146841536,39.30055446595836,,
7383,0.04005603017844841,0.09845628526660452,219.31369585224508,37.380363337718805,,
7384,0.040499158187213745,0.10130653804585886,209.70278617372534,37.578335466340114,,
7385,0.0401839084859597,0.10135258051466202,227.68491359795203,34.60093807569174,,
7386,0.0400455735198033,0.09856153017335045,222.0968890174459,36.613904967200966,,
7387,0.04025317375228457,0.0989938617216066,201.37204847269535,39.3574318864525,,
7388,0.04082768470003883,0.10098056059771456,195.7443031269279,39.98979109222513,,
7389,0.04032406442670843,0.09963040184608085,205.43271823212658,39.91803469224034,,
7390,0.040516498997903716,0.09793889151005124,183.05497934691925,44.806648748419185,,
7391,0.04082463074816324,0.10203269897699692,205.77347895407883,38.399536171337694,,
7392,0.04139181515139052,0.09993806029701913,176.7992610150786,45.39640322311384,,
7393,0.04020956311965598,0.10013340059265144,211.77120502362072,35.930389427192615,,
7394,0.04010024489514968,0.09942051243588708,220.43075829691207,36.89086375635623,,
7395,0.040411010669587286,0.10091404370440116,208.39952071034418,37.03473675436719,,
7396,0.0403085818613023,0.10172763615921461,221.24566945807288,34.91594446804866,,
7397,0.04174579697940491,0.10133163259035904,182.80502778368225,44.30417816100521,,
7398,0.04083278477740761,0.10060714233440322,193.65065204835622,41.13129141173685,,
7399,0.040300280669971496,0.10138361382464722,214.52803541495624,33.96027885044881,,
7400,0.04005306850789854,0.09701490318895788,207.2884448868202,39.77055708143902,,
7401,0.04115558278004418,0.1011363961608131,193.05900899053336,42.66726236336098,,
7402,0.04101148860492165,0.10143087556198103,195.66414198654834,40.35480763835807,,
7403,0.04048989376415387,0.0999008181088732,198.05088905003373,40.06255937841887,,
7404,0.04142595407186263,0.10154902870608912,186.65917546415426,41.454544762708025,,
7405,0.04000026868839081,0.09571667295256231,235.965666227791,33.35009885173388,,
7406,0.0406632707104501,0.10017935484842695,193.1601276926098,40.308659188582986,,
7407,0.040558617199677946,0.10132295155472816,207.0228640541107,37.755633844134486,,
7408,0.04185466437009388,0.10157571128576592,182.09862635434206,43.86835179087469,,
7409,0.04024633637523515,0.10000831191986925,212.62326268844865,38.190860381692495,,
7410,0.04000124131067741,0.09524668484158105,217.66447457574793,34.5094940143676,,
7411,0.04131576695471205,0.10344811415612067,207.17416350421405,38.32759612498654,,
7412,0.04245658504591705,0.10134551716101808,171.5432076528999,46.18965276653796,,
7413,0.04071621651356974,0.10109921032901606,199.7813026499198,39.09438485002373,,
7414,0.04043618202880153,0.10080208048671835,206.13799906241044,37.37110250056124,,
7415,0.04092716202320998,0.09922772500453068,182.47247395659062,45.2074839116664,,
7416,0.04025226132050207,0.09909574249909414,203.6651679771493,39.64320955361599,,
7417,0.04002112635625696,0.09916878585656817,235.59280666669449,34.20052896242407,,
7418,0.04235624489140235,0.10214052571683192,179.4803911118129,44.38202747778608,,
7419,0.040785024169312185,0.09695977161658663,162.5969790821719,47.07114063624568,,
7420,0.04219315855589441,0.1010262301541545,172.01624579767963,45.84193875841502,,
7421,0.04139876637450719,0.10201665604089435,195.2187884652017,41.92735372231547,,
7422,0.040138714521015605,0.09864158550590976,207.2307464522953,38.31789553698072,,
7423,0.04142890860348222,0.10152335773133528,187.01074789570467,41.73373963212938,,
7424,0.04009097256363382,0.0986092311010346,211.01068590013531,36.82478121876391,,
7425,0.040269053654097546,0.09874508827806006,200.7952965523538,40.88502393890099,,
7426,0.04032935095526822,0.09860303312917598,193.82486388691433,40.93563273666594,,
7427,0.0401167014668638,0.09932966744128445,215.99447826116665,36.82957841771514,,
7428,0.04103092419322649,0.09920566743528832,172.88412619866858,43.321107306158424,,
7429,0.040350392998487736,0.10140711762436759,213.57758532933164,34.93721447201292,,
7430,0.04041465721410949,0.10155530742439244,213.5964461723333,35.85775265209478,,
7431,0.04050964317213134,0.09977142027508581,195.19786717861228,40.09600267121818,,
7432,0.04013708270085713,0.09628223204884914,185.73533198032857,42.044684095656564,,
7433,0.040169187298746946,0.0983458620502527,202.9904635392133,39.758630098052784,,
7434,0.04163099003039011,0.10192930373239421,187.9651738011882,42.14821840226207,,
7435,0.04091361552276171,0.10179420581199375,202.7099061488456,39.75954888589358,,
7436,0.04010328694331961,0.0968586463607363,197.10755311843934,41.24545901952578,,
7437,0.040400755471192394,0.10037615728724997,206.58071893725625,38.74268733049155,,
7438,0.041030865139442756,0.10181134891438666,199.89268788726642,40.261143388303196,,
7439,0.04114755368626149,0.10067192368503082,187.64416927790214,42.90384168957222,,
7440,0.04050121118943815,0.09890667190223455,190.85844609298783,42.567068747422354,,
7441,0.0401167882713128,0.09827774237634443,206.76999456708725,38.66233983721731,,
7442,0.0414038060358504,0.1006488340388244,182.69981534203941,44.17227087800098,,
7443,0.04093411262402041,0.10150687163792534,199.0198481128622,40.130822800522004,,
7444,0.0426945015704722,0.10080307595222562,163.51691506913852,47.72567057939534,,
7445,0.04132009388295063,0.10148941607598282,187.82475359500307,41.01138676199646,,
7446,0.045733135862295056,0.10492541261909691,167.77179742240332,46.41137146978335,Paste volume per aperture high,
7447,0.04046870267107578,0.09936939515783114,196.03239055552257,41.45956163791547,,
7448,0.04021267218828554,0.10127792975886891,223.26612868426756,34.577770924955196,,
7449,0.040026240787849894,0.09977141245336725,232.63861342427091,31.38867861621482,,
7450,0.040074074328290465,0.09825672668902147,209.37523804346125,36.59358371673992,,
7451,0.04143142067961289,0.10199382447803522,193.27878874609405,41.69882290273164,,
7452,0.04047673019256949,0.09926592158140551,194.8270498471444,41.70946518292563,,
7453,0.04104261186677265,0.0999424375017696,180.78553022767605,42.70029825254704,,
7454,0.04014151633829222,0.10004859327045357,220.60581459324868,36.38806629419698,,
7455,0.04117079787122693,0.09958983749312808,176.09383812568308,44.33554922311446,,
7456,0.04010529560537753,0.09939211226392014,213.81357659682993,35.03369233603691,,
7457,0.041066498437444414,0.10214230323869962,198.35825465020326,38.57718248829738,,
7458,0.04091969185572317,0.09874712196677843,176.4876676099664,45.31380653078092,,
7459,0.0400160676804558,0.09959488943011834,241.03765024557745,32.673923845246975,,
7460,0.04002204544010043,0.0968646783130347,216.81331948723633,38.9276939031938,,
7461,0.04075031257546819,0.10174631694213766,211.2353191676565,40.561882724698286,,
7462,0.040343877560795174,0.10063391705775239,211.82230284861708,37.87682370403008,,
7463,0.04068207602268079,0.102234056431064,211.90324618564222,37.31771884841401,,
7464,0.040066391057124576,0.09876160727277031,218.03932110262477,36.5111407425838,,
7465,0.04118506395479851,0.1010439052576039,190.85391233384047,42.68803191755097,,
7466,0.04003466718111952,0.09714325328344937,212.36370808219394,38.45955514647246,,
7467,0.04000633260520426,0.0974909394104313,229.41319421777948,34.386741159314624,,
7468,0.040783095051051696,0.10059360418957665,196.27997335230512,41.36964563984088,,
7469,0.04106255254081111,0.09929714725244118,174.6832057693459,43.91961414516015,,
7470,0.04232275746843232,0.10378122023949893,196.1487518382502,42.07614914757706,,
7471,0.04127215254188261,0.10313253101136136,204.09129341790444,38.27598667561284,,
7472,0.040470436026646586,0.09783940958359497,179.21658339139367,42.95613773503243,,
7473,0.04078746709453128,0.09923789483439815,182.17612775576217,43.010784888407485,,
7474,0.04076236202733041,0.10167782459049922,202.0724101908714,37.85077515203523,,
7475,0.040273699641275564,0.09927127984461977,199.91491768106775,38.18255568698503,,
7476,0.041756664882344155,0.10255046774299824,191.9071324603266,41.727880887069425,,
7477,0.04001116654527575,0.09791228253284955,227.56303573853484,34.28455975368478,,
7478,0.042211481192457795,0.1026618644736762,186.07348906405943,43.047309583021715,,
7479,0.040636680165321376,0.10149813835629316,203.49635870928597,37.117135702692735,,
7480,0.040086410771083415,0.0996845023557424,223.20276547217415,35.58638471394178,,
7481,0.041182421280153106,0.10263687492159018,205.00858731255275,39.95483942515287,,
7482,0.040399104850868076,0.10130519832436947,213.60377365046253,36.69163884664146,,
7483,0.04057543204421399,0.10003616424477958,200.37681060076022,41.95163514488404,,
7484,0.040153667885043536,0.09736418372314255,197.31600114183047,41.759691282779734,,
7485,0.04017261454228458,0.1001339638426407,219.93873931511965,37.256098231561225,,
7486,0.04221878307756805,0.10229454126043369,182.25291888458622,43.53259559334415,,
7487,0.04061247479703785,0.0977106637572237,171.27593914022643,43.61043413795147,,
7488,0.04019336673190924,0.09884394930066553,206.03098065977818,39.48142092662699,,
7489,0.040032576680596434,0.09803024032030304,218.26597954669683,35.90949573646763,,
7490,0.04016951073130634,0.09892039223638457,207.093541369353,38.44543801814765,,
7491,0.04101470881264544,0.1008341693931743,190.36364565515515,41.40966357920031,,
7492,0.042427882371614274,0.10227706240275465,180.79662296883524,44.736497978267934,,
7493,0.04137156120401879,0.10127006661638921,187.84614664687714,42.641106626671935,,
7494,0.04086866823962675,0.10028637704297975,188.84832462769143,41.513355624733094,,
7495,0.040450695193636456,0.10096777545568765,211.006795758099,38.61987396737073,,
7496,0.04028305211511878,0.0968108821172399,184.15563330574898,44.806647540039506,,
7497,0.04013594520863871,0.09658067931438237,188.7051442354012,41.58909005516134,,
7498,0.04014146606648164,0.09852688126503077,206.74725540403819,38.84749258207874,,
7499,0.040025592805244516,0.09553230911994516,195.57394726570965,38.65768306848128,,
7500,0.04127184981674224,0.102474458196147,199.0715685082064,39.68080084136509,,
7501,0.04015023355449192,0.10063623135292717,226.78148599479843,36.17658600433277,,
7502,0.040776210664476814,0.10058275337026636,196.7618070023735,41.48503367831295,,
7503,0.041148121724249975,0.09992833066528786,181.18848569051488,44.22545145459432,,
7504,0.040162412325729306,0.09837414170440444,205.4205595878658,40.16318188174412,,
7505,0.04117254068560348,0.09951639988646188,180.40828290950475,46.23355437347293,,
7506,0.040379927775914405,0.0987203646783648,194.84321139610944,42.08097087249995,,
7507,0.04010292116671618,0.10013286471256402,226.8749415460979,35.905082118762095,,
7508,0.041666207098316144,0.10181670446551422,187.92935705402107,43.01859109654207,,
7509,0.042185206515398144,0.10081192011803317,170.78776649067981,46.379545998163564,,
7510,0.0438460911076904,0.1028055310279774,165.50819730327402,46.1348281248867,,
7511,0.04058670065629539,0.09973223934888142,192.15686062561818,40.73307945872434,,
7512,0.041568682372648116,0.10061179347281646,176.5993763773767,43.89224119164025,,
7513,0.04033473265082152,0.09810205973817948,192.24441086881058,42.94914274290849,,
7514,0.040013327545710305,0.09653268845834775,214.7037359596631,37.259191395093275,,
7515,0.04020778140258593,0.0997524436903845,213.68462482166757,38.376157073208745,,
7516,0.0400628668897767,0.09761654245334263,208.94912444791606,38.49284116612604,,
7517,0.04009869634788615,0.09771722865980204,200.46375603609596,37.96768357992055,,
7518,0.04050935387953191,0.09954254113128175,196.05376035348053,41.49785373952065,,
7519,0.0400689297208657,0.09846707280930543,213.12519469670679,36.438442549720556,,
7520,0.040846877227108135,0.10205135889724731,205.1070852344275,38.40467184823564,,
7521,0.04019227509527108,0.09875642715833609,203.1318597783309,38.835808589506605,,
7522,0.04076606426718847,0.0984013555379796,177.21858464311433,44.96957277849348,,
7523,0.04275850479469897,0.10125357873392214,164.67326184873264,46.41135100668704,,
7524,0.04040921941807174,0.10076671930128493,209.82918302658825,38.207821590017915,,
7525,0.040239710057033695,0.1011145149133457,223.36520207768356,36.40392916024264,,
7526,0.04186357256967412,0.10253772317003129,191.19141587257997,42.50846897842554,,
7527,0.040249456179270865,0.10269610346177101,233.9826760662422,32.84954396326102,,
7528,0.04008821520923997,0.09874583127272483,215.08341948633569,37.39487243199826,,
7529,0.04013842765972259,0.09680169029135686,193.96635282507685,42.51159222971856,,
7530,0.0401447253148694,0.09929698118020538,214.83799927369444,38.15179061096471,,
7531,0.04071892768936616,0.09944814064533261,187.46966011470423,42.77185484519888,,
7532,0.0435217723669254,0.10121527466043306,155.9592825395602,48.518278912528984,,
7533,0.040248981374998494,0.10076285253236539,218.27828946979253,36.6322976623483,,
7534,0.04023913083518465,0.10190301080962201,229.70227947736834,34.80982253390624,,
7535,0.0401466009709981,0.09741615746837522,193.954542665008,39.966722764496865,,
7536,0.0403286707274802,0.09941707735399131,197.46171589771149,38.26667276016494,,
7537,0.04012130444806526,0.09996549393403543,220.05375824885505,35.4668337659147,,
7538,0.040112010868809216,0.09860964872014481,207.33552782745852,36.961945801764244,,
7539,0.04378369821834346,0.10323028499738586,168.84416558234273,44.895883548886395,,
7540,0.04152791289051083,0.10136131368196258,185.2659979358322,42.92098823368989,,
7541,0.0400676286215147,0.09846463793481094,213.93622256249554,36.61517621529535,,
7542,0.041297471874281906,0.10097839494958606,187.09154001468391,42.97011470226822,,
7543,0.04007739337506556,0.09923347662428814,218.94896140472105,35.5372503238115,,
7544,0.04136638435391378,0.0997097267689312,173.32184235383104,44.99893842730339,,
7545,0.04062906619842803,0.10013270487404863,194.85518723683504,40.52900837767665,,
7546,0.04021641783079203,0.1001390858894799,215.60392006978924,37.520630379402114,,
7547,0.04149029535537868,0.10212129586521021,197.616906492997,43.224708565931536,,
7548,0.0404030541230425,0.10029453180581072,205.26596956829331,38.729358710434255,,
7549,0.04065076383658187,0.09994189193161317,192.0525193706221,40.84708065263903,,
7550,0.04049526586288397,0.09959896664474974,194.8545760552979,40.50711831624727,,
7551,0.04133888095425343,0.10054284619317347,181.76975834939776,43.655067104813405,,
7552,0.04053313933180456,0.10087824653893025,204.45562596002475,38.494533563209394,,
7553,0.040748129316921435,0.10075492278992575,200.59299687946802,41.56172641030709,,
7554,0.040052279010096795,0.09772747228745456,208.74946454983157,36.75261989408851,,
7555,0.04143419981263365,0.09947155674406692,171.28918622586366,46.155189701121174,,
7556,0.0408015426385997,0.09918493948166715,183.48057112738448,43.94309741584265,,
7557,0.04043729283542112,0.09914096677440165,188.62359942292036,39.24232857203466,,
7558,0.04092569413077682,0.1010197415277893,194.61173256563944,40.812372190126176,,
7559,0.04148954758009641,0.10116909684867682,186.516071532306,43.900585137819796,,
7560,0.04017497690903996,0.09955112070374181,208.5934785337479,36.17526622537532,,
7561,0.04038808025786506,0.10075422447493584,209.18848895983902,37.5220762492362,,
7562,0.041009386632611826,0.10089107901841839,192.90465520453657,41.96156050290563,,
7563,0.040559860484451905,0.09783544121877909,175.41117587891713,43.475342258549695,,
7564,0.04047725040037864,0.09983713926072062,197.21412767312725,39.80319851947572,,
7565,0.04015650622479785,0.09742319556487039,195.21841411117254,40.87379603401778,,
7566,0.04049022623867601,0.10118635299706795,211.96085344842282,38.76680383329195,,
7567,0.04000786535371907,0.09604039312279296,216.06119477210785,37.65037724063982,,
7568,0.04015893468306349,0.09768976766165836,199.6572637019048,41.269872193411985,,
7569,0.040492020578859395,0.09744046081049464,173.51343487863357,43.33681198431564,,
7570,0.0400326325422772,0.09957573859568482,235.99225745120435,34.70677827327585,,
7571,0.040305445068253565,0.09975991421401666,203.3061375422378,37.99998948166113,,
7572,0.04054902943093541,0.10084456287698954,203.7391557200236,38.72057907592856,,
7573,0.04018576043290185,0.09967890997337496,214.18246050145797,38.002523669310406,,
7574,0.040590522030757484,0.09893593924902079,186.70765479624382,42.729396683160566,,
7575,0.040266719057865816,0.09876022578426488,201.47931452021464,40.976910181818276,,
7576,0.041940805288529885,0.10159283274429419,177.43456682629335,42.90031261796591,,
7577,0.04026440458606524,0.09822104777969762,194.6808114723217,41.106883772262876,,
7578,0.04015259466893565,0.10076451643622895,229.64402751492435,36.68492272564887,,
7579,0.040022500113901884,0.09660975300225924,211.45598677580222,38.375599507746685,,
7580,0.04087599560192089,0.10197679654217896,204.62120670873512,39.01746450248042,,
7581,0.040705907347030286,0.10063145363741638,197.33887287356217,40.32207824172608,,
7582,0.040702298047030724,0.09965930120917137,191.04495831880593,42.738126582530754,,
7583,0.04064557194322946,0.10034904406403132,193.7629126856625,39.39208931854443,,
7584,0.040504770132635495,0.1004933269122669,204.14623505260494,39.66426156996389,,
7585,0.04133956196565347,0.09901946547939974,166.2477565928219,45.54570430886645,,
7586,0.0402334554503103,0.10021879948234151,214.09160198916015,37.23532906573965,,
7587,0.042046337240457504,0.10219829134430843,183.2010236769989,42.91384516534806,,
7588,0.04064037081791992,0.09956365729276158,190.45690521000856,41.928144804988705,,
7589,0.04024362317904895,0.09889208324899884,199.6635126346434,38.91627204209285,,
7590,0.04035919961752825,0.09850874771103009,192.7329371135995,41.82079843595005,,
7591,0.040708972562056814,0.10039725735038302,195.91141715087744,41.000767941930484,,
7592,0.04004120776764014,0.09895826764675524,224.67229603326197,35.018098765232715,,
7593,0.040539516993414494,0.100900886516821,204.9962376551917,38.7035502664394,,
7594,0.04155598578370668,0.10194531180120156,187.16124064152044,41.049806302219515,,
7595,0.04165776436532622,0.09963804593079978,162.63981702574958,44.54032831327543,,
7596,0.041182937297493574,0.10090665853222253,187.140261649621,42.015541902627064,,
7597,0.04041640849207367,0.09974183385496721,203.8900492757793,41.23645481323574,,
7598,0.040158493839342474,0.09813345246192458,197.39005596230731,38.30491374584478,,
7599,0.0410207802320755,0.09877855969129186,172.81929913895743,45.23001173803052,,
7600,0.041009994141465125,0.10077769760216239,194.15877828407892,42.95987268548637,,
7601,0.040379684519444924,0.10290905449232374,226.83475131110004,33.125510990992964,,
7602,0.04037727733584923,0.09759432449854358,184.26664259568747,43.721814082331505,,
7603,0.04002597292828572,0.09665206563640887,209.47402956521236,38.23111635512895,,
7604,0.04031217390246911,0.09844209380593837,194.21783027552507,41.358699537460275,,
7605,0.04041172206406391,0.10101667376004718,214.70700223944044,38.7816518595072,,
7606,0.04030935713043831,0.10070814817383171,211.85893800581613,36.55229723642154,,
7607,0.04156337539175019,0.09998805417620169,173.1351535836397,45.63073804324845,,
7608,0.04007548930807072,0.0999386186575285,224.6582160605478,33.98279880906218,,
7609,0.041366575285747324,0.10156762656025368,192.30765698895144,42.72383214443045,,
7610,0.041836851520328136,0.10205969825380345,187.78103843627014,43.37511593183518,,
7611,0.04029759923458907,0.09843733353636781,192.77579163553875,40.438860240142326,,
7612,0.04004431789307897,0.09963277928024558,229.37468542107695,33.84204487959015,,
7613,0.040100880707968356,0.10074245992795712,231.783142828301,34.55322865962741,,
7614,0.04016140378851898,0.09967852151390526,213.98986426595863,36.83685523652185,,
7615,0.04091921453176592,0.1002275222505012,189.07876849431375,42.597436761493505,,
7616,0.040031985195116825,0.09926571601744374,227.50808036156286,33.09981810956886,,
7617,0.0404956643838352,0.09786912755053871,180.70666813791894,43.88108943498392,,
7618,0.04102539742195561,0.10068775372471656,190.8524691300904,42.428957423232305,,
7619,0.04036969046063872,0.10090314710579018,213.76250162100598,37.94761691434164,,
7620,0.040083427241626494,0.09803130627481324,210.08902139110012,38.71285775248573,,
7621,0.040675222727309675,0.10008783471098416,196.86314802210777,42.26330500055424,,
7622,0.04036250267161244,0.09730887102426311,178.0330515006292,42.518218051980256,,
7623,0.04005928479936484,0.09742902186389553,206.3440232991255,38.11458090369932,,
7624,0.04136497240503228,0.10291903279447115,201.11615084251244,39.28527825456813,,
7625,0.04055905092825065,0.09792471060339827,182.86045508621146,45.656847961705836,,
7626,0.04099538932807991,0.10075128705011634,188.25864673238723,40.81295732565748,,
7627,0.041055521348340576,0.0988696268542002,173.26018509570102,45.393564372515605,,
7628,0.04028665920305445,0.09917350328205785,202.78458774284786,40.077775812172874,,
7629,0.04031926058968815,0.09910363187621929,200.6325248576472,40.631716902156846,,
7630,0.04152547811012219,0.10316836405251101,201.0827392966724,39.74667544348624,,
7631,0.04001344518450391,0.09780514154705884,224.71631185905096,34.68691981722514,,
7632,0.040879364722020146,0.09978134978256267,185.59431271010382,42.95946981637151,,
7633,0.040439498857972524,0.10010037420900973,197.94996596089408,37.948583131401904,,
7634,0.04001596114650562,0.09823435603255112,228.1184826833085,34.65566039075963,,
7635,0.04149765082220272,0.10144527004880322,183.1319001098348,41.45503875685156,,
7636,0.04144132329476176,0.10281373018744543,199.780934258648,40.13562538704761,,
7637,0.04056317558097787,0.10002988971464462,196.23317428853318,40.284333652405316,,
7638,0.0404810207355532,0.10112451975926788,209.1204941168388,37.866014301494275,,
7639,0.04044437674274464,0.1012004794252404,209.4890318139902,36.8166791093957,,
7640,0.040132935188211,0.09685675703268934,192.80267305618477,41.53622877029056,,
7641,0.040271055097311936,0.10137910552542402,217.87602885025464,34.250844878178526,,
7642,0.040075384112002115,0.09914616694081278,219.80920664142033,36.09148614651143,,
7643,0.04046064419366623,0.10020187555529946,203.97508801424038,40.061995262731834,,
7644,0.04173955394729599,0.10191570229457489,185.9768849159479,42.543378781878424,,
7645,0.04063538703508469,0.10016512848339056,196.02033354362425,40.89658631625258,,
7646,0.04240916262048393,0.10192874568297691,178.571678939752,45.491612145658664,,
7647,0.04091400974551043,0.1019245055843842,204.2416411125503,39.67601131681401,,
7648,0.04180212508151894,0.10002933239281993,164.4665427404717,44.6435978889301,,
7649,0.041850064574170946,0.10218548956090748,188.7758668868835,43.23710952607601,,
7650,0.04137444137259953,0.10272294447896078,202.11064349137806,40.68592255126458,,
7651,0.0406056264414044,0.0995617343413376,190.51113492259822,41.32857736597233,,
7652,0.040005329130335505,0.09684694300756438,222.66147412973348,34.36415739367773,,
7653,0.040330126383543295,0.09875389814231063,198.42710323548397,41.85249464656457,,
7654,0.041872044924074266,0.10143028060842094,180.08752050288288,44.01651290577973,,
7655,0.04000977258121013,0.0967336311533967,220.99709906350807,37.03744240431509,,
7656,0.04032878514802745,0.10100439648243244,216.09479745890718,37.17558273469603,,
7657,0.0406588336113031,0.09945936420173863,189.38425113256102,42.37792238226279,,
7658,0.04006335185815539,0.09927624030391359,222.02165325917684,35.13485009467211,,
7659,0.040139762481126405,0.09599684607305423,186.49693919946574,43.83578295376964,,
7660,0.04032185352175472,0.09931838602279106,202.15123917938058,40.2044883227786,,
7661,0.04063301308468038,0.10162869209173267,208.62470797627373,38.23051886438819,,
7662,0.0400786027110042,0.09993789286728681,223.74900067967738,33.92889612242585,,
7663,0.04065083804053129,0.10045173537374637,197.70676059907515,40.380212371239246,,
7664,0.04210645146051371,0.1035350008933354,195.81518382993082,41.40888443657284,,
7665,0.040336178971855444,0.09820624536274881,188.97142818500205,41.331069643922454,,
7666,0.042169893291748535,0.10368307186902577,191.62747956936934,39.73664144274351,,
7667,0.040729115505533625,0.09884412701376136,182.5223506785339,44.11088790967542,,
7668,0.0400895249855804,0.09962727528362308,222.9120824229979,35.997532610601354,,
7669,0.04032424827820164,0.09791892011074606,190.15938225705426,42.80300754230578,,
7670,0.04131015374554696,0.10078409484398353,185.9530125265797,43.648508890406525,,
7671,0.04001770718631066,0.09598548265311933,205.83265967852617,38.17713532383856,,
7672,0.04052382132747873,0.09918104360784749,192.16173290085968,42.168218749031034,,
7673,0.04078513811256727,0.10088530541650714,199.36451439342133,41.08034348960449,,
7674,0.04069150755736878,0.10129890223888137,203.55498065601165,39.049792155095695,,
7675,0.043246324102163516,0.10253199165495898,169.88013822968458,45.346245110303244,,
7676,0.04042078538697188,0.09879615810595824,190.41382069258498,41.15432507280595,,
7677,0.04112130990304722,0.10340486294305194,209.10354867168186,36.95206878479036,,
7678,0.04023538677854409,0.09892257823601182,205.60781919255862,40.574114192524185,,
7679,0.0402013006979091,0.09785486263608782,195.78718697331854,40.970620218122136,,
7680,0.040178415698508226,0.10150906301351106,230.09636355745965,34.45591987059789,,
7681,0.040237928410350954,0.09806738327615068,192.2980761911386,40.10054098166318,,
7682,0.04255614253171305,0.10234919971308155,177.52037462324287,44.192367526404546,,
7683,0.04006601492720399,0.09663354929545669,201.7162300796849,40.997245289932174,,
7684,0.040055213525399765,0.09710897540093953,205.1144901796046,38.78987055663258,,
7685,0.040221755837000585,0.09916338359339763,205.0731989612625,38.72121671245896,,
7686,0.0404559384578578,0.10071831535727925,208.70055164020934,39.12923883962239,,
7687,0.040181074964677745,0.09947218178509726,210.39909887289605,37.463618698195276,,
7688,0.0403146489740921,0.09876946473870776,193.61756280634287,39.637429107144264,,
7689,0.04081756917183715,0.10138034018389107,201.58550860678895,39.96754868365084,,
7690,0.04104341627392169,0.1006891731703941,187.57189606292906,41.49739678004502,,
7691,0.040279264274573526,0.09960186598409318,206.67912319619407,39.149966240697964,,
7692,0.04010645569664477,0.09833672900299995,204.62151932612497,36.96571916615968,,
7693,0.040244350967905906,0.09927619859703193,204.61718477917978,38.833838624411776,,
7694,0.04153781549782518,0.10137577490073281,184.26207216618957,42.59659609959522,,
7695,0.040710907359413406,0.1036088937018327,221.99737508856688,34.72034852194834,,
7696,0.040247333625015716,0.09881717827145091,200.33673754036764,39.645058691599424,,
7697,0.04025887602850099,0.09651465945451285,182.37258706845338,44.82436181825204,,
7698,0.04006531663920991,0.09760095408385068,206.8993949837407,38.08500723026553,,
7699,0.04087686108354116,0.09712346516453066,160.1038579763315,46.77057238759038,,
7700,0.04064381342376984,0.10016730458050978,193.80442475701807,40.25376507242519,,
7701,0.040267000995863125,0.0984235252941816,195.45762506437637,40.48812077572916,,
7702,0.04004119953574296,0.09947725889390342,230.37786822714347,34.52268758946355,,
7703,0.04032486583000062,0.0987714370727507,191.9656115602562,39.33896529948034,,
7704,0.04007416105671247,0.10033589720707214,228.5381155585736,33.31737851042808,,
7705,0.04199124489466775,0.10090756522849174,172.71518478414112,44.98167064071822,,
7706,0.042201439281189156,0.10054623225953414,164.79355164960737,45.67933366837339,,
7707,0.04224865661086326,0.10134569236241367,176.59334590228343,46.35881404379298,,
7708,0.040678408456436554,0.10149747188021764,205.3972251342674,38.51837117508518,,
7709,0.04001242263116483,0.0973532184168465,220.1118829915934,34.8641584924921,,
7710,0.04076298404766353,0.09907160949778356,182.96843105811203,43.71158124918736,,
7711,0.04081954093831312,0.09822926221310262,175.54784391213695,46.03413302589979,,
7712,0.04029229896023366,0.10070420854520251,213.81261538766807,36.74779665023061,,
7713,0.04000125133306797,0.09526421884446322,226.43679855573035,37.550107461530544,,
7714,0.04002679360427545,0.09591383255393951,205.2695566836829,40.481186870184985,,
7715,0.0413146575094833,0.1003411287882269,181.04758545457085,44.107781545739286,,
7716,0.040264804398043995,0.0982157553457826,194.3787757894948,41.03906963525022,,
7717,0.04088411125457492,0.09973906603270868,183.65401656679492,42.54717338372936,,
7718,0.041251616642891335,0.1003167269105677,180.03452015592097,43.15826357049624,,
7719,0.04036341992320031,0.10111964556477951,218.56259673161105,38.431693423185145,,
7720,0.04103921001160548,0.10003860941927446,183.2233727846198,43.052069619973864,,
7721,0.04026935267073856,0.10000688293471144,212.3946700354461,38.89131641951415,,
7722,0.040415192861668774,0.1003114394164952,205.98761356521132,39.19550253238585,,
7723,0.04025082283947203,0.10093529718241759,218.75540068094972,36.0308268361021,,
7724,0.041615375017734074,0.09965588185718825,165.49572349416295,45.052010810618214,,
7725,0.040196126509384394,0.0994581027202854,212.24351494763806,38.82043737114132,,
7726,0.04040414892430305,0.0995275639833938,198.29673788410855,40.00252331240003,,
7727,0.04062874183194065,0.09986337348204179,194.35998137473638,41.64973009537344,,
7728,0.040363816682164703,0.10062471752984145,213.26218248000774,38.963065749714325,,
7729,0.040419899386539136,0.09778262264419181,180.73439543677117,42.61477843999535,,
7730,0.040181435105592564,0.10088920829880418,223.41181938186145,35.224594825946276,,
7731,0.040673082256922496,0.10105161118252731,201.276207717741,39.12729826601021,,
7732,0.040003594881908876,0.09574917206632282,221.6709826335661,37.65771093208616,,
7733,0.04097862063368096,0.10286263302306013,211.67493189645785,38.65118197591811,,
7734,0.04028188846937801,0.0969992944186136,182.09881156603507,43.133943101225405,,
7735,0.04059556103031586,0.100951831323414,202.37877675750556,38.613414799060145,,
7736,0.04349130158311613,0.10150224965623979,158.4326824069953,47.817928417563834,,
7737,0.04130399102759354,0.1019677990648087,196.3224961283161,41.519788159321244,,
7738,0.04003220529050157,0.09799960610994929,216.1299590336974,35.24017573854043,,
7739,0.04055689328286133,0.10188610561128075,214.322516217871,37.57690236864279,,
7740,0.04066624169958311,0.10244453971480112,216.63467087611258,37.69895940695085,,
7741,0.04033516306918442,0.09875052679398114,195.69467905110338,41.04549131375575,,
7742,0.041278946382736444,0.10024038705601943,181.7962573102788,44.4592456190728,,
7743,0.04118139788123717,0.09853536266611562,167.68646558330988,46.58981355163967,,
7744,0.040411951716059644,0.09993456744989022,203.02743338564846,39.8941539494293,,
7745,0.0401055080001083,0.09785589843928195,207.855872974265,40.36776939327724,,
7746,0.04276612951789943,0.10381744711090468,185.5574729035524,41.446833036521184,,
7747,0.040244031695930535,0.0986348720452103,202.30872879552965,41.10669854649566,,
7748,0.04165936267640295,0.10045458430457355,171.7619202212077,43.82934755796809,,
7749,0.04161751031507222,0.10235594495715283,194.45813599485206,42.24704513610964,,
7750,0.04109939766209803,0.09928206027552865,171.78079859664507,43.43125334419742,,
7751,0.04022103116119041,0.10031352694698745,216.38391998754503,37.128106961535366,,
7752,0.040491456589162665,0.0980255502518499,183.69109986277024,44.08924144788619,,
7753,0.040330214879673455,0.0976213431454442,186.3792464675143,43.075754965000726,,
7754,0.04095121514954785,0.09926681318757934,180.65560774868052,44.708502397756334,,
7755,0.0403773716181974,0.09970482107875207,200.09482641147392,39.11241867070583,,
7756,0.04002408036688095,0.09662646292455997,208.8155018441241,37.72007240659375,,
7757,0.040397081265719885,0.09953333245413415,200.70574498725193,40.65145011492802,,
7758,0.04111991455463828,0.10084983516004913,189.69420872115438,42.43086755761244,,
7759,0.04040189648855262,0.09927547558574332,199.87913459823022,41.72388321604987,,
7760,0.04222183308060265,0.10189713697737136,178.55616132856326,44.17270565786265,,
7761,0.040156670636644964,0.09838244403060224,205.62712999180346,39.91998800067739,,
7762,0.04036232379491993,0.09984430806415107,203.8662163625192,39.37895023943949,,
7763,0.04039577713932589,0.09889145929677848,193.09704999324526,41.03567370910835,,
7764,0.04082632778147457,0.09876989443675692,178.5650110149944,44.58852339519217,,
7765,0.04065951899556245,0.09920711167311548,188.2619860269656,43.21261041617044,,
7766,0.04014207654894084,0.09995594834929532,218.2098121195503,36.01968152426425,,
7767,0.04024142624693988,0.09786509757556552,192.67686813483078,41.335627001001775,,
7768,0.04022051824173186,0.10009311792501706,216.6335553866754,38.26177825865097,,
7769,0.041037999440015606,0.10135602686192857,198.60154164031732,42.097658223746436,,
7770,0.04067900257640351,0.09803200797844985,177.447844939196,45.40979850845698,,
7771,0.04001721943124901,0.10008584058042538,242.8910253615975,31.301909772798563,,
7772,0.04021634210554764,0.09867095272557898,200.81838902012942,39.39384746041419,,
7773,0.04010337277082465,0.09890054548885523,211.57457203812717,36.49054482862686,,
7774,0.0416738538854331,0.10190070663956577,187.96328359891305,42.697719716511095,,
7775,0.040740308643936754,0.09865615404484498,178.17042443640452,43.664535732818784,,
7776,0.04023301988145403,0.10134467218304292,224.6927828766425,35.52060579976232,,
7777,0.04066855049164651,0.1025720069313814,217.55167599595586,37.44650241091762,,
7778,0.04059574469553154,0.10093484760696925,205.63601815101882,39.84824500724758,,
7779,0.04010247359178354,0.09841693798042879,210.37688778819782,38.34394789081022,,
7780,0.04029026167504981,0.10027561600093099,211.9694528596791,38.10548834036179,,
7781,0.04341081762873422,0.10352965815778085,179.22806477598266,44.86285873696973,,
7782,0.04177334676872798,0.10133633512403709,180.61074595762437,43.76191134371126,,
7783,0.04060879712581976,0.0995320398639313,187.00271804492064,40.2923716036881,,
7784,0.040077614609009736,0.09649260292374108,191.1028490051261,38.97272527707235,,
7785,0.04022475051776415,0.10014041311789755,214.26904867740478,37.35744184241847,,
7786,0.040791062209117414,0.10168012695530013,206.32880436123355,39.78902398981129,,
7787,0.04007576153890682,0.0994976751588694,224.8690442695996,36.21100096667037,,
7788,0.040387152374582076,0.09983748116419222,199.6213716322532,38.55222081980051,,
7789,0.040088407115563156,0.09928991328004463,220.29686930328685,36.62031155871105,,
7790,0.0401787952459274,0.10096547024211927,224.03263415845595,34.959411540034594,,
7791,0.04050695403811105,0.10187558130096824,220.80966240458486,38.91121158643759,,
7792,0.04024572926871141,0.09878345842282212,203.02331993275683,40.70022233991338,,
7793,0.04074582461933014,0.10051559814928893,194.18264721447335,40.41920079153968,,
7794,0.04258109873516901,0.10281208171428094,182.36739991775434,43.8497763076277,,
7795,0.04029456757064486,0.09925573048362969,204.4982059753523,40.5289258240511,,
7796,0.040058786264440975,0.09770790231607245,210.4266019032811,38.155535595113506,,
7797,0.04029258949224194,0.09980808786197147,207.6933442366479,38.92710428157692,,
7798,0.04166677759790504,0.10086988126159926,178.01477843966944,44.10019640088457,,
7799,0.04153377528456694,0.10130576633342521,183.88003231227555,42.75940035598471,,
7800,0.04014673064094557,0.09867856656150253,205.79719615499096,38.05279160008262,,
7801,0.04296742395098606,0.10348595579393874,178.13147682805086,41.815301221533936,,
7802,0.040138563274944035,0.09544094283972968,177.10767372285488,43.14459538551549,,
7803,0.04018974682332755,0.10014885831236593,219.52138615454092,37.78532570829808,,
7804,0.04070775446415398,0.10251303889684606,214.41581920508332,37.28756701464321,,
7805,0.04161703759973447,0.10244671478133499,193.6583464273679,41.52166895117715,,
7806,0.04034969476493723,0.10211898384517767,225.74108648285966,35.770991720942554,,
7807,0.04056761699724248,0.1001125330241028,197.6417627354506,40.467810754020014,,
7808,0.04024316905738574,0.09745357627538696,190.1337441843575,42.48786869062184,,
7809,0.04026664034528576,0.10115652864948282,223.1308047029639,37.036451580951386,,
7810,0.04018969704825816,0.09788222091056753,195.53175774281868,40.26958262531425,,
7811,0.04025774857341998,0.09964905318433898,206.219364430127,38.057143324036254,,
7812,0.04009312516235447,0.09924832037061607,216.2622132453694,35.74826671249653,,
7813,0.04037904671128071,0.10006418640640666,206.2555438106897,39.592766280698804,,
7814,0.04030640253840104,0.10131257346257565,219.01016868157546,36.068025290014035,,
7815,0.040173710985170724,0.09760087545563459,194.07437425875784,40.41783617022704,,
7816,0.04088539735992954,0.09915670904678744,179.53968021599673,43.92746790959022,,
7817,0.040708080806917096,0.10022426062448735,196.3679561697577,41.98292292329448,,
7818,0.0400490009175146,0.09896507276377822,225.40481705603298,36.26130845046597,,
7819,0.04326725458240689,0.10367391724698218,179.40360690809857,43.32324567292717,,
7820,0.04101469962005436,0.10013306694886895,184.45351417702236,42.71149524817901,,
7821,0.04014476967008995,0.09875514395621846,204.86819607609908,37.254045138558936,,
7822,0.040001666089181966,0.09749248565725104,239.20729857600415,32.37001950746749,,
7823,0.04016309903268236,0.10025168261775352,217.4390359200427,35.36512438641616,,
7824,0.04112298268457108,0.10027476471995551,186.4050406716924,44.08636958096706,,
7825,0.0400577470316986,0.09796185461450727,215.86361721939792,38.737079768203195,,
7826,0.04077239460225212,0.10005068392216562,188.1576041567371,40.96005103677746,,
7827,0.04323439314069211,0.10400416964518432,185.15993023368108,43.54849652599179,,
7828,0.040113406863444674,0.09985555413406245,221.1346095883766,35.89904274160866,,
7829,0.04019047215482954,0.10171514071347225,230.46442032384772,34.109685497986774,,
7830,0.040044266239102524,0.09577497336599848,192.1410299847291,39.33606790602829,,
7831,0.04074353035841766,0.09955090320131703,188.8461209008398,43.16032996975259,,
7832,0.040103384889711505,0.09850803468864326,210.1587024955517,37.88818460507364,,
7833,0.04014501248363447,0.0980778331175443,202.72230258628784,39.7818540934361,,
7834,0.04042255865173816,0.09838744760205256,185.77016538040095,41.532394226496905,,
7835,0.040536792785558814,0.10112969281409549,208.67588474059454,38.842070720092416,,
7836,0.040773937504174566,0.09964426534540707,188.83398416922313,43.186472106762686,,
7837,0.04044696990765516,0.1019963470251637,218.96429629333917,36.373849812666094,,
7838,0.040390659312404605,0.0979205852266368,187.5908996180162,43.6564788534062,,
7839,0.040625260752412545,0.10014743850357637,195.39226259153563,40.57887247442829,,
7840,0.04067401456930324,0.10120158149695818,204.59139972050576,39.58849580188023,,
7841,0.04016680923266884,0.09871270156483367,205.25664141668204,38.67596068621452,,
7842,0.04006742733563919,0.09886775152450668,220.5891839060562,36.99616538045975,,
7843,0.04021943617159131,0.09757407482238677,194.29662694167624,42.50992705848605,,
7844,0.04210136367186961,0.10289841928286661,191.02984265662678,42.7538170993425,,
7845,0.04061616895620208,0.09947806945018854,191.86134957592657,42.402318629629654,,
7846,0.04240122193579468,0.1013814718479826,171.11540351639343,45.44403198106095,,
7847,0.040815936058174324,0.09903442110411048,177.57344724337588,42.8044146499842,,
7848,0.040093601742656165,0.09815361379890492,204.89341423312453,37.0604236952052,,
7849,0.04050500152540189,0.10060588420057363,203.66179571797068,38.95432493223749,,
7850,0.040530500510472654,0.0990491548457448,194.15056148081032,43.64249147821847,,
7851,0.04044382732377344,0.09950472766139862,195.9938975012673,40.23534145667537,,
7852,0.04096422571043644,0.09901018062556151,173.6651408296653,43.65853426399194,,
7853,0.04022795874781937,0.0987488713027594,199.09525795047077,38.845196438360894,,
7854,0.04010952577484536,0.09847336427561723,211.1278993430648,38.80054566542853,,
7855,0.040262406791263264,0.09767489042666957,192.10515413736059,42.770682868692184,,
7856,0.04040549741153745,0.10060724030783896,208.11275354076793,38.28252088178588,,
7857,0.04040615461700806,0.10108114141125958,211.58273623939704,37.23323266492321,,
7858,0.04050986224930374,0.10057910844508908,202.84267682225885,38.89571688909398,,
7859,0.04052386784484837,0.09868657321899751,184.16471435427252,41.73638704193409,,
7860,0.04043125272043124,0.10035558814079895,202.63307436861624,38.17731492521775,,
7861,0.0404027750622008,0.10032343429486534,206.6435293451528,39.06898830940952,,
7862,0.04142179557089572,0.10123295751278166,184.35231591017848,42.123801691553645,,
7863,0.04001033277130693,0.09610859264123241,215.2897319833212,38.30334743391341,,
7864,0.040056324486240025,0.09749417352430369,208.87707537321555,38.37825294937057,,
7865,0.04062072617664597,0.10223996129166445,214.25457009486317,37.04258022017296,,
7866,0.040097034090317826,0.0974788652108229,200.04642141084327,38.855648823183714,,
7867,0.04011189178413423,0.10079389313539958,228.67758332653133,33.93193991813118,,
7868,0.04074697710093008,0.10336722506382691,218.26415740026786,35.15731524393566,,
7869,0.04030043134202192,0.09854616607127338,193.67867102779488,40.31713640832804,,
7870,0.04128329430776115,0.10104057503713167,189.22968034033858,43.26507573797605,,
7871,0.041371550967905533,0.10072985770069742,180.48523974004553,42.65366407655736,,
7872,0.040449208890405486,0.1005458974122027,206.4702653374423,39.02384570250508,,
7873,0.040009450893400016,0.09617093587528883,214.82993374222738,37.42480831297016,,
7874,0.04029421211242376,0.09838078019177714,196.02593685819988,41.755899564651166,,
7875,0.04100956046300394,0.10070344187439352,191.71724445277084,42.451428830047156,,
7876,0.04211557291449802,0.10243140407751584,182.38659614200168,42.0780023112408,,
7877,0.0414538956198436,0.10112650458665486,185.40556432401354,43.34623852399381,,
7878,0.040136684512797303,0.09871618196797728,206.4066719953733,37.55755230442375,,
7879,0.04046351818562991,0.10020492628031087,201.76301912772067,39.33045773989003,,
7880,0.0406948701316251,0.10133903612138938,204.6265960305591,39.29056707043825,,
7881,0.040935459108844885,0.10047830507878147,189.75348620138638,41.84923382747019,,
7882,0.042043274104762246,0.10383885059579456,197.84251770414787,40.12798677693275,,
7883,0.040035504816223325,0.09479577345837484,189.01395969488703,41.696559711948446,,Stencil thickness low
7884,0.04055611076736459,0.09859137702544839,185.44568105719256,43.29074913126195,,
7885,0.040841512858982444,0.10159452645267443,200.88135381382023,39.04163099449371,,
7886,0.04070634531028411,0.0989600847186028,183.41667594889896,43.49204476436491,,
7887,0.040039408952465175,0.09975427110149555,233.2511480159093,33.942177829442784,,
7888,0.04003551604617341,0.10024468741834573,239.9191642707329,33.33413452258148,,
7889,0.040057910285192094,0.0975235534927501,208.93382430169885,38.42688188075948,,
7890,0.041159816704278214,0.10076624881957369,185.77060690391266,41.934755890644766,,
7891,0.0400067728872045,0.10007240641130033,250.70065529133925,29.722824076554282,,Paste viscosity high; Ambient RH low
7892,0.041125965491209046,0.10132266198252757,192.23027440808883,41.11544241340794,,
7893,0.04035101851293427,0.0999504319947085,203.04619164712707,38.27598248559002,,
7894,0.04024953323973316,0.09809284184667807,193.84739680438128,40.93088348839909,,
7895,0.040698898410760825,0.10088278357909548,199.6095923377343,39.79217453901016,,
7896,0.04002315171678353,0.09753299848746962,219.3936102374006,36.86543821067386,,
7897,0.040332948681340186,0.09935412408672536,199.95176256639246,39.569597364175465,,
7898,0.04003343322482049,0.09732879743204124,215.689402669096,38.53381665056977,,
7899,0.04061827561059172,0.09949569934944662,189.93976950130624,41.67740173002859,,
7900,0.04012912084851825,0.10100687067736301,227.6998878531793,33.585588916380686,,
7901,0.04121399266627175,0.09960931415294492,175.9139587539137,44.687599131565335,,
7902,0.04014981391830809,0.09785341066587981,198.5197405341478,39.62830802462396,,
7903,0.04005881397365133,0.09651736028321668,201.81819029752774,40.873028662417276,,
7904,0.040030905800820214,0.09800395886890954,221.3944434838621,36.8492740403714,,
7905,0.04087086057873179,0.10131678378040408,201.82046570955987,41.14397971876328,,
7906,0.040117966519250065,0.09824092724499774,207.74308059981192,39.255212928386065,,
7907,0.04041184041973401,0.1018169035362873,220.32396556851864,36.90016047739804,,
7908,0.0402493409328243,0.09887197255740393,203.02722915973624,40.39905805175168,,
7909,0.04099678362912848,0.10196433402823304,201.92198880852243,39.79179157823484,,
7910,0.04075785187060482,0.10126569059024848,202.58842293649946,39.952767903919124,,
7911,0.04053433794387725,0.09904531058539885,187.49327871346208,41.389162537665,,
7912,0.040060956570781237,0.09801729967601648,210.65804439675014,36.96705425008095,,
7913,0.040510444262393065,0.10056552191907946,205.2189834578313,39.8119209305162,,
7914,0.041660599234628094,0.10316086406636238,195.62640194044457,39.18653478132522,,
7915,0.040249050361134096,0.0984969557480678,196.54566659193108,39.91386277244728,,
7916,0.04020750591575037,0.09906519427322884,207.21483692354087,39.40283266267374,,
7917,0.04092332172419592,0.10092821266186083,196.0932639830938,41.74439022224334,,
7918,0.04029605706446289,0.10059033363273802,213.8731765118482,37.43417638718253,,
7919,0.04061494560166695,0.0996918121761589,195.84724264884446,42.75378709474796,,
7920,0.04048344078950912,0.10036289033254703,201.92282950102577,39.058202581553296,,
7921,0.040049839647274516,0.09962690102371213,230.01635756559827,34.79234045708451,,
7922,0.04023539330417795,0.09869120245654228,197.35373900268826,38.77971228130262,,
7923,0.0409767261375515,0.09953331107318661,180.1083979531791,43.57295426432228,,
7924,0.04000139599341637,0.09387701752457026,208.8335659784198,38.45019456317978,,Stencil thickness low
7925,0.040015208958602354,0.09714372167986822,221.0489073683169,37.19149735154915,,
7926,0.04051068094453591,0.1010399558822339,208.21244846128715,38.5808504255385,,
7927,0.040411084421716564,0.10208332523068818,220.9712088407453,35.82313400685379,,
7928,0.04019386548264924,0.09792519321138027,194.04254895768048,39.71090595511507,,
7929,0.040622327526892,0.10280475321529914,219.25163172365853,36.106017208671176,,
7930,0.04031609480985119,0.09985628409615624,207.53804863810572,39.34042126401106,,
7931,0.04021369853558534,0.10038496290352789,218.7130434967646,37.325264357202855,,
7932,0.04048257086365727,0.09970119527254967,196.7767240525634,40.420637697018456,,
7933,0.04000177065105637,0.09777783589556116,243.85974737814192,32.866286020087635,,
7934,0.04002123835299906,0.09691067054095003,215.18490524622743,37.9369601606016,,
7935,0.04223866764609684,0.10335670688445231,189.41275720655406,41.08632877372066,,
7936,0.04008968217411555,0.10056642967140532,231.4687189513023,34.491070482351105,,
7937,0.040062561462242595,0.10172157297777938,244.07926442505942,31.024801208915925,,
7938,0.04030647533845706,0.1010285621155442,215.22284708897413,36.10600091366003,,
7939,0.041510401713400764,0.10171955973831326,189.00950329120238,42.33370732737793,,
7940,0.0414110360216505,0.1025835232622783,199.2379536229951,40.73720226714617,,
7941,0.04025934335658659,0.09912679747249228,202.33745628881388,39.264185310801444,,
7942,0.042999457325316987,0.10251136036701221,176.95075866442852,46.32304943675532,,
7943,0.04082853644897673,0.09893748795882541,179.57030592934075,44.166539747236264,,
7944,0.04291037737131332,0.10374667668957153,183.31050051694282,41.99575179709492,,
7945,0.04085090649467336,0.10104558355335336,199.95820330620455,41.50651212820326,,
7946,0.040608054759193074,0.10141309716227191,206.56669837286023,38.09369157432956,,
7947,0.04014290692841755,0.09920290876982947,212.15823761739085,37.56615251206526,,
7948,0.04026073313120905,0.1007175994850387,216.42829004249418,36.59670099091549,,
7949,0.04064723309314983,0.10026575960312119,198.57595241852448,41.52209339961004,,
7950,0.04013752328642463,0.10035979629783325,223.3357357571182,35.635208799263204,,
7951,0.04003200788759398,0.10032083026780723,240.4557601261761,32.57464265021526,,
7952,0.04085575853807933,0.10079210548030465,193.32812481380958,40.462796119561276,,
7953,0.04078085834996684,0.09885962053400396,179.3956373133395,43.75492723251095,,
7954,0.04096098721891394,0.0991449442134857,175.70943816212483,43.68491794266235,,
7955,0.040285357487005784,0.09997726376016168,205.45203741570748,37.095025074614604,,
7956,0.040217789885141526,0.09857854304098428,203.56941117059176,40.866303698481346,,
7957,0.04036826115234402,0.10125172138945494,214.47342065738957,36.47719028772498,,
7958,0.040735253112465654,0.09998929032950528,194.4658621532759,42.89189477751547,,
7959,0.04088995287471441,0.10061899217493285,189.68385282123847,40.50690360185809,,
7960,0.040120379264116816,0.09837485180839224,206.97090651817197,38.4806634354002,,
7961,0.04012306192764804,0.10067630459996323,225.9646441791044,34.22183159114691,,
7962,0.04226548005057181,0.10097706135747397,169.73594527777638,45.85383720115141,,
7963,0.04042374673662139,0.09924585363172782,195.17188731120925,40.73049195822443,,
7964,0.041895811289442794,0.10035420623582936,171.07305495585396,46.24548905689399,,
7965,0.04155510777162257,0.10114154080783556,185.115369046215,44.202587781501585,,
7966,0.040544726748778556,0.10132079444957408,205.70150416725772,37.02711192174992,,
7967,0.04180098332277963,0.10033471172239479,168.18913290205515,44.471295666353484,,
7968,0.040257589487160114,0.09882542493282287,201.65998906908482,40.42235999065785,,
7969,0.04057465175598002,0.10083485200953511,203.98598056054317,39.35138816920323,,
7970,0.0406497309335082,0.10024623339074126,192.83797616553272,39.6356657243031,,
7971,0.040867054069752086,0.10001143245624064,186.87562290078225,42.12228442979769,,
7972,0.04129835060795385,0.10088713424594116,183.6550607678603,42.20827058742111,,
7973,0.040655842011784134,0.09874408234023681,183.2826950362368,43.62869601132793,,
7974,0.040198140042189724,0.097200039976713,187.9827292611791,41.252225249424626,,
7975,0.04041824700464984,0.10038619645132373,204.48667245930545,38.377507204162455,,
7976,0.041101581745877455,0.101362159230159,193.50611530163127,41.074302311312834,,
7977,0.04012935690934086,0.09920396462289958,213.0602015828959,37.14395830608943,,
7978,0.04054819790364639,0.09950748534169966,194.48247627095753,41.898019373141445,,
7979,0.04029980932904603,0.10066832130151385,212.64233528420027,36.7366561032608,,
7980,0.04005647321311409,0.09568610260555076,191.94628175217758,41.15597038896057,,
7981,0.040616372948155226,0.0989498594517034,184.74681377499041,42.44766174540478,,
7982,0.04028646487033799,0.09820921620438645,192.24759644483962,41.01262810244959,,
7983,0.042102579461686926,0.10315633652309306,194.57055162958824,42.767140414322306,,
7984,0.040958349906703835,0.10355668090306075,219.19353578542854,37.677475095537424,,
7985,0.04219797378415654,0.10003701594625475,160.3266791070914,46.53548320397659,,
7986,0.04170694208256959,0.10127921410238691,182.59455668193453,44.1196720297343,,
7987,0.040702154555494946,0.09868007638408914,182.1711745327793,44.335689617443926,,
7988,0.04193756489918325,0.09969749563830246,160.19206623893527,45.945282670985904,,
7989,0.041057025239885754,0.10029552633820711,185.11205251694966,42.705506638705266,,
7990,0.04068913025013322,0.10104020945570112,199.1260610352882,38.69679277149801,,
7991,0.04013545677980594,0.0995221586295104,215.2066119167633,36.70198163516208,,
7992,0.04102940724586282,0.09934412337060614,178.92921358871206,44.76556625357338,,
7993,0.040699343318518634,0.10273906593971859,218.39896849140797,37.46094124149755,,
7994,0.04472831429478258,0.10326445951621552,161.44459124815438,47.30271177440788,Paste volume per aperture high,
7995,0.041182213269250166,0.099668820792603,177.6765346416185,44.648241342035995,,
7996,0.04260461886609894,0.10090412946484636,161.43695488210196,45.85458886140829,,
7997,0.04039391564968672,0.09818992196223007,191.3469731841208,43.76154746869391,,
7998,0.04026594974208979,0.10073749085807177,215.53974142990708,36.3597832839072,,
7999,0.04006122025306718,0.09816147286211531,212.2905684778029,36.873389731843304,,
8000,0.041059692097924934,0.10180689705182261,197.917834442026,39.95587579014852,,
8001,0.04111616189325948,0.10046222117952207,183.72931697009238,42.152732746256056,,
8002,0.04100571512710808,0.10268826118813332,207.92753852532405,38.53112103945736,,
8003,0.040205724364304044,0.099835709787861,215.179957387774,38.42011222454558,,
8004,0.04149967185505219,0.10255550387520965,193.1402870395039,39.64310557221918,,
8005,0.04022206060956717,0.10054067089852889,217.98428682746504,36.63405360933633,,
8006,0.04120857192063489,0.10119238876399739,187.38776056783487,41.024249012844535,,
8007,0.040141042748275235,0.0999185897858751,220.02145234451547,36.78501749540197,,
8008,0.04001121560507834,0.0984284493384666,233.87878191954843,34.03999094533396,,
8009,0.04016936677593212,0.10054195095707184,223.21012762759545,36.29110852273265,,
8010,0.041217122520589865,0.10151571208474762,191.59696950912817,41.04715272125822,,
8011,0.04178380907798959,0.10359248051817625,197.62160046770177,38.95981265391829,,
8012,0.040874376253021594,0.10043866832620704,190.48605177462133,41.43792005830887,,
8013,0.04107181709691918,0.09972452034021671,181.05546250103893,44.22061305639089,,
8014,0.040383488337519854,0.09737334507678433,181.21795106294672,43.871637896865366,,
8015,0.0403934982645124,0.09950687341961564,201.972948157675,41.13777456372607,,
8016,0.040282237813374824,0.09999696190181363,208.83182090718242,38.094620420909116,,
8017,0.04126742325619664,0.10265089192350031,200.58890097375172,39.313580933458454,,
8018,0.04036391422780901,0.10010202344599567,205.27038436703185,38.671053227809224,,
8019,0.04009900084266894,0.09849425176159755,212.94667439298092,38.63935555011569,,
8020,0.04006805959351866,0.09958798334425559,221.7606240054075,33.988965682037886,,
8021,0.04183881148658023,0.10227706206694702,187.69708523481643,42.31293444720452,,
8022,0.04286707373512394,0.10172160180624835,166.74946541466284,45.63922171071627,,
8023,0.04089528540906091,0.1018871300415148,199.39444311978943,37.88218208213088,,
8024,0.04040239925060663,0.10215811623589022,221.5504723516525,35.45554183751807,,
8025,0.040131433934408836,0.09778896994753392,202.57790723764623,40.39821379029211,,
8026,0.04032680993153316,0.10177999860594633,222.2940014248781,35.559857028789885,,
8027,0.04037848200060156,0.10000378194934965,203.157132176067,38.77690506700717,,
8028,0.04028019113721265,0.10144533810684923,223.44000543506843,36.18678071627973,,
8029,0.040438106601787704,0.09944258838645456,197.4942099762846,40.9338651483176,,
8030,0.04099815608092306,0.09952633658768921,178.9954553664792,43.49936452351832,,
8031,0.0408918940799422,0.10218526354797379,207.08025613884718,39.10555165622016,,
8032,0.040036729082858366,0.09922148768971611,227.99664407683565,34.26059363113747,,
8033,0.04008215420226146,0.09810033813730278,209.76021576732555,38.1615779371075,,
8034,0.040512472415597515,0.10151614280233791,212.40295493960804,37.795836391267095,,
8035,0.0415983790951648,0.10139035861596701,184.43038827202716,43.18690076539277,,
8036,0.040357209846340655,0.10176387620253824,218.66621272982596,35.19155520679708,,
8037,0.04025963096669082,0.10141322630359277,223.8514203987281,35.81826726445474,,
8038,0.041290209941380544,0.10132250092961599,187.93213080492933,41.52282079732713,,
8039,0.041125709464697596,0.1021437020129411,200.68486427666573,40.12871212850582,,
8040,0.04019308912019181,0.09940166727714371,212.1952726863472,38.95036818065776,,
8041,0.04018333598690976,0.10030365772255681,218.40536270647365,36.369714483127666,,
8042,0.040409266071470676,0.09934181560170637,195.99805442519386,40.21296801420883,,
8043,0.0402825495268764,0.1022429311712326,230.18613885863803,34.788035839924376,,
8044,0.040090240492207795,0.09933729517359353,218.33638573541748,35.837583114531526,,
8045,0.040104783752726365,0.09765388242739617,201.48695878798176,39.04851691576253,,
8046,0.04005040743304162,0.09873626564840328,222.91550780029058,36.65776208305282,,
8047,0.04001248071041959,0.09928148395688052,236.94284321111968,31.509031065762947,,
8048,0.040111175241297876,0.09838417758455628,208.75356777655537,38.498852738886136,,
8049,0.04066937386630176,0.1010865490792426,202.6368500999178,39.37488044420839,,
8050,0.04093419888699182,0.10045398548980802,189.65374489364825,41.91414721150791,,
8051,0.044219164466366825,0.10132078763958949,153.06981401985857,51.027316572040284,Paste volume per aperture high,Ambient RH high
8052,0.040139561567161454,0.09955423976259689,215.4628315852694,36.858328984776854,,
8053,0.04019984886995383,0.0989039310532237,203.5918129493905,38.597197839445755,,
8054,0.04092662204658973,0.1005571423325787,189.1779470463752,41.14295488064423,,
8055,0.041421017727834804,0.10314152878986697,201.00785840281284,38.7713357478041,,
8056,0.04079745409619384,0.10192136873295901,204.70226705501148,38.14769968806434,,
8057,0.04036059026084477,0.10011495265960257,208.16008458837234,39.54075831769785,,
8058,0.040179422066402196,0.09796525389531247,201.4758351620041,41.52327846890968,,
8059,0.040978782938248984,0.10149710225614561,195.8471023351229,39.6659567560456,,
8060,0.04078709030538555,0.10290782292370386,218.1560835437006,37.96946526588675,,
8061,0.040070200821449985,0.09898003117858496,219.8975108982432,36.46640682292121,,
8062,0.04108158778833483,0.10291974906534372,212.2161039171406,39.90115594370729,,
8063,0.04012543342423786,0.09907879004563731,212.20778671231992,37.22402106275719,,
8064,0.040509715892749695,0.09966659940706034,193.8984875088034,40.14545628039046,,
8065,0.04032348791282913,0.09895970247908356,196.32231597106355,39.92740538816992,,
8066,0.0400235919059206,0.09896546730668511,227.91104268554093,33.04897937768991,,
8067,0.042236008028384835,0.10253789140750978,182.97279189444984,42.7488140408771,,
8068,0.04036432570464039,0.10089624860763322,212.9037287017867,37.53801895920203,,
8069,0.04005806310211899,0.09976998045074152,228.80780024173063,34.6021578041925,,
8070,0.040023386150431384,0.09830946751714385,221.94293905630053,34.066432044035444,,
8071,0.04099198382290689,0.10047817596538074,187.5575787678064,41.83995266624062,,
8072,0.04013446633374187,0.09835164077828659,206.83541453576328,39.34944221874498,,
8073,0.040942236318053084,0.0992736915030253,177.57501318741876,43.46534504508248,,
8074,0.040654756001646794,0.09965867900780762,188.94578782296253,41.18910067979216,,
8075,0.04021937172426852,0.1002993162117172,219.9759763761178,38.40160344243737,,
8076,0.04057358473214633,0.10265832971187026,218.85085820613796,35.766028316069466,,
8077,0.04097971134245817,0.10089398560624614,193.61498079001146,41.804742822369754,,
8078,0.04162751739815588,0.10251089270868775,194.27835579536293,41.53224994434775,,
8079,0.0422049402023312,0.10213195839269301,180.01609677128835,43.41749498279727,,
8080,0.041355343049955334,0.09884822873975584,163.40132579519377,45.54094486174677,,
8081,0.04123980084969466,0.10246511866285168,201.60691125283995,40.25469558716842,,
8082,0.04003322354314983,0.0964287921116474,204.22522684164088,38.80190071235792,,
8083,0.04087931203809827,0.1007120258479388,190.12304182945311,40.06012511309967,,
8084,0.040185165771745635,0.099136755291019,208.08963348171207,38.446533150673304,,
8085,0.04060419054539136,0.09781012408050838,176.14049743403746,44.69424805126351,,
8086,0.040150896925400144,0.10003494056113657,221.89327287455563,37.39020385058524,,
8087,0.040062036316034104,0.09792124115372641,213.61857850193852,38.58522406337872,,
8088,0.040170616546882365,0.09815999171448912,202.81166519540275,40.65907918448717,,
8089,0.04007495453498326,0.0997288892875293,226.67795533169735,35.66268817362931,,
8090,0.04073441519581877,0.10100774356225484,200.35354876937697,40.03517728226269,,
8091,0.0400558215817936,0.10118107841424273,240.23288940200075,31.574155933528516,,
8092,0.04168390838513731,0.10056884539116684,176.78902144145118,45.28539884335298,,
8093,0.040237889387627936,0.10020500841079327,214.63317726860694,37.652303079632425,,
8094,0.04083834416117214,0.09948322341423985,182.18259389637208,42.597511223833116,,
8095,0.041127532458435805,0.10231474967950832,200.2714893571981,39.17872652852156,,
8096,0.041746390182196974,0.10182500818581802,185.4130831026532,42.84620531293302,,
8097,0.04012497586025788,0.10173251514242494,234.55773842436076,32.26239308226797,,
8098,0.04027024215851692,0.09966242404850705,207.27222707318492,38.777010980687066,,
8099,0.040610526173507765,0.10175978539538251,212.2683031521068,38.475865566395534,,
8100,0.04091453411039583,0.10075560416749776,191.35831394186778,40.78493056289685,,
8101,0.04040256609974583,0.10163516600072649,219.03181596335364,37.09753810123279,,
8102,0.04039178934255571,0.1000604078080026,204.5575500869816,39.33286908983062,,
8103,0.04210274852518824,0.0996903045799845,158.16541054397902,46.66887743188683,,
8104,0.04028204270332927,0.10105915800738813,218.19046575912046,36.25873020991623,,
8105,0.04007974653638931,0.09573556815615503,190.5975187896806,42.629439941616354,,
8106,0.040520184839752116,0.09878964200052862,184.28337086666855,41.20518330749948,,
8107,0.040577706553780124,0.10088329391246488,202.42618872947395,38.62516484632927,,
8108,0.04034450447202881,0.09802584568752967,187.74695513576086,41.99969647045493,,
8109,0.04011152811839824,0.1002185715374493,223.4980203787362,34.860990252026895,,
8110,0.0409287177172333,0.0989616115522575,176.93482629882527,44.560779619664515,,
8111,0.04037552374692896,0.10024857831607452,207.26940705848267,38.96953112327762,,
8112,0.04020893832882855,0.10071416153892504,223.895097419348,37.37796165373262,,
8113,0.040400276481176035,0.10108045368836731,208.47373044349416,35.99607826269126,,
8114,0.04029953904993578,0.10136224302548048,221.31172697312263,36.43488341723064,,
8115,0.04031548708403032,0.10026052217209795,208.0123146966874,37.537036674793434,,
8116,0.04016032722756503,0.09875860057121594,203.25095001913934,37.44073388075616,,
8117,0.0432844339814667,0.10272134621525116,171.61064193508565,45.28524995095567,,
8118,0.04034009762621759,0.0985582361666576,195.6795336307399,42.10576210006046,,
8119,0.0400436234897909,0.09873319014952188,221.34244356494196,35.2617754788974,,
8120,0.04032292637613027,0.1000093424418251,205.53610907774464,38.09117941986098,,
8121,0.04005375663125033,0.09830539186896031,212.6258622402762,35.49701281098392,,
8122,0.04137395857674026,0.10077972506282724,185.87886954520812,44.341905692257946,,
8123,0.040270369629707,0.09857062463942677,197.07094101197492,40.45659321646203,,
8124,0.04088057199990487,0.10045429560663915,191.75917140931463,41.90077476415039,,
8125,0.04058267442909665,0.09883697532344812,184.54179118037712,42.29556124483154,,
8126,0.04007499645901144,0.09887717035900359,220.3827351323927,37.560091240635046,,
8127,0.041194919056311376,0.09985643833816091,176.22864126928778,43.38106169261162,,
8128,0.042723960362881605,0.10383411558333552,186.05944103575553,41.245324479878086,,
8129,0.040348894890749776,0.09905889865288435,197.87550358746097,40.70164563634023,,
8130,0.04184815964622023,0.10031755510506177,170.68097521764884,45.860052143508284,,
8131,0.0409161886937187,0.10054702202654542,190.27004034374335,41.43184598998591,,
8132,0.04121080310154397,0.10135683201861576,193.62179164688015,42.45555934825343,,
8133,0.04054908699431094,0.09914102512825655,191.51524495954828,42.63908684946097,,
8134,0.040347165068031314,0.09910131148516786,197.6561732802258,40.372488799625366,,
8135,0.042378558338558414,0.10177197204483608,176.30048307789068,45.212927479191684,,
8136,0.040199012996944325,0.09751265508235396,193.1361664648873,41.59584741238627,,
8137,0.041356081324918643,0.10167622008963592,191.15467256949321,41.678481665251894,,
8138,0.04059498599506318,0.10211812435196246,215.80223199021722,37.7043127206189,,
8139,0.04007050145494912,0.09853845253226036,214.50066008862316,36.72292066113854,,
8140,0.04095105819645424,0.09898305582106197,176.60149098781002,44.64680791031505,,
8141,0.040416492713233165,0.1012704394259661,212.83386347552337,37.00886529345473,,
8142,0.04026372203377173,0.09875847283154816,198.60953947264494,39.87403288573624,,
8143,0.0402087494088616,0.10042711852026417,218.10353682551107,36.713790246781265,,
8144,0.04057385850550903,0.09968615646253659,195.06635357251682,41.738820509656485,,
8145,0.04021654849282302,0.1005902863588389,221.74605507465824,37.512950063466114,,
8146,0.04021513900817388,0.09942714337923216,209.61302444413192,38.797441708525355,,
8147,0.042056691985623174,0.10137200545797456,179.84063053677096,45.807492477198366,,
8148,0.04000814404056025,0.09888248433324275,238.21261237344243,31.892761927984086,,
8149,0.04059855857509126,0.09956944484240325,191.17935411738918,41.39639156175164,,
8150,0.04000703902615222,0.09680151844670049,219.05365905345263,34.53068999243285,,
8151,0.0414422454163534,0.10287233195078155,200.34142416420633,40.059911793705446,,
8152,0.04006086423988129,0.0982457746682719,212.9253897605857,36.6537971655677,,
8153,0.04154530885311479,0.09999074433837292,175.20308527775126,46.16706245340497,,
8154,0.040746385279731775,0.09984698784984404,191.67942637213508,42.77530665039349,,
8155,0.040428212342144,0.10106040100105923,213.55201259925576,38.55389928695798,,
8156,0.0407592759868174,0.10027251596823643,194.2763411310655,41.84087779293042,,
8157,0.04258979758850141,0.1007399148170678,162.88854988013992,47.05193496639224,,
8158,0.04024515487495942,0.09846552793638808,199.60575183471755,41.01036916398053,,
8159,0.04035144848204932,0.0989936505922275,194.8301743373961,40.0111696102331,,
8160,0.04039113886576085,0.09955882324080453,201.696466368932,40.7305246151833,,
8161,0.040135051246491464,0.09960795306682471,216.71688641460184,36.798273560853666,,
8162,0.04005807321459185,0.10182600255282039,246.76892698240707,31.007251198772614,,
8163,0.041011285483905896,0.10187699520513188,201.0916773625259,40.11186198855986,,
8164,0.04066787724485977,0.09953070381064821,186.91623055504547,41.319035286717586,,
8165,0.04004110045284314,0.09787496139924837,216.31160232628037,37.286898499019614,,
8166,0.0402855226093919,0.09952198336286956,202.43660401945692,38.23585865245016,,
8167,0.040111913811605976,0.09901661586342549,214.02494275264078,37.34997662891344,,
8168,0.040076335984381574,0.09925486229533877,219.9623132384037,35.701873548707866,,
8169,0.040730553990298825,0.10167870544354142,203.8453131501971,37.962916025090266,,
8170,0.04007517721185419,0.09874663942918602,217.79558430268952,37.29346174601467,,
8171,0.04045154203358821,0.098909712103541,192.7286746858308,42.13296286702768,,
8172,0.04029736259231827,0.09980743739290461,207.84919264808659,39.130784785315285,,
8173,0.04032208521154898,0.09907750324195332,196.8829036550859,39.515969230583025,,
8174,0.04016429980315752,0.09799106168307102,199.3443488046074,39.95910017844019,,
8175,0.04101548438045487,0.10084104443744694,190.60887068218216,41.47312293907672,,
8176,0.04006771386280372,0.09837529592485557,214.67076148658853,37.314023139586915,,
8177,0.04019537347590627,0.10033479086829425,217.54176330713256,36.42319553867548,,
8178,0.04183256701613742,0.09929823155745506,162.49587626668637,47.75650650352632,,
8179,0.041050124473021206,0.10000873197183245,183.52914987148154,43.44448496604117,,
8180,0.04057080544643846,0.10231835043751922,215.9458999215028,36.33039170462178,,
8181,0.04052355004981392,0.1016002975364571,211.8357289393717,37.416155376150606,,
8182,0.040432818997332656,0.09941808990038171,195.26967467065327,40.145033561123945,,
8183,0.04048417961841649,0.09851447588413495,186.0280540391232,42.396126832370456,,
8184,0.04024710132196303,0.09933003663410624,204.97363110308757,38.79528500953478,,
8185,0.041658056291371814,0.10195077730471133,186.70165286922904,41.859546436349746,,
8186,0.04214041091333218,0.1011837388418529,172.62562739561872,44.866382981329814,,
8187,0.04059137455991306,0.10017659601083329,196.77099716022883,40.302039664415,,
8188,0.040357076111087145,0.09706297157213553,180.96618361095045,44.59775398841039,,
8189,0.04128988947346502,0.10181661246326862,190.5213193695276,40.045527954774776,,
8190,0.041476665235751234,0.10021854038476123,174.50267354010882,44.121753221463386,,
8191,0.0403471692374064,0.10154892376601594,218.81880466547568,36.01432338969616,,
8192,0.04168883448375333,0.10106571354312778,179.7272998999234,43.96831934313206,,
8193,0.0414570394812032,0.10149713555829205,186.6681476380001,42.03373768511044,,
8194,0.04053726419246127,0.09919360941754779,189.74447830258438,41.52561497446125,,
8195,0.040565062219247404,0.10132240777439597,206.48637089440805,37.69390550555799,,
8196,0.0405257533482628,0.10055302182139823,201.7168968866367,38.95034127410724,,
8197,0.04032644599124314,0.10018544016125058,211.2369205434752,39.35210841132929,,
8198,0.0403398340309878,0.1001230481431484,206.56363464071063,38.37862254427488,,
8199,0.04032558922879575,0.09983859145935009,204.40437395592443,38.59267610596718,,
8200,0.04196086940661815,0.10158622297889082,180.83339843590954,44.30571049281389,,
8201,0.04103550175925507,0.10133227528513794,198.1183382345741,42.00967828282593,,
8202,0.04026552244211425,0.09897829677154754,200.3185533276196,39.47438843078473,,
8203,0.04267705853204127,0.10335914738849533,186.49818606248343,43.36018125970405,,
8204,0.040228864320702246,0.09971555686639251,212.05868105834466,38.78217685687859,,
8205,0.04087741070885665,0.10145926373445077,197.6043426207292,39.06233872748884,,
8206,0.04070731926989243,0.09964711937716733,184.90133052913163,40.712654365953156,,
8207,0.0401623507862076,0.1020278315736627,238.36109891629746,34.13073178124202,,
8208,0.04095333595011344,0.10077289163297438,194.42488928131058,42.319380066403205,,
8209,0.0408820933542628,0.10094681913081271,195.7762900162002,40.96043206121605,,
8210,0.04005217916321359,0.10031248296163545,236.50850475929462,34.046561070398,,
8211,0.041088643696842814,0.10022094895226194,183.90447863191824,43.03888399417745,,
8212,0.04057789748632519,0.09934334952744822,192.44885392138028,42.54849045808263,,
8213,0.041009504256959456,0.10158303839989964,198.5140721971215,40.59921760481623,,
8214,0.04001502350647804,0.0974483306152119,221.29390215006268,35.745729173955965,,
8215,0.04039621829763638,0.09945486914630977,200.99840650292936,41.112515188460314,,
8216,0.04090986684953889,0.10118923417809486,196.25037334352297,40.350590683249926,,
8217,0.04004441887336215,0.09970379101214245,231.35183828453987,34.20994712012235,,
8218,0.040353657711285566,0.09877129116129096,195.63141638455585,41.427513833073235,,
8219,0.04054094711066984,0.10146964575340123,209.41631772410975,37.54371947843791,,
8220,0.04015761177501095,0.09673967878271461,187.30490073293964,41.437637690513476,,
8221,0.04368677586481116,0.10278889083444244,169.81521149914767,46.798970595472326,,
8222,0.04051343953794921,0.09969363101542857,195.68944787047062,40.723795429192776,,
8223,0.040071419203050976,0.09920376193556651,219.52750166097434,35.365129204878244,,
8224,0.04007290737612306,0.1003995839824177,233.97335808428903,34.81747998006825,,
8225,0.04001827341616405,0.09810362037059202,222.66447286098588,34.041709242257355,,
8226,0.04061556096922879,0.10008362008889547,198.47583182069857,41.79949277428294,,
8227,0.041602561215105416,0.10073113747608713,179.62254744922814,44.716456684451764,,
8228,0.04011802009715717,0.09974846388167823,222.84533798200997,37.30372421383091,,
8229,0.040753405096391374,0.10000324396770309,191.23044362726063,41.97394336082766,,
8230,0.040104190390577554,0.09766949170296212,203.2986938732328,39.57290085495383,,
8231,0.04060037261260564,0.10223598000964258,215.31194764922003,37.06201075821498,,
8232,0.0402081039872084,0.10010917190256281,217.9988678186427,38.18764484111421,,
8233,0.04178347506872895,0.10294676698458069,193.90433578594818,40.76486420249494,,
8234,0.04167595448268777,0.10203721334988552,192.66263652722427,43.71641945788346,,
8235,0.041480277005193175,0.0991928297244149,164.04714830566024,45.42537445652077,,
8236,0.040627092604931705,0.09992674740112324,194.9248043311156,41.51319365341801,,
8237,0.04006581189025599,0.10049604470594066,232.24371106076956,33.08793245805223,,
8238,0.040599938565944654,0.09921947135864292,187.3356544337092,41.75661749179189,,
8239,0.04025131527547104,0.1000063216448354,211.73348966709406,38.058336248444505,,
8240,0.040526174690442625,0.10054038644744448,203.68495823830676,39.71438681525767,,
8241,0.040894526871901885,0.09974421666706479,183.07354596607576,42.46598063767277,,
8242,0.04104360389337431,0.09969883779789128,179.1706569673533,43.320186811727694,,
8243,0.0414323676704737,0.10102719211651105,181.926647348217,42.373375123296285,,
8244,0.04111316691474827,0.10123694250712506,193.64638505942946,41.872087414714535,,
8245,0.04097555946533959,0.10183836995304024,203.03982930929325,40.511911925900264,,
8246,0.04048303781049414,0.09842836587644666,185.85084319132918,42.72509881793846,,
8247,0.04201025419421047,0.10404857499601167,201.86488561206983,40.254010283458044,,
8248,0.040267143084553085,0.1007082913750366,218.10683956789754,37.44585246401907,,
8249,0.041664298207671265,0.10004132606845363,171.28477126250414,45.704925205639164,,
8250,0.04029591436133583,0.10060975662753831,213.65240417860028,37.25809095575936,,
8251,0.04158111699643564,0.1026534327062393,195.5595165752778,40.841396622942405,,
8252,0.04017670813613189,0.10097448551183526,222.05862889607454,34.126854745597406,,
8253,0.04060718112547825,0.10044896199666081,198.48114495348554,39.88281826710334,,
8254,0.04366496143230037,0.09977401983120934,142.50749009429734,51.599648070647504,,Paste viscosity low; Ambient RH high
8255,0.040072593293663625,0.09759008216052731,209.18976983504507,39.618736605840255,,
8256,0.04001812035004207,0.09955170300023572,239.2321056459351,32.84869842397204,,
8257,0.04300071431157472,0.10064974840712591,156.0494171991404,47.95067574098164,,
8258,0.042163629474435055,0.10115087289825901,172.39201353165478,45.132612616571734,,
8259,0.040680907974672116,0.10016037329814197,195.3061105052993,41.46045681791413,,
8260,0.04080279544722682,0.10074489976855035,193.2861095072913,39.885193827276396,,
8261,0.040854480046878014,0.10042643388743237,193.68430855321165,42.33653000232359,,
8262,0.041756902210433475,0.10165137544687482,183.3362428364871,43.04974881564618,,
8263,0.04031615243988159,0.10112172406747362,214.42954275841785,35.65980675135322,,
8264,0.040187643561050396,0.1008060377904237,220.4033551797217,34.83226626186182,,
8265,0.04102141507986943,0.09822171978124723,171.53268387451743,47.474683028672466,,
8266,0.04087587255607425,0.09909211396967633,175.75444802802153,42.7672119041692,,
8267,0.04104611185911872,0.10030444101040445,187.76221462178935,43.458015442375185,,
8268,0.040106105724427694,0.10087033171987392,229.51438318847212,33.48524170370573,,
8269,0.04095183864751792,0.09955168512272834,183.20123034734144,44.23888848827958,,
8270,0.040065239093394094,0.0975164529463299,205.45286999274077,37.975367372841774,,
8271,0.04013292660456545,0.10254812621881998,244.89839421068817,32.420201755095896,,
8272,0.04000713830755366,0.0982704655259798,232.2874937331552,32.165601800938816,,
8273,0.04052694963732918,0.09920118301314691,191.2438999590511,41.810549445318735,,
8274,0.04019843466894704,0.10071676639096772,220.1253724549448,35.614916727354355,,
8275,0.04006942401876739,0.09851964635758992,217.3008866382966,37.70343641926488,,
8276,0.04048901056938585,0.09805952269188112,180.83130019869424,42.863912848052074,,
8277,0.04031529297354423,0.10184405816512833,225.4593992329782,36.03686592183087,,
8278,0.0404711124815604,0.10132661263239,213.2407279864765,38.128167347797834,,
8279,0.040004641321065966,0.09822192885105309,239.5387324182424,33.08484005254053,,
8280,0.04096528132178664,0.10141087513936338,197.7036147822925,40.55598436742993,,
8281,0.041230544978967436,0.10148328491976133,194.21466780797994,42.283258556288594,,
8282,0.04174454212557661,0.10190553827207231,187.38122361898488,43.1344276047105,,
8283,0.040601556223016075,0.09901650596252147,186.68719816706374,42.53840174402003,,
8284,0.04002214938757718,0.09795283850609324,221.353542847151,35.29680825569553,,
8285,0.040263881662867165,0.09888157715970476,198.57755136385117,39.27324081148641,,
8286,0.04022863685015769,0.10023038448337322,212.46556941546453,36.429991798619305,,
8287,0.04164724806088797,0.10142498289301483,180.5748549327742,42.13416305302825,,
8288,0.04001669864005368,0.09796644604389687,223.8239898567147,34.659898825741614,,
8289,0.04006479138283558,0.09750814140755011,206.56839975395926,38.36577260854245,,
8290,0.04099815389534529,0.1010988487364071,193.46277376127813,41.006626361405104,,
8291,0.04043144614377996,0.10054611989085341,208.31276897379152,39.26539403020997,,
8292,0.04232716446044065,0.10269120116050329,184.2528940377779,43.17943908442052,,
8293,0.04064911366153696,0.09971276955166242,193.70245933942994,42.50731142015975,,
8294,0.040104719751224045,0.10122881126400586,234.44906392568427,33.402880831575224,,
8295,0.040244081024253885,0.10016500127396402,215.4943096959778,38.36821616233345,,
8296,0.04005904855537529,0.0986934030463565,217.64038507005182,35.967019494024996,,
8297,0.04218772009460852,0.10158981469835165,174.90392894998203,44.09390782606674,,
8298,0.04068094325416231,0.09886178917213259,182.08569396756332,43.07025509811276,,
8299,0.040308258828333,0.10187647241142182,225.68824991708,35.75490836704609,,
8300,0.0400170834847899,0.09950109008333478,240.34794328479546,33.190003059998865,,
8301,0.04031179511542819,0.09910165071999315,200.7618493441242,40.470057313593315,,
8302,0.04006553600679085,0.09973789585189209,226.05677936102558,34.54132014395944,,
8303,0.0407398160007096,0.10023344922914472,197.71938072377833,42.93389430614595,,
8304,0.040696753647256,0.09975365094112251,190.70586949742668,42.06994083443366,,
8305,0.04033615201540032,0.10088824695056471,212.48393269810938,36.66875903513547,,
8306,0.040160921654297334,0.09655374036335115,188.56946843053427,42.94150975293935,,
8307,0.040225975721068195,0.09906851448772507,204.51834919187573,39.141201897639824,,
8308,0.04037135965788757,0.10159994292861915,216.97806743143417,35.75890212192219,,
8309,0.040101688852847726,0.09939984526730992,218.9868227969908,36.57991483303147,,
8310,0.040077059585023084,0.09959444383994455,221.074707251924,34.51512905096509,,
8311,0.04079491112650507,0.09885505510730395,180.92394278674143,44.53328321202063,,
8312,0.040788057334350744,0.10078043684839422,196.20087818409397,40.51582865159458,,
8313,0.04029829351403047,0.10178156829754191,224.83923031101523,35.615996200971274,,
8314,0.04026806849471274,0.10009360769035097,213.45502859672,38.80456348457149,,
8315,0.04020034075282858,0.09839001258421667,198.530029442769,39.31405230775117,,
8316,0.04093856679779323,0.10333968542373996,217.27993646663867,37.78018400626555,,
8317,0.04001142145600112,0.09718453260678644,221.4224138548305,35.74081794246956,,
8318,0.04001221093249791,0.09852472863741091,235.0076344599997,34.37772557727281,,
8319,0.040160698974374485,0.10059888606638123,223.22459791566558,35.615017043979044,,
8320,0.040729914294473785,0.10116204487963595,201.6074609133537,39.659141134233835,,
8321,0.04099947348978205,0.10142847626740081,196.07475643131386,40.35312886747532,,
8322,0.04087210058046269,0.10288603233463245,209.4262782259798,36.26380307417952,,
8323,0.04089768403609983,0.10017777911001241,191.64745378504858,43.44139340084567,,
8324,0.04029484804262909,0.09792372248602321,193.72776433365976,43.17266937145068,,
8325,0.04060218727705496,0.09836954157697447,181.03829567318883,43.682635372069,,
8326,0.04011562337694198,0.09982790366838377,224.43690909359822,37.33525344439161,,
8327,0.04193247973207811,0.10056763534912416,170.00845233897405,45.16062587638389,,
8328,0.04121593393048178,0.10166148672384881,191.80742575176276,40.40325395805732,,
8329,0.040106142568630106,0.0983246813424295,208.24923383228438,38.28344328940299,,
8330,0.04016110813703013,0.09755467108193698,197.77657295351239,41.36319709243604,,
8331,0.040106173037422005,0.09935490119826844,217.6446693071942,36.623175838068626,,
8332,0.04019008820524588,0.09818519206583465,202.70532023947828,41.35352057014687,,
8333,0.040157818763228034,0.09704868640512324,189.06030513580623,40.57410331229382,,
8334,0.0406306903368508,0.10051134621415765,196.71160586609878,39.38377902252021,,
8335,0.04066996072088725,0.10001125772661018,195.63245007356505,42.10871754582092,,
8336,0.04005153507651443,0.10118752466848158,243.39960838875697,32.175447134117654,,
8337,0.040323513351067874,0.09982017598125864,206.4626899603944,39.34885647328702,,
8338,0.04125187126528192,0.09801232607775165,160.77003034910865,47.49730195613597,,
8339,0.04010749450103438,0.09998186493712233,227.14724762741633,37.033495245078626,,
8340,0.04112788899189793,0.0998429562036375,182.594517834257,44.88814711282938,,
8341,0.04004045185528007,0.09852857545410523,220.27012132198104,35.43391244937637,,
8342,0.04151631383704288,0.104959728082003,217.51225812455323,36.79621740227345,,
8343,0.040127406617318374,0.09855160997688606,205.80535928989468,37.625235950808495,,
8344,0.04126951632019859,0.10134782097322194,193.9141537004363,43.277905183420316,,
8345,0.04154945449182651,0.10098993198160303,180.7916766207947,43.35294586351929,,
8346,0.040777079796129045,0.1002318434853318,190.82821678626863,41.10028993051748,,
8347,0.041812039727419384,0.10217637728934954,188.27946875261264,42.76288784461288,,
8348,0.04105319292959919,0.10061976289184225,189.0140068895583,42.46689047344467,,
8349,0.041131907318692484,0.10203168358348791,195.44227678491916,38.89575824547377,,
8350,0.04009793965548705,0.09855338050989326,209.86640956753362,37.19279565473361,,
8351,0.04008342146327708,0.0983078347403972,214.61639680848384,38.97387198290415,,
8352,0.04302120413457347,0.1030313831502029,173.36251396003078,42.68997412794522,,
8353,0.040039693229026285,0.09820461615397118,216.16002738832773,35.43988748637391,,
8354,0.040358616415496505,0.09964782588812304,200.32683978208246,38.98143486552153,,
8355,0.04042615527907804,0.10022363848400286,202.30503600864733,38.5799365435651,,
8356,0.04009371621257168,0.09985499804329596,223.13738323445372,35.28599302738215,,
8357,0.04064778728368088,0.09736968636537478,171.40820442573255,45.93791829816219,,
8358,0.04153663820500843,0.10220577623457501,192.19877628166353,41.37512643721499,,
8359,0.04004238816552325,0.09728818738355495,210.76232976685208,38.34264041291613,,
8360,0.0401442527020558,0.0998226153249176,218.437923695509,36.857947809309834,,
8361,0.0403901362301709,0.09926008089503284,198.97415556972925,41.188296936448566,,
8362,0.04127470559026105,0.10093252901400016,189.37479465844936,43.74139829111865,,
8363,0.04027686080602249,0.10156874324312119,221.0024659298758,34.62457394656778,,
8364,0.040656848563035634,0.10372759977539821,225.0228713511755,34.29665603313521,,
8365,0.0407864091589456,0.09909860833910493,180.65873507473978,43.13197457619072,,
8366,0.04012341280948023,0.09992359501464863,217.9766302081244,35.0604683217397,,
8367,0.04008919179535287,0.09978925185257172,223.06811429682176,35.24492730727286,,
8368,0.04149531898385393,0.10060336787860029,175.0999285127567,42.66471967522373,,
8369,0.04117759305719956,0.10179793392614267,195.5378273871038,40.609017217552086,,
8370,0.041714631813002986,0.0999968829600667,169.36041703178242,45.71784267686159,,
8371,0.040166135915717965,0.09713289483734897,190.3402075903451,41.01410330129594,,
8372,0.041713078603577765,0.10118559176918138,177.22279240838137,42.73427540135234,,
8373,0.04000584164395297,0.09841749950990575,238.65568673242925,32.81784658635102,,
8374,0.04022429484770118,0.0996788125572368,205.6913408193051,36.54399001596296,,
8375,0.041432122695911025,0.10145170561382102,189.74522992719656,43.07861562444932,,
8376,0.04021946351565326,0.10158430033855269,228.89302288592134,35.34310087863079,,
8377,0.04236732815993599,0.10268596512257402,181.71448532983044,42.620735466480966,,
8378,0.04058852928114785,0.09873517267882712,184.78232892329424,42.982649166856525,,
8379,0.0407769802745339,0.1022367333214499,209.57943660045413,38.02859904100589,,
8380,0.041700928721565014,0.09903996122291106,157.61735570204237,46.068532264048024,,
8381,0.04003333907135143,0.09927447452689378,230.4229824730104,34.31637353813026,,
8382,0.0421006781833803,0.10076118229821135,167.14080449166505,44.64477724481954,,
8383,0.040712255459143726,0.10165489375571002,205.8894055906686,38.49958869190194,,
8384,0.04080761405390306,0.09958897664194599,183.36679321242426,42.043297843171246,,
8385,0.040896021121049335,0.10116078733681257,198.2113749104135,40.98451833483021,,
8386,0.04090390706188237,0.10056024247575103,192.0559948285952,41.82565788644806,,
8387,0.04000034158245638,0.09833982114016253,261.2906214643918,30.409486342309606,,Paste viscosity high
8388,0.040296303324632764,0.09713350698246803,186.3690946061016,44.43835304794429,,
8389,0.042494899091733616,0.10282973768553526,180.85461411532134,42.59221700695028,,
8390,0.041470718444038976,0.1006737388441256,182.21907965127093,44.58388151712148,,
8391,0.04059103467931762,0.09994669356842491,192.4101509935893,39.867687950751524,,
8392,0.04082606196703578,0.10180939410303774,205.42782950227596,39.37791019373631,,
8393,0.04013628840130804,0.09863042157445769,207.99941576569438,38.51248135266559,,
8394,0.040432815997049114,0.10126245286815923,211.97923698732717,37.12999587307205,,
8395,0.04066382423401659,0.10154337412079209,207.33896991657696,38.731085564665406,,
8396,0.04006433594280405,0.09842961260867197,214.86654982205576,36.797362698221846,,
8397,0.04073170017175219,0.10116461829099185,199.23312225424115,38.837890519706,,
8398,0.04031593694515443,0.10066179762617965,210.4513111294588,36.47194640044527,,
8399,0.04017299559923688,0.0985641793169731,201.3013958317988,38.28143453859979,,
8400,0.043932435852488204,0.10199365072113258,156.8730419017051,47.50842480691373,,
8401,0.041524680178481106,0.10108050123847542,180.01874129273153,42.39355350554665,,
8402,0.04012948618844157,0.09998410165353341,221.63232094272306,36.40674693699283,,
8403,0.0404297426272948,0.09784260834155963,182.84496444965896,43.30124000816595,,
8404,0.040016504612271936,0.09879136149323865,230.3694006125268,32.92549955569321,,
8405,0.040083880680508374,0.09781543929791331,205.09454590432327,38.02941236045179,,
8406,0.04017074482029396,0.0984509348151287,204.8342310980382,39.97291808096192,,
8407,0.041913122708075526,0.10106461792533682,177.72023601096626,45.3111146835751,,
8408,0.04335636183246628,0.10201135525610434,166.71660431772295,47.44334613406785,,
8409,0.040017004135620704,0.09691893482436037,211.9893606559881,35.63581111791082,,
8410,0.04197632283501503,0.10069111817208783,175.3855126392458,46.841492206130724,,
8411,0.040941818261657874,0.10061856907411461,190.6433482574858,41.57307365166078,,
8412,0.040052416752298335,0.09890410100987924,221.1088395507646,35.444725251245885,,
8413,0.042126728306545215,0.10139148897472654,175.11319552366734,44.62792083245163,,
8414,0.04090025167400448,0.10276355559297981,210.94994058292508,37.79555244181127,,
8415,0.04104322982686053,0.10135083506133598,190.15379877545408,39.20920697929795,,
8416,0.040063940781839155,0.10020146339728656,230.4484263110493,33.69611782742014,,
8417,0.042097819662960674,0.10299374447195855,190.48578488768808,42.07185656184934,,
8418,0.040379633313050674,0.09787474173080045,183.97842948311524,42.32538475100917,,
8419,0.04028044761677932,0.09775315928084899,190.6299242820696,42.45642112173543,,
8420,0.040215853598292106,0.09715264504244187,189.27491186791966,42.637670201488845,,
8421,0.04005121478956311,0.09789366686903778,214.11746654893125,37.71980356139473,,
8422,0.04071095155989514,0.10084323787838412,199.3923667008378,40.107039867780045,,
8423,0.04040549012660172,0.09807025570717592,183.9772816692107,42.02343069989984,,
8424,0.04092698399383404,0.1040711247189823,220.3926681886157,35.18447610958745,,
8425,0.04042338239717553,0.10101954754620196,212.35998533382286,38.2172322078396,,
8426,0.040019510702991576,0.09872058845787858,231.69138790030314,34.57971565592767,,
8427,0.040940992064726116,0.10219794144890429,205.30356788097862,39.103935407478176,,
8428,0.04114861065032825,0.1010920281337203,188.56165324463637,41.21061001388534,,
8429,0.04002853085480461,0.09725408124622283,211.97345178739062,36.7108060166069,,
8430,0.04018928253609886,0.09938930303425489,212.46935015712342,38.94716087042089,,
8431,0.04016606155973808,0.09850690570876866,202.1878465280982,38.55261303082653,,
8432,0.040008653033167314,0.09872819723235275,239.29013116889007,33.29464294984191,,
8433,0.04260347522241761,0.10043557531950907,158.58514756674754,47.103794998196356,,
8434,0.04027216756047271,0.09845808357589252,195.3077186413143,40.436424462118815,,
8435,0.04044173237179911,0.10282602434008653,226.86001924261507,35.03192657754495,,
8436,0.04022744782730573,0.09856827815279354,205.06509879616527,41.80543906517927,,
8437,0.04022761842415933,0.09842839910868899,200.75366890709697,40.96622494773763,,
8438,0.04003773922958586,0.09988858251958332,236.0908912985322,34.04778897948773,,
8439,0.040484659760020476,0.10062887406978224,203.18014489562015,38.242931974542515,,
8440,0.04011158440515634,0.09902791858374312,211.73393984809965,36.466157921254215,,
8441,0.040516236484046786,0.09863283215189317,189.44959449626688,43.704861674133205,,
8442,0.040433367341339614,0.09932441182107371,194.98277497363514,40.509132889304084,,
8443,0.04077711513050901,0.09762027200314424,168.73701116543361,45.92363721462745,,
8444,0.040838623926427085,0.10152833583299327,198.72117973326468,38.55643003011057,,
8445,0.04017962032832995,0.09874425594551182,206.88050374489504,39.675310503652575,,
8446,0.04038450972036312,0.1012664422384177,214.40903403316244,36.79960321028008,,
8447,0.04135667812201844,0.10215442298728582,194.15355210104255,40.43270058114295,,
8448,0.04029573611763909,0.09597959893816013,172.85438950018346,45.227448750550245,,
8449,0.040508820162527645,0.10008272100905606,199.100565417944,39.951979254011064,,
8450,0.040348918791254434,0.10010363748191636,206.66057268906587,38.75449870314315,,
8451,0.04167369778396667,0.10241351249270382,190.8911771516269,41.25172797822221,,
8452,0.04119378214985342,0.0973600993119713,152.94659717423403,47.213510061875745,,
8453,0.04031025590517359,0.10100290011394339,214.67347025477753,36.147782261654186,,
8454,0.04009001271859063,0.09909700529523358,218.93654250588088,37.193303279866726,,
8455,0.04047706090005495,0.10101574327880955,207.53183142232803,37.745325767705864,,
8456,0.0401011498496377,0.09824470679277583,206.05469439417826,37.56105948615642,,
8457,0.04000685695611224,0.09818088267016581,235.87284941426418,33.68442585315192,,
8458,0.04032980039734924,0.10149960649339962,219.8477795553014,36.13583709108202,,
8459,0.04041979505914571,0.09672869832269798,179.49708294879733,47.26778056117219,,
8460,0.04013418921269777,0.10057139571959926,223.60144089330575,34.52549242931098,,
8461,0.04380704659763278,0.10161121325123612,155.7061044625892,48.21915437229002,,
8462,0.04080359260090301,0.09898113332185109,182.59345863102448,44.64604053692514,,
8463,0.04130459281647572,0.10308149053603986,202.1904046547083,38.216204482680254,,
8464,0.040078476409086725,0.09835045091358154,213.35110365664252,37.91915357146695,,
8465,0.04007851976468985,0.09769716762567987,206.90679047353743,38.805188105335944,,
8466,0.040296205206410356,0.09873269084534443,198.44248498740052,40.96907351403751,,
8467,0.042844924016247704,0.10235254711401665,177.40884238434836,46.199105499791486,,
8468,0.04055395319661917,0.10323817672213999,227.04928793544187,35.47764316792008,,
8469,0.04041748898308011,0.09996989459552307,202.4114669840461,39.638589635967065,,
8470,0.04000603164776192,0.09621672325275614,219.02950963879883,36.665483625251504,,
8471,0.04005462546564221,0.09808676348733805,215.0228756057363,37.49664132780556,,
8472,0.040111647281630185,0.09876624797347393,216.53597969814115,39.42885341457599,,
8473,0.04016838715170937,0.09890537303506403,207.61645394612472,38.65080804521796,,
8474,0.0406916307091809,0.1002648044722247,194.21680966068664,40.75307911569707,,
8475,0.04185967339558425,0.09976054178277755,163.58513468221759,46.150539382257456,,
8476,0.04077596972432632,0.10102069130708984,200.00460711737182,40.50961723336497,,
8477,0.04017307714088708,0.09805613955136196,196.99166818774808,39.21900173693563,,
8478,0.04129732515370739,0.10120927257536114,186.9212398329718,41.792887973816924,,
8479,0.04045215592975413,0.10273310793478602,223.01042261021615,34.35914047017388,,
8480,0.04036938901965811,0.09902672324405468,193.49415978710283,39.85391337807289,,
8481,0.040062673091131006,0.09926792762291563,222.36963295154027,35.23036130359501,,
8482,0.04021187450693864,0.09855291656966289,204.1759989668152,40.97667782772128,,
8483,0.04024362929153725,0.09862198357461116,199.50066075327217,40.164019083872375,,
8484,0.04004803791390846,0.09928472520018065,223.80209886564336,34.033116698398985,,
8485,0.04002448731922409,0.09855160295453089,226.4449024326842,34.72811365862012,,
8486,0.04103819806766972,0.09968208215973143,174.5976586147909,41.71792873984407,,
8487,0.04026379677688228,0.09925253409839463,206.83631347172403,40.39233117201397,,
8488,0.040271513630518,0.09924417300816002,203.83374132878032,39.62574302456004,,
8489,0.040889817963682726,0.10007354346395798,188.19958647106998,42.61659805899297,,
8490,0.04026084487627256,0.09836793140024015,195.03263014718354,40.403258245206565,,
8491,0.04091023544300558,0.10098800057828093,195.95528894634703,41.22391214254376,,
8492,0.0413489185692247,0.1006320640976411,182.9375158746238,43.74583455839739,,
8493,0.04176390489661094,0.10232727320378582,189.79657670325167,42.12844705590595,,
8494,0.040669949026145714,0.1021809266603355,212.55307240028174,37.59629496947263,,
8495,0.04127644445998314,0.09892100305015679,169.22334050887224,46.3691675912883,,
8496,0.042425362563780995,0.10254522194000838,183.16734263655744,44.25823847165398,,
8497,0.04008048649807424,0.09822554998379643,212.0989019911752,38.24667104037018,,
8498,0.040367214880230574,0.09718529450170699,180.62962708529892,44.154908019375135,,
8499,0.04030970445199425,0.09879199115646672,199.9376997309739,41.61397929037045,,
8500,0.04006307565310507,0.10101480436133507,236.42629852559438,31.790367460609783,,
8501,0.04051596431689126,0.0997499522199747,193.97694916485742,39.89938452485507,,
8502,0.04011814809986518,0.09632816580644547,190.80759418820753,42.53192170591866,,
8503,0.04098273180111703,0.10353225915638391,213.78387621230198,36.21502118237151,,
8504,0.04030565953873743,0.09733086598663196,186.58520842903968,43.84225100576038,,
8505,0.04068207863848729,0.10281452657891726,216.93528796536106,36.28880793361863,,
8506,0.040850297925594636,0.09823578855726679,174.56953610058173,46.11455500719052,,
8507,0.04003164778444379,0.09890586116877438,228.47877659928056,35.12233033948277,,
8508,0.04241976783086842,0.10180128145917872,172.44783153988308,44.02752032135365,,
8509,0.0411066145514934,0.10073113113111805,187.19761144188902,41.95948829166181,,
8510,0.04233001337691841,0.10113175321782994,170.0908480998946,45.7389624863114,,
8511,0.040241364607133734,0.09979994287207726,207.08895249293974,37.07062634895599,,
8512,0.040069859549458194,0.09710811576989954,204.2234236122602,39.948718740002576,,
8513,0.040665074013539776,0.10222865290616447,211.57775166641747,36.9374584363413,,
8514,0.04154633903020784,0.10190017967285553,187.4591770254581,41.27656183148379,,
8515,0.041333644460862254,0.1014077869534847,192.45663833494348,43.189576403691284,,
8516,0.04013532431110121,0.09933971490411457,212.84986481642076,36.7446478203537,,
8517,0.04013210639272893,0.09936598983622556,216.86397788995384,37.857165745362785,,
8518,0.04003599953739021,0.10153838578235651,247.92358709886304,29.98431496322553,,Ambient RH low
8519,0.04055550956256943,0.101036871814135,207.98786821202296,39.417749509632465,,
8520,0.04057759312022952,0.10040927037691696,198.17118679312554,39.411848360952035,,
8521,0.040185165987072335,0.09969564442404022,213.11405805093088,37.519168289849596,,
8522,0.04030256051186471,0.10003739614699522,208.2100491024728,38.3036557253298,,
8523,0.04050090976685003,0.10021821145173068,200.82251889596594,39.73992007212918,,
8524,0.04117173935138421,0.10268914804103642,203.05069482625186,38.88435278439513,,
8525,0.040712936295672415,0.09701926645608255,166.50587565514766,47.01115340662893,,
8526,0.040375809943591655,0.10125141786063982,216.90238573633232,37.53071086598651,,
8527,0.04082080861315022,0.0983359822328309,174.29223310041874,45.09451986120324,,
8528,0.04107635315089825,0.10144667446744791,192.86925611650375,40.12579836740233,,
8529,0.042936868368887667,0.1038056388325786,184.85296098263163,42.43556813609258,,
8530,0.04028205641497166,0.09800803620641277,192.76143954730733,42.02787825132202,,
8531,0.04001793039085534,0.09834321317532188,225.56044874634117,33.810074990881205,,
8532,0.04033977108436772,0.10110892941315987,212.48988593692448,35.704704815587476,,
8533,0.040452576085487,0.09937289639690769,195.60646623941523,40.933819737975,,
8534,0.04063577173226625,0.10222235469122706,214.3310088037024,37.42498954305761,,
8535,0.04098412595850623,0.10143879646802467,196.75395445290548,40.33909931229364,,
8536,0.040425954724441646,0.0990308432145043,196.3830050052763,42.24861435714266,,
8537,0.04004181742412991,0.09680270843996178,206.35920130119106,39.05585451526727,,
8538,0.04001026883519599,0.09877061779184856,238.21979950606737,33.50374633657023,,
8539,0.0418593743122509,0.10217060817009671,187.1583568092287,42.821593897261366,,
8540,0.04076697761225678,0.09973753876419453,189.46380675617112,42.84897008477882,,
8541,0.04006750040867154,0.09826862315859292,209.7255542926124,36.064406032471624,,
8542,0.04063529380746455,0.10120429638043901,206.37667428782842,39.528486117713754,,
8543,0.04108029011042822,0.09984486536599368,182.55515879188445,44.27510009239678,,
8544,0.041260185776368204,0.10085130071992425,184.4203538662796,42.22085020697169,,
8545,0.04000361802280887,0.09832515052174305,243.5303893738387,32.95158870687656,,
8546,0.04117073199498481,0.10151739308247643,190.08904316412873,39.96005766275335,,
8547,0.04061482409001839,0.0993709867415615,192.9524284143394,43.28018666039237,,
8548,0.04040388908034149,0.0987925749593883,194.61039304691877,42.246554295685364,,
8549,0.04214403925063105,0.10314153766795882,189.30083661101497,41.320976058368245,,
8550,0.04055509889521527,0.09997550517038169,195.19185444539565,40.022551729212914,,
8551,0.04288695392823103,0.10378122526832691,186.1847960524914,42.68271658563129,,
8552,0.040836851205984445,0.1002330063117434,190.82133079965737,42.00103139384847,,
8553,0.0406321090090331,0.10030397071302811,197.6279148098726,40.73445743176543,,
8554,0.04033924942846391,0.09873182490227339,190.5111011686088,39.41995574269189,,
8555,0.041933368397338446,0.10096157541074273,173.52485901825855,44.50584647753114,,
8556,0.04109482905519512,0.10263271833883243,206.42246668844248,39.4092432930655,,
8557,0.04061365493060717,0.10066795761140637,198.2769929772859,38.87131794197988,,
8558,0.040223025025073994,0.09755091031602178,188.90524877451668,40.85448736738673,,
8559,0.04025796477179664,0.09934513886023295,204.74077313668218,39.0110496834208,,
8560,0.04074614762835881,0.1017878105253173,210.50296313114046,40.03642273093706,,
8561,0.04026710313423193,0.09838798845072222,195.90124984064883,40.81970346399611,,
8562,0.040066693420731464,0.09775548939281795,207.23160256588628,37.58737772574376,,
8563,0.0410956628842454,0.10160710126944981,195.8404959512538,40.64098024569381,,
8564,0.04040465317645279,0.10127660986852992,212.251408354142,36.48827027786211,,
8565,0.0403440765543252,0.09788825639231699,187.02131120812948,42.3967355498983,,
8566,0.041036511131378656,0.10154774309408354,196.55285730625417,40.42927352342056,,
8567,0.04070977849731132,0.10039236959418726,197.07975157713705,41.44998873179784,,
8568,0.04010010251150104,0.09693108414938309,197.5552727470523,40.83698662689724,,
8569,0.04021917364348654,0.0985358794810907,200.42964222253613,40.01708650416346,,
8570,0.0401452614951875,0.0984023829792568,206.94820175115177,39.71779176729647,,
8571,0.04054783247933687,0.1008190762300087,202.10088921334395,38.24204767947362,,
8572,0.04013094621519856,0.09847929723635526,205.87572350506025,38.19932528038435,,
8573,0.040488860904077856,0.0999552990106208,200.84420994942462,40.7629669302403,,
8574,0.040399836003887746,0.09985097582164366,198.92843124196688,38.557382238901305,,
8575,0.04112100819340733,0.10204697500211225,201.37590011949234,40.78227250583295,,
8576,0.040100651233885544,0.09987763627225421,222.76317734547467,35.53315854738149,,
8577,0.04010469067069659,0.09907597713217776,212.3760751996997,36.01376653185726,,
8578,0.04179492407145131,0.10059916077352878,175.53445442277956,45.73018676975123,,
8579,0.04013934082100128,0.09596739779523832,184.53140549247144,43.26206481563774,,
8580,0.040467434149194556,0.09953152146275827,195.35725638789495,40.41012566083248,,
8581,0.04012023996095889,0.09986973943652219,223.1408004179063,36.95546177979813,,
8582,0.040699712024029035,0.099742306412771,192.28932948717707,42.733005943559604,,
8583,0.04050352344572927,0.10067517505175128,203.7881277244256,38.6332578008949,,
8584,0.04146670115676451,0.1028698060018587,200.58553973419157,40.412744983591786,,
8585,0.04023858349423835,0.1005018737781579,213.94962337048364,36.00151808023747,,
8586,0.04161462962652709,0.10121846795979203,181.62359707664552,43.18593681171601,,
8587,0.04113866797492889,0.10185327055559563,199.7074302347049,41.34507108626248,,
8588,0.04082070793473256,0.10330998432131155,218.83336758123266,36.777725916495854,,
8589,0.04011510574638804,0.09670990838888682,192.64078868929806,41.14848063636335,,
8590,0.04317232126345153,0.1044693534654227,185.2640091588694,40.93699807748651,,
8591,0.042356591333611915,0.10297947839283098,183.73974839327465,41.83423646060064,,
8592,0.040086790582861694,0.0988336345472435,217.61937066060997,37.756516029998465,,
8593,0.04089010276063121,0.10061229725193806,190.45886402279942,40.81485702931107,,
8594,0.040292488366546024,0.0999297072438782,210.38527419821216,39.28626840256568,,
8595,0.04000692281606463,0.09867161815044856,238.49799815611073,32.28223194975555,,
8596,0.0404259771868807,0.09916600639715412,192.7241344338218,40.30502535108671,,
8597,0.04287515317896511,0.10047638413041628,156.635533530632,48.14235043678084,,
8598,0.041436032982515816,0.10034393174516368,177.48633311567764,44.14624094420152,,
8599,0.04041088806259403,0.09939035826957168,198.22393049702123,40.80296655144695,,
8600,0.04016231317102085,0.09932972343055368,210.4767018042334,37.32566189085311,,
8601,0.041821244292245305,0.10230862517946718,189.2875418609558,42.56308880888975,,
8602,0.04016955471322101,0.09957120748383926,215.64690369652504,38.321160507393635,,
8603,0.04139959099666264,0.09962017718510885,174.17103843386172,46.08790867676189,,
8604,0.04090565832397492,0.10011909659152152,184.1655336028783,41.19753145457141,,
8605,0.04026464762014344,0.0989417975280317,197.18934479519376,38.51773664193896,,
8606,0.041042063877029925,0.09902466774546011,177.5023974831468,45.96900291767785,,
8607,0.04069218277515137,0.10147623497732476,205.2951385826499,38.81840581681102,,
8608,0.04042324382144882,0.09880985432633524,191.17153651958697,41.413618196691374,,
8609,0.041074614851208086,0.10069000784908354,190.55260177711332,42.94229718631053,,
8610,0.04010792243847981,0.10001354325535948,222.35686905448512,35.21791938948544,,
8611,0.04052035662987763,0.10069159453907922,212.15706814704163,41.85485988354223,,
8612,0.04044323242580045,0.09841015756286506,189.5083704532241,43.22173462584743,,
8613,0.0409735613615203,0.09959812937233165,182.64428324786968,44.11210057802486,,
8614,0.040935168412902304,0.10138760966759894,197.2593170337002,40.10039344500908,,
8615,0.04058715240347193,0.10107194280991755,206.8104974973439,39.43943950956238,,
8616,0.040101959396159834,0.09729899520696005,200.7678283813192,40.31986286293643,,
8617,0.04007800868089808,0.09964526849043254,222.86863884069265,34.98246633720897,,
8618,0.04438537964450701,0.10222963968793516,152.04638268589733,47.17969899962671,Paste volume per aperture high,
8619,0.040470741688693294,0.09969710267014574,197.2920924629189,40.3654483074979,,
8620,0.04017769743163991,0.10047207233037887,223.24399496557402,37.01647545224629,,
8621,0.04048019604684863,0.09948747618867342,197.70016567686451,41.727869973781324,,
8622,0.040108740070499006,0.09820829698780462,205.65071594914176,38.098000459746174,,
8623,0.04217240042717412,0.10179074461571377,180.72739694030776,45.05367796250121,,
8624,0.04023871689513768,0.10173219764488364,231.3159658914625,36.18980189021876,,
8625,0.040390288238411474,0.10031546903358873,206.22385121603529,38.65107473062288,,
8626,0.040826147685087216,0.10218055756230184,209.871086385718,39.15375197869304,,
8627,0.040337039776389194,0.09982716339936647,205.89381361332607,39.4946536054086,,
8628,0.04003213935289496,0.09844519185128603,221.87912858942784,35.10460759531713,,
8629,0.040088551753684865,0.09641017319326076,195.79048003777257,41.89751917416775,,
8630,0.04102778036214793,0.09909527621183135,175.22224698132618,44.638736456710575,,
8631,0.040713203384975256,0.10153562511146881,205.2065089426745,38.85052114868681,,
8632,0.04051640702326662,0.10341193127167003,228.91074615295352,34.54224143165924,,
8633,0.040959493151969346,0.1003082854744676,188.88412216354945,42.69275042203087,,
8634,0.040704860590585486,0.1020379313286355,209.713212858493,37.87564148245838,,
8635,0.04014788939660867,0.09879529287703515,209.26381863506666,38.771228495503195,,
8636,0.04065806990997772,0.10152742860137974,202.98627655505962,37.172310733771035,,
8637,0.040399203636714114,0.09978885133519994,201.58979736721372,39.781098934230656,,
8638,0.04025348163075406,0.09889771269157734,200.69112611633398,39.5921952826266,,
8639,0.041936990485078825,0.10251054842048117,190.21940881271104,42.944362373931035,,
8640,0.041931489417801,0.0996082649767048,161.62310261976359,46.82835636466746,,
8641,0.04006829476807354,0.09713313291162716,203.685284878734,39.49353295982646,,
8642,0.04039362888921153,0.09766558213463604,182.43393785765764,43.1427439997077,,
8643,0.04001421988960899,0.09824840499068559,231.3849007638526,35.17110271781764,,
8644,0.04068442269461908,0.10078091212424098,199.29683352224794,39.93018876912738,,
8645,0.040151182775065034,0.10157675806030232,233.03146656586662,33.88540211043411,,
8646,0.040143782190616525,0.09802909828223415,201.5003947083927,39.522367230788404,,
8647,0.040856849861089665,0.09820517145243059,173.34072400093078,45.92485733062147,,
8648,0.04037176183963392,0.09960472423217648,203.65738699114624,40.708933993636094,,
8649,0.041545444129424854,0.10311037801855419,201.77818029204758,40.47308606420969,,
8650,0.04011011805925331,0.095585431114368,182.6537407216897,42.74422098721516,,
8651,0.04030813668172666,0.10054425662547559,207.1086625595059,35.63195168171515,,
8652,0.04020857160170781,0.10019540182507002,216.3746247598332,37.21628680806946,,
8653,0.04022286719197739,0.09854660090970675,199.68405943998218,39.84127994444638,,
8654,0.0400573860807632,0.09941425578812445,225.39820243788174,35.04555143578939,,
8655,0.04149107452089287,0.10040787164251383,177.99197938523776,44.58630897116155,,
8656,0.040179379939258256,0.09725300664328189,191.0658829592517,41.289416037471376,,
8657,0.04036686457972345,0.10167820147627903,216.05212493946132,34.937317481400925,,
8658,0.04011102023151048,0.0990627181291289,214.67657974404287,37.30061923912177,,
8659,0.04058615378677228,0.101503262886074,209.24760177962756,38.19665939833904,,
8660,0.043190392439427544,0.10213564687485394,168.1997705761406,46.30821519875458,,
8661,0.04115950570365296,0.10011809943338064,185.0973969138583,44.82503014219752,,
8662,0.04092746892143004,0.0985833855426971,174.16902856783688,45.394935924485864,,
8663,0.04037071058143027,0.10063606545958162,210.92978921026807,38.264919260960575,,
8664,0.04023422541735789,0.10080618868483372,217.2575611204862,35.54228881444943,,
8665,0.04141681647977512,0.09978772175253389,169.54720954019965,43.82976511460739,,
8666,0.04036691915039525,0.09953218796336748,202.16514042092598,40.407120664286886,,
8667,0.04094130238133892,0.10234782250059818,205.70084065252178,38.52422518308273,,
8668,0.04092684966723935,0.10000507226706054,188.00952961440558,43.401173755783475,,
8669,0.04053075250512281,0.10131405815076784,209.4105326859311,38.089244280511,,
8670,0.04078323482092447,0.10128759416196094,199.2026788995473,39.050080799004434,,
8671,0.04118834164124423,0.1024184136239691,199.97177032575286,39.30315994683916,,
8672,0.04065297463385974,0.10114050075708754,204.15537019917838,39.36532212646695,,
8673,0.04085918182105763,0.10380437494384492,220.67837249717905,35.60971382633173,,
8674,0.040110630036024573,0.10070411154797988,227.876563810548,34.00311151503138,,
8675,0.040356907075199865,0.10020524035627151,205.81471059684725,38.179326899855106,,
8676,0.04085346485569955,0.10145025119441578,200.38437757733772,39.739240603138505,,
8677,0.040051561490277346,0.09595156729219124,196.4508817686361,40.90991789726648,,
8678,0.04151911723261467,0.10397489924969637,209.40874548984385,38.7234537648189,,
8679,0.04419178253223614,0.10052455789527137,139.82232609904145,50.04883969376879,Paste volume per aperture high,Paste viscosity low; Ambient RH high
8680,0.04003008545193925,0.09660387297396086,206.9333865964069,38.36335380182338,,
8681,0.04027796382786962,0.09846679983900145,196.95190750252564,41.160405899233965,,
8682,0.040047297463661535,0.09775876617934041,215.05508329830408,38.22713116455714,,
8683,0.04158533204105478,0.10173772803181516,189.76671551556635,43.26321088097618,,
8684,0.040664325510857476,0.10168747607083316,211.25291301159848,39.42460389662388,,
8685,0.04077134374575854,0.10161351811346155,203.01038613455367,38.63366516541191,,
8686,0.04005013254628812,0.09768623765855355,210.52642931438817,37.32660720291527,,
8687,0.04096306847290432,0.09838993733167092,169.8389010241344,45.289475932048326,,
8688,0.04084420834622199,0.1002896461801779,191.79711282671406,42.18055436336572,,
8689,0.04226923885735578,0.10173018776287654,175.6121313994833,44.31833598024248,,
8690,0.04001060223425727,0.09737084966150843,225.8875716614628,36.06494909226524,,
8691,0.040044353551570704,0.0973714579616985,211.8439252788983,38.586507989121294,,
8692,0.04100689196956221,0.10128410312637762,194.46838455491513,40.581645745548435,,
8693,0.04004785046960109,0.09634508639021873,200.16931685734522,39.873781888537366,,
8694,0.0420013387692857,0.10079826989984984,174.17538317195292,46.11137176031246,,
8695,0.04054500381898796,0.09895433697679902,189.3764991503015,42.705779911263,,
8696,0.04036146671543848,0.09855928252307479,194.69699842785133,42.32957275715836,,
8697,0.04051836721229629,0.10029783193190463,198.96844263299468,39.06289151973502,,
8698,0.04043803316828044,0.10073541293244553,208.71927599156803,38.64672424958548,,
8699,0.041162867680795454,0.09978541834545324,175.35130910193226,43.033723988076595,,
8700,0.040814810918129066,0.101487351907693,201.49967398734344,39.37861664197317,,
8701,0.0400753298731796,0.09842472860624261,214.5654702255241,37.72216609953147,,
8702,0.04090265063116112,0.10091230369057688,192.64128171940987,40.313451670142726,,
8703,0.040708856035205826,0.0998504627316234,192.6372168654569,42.48536098670306,,
8704,0.04030117289992805,0.1004975068257217,214.20119912546505,38.15304027779145,,
8705,0.041385236597523786,0.10256025891322611,203.7799243085336,42.1770780225374,,
8706,0.04059582883257891,0.09871572682956108,183.45076797912105,42.74328391790197,,
8707,0.0411169413231965,0.09978478878896861,180.81664258508184,44.40759587661062,,
8708,0.040039548036025566,0.0995800900035723,228.27806648229003,33.04915983734739,,
8709,0.04025703446513053,0.10250050980199137,234.1093589204858,34.09745394214228,,
8710,0.040886098222322226,0.09997814254682666,187.76464126831962,42.87096324142306,,
8711,0.04013627212766819,0.0984528853776386,210.30769595823656,40.183872700368156,,
8712,0.0401886416963954,0.0969664928562986,187.13956001157112,41.6880685092618,,
8713,0.040063478228579134,0.09950105220727948,224.0021620419405,34.75999736076661,,
8714,0.0414101987768378,0.10524421722570279,220.3785411314568,35.332751818175055,,Stencil thickness high
8715,0.04032816423134292,0.1023827305498197,224.55601256551176,33.48421276368012,,
8716,0.04021492491486369,0.09951775245500334,208.06947235364143,37.80677518155415,,
8717,0.04313524555608744,0.10335836399473809,180.08303214888207,44.23510993198978,,
8718,0.040656061412838826,0.10150801393776138,205.7106798404175,38.19243109426243,,
8719,0.040001776588371236,0.09944103293472564,254.70878359119115,28.671549858684507,,Paste viscosity high; Ambient RH low
8720,0.04184017537979985,0.10201277395790898,186.54766897632243,43.1965403563638,,
8721,0.04021437352997442,0.09789464139185304,198.8525712107885,42.37540246381249,,
8722,0.04048166517375866,0.10096597554068369,210.46662266615073,39.1209180915141,,
8723,0.04076604567725483,0.09954216344446055,187.49367764444403,43.08309608720261,,
8724,0.04009639611893998,0.09983346520890744,223.1364508728889,35.581761833901034,,
8725,0.04134364449012835,0.10096777485804188,184.50280615538108,42.61855108608426,,
8726,0.040106369504847625,0.09988682093999622,221.6144720109362,35.46687505563257,,
8727,0.0403215893533806,0.09911183236990773,199.15966207010146,40.13928407318389,,
8728,0.04044459341883569,0.09824193467550704,187.18610447601114,43.246120161057675,,
8729,0.040245780392984064,0.09946265291039437,204.3445982817453,37.8866755850251,,
8730,0.04060670710153404,0.10123776010301616,205.01496363953515,38.36851632958462,,
8731,0.04066088662966981,0.09982255593268352,188.5960618584964,40.38071718979955,,
8732,0.040312453369940084,0.0985288907281121,191.64912902932713,40.0411222183996,,
8733,0.04082430719078368,0.09958753812321869,185.00910960301778,42.8816525913805,,
8734,0.040029122588213034,0.09742821731855966,213.47736968692087,36.51183877889682,,
8735,0.04204343312679734,0.10085969822016326,171.5812073562908,45.25664156093258,,
8736,0.04000042215767696,0.0964210533783577,239.63993669856345,32.75549945205994,,
8737,0.04237406898869862,0.10354438934670974,190.31449068665495,41.55982917805457,,
8738,0.04023364351366869,0.09966957929899126,210.08252321620031,38.48106171789762,,
8739,0.040435581609713736,0.10043827945922656,207.60626932413467,39.6330433083005,,
8740,0.0401019841606756,0.09701906805530537,194.09751243579032,39.320331448187645,,
8741,0.04008665202462747,0.09847154927474995,212.95572957676353,37.84965767836502,,
8742,0.04011749745091922,0.09930214996070667,214.93176628663738,36.63602492666287,,
8743,0.0401137039222451,0.09732671453426642,197.51194841401963,39.800257295211544,,
8744,0.043043322573566814,0.10226398017953699,170.12642781078932,45.40326532410624,,
8745,0.04070606100823522,0.10215613646679005,210.98034832651518,37.771603616156696,,
8746,0.0414735560996737,0.10147674453434286,185.12581839308552,41.75910857661995,,
8747,0.041566357253516734,0.10109498177921124,185.64449844058282,44.72627177938576,,
8748,0.04011221063445387,0.10104950895952486,229.95378129619093,33.16733815314619,,
8749,0.04063776311250151,0.09959549833826739,188.56781396255684,41.061396376456514,,
8750,0.040181939922849526,0.09836712644666411,205.33786781938963,41.054544982763595,,
8751,0.0408190853277462,0.09935793349704977,183.34073882997583,43.32386203021659,,
8752,0.04000472011941481,0.09714793568362183,229.06007845231366,34.64792165261937,,
8753,0.04143010538164469,0.10059088083651803,177.31541802301297,42.83052944334538,,
8754,0.04171315188840322,0.10433790881863285,206.5611635751512,37.856772185133885,,
8755,0.04151503762190832,0.10333132779422029,201.44201396019506,38.98040101745647,,
8756,0.041072199179752106,0.10112352707706074,190.25243378451634,40.71133124228117,,
8757,0.04034149917479594,0.10106363111896048,216.26426445740137,37.30291364154648,,
8758,0.04062571563514612,0.10173706933601502,206.79714150822878,36.93103859800429,,
8759,0.040334359672282306,0.0980822795776535,188.33741272368934,41.6556975928609,,
8760,0.04045467700967789,0.09914129905692534,189.03348939036647,39.780655631764326,,
8761,0.04071614313871439,0.0998982661157645,193.47514206828168,42.670390912551795,,
8762,0.04063378312772827,0.09769017717742425,171.73429708692615,44.256201809460954,,
8763,0.04035335953148402,0.09862755208900803,190.19104910982756,40.19431934597949,,
8764,0.04019914635007259,0.09792382278931008,198.508755509111,41.51047515270097,,
8765,0.04001554560473925,0.09779527838145147,222.40925933323842,34.63169446434106,,
8766,0.04058545657032275,0.10070383142744527,203.13433263421408,39.88887502184168,,
8767,0.040465475492595056,0.09777422359088478,183.93883117280689,44.82830238003932,,
8768,0.04205292759313634,0.10279107403486817,189.65912389257525,42.38410827816056,,
8769,0.04001437472758155,0.0980258007477421,224.74165570528825,33.95546115865328,,
8770,0.04016871574211499,0.10022372121414586,221.10542645554006,37.05603158553039,,
8771,0.04039574126559585,0.10016291533539233,203.81363227846526,38.67315551916413,,
8772,0.0403753344230951,0.09883580325931031,196.82452206772726,42.10496335545716,,
8773,0.040212117124497085,0.10058257268761317,220.83243827763584,37.057136016614,,
8774,0.04011948623806572,0.09832482968036586,207.84926200224808,38.97888663566171,,
8775,0.04052601104996158,0.10231295842352066,217.5944205857333,36.054916986244045,,
8776,0.04006780952570666,0.09808654498136253,210.03207131530345,37.08129063548939,,
8777,0.04052997636364647,0.10403731208297119,236.21501593984752,34.37432515267022,,
8778,0.04052458455513758,0.09781843880276754,175.66844386154253,42.947385178628544,,
8779,0.040090961851497506,0.09830369537954148,211.29529951281455,38.40062272191405,,
8780,0.040015375354872276,0.09743902769173707,218.77225922699424,35.015112852890006,,
8781,0.042361284249884223,0.10343442977071866,186.4514939611654,40.629300927323875,,
8782,0.041335189090905555,0.1021963788369596,197.141945346807,41.04969151100052,,
8783,0.04077291782530132,0.10135314546203515,202.02810818457067,39.56969462750264,,
8784,0.04050395717673042,0.10021655979924166,201.25963302642808,39.965932257662274,,
8785,0.04035731823028037,0.10037492293716709,207.41120086943764,37.933769300715454,,
8786,0.040490906981490854,0.09997437760272347,200.65758654834875,40.648521913608064,,
8787,0.040137132315815394,0.099117148874003,207.9834656227704,36.200836305594834,,
8788,0.040251742134042715,0.09736328153625222,187.29711694239367,42.22027303093187,,
8789,0.040487295322217,0.0990239336354518,192.8898686370363,42.42268692008909,,
8790,0.040828126350246484,0.09962668925957992,184.64493680167993,42.62114648395719,,
8791,0.041862287243015835,0.10360417121505884,197.32453814457818,39.508545358614015,,
8792,0.040325055633057265,0.09843742345385705,191.6411926488643,40.84368853701776,,
8793,0.04025859021518516,0.09761870588385382,191.75543605093668,42.791369237293594,,
8794,0.040987228582390706,0.10281109670693907,210.46727818518409,38.589037579958024,,
8795,0.04104157408270874,0.10042501036064085,185.7768058171098,42.116604044837715,,
8796,0.041001843287510636,0.10085992963846153,193.21415900590088,42.12198411198377,,
8797,0.0411209577018894,0.10195480090856958,199.8752082424559,40.69746085619389,,
8798,0.04118231973772241,0.10207466646907329,193.60847756431014,38.64732022616322,,
8799,0.040534333074443846,0.09982458923300919,195.00349821405962,40.27400885825122,,
8800,0.0405085387490295,0.10050522972781557,201.58190635288008,38.78033818354437,,
8801,0.041353551556635997,0.10107168526448881,183.50485176698504,41.87247144553943,,
8802,0.040064681123302685,0.09818211230296284,212.46653056838957,37.17995339407847,,
8803,0.04051028119900106,0.10011981873952125,198.55110923580185,39.609147652226646,,
8804,0.04028311279664235,0.09984949839690568,207.94803972389965,38.52276025289436,,
8805,0.040859031607240776,0.09968790662606776,187.55363624747878,43.807990234956584,,
8806,0.040146321287247606,0.10025506638650318,223.7832310398721,36.761442585136244,,
8807,0.04020124018766097,0.09976908568299667,214.0787520259842,38.173904129553584,,
8808,0.04017853348677678,0.09998127390307447,217.0460713316942,37.237762222358086,,
8809,0.04006382040375998,0.09727846182005087,206.52086833218002,39.36379543042729,,
8810,0.04042315047099634,0.0984118539617504,188.636661228227,42.43991336564232,,
8811,0.040704542314233885,0.09979120559480273,192.3937322606811,42.61413024644194,,
8812,0.040696344035900854,0.10031950858583193,195.49004173682852,41.01725604508533,,
8813,0.04064266718984944,0.09875653218297425,180.53206317670964,42.36640376797507,,
8814,0.04067792598661028,0.09906815275519247,185.63026480352926,43.272508080507905,,
8815,0.04039052377301366,0.10119993077607871,214.13429911747681,37.17492685433732,,
8816,0.04068219748457756,0.10104540490419325,202.64703561466024,39.796649124368635,,
8817,0.040281956215440826,0.10079869423471415,217.9584614724913,37.4325810993051,,
8818,0.040021873136652224,0.09660686411528834,206.69025135133546,36.56041507463542,,
8819,0.0400248691087398,0.09870715897456273,227.66917541596104,34.490641564403546,,
8820,0.04079562701647471,0.10240387024881233,210.4540153502608,37.818026807760795,,
8821,0.04118086775383412,0.10209478435726006,197.55688275877984,39.92612571938082,,
8822,0.04079669298713098,0.10072531484045717,196.52695338297812,41.03007147454111,,
8823,0.04000284142188944,0.09648842257603821,227.28787970773166,35.10898214791545,,
8824,0.04002592930516545,0.09852073001325085,228.63245677473694,35.95384943315163,,
8825,0.041376991941742707,0.10571057052644936,228.50964939389038,35.59374087719385,,Stencil thickness high
8826,0.04120154535260266,0.10020113656047684,183.12400548289304,44.22667094528975,,
8827,0.04080728137358377,0.10004295209885629,189.7396463994613,42.093570167797594,,
8828,0.04078613258095549,0.09964089978046105,186.15968190212828,42.448661808299775,,
8829,0.04007319177640283,0.09881333097811734,219.07332148325847,37.24899208444083,,
8830,0.040508647084056965,0.1002730578699789,197.27887517860384,38.38596503230876,,
8831,0.04025158984235898,0.09798176083585725,190.30477289591295,40.288137265953,,
8832,0.042410652283488254,0.10143890268840365,170.5842550841702,45.05124171016165,,
8833,0.040150557945247724,0.09921391133274238,209.45868242459974,36.95235402609478,,
8834,0.04161607802105701,0.10203454516583142,189.28895192004325,41.961946766533146,,
8835,0.040825263726261336,0.10061984109311307,197.35523101357688,42.26482950712047,,
8836,0.04039806423417861,0.10030367976253825,203.02503832739689,37.772098899187384,,
8837,0.04028696739862772,0.09848841268068449,194.61346588869063,40.51414245064642,,
8838,0.04095778887925535,0.10131259602685463,193.1411059210584,39.31936735754568,,
8839,0.04007529088553129,0.09740260929099431,201.65669367674954,38.1022206994426,,
8840,0.04045544112398798,0.09796263691215305,180.2432077730699,42.390796468032754,,
8841,0.040591067504602986,0.09888857584636652,186.56174706539622,42.91696865003639,,
8842,0.040524015106693644,0.1004684607429369,200.17025656091212,38.77784558132845,,
8843,0.04209771895361009,0.09908243342466164,156.69125516548812,49.043918980626415,,
8844,0.04060951471193456,0.1012342868599296,206.2104145445606,38.8587017626975,,
8845,0.04023885303953435,0.09802134067562845,194.5474875425091,41.14965320294672,,
8846,0.04103097297947302,0.10067615045181694,187.89182578843045,41.51266642208883,,
8847,0.040853862195880934,0.10155588747116248,198.82238060345495,38.68350799266737,,
8848,0.04007824206269486,0.097490670012081,202.67428263221097,38.28623009096951,,
8849,0.04014589664583997,0.09977211518601756,214.7028893777596,35.868927638625195,,
8850,0.04007387390516154,0.10008266513516022,226.9889085688275,33.96914469712901,,
8851,0.0414450363718191,0.10066983221545076,180.62344501409433,43.77285904064697,,
8852,0.04159397675583928,0.10222905517948495,191.4473811089621,41.56749373519912,,
8853,0.040479442344549574,0.09979188684080285,201.5636062868499,41.60406546921157,,
8854,0.04002534604247442,0.09942921038809022,235.22709477576322,33.770002650698046,,
8855,0.04074355261219993,0.09885606279498647,184.48159007036668,44.97776551894009,,
8856,0.0400334884553879,0.09785915051789867,216.7616059070542,36.35894166411512,,
8857,0.04072408706408114,0.0999331470956338,191.2050965236429,41.83109372126316,,
8858,0.040992912452520965,0.10068790061506815,192.0517416531393,42.42479937653364,,
8859,0.04070912989706784,0.09993209615474782,191.13585982368127,41.56571332278334,,
8860,0.040129634890903126,0.10159824779973713,236.9923819416626,34.03627226160805,,
8861,0.0401709977652249,0.0996945094644311,215.7119227672421,37.81438795590116,,
8862,0.040167465702153154,0.09930198963229016,211.050075452757,37.903525727835934,,
8863,0.042417032859365676,0.10319993104482902,187.5567398314024,42.58037749384764,,
8864,0.040931940804387563,0.10058304328259973,190.21526143373072,41.45753349179057,,
8865,0.04167542017243398,0.10063494915538199,173.7234880962933,43.80354688783755,,
8866,0.04122790740084324,0.09920107911278295,171.82932093130734,45.38040122914846,,
8867,0.040335740646015125,0.09808435077466039,191.3465284757355,42.745913621092285,,
8868,0.04122540102366093,0.10116491002217556,186.48321152177172,41.03381362860565,,
8869,0.04026547294158491,0.10088148382750482,216.48271154885032,35.98112876552316,,
8870,0.040789852601553586,0.10299285182470286,212.22238765451095,35.507516125017986,,
8871,0.04021227990617999,0.09955667146721862,208.89783158317977,37.80888468908223,,
8872,0.040169081833728575,0.10069607488482991,225.62607935318363,36.38584866826412,,
8873,0.04001726063866257,0.09708110942418903,215.47988749712576,36.15908982144859,,
8874,0.04064909534720943,0.10037084098643843,198.79018930556478,41.12275061470492,,
8875,0.040354862481155426,0.09964724399561788,201.84252267363277,39.419183729471634,,
8876,0.0402343678597249,0.10150933783870615,223.50345849954513,34.354064167459896,,
8877,0.04003985762882705,0.09767460266880548,214.5164059587787,37.44445526702277,,
8878,0.04044347529635046,0.09977496229370929,199.26009109059527,40.07416927735132,,
8879,0.040860720701864875,0.10017496722737995,187.68065440489582,41.52418085724613,,
8880,0.04279488959904734,0.10487322045687122,196.67021772344492,40.46883877516465,,
8881,0.04100556630393497,0.10155375026001608,194.87977540221553,39.40655687286729,,
8882,0.04037965723454937,0.10069893382776363,207.1804202500942,36.867864431058216,,
8883,0.0413967599649372,0.10109310896882238,184.96562733539272,42.750166710944676,,
8884,0.04081195862486793,0.09875101629780803,177.7853432605558,44.18834980355613,,
8885,0.04033130971557158,0.10042138322568453,212.39699575316766,38.75863220355134,,
8886,0.04004110742284324,0.0982403060645351,215.37759909339266,35.19312955187677,,
8887,0.04002393201404309,0.09938439371071567,232.4071889532725,32.686941891692584,,
8888,0.04027818959711499,0.10104963523275824,218.17400240650088,36.17695901686652,,
8889,0.04064472405456231,0.10049710292763245,196.68694752279035,39.69354759297868,,
8890,0.04130509567070285,0.10035533967121234,178.7183699267315,43.110958452840386,,
8891,0.04121495823149354,0.10340544706710007,206.71081256618268,37.22468603311792,,
8892,0.042604003729561385,0.10082919007478006,161.88740323047807,46.3711203347545,,
8893,0.040466663260205725,0.09856816655139021,187.42532313864626,42.248772890012816,,
8894,0.04053164585457094,0.10063541418279083,205.16057617932915,39.88649476240754,,
8895,0.04006271458982343,0.09951114889686061,225.09097702271262,35.019622973956935,,
8896,0.04029046965277863,0.09875613525216008,195.24996630691638,39.55368809731648,,
8897,0.04023849878548298,0.09925784103890652,207.69765815043607,39.80302363437868,,
8898,0.04031395587537949,0.10012277742831555,209.2158020296691,38.5826576180382,,
8899,0.04115012515715338,0.10223267610620977,199.85329789860108,39.70219123385995,,
8900,0.040738274146383556,0.10179037457097581,204.4103603750069,37.74768698864622,,
8901,0.04171601273911203,0.1003307702169479,172.91182647242374,45.370775442294885,,
8902,0.040161835273047855,0.09930085093837765,210.84611705428918,37.5728167031978,,
8903,0.04115999041348918,0.10190349664183777,195.45624273903113,39.859862208982605,,
8904,0.040158974462309774,0.0990264942918582,207.43588819425418,37.55811196452379,,
8905,0.040222586364440475,0.09877765650805619,202.5734117227362,39.73394932715228,,
8906,0.040656235960761615,0.10204843089741626,211.7044536873049,37.699397029993655,,
8907,0.0402668599427528,0.1020691499511119,228.03423841695087,34.36451734150492,,
8908,0.041986433008977184,0.10294816920826434,187.60163968566115,40.33397725034637,,
8909,0.04012445417043429,0.09997493525822321,218.81054560930332,35.16738088937617,,
8910,0.04236489556986437,0.1012801503990278,171.8115025968965,45.899824595695726,,
8911,0.04250524865278338,0.1033753170492523,189.35827367188028,43.03417738087207,,
8912,0.0414496825864822,0.10064708853908848,178.18684810138558,43.07146472404281,,
8913,0.04127814843214065,0.10137803495115066,188.02327577719439,41.15091894592846,,
8914,0.04068313017375788,0.09911445523014664,183.19662177021462,42.27867435614345,,
8915,0.04045261152637015,0.10078918532512103,211.55310808837115,39.71870081916689,,
8916,0.04020390078777628,0.10123961220718926,225.696764027479,35.27541241417434,,
8917,0.0404202626681359,0.10031622064690378,204.64778236656161,38.820301889889464,,
8918,0.04026521016261074,0.09846828620302106,191.87930047933958,38.950364472110955,,
8919,0.04045307229695591,0.09923899912831276,194.07256979043677,41.05066190522906,,
8920,0.04023339287626694,0.0997476347155096,210.049174049055,38.08310401061606,,
8921,0.04110352359413087,0.10019615798321559,180.51230476622305,42.14696801448442,,
8922,0.04107999049407915,0.0978917058791258,165.24101515825387,47.59862403520645,,
8923,0.04112870373383892,0.1002398446261396,184.33762303378037,43.595595893866516,,
8924,0.04021506337999768,0.09997998937271879,216.24100480310568,38.462191246087265,,
8925,0.04009637494398996,0.09802136336422547,208.68211150209544,39.23513655926411,,
8926,0.040317523511354585,0.09822738559912855,190.721175362267,41.31787954408011,,
8927,0.04362409203325983,0.10357236242722426,178.1611840105482,45.58386680480294,,
8928,0.04224773019750174,0.1019623151738719,180.9842754764228,44.921583967151165,,
8929,0.040317665962902115,0.10279496621442927,235.79867273442653,35.15961946209308,,
8930,0.040880239209925416,0.10086092574082929,193.0007379758884,40.36944851219271,,
8931,0.044898283925319575,0.10401205696229318,164.27838018078637,45.55837777075511,Paste volume per aperture high,
8932,0.040306740124280746,0.10142253082582961,222.97198693374796,36.94474191012583,,
8933,0.04017011162644013,0.09908125871965003,204.92853400205914,36.931809610703915,,
8934,0.04114145822378568,0.10091637826507942,190.8226838012306,42.77050257132402,,
8935,0.04073374322540313,0.1008683686580785,196.69220494164384,39.405752822662684,,
8936,0.040058595751206856,0.09591471469715196,194.52268868379454,41.18748573644708,,
8937,0.040653514306937255,0.09930845945268214,186.50205753507396,41.99719142304855,,
8938,0.04058978743642009,0.10168050741485399,211.7512407906134,38.29202704515579,,
8939,0.040256466879272035,0.09905356202637577,204.1765553682763,40.170270630723,,
8940,0.04005827049799326,0.09786220630951278,212.45118474043588,38.07001921326423,,
8941,0.04009165793586987,0.09852656747149752,212.00297819754707,37.62500481608502,,
8942,0.040001351341163886,0.09676039565360076,236.18837693676954,34.0494328754797,,
8943,0.040454928862968476,0.1023762724845515,223.7023653705456,36.389678434452506,,
8944,0.0404352585541005,0.10016002053069302,200.51122077419322,38.46643151300377,,
8945,0.04128906838779596,0.10085986738684809,182.51088105038394,41.832295072691885,,
8946,0.040599133787290326,0.0994012840070137,187.0552932243578,40.7643272465358,,
8947,0.04003554139203944,0.09911088981217252,229.25784738711465,35.054185367019066,,
8948,0.04006368783522681,0.09784195479234756,210.87816208591528,38.16572574407573,,
8949,0.040470603174661696,0.09998594428590818,200.7137572200442,40.174235095092676,,
8950,0.04003080457696944,0.10008909089033963,240.06545509697165,33.34508540683658,,
8951,0.042151996462062864,0.09987302063527798,160.99818130238074,47.191198785547705,,
8952,0.040337416353378744,0.09861659338373101,194.5491834694537,41.350928665988576,,
8953,0.04050511075604429,0.10158125838155606,214.2671583097708,37.98625749963706,,
8954,0.040673516144940094,0.09941792276899482,186.34461153685186,41.759199000532476,,
8955,0.040095048443960654,0.10035380522344386,229.1267267503481,35.08539717580818,,
8956,0.041749931195922844,0.10047283460519732,171.82562911032045,44.61768165786709,,
8957,0.04060067997691838,0.10068690959447603,202.93281905830506,40.18399457470603,,
8958,0.04043561298902645,0.10065429308249378,207.89560425506778,38.692185669810094,,
8959,0.04097457627504334,0.10195069281575703,201.51882386351912,39.41931497066589,,
8960,0.040468806035659985,0.1000187083120228,201.48695016806306,40.24934849575721,,
8961,0.04082633241142199,0.09933821433468318,185.23206482409086,44.195272314582226,,
8962,0.040172060828685414,0.0991722559519459,209.45642069770543,38.178727154408406,,
8963,0.04043982224302117,0.10192889182809314,217.45694418603705,36.00469605324256,,
8964,0.04004334871366808,0.09785794596182286,214.9704181374779,37.20521635100591,,
8965,0.04068109239475722,0.09873986596128803,181.00773808608102,43.28150215196948,,
8966,0.040204725069987936,0.09897704903635722,203.23500327052523,38.314108917869326,,
8967,0.04056291764769679,0.10099909446229753,205.91551197742703,39.01310376460407,,
8968,0.04126141255702734,0.10168113045266362,192.86191691869703,41.2041578181967,,
8969,0.04025145761697068,0.10100442451041938,220.1928730837962,36.22582073222695,,
8970,0.04009369629022408,0.09906535196730376,218.7543924314433,37.553170783989756,,
8971,0.04018777554220742,0.0982176384035157,200.70169028546036,40.39189214113926,,
8972,0.04031056821197408,0.09961295693146231,202.28246217441833,38.50022954400972,,
8973,0.04032321015883366,0.09962564787283586,202.56799297326404,38.905788769303705,,
8974,0.04011115528197545,0.0974600926363871,201.81401831572776,40.51364663221227,,
8975,0.040285494073898837,0.09870626089380777,197.24941410980222,40.34580843075341,,
8976,0.04016684355933917,0.0995532596740359,214.90922541399775,38.022381308281595,,
8977,0.040004662972625844,0.09775592512727248,231.3317565254008,32.46020352434385,,
8978,0.04004841883885801,0.09706308221998292,208.07050080740922,39.26301318368941,,
8979,0.04191414407361747,0.1002643119766958,168.0390325395016,45.770680705185306,,
8980,0.040169808440573114,0.09829377292624507,199.1262977668815,38.67530693807583,,
8981,0.04033748817076834,0.10144530298243175,222.9377730013444,37.70310606431681,,
8982,0.040498498148349805,0.10078197455804959,207.23940616152314,39.229669138937716,,
8983,0.041079767397180875,0.0992017418299003,176.3878205198738,45.19959641952704,,
8984,0.04072899006990868,0.09950381897201843,187.5947309132589,42.71136311113552,,
8985,0.04164654570196033,0.10071905478151934,174.12536928719368,43.26234932726844,,
8986,0.04030931621643404,0.10090345345424166,218.49390945806033,37.948684946547345,,
8987,0.040443524652958085,0.09999378121757406,200.33101937102848,39.39595207018541,,
8988,0.04007779644294625,0.0974108630494371,204.56758063699635,39.30256559536833,,
8989,0.04033741477832244,0.10057446661866583,211.49863295190028,37.87213444929027,,
8990,0.04053136868365658,0.09914896350983761,191.64130226632912,42.29234033354141,,
8991,0.04001460229782602,0.09736970850951136,218.16439936209568,34.88151963177222,,
8992,0.04005256835477331,0.09882219975488961,220.57813155964251,35.67062743462918,,
8993,0.04013711807620218,0.09824074577380675,205.3858394617348,39.51784346631229,,
8994,0.04032901759381521,0.10013589871968487,206.13104433139557,37.86250357376449,,
8995,0.04123875124997755,0.10039519877239987,178.2788927730682,42.01197740214373,,
8996,0.0403697350806289,0.10135520598936036,216.5217293119923,36.738256696765816,,
8997,0.04141673974238183,0.10142617460594856,189.12955404197683,42.82253836418,,
8998,0.04001044518155081,0.09665293503186644,218.69076311923797,36.92410024710343,,
8999,0.043285396295671394,0.10372069933897887,181.82767460644524,44.068144165977365,,
9000,0.04075282155964322,0.09957177561294861,187.5491792716055,42.75034137364178,,
9001,0.04038688195046497,0.09980220161734785,202.7494902554175,39.819672343481066,,
9002,0.04028990692572158,0.1001491292286337,209.79903181206703,37.93980970856836,,
9003,0.040915048070250114,0.10114945555072666,197.95695582594294,41.21761612008931,,
9004,0.041368147416622814,0.1017217509584091,192.91194687493416,42.209410480358315,,
9005,0.040849707595673385,0.10114520680903256,196.90620774075086,39.930644574051094,,
9006,0.042005101332774186,0.10161526089231401,178.54727509673637,43.73885094130205,,
9007,0.041414706665034606,0.1017799480233082,190.71174528012477,41.65004405355678,,
9008,0.04006562404809806,0.09827210506875739,216.47126176421062,38.249465872354534,,
9009,0.040398829872759584,0.09782028840028328,183.834839018214,43.01807733202006,,
9010,0.040372374927894465,0.09863135131290002,189.83545805070256,40.55044505471183,,
9011,0.04008128196539339,0.09769319270321948,207.15331033898022,39.13842074685361,,
9012,0.04102496164625987,0.10079092056853294,192.389445903607,42.46717630963219,,
9013,0.04057373033723142,0.09936165199900626,193.9036052916736,42.89393893714277,,
9014,0.04046258038192544,0.0995464956512571,195.02106994488443,40.111950817760324,,
9015,0.04040916811708862,0.09823563632033437,186.48775607662932,42.199342735429504,,
9016,0.042269701999334545,0.10072166886223857,168.17061874916686,46.5688864063022,,
9017,0.040831056708183204,0.1004056376067704,188.7400388592391,40.34636414190414,,
9018,0.04010747419441282,0.10217018311302764,238.77907708373328,30.563642273658175,,
9019,0.04023723759152919,0.0991081465230946,203.03714222503532,38.836781048121246,,
9020,0.04000933373674468,0.09762837367447191,224.8825210210498,33.87264601786126,,
9021,0.04132046260877766,0.10069222199530888,184.47393885417782,43.68476817025809,,
9022,0.040013962080296714,0.09818600964671102,227.49368454552587,34.01019717917818,,
9023,0.040119377744170806,0.09995389183676917,221.1908048449708,35.809203642724384,,
9024,0.04114531416485407,0.10107011789830848,190.16967132620053,41.84400829063775,,
9025,0.040341666269124006,0.10037530647914743,213.42052364428926,39.62972272492636,,
9026,0.04094926092491801,0.09976186411115763,180.88868869748845,42.37220444246552,,
9027,0.041854086371493716,0.10191730283179419,183.86685546745892,42.83670268162249,,
9028,0.04035693771616005,0.10130149442128279,218.27267647866123,37.27947076348671,,
9029,0.04009156084529815,0.09951586995317327,215.5871525049115,34.102702843500694,,
9030,0.04058044241460021,0.09967148860424314,190.02755220283677,40.15701983862308,,
9031,0.040405670356764976,0.09946196492668419,199.85097696425677,40.90491158113002,,
9032,0.04012227708024634,0.10033301282759276,227.81625903988444,36.487701726539946,,
9033,0.041213612905045015,0.10015910330662281,183.18050394061152,44.590917709375724,,
9034,0.04063928433740659,0.10136345368644911,207.07652533805975,39.077480786711476,,
9035,0.04080930522798252,0.10251621116622506,207.98204936777674,36.61167566023506,,
9036,0.04101093695322778,0.10038480141518304,187.6000157053426,42.55620942289401,,
9037,0.04006947352778053,0.0986472185846773,216.9716941696492,36.97545731782997,,
9038,0.04209110609004479,0.10124902144689903,174.3919254791866,44.766859054618145,,
9039,0.04335798595220035,0.10289559027598279,172.4828336299426,45.21600495165792,,
9040,0.04071198534841718,0.10028631652284997,192.25522214248988,40.296497448840775,,
9041,0.04166033777200052,0.10102101640883152,177.95276177046932,43.28645796557308,,
9042,0.040210867406319246,0.1004428532578621,217.83797557546018,36.626950093563345,,
9043,0.04056572540274127,0.10009577647173298,200.49351491459532,41.51858187693945,,
9044,0.040860610853201695,0.10113065712914124,197.9250184503625,40.51995842104344,,
9045,0.040150792138472766,0.0977249769716296,201.76425653600583,41.44289407973855,,
9046,0.04012398061300787,0.09860791977886914,211.37523617712603,39.12098359171365,,
9047,0.04096565577208638,0.10070130195219831,187.53298140586787,40.40056184681619,,
9048,0.040671056106136125,0.10252265312418547,213.43227963881904,36.27450764343854,,
9049,0.04043336657686188,0.09865582170487125,192.32878452585183,42.802945610413026,,
9050,0.04028736251565732,0.09807517646694316,193.45797416226748,42.11526582824731,,
9051,0.040065704503037,0.09928286165935066,223.78884300191794,35.95577463351812,,
9052,0.04002833868755044,0.09663865501057375,208.62661493772387,38.466601777188785,,
9053,0.04043253133895565,0.10133571298294784,214.04182815832021,37.497232505627025,,
9054,0.04025475878218687,0.09944412461315064,205.92709333598185,38.84315095876532,,
9055,0.04014972844909683,0.09952317823094128,216.48906750090669,37.89711562218692,,
9056,0.04153928077258052,0.10067761363098071,179.84931121123336,44.42742246747501,,
9057,0.040763659973804676,0.10078772602849598,196.11571239595094,40.0699128347001,,
9058,0.040008504699258,0.09673135602938422,220.57188566253666,36.25853052565831,,
9059,0.04039757996177047,0.09789031818640498,185.5403592767179,43.25076788767651,,
9060,0.040594071784096915,0.09920006197672643,190.64282710604672,42.90823190101769,,
9061,0.04111118899016726,0.10123697854508672,198.36715980237182,43.513289795297226,,
9062,0.0400176771499053,0.10003123605648158,245.0517945513349,32.46023763496903,,
9063,0.040462796786016025,0.10179456371379297,216.02164994592727,36.665392283715555,,
9064,0.042178701581721566,0.1010345082496656,169.58904722913837,44.828371053847306,,
9065,0.04163710506972825,0.10216256192166263,187.33506117343762,40.85806435033303,,
9066,0.04031612834109663,0.09908072097619079,199.8122817176759,40.36244000282902,,
9067,0.04012541918363516,0.09805190807579861,205.6578639848862,39.87340981612581,,
9068,0.0406347160055283,0.10110049853103362,202.41012765985303,38.620044607806385,,
9069,0.04010455232322554,0.09784926412504016,203.24415504813112,38.70918663460401,,
9070,0.04001690715159153,0.09769004546091398,222.0155775251691,35.41934307781644,,
9071,0.04032583013257775,0.09825841712424098,193.5447817670813,42.40226947496404,,
9072,0.040394783527255784,0.09808953343355357,189.05483418175473,43.45928435224847,,
9073,0.041217739168406854,0.10234031533378754,200.86913415621046,40.342008969715984,,
9074,0.04021920655182859,0.09961968482572454,212.43531704750717,39.01821287049412,,
9075,0.040003359686472915,0.10020245294879408,258.2337753775998,28.764755331792077,,Paste viscosity high; Ambient RH low
9076,0.0415364094994325,0.10119084525441722,184.58487601229942,43.589860909557146,,
9077,0.04016859289506585,0.1002077926945189,216.74042963304112,35.58709565741282,,
9078,0.04048396147135279,0.09871869628590954,185.58229170539445,41.24745068545264,,
9079,0.040059648629209486,0.10207526251748818,248.2541399658419,30.49238573958546,,
9080,0.040063598379553644,0.09891886543572061,222.9517377735973,37.21405987951325,,
9081,0.04340251002500869,0.10236051017001585,164.9810851424941,45.432715169307016,,
9082,0.04047931460267205,0.10003239482233778,200.4141768752316,40.03369193507331,,
9083,0.04039391254484467,0.10077819204585245,210.80478993596026,38.122036961187135,,
9084,0.040088134057944785,0.09953882347595541,219.35912625982917,35.06605827244272,,
9085,0.04046429907026541,0.09931366733291948,195.6866112484389,41.50976054529423,,
9086,0.041857571522959956,0.10207485185156973,187.016253959073,43.21798335084259,,
9087,0.04019690598476783,0.09852331507348427,202.9179364321077,40.07830015847478,,
9088,0.04094203945190367,0.10006090640722551,188.11004787633675,43.376578608457905,,
9089,0.040132465637929535,0.0971663609585248,194.69587312225553,40.68242942175872,,
9090,0.04074747867329377,0.1017653382001815,205.8553090093164,38.52632501891907,,
9091,0.0401685955126232,0.10054008452265194,220.88864356702297,35.44547565437414,,
9092,0.04076238750313002,0.10144671214845791,202.04393376863123,38.95775752737439,,
9093,0.041110611780394296,0.10323628842454088,208.84244692655645,37.54273653007664,,
9094,0.04090204174005058,0.09798848158299873,170.96958659843764,46.784327675675705,,
9095,0.04162717611097104,0.10209253396114784,189.72418593913937,41.94326883622406,,
9096,0.04049726923896675,0.09989067214490709,196.69739015448476,39.79028450081838,,
9097,0.04146133190614949,0.10090885758430847,178.2957249191623,41.966305902646184,,
9098,0.040352097445695505,0.10116672838769286,215.96294004530955,36.986217221194636,,
9099,0.04022380338640326,0.1008511302587196,224.63424008423192,37.54576961352508,,
9100,0.04132719165972867,0.10152697271396309,186.92707204225252,40.591543262923544,,
9101,0.04106221079214702,0.10336466845530616,212.78234799590186,37.70656530643643,,
9102,0.040208852104711784,0.10024355493072298,215.53274203027553,36.697586509472984,,
9103,0.041035015494208904,0.09906217219948257,173.2869983244193,44.20949150721712,,
9104,0.04030120236725438,0.09960140654297805,204.1558407387648,38.938859429566556,,
9105,0.0416064012284745,0.10083813442439829,180.97220128198472,44.71332421923495,,
9106,0.04010992800338459,0.09901312769635161,214.2812004266161,37.331100644039395,,
9107,0.040814782153268316,0.100490497444821,193.89244440520662,41.51023293767301,,
9108,0.04120635441953095,0.10080373615593817,186.8790945792403,42.69659803579765,,
9109,0.040094039973033506,0.10035761239829429,227.76277905541087,34.51314156275196,,
9110,0.04096535209555995,0.09891393038032269,171.75137695381008,43.463509325625196,,
9111,0.04177817549078483,0.1016936262683903,184.71974536057525,43.52994428049898,,
9112,0.04019666118997983,0.09858952498468274,197.60042104987454,37.87201641126365,,
9113,0.04042127386831651,0.09857686828293007,186.9964804179843,41.01955130707031,,
9114,0.04002807155370507,0.09969357403424582,237.62407777350114,33.88734374072221,,
9115,0.0468181746187393,0.10347050161191756,145.69516247981616,50.42782048416564,Paste volume per aperture high,Paste viscosity low; Ambient RH high
9116,0.04075453050993023,0.10019310694266335,192.9417267450635,41.67835204354914,,
9117,0.040343329119312196,0.09828194832107638,185.0975521629306,39.79535759521135,,
9118,0.0401917201285166,0.09810942681320765,198.76496387829474,40.39770865316018,,
9119,0.04017401177705988,0.09996889470456942,215.56699703174533,36.57410287262952,,
9120,0.04256121077448013,0.10206390299839269,171.47917557160042,43.47644593875172,,
9121,0.04023921599536905,0.09883655510984102,202.60791385031405,40.06801813279677,,
9122,0.0405174638860055,0.09862458017103472,186.5437653599847,42.744576875945164,,
9123,0.04000057180161669,0.09729509039381878,247.42230929955133,32.32346642081096,,
9124,0.04015012557276734,0.10068628937995562,224.81143390800042,35.23414178082085,,
9125,0.0400037798610193,0.0964987148418909,222.90051221613632,34.6778156459014,,
9126,0.04325177078237756,0.10369970002952072,180.46930014723847,43.47578070976041,,
9127,0.04048247402189387,0.09925020528433467,192.6970350768824,41.15796786544577,,
9128,0.040921476130879875,0.09966009122959739,185.57749960932003,44.135075424570644,,
9129,0.0411577923028878,0.10095081976787869,184.78343084238523,40.67033643944914,,
9130,0.040324091434095044,0.09962124460214963,203.5844268557288,39.310859047814176,,
9131,0.0404521521337521,0.09928730352032808,194.05354046693338,40.7898548157253,,
9132,0.04033218168043342,0.10021342126507614,207.7762403856697,38.15736239526973,,
9133,0.04135659984988673,0.10150196319136319,188.39798193416416,41.55332165742311,,
9134,0.041083016009734276,0.10005159953114934,183.2640507160205,43.560626139286526,,
9135,0.040031696675699675,0.10004814389063689,236.28596852490264,32.36672851752313,,
9136,0.041052818328838156,0.10019164868734284,182.13914847988804,42.10468969764419,,
9137,0.04042833225911167,0.09840007953037708,187.52118634399517,42.224902353781644,,
9138,0.04078585590906981,0.0999378198470865,185.0922921777605,40.63316220082497,,
9139,0.04051911089726053,0.10189711925072611,214.68622845565648,36.89728607351707,,
9140,0.04058052973122042,0.10087028567172279,204.24477056571402,39.383334216267386,,
9141,0.04187116665520253,0.10189853913333782,186.389374384726,43.969959654786834,,
9142,0.040176208684820615,0.09988482074727772,216.1166266571929,37.272668748719276,,
9143,0.04022156458541273,0.09763227650524728,190.9187633041484,41.11709395193694,,
9144,0.040001544077545935,0.0939518863167131,206.0888446821164,37.50075957534063,,Stencil thickness low
9145,0.04000548818029843,0.09832200045424115,237.23107964776722,32.50545689687031,,
9146,0.04049310554447854,0.09821477088434878,184.64159520814644,43.54541494166603,,
9147,0.04064965783539374,0.09990253503742168,193.51375801510997,41.53342973255744,,
9148,0.04029605494389778,0.10041826831701423,214.7130236999236,38.561800707568025,,
9149,0.041332614827517156,0.10099221718152808,187.70918830073907,43.510913496560114,,
9150,0.04008295585251922,0.09855503558372905,211.7694202379066,36.73786199217096,,
9151,0.04171839397184702,0.10046630167608714,173.10073718642647,44.8049589669547,,
9152,0.04006618698377246,0.09794033930961143,209.49460832351687,37.44457100074499,,
9153,0.040821455877167574,0.1021149869054957,205.6799552730521,37.92132338862339,,
9154,0.0400138239598845,0.09672633597070687,213.31373501050226,36.01068908656279,,
9155,0.04003142707550135,0.09855686210807686,225.0733996776799,35.56825666148317,,
9156,0.04043245068828666,0.1001870018450955,207.16171841754695,40.61768268207288,,
9157,0.04027998937701888,0.09959832707516023,206.59272094214822,39.159559030399265,,
9158,0.040368507345074446,0.09971713669168263,204.22201316390797,40.280682483245954,,
9159,0.04197580005457106,0.10306445956941626,194.42854802042316,42.08963279588937,,
9160,0.040767525816782106,0.0994839100457729,184.99550164156133,42.50631555258267,,
9161,0.040761944566976065,0.09893939518384648,180.5423584672083,43.47790917183586,,
9162,0.040818159619051164,0.10259107291288812,210.24807563907265,37.18341956660396,,
9163,0.04013353209772813,0.09918763964215667,211.1937653231634,36.79688210622659,,
9164,0.04177572810568948,0.10212772573580713,191.85287408010703,43.92708183186936,,
9165,0.04173118830922741,0.10149329241399768,182.87197524023784,43.410657251969376,,
9166,0.04014395048381607,0.09785727194992741,206.24011950451856,42.03376352570434,,
9167,0.040187642533529036,0.09769499725787317,191.3075518710318,39.59657813267566,,
9168,0.04001034386554664,0.09706760810477483,221.6570804479749,35.9216347208272,,
9169,0.04012189976133387,0.09901053972392888,210.36103900770448,36.69577302377251,,
9170,0.04219801131123158,0.10343434990546359,190.79655673152442,40.87304934722364,,
9171,0.04005079303998055,0.09705551550483738,205.33454012825638,38.62049776330172,,
9172,0.04030829170027422,0.1005887325626198,214.10719176077728,37.89114709291993,,
9173,0.040377676635129894,0.10010623553284738,206.7820950205465,39.54043784253352,,
9174,0.04055144476172586,0.10010247460237565,195.41769193424548,39.4171917403012,,
9175,0.040042452887740755,0.09812323511968395,214.86358660767206,35.7641168665144,,
9176,0.04112544971018811,0.10010633941558486,180.99119633832086,43.020013193694055,,
9177,0.040599136690989704,0.09898145410323374,185.24174152485506,42.152874600510465,,
9178,0.04094224752822645,0.09962297784883774,182.62036475692355,43.558212775223964,,
9179,0.04007351762309286,0.09940749314958242,223.1964337468372,35.86182312872403,,
9180,0.040023433776413986,0.09689385637108999,212.2982880947962,37.513503909577864,,
9181,0.04654408154665432,0.10373432447029488,144.93176438439346,47.71962122218808,Paste volume per aperture high,Paste viscosity low
9182,0.04070500517350763,0.10150046787895323,206.64482076966323,39.39210716171198,,
9183,0.04057486675160683,0.09931478360605112,192.6817255011376,42.71093691442384,,
9184,0.04076953651769454,0.10123889014803329,200.65123671808928,39.58291784944945,,
9185,0.04212693888260232,0.10021658506342128,166.70000321787762,47.33756611270745,,
9186,0.04145042098582462,0.09860850709091303,160.89883522816166,46.82839327471977,,
9187,0.04046611065194617,0.10129710263262222,210.66628867767346,37.25244971344027,,
9188,0.040122147890583056,0.10183358396509479,237.3144590068049,32.58156011774338,,
9189,0.041995595844284424,0.10211721392470142,183.0802166435696,42.8318865893975,,
9190,0.04084477446008918,0.10092261631384289,194.12457885295657,39.95195663173039,,
9191,0.04050706870978993,0.09925028443384047,195.6975375012544,42.7367459465995,,
9192,0.043048168033001474,0.10155091496514329,164.96147941545394,47.0581774406564,,
9193,0.040251433459744516,0.10057117207514403,215.10716075141738,36.523723007766904,,
9194,0.04236251960202793,0.1026148454060769,182.7791607120796,43.3028843646152,,
9195,0.04031285153569825,0.09959315231457948,202.994414271131,38.914045519538405,,
9196,0.040476525963893784,0.09905047372426568,193.53532236593557,42.290176386574956,,
9197,0.040914807300020506,0.0997557797096475,182.46573459147675,42.48160637154843,,
9198,0.04062084648558237,0.09998997071663739,195.9888564623222,41.470428741039804,,
9199,0.04071733243961578,0.10201056674066308,210.92946642093338,38.64322879225525,,
9200,0.04061857092482445,0.10192028376851797,212.66469002681202,37.98701666342303,,
9201,0.04002640860971245,0.09688553817853131,211.9512059855918,38.06630768173579,,
9202,0.04022254316122096,0.09925192367943425,209.32172735243054,39.82210384067553,,
9203,0.04082469896026611,0.10134479587869248,202.29114271221883,40.49540980027546,,
9204,0.04234529582769769,0.10251784726657723,182.91320549977277,43.685392067867014,,
9205,0.04240321521285002,0.10223727309227436,177.51636481336618,43.583097123091385,,
9206,0.04062724306605804,0.10252988860400156,214.554122928897,35.8651329726139,,
9207,0.04103230709094694,0.10077905230347706,189.01499121183474,41.42908490398245,,
9208,0.040023435758681204,0.09768476663143968,220.313838647528,36.5210060696694,,
9209,0.04023711755031538,0.10246509022738833,236.4674663085541,34.40952430570046,,
9210,0.040108873581119725,0.10006837206317348,218.5734254878728,33.67949797753659,,
9211,0.04056083594648501,0.10191554482144452,212.16239813143517,36.74916083423044,,
9212,0.04024080482639956,0.10027065835872036,215.37413000112514,37.700086069565096,,
9213,0.040878637709224855,0.1018547673647934,205.84389709240088,40.076502826730334,,
9214,0.040584114171397644,0.10143147245802211,206.63995951409572,37.58492203195383,,
9215,0.04079017565305744,0.09990028866522183,185.38307521914342,40.98380374056424,,
9216,0.04113696797418603,0.10067691649682159,185.7348851857014,42.07764832075182,,
9217,0.04023287657708003,0.1008878832907643,218.02775616509052,35.37058434674173,,
9218,0.040192354041117796,0.1020389339776939,233.5079426041898,33.69806352704687,,
9219,0.04042042131286243,0.0992899943880164,193.0929191368783,39.70505976422645,,
9220,0.04059648713894131,0.0993271686504711,190.41963164852675,42.26037262913318,,
9221,0.0406110812541733,0.09864843376996045,184.2002014403045,43.614526069146166,,
9222,0.04163165855448591,0.10052152285594815,176.22665453151404,44.81438418876711,,
9223,0.04007829701287987,0.09716110075124591,203.5051255380184,40.176318995486724,,
9224,0.04045285182781524,0.09892479833420229,195.79617875130748,43.171969331422986,,
9225,0.04057512946593947,0.09800783469386476,180.41359413695122,44.70158691007191,,
9226,0.041253014318718376,0.101159837480588,188.05188617068495,41.929736162458084,,
9227,0.040053676203582494,0.09666638771584699,204.95444514270167,40.69989358565985,,
9228,0.040606100927777805,0.10140538999777705,204.26473652128615,37.282723941258354,,
9229,0.04039554150438356,0.09998659213554248,204.9570497641006,39.923594487983294,,
9230,0.040359997548300025,0.10028164048532198,206.85186601250433,38.2581210750716,,
9231,0.04079807001425144,0.10260841973479011,211.97494764662406,37.403860429287576,,
9232,0.04049356174561481,0.09978289518146667,199.42941016083037,41.196667269878176,,
9233,0.04007191840965627,0.09946450729360731,225.0099166205602,36.084592936255554,,
9234,0.040187287564851626,0.09676502774374095,185.17004257476145,41.90896948733334,,
9235,0.04051525159790594,0.09857494987145662,186.47538532174053,42.91479296454963,,
9236,0.0403215629039749,0.09908044568408104,198.68495282339217,40.12266594712895,,
9237,0.04011003398538393,0.09992440323842577,225.49809060132776,36.8930112809995,,
9238,0.04077290285976352,0.09829197395489396,177.85053937448617,45.82832206314245,,
9239,0.04003992976161265,0.09944620319259001,228.12032485070955,33.6955814669083,,
9240,0.04014604469829082,0.0977205739419713,198.23111681846066,39.97640464898346,,
9241,0.0409316274690984,0.10123714836868924,198.01318768966073,41.04444477946764,,
9242,0.04117731455445176,0.10064856580543696,184.4485058835465,42.24593921646699,,
9243,0.041382101212107815,0.10140244749010226,187.18485334783597,41.88168109594147,,
9244,0.040731290715124,0.10244759432980773,209.83680821554847,36.374120137872985,,
9245,0.04014243331947777,0.10091016409995494,229.53146093934072,35.42302256704874,,
9246,0.040573124371189456,0.09940455983900694,191.5739194100194,41.85298898267581,,
9247,0.040955298125940835,0.10097432662789395,195.53740187627662,41.76542030954465,,
9248,0.04023897143029638,0.09936530659076935,206.86754253447108,39.007698929267924,,
9249,0.041466654022081426,0.1004337640433566,176.90020508976804,43.824471365095754,,
9250,0.04028516563066399,0.09997211856729438,210.9371442756543,39.04936700881437,,
9251,0.04238572215459278,0.10202368817308287,178.087674685882,44.68248669763292,,
9252,0.040574425998285014,0.09851256908692291,184.6493440832563,43.74414371264008,,
9253,0.040349880800903924,0.09855042910054948,192.45196111789426,41.27120758613282,,
9254,0.04123532164016559,0.10331343795361395,207.52746782441503,38.19353022058255,,
9255,0.04052623791920184,0.10020139355686025,197.78287950508982,39.2709165978777,,
9256,0.04002835945893225,0.09874373043912207,226.6403918576601,34.656173538965405,,
9257,0.0406866468653696,0.09863367514715878,182.42942036199685,44.39049086609413,,
9258,0.04038892200571717,0.10030742704802141,205.85674254578777,38.52623824208067,,
9259,0.04076974774257805,0.10112025313138397,196.42417477805185,38.667867761413625,,
9260,0.04015882083420985,0.10050983982865648,222.85599985205934,35.82501129356175,,
9261,0.04008248883671191,0.09794314430253129,205.5937736467088,37.477754356453055,,
9262,0.04021021685351735,0.10002945844686857,213.62713322068907,37.11304973518931,,
9263,0.04013957537476455,0.10029721672506522,221.43644924671165,35.37719502483471,,
9264,0.04059523228316661,0.09997626675128624,197.12244106085956,41.46601301405016,,
9265,0.040307693790409646,0.0992657452855354,198.39736915338017,38.7221647800282,,
9266,0.04099670026772758,0.10207685940846523,202.72309257555122,39.52969520494787,,
9267,0.04017137083504691,0.09831517043057086,202.61108356214424,39.8729513813557,,
9268,0.04048853469931821,0.1003013104816645,203.43345965456385,39.9978824723982,,
9269,0.0400874934348298,0.10027327794211403,228.65690095722687,34.74946633004791,,
9270,0.04054483286537883,0.09886303263906747,184.75913023685115,41.51424961704602,,
9271,0.040852930039184714,0.09936666267691938,182.7132998893922,43.56291880204216,,
9272,0.04008985757595789,0.09825220198479256,210.68656242651002,38.352299147297956,,
9273,0.04085337985797371,0.10124327903249696,199.85187495485016,40.55008995230888,,
9274,0.040007608966934505,0.0972909917013276,227.74335582013705,35.580772319626426,,
9275,0.04022674081004842,0.10029732851092255,214.39670543178318,36.7181259256333,,
9276,0.040786166408077536,0.09962412443731739,186.47045674003056,42.63989582613908,,
9277,0.0410839595015832,0.10049812693319556,186.92615914462277,42.707259579757874,,
9278,0.04110365731796502,0.10106703893023242,190.89293818564187,41.60384486359774,,
9279,0.041669070261496605,0.10079847961382529,175.61690174426096,43.620969781705355,,
9280,0.04089533237271537,0.10095875511975982,194.7905874761955,40.74380939958386,,
9281,0.042003411116303166,0.10224363690266683,182.76462783484521,42.17653387403501,,
9282,0.04061432228603702,0.10078585311920268,202.41982732218034,39.77572310035463,,
9283,0.040900445861626535,0.10131590331290817,197.44100494830295,40.02591858937239,,
9284,0.04144296933212357,0.10212344915575175,195.8040620679398,42.08468392815644,,
9285,0.04049058397130714,0.10163184252075584,214.8149702514911,37.62912395589036,,
9286,0.04001264921153257,0.09629344535176282,214.55987913973928,38.11222467436156,,
9287,0.04003089404775609,0.0976100138394483,212.6365083890597,35.660212988656696,,
9288,0.04063493515410059,0.10218512918634567,213.7363161019478,37.38008328551361,,
9289,0.040347270682686856,0.09850935700172986,194.03201333705326,41.95658198151451,,
9290,0.04023038103499334,0.0993124156783877,203.5824049078096,37.79455117794058,,
9291,0.04093045705036331,0.10251636350181427,206.86646053757394,37.97164073619895,,
9292,0.040426269878749435,0.10013849726314768,199.93966092261965,38.15934240626689,,
9293,0.04028745329820107,0.09769749213931102,194.07500117548688,44.16060713651367,,
9294,0.04241923522068603,0.10223139868318054,178.1239964590426,43.948226901270324,,
9295,0.04031088258721223,0.1011567505274622,215.88965725838608,35.85200481373687,,
9296,0.04018958295304304,0.09750868415409705,193.98789671811787,41.5247576417038,,
9297,0.04033611387807335,0.10029539777522481,207.7651903227727,37.867016527811415,,
9298,0.0404456691530477,0.10120498655164184,213.0557780866593,38.082896118663825,,
9299,0.04030268854139435,0.09842811656778488,194.0672452716333,41.092348942288695,,
9300,0.04253364986866451,0.10170171552312827,168.20645446813324,43.86788026268439,,
9301,0.04004918123785443,0.09629620578125883,196.66281007741836,39.03605651756547,,
9302,0.04052876397283141,0.1009043847003652,209.34108685529185,40.0039560753445,,
9303,0.040380684699632886,0.09976297955480061,201.64465950232778,39.462746119751614,,
9304,0.04009645523525424,0.10131093128992619,237.64480617829298,33.56694054530127,,
9305,0.04019205635774922,0.10132949579865001,228.072067221797,35.19520050102737,,
9306,0.04066850214840218,0.10008287529724362,192.36607076461274,40.58500231809875,,
9307,0.04011922797489904,0.0992997552261981,214.48897942006818,36.595889269712124,,
9308,0.040041529118544576,0.099890268802849,236.67011702279154,34.79361506287369,,
9309,0.040734007485100074,0.0993663827490919,185.5637311442237,42.7401358258298,,
9310,0.04063998065171922,0.09988720784359599,192.29467833672987,41.006452755091594,,
9311,0.04011428433721376,0.09899597302866857,213.408637485983,37.380579536244404,,
9312,0.040089433808954134,0.10169065284774119,242.87048982528344,33.063923616455526,,
9313,0.04003800436413784,0.09807332434949768,216.94406447253735,36.102016906651265,,
9314,0.040782473070501604,0.10140767209485692,203.397475973494,39.938283364484775,,
9315,0.04052921958724874,0.10005401421325864,199.9273310513625,40.800017604952195,,
9316,0.04049201079070823,0.09835673266989117,184.72624858127858,42.8661590010291,,
9317,0.04132301695116497,0.09929455961785222,169.1150037569593,45.04629723716543,,
9318,0.04000072988044649,0.09672599308967471,237.75801368390324,32.52189787823544,,
9319,0.040041731818163534,0.099671375612188,231.63565478415626,34.10295667378787,,
9320,0.04006254403998694,0.10106068411316282,239.38879903083668,32.56109037774846,,
9321,0.04040880329498333,0.09956923498833012,199.84871008942875,40.46174720544712,,
9322,0.042265028502933,0.10180261463281874,175.95967705744528,44.05767333777961,,
9323,0.04073786533104638,0.10348418234448033,217.88555722590428,34.31225976894939,,
9324,0.04168182323339361,0.10099147495030146,177.38172829816114,43.43277442064611,,
9325,0.04006658202162561,0.0973233404013059,206.88809006583878,39.54352808452156,,
9326,0.0417397655266357,0.10332640171389909,197.86203049922335,39.92329722900902,,
9327,0.04181941059622842,0.10308626647622605,192.83949566435427,40.042624545587486,,
9328,0.040063625688944345,0.09947442640403281,225.97916539162483,35.600797750902615,,
9329,0.04178414955283861,0.10236148743078231,189.5583362617559,42.065317911463815,,
9330,0.04068405649400266,0.10167261245845804,206.80057502592794,38.263464576149254,,
9331,0.04264921465108685,0.10268156807729671,178.23291950426403,43.51704784913735,,
9332,0.0410677949556679,0.1015000477346493,199.72058916430834,42.17740082330427,,
9333,0.040236307768109096,0.09914588587034524,203.5772213442947,38.811735330903176,,
9334,0.04034051695068762,0.09789371071053626,186.32365797047296,42.02666371059796,,
9335,0.0407521314377982,0.09922915220438716,185.722913264005,43.750335029667575,,
9336,0.04140045174126796,0.09996622518602606,177.34367939290567,45.54463712363374,,
9337,0.0402134069342612,0.09730302231512619,186.28292336018558,40.761211531506895,,
9338,0.04093547180703284,0.10267794192797605,206.5366830417856,37.14390444820243,,
9339,0.04005985020846326,0.09640496582412564,197.05363076188644,39.84291528247206,,
9340,0.04023602307394976,0.09677202937928202,187.21272452247524,44.4965226251796,,
9341,0.040632172470629,0.10013334887677376,193.56886503213232,40.1276812292425,,
9342,0.040446300029173675,0.09954618619778288,195.89384057018984,40.05603058963618,,
9343,0.04007393172064979,0.0983114200505098,216.16484950843886,38.71265744555792,,
9344,0.04186786160377955,0.10134729411190281,178.67146948352848,43.88053570563641,,
9345,0.041066333250406824,0.1019308336419264,199.76077761526662,40.09170701479693,,
9346,0.04012536866827228,0.09786146211399609,203.01503514333484,39.858088877967276,,
9347,0.0419529033083701,0.10235446573066635,188.70203282914858,43.30143295829138,,
9348,0.04019753249977719,0.0983815112418248,198.93381469362373,39.38326649425358,,
9349,0.040437881440357724,0.10026996207384667,206.40091481560623,40.07401594233338,,
9350,0.04148429754433304,0.10279303355474972,201.26782775146293,41.20589934968916,,
9351,0.04010123873038626,0.09889905782316483,210.9284561489296,36.125359649538666,,
9352,0.044256797529783704,0.10242812608436316,160.3659164867173,48.45826169106633,Paste volume per aperture high,
9353,0.040150593583293266,0.09925946672965147,212.75457869326468,37.89703208911831,,
9354,0.040452560679998514,0.09895777978883809,190.54119401349564,41.15179112045945,,
9355,0.042556847090315195,0.10279431470160331,181.3414657750054,43.39528491344256,,
9356,0.040238539497674454,0.09766049834425007,191.35492375881353,41.75539199525829,,
9357,0.04073568572813973,0.10001219201796133,193.54412278300055,42.46299293423341,,
9358,0.04180939400767694,0.10067127591108692,175.52851796778393,45.511502257561276,,
9359,0.040045693153732666,0.09839632293931046,218.59906038158115,36.193308613054604,,
9360,0.04037158595235591,0.09874160006309336,196.33153682334589,42.289603404592704,,
9361,0.040045623104820016,0.09964157862962456,231.37450051635562,34.67571564466497,,
9362,0.040744158715297595,0.10166126547629684,206.9711017059538,39.36970293638574,,
9363,0.040374250984006176,0.09771033174814303,188.4164488809738,44.54800984160381,,
9364,0.04019167854419349,0.10090924273018995,223.10964827240218,35.458824444538664,,
9365,0.04036205486826005,0.10014239742240022,205.52015190091518,38.51524947723321,,
9366,0.04027169222128378,0.0988461880978503,198.0446914536076,39.511677699968594,,
9367,0.04002699973269531,0.09708131211166163,212.30972083740284,37.365895598420124,,
9368,0.04053740976405233,0.09981530377116031,193.22667105619078,39.75351275499876,,
9369,0.040129870324638585,0.09942405057205381,216.92415838236832,37.47295741033845,,
9370,0.040501659184723364,0.09942796100289805,193.76231771725182,41.082492531303046,,
9371,0.04014195098987519,0.09897343895721786,212.1761341771222,38.63107400044488,,
9372,0.043653246475030515,0.10142890118278763,157.6852667679195,48.8896762030194,,
9373,0.040335297815651226,0.09712067847667646,177.4160852986237,42.47412271835904,,
9374,0.040094728570297146,0.09653861773611701,194.97106822332427,41.443488382621126,,
9375,0.04000415386854042,0.09815020427841455,237.35945816731828,32.194208332527005,,
9376,0.040212714676696626,0.09862323001259474,202.47245591804608,40.06843711853595,,
9377,0.04058441188259768,0.10073397682085346,200.10017186930594,38.652886760612205,,
9378,0.04032667061417857,0.101055869028542,215.7793335930637,36.75580177354407,,
9379,0.041137906662324614,0.09864715805874812,170.21758360282047,46.42047617499291,,
9380,0.04015035664420646,0.09885310223324689,207.9588395159523,38.15626666041863,,
9381,0.04078301931257258,0.10003689656685033,186.44657902380305,40.5884105918035,,
9382,0.040734043877927235,0.0990186147361674,185.55423727525996,44.41762915468094,,
9383,0.04075973234000571,0.10217410720311217,209.1441952174685,37.90676473651456,,
9384,0.040348500039608,0.0996051006941319,203.10619994945299,39.89767705299122,,
9385,0.04007362452394812,0.09963423658861516,227.9161749599858,36.44109493550109,,
9386,0.041158258007380585,0.09994710890174645,179.63589938814326,43.70904152007172,,
9387,0.040809312535146934,0.1008753166943387,194.18287898260527,39.670650683183084,,
9388,0.041242001721294046,0.10255514774971826,201.83901403406676,39.92693120854921,,
9389,0.04003168759669601,0.09742485263097676,214.903986609898,37.49482289115796,,
9390,0.04252449523920979,0.10358617195560549,189.06906287418005,42.05670001430461,,
9391,0.041889623092970445,0.10109712948907916,176.14148930065986,44.38976396730815,,
9392,0.04026436183290142,0.10105614773040242,221.0227509106455,36.7026049785133,,
9393,0.042138400825850096,0.10213796907409765,181.93327682535482,43.52378765142721,,
9394,0.040473443832332416,0.10036660866238958,200.86116328106544,38.4491436146563,,
9395,0.04012310694839435,0.09932983126044125,214.15118808633443,36.56150703850074,,
9396,0.041348589179239274,0.10005213357340798,175.57357114810992,43.945752945806085,,
9397,0.0402070631269366,0.10003971904950322,210.64499842931966,35.8872620515281,,
9398,0.0409445712382624,0.1019994007319451,203.20628427054368,39.372270224048485,,
9399,0.04011022141486719,0.10009855940829905,220.50969277296753,34.30333465862916,,
9400,0.04011066540076659,0.09659766812574429,193.35618244537898,41.66492628527619,,
9401,0.04013597093838929,0.09942239485772189,216.37414402663345,37.62392279729278,,
9402,0.04419629233347962,0.10276676694777497,162.20426837955915,47.13812605846151,Paste volume per aperture high,
9403,0.040867700217673525,0.10017645623265298,193.1713264565436,43.555835204673464,,
9404,0.04035119810196369,0.09682731325565715,177.29057737433578,44.28214751791801,,
9405,0.040579866958844364,0.10003677389567174,197.2279765152176,40.92195907351285,,
9406,0.040140894367715715,0.09928437072877391,213.38786957980477,37.50070702477151,,
9407,0.04201267360435867,0.1016632704475894,178.53330530113777,43.56652276325644,,
9408,0.040205594015300467,0.09755442599416628,189.96542609364704,40.53983625872855,,
9409,0.0400210214307928,0.10133381079142392,251.6445068749922,29.378355112712,,Paste viscosity high; Ambient RH low
9410,0.04015848935247868,0.09806393336437358,197.77651670691213,38.776947929773215,,
9411,0.042483500257609184,0.10219408405636092,177.14945085479104,44.270589273198325,,
9412,0.04062783410617086,0.10026680608440093,196.21783376787636,40.33978185025168,,
9413,0.04036413633907307,0.09806439178327835,190.98686139522968,43.48168465612634,,
9414,0.04063217623621625,0.10137613388990653,207.49257873028543,39.036312027452325,,
9415,0.040078314468809315,0.09977107511085101,227.72564673757745,36.11404762509823,,
9416,0.040767076836998366,0.10126077753934724,200.05201693308956,39.227103374261084,,
9417,0.04084854690582774,0.09926665546874684,179.8161968349371,42.959489521252635,,
9418,0.04152980928122514,0.1028417408886929,197.635322582842,40.15202039507283,,
9419,0.04127158700276412,0.0991596450776376,170.14884554858205,45.48778848157274,,
9420,0.040372711208364706,0.10140688002675816,222.16320420664493,38.556228730923536,,
9421,0.04004570242978316,0.09894675790227206,219.9085832979083,33.9971360794142,,
9422,0.040565700173418553,0.09853266293273637,180.8209113825105,42.12865628336776,,
9423,0.04044192514812638,0.10060197439390962,206.63865520212693,38.64660320098146,,
9424,0.040137210231856804,0.09941594054620756,218.40754433286548,38.43965796416962,,
9425,0.04047502341822933,0.09948455562145303,197.50073445714358,41.559468064489785,,
9426,0.0400163397172513,0.09910651409732152,235.17919366334684,33.04991452444101,,
9427,0.04193986321620206,0.10244368896319386,189.97620850978234,43.206612291354105,,
9428,0.04003474533610325,0.09906073525155903,229.15076283739336,35.13129471590131,,
9429,0.04037393356741214,0.09949836285091847,199.55514715992064,39.83130850114368,,
9430,0.04031524446944154,0.10193803003848648,223.9687857006117,35.05544920128729,,
9431,0.041019557032127583,0.10002590898639982,182.58010347977654,42.63164602912038,,
9432,0.04009362408813337,0.09889103105973031,215.1695481066421,37.12522479400246,,
9433,0.04047663837805979,0.09976439947421879,195.48956057975408,39.5328309672225,,
9434,0.040687539280970596,0.0985190363799151,178.7874497246681,43.67436341508958,,
9435,0.040463967033392806,0.09946290577275371,192.6186112626763,39.69879096971422,,
9436,0.04066318872360384,0.09888503675366069,183.3948743963145,43.11501526779899,,
9437,0.04124391826873063,0.10285410142762853,207.07058690430847,40.350560466345584,,
9438,0.04231818866817955,0.10189615349517549,175.23094276469752,43.76715342913156,,
9439,0.0401975710123663,0.09947849041124203,208.02796087611037,37.29370974239353,,
9440,0.04033918334663017,0.09928989433543826,200.62044635497236,40.28898624624922,,
9441,0.04042249718037008,0.10020060388164376,205.38573198043403,39.69216464566004,,
9442,0.044375870111484264,0.10446235318139116,176.29820261852657,44.89854059920289,Paste volume per aperture high,
9443,0.040188303576164125,0.09799805154330858,198.9772003045082,40.8667533606205,,
9444,0.04018024862576977,0.0984080109253894,200.0595154053065,38.92061203227489,,
9445,0.040289469973381425,0.09942850777527376,203.8702882783161,39.316002183402155,,
9446,0.04175410419485136,0.10170828782446369,184.4037227250813,43.12553842532391,,
9447,0.040348307129705455,0.09928226569015701,200.91183067967654,40.67794017748808,,
9448,0.040620817161165945,0.1015447159690888,210.88090155255392,39.21289869941272,,
9449,0.04010703792499671,0.09896509903905737,211.61880516335628,36.43689715514552,,
9450,0.04002852739313313,0.09975254212899994,237.9909239541294,33.81927193850302,,
9451,0.040418485077251945,0.09946811245070371,197.44345703484692,40.33365431447207,,
9452,0.0410171049386494,0.10393045230747158,218.7712169356155,36.505091242107014,,
9453,0.0419925361534803,0.10289765143001456,192.7282225086572,42.439367253691685,,
9454,0.04114367487143624,0.09871826208185273,170.3967457348998,46.210155044603766,,
9455,0.042137158268316446,0.10367595401584496,195.94340723332022,41.026372211876655,,
9456,0.04112960815686837,0.10219565652279922,198.11783051109305,39.01955328637959,,
9457,0.040045315870137405,0.0990621377468412,222.1934296818686,34.19589270255214,,
9458,0.04113346584523251,0.10094029640286808,189.85959116752016,42.217928818584,,
9459,0.040338645806586075,0.09974780786069115,202.90310898368904,38.86718573217476,,
9460,0.04071899733240946,0.10106751001475796,200.46730181548816,39.53530563895867,,
9461,0.04012562044875289,0.10132199872055075,231.0847106717052,33.05758731496355,,
9462,0.04019003585241602,0.09664575796065447,185.8999432344439,42.85919864556115,,
9463,0.040144749915882606,0.09992069501112624,218.23840599753834,36.339435395675515,,
9464,0.040049161984282884,0.09831455875710346,218.15850081429488,36.86694549901364,,
9465,0.0403976559806259,0.09992458058443052,201.25264549855743,38.96826744752537,,
9466,0.040449344443923875,0.10092789531257017,208.23295805833774,37.80325895037056,,
9467,0.04007578500257696,0.0994309607877129,221.5266610131264,35.35595083712358,,
9468,0.04098356925388161,0.10102931385881078,193.56500189450577,41.184843107111114,,
9469,0.040315077944980994,0.09867139607654662,197.42896459408718,41.46862384035356,,
9470,0.040850102573586414,0.09857031846350077,175.42481926149873,44.79718766666352,,
9471,0.040013082742613504,0.0976472172443889,223.45935599762691,34.874130970977255,,
9472,0.04138685132938093,0.10165134641335667,185.45389834048385,40.119314542641305,,
9473,0.04093688137028466,0.10214880173418785,204.1920109344777,38.89255933504138,,
9474,0.041409202618769424,0.10031243637794396,179.51413681416662,44.73083981307587,,
9475,0.042738436460711154,0.10372797825650576,191.0709536041097,43.62913434066853,,
9476,0.04069831802060477,0.09974682564469389,188.69840076963823,41.42076154947829,,
9477,0.040197056286617655,0.09934445060467305,210.22649120243292,38.6960167708425,,
9478,0.040264996883930905,0.09982171553532737,211.12773343235943,39.19620026728188,,
9479,0.04067305120115616,0.10115151132219884,203.21643345179334,39.32872297613262,,
9480,0.04111878795112352,0.10012993863207789,178.72006247971285,42.0228952499794,,
9481,0.04016586899818481,0.09607772930605371,180.2654595408789,42.544748235486956,,
9482,0.04009325344478931,0.09924175349908362,219.99667848153726,37.107076580323834,,
9483,0.04057610670378297,0.10054795617916455,199.9356231347633,39.336078575260345,,
9484,0.040595936027812245,0.10003348034673429,196.55297378063094,41.00175310417021,,
9485,0.04012552788754702,0.0974310040246184,198.7034300543169,40.425664728317535,,
9486,0.04063089193798645,0.10115886284562647,205.28644279778288,39.284610339207816,,
9487,0.0424846572573428,0.10175134404910975,172.5994839644441,44.81288143913035,,
9488,0.04018895296636247,0.10100280509124622,224.3032578312838,35.31324569817127,,
9489,0.04112338925122699,0.10131238874376311,193.1926728426985,41.47311928987412,,
9490,0.040170678722557494,0.09894662090709004,206.50975544634127,38.16619963077009,,
9491,0.04013201251443135,0.0982495588462541,204.84786056340226,39.00602159796232,,
9492,0.04027826933506516,0.10066670502290136,215.75618544536337,37.176485615975395,,
9493,0.04263017104715836,0.10374229897910883,189.1419674330418,42.103673553732236,,
9494,0.04120773717311777,0.09973014507531326,174.04201589290682,43.37018498626865,,
9495,0.04034198912745915,0.09922533885829327,198.87159618820698,40.06095175613638,,
9496,0.04007385217764898,0.09815859508066267,211.38381012468136,37.75704089941481,,
9497,0.04028962868057865,0.09774995876430073,188.3935151199552,41.969740888147314,,
9498,0.04026971124791991,0.0967806271506042,185.64575839527848,45.05213681980741,,
9499,0.04143715484266504,0.09916477008406958,166.7997113269434,46.08428511613241,,
9500,0.0406014894706067,0.10134969933611593,205.64305073820543,37.95302247535291,,
9501,0.0406552590892246,0.10013197652432324,195.51629659778447,41.229607027913154,,
9502,0.04067411122024259,0.10006607311401687,193.04494166432667,41.00211713373024,,
9503,0.04078574039400822,0.10171895714830717,203.57538120121072,38.54769161791553,,
9504,0.04005186664884331,0.09910876807012514,226.2419386954673,36.20343695149256,,
9505,0.040318377543989946,0.09869365838077722,190.71772576306765,39.08852015589612,,
9506,0.04054646264031739,0.10099371314735368,205.5670083381042,38.594295650016555,,
9507,0.040834973876396084,0.10089116133732856,194.34494922563275,40.03659551485589,,
9508,0.04005221173638304,0.10102167441992999,242.10489773118618,32.598589120746574,,
9509,0.04043285517522187,0.09837953821373568,187.32364668041657,42.359837474977624,,
9510,0.040034371529760956,0.10103595148831711,246.60211351483142,31.68517785772471,,
9511,0.04078607094702327,0.10085383713116378,195.17220382896394,39.767517278897024,,
9512,0.04007763445006757,0.09970726407763841,222.9094516400449,34.66592486307422,,
9513,0.04046348666582423,0.10251719079910422,224.8588216862372,36.30755851206271,,
9514,0.04023152511007167,0.09720672331057725,186.86252307620217,42.11020501182142,,
9515,0.04008418145812459,0.09942837281122864,221.81866921601227,36.161495794029136,,
9516,0.040006068921992204,0.0965677367633198,221.8787162955693,36.001890054519116,,
9517,0.04039458105120366,0.0989909021455987,192.49314042808217,40.312513822140765,,
9518,0.04036865124583173,0.09893637646446857,196.21098628912614,41.2299226034003,,
9519,0.04209405615453568,0.10115405126127931,176.74101185044128,46.07914697195624,,
9520,0.04037031539420629,0.0991708427027375,197.07317911559957,40.4445144487848,,
9521,0.04026846130188821,0.09868645815025595,200.57446193405386,41.07105011240498,,
9522,0.04041850353983045,0.09951602389425261,196.9092792492996,39.91411699345813,,
9523,0.04007116780598919,0.09851997874218762,213.2083874652746,36.41646445016933,,
9524,0.04312449497090886,0.10476445354517501,191.07609166710932,41.250206683422945,,
9525,0.040065125183484096,0.09923677623314218,221.4064882630638,35.28194524787374,,
9526,0.040109426028421165,0.09892810311242126,212.81378705723807,37.19193927523434,,
9527,0.04059906715774991,0.10171757598671798,211.36480181990265,38.14969937572127,,
9528,0.041125975724200625,0.1022975154096568,198.93744113235437,38.77221940000966,,
9529,0.04087751508785804,0.09972830841058129,184.36433433502765,42.75514284813065,,
9530,0.04063676332637769,0.09852072332660175,181.2246526176902,43.64530863923557,,
9531,0.0400627353937823,0.0986270728644388,219.25005046914015,37.232112905730766,,
9532,0.04021412197643191,0.09932040958798774,208.3202500761435,38.817824613075025,,
9533,0.04015626444645251,0.10019258493049911,219.880534689927,36.183872569555675,,
9534,0.04086413669182046,0.10132800684471627,200.40716826746757,40.49360778821277,,
9535,0.04072927547292264,0.10279439643244416,218.24106307161034,37.63132864906493,,
9536,0.04030423184177484,0.09917407352281961,200.68580300438805,39.869762142968725,,
9537,0.04000977263542575,0.09596274334978035,211.55437733440337,37.430080028754666,,
9538,0.040997592004742095,0.10323691519138826,213.12544295700127,37.60722020187535,,
9539,0.04025100436145311,0.0976061859061293,190.49225893539057,42.14883898211229,,
9540,0.04104085575516245,0.10128441534926365,191.20334381375346,39.86992158205522,,
9541,0.04035244649165183,0.10009167782602992,207.26105545773865,39.11918618618235,,
9542,0.04016221042523526,0.09838019529500779,207.2790571379904,40.7801458989254,,
9543,0.04021171078168551,0.09976535921332046,208.52498481211967,36.64693704661988,,
9544,0.040399667080314686,0.10102813222057214,209.8601406239695,36.723125853982204,,
9545,0.040020939538844495,0.09967145619629486,237.2848908486537,32.322947601620136,,
9546,0.04025312571893422,0.09917226605277614,203.39167907703973,39.20647512534224,,
9547,0.040114513066096966,0.09797301910628978,202.2166282255484,38.387990418608794,,
9548,0.040489508948212044,0.10103087922008022,208.56427663454903,38.30418398275143,,
9549,0.040307340476977434,0.10138465959113171,219.3153824059918,35.855232341412716,,
9550,0.040720881906002045,0.10129645315851785,201.17289457690376,38.709036247130655,,
9551,0.04036627432789881,0.10005452468753062,205.19782371548033,38.936715772323566,,
9552,0.040179825239310483,0.09979901001900418,214.32965354750021,37.21673766081992,,
9553,0.041267061675923984,0.10119111150454388,188.7603345497879,42.18862959347534,,
9554,0.04009092773743612,0.0981896893942744,207.14222652585846,37.48346113448598,,
9555,0.04033687523790501,0.10165463783828738,220.93778877822905,35.96900383022731,,
9556,0.0401762200415204,0.09996773969262185,212.86424003859986,35.72491095408018,,
9557,0.041469530470690685,0.10120442172457175,179.98875680088875,41.22059542432414,,
9558,0.041543643832563086,0.1035613907467243,205.78659478227294,39.690367487082256,,
9559,0.04156165441558101,0.10151342147607798,184.96361326515353,42.417537185082956,,
9560,0.040069497657210226,0.09937884294476869,221.8206683684096,35.15381390585001,,
9561,0.04012165342227832,0.10226329667371586,240.4748188112265,31.591355707457762,,
9562,0.04073189115938089,0.09926274642461066,186.46360279006035,43.52409742491,,
9563,0.040188920599189985,0.09944664283081035,209.58768084389652,37.637989786876595,,
9564,0.04048677198167955,0.0993444513473691,194.39991633930657,41.39573615831645,,
9565,0.04058516241975359,0.10036719495471323,201.8265713345915,41.04834393274724,,
9566,0.04001268060941409,0.09624134110775165,214.0932524619841,38.21123842032248,,
9567,0.040283186355812274,0.09910270936400188,203.28980398910545,40.489503603116106,,
9568,0.0401256902607358,0.09827405989022467,209.34662016404587,40.11733633738178,,
9569,0.041353522717277755,0.1012437053724329,186.9678432931197,42.26298804767487,,
9570,0.04023543236415574,0.10034141812235156,212.66383328079763,36.21036139688499,,
9571,0.04031159083100324,0.10031726336019227,210.01062635818394,37.8543187758786,,
9572,0.040442515520077396,0.09757256666864401,183.12867959726864,45.00106679520154,,
9573,0.04002727678160589,0.09867675344559848,226.1532468625877,34.597300956255296,,
9574,0.04052900532004565,0.10033656269530788,201.7152511573398,40.06143163680525,,
9575,0.04064940609770706,0.09844757124305988,177.06559280910292,42.75481445909345,,
9576,0.04007533533697742,0.09657433040553433,199.80694927724622,41.45520923957708,,
9577,0.04137603639451286,0.1033844270031542,205.76587961571414,38.796924286927684,,
9578,0.040181537731457245,0.10013988149910537,212.2045219331853,34.89486042691383,,
9579,0.040473922787253605,0.09799746909319489,182.99615547055635,43.60232210278119,,
9580,0.04065436991743438,0.10100547562033425,202.70171123953205,39.5291729209322,,
9581,0.04006074229803509,0.0960570949572372,194.97862423049358,40.88331592774243,,
9582,0.040965220460175325,0.10022758794768874,185.51622518038153,41.971812462500516,,
9583,0.04067459920044256,0.1002519419339842,197.37270621683734,41.63954119817042,,
9584,0.040256517948456666,0.09863188625813253,195.94777766843507,39.30572779317574,,
9585,0.04069058176289464,0.09917025768154908,187.05430816430956,43.49638379325095,,
9586,0.04227373669473398,0.10254850596274306,179.929121612862,41.923496500872886,,
9587,0.04128684120372812,0.10405126331113608,213.15985960109398,37.202733769108065,,
9588,0.040621113390685075,0.10079215997229919,202.80450558516242,40.004427219258034,,
9589,0.040088001627788826,0.09940812463900403,218.8936101657715,35.523194356345876,,
9590,0.04003557907451275,0.09926357388396084,227.83723739601064,33.82118285830294,,
9591,0.040063397020791286,0.0979802774424845,210.3060296898573,37.26683171122433,,
9592,0.04210255020076302,0.1023120120602434,184.92257281175182,43.441894619112134,,
9593,0.04064116824855871,0.09989643274139863,192.2002759078124,40.949633887981854,,
9594,0.040892307710190055,0.10100854637402375,193.0932304119493,39.86132454511589,,
9595,0.041671573157780015,0.10114072963306184,177.59155508320697,42.68804961537018,,
9596,0.0417140416669134,0.10281156491305235,190.69506736459547,39.6412071663376,,
9597,0.04095166423352786,0.1021372168489473,205.79560932966015,39.71707466975603,,
9598,0.041316524772365464,0.10384055247732155,212.08694509746078,38.1734385653355,,
9599,0.04031056347324393,0.0991531131916765,200.3809109937983,40.05086069007946,,
9600,0.041224851597216124,0.10225351064530133,199.3747082388951,40.31672518974533,,
9601,0.042053203404095185,0.09984481909187819,165.14253229858588,47.97043883861788,,
9602,0.0400719546957664,0.09904019175837002,217.33297371706655,35.429043322086684,,
9603,0.0400545318684149,0.097585655734593,207.67836999279626,37.315734429152634,,
9604,0.04119500920146215,0.10227573712629819,202.6668915160477,41.02219948233105,,
9605,0.04017638383989737,0.09605806244435645,181.13676275236847,43.42659721462687,,
9606,0.04052094911792259,0.1014080606733435,210.8483111388492,37.943520195689096,,
9607,0.04015188511889527,0.09980014702453431,216.8651718290532,36.799822869376996,,
9608,0.04162246451188092,0.101044522302834,180.4919593363151,43.70332972426434,,
9609,0.04038652051446224,0.10013482921898693,205.84011476775484,39.294045219606524,,
9610,0.040133965866748965,0.10162322406731311,233.48451802854373,32.91863377326516,,
9611,0.04094024526828599,0.09784631881316272,170.0023773967249,47.66230979744526,,
9612,0.040450326716794646,0.09945274109549075,197.34004919373876,41.10904771915845,,
9613,0.04014853552219243,0.0999000912334471,219.3983240061619,37.042259051743116,,
9614,0.040991385532505836,0.10023093830347339,185.6636693187915,42.35825859330918,,
9615,0.04219601625225755,0.1012742666335548,167.94470906447737,43.22995131651108,,
9616,0.04103216484202054,0.10313493342646039,211.62004348647952,38.02114101624589,,
9617,0.04137782115800635,0.10139508413628738,189.95162714001265,42.847509634022536,,
9618,0.040522868156147904,0.09989081881778815,197.10386862684206,40.46339622280604,,
9619,0.040206713025776344,0.09969426545856022,212.1594800407191,38.07688994745288,,
9620,0.04000035246887927,0.09895341340222025,261.41274006047087,27.593198289585935,,Paste viscosity high; Ambient RH low
9621,0.04030085062741017,0.1002461120040172,213.17991306736147,38.99760820914057,,
9622,0.04019533404361566,0.10121259737836087,226.49793272408445,35.340689638691956,,
9623,0.042712636312571425,0.10296332854715648,183.29403164027815,44.396245686544106,,
9624,0.04054203648958198,0.10026683003493955,198.047637199766,39.3652726424708,,
9625,0.040303751445049905,0.09821672482856031,190.45167952951797,40.86967906595013,,
9626,0.04034557760597409,0.1008759076173355,211.11229823602065,36.503456959420156,,
9627,0.0400660544566239,0.09839729203300625,214.02511231558168,36.82275385449031,,
9628,0.040470846820383904,0.09945483226505455,194.2727390319903,40.472878831731265,,
9629,0.04008309499068825,0.09943438815671843,219.80611323994103,35.33615989796269,,
9630,0.04026609090224651,0.10039700285378896,213.73906503984063,37.374116123517176,,
9631,0.0407806638239166,0.10123474345825999,202.04670765787571,40.269072673993634,,
9632,0.04189824827417801,0.10261127383647316,193.04151267934094,43.113694755006115,,
9633,0.04023343176261954,0.098018498114181,193.35011743702574,40.54646492603329,,
9634,0.04097002999739649,0.10046301700356555,188.78256857227555,42.051796561576104,,
9635,0.042739102023995654,0.10212990352813162,175.63527527285416,45.908365830991656,,
9636,0.04054931132299367,0.1013937628437822,208.80386238806938,37.85978367067319,,
9637,0.04025402684188401,0.10064226755078298,217.25183387466586,37.02547617057845,,
9638,0.04027558963771902,0.09735495510823264,183.61709796772226,41.75118830498018,,
9639,0.040050363836119075,0.09993980001224675,231.1194958348696,33.732510968548816,,
9640,0.040191202031262675,0.09953630034125333,212.372936404165,38.283722198397044,,
9641,0.04038032396039705,0.09899103063201047,197.9327161756606,41.87347923589443,,
9642,0.04021241270252707,0.09852202243506024,198.14837946483343,39.01992661617229,,
9643,0.04089979395603513,0.103865281603458,222.25262144141675,36.454313309147246,,
9644,0.040367059991851334,0.10021220720890403,207.19258857657903,38.89924175837292,,
9645,0.04007783522645284,0.09827489756504311,210.15720074415475,37.10356023552802,,
9646,0.04004221531388191,0.09670437867813873,204.9168771947997,39.076961681256236,,
9647,0.04110269115980428,0.10195458405824218,198.2457833514704,39.89818467567078,,
9648,0.04115995283125869,0.1019662924824029,198.36925225570855,40.58389616537606,,
9649,0.04002967060714565,0.09823390638036607,221.90516942375584,35.694731073767414,,
9650,0.04073352545075331,0.10129299440089581,204.7273860935487,40.18592778301576,,
9651,0.0405847166012532,0.09899488819931088,187.87317203482127,42.74668634923898,,
9652,0.04131666294182622,0.10350983000769312,205.1685838958148,37.33165236243018,,
9653,0.04280732376674229,0.10263797436409718,179.93111412875513,45.448801361389826,,
9654,0.040186369565508556,0.09754842765254124,194.84442259261715,41.49847558024887,,
9655,0.04073704538378846,0.10407065796556902,225.9122284752136,34.29774320992166,,
9656,0.04051541046911617,0.09987513243053388,199.2074351844107,41.12881517735956,,
9657,0.0403472656863304,0.10088163812295883,217.74020530190478,38.86036054759088,,
9658,0.04068269614014395,0.10113252347864644,200.99853082333226,38.80251548238044,,
9659,0.04003145516740044,0.09690849195310647,210.59194216062184,38.427420412185796,,
9660,0.040539245750601055,0.10051020071485266,202.5393358277138,39.71881278215514,,
9661,0.042955210159091525,0.10394316310000505,183.7707913510632,41.51361854733882,,
9662,0.042413373107373684,0.10070143508269079,168.641925818372,47.94974715578945,,
9663,0.04023468438256753,0.10117502121259811,224.29920184307494,36.261522039551025,,
9664,0.04047993319701348,0.1003791699560084,203.093656230718,39.31708827476454,,
9665,0.04005987043097307,0.09672675102121696,202.0314296303123,40.0467595426425,,
9666,0.040019343013990585,0.09855469361563825,228.5721861450011,34.23645098333052,,
9667,0.04046092247112842,0.09711794381593697,176.22660441547828,45.17697444831554,,
9668,0.04122582159000552,0.10098108389310674,190.73908956127215,43.42858264308079,,
9669,0.04020965604779946,0.09914010985131527,206.690397169486,38.940335026958444,,
9670,0.04159892550390344,0.10285952826756004,197.27954258256756,40.62786937230695,,
9671,0.043298226861093816,0.10282084855460012,174.54915548016714,45.92901813091552,,
9672,0.04017555170966643,0.09832096707730234,201.08111845338235,39.493718945239294,,
9673,0.042039416202925485,0.10161151444553183,179.05427564106736,44.2272469895234,,
9674,0.041709091711089365,0.10310266613651832,194.17841746496012,39.417322330527895,,
9675,0.0403699601837259,0.1021820435528606,225.11185407622358,35.78031191410836,,
9676,0.040203124291361254,0.10002753712771822,209.0578032645402,35.22928588755236,,
9677,0.04116668566285791,0.10010729603885056,180.83995706967448,43.46100737915321,,
9678,0.0407893567756313,0.1001205054908717,191.60376662985598,42.102226903887036,,
9679,0.040136629781949464,0.10001498210407746,221.22381682025045,36.5077727948071,,
9680,0.04030348124772162,0.10108809877054786,213.60988493496106,35.16006966597007,,
9681,0.04088684414616694,0.10149451470818031,199.32154190535343,39.63318390760072,,
9682,0.04019549510172847,0.09884097371767471,206.7049647533927,39.82177147399301,,
9683,0.041323258684245155,0.10290793996821561,202.54215254974875,39.38589721716112,,
9684,0.040789939043206984,0.09957770490168047,183.52714107970849,41.88384665206479,,
9685,0.04009364088145255,0.09948583281051523,219.50061864098151,35.78089830891614,,
9686,0.040788717790744056,0.09975893872188461,184.7608217428477,41.42468861029607,,
9687,0.040297696137442725,0.09832102696293754,196.0401816984513,42.15560910124955,,
9688,0.0401684409655502,0.09897953249323542,210.16472791005503,39.19417095720853,,
9689,0.04007272081213679,0.09795337334334211,210.98442008905278,38.508045826033936,,
9690,0.040665043856978764,0.1001865240429506,196.49682435821387,41.482099147340435,,
9691,0.04108655425044428,0.09962533372332204,175.33710633912222,42.86739004258825,,
9692,0.04045544324910135,0.09971923527292754,196.2404348034325,39.548559257787346,,
9693,0.040008279881066616,0.09563165957359668,208.77646605758085,37.28755989065603,,
9694,0.040159486257782366,0.1017513349807196,232.96820072816004,33.42691464355754,,
9695,0.04095708083354643,0.09990431733185491,185.11139036398862,43.280529867309276,,
9696,0.04000554126994556,0.09806743093962615,238.34194950996007,34.169088034931136,,
9697,0.040288849679238604,0.09939762945001415,203.03229837683358,39.1503101391832,,
9698,0.040174516530146843,0.09921225888782091,211.01283810503372,38.645529725157765,,
9699,0.04016927458669959,0.09928862246672875,209.96093043738574,37.66726094637409,,
9700,0.04116030330377402,0.10352869072563198,211.00139063969584,37.496697877778566,,
9701,0.04040175418259927,0.09976677641774298,201.94636113108436,40.07610607237823,,
9702,0.040285457733390394,0.10003761444944487,208.01688438994347,37.71160160893941,,
9703,0.040114307370344056,0.09986683454962872,221.19719432665613,35.922681353282854,,
9704,0.04093625295892053,0.09979078160321564,185.35563619316932,43.630151188203996,,
9705,0.040057058838178665,0.09813053233338374,218.35452218912997,38.72733289602877,,
9706,0.04077766172462521,0.0994289426795379,183.75304467746793,42.49205504396596,,
9707,0.04205519577307801,0.10212574148385142,184.06387709544194,43.64342594734652,,
9708,0.040025770972458935,0.09949332070283727,232.542709425665,32.6017666780353,,
9709,0.0401158416904586,0.10026954534794448,221.7639087311194,34.27166831090998,,
9710,0.04000052049221366,0.09370886827547852,215.86811035111822,38.18980976639099,,Stencil thickness low
9711,0.040260357580618675,0.09975856615550491,209.17001841224,38.656619491410936,,
9712,0.041096568868055156,0.10237547097220634,199.719077173859,38.30845050616891,,
9713,0.04126263164829856,0.10083735208908967,184.3368473414151,42.28661882500848,,
9714,0.041308421228137,0.10192214014658275,193.55263602888837,40.8123441273068,,
9715,0.04181087968473109,0.10111391530492327,178.5193941778537,44.44173432122185,,
9716,0.04001357033118262,0.09576023611518494,205.97757766938108,37.999762780384216,,
9717,0.04077427935449817,0.10227665054300274,211.40238942077963,38.4368394277433,,
9718,0.040258910440309506,0.09952093601818189,206.1061273969247,38.67520119108116,,
9719,0.04001868373874596,0.09879488857135353,230.42186536092436,33.55182717224625,,
9720,0.0417503720886798,0.09923622841701009,156.91044912217956,45.333506031738324,,
9721,0.040844667378063644,0.10106733942183842,199.03757242856182,40.98474268794339,,
9722,0.04032842581415817,0.09855397310069051,194.3028665808942,41.31525003760029,,
9723,0.04011806892341086,0.0990421677046542,214.11240610204743,37.63767143772214,,
9724,0.04044433251454107,0.101966551988739,219.08780188526023,36.50138758611082,,
9725,0.04011396357192487,0.09936110172447465,214.14439807730173,35.856135786861756,,
9726,0.04115787002666296,0.10124421368134678,192.21992475108215,41.877770518129914,,
9727,0.04055676639934049,0.09797299552302356,181.9530106403538,45.05885286726222,,
9728,0.040202055567395055,0.09808122530836863,195.2410463520174,39.714652013295535,,
9729,0.04033145451907828,0.10022395783886615,205.3453966153436,37.22833230054238,,
9730,0.040994412226128575,0.10245768218941696,205.237067250555,38.546504891499104,,
9731,0.041071715140729756,0.10128812736122303,195.94340821594622,41.918063789706025,,
9732,0.04214279214974818,0.10229915426683694,179.77267069407964,42.0186488674765,,
9733,0.04016494428262265,0.09981903935598953,213.7715180269255,36.248180556034775,,
9734,0.04083128999030458,0.10057345550527873,191.6827179078354,40.57737766020743,,
9735,0.04050544881521366,0.10195751388766805,217.38715990315907,37.276338906426524,,
9736,0.040782719536053634,0.09981431204646793,186.7971833770522,41.7829014085525,,
9737,0.04044121387438512,0.10283054508287653,227.0298248668189,35.05812913842845,,
9738,0.040507109881629776,0.10251370770374282,222.10532402334263,36.28850931187586,,
9739,0.04044053446232767,0.10026425565562105,206.33338655850002,40.138729233988826,,
9740,0.04020402412494102,0.10133171785209417,223.39416845692267,34.02283516047739,,
9741,0.04016528659134542,0.10043803507840911,218.17597764492152,34.82766799271342,,
9742,0.04034361034402494,0.09913837874064342,196.12379948386217,39.555894425373566,,
9743,0.0401658392136452,0.09923639145805349,210.55447326711317,37.96995322325909,,
9744,0.040719585060835325,0.10038047513642062,194.62758987312904,40.80378111531585,,
9745,0.04010859932999904,0.1004053641857733,228.29329608265004,35.463370720493074,,
9746,0.04018703275399857,0.09955487346859397,213.3904333619675,38.376721465793814,,
9747,0.041498086095451976,0.102842209977195,196.66249053717638,39.48452579091647,,
9748,0.040328875844506784,0.0984743809469282,192.37600016869584,41.03258380264056,,
9749,0.041534596327420785,0.10310175230337415,200.49676038617844,39.95367386881325,,
9750,0.04010011832178004,0.09921127913387677,216.86136520909508,36.633579994605576,,
9751,0.04005805146092309,0.09984786574341639,226.34114923777776,33.35423337160049,,
9752,0.04042516376390113,0.09828750684005688,188.86924280728198,43.17018045476346,,
9753,0.04039149080424989,0.10045982455075494,207.87978071826925,38.56791975272098,,
9754,0.041242566961996845,0.10069530127345622,184.3078730083992,42.733302563436645,,
9755,0.04158400822188069,0.10171667018793669,186.33181809749908,42.13985524485144,,
9756,0.04186176725009854,0.10115153985174939,179.01261407450735,44.89233161859094,,
9757,0.042863618954879945,0.10228250735954657,172.60353966456162,44.9710454412309,,
9758,0.04002418960236439,0.09953457199616525,233.09211023409574,32.25962080950345,,
9759,0.04177019987431997,0.10056215741096508,169.6129085214218,43.59270712888357,,
9760,0.040087902153477,0.09951077143206144,225.25294525286446,37.263631494363274,,
9761,0.04052167159944265,0.10197908712232491,215.4565662135317,36.82539920903679,,
9762,0.04003769895902131,0.0987393427427844,221.5816418630628,34.47456654945579,,
9763,0.04159751123680211,0.10117481158026707,181.9578470028335,43.347346199558345,,
9764,0.04143194607484067,0.10024618510252128,173.30552159164642,43.10035710580196,,
9765,0.04013517079939259,0.10078729104042888,227.68979287365542,34.97868256697474,,
9766,0.04068278228028599,0.09971334679450627,190.15678611859636,41.83516328460789,,
9767,0.04085812208341172,0.10257904824233101,213.3085559151484,38.91394767746644,,
9768,0.042021241709563985,0.10207574893347315,181.34005382686706,42.63688155437566,,
9769,0.040024657851266576,0.09797995651647601,222.82881795003664,36.25087802153573,,
9770,0.04118521634182489,0.10062440382088128,183.62359302116795,42.16538089538366,,
9771,0.04140014195037177,0.10180518477946693,192.51269215672016,42.00887587762643,,
9772,0.04074045367990678,0.10347637189353433,221.62496847441892,35.71118936568191,,
9773,0.041469010578953386,0.10200609978123928,193.37291618052572,42.06462021172585,,
9774,0.04034161306947785,0.09740488945126237,181.2418506426881,42.6253684641271,,
9775,0.04102643597177186,0.1005560821151921,186.16158079656714,41.42339970195099,,
9776,0.04019493803432713,0.09795696727621545,196.1096380439125,40.33120876018296,,
9777,0.04004089875065628,0.09781336765063631,215.79858988040905,37.37504050620565,,
9778,0.04256225486827598,0.10203782159074883,175.02172064509762,44.860172876304716,,
9779,0.04020839680079269,0.0989213123125143,204.99537899112516,39.34994114001251,,
9780,0.04010637753301297,0.10040420482157254,225.80922430703504,34.44780362949837,,
9781,0.04141857894729161,0.10061834407312037,180.10045303053116,43.55903970381066,,
9782,0.04024062416258677,0.10031809999722281,216.3058933651098,37.79326417602375,,
9783,0.04119910315466336,0.10063463700064777,185.4955741681883,42.940339233035346,,
9784,0.04036294823662267,0.09888126830587393,193.8151844480974,40.50172604438929,,
9785,0.04018569602274831,0.09873222153143521,202.57531073956957,38.47802158250615,,
9786,0.040515856382786354,0.09900975650858751,191.28912729546963,42.52502397388995,,
9787,0.04152513714871421,0.10255821115858746,193.49938592313595,40.01534358258729,,
9788,0.04084655826187906,0.10049926924643458,192.23191272965624,41.35581704758337,,
9789,0.04142303014754467,0.10288122768472649,201.28303441168933,40.14732833480994,,
9790,0.04003110915181954,0.09724526364152343,214.3306170144058,38.05851453266563,,
9791,0.04055848149765907,0.09943741587956106,195.7748253600458,42.89404286542155,,
9792,0.04104455564082801,0.0991450831686098,177.7512613788182,45.50705163616406,,
9793,0.04050566511330314,0.10012465593150618,199.87634188249226,39.95749708011705,,
9794,0.04118530029182444,0.10106676391702672,191.31170247196985,42.741924451701976,,
9795,0.042163831016690426,0.10219636014902649,177.7132731717505,41.9606054613593,,
9796,0.04013486910773637,0.10104684946523186,231.80278536246746,35.15946153433729,,
9797,0.040932611043157464,0.10149289519024998,199.88363446104307,40.48240130700922,,
9798,0.04099357247033002,0.09995051683532852,188.18517668856992,44.63189693352329,,
9799,0.04260934260795814,0.10057713802023727,159.611123719899,46.82462838954187,,
9800,0.04010541576999654,0.09743842630328456,200.79801349431955,39.88826976127978,,
9801,0.04027731926355319,0.10204438872646591,227.6690398722013,34.69347156220366,,
9802,0.04010590089400523,0.09924693447139406,216.31135284551863,36.65644202435214,,
9803,0.04008360366992086,0.0991864648795774,217.03564352901194,35.59685379461319,,
9804,0.040393284844388824,0.09963014593919196,196.7174991573409,38.68244030157741,,
9805,0.04003677608781675,0.0978463977849148,218.41408117483778,37.530336646222,,
9806,0.04028790950233712,0.0998750934753313,203.1421597095373,36.85304933222264,,
9807,0.0418555275765519,0.10243463323357481,192.7451449218152,43.48289820771788,,
9808,0.04025425779027129,0.09986101036758768,211.3066825040706,38.710189433403265,,
9809,0.0411129994433385,0.1031933154517073,209.80488266005824,38.11942536415788,,
9810,0.04127993405018239,0.10281169823143685,202.12592684857248,39.22053422966422,,
9811,0.04050841551211032,0.10132817802644595,209.3068274333067,37.52749195823474,,
9812,0.040063533695503396,0.09920411909302833,223.70593361176395,36.09559004297097,,
9813,0.040711569137821334,0.10169326762930497,204.01664122169245,37.64202113116043,,
9814,0.040033386423288186,0.09646103889874258,204.674408241249,38.8318580296494,,
9815,0.04033971540947863,0.0994542529855186,199.1374887178219,38.9862718161454,,
9816,0.04018300239716014,0.09858081038749053,200.0044384151376,38.18631357355353,,
9817,0.04094373006389794,0.1027028638187729,206.5262037779726,37.13339496997274,,
9818,0.04038844538031913,0.10042805040603824,208.23625516694048,38.771142915657386,,
9819,0.04020448512536164,0.10082985325728126,220.84828159762432,35.56767517881231,,
9820,0.04007501518860848,0.09726113977094497,204.64678894909588,39.81703190956006,,
9821,0.04008257088084763,0.09814223558325885,211.58281051894113,38.63570324996355,,
9822,0.04026998092491691,0.10019146930771196,210.72943676904845,37.43233019523848,,
9823,0.04049846400130011,0.10013458975694023,201.93016790409519,40.483394921336156,,
9824,0.040265222269789874,0.09914521761176176,201.30722353538025,39.006883598100934,,
9825,0.041018446641586076,0.10118009167407487,194.65788188372605,41.30244677109679,,
9826,0.04032174884089945,0.09851189680458926,196.54052561452426,42.11827507143363,,
9827,0.041595470475211116,0.10235114933674744,191.37154009518608,40.96550641398864,,
9828,0.04050524501768524,0.10115354377988979,211.63114408733205,39.12543204246598,,
9829,0.04016408455956256,0.09885427936446928,207.15790669322095,38.53540369677215,,
9830,0.04361079183446886,0.10208072775335342,163.73637890582745,47.62083088902689,,
9831,0.04032242936904121,0.09916162790190187,200.58167566441972,40.42451456039913,,
9832,0.04122161865104339,0.10140769871698106,191.89575389444397,41.726745318317604,,
9833,0.04068540299802223,0.10193207827676219,211.180978058532,38.57834898647486,,
9834,0.04005362107783535,0.09705755226044513,205.95933592087752,39.15831641410297,,
9835,0.04027199491358304,0.0996425469369009,204.65909740249248,38.00779372619786,,
9836,0.041543852720305884,0.10281854231451602,201.34030066586394,41.712641202182475,,
9837,0.04001038331913431,0.0992027271583237,239.0064584702024,31.745456918856227,,
9838,0.04026873166253834,0.10040817182238733,211.80438610524908,36.72394362733645,,
9839,0.04270666823973007,0.10203738477956067,175.69654535749888,46.14661235178809,,
9840,0.042057481806975446,0.10063866265962472,168.24203119756774,45.264618393667035,,
9841,0.04165254710212467,0.09939621359782023,163.65466268550836,46.01675439057745,,
9842,0.04018876080060107,0.10143529444195849,226.05169267453755,33.83247651254509,,
9843,0.040005623812672864,0.0986797478840928,242.9660310937322,32.906429422824814,,
9844,0.040959158199485146,0.10183245659742717,199.98528347564107,39.241273718815755,,
9845,0.040826503340774006,0.09983850278928852,189.4106539463581,43.25512564528951,,
9846,0.041365774793329806,0.10173095857158829,188.43156303890873,40.558303681114744,,
9847,0.04005932420037501,0.09820973308563852,215.533676643486,37.5893197262929,,
9848,0.04030543922390957,0.09920295430702843,198.13804832512096,38.86717488638941,,
9849,0.04011577875583257,0.10040613039866711,226.32351919399784,35.21679164685498,,
9850,0.04175368324952146,0.10302748113063723,194.56629671914806,40.33387549750506,,
9851,0.04100677276902974,0.09986280743681131,183.40964204729553,43.54493039046346,,
9852,0.04084361777128082,0.10227242325147629,208.87561120611667,38.61830034436728,,
9853,0.04098573726237855,0.10109553956638885,193.77593798083535,40.968230142803186,,
9854,0.0401227033559331,0.09925195386857394,215.4545040604024,37.373982919556205,,
9855,0.04184832664484078,0.10201422898794037,186.7339128523029,43.328450879462444,,
9856,0.04218182612895252,0.10106848904539434,172.60558082708903,45.753956684423585,,
9857,0.04023470651106753,0.09862802511348724,198.43759191637267,39.44269133003802,,
9858,0.040012800252594995,0.09549854620788573,211.7530019767529,41.01950357392788,,
9859,0.04004258388001844,0.09743060701368242,210.2063857827531,37.48515314343319,,
9860,0.040464728414541296,0.10116421999876259,208.6917474934133,37.167231094021986,,
9861,0.04082302248022844,0.09907028200324829,178.91607386130548,43.211538765203215,,
9862,0.04031845742520493,0.0998807947409057,209.01727896115113,39.81231700957183,,
9863,0.041386849567584594,0.10191206335799151,193.3860482308446,41.658572905879886,,
9864,0.040244442664788535,0.09931807426878926,205.81347321999738,39.05684393974031,,
9865,0.040427843327316186,0.09956899950049039,197.8405802001703,40.2070863803773,,
9866,0.0400294550740727,0.09817358367561577,223.93318001307932,36.661948917261235,,
9867,0.04209716736875,0.1028387057033619,183.8954197470164,40.49003623984498,,
9868,0.041808122641371875,0.10194297947479738,183.61470969400318,42.20895693211913,,
9869,0.04009812872380482,0.09936135405177549,216.78773094324058,35.74452590142236,,
9870,0.04004899322790523,0.09677673706768321,203.64215071668718,39.15421708603729,,
9871,0.040777283902071665,0.10037899845962729,191.3351255773616,40.57135377029305,,
9872,0.04043113953988839,0.10007493236906788,200.42577167581786,38.751809664093514,,
9873,0.04053774174043692,0.1008305177830185,206.72776978306163,39.619103147625225,,
9874,0.04001363464371198,0.09841958017739337,229.31209131515547,33.40783162418076,,
9875,0.04006686634117216,0.09821059685932275,212.28182741044404,37.18693060757469,,
9876,0.04137031041914606,0.10140436435348442,188.08553674615973,42.06320539425399,,
9877,0.040016272693247285,0.0967547432071672,215.40902832336286,37.41599069774238,,
9878,0.04014094089180616,0.09802195936082417,201.79612263310696,39.5122854957927,,
9879,0.04007147729196507,0.09801472400929874,211.23296921155264,38.188418072634015,,
9880,0.040087526898138826,0.09974391028152511,222.34040773204418,35.08084559648302,,
9881,0.04051682432515156,0.10120965878175912,205.66768346936297,36.989619369129954,,
9882,0.040030345207292845,0.09862095406056945,223.83456894288082,34.62865162041845,,
9883,0.04062486535785725,0.09846378550570234,180.64177216535998,43.501513451323994,,
9884,0.04135609465995839,0.1018266985940609,194.00236182585766,41.95642058587383,,
9885,0.04058016619254178,0.09969948587817085,193.37076751689085,41.19619956728618,,
9886,0.040020935126109616,0.09899448851033939,232.21575208651723,33.80395430685983,,
9887,0.0409636235486199,0.10046276452814325,188.78344569584803,41.966823350291456,,
9888,0.04159046451110615,0.10006459337528718,172.52297773545445,45.3129579324401,,
9889,0.04003125144174202,0.1003851733175928,241.82887894713627,32.61612458544225,,
9890,0.04068999108984519,0.10072526552235068,203.08807677369268,41.63102313445281,,
9891,0.040496333031443385,0.09974011417884199,197.48819017410338,40.77700182208223,,
9892,0.04146225894530837,0.10322882536727875,204.04389897238426,39.852419149693716,,
9893,0.04020806409461376,0.09970689483957688,210.77775519212568,37.581646608772374,,
9894,0.0411407043778503,0.10117776718394615,191.442106916889,41.717015198359285,,
9895,0.040165981622629056,0.09897986521692186,206.1750924752738,37.67070443024698,,
9896,0.0400213164437081,0.09935757294769436,234.38380282082306,32.908220156353366,,
9897,0.04234135550759995,0.10211998223726929,178.14391101936022,43.894186998504885,,
9898,0.04047269144858059,0.10042638375848058,202.86887530954405,38.85236014016498,,
9899,0.04086779100891657,0.10163692987930448,204.05987440628297,40.342953759006235,,
9900,0.040097296593558276,0.09681040411337591,198.9890577981147,41.73073305715639,,
9901,0.04085368876366226,0.10244598404223881,210.94464947522818,38.65790010006213,,
9902,0.04253229101590692,0.09920251748819078,149.35892562079025,49.28222925141758,,Paste viscosity low
9903,0.04052205599606446,0.10162423020843551,212.02468238822493,37.33676738297961,,
9904,0.04002996637732513,0.0986600057590131,224.4904695451438,34.60254301170119,,
9905,0.04081181841494053,0.10099018596062853,195.43653602590237,39.59599960429548,,
9906,0.040466408105546255,0.09934157654589862,193.97094301634712,40.81608036163787,,
9907,0.04006887686492468,0.10026581896872204,232.30088200852921,34.5091834092293,,
9908,0.04216222044526572,0.09961867525100322,157.6940796714529,47.33767883394718,,
9909,0.04021668310765307,0.09959555148744938,212.68221499433568,39.125924592239535,,
9910,0.04048910656782922,0.1010398397340955,207.07215286763292,37.725801142932866,,
9911,0.04020781141800646,0.10061955261739396,219.0116972113468,36.0675831188469,,
9912,0.04064488089987856,0.10074419367118384,200.0033455202358,39.67271392959879,,
9913,0.04149906854081645,0.10289408063579104,199.57474518794396,40.271564118452794,,
9914,0.040738380417312654,0.10155102539513933,203.5735210471441,38.61053780307015,,
9915,0.04053909934302496,0.10042481303512181,203.72157328276924,40.545611874158155,,
9916,0.04019665112219257,0.10006165770557478,212.89980206397928,36.1574823744093,,
9917,0.04013229908284534,0.098499343839763,203.04030813589122,37.177262922156324,,
9918,0.040203297789335936,0.1001720395137613,213.49278370094999,36.10299863111961,,
9919,0.0415134287334516,0.10313433565551156,199.14602618534505,39.105686812057456,,
9920,0.040139298628885385,0.09802241374084812,198.84235227068214,38.38069424999354,,
9921,0.04041627044282665,0.09891180217382806,193.10530900642897,41.43798384098917,,
9922,0.04037224777236958,0.10102914875374906,215.15957879926998,37.897990910585406,,
9923,0.04016088340812677,0.09978712070192614,215.84882756050033,36.94328724718757,,
9924,0.0409415589737613,0.10123764109517659,196.66372286987652,40.702793575981055,,
9925,0.04012937915174563,0.09868575934675236,213.1251715900952,39.671866376497164,,
9926,0.04095834689393755,0.09793659923111218,169.56764212539835,47.32006281591276,,
9927,0.0408390311021798,0.10118461975527215,199.39363839560906,40.46042437099447,,
9928,0.04025599734334574,0.0984066749603985,195.17884545088336,40.104935600110274,,
9929,0.044276409793705986,0.10297862937695149,163.1900914874985,46.90227156397032,Paste volume per aperture high,
9930,0.04057706138972444,0.10031124110250486,200.25081066272782,40.60917799678128,,
9931,0.04060519500402268,0.09884143995907463,186.78371267800486,43.485497614664254,,
9932,0.04008913958572026,0.1001076100462374,228.53625232488463,35.63232197875325,,
9933,0.04171390435338562,0.10236161532066139,188.64925353668846,41.09197874346205,,
9934,0.04035308392596872,0.10059714711542503,214.38536485258336,39.20797524524151,,
9935,0.041424623152899506,0.10149052607851394,190.32781041612728,43.01769155840255,,
9936,0.04074861812849713,0.1013579849960881,203.36770229089686,39.63490306091231,,
9937,0.04067157427868057,0.10140762889178616,200.65581960155498,37.1623878900861,,
9938,0.04107932270391862,0.10003043488240626,181.1054675032182,42.85481405867505,,
9939,0.04017088956161158,0.09935383683060862,211.34885618348122,37.91587185605858,,
9940,0.04068142782443985,0.10148143844305253,202.16804840741835,37.50783232355394,,
9941,0.040413474250300487,0.09844504120743819,187.80488847723473,41.75597241787341,,
9942,0.040568243765791795,0.1010622350610716,205.35169270022274,38.61188008096205,,
9943,0.04003263456757572,0.09686131405726274,210.9537205580524,38.98686178030591,,
9944,0.04058812464614638,0.10157980938891553,212.22988625685414,38.91623084811901,,
9945,0.04077811510158844,0.10196081672084502,209.4100507390776,39.31960996700715,,
9946,0.040328914734757276,0.10178971509312233,223.15456121164468,35.876050950405464,,
9947,0.040173932137171645,0.09626580968337389,184.55578117750895,43.51948555642894,,
9948,0.04134634103903542,0.10154210590184921,188.80808923772577,41.39228701636728,,
9949,0.04011554104867639,0.09732810451327763,198.4477709739379,40.23752650339106,,
9950,0.04002739913092521,0.09758654118465894,220.1505697951295,37.770740427593125,,
9951,0.04091117816179053,0.10113468350466588,195.2455795660673,40.27801462435628,,
9952,0.040170524653605606,0.10060933341529969,224.6142861092601,36.514072911171645,,
9953,0.040208826425958466,0.09984971348996208,213.45855376388073,37.8675392400894,,
9954,0.04035101231528346,0.09991424694141429,205.01061576077424,39.14381245976836,,
9955,0.04001446041452711,0.09649543706262806,210.38661040041686,36.31325146990773,,
9956,0.0418888009972411,0.10181978118283583,180.89134815100536,42.56700506687904,,
9957,0.04114495113190983,0.10199621625354584,197.77515501495623,40.048807686431,,
9958,0.04023912564474772,0.09934168389801434,207.16511808116132,39.23231615146335,,
9959,0.04175083940911012,0.10382068316390076,205.51711784038983,40.33923840470538,,
9960,0.04123652967368597,0.10260820821981091,202.30795190082728,39.77304445616318,,
9961,0.04048364200765532,0.09881424064730165,186.09404923636305,40.959539381939145,,
9962,0.040509870788602055,0.10003254531236132,199.19183888566198,40.24839855304903,,
9963,0.040937065748348093,0.10139943338227785,198.8016822852228,40.61366891453511,,
9964,0.040559103453003016,0.1016009614917149,207.21006622194972,36.48793598043024,,
9965,0.040018427090987525,0.0995140046017873,237.18028941264686,32.39191031756772,,
9966,0.04134572563565168,0.09993039271498604,175.4033417735738,44.44261324940433,,
9967,0.0404267205676438,0.09959224930407676,197.40369056899354,39.91428896780532,,
9968,0.04237303723562465,0.10127017057746324,171.41868962736157,45.872271282430276,,
9969,0.04011767745592897,0.09863211951834114,213.0035594946807,39.203843604461724,,
9970,0.040354982699861534,0.10127583021013176,217.19856687372038,36.97235699073769,,
9971,0.04087336219472712,0.09943790920993197,183.4382653410628,43.77161469018637,,
9972,0.04035897943332283,0.10027571778705056,206.6088256620681,38.17403475311559,,
9973,0.040133481967336404,0.09881538510961481,212.15881184328353,38.93321052803148,,
9974,0.04006455829365281,0.09903714933344623,217.83787085472446,34.93218314697404,,
9975,0.04237308897780734,0.09906091863404277,151.85498923694325,49.64350078682754,,
9976,0.04023556170156043,0.1016098153165455,227.051384784844,35.163495834911764,,
9977,0.041578339396079474,0.09926866493327226,166.04382066343828,46.75266013521772,,
9978,0.040583570801345406,0.10079584186145656,202.25722244820122,39.09923914112457,,
9979,0.04135803827451702,0.09945720897474895,170.31347430805073,45.06695624569561,,
9980,0.04074231062135863,0.10169221006861176,206.10322981060247,38.884288001993646,,
9981,0.04011426840509775,0.09764004477510348,204.0672393290405,40.634600676683704,,
9982,0.040320396228218196,0.09904092980665322,198.15556779591557,40.093313893951894,,
9983,0.040260176627102615,0.09848451332964261,196.9396691037275,40.49060630656912,,
9984,0.04002042898903825,0.09789398172577843,222.46678958341073,35.55470740566771,,
9985,0.04014982706026786,0.09765745689866293,198.7868410668152,40.6699777207217,,
9986,0.04058144025585782,0.10078566029122808,199.98299502738658,38.30564722622999,,
9987,0.040886155602569876,0.10132630931394028,199.13770735718884,40.37116820584578,,
9988,0.041708115728123614,0.10187374959965469,186.9138966282395,42.78232915288955,,
9989,0.040873351936780836,0.10184620359637014,201.87370912167714,38.64083782621422,,
9990,0.040589800060324366,0.09903937053272989,189.8352640579692,43.31973825907849,,
9991,0.040993379526325334,0.09727822136811991,163.8981564118667,48.97070836161234,,
9992,0.04053198001324107,0.10158054223580078,210.67924608469392,37.27411914692269,,
9993,0.041791961417011136,0.10088648954535043,176.4057851713602,44.622331559137585,,
9994,0.040211294313270154,0.09919107293389963,205.43448756876936,38.31490763184198,,
9995,0.041645178771748594,0.09862968779553244,159.9144217473234,48.329554439756954,,
9996,0.040661381079781234,0.09914809382274048,185.26191924387555,42.47150412422419,,
9997,0.040059797700976084,0.09778303163695125,210.62519832352626,37.96816601554347,,
9998,0.04018362742853782,0.09987477374471573,216.1673808577627,37.66479479880763,,
9999,0.04020839681406914,0.0994208585513703,208.2629866707606,38.08937410082875,,
