,latent Paste volume per aperture,latent Stencil thickness,latent Paste viscosity,latent Ambient RH
0,-0.2843624137595991,-0.10942332005468583,0.3041318212602427,-0.2156585321929304
1,0.5957406680273241,-0.38700524208954823,-1.1337964558096298,1.0642969649703444
2,-1.2880451614970023,-1.5643204042615482,0.24239994445390503,-0.3979884306405127
3,-0.8094891692734264,-0.5609748213069713,0.44348182860601054,-0.7562586219588839
4,-0.6405247613364414,0.6797452488861032,1.6048921783472554,-1.1004349152702182
5,-1.9522006584041829,-2.3212093834652117,0.4731675357915262,-0.5366958459520352
6,1.2605706575542437,-0.5347179554992398,-2.080732844532252,2.1271865035743303
7,1.1705004833804886,-0.26249631660978895,-1.6377424836375263,1.9291345505843052
8,-0.6770512275493147,0.04881916758488062,1.0764176858691876,-0.639231866682041
9,-0.5969665039818498,-1.9809405088604874,-1.0527353990753192,0.7940288645802352
10,0.13077940394437995,0.168034152851521,-0.07454480127927751,-0.06992193353826205
11,0.9812850388371733,0.6933899884014046,-0.4841699253167851,0.978749078666294
12,-1.0348797957714648,-1.4045772954541857,0.1711122283784741,-0.004611447730468804
13,0.16692211681373534,0.4019171871531077,0.18552164670763246,-0.0468853854834077
14,-0.7691038573857873,-1.581633557668671,-0.6173564998021893,-0.017846449411665338
15,1.8949128142929743,-0.20963029374963754,-2.4948660444438047,2.8789327428807003
16,-1.296170057616834,-1.2389097597469265,0.7687305085230093,-0.28454557949959275
17,0.9175493433086438,1.459670380792147,0.21856498224628199,0.1395773596486059
18,0.5367101408843247,0.8292851757906718,0.1303463841709069,0.1453186320917307
19,-0.3461610124471205,-2.3560734836700465,-1.750935591658186,1.365043802867384
20,1.3112973047565901,2.7530874781857375,0.682405673208217,-0.759036984305798
21,-1.4062867175984195,0.060853471261642644,1.722554984263712,-2.135300230370601
22,-0.5112944434307565,-1.0901058166756403,-0.08150658482427171,0.6617916389056254
23,-0.5763796009193481,0.4297350533443469,1.0402823083571355,-1.2632946431784038
24,0.7887324129007245,-0.426429838919554,-1.494296738461014,1.2134414614819566
25,-1.701039405585055,-0.6427727765798128,1.580817737093462,-1.7392939309993722
26,-1.0772774232879039,-0.9040372927686305,0.6587802196277016,-0.5049761937516767
27,0.789382218122806,1.3852079408632452,0.21225154095617904,-0.14986794768924275
28,0.32632857757019607,-0.5960954834131019,-0.9435250779852121,0.9419731133662806
29,-0.28452927943306294,-0.2850572443026388,0.002448890699699995,-0.32422378550297315
30,-0.40225421453258964,0.9627923404329068,1.192663671198958,-1.659702401276524
31,0.7985506497049591,0.8998971149229884,-0.24230741399392153,0.2533284352501077
32,2.479576690908633,2.0991200099063194,-1.2647170278136812,1.562021128859432
33,-0.9435251946819349,-0.4013538682066753,1.0299609280389352,-0.5863115215673564
34,-0.2014913365530608,-0.7254557378474124,-0.32253267521305923,0.46316790608575764
35,1.5450230007213483,-0.144909164502072,-2.109709699541477,2.1512763331430027
36,0.7402563137878498,0.8349987437812862,-0.13147592784173504,0.3972490143892287
37,-0.026182677339837906,-0.8977186886225424,-0.7040031152287326,0.8330054324027512
38,0.652518108261696,-0.07328621757680638,-0.8368483450196043,1.0333065455528454
39,0.7034684033190446,0.39491513562893155,-0.5756630192682031,0.5451945169937867
40,-0.9697335604162831,-1.146213209282931,0.3234571767265066,-0.12708264582200046
41,-0.2601232402349013,-0.4556496870170221,-0.029698142095607834,0.1184213442829365
42,-1.1594935380697147,0.03818190771805867,1.821257580549461,-1.0241175615765872
43,-0.0912445099633809,0.8521498509853193,0.7765771277267209,-1.0146750256817487
44,1.5567458967127916,1.125347852737044,-0.9726605793432682,1.1306352252810146
45,-1.2968574164904798,0.24647260258862996,1.870977119378723,-1.9306478950126196
46,0.7688019765604577,-0.21709749312748805,-1.117842491655261,1.3006714782728643
47,-0.7877592335382396,-0.2581821580022245,0.6602734281419895,-1.0275666895669084
48,-0.258118070214336,-1.6232723334835242,-0.739890583610816,1.6933026151750818
49,1.0221960198372404,0.12907059530868695,-1.1850977991783318,1.2516207086492483
50,-1.5246110889966251,-0.5183513180660282,1.5046758356558156,-1.5434830214575495
51,-0.40400237393120936,-0.15430589634690065,0.5231370672001582,-0.1485476207804479
52,0.7906438173584728,0.03363478401839832,-1.0018701306249207,0.9776538333362523
53,0.34566767504960005,0.01383815461772326,-0.46264586071339836,0.38606655612901924
54,-2.460452805934298,-1.2413267443654845,2.063592081568239,-2.156428041856757
55,0.003118802530804443,-1.1213289290856112,-0.8820699198221152,1.1637837900907486
56,-1.1673468407196346,-0.16072592782413356,1.2948595305722614,-1.5004021672742116
57,0.537699840086826,0.19602390647788798,-0.7329443839141471,0.15556434118409182
58,1.037754190985393,0.36624374675404076,-1.0880636038898124,0.9054823904557118
59,1.1396448144775937,1.2423562412632116,-0.4506991706475005,0.2777535839647516
60,0.22921272493097392,0.2949000247618275,-0.2029342069402295,-0.2510243514993306
61,-0.19691185490092503,0.3334948382161886,0.7096633345897464,-0.25753549818369575
62,-1.5401742249443922,-0.30849266845172946,1.6089981018708552,-1.9220344075814735
63,-0.7542250235369143,0.851524000239954,1.5798414164148935,-1.9660820554675067
64,-0.07521940935838843,-1.6205600179488697,-1.440618924269102,1.104306954528314
65,-0.41128093530294324,-0.11950346502259603,0.5931588308349162,-0.1351032192085645
66,0.9293274456874291,-0.25858227155467245,-1.4553554159575048,1.3792843499397915
67,-1.3042487942836076,-1.1227072155763547,0.6560748537440049,-0.7929036219339088
68,-0.7903425860623146,-0.9415429813216567,0.03206244578972139,-0.4943137897215867
69,-1.5251225254910463,-0.3170722365976688,1.7338101827003818,-1.6272930425501921
70,-0.9106858470857239,-0.834364527650198,0.5456420663712195,-0.27734354065194644
71,-0.14720844762572888,-1.0037693046356357,-0.459718299946341,1.0875307011258302
72,-0.7428169036008486,-0.6823191021494286,0.4122617823408205,-0.27985082900180897
73,0.0866819606174498,-0.769386637354413,-0.8985280841819517,0.5832691470300666
74,0.2506484735606742,0.21928966643624903,-0.11760192234513066,0.15881630051394313
75,-1.1547767156742192,-0.08268468543122094,1.5480510186576395,-1.197288208689189
76,0.4910851506545995,-0.25351692979874674,-0.7321164383530108,1.076366891756843
77,1.507233216812078,0.7616129343751705,-1.1212277627488756,1.570212265226921
78,0.0678819051793288,0.08687436930855374,-0.11814575951753853,-0.17563902925446992
79,0.9638191857753147,0.8850854893944345,-0.6470798986608471,0.16579527256122223
80,-0.3326541442843999,-0.3724856594411306,0.2667590023655216,0.18126203314124859
81,0.04343172041844023,0.6335780717223561,0.41346339215447675,-0.6458380323919073
82,-1.384013830448319,-1.0816340624420395,0.8244333941338089,-0.8802473047278526
83,-0.08084267177641727,-0.8100724826265927,-0.5858251088241104,0.6343675648246266
84,0.013083983246122477,0.5746065661099578,0.5677471675753222,-0.3396649420542148
85,0.0923094011049073,0.5356254293643264,0.6012742273931151,0.09688290995409042
86,-1.1663687489457284,-2.2916343250071862,-0.27086056559878907,0.8884742522304028
87,0.30483916685360046,0.7187296109940428,0.42846704091533644,0.10944392377889273
88,2.8209855831979356,1.5985444401558515,-2.1460047101152004,2.4369570279331016
89,0.5678935451166424,-0.023404706595162326,-0.8406010414548039,0.603655269973309
90,1.1463716850599415,2.1955046427531073,0.2170255682773265,-0.8227166497003063
91,-1.1823326127991618,-0.36327609069315,1.3671791812203662,-0.9370675122457763
92,-2.042113698157558,-2.036861225475293,0.8214524307090787,-0.9305699098481037
93,-0.08025010654101297,-0.0177133499997621,-0.03881471497069573,-0.312579305143725
94,1.3933938972993107,2.0201991431002906,-0.28333657516117783,-0.3989178024967954
95,1.2636877380904579,0.7168828401409203,-1.08313617446487,0.8748130427677454
96,-0.8458004765765684,0.1077758259377116,1.2147916882999603,-1.140793366912265
97,0.907357756979552,0.466248203790478,-0.6865574829453697,0.9061124416570788
98,1.0054122203968923,0.9649727317598851,-0.6849447961008381,0.05469385283009724
99,1.0609818876738926,1.319662807322633,-0.2920764060261299,0.0896414592529142
100,-0.5860455554460644,-0.24954329407074938,0.3686707156075736,-0.8417958553240071
101,0.42145826619463167,-0.34197863643809223,-0.8064537014356731,0.9100043120459548
102,0.1918505267151559,-0.35111008266160193,-0.5730641741029364,0.5229980222328395
103,0.9075052277088502,0.5164885237150063,-0.9660904910234003,0.29209007937749093
104,0.28062090081677277,0.575554273011164,0.24056421942323775,0.03722623451346489
105,-1.7783005916859702,-0.7145231602917215,1.4504094104336134,-2.072245721817489
106,-1.128123280938918,-0.24759351766117288,1.2873058866520881,-1.1636550463735478
107,-0.3907083924296394,-0.4807064754201414,0.20954008467627294,0.13420632185674852
108,-1.0125026369050032,-1.7149656889235247,-0.11576520725207061,0.3190739921351864
109,-1.9720528532865569,-1.049624645847076,1.7323524349922808,-1.4579392772765327
110,-2.0431524867987916,-0.4696697000313399,2.286495271595131,-2.1354786814007976
111,-1.0640151900381423,-0.7820246396036934,0.8773711356742049,-0.3666585482140044
112,-0.8135896393252583,-0.3711838986078383,0.8538130422209239,-0.5054606333985721
113,-1.3459346936274013,0.330953735498497,2.011129413279772,-2.062912511448833
114,0.1313817210712695,0.015750998600859985,-0.29257758708260245,-0.08456338991922267
115,-1.3387627472138346,-0.18789067666172213,1.5444845513326055,-1.6071672403792976
116,0.582933489153839,-0.16966495782696694,-0.9078049027493698,0.8921853376474412
117,-0.4879667821062521,-1.5803563983465114,-0.8724069209385962,0.5341321998287558
118,-0.511270820539178,-0.7699372520210052,0.07953830699523894,0.17255459553600042
119,-1.1375233853149571,-1.2877701750262789,0.18720416978676083,-0.6253446040879902
120,-1.132252283099955,0.3379608655867914,1.8638071502813713,-1.5758580060854483
121,-0.39154659507129574,-0.0779475390594602,0.5069393963926919,-0.3170606153436921
122,-0.4765101982536922,-0.1549535574639892,0.43348550527697555,-0.5643669354585399
123,0.2318588801317581,-0.45446661485114453,-0.742729666344163,0.6163701235183384
124,-1.5052682266819686,0.09075532381303399,2.08343238605265,-1.9246931460323398
125,0.07311083853750351,-1.2315411654505686,-1.3671233855158054,0.8244682074866938
126,-0.5433429877123284,-1.2661671765345222,-0.44909269756521636,0.32401059258189274
127,0.8812153352725475,-0.5188802768780514,-1.8696119409647833,1.1052325635249867
128,-0.01208012889398232,-0.1112008031017127,-0.4789569072069539,-0.6195747492157351
129,1.0319550064695784,1.591626770898854,0.003765315413847128,-0.14917611457342353
130,1.0157515847994034,0.7941057292310894,-0.4266694305870239,0.9601073403594783
131,0.3646924100506929,-0.7370265781979433,-1.1508229550574138,1.0538427244840367
132,-2.827827615145777,-2.5635254659529063,1.5313035426690726,-1.2147640114663942
133,0.6557374172604327,-0.2330458248814688,-0.8682639549826765,1.3753311513734203
134,0.2768758052515567,-0.14306303025135955,-0.5846917686427633,0.3038506176765252
135,0.7598306173395845,-0.1362570910690326,-1.0678371882804765,1.1615320345050228
136,0.3816126828038958,-0.49953285986750223,-0.8895040486206175,1.0016471949120516
137,0.07418011542972112,1.625837332754798,1.0337856435352644,-1.8385477241288344
138,-0.5000290110526656,-1.34307304729519,-0.42293220826385886,0.7107975331163237
139,0.16243051220771965,0.3964837438608029,0.024839219422056767,-0.3333089007032231
140,1.038902580514614,1.4698414342534527,0.02576981278338437,0.20868887740943926
141,-0.050032887321837444,-0.9331541422165296,-0.5618295341278965,1.0841831768360959
142,0.3024255795612599,0.6008315326680888,0.013976710684329041,-0.3456559409599991
143,1.2943195820345053,1.5807961826097374,-0.2599413771538385,0.34966907687673426
144,-0.6588336653953742,-0.04194757425287457,0.8903733503205365,-0.6830718844612981
145,-1.3642178280313002,-1.191604166394893,0.7995273316770825,-0.5877570687180227
146,0.610179388094064,-0.2807126386876988,-0.9290461347175097,1.2203775516745747
147,-1.9790259449668686,-1.4435177929944105,1.5466502809481086,-0.8589475541817143
148,2.5795494257987555,0.7788203732781966,-2.657767802824155,2.6511953450423116
149,-1.6256479950426652,-0.6849347800118606,1.6148685946042642,-1.3078440788840708
150,-2.2151682481654493,-0.9543267487667765,2.053659443647179,-1.9903989227454324
151,0.09776573087770006,-0.26089801724811745,-0.46435851054033367,0.16050803517674164
152,-0.2519877165010778,0.562731497963788,0.9216301890794352,-0.6342380282339934
153,-0.7122396771139509,-1.5668487757799798,-0.46342383127797854,0.42130695882782243
154,1.1241233404792323,0.5611361178739221,-0.9781011434159398,0.9374394064457537
155,-1.8204430440648185,-1.528265770194547,1.1378808607233402,-0.8084832237818251
156,1.4862772109640225,0.7921848773804253,-1.1040570102605436,1.4517352855749002
157,-0.0217741342966676,1.030313316340895,1.0395898658285643,-0.7326902088773783
158,-0.20375826870163952,-0.7119272828545697,-0.24139659029728464,0.565530631559324
159,0.695981282162235,2.7281198716998563,1.6405262353705306,-1.2080287708404418
160,0.13695803676968832,0.15075412049298692,-0.02259022373613427,0.08557445071555213
161,1.205548564196959,0.2131952565789881,-1.5964876405676314,0.9780546306387429
162,0.4171600919149266,1.3447552589189895,0.5767985979959931,-0.7396465273203245
163,1.159392857696113,0.31512942021871704,-1.4456918478958427,0.832850372928252
164,0.3081546174855895,-0.7097174612472033,-1.0581763363796368,0.9492072607060521
165,-0.48416073283262984,-1.1922087404390047,-0.4178344947977306,0.412066394965334
166,0.3431344008611249,0.505165116821715,-0.1294242444896685,-0.22201870730735757
167,-0.21754102158481312,0.1900253668168139,0.23740619463943494,-0.8178986271121947
168,1.1389005319643155,0.5548207358012526,-0.8658484015727794,1.2035712512928596
169,-1.2653482142680779,-0.7474400031096002,0.8271732518080684,-1.2585258275009041
170,0.9414522042404305,0.6384399213285317,-0.7362826642464976,0.5242925466686593
171,-0.2797738273058944,0.3762273284712751,0.8253978173841064,-0.4528038670590107
172,-1.7660124822865915,-1.988096126604686,0.650635751304291,-0.3627003865638306
173,2.220344965072758,2.249383154214061,-0.7545887438285409,1.1723008446023866
174,1.606091439858319,-0.01732228242576447,-2.287800895046642,1.7471656941695557
175,0.4788056337358102,0.23904990568266177,-0.39375252673946415,0.4395166364698978
176,-0.7278471896471874,-1.0765002221245024,0.13009578818954906,0.22808968954255807
177,0.8748784434309703,-1.3977584467792818,-2.2660846113173534,2.506247721742915
178,-0.4182612408958475,0.1912531657935621,0.7896734526524293,-0.564062633200869
179,0.21762945014593285,0.2782685141058752,0.2502761909819183,0.5473436920625443
180,0.8500843548398567,0.3692107281348969,-0.8636440873258704,0.6233490251208452
181,0.3568826661493026,0.7352610716747181,0.11685573193735582,-0.2942159043431957
182,0.3982881027372159,0.7068807912464581,0.10186207634321556,-0.10408689876009805
183,0.029277246934981477,-0.30406548511575976,-0.42949092520552895,0.08146499359097191
184,-0.07906799301548066,-0.9857595243507691,-0.9259560838096208,0.46503766822637227
185,2.1173348504392093,1.4501115946970844,-1.3739574423521994,1.6421474956179283
186,0.6863458607199677,0.04908340214766634,-0.8394374089981561,0.8540542962521834
187,0.17355615222338053,0.2872724496739208,-0.05549574210866429,-0.17144126668771897
188,1.1220858807518428,1.0016835029847206,-0.6636218927439347,0.42073117038149266
189,-0.12207361464128294,0.19791547779962276,0.3552046588870568,-0.28783646525397233
190,0.6782288858891137,0.07268194803777012,-0.8269310482159238,0.7900929447803978
191,1.7208661441794348,0.681111896943388,-1.6631205775251794,1.5723479534672318
192,0.04754746965456539,-0.053258858288932696,-0.07311360682487023,0.1696462735421827
193,0.9732582830005128,0.3299876349956471,-1.0487810725446034,0.8318056303415561
194,1.7733647223341842,0.23053676397470477,-2.0559651523661175,2.155416601223175
195,-1.595021449250533,0.40191825204587306,2.479497558686202,-2.2984753616786047
196,-0.9935635592639926,-0.8862991380209302,0.4936849551719619,-0.5398327997691497
197,1.5180493628450002,0.24684149096103455,-1.8618026674342474,1.5458507598948017
198,-2.08723993049806,-0.5772037560795207,1.995724806072158,-2.546318264419258
199,0.38638899604233146,1.041879545966056,0.4763014399696684,-0.2952810954145373
200,0.9923625455444643,-0.41801970893195534,-1.4099417794628502,2.0699188112150524
201,-1.227900027323793,-1.2499807246512242,0.5824589172711565,-0.3423782321607697
202,-0.4618339523459481,-0.2355569170519513,0.5722689202760222,-0.07232532113804009
203,-0.2986814433223152,-1.2594695877342885,-0.703835956319472,0.7330385852930829
204,-0.603905811309249,-0.5887019487714715,0.2638593279566295,-0.2712352636601004
205,0.24160930360519636,-0.023835948247670297,-0.4675048531020171,0.09650276838586672
206,-0.43594669049392937,-0.07467817944779245,0.7608843635230372,-0.03565112417200052
207,0.6364490487750921,-0.11054250713889179,-0.7703882257485801,1.1831188027711235
208,1.9283756064137174,2.5090200651446155,-0.4059845157441604,0.11634642649907118
209,0.11547762386990978,-0.5361874759701696,-0.5663635683291871,0.7088951736851494
210,0.6074399521502553,-0.5084747150454819,-1.144385063392403,1.3808819118289257
211,0.7293876855170329,0.8991528648449394,-0.13758990264390208,0.19262585593451667
212,-0.8658385736792705,-0.8576120558439628,0.496543864542342,-0.14748029166592572
213,0.27831532467475195,-1.2942177976561784,-1.5144944553638469,1.449468364857672
214,0.765412246493714,2.613577291250667,1.2279989672473357,-1.4109309357267354
215,1.9673671773870307,2.3032576733136323,-0.5297073122846999,0.5345292704049742
216,1.4069789713191112,-0.7301002551892125,-2.4605412167058467,2.452490211596379
217,-1.7120851049684227,0.3591245891891051,2.4915782577554824,-2.592277983142459
218,-0.15451079270452353,-0.28875093497845244,0.057880894781067754,0.2473071474662543
219,0.5694272754668459,-0.3365598650938732,-1.1008622153871932,0.9064695577231136
220,-0.3170208442332282,-0.09105549180114803,0.395229837944435,-0.21605871337276886
221,0.8096540590263435,-0.862189678866261,-2.0566166674102377,1.3488284086077014
222,1.4214991884869477,2.3610926034289608,0.1252469356429831,-0.40109818044993617
223,-0.21903183496461487,-0.06661716287168477,0.14350315031631206,-0.3689124844132762
224,-2.015670619169954,-2.27848347370091,0.5016608423943824,-0.8165426378139211
225,-0.40858856589045645,0.43931979318888503,1.0826266407515703,-0.6118971306207451
226,-1.1283414710084252,-0.6537546831855124,0.7407701212612976,-1.1474974356863608
227,0.2862257886689847,0.929702274250341,0.6108620135591233,-0.144959416280817
228,-2.440768557833921,-1.388196545931662,1.8187960232590894,-2.163148505887197
229,-1.371965427408544,-1.7966699457481503,0.22941669248346028,-0.15960238706047428
230,1.1700607327660826,0.5046633560226215,-1.0574147303225896,1.0981551421495925
231,-0.22156459885610663,1.3345293661336064,1.4002534763921652,-1.5455266057129504
232,0.3670134124591657,0.4008516736539396,-0.1819715572033177,0.022635370033328158
233,0.7470170740365333,-0.01709478656219665,-1.1806087602835338,0.6288927417306137
234,-0.9906855413580078,-1.3344653216213191,0.27804280881573035,0.1726640565559932
235,0.4035651974471458,0.3759049631204711,-0.18039658843276438,0.21635019303602124
236,0.31487131661563994,0.2088988143974498,-0.3705077757215277,-0.032690862536162206
237,1.3278699410269565,-0.3340264079966972,-2.0775894872964287,1.88849928392628
238,1.2052162734976972,1.4509109277972099,-0.25859822487782735,0.34727204319712995
239,-1.2114313635803455,0.8258514247273562,2.2824662689785598,-2.2989088060867
240,1.4296751439845046,0.1391913840868413,-1.7858389626008417,1.6239983428853941
241,-0.4713113694661458,-1.1017471538326156,-0.2815146437560994,0.47997721144362526
242,0.25952375705167113,0.35067675195022535,-0.10847395840200261,-0.11075141993058144
243,0.11914781409972958,0.8358376226236108,0.6026606273005934,-0.5299684726460671
244,0.21378068232386835,0.6353632050928344,0.26574879503677556,-0.30177535384840526
245,0.22812906945117303,-0.2041483596551765,-0.477322440209004,0.4665835951742315
246,1.688773780974472,2.0810341330210167,-0.648947204077785,-0.1349614378351891
247,-1.5018676236510722,0.11357477989128699,2.135790111795924,-1.8752879072003785
248,-0.1757243833972114,-0.4902952676696863,-0.12936743608571039,0.32799173927785086
249,0.40062743844466203,0.64136549363317,-0.02508877309580038,-0.16143362610055864
250,-0.6316257319447139,-0.5851059528851201,0.39453111211753755,-0.14847514330670541
251,-1.6452388953769472,-0.3416125419779741,2.0116963301210298,-1.5071438367485939
252,0.7809249920062339,0.6405110940767007,-0.3777680713809165,0.5779409073222079
253,1.2603643306293952,-0.07670488667615816,-1.8205781521893278,1.4789865535105504
254,-0.5071882661930145,0.50078296057375,1.0760901837150694,-1.1243987964166744
255,0.7309657089687538,0.46556755712886105,-0.35038919480119385,0.8702669363349048
256,-1.3145786778378445,0.19135685671173222,1.9556458612210958,-1.7114723783479564
257,0.5574500524014585,-0.30076933351211677,-1.1098955479443473,0.7612524379440013
258,0.07042600486846376,0.6084542559973363,0.4407223596403968,-0.4405485726981852
259,-2.054826077637978,-1.1565744957029716,1.7293883286181317,-1.5007125704512632
260,1.9980955239595815,1.5299341891869709,-1.3195956694853637,1.1189509079148623
261,0.3844974600606231,0.30456633758798274,-0.2788047188078749,0.14690008406604915
262,-1.1036629384737404,0.11673009155424431,1.406433762891376,-1.7461547617228117
263,-0.016042916249961712,-1.0808760700650648,-0.9909179002973422,0.805516256451397
264,1.3438155170138912,0.9763290376572328,-0.8801163384436049,0.8926915542222038
265,1.643230346298363,0.08910714618483222,-2.15002986954265,1.865896011114295
266,0.16501551997698496,0.7024069601697317,0.4302542783645265,-0.34783311874536815
267,0.1797994184222872,-0.19690210142511308,-0.5139507487517988,0.21167904648086944
268,0.6070030907828988,1.0857002263985074,0.3845244702453274,0.22561938557127992
269,-0.7025237100405702,-1.2653853272642546,-0.16973588214448304,0.2459290660578153
270,0.21253857304633797,-0.1434567826304726,-0.3555811369152358,0.47901996909131334
271,1.2770511204718606,1.0668305280141794,-0.7349289960673326,0.6915361048173673
272,-1.9278772525931926,-0.8233389034723526,1.8002198925484076,-1.7269293270455235
273,-1.6812005985494451,-2.907207351630245,-0.38498275857528663,0.33371448475221827
274,-1.6457248241549938,-1.3723978036091746,0.9306876778687141,-0.9259673522340567
275,1.2753023849767076,2.6281828835053394,0.4979322765456792,-0.9114429270420855
276,0.5381703547759845,-0.537644145021115,-1.3167515765802205,0.8996069032583356
277,0.16809906717176928,-0.7011579866172367,-0.7444598934678488,0.9813289920966959
278,1.3939336358337775,1.1387264272252513,-0.9914684964451985,0.48308775170326723
279,-2.279687313666691,-1.0797801862627927,1.9283090535918248,-2.1391404218263217
280,0.10429437330605398,0.5459905165353118,0.33730243311652996,-0.35103699419970014
281,-0.534119649495409,-1.761819821511445,-1.0669349626550948,0.46430575216651054
282,0.8521384698421636,1.0021545811753194,-0.1289674724067224,0.3978373835768135
283,-1.7932327186641879,-1.1489816661390488,1.3357074000855675,-1.278444848183553
284,-0.6560862429499166,-0.17603428327727277,0.5986636603279397,-0.8639913363164846
285,-0.7434936288827603,-0.30424284826632253,0.5032288595402141,-1.0351215191424539
286,-0.05704761293011508,-1.3896451695087424,-1.1871768720068139,1.058581453199382
287,1.2438186068687571,0.6196233197496126,-1.15784427443594,0.9069308365465172
288,0.6810866165381511,0.42599107254217666,-0.4264659737039963,0.6533371132157978
289,-0.5847913516423681,-0.35931744089809337,0.44157677268370876,-0.443494847009279
290,2.2005634737475477,0.6137582521575127,-2.1557637237425555,2.580779634026793
291,-0.883422515285209,-0.22870111993045553,1.1961661414020248,-0.49530067563052177
292,0.8102669375161901,0.7058265647322034,-0.4815597654215372,0.3419298456089308
293,0.15867979846324773,0.2961760351978704,0.06245775273092292,-0.03802691255023824
294,1.7454339758719062,1.6688194098668854,-0.8006633535239006,0.7957380879690877
295,-0.12482600621726216,0.9318283043939527,0.8953373889773831,-1.1176828621439945
296,-1.3054185544435135,-0.20687252194850636,1.5601551251433963,-1.4144602123616659
297,-1.6636628225167371,-1.0834740030356216,1.2316817196844465,-1.1570235018525301
298,1.106759108585871,-0.6800379934672609,-2.031424680566919,2.015372718021358
299,-0.7056603513036638,-0.0661183057292737,0.8474924699007073,-0.8677386012493119
300,0.304050215607787,0.11387390440388916,-0.3520807527442078,0.19069337582990245
301,-1.915470283527162,-0.2495436031966849,2.1446051638521118,-2.4611323894626222
302,1.5373638875796256,1.7317021766443714,-0.5491285890875008,0.34377182431001524
303,1.19817634803593,0.3213360334267812,-1.2324664140220631,1.3326994524060853
304,0.7299697181988466,-0.27112126668405484,-1.3561880841910676,0.8718436787955298
305,0.7105067412145587,0.3050072439652212,-0.6640541931402905,0.6316041724406746
306,-0.7665297535215773,-0.4741951616811328,0.424928582185273,-0.8450541866834573
307,-2.8818853906803135,-2.494633379373466,1.7022121356436943,-1.272910638512636
308,-1.5007098621265098,-1.7184385085682388,0.46745283535010873,-0.38887832299188907
309,1.4320049520768523,2.1511880192107324,-0.03387493566295878,-0.1371986716746955
310,0.9836107911885033,-0.7232049486657764,-1.9173959719519784,1.8805865342912298
311,-0.5501805234812044,-0.3207822953100869,0.3972407771542851,-0.49107707047667387
312,-0.3913699484318113,0.018001316440503682,0.4446753214006746,-0.6580719689731783
313,0.589259675457906,0.4971703449647275,-0.33951493282294243,0.30651597995494356
314,0.040753115418989225,1.6952795942443302,1.3482109611894455,-1.5710627799213512
315,2.3618464064071927,1.5563255306299562,-1.7562083117173728,1.585268894583513
316,0.7024889656394617,1.8353310667606608,0.6645192181693217,-0.7499634470723926
317,-0.06160480948538955,-1.5676935005824497,-1.223466328635545,1.4083878371408398
318,0.635222394017839,0.9436708877787715,-0.12878302771222438,-0.23601727752561272
319,0.9185674834796287,1.9288553837631208,0.2889035137617306,-0.8661269394660109
320,-0.32434654233036875,0.0809672066628099,0.20104848675926495,-1.000409145835954
321,1.6808071669454818,-0.1214824455032235,-2.3117488225266283,2.223645910949968
322,-0.6885834993367975,-1.2940902901293514,-0.3316451181953738,0.07945243971381842
323,0.7344546536808696,-0.4452297467597877,-1.3190436717702723,1.374016838468632
324,-0.05325080649234965,-0.509497062188912,-0.4646465421026898,0.2206817850355459
325,-0.5785048995055906,0.14927224763112656,0.8427196929543569,-0.9419191980796779
326,0.4461169079752247,0.7734560292292206,-0.19129647249864346,-0.6111518886738968
327,-1.7908457824127477,-0.6271124651036083,1.5473329291030173,-2.1572558414298753
328,-1.2241236217114015,-0.22029331517375408,1.1882262135866843,-1.7476084538745618
329,0.9865673957771031,0.13906750773861704,-1.1329616089783459,1.1920840226897542
330,-2.768046784484554,-2.2210448048532982,1.8638327199670164,-1.2417231491910319
331,0.9284922152488277,1.3773971361407709,-0.010557945235306312,-0.026791275634716945
332,0.8868698722094918,-0.6819265695221732,-1.8267801986677528,1.5948975512967674
333,1.484394137973235,0.4214382207241758,-1.5851598440716652,1.4918312392150275
334,0.24209912346091295,-0.5458676278086482,-0.7763457460151885,0.8144732667592836
335,1.7246187185859618,0.9263324774716385,-1.4294862521293894,1.4055682985171845
336,-0.0383022707009039,-0.43763479634575114,-0.36449897755352045,0.2772099293155847
337,0.6965051395368447,0.5311216542224948,-0.46853043229446084,0.38027198090142533
338,-0.2402944699602672,-0.15856334312275566,0.24183920246920573,-0.0493100592568783
339,1.4648144403961878,2.211239756731269,0.22938507265027683,0.29949244028913946
340,-0.3170751336788376,-0.19000763512829444,0.3408799055255431,-0.07309691924945633
341,1.0421279907259973,1.1594627347355015,-0.325558737517316,0.3501732747315676
342,1.7288088539146311,0.6433845413210386,-1.7328073219916458,1.5689348347004204
343,0.781635181050602,0.40752422251841813,-0.644081288136842,0.67346539270792
344,-1.6246407661875721,-0.49656232610580864,1.5715208107174434,-1.8357861408686997
345,-2.126952212057887,-1.225404616350019,1.5394160008973607,-1.9274503562582344
346,1.8616446542730196,1.2665247942818756,-1.1690759565237507,1.5330448567212833
347,-2.364203948508051,-1.7985336089416524,1.7358051254911295,-1.0445756135773951
348,1.316716602230173,0.9984608327702769,-0.6917977054435277,1.0746000252687153
349,-1.0971775447184287,-1.4092124401204034,0.02136023245024189,-0.4803327107798821
350,-0.43477537859374704,-0.1829112169554118,0.646880645293384,0.028865367269810177
351,-0.016110970236914088,0.9362549692718836,0.9644741243623807,-0.6177482658358021
352,-1.1988354772025382,-1.372971157209123,0.24741958864175403,-0.5324680088562807
353,-2.280011667662552,0.029245150631375012,2.8977703124683654,-3.1090268940656096
354,0.6009421404361396,0.2859315773249321,-0.4365650675862217,0.687358451348643
355,-0.6563073874328345,-2.5666286692896385,-1.4687528883937429,1.2627954254241855
356,1.6996193029120483,2.473243912011611,-0.38979308420826464,-0.5864514005411091
357,0.30330378384537177,0.070096270328617,-0.24038112750246482,0.4908533737211116
358,1.7555925374662356,1.526697055396225,-0.6957480983545946,1.360491328890576
359,0.23530379237314913,0.7624133393553895,0.29989613221159417,-0.47150893426249635
360,-0.9871959071985574,-0.4188375237754564,0.9833416216223712,-0.7824460296581839
361,-0.5359289736216788,-0.5709555550606769,0.008086261349747428,-0.5223537311099283
362,1.7590506834559971,1.1702844448945524,-1.161055030708818,1.4129227966549212
363,-0.7648707718196404,-1.8508168567183194,-0.6282091598272475,0.6284238961830596
364,-1.3300505526062387,-0.7368830492003285,1.1621236030072288,-0.9243829751563463
365,1.9757538054561359,2.122053388154758,-0.7102218999590184,0.6837764734280644
366,-0.29925868051848536,0.08732742011816279,0.4510188766592883,-0.4850631257405191
367,-0.31999923873755964,0.02023152361814889,0.3835463311671642,-0.5161631830750065
368,0.8676188669225077,1.0981718820297393,-0.14630954365704107,0.19062673774532118
369,-1.6908663404139597,-0.5221875199171444,1.690667277243988,-1.8004241288519018
370,0.17597109227725383,0.8382198776843884,0.5150763430314358,-0.4871084275477126
371,0.4612503267370828,-0.08382500468240431,-0.8838945025423345,0.29199031039985185
372,-0.05156609967557577,1.6486528132015297,1.4525446080103375,-1.6043834904636403
373,0.46044650298319645,-0.23496874551678906,-0.7585552290149441,0.8753812605387329
374,0.8487012713630436,1.3585285866695636,0.11398332994197712,-0.046729133533815775
375,-0.8002662687815292,-0.753033271915569,0.38649836260436216,-0.3598544926412512
376,-0.003138307015520802,0.9231052049547208,0.9575721359668472,-0.5517821126089584
377,0.38892334255858235,0.6858021360496009,0.06615084417320029,-0.14964955138166502
378,1.2953447683226333,1.9968592328642438,-0.02155706556688578,-0.23119629416200924
379,0.5676974032011365,0.4740170083977928,-0.437728635289579,0.11208655529096412
380,1.3344356730573297,0.9607527756398172,-0.9781228505952302,0.7238748133802012
381,1.1226995897718155,1.3683230552999148,-0.1584016702236982,0.42856955826458776
382,-0.8374666768044431,-1.0969489619829562,0.1498703031446234,-0.07950639133913745
383,-0.25013696035875055,0.695153438440903,1.007581685910774,-0.7958781939583183
384,0.817887923461156,0.5813760486696959,-0.5413081615791723,0.564403929339172
385,-1.6207042674604282,0.35235927122706917,2.2932251193636373,-2.5992076716021315
386,-0.375518397639728,-1.2049235354280627,-0.6620043093438311,0.40038372819450146
387,1.642437979286143,0.5796116651031472,-1.7540331402405958,1.3767754622318666
388,1.0087205546344116,0.3896154162374068,-0.8302318979632725,1.2001210081703506
389,-0.9491133370381603,-0.06869245895888122,1.254962094776073,-1.0129519876499387
390,0.28335181132929793,1.3709884964035435,0.8682712112957394,-0.7671317394433463
391,-0.6332539284706526,-0.60401964840981,0.30854246709204664,-0.2603146483099206
392,-0.5425833427185908,-0.5445037510984447,-0.026423451159316026,-0.6709296919580382
393,1.2731225765600513,0.5759469743408592,-1.102240726378006,1.2153043785374555
394,-0.11036587130191097,-0.18680038464521773,0.017904621607212193,0.08830372665702112
395,-0.38712711244262266,-0.70718376084339,-0.236825969777022,-0.0933983640044408
396,1.1964674664208315,2.4335653519919336,0.7242066994138469,-0.32390618017657297
397,-0.31033448775932826,-0.8962127638163997,-0.5194276174923276,0.13918698749012243
398,-0.3568494727580812,-0.15032715351864576,0.17592300321785773,-0.6021806204471853
399,1.1064940108544397,-0.44417727308789895,-1.726934764752088,1.9818519586810586
400,-2.085631981910767,-0.42136547485848447,2.4223899540225453,-2.1642731591682605
401,-1.0875852439432885,0.7129524339615293,2.1479723294026214,-1.8207156797167985
402,-2.5260706034850804,-0.05523778108504305,3.193596452176934,-3.2626564411118113
403,-0.8217458824932855,-0.8764044233944123,0.25779940072699853,-0.3656704716030674
404,-0.466149438390163,0.005091656525868854,0.6098290675362693,-0.6028368785783965
405,0.0556637516582461,-0.36734196115477036,-0.3677729014514792,0.4375458171415822
406,-0.779176179140752,-1.570331275952149,-0.5167971085387426,0.09625891037004916
407,-0.09047901298466944,-0.7774657413821559,-0.4845267612529258,0.6998686407706572
408,1.951931390250992,0.49250979427987057,-1.9586480512093098,2.3326131768399767
409,0.20430581065380518,2.2063590558983144,1.7884326537384772,-1.4443369020995682
410,-0.8808705349968654,0.49570443758649396,1.6806588277242371,-1.3813827810127466
411,0.0011689486560512933,-0.23930811763040313,0.07060002465348253,0.7068517464016246
412,-0.7096987757671858,-0.26703744011569397,0.5648512680416671,-0.8954659067398775
413,0.9575926384076837,-0.17972080828398865,-1.3088179660791037,1.5483561259464578
414,0.6494316007007178,0.47703475095735565,-0.4286116023133019,0.4130768329180926
415,-0.8382932463677802,-0.6777278904436365,0.476191377680824,-0.5194737677709885
416,0.6122072571803352,0.3269087475475043,-0.6643510055507617,0.22675621570163862
417,0.2212056177831979,-0.9028777603778696,-1.193145396614882,0.8668738504389832
418,-1.618671311489515,-1.0707797917475688,1.355747081972816,-0.8079589203913042
419,-1.5303228838846372,0.6488440712442065,2.7271344819553014,-2.226791008796912
420,1.042325630120648,1.2807187789102565,-0.36762386813709663,-0.016262345474082115
421,-1.314906993503089,-2.1099368010805377,-0.10651377613946902,0.20847609633916162
422,2.1961164902825274,2.6408851229985473,-0.6426111907462317,0.33746928881226607
423,-0.44298083169368296,-0.7181327031405694,0.002343720790927831,0.15534525290575185
424,-1.3714055542260262,-0.5023347630139918,1.2202723631394317,-1.5362472615069707
425,0.06747339729282166,-0.18233995939708428,-0.0942496358469876,0.515420226866445
426,-0.17292232665728777,-1.2370468483232167,-0.923956084611587,0.740094195821541
427,0.018247511075918973,0.16589169872723955,-0.006937853540128717,-0.34776262349722487
428,0.0032157852911450014,-1.3249835201376976,-1.0768364068507223,1.312486047205593
429,1.2599998014274925,0.5056479218059493,-1.5112329775161615,0.6166317558575183
430,-0.8095988439533778,-0.6354275666736441,0.5423252054515042,-0.4024005546629822
431,2.3014433425715564,1.265698403495181,-2.0884277107891522,1.4852839825654547
432,3.0766692316741833,2.5147863331139315,-1.6235606909323685,2.059332314974129
433,-0.42228270893324343,-0.5880663810987662,0.008687727767173461,-0.07367759867020665
434,1.0782449705161963,2.3154160689321364,0.41810419106369423,-1.0011809687634572
435,-0.8322630842322432,-1.2898714722435356,-0.15997074099047792,-0.1415006603378726
436,0.4966053174224562,-0.375888512396553,-0.8202166893937615,1.2362872590736134
437,-2.3293390442131288,-1.09583728569343,2.13171010074153,-1.9189915733284768
438,-0.3675020097919391,-1.0492387252114248,-0.38381641967173347,0.5437506369497177
439,-1.3901184005201188,0.9490407725260772,2.823861166705565,-2.280118434022081
440,-0.0704011850237689,0.08039049168888143,0.2164806015410154,-0.06394819448601051
441,0.9278516328817609,1.3401264920113296,0.015106433492050732,0.10623567513393713
442,0.6875048518596575,-0.7248537940595741,-1.5798507000301654,1.4215387362736658
443,-0.18549801509633354,-0.7490154305763751,-0.4370895634774908,0.3751450296680165
444,1.641140478657578,1.494333075247692,-0.7886143174233308,0.8656713212200263
445,1.7127102961339142,1.359697736744646,-0.872984726698012,1.2979225574023774
446,2.0871668707975375,1.9642215451404075,-1.214597431373393,0.5734868922742481
447,1.644534797232466,1.7344027052245412,-0.6716538591279702,0.5042066130221365
448,-0.41416370385772466,-0.8990030153295414,-0.1192449589951096,0.48078670866271295
449,0.15013334233387457,-0.3531040493838978,-0.5997162445727482,0.3316559860906932
450,-0.06779363426219638,1.3882541764132776,1.2747202363761785,-1.3470689266085452
451,0.9574175338929968,0.5710342349276947,-0.6383029512647564,0.9170700872109717
452,2.765144153576605,2.0014900618403937,-1.939133227042447,1.6288870752427975
453,1.3251866628186626,1.2188518094820584,-0.6745604958086676,0.6028780178783646
454,1.0403011732117309,-0.09157160208375524,-1.3871705916339143,1.4928488746007103
455,0.6784772840876411,0.0059728437705648275,-0.8861695866094926,0.847620099118275
456,-0.49992752528656703,-0.3044201552953751,0.21251804315101472,-0.6768591637858653
457,-0.24687852390659706,-0.6116263304978379,-0.12827425824680946,0.36865605494213444
458,-0.8590735968039969,-1.2732608653951742,-0.18494152148144255,-0.32153011998801523
459,-0.832630655238629,-1.61915705482628,-0.4773016949351924,0.09279567688209917
460,-0.02340371799463691,0.1924596620321034,-0.049237098126223455,-0.6354741724857397
461,-1.4211519995210913,-1.7374192634653662,0.41818564888076437,-0.1455323075597272
462,1.1368901544288874,1.2587240937381197,-0.44573600907435174,0.2371213693627885
463,-0.6307216480970155,0.036653073590558714,0.693096059263563,-1.1205105361949546
464,0.34523579924549924,0.5816936839654765,0.2739457038000295,0.31228456824143025
465,-1.5714789049617581,0.8683072537070249,2.7289195549662266,-2.9009444985442494
466,1.404020572172835,1.5581601055313792,-0.49816738533902144,0.37622516334115724
467,1.8574113088914825,2.103697152023269,-0.5859606546226898,0.524287253414472
468,-1.2129354360359579,-0.02455885080331416,1.5554642963142142,-1.5325417771280303
469,0.5662936895001595,0.37097458855003235,-0.2964708339438784,0.6052163812784989
470,-1.6003011666914706,-1.212233207534274,0.9406957007741709,-1.1328436860282474
471,0.1867207613639719,-2.0250298002928666,-2.0278352035917897,1.981807732197293
472,0.12015064354714206,0.9738861120626956,0.9756722673472885,-0.20177167089213813
473,-1.2998696338496742,-0.32312418709178725,1.526674882526858,-1.1728552224881315
474,0.28138354834561563,-0.7157101537533507,-0.7903424947323053,1.3405187419892575
475,1.1741615438720123,0.7032387445639999,-0.8941025544830137,0.9212350292693393
476,1.9552715274197496,0.9790952288364961,-1.5630058668812263,1.8671081476390392
477,-0.46455862860659536,0.5892037058265465,1.120066545706219,-1.1080167259336067
478,-0.7747162472901472,-0.2817754939079806,0.7720243095445433,-0.7267804038718588
479,-0.013781386270388196,0.39095480562813717,0.4736855826890305,-0.15799992930396195
480,-0.3848814122227693,-0.3459979576354202,0.16177207831449072,-0.2546643189228345
481,0.922177771925689,0.3374764872179212,-0.6603177811561735,1.3164705904504124
482,0.06623513870115515,-0.4913907235105038,-0.5671003902985041,0.42333736070818784
483,-0.9961413426471508,0.4544921848838765,1.5699636832302921,-1.8892099831842977
484,2.063957027013632,2.284661600201437,-0.6613747585677441,0.6924554856863787
485,-1.4419715775400084,-0.17562343933393323,1.6151620212594018,-1.8810716082430763
486,-0.8627975610914315,-0.9915868274993107,0.3275615381267202,-0.111092518091164
487,0.04519000630448323,0.36420642086649196,0.38086526634741863,-0.04632556039810511
488,-1.2089820199687356,-0.5845578264525707,1.0577097574428254,-1.043769510859393
489,0.4852481560346772,-0.1616657736941389,-0.7227155010698609,0.8501949524207278
490,1.9983623034443532,0.7619365011093104,-2.0117050988334286,1.7541198898637758
491,0.3518637808372802,-0.8163642899461457,-1.3387254140235154,0.8681260585177031
492,1.110377788682064,1.661916372486408,0.08204772793253046,0.09949139729555478
493,0.4200338213939263,-0.10771074461283375,-0.6677942818506277,0.5836119008946759
494,-0.1250012413648506,0.6066366467671364,0.8992759778710481,-0.3257726283245658
495,-0.06153800125008531,0.38711145210948106,0.4804634993663261,-0.3074842662753023
496,-0.8094001931740309,0.018426787996475482,1.0634074957348107,-1.0619050846784464
497,-0.47171326767647437,0.4707963826633691,1.1283465359713414,-0.832941115513748
498,0.5130783252517126,-0.04702294411388941,-0.7878157583279224,0.5578791425074188
499,-0.5229159723832226,-1.022880106157173,-0.25422322531281377,0.15311931344309676
500,-1.61720169394708,-0.42538744727627775,1.4729694345685052,-2.1550082299768696
501,0.11577193219058073,-0.45871056670594124,-0.4758470135684487,0.6824794859323191
502,0.5825018981801462,0.0012010185890380207,-0.8540636707047334,0.5726854896822563
503,-1.3246734041922006,0.28011697607893743,2.094776025044961,-1.716516845256383
504,-0.21932248748411956,0.8408977260537862,0.9251703946028551,-1.1832009921426923
505,0.9732944848187518,-0.17302473020070483,-1.3461558063010326,1.5224379392533367
506,-1.1956764438313716,-1.3341839116848273,0.4438203110389734,-0.26836560329237164
507,1.7299173633597522,0.7487862691641528,-1.664253677695471,1.4392208038677958
508,0.2449367350461419,0.8331401295653438,0.21776583923713944,-0.7528338731763189
509,-1.1587898616837782,-0.7593729714024217,0.7974794818848986,-0.9011469701807497
510,-1.3456184723853015,-1.5104446005472678,0.38662619793010156,-0.47950277203439184
511,-0.647046646122943,-1.29931801116196,-0.2448115188478406,0.39377406838516116
512,-0.3858210728201263,-0.6648493050291516,0.005421602096194647,0.2363982312483165
513,-0.26429716975232775,-0.0434690967385731,0.27046832665161064,-0.3626490526907848
514,-1.0832744476113831,0.11963540138459625,1.2480264390350462,-1.9597639068504016
515,-0.21417328590324167,1.0529283299551802,1.288814849954784,-1.0354313688094468
516,2.1042426187405407,2.9101323705887765,-0.10033406247782226,0.3153264110538698
517,-0.5819045143438859,-1.2983825727329739,-0.2644574247828796,0.5897324939080538
518,0.3154214248876212,0.8750988660032456,0.4492833629066737,-0.19375080191633226
519,-1.8456042501590384,-2.032939159750756,0.6917011380283321,-0.4664544616361135
520,-0.5069350104379138,-0.8194802726424882,-0.13587042242638497,-0.07230660065628908
521,-1.4263515057857046,-1.323891487915993,0.7126526717877281,-0.6435791448125486
522,-0.9226206275183918,-1.4073253614181112,0.15605249793875112,0.3767777472054912
523,0.39494413687366786,1.4259228819841354,0.4756369768747768,-1.1936291891853372
524,-0.7611301032865119,0.03641564880024827,1.1098092140137434,-0.8509324904134894
525,-0.23781373352819532,0.6887400562665371,1.0676802031713883,-0.6302982069367862
526,0.33047945653022437,0.8986029454286271,0.15471763607424172,-0.7164022999576458
527,0.3570835732777425,0.5946460669109268,0.015564953365869818,-0.13251183730149238
528,0.23754721576434337,-0.6005833859481228,-1.0182773614500271,0.5035407189765738
529,0.8112411748391435,0.4795197051810739,-0.6429145417854452,0.607439283186813
530,-0.07023371648612806,-0.5337753420432452,-0.14849069221922895,0.7764137367409495
531,-0.1001943145503275,-0.9075379332465764,-0.7140926990901217,0.5743378211506152
532,-0.3292584548394001,-1.0428646181331798,-0.12080621146779087,1.1291002200904925
533,-1.244179434262225,0.02767408433549789,1.83243443265607,-1.2817612657246993
534,-0.3327373269222621,-1.4082352074456863,-0.8787710379324902,0.6620357861894398
535,0.5719486530539664,-0.11663222845623933,-0.8285244211002106,0.8646749441702134
536,-0.2883756915073232,-0.03123334516872418,0.4210842737059705,-0.21255528661041795
537,0.504831871879668,1.0666782745084158,0.28362080136297124,-0.2717090452114497
538,0.27904110939158866,0.10059542603147612,-0.1714519549085876,0.452048579628009
539,-0.815138582517364,-0.30393563962112763,0.8708937380174993,-0.6433187842669915
540,-0.15216168241163236,-0.5777940993924104,-0.4387139352599738,0.07782353313573147
541,-1.4825854525361077,0.3926522954899599,2.5217684661045,-1.799559709259478
542,-1.8930850960284051,-1.531979169858999,1.1512766901360723,-1.0355696153974059
543,-0.08214492518199959,-1.3549618811819584,-1.0706604460976024,1.0906432107467743
544,0.9702038376930456,0.86659796485761,-0.36096364566008293,0.7380769519956709
545,0.686065421565331,-1.038121193220028,-1.8162678632490674,1.7560633708403297
546,-0.5568655508956019,-0.3620789120630507,0.5029229565951724,-0.22875739211478058
547,1.4564184005222272,-0.28698198308514344,-1.9979714849933405,2.3748746896897335
548,1.7102673999516105,0.921704213293461,-1.4014042933358435,1.4149890643985388
549,0.3446075378270421,-0.9639904306477741,-1.1434790623924527,1.5432894697700716
550,0.648288021940916,-0.3395322832779158,-1.0581762212633452,1.2708840548777163
551,0.7250114604508746,1.2420461646628767,0.12234323025320926,-0.19276951098237477
552,-0.13285466463143972,0.3360551092283355,0.4671613861292721,-0.46256609707557017
553,-0.5780388543308496,-0.09645393069992142,0.42934511571627787,-1.075952899533484
554,-1.3180054109815251,-0.45482863340852864,1.3687455656074639,-1.1981571075705308
555,-0.4166380058636607,-1.0015734326730232,-0.2281055634461433,0.5276646320212506
556,-0.004167514477566065,-0.14814030836339223,-0.06680812992547153,0.2251044479046399
557,2.499165740541791,1.4889556539214017,-1.8842409806544875,2.0130398679674464
558,-1.3119064414124533,-0.885796386745853,0.9834012030941216,-0.8150987093587647
559,1.8015622942735594,0.06654347471476206,-2.1083936527535223,2.5598915759133867
560,-0.998762432609534,-0.7544163549413125,0.7957140723168085,-0.3441463176214643
561,1.3260947020858602,0.9144131448939047,-1.0908173008483744,0.6071751743035331
562,2.3907462971446147,2.265666294832196,-1.2290561256933963,0.905036525843693
563,-1.5643311037059682,-1.6626733831076375,0.6312968416885503,-0.4619661781868844
564,0.43974609543398874,0.3250276181565443,-0.44144141407903664,0.008041058789510062
565,-2.4822317584283953,-1.2944036044032559,2.1624932513227573,-1.9315737365829262
566,-0.5253092981364552,-0.2901474287525788,0.41440226174430306,-0.44589251914171835
567,-0.6959548496378136,-1.0071987672305698,0.028836074663330612,-0.003965859392411415
568,-0.05712257467801001,1.1528775251217616,1.0130507881820263,-1.2019686642801735
569,-2.0174242824269815,-1.5310350779794004,1.28442351651161,-1.2474450628406581
570,-1.725835980230681,-0.44670702670209156,1.8391689733397252,-1.8457803862894575
571,-1.3539768277281328,-1.3862062162490378,0.5678338202109124,-0.4898098023844349
572,1.6926541881917403,0.3359707883283383,-1.830459970559539,2.0100357356790886
573,0.10525123417259002,-1.177928119236844,-1.1055225408823384,1.2713944339179206
574,1.2937842459904596,0.7228544603136197,-0.926551091267294,1.2442435923483568
575,0.8987300581031118,0.6628717751829173,-0.4497842338959292,0.818011157624144
576,-1.6941761998737304,-1.254984653234597,1.1196074540600474,-1.049509941017977
577,0.6793418622844409,-0.6986247878750299,-1.4573038480613503,1.545202910190034
578,1.3920750449383104,-0.9433007733865416,-2.912401575838292,2.117034828755964
579,1.0601481009305536,0.9701754332273166,-0.5604115670804711,0.45751728802458835
580,1.9413338253464074,1.0003404293173725,-1.7658196461260132,1.4081334530921672
581,-1.5654106713790699,-1.9736943894343526,0.32352184096745296,-0.2574786119721954
582,-2.0724582827623825,0.5894290509422521,3.209261755873912,-3.170744750392619
583,-0.19429878094356112,0.811328124169894,0.872381752247112,-1.1154443388390152
584,-0.569558497241258,-0.1842199664480832,0.5646362482128651,-0.5949192207693299
585,0.31066376799898576,0.6533773826253232,0.18483232732865423,-0.14170267340496115
586,0.19812448493374,0.3752944607857299,0.18128710193861428,0.12150466322703084
587,-0.5167845650850141,-0.7539027885945393,0.09300183692105442,0.13786137981804072
588,0.6523663966702431,-0.9399672673207116,-1.7442510586533617,1.525533289660267
589,1.019451126408143,1.0532453854715893,-0.464878854037258,0.2798985141437337
590,-1.3661253724852864,-1.4168233848644014,0.43989620238622795,-0.68499671728905
591,-0.2539260637593604,-1.5498305421382454,-1.1858819675737537,0.7440071114096182
592,-0.9698890682010817,-1.1800191355515335,0.05881146633345419,-0.5128861253224144
593,1.565062087595789,1.8377976607169582,-0.5275535003626297,0.22455413962704238
594,0.6846142985925114,0.7270145816065194,-0.21313130447108394,0.31513180901014376
595,0.04718149228005321,-0.4442759806329256,-0.7077063568143198,-0.006668090441228781
596,-2.525770634327649,-0.5301873876246466,2.4979933821138958,-3.3414691584331258
597,0.11541172626267682,-0.28050291965268037,-0.32606107682999425,0.5149508375195612
598,0.009303094970151074,-0.5971780899529902,-0.6207284568285476,0.3807501389314852
599,0.6744301819656545,0.26302829577354414,-0.5714902345373883,0.7673546303779042
600,2.0782323828001106,1.4570217446649827,-1.441312130000849,1.366831014763219
601,1.3609124904579972,0.14426775656906338,-1.7088062841786602,1.5018211507581534
602,0.8185842748437904,0.8617047496027345,-0.2180843153630696,0.4599483633329703
603,-1.140791426740934,-0.4736018626595932,1.0551470583298617,-1.0725572299911763
604,-0.18203828837337474,0.5748944138109083,0.7786493073343559,-0.6658169159455644
605,1.112246442329774,0.7665354607087302,-0.5694067049883645,1.1198429993098262
606,0.9602949565010521,0.6695168274003458,-0.6369953194608217,0.6917525954999576
607,-0.8916175464889816,-0.09078857000183875,0.9598875008055318,-1.2746291454099745
608,-0.35079520745984377,-1.4475853701981223,-0.8789210018300491,0.6922762043869756
609,0.6902460772909862,0.37527769589658505,-0.6268284916277285,0.4550936308914378
610,0.6576528116684995,0.7465900409599149,-0.01276188873987641,0.5249682540289039
611,2.5033228138315105,2.07090477994417,-1.61027094704763,1.105412341312864
612,0.1649195756263127,1.1391188612042136,0.8225524271312095,-0.7110388566605228
613,-1.3190759639377587,-0.8487101664932327,0.882105703926359,-1.1090369681999401
614,-1.1968360361885553,-0.7990563318900006,0.6760148998341499,-1.1555943050927129
615,-0.5182909936247786,-0.3849504417115678,0.4227895575391179,-0.17698260777697122
616,-0.3778772449026626,0.3271211511457699,0.601632112042259,-1.0796792729269917
617,-1.2006764146513766,-1.9596652851106415,0.013680410460469045,0.4658817545787926
618,-1.2741859273994853,-0.494675763101141,1.2368975919575371,-1.1778629182275886
619,-1.0520556873198705,0.4297138199472391,1.7558702654884835,-1.7012466817458842
620,-1.00526565216778,-1.3134831470934372,0.06636819078348204,-0.30360493565491503
621,1.934204571668018,1.4839723950253838,-1.2258390601752547,1.1669923605044792
622,0.8629177909802261,0.6920371654283293,-0.4759869554265694,0.573297902732897
623,-0.13610207715777461,-0.7443699638680554,-0.5411320677533594,0.3569481404608831
624,2.159049223278994,1.294406666197332,-1.7439681241715115,1.514610816365721
625,-0.1915540605173381,-0.017503351377371173,0.2870950408664936,-0.13598909675633233
626,0.43592431306472557,-0.1917963337566015,-0.5850018417112569,0.9896216616485981
627,2.66319216788885,2.5411419319132427,-1.38311780650824,0.9417190062047196
628,0.43130340912470544,1.0634352037375836,0.37089466171349156,-0.37275735954009137
629,0.5563917529236051,1.0251508270214371,0.2585703327366117,-0.03126109267580851
630,1.0905778042128476,0.7183014791333466,-0.6459968879943292,1.0237727924332058
631,-0.5400137374531427,-0.09985957443495347,0.5971123342475466,-0.6357959290170364
632,-1.1247139139885187,-1.9352969126428847,-0.3164191483923919,0.09618001726450612
633,0.2409999862094722,0.531093490400943,0.28460939058166695,0.08069954946376022
634,0.18546074160799214,0.05837347739900515,-0.10869329756624581,0.3302274757014394
635,0.4512994109580232,0.8886495903687835,0.1660645123428332,-0.24041322283225453
636,0.8484007901496343,0.716996466528389,-0.5683971210116904,0.29806514612238355
637,0.9404126227780986,-0.16624010881472812,-1.2909270320762467,1.4859371791835985
638,-1.921212885233022,-0.7438193770951368,1.7663038928986614,-1.9550433723411762
639,-1.6038026649312902,-0.3219687379230306,1.910433791017095,-1.5851241492994532
640,-0.5451623729737199,0.2873431463167013,0.8606555757869767,-1.1246245930925363
641,-0.24651983081814832,0.06161952728115931,0.10399647054913952,-0.846672347384204
642,-1.628008591419797,-1.292734722010459,1.0282564407731154,-0.8829396306333169
643,0.1627909793578807,0.16212234945957316,-0.22714879530898996,-0.2104401514901044
644,0.3806499905005134,0.18053355717247457,-0.4520323339040831,0.12715440125285807
645,-0.5742096444996115,1.0727751987184564,1.5944116340952232,-1.8313223890969625
646,-2.174929791062444,-0.6278646992135087,2.2500736453499237,-2.288671557285951
647,0.6547449386658086,0.7003037162740693,-0.10352513032635034,0.46625616676403947
648,0.12668579480984088,0.04641408420648183,0.042985988343353716,0.4166093943859458
649,1.2366347127866002,0.10217263923287484,-1.5719358627589535,1.4007076657014002
650,-0.04587824182487761,1.3231294033259686,1.1443244141336564,-1.3414537077579505
651,1.320416929455488,1.8113902760872003,0.09899245982999505,0.519171161364919
652,-2.0740874537811145,-2.1324437235748483,0.9033410348292581,-0.6694929639515566
653,0.4880078256386683,0.06889430713740939,-0.43446832445227385,0.8116356683041878
654,1.8930599551368483,1.1761380844828302,-1.4513972308146486,1.3656063866680508
655,-0.6383326132731615,-0.953267039232739,-0.04556595718250362,-0.05952365571108557
656,1.956178701468784,1.6393121252860725,-0.9130624329179663,1.4221160092588323
657,1.0942333019884607,0.9988507300712068,-0.5510780463109329,0.5265643501358918
658,-1.7228311226964745,-0.6961274493494785,1.603720379539387,-1.6478983854705518
659,-0.42934146608268126,-0.26563487272284675,0.2643490593646688,-0.42676853277152255
660,0.8622592738934457,0.7046671852654481,-0.5795555185846883,0.35770640878090865
661,0.4924615511398033,1.603615229342527,0.7869086094221592,-0.7250963130297756
662,-1.551600467499456,-1.0460564360731248,1.1549516122078074,-0.982173958985702
663,2.718190405442472,2.047142706934912,-1.544970432732479,2.046165771037537
664,-1.27762360383462,0.03653548175268192,1.6912858987315038,-1.671757997921414
665,-1.370173911169916,-1.7158737666497468,0.3712137544153456,-0.09820990710230044
666,1.363858434728141,2.2508216608217526,0.00278849520178464,-0.5568253271949252
667,-0.1095447868179255,1.701138069264561,1.561497594473538,-1.7462204740901788
668,-0.000911760416137995,-0.3865383448149642,-0.35853167033290273,0.29796981635145076
669,-0.6348802791594922,-1.55708217266243,-0.5058772498750455,0.5993681508943643
670,0.08144723768343674,-0.6639862978833584,-0.6388470837196718,0.7680879632598713
671,-1.202189929113413,-1.0281248363852147,0.76745191293072,-0.46003519455526676
672,1.5313056748618257,-0.03004639882609942,-1.8381769225970614,2.3038214836337056
673,-0.4003259446341361,-0.45815224495083706,0.002966649114806329,-0.31911954829586786
674,0.7811078564959439,-0.18512236305939603,-1.0776540591676171,1.3383243385235701
675,1.0720344662412378,0.5525271184166771,-0.9119594111739796,0.8887157888090729
676,1.4578342485126126,2.0790157331157,0.007503217922046561,0.2024947600603567
677,-0.11449665741155209,0.30680876822230435,0.4147512299542601,-0.41875219267338626
678,-0.13175261102717806,0.299875533082298,0.49899011858035025,-0.31506933975061824
679,-0.3929404302576119,0.7861483747064959,1.164794549151948,-1.2488446988072774
680,1.457792320421892,0.737275427272398,-1.439658321899787,0.8904500687674888
681,1.2850508754680483,1.3006629339315883,-0.5332189485803396,0.5111270862468587
682,-0.4487295194686529,-0.3367693573602465,0.43663019956669263,-0.020279412646731786
683,0.0164106524079582,-1.2061057701580358,-1.0230624153321164,1.1673494173677867
684,0.40106750678112546,0.5388174330545896,-0.12951362815371206,-0.09636489038877143
685,-1.5299374532167913,-1.4441806497220178,0.7284244858488548,-0.6954763035175237
686,0.9733003952588177,0.8453089686101759,-0.5793511425482576,0.41527482377285074
687,-1.4833393937512283,-0.11929449228400002,1.7594328072118528,-1.9104999287259263
688,1.2032291150056031,1.4416191190044674,-0.3625156381003828,0.17927330674506195
689,0.5636131522123414,1.0401331096254056,0.20963417273070972,-0.12797682180648814
690,-0.26560967714919287,1.1524723935680057,1.3855954616676585,-1.2890389287535307
691,-0.5370633509115754,-1.8977215041845976,-0.8242228206024607,1.2103066446378645
692,-1.4342411556330024,-0.7852782269814133,1.159093134349995,-1.1852938366112031
693,0.08362501677209559,-1.417580673220154,-1.2960813545632859,1.4368238354426437
694,1.5874127589456766,0.23579719474369856,-1.8786221300191637,1.7908269657937732
695,0.5793834111110047,0.4147936563614111,-0.4669833237565264,0.2453192626757987
696,0.5561212796576912,-0.9085225054237501,-1.3600396366207306,1.783363738328535
697,2.1011286074278703,1.7068820887209113,-0.963972878582986,1.687249183753218
698,-0.005694665076183756,-0.24200937755541085,-0.08948513656754291,0.40640182173855316
699,0.04518949158478996,-0.4503817136046811,-0.4634851457192453,0.43184054820112017
700,0.1547915599568089,0.818362151353909,0.7137317559553316,-0.1643643155872063
701,0.8019488972069805,0.1993668317041156,-1.0005310277555821,0.6200612185296136
702,-0.22806307750568,-0.5414645042901395,-0.17175844693733122,0.18970630986721554
703,-0.563051020725517,0.0012738008600789985,0.8642472160104517,-0.4911613253151262
704,-0.46403735927757556,-0.9085013711745941,-0.26594312621940447,0.06661717151744544
705,-1.2851317715840616,-1.5148644582799655,0.32260353764206956,-0.36554396749812657
706,-0.9771999732333388,-0.9744970567190396,0.512169366769339,-0.23565600986805635
707,-1.2854743857483681,-1.9652844864519943,0.056278297064423125,0.25146382676771334
708,1.786415424996341,1.6397588811896495,-0.9189120892842767,0.80382168723034
709,-0.741262631762669,-0.6681451041777495,0.2855625928832596,-0.5320710091287548
710,-0.009401941335497373,-1.4804848494148342,-1.3184432179619674,1.2167663845453662
711,1.89852475995203,2.2221305809019047,-0.5938108186168597,0.3713077537093591
712,0.46137356837324234,0.6749060926031573,0.13119992560193494,0.25044453769979175
713,-1.3914236471646568,-1.963327362862101,0.11609228351813587,-0.02649702962976713
714,-0.7145049644925028,0.5679371927804688,1.5933670688383104,-1.115141483430921
715,0.1317491014720304,0.4790503066144206,0.41769359444281223,0.0506585208162832
716,0.6302509165332962,1.1010297787620245,0.144387658113217,-0.15197732454047344
717,0.7995683459599713,0.18563075876675436,-0.8004754688926106,0.9976923422055117
718,1.415690391390225,0.1424039053487294,-1.8373207671490255,1.475413561763107
719,0.7651047804278779,1.095953660625437,-0.17308838987272968,-0.21774279419896317
720,-0.8902771567535135,-1.8741291076367468,-0.3909187961308573,0.6550716443989335
721,0.18333794485293314,0.11210981450868769,0.17001742664120095,0.6845537811969218
722,-0.8845196904159188,0.3489800171721161,1.328977587552831,-1.6604477825284052
723,0.12735315188295784,-1.5680475274206995,-1.5490941899903783,1.510251791104747
724,-1.242596605336241,-1.2402111737820576,0.6379582892252862,-0.3206011074159413
725,0.9703133261807027,0.2372320394447505,-1.083918090540925,0.9833613393847249
726,0.8156681708934123,0.8559055008930259,-0.3695883555434848,0.19623425416411447
727,1.3784602318796002,1.173848129236248,-0.575380327844523,1.077030321997028
728,-1.111225080319345,-0.2004058095220874,1.085778795547158,-1.5727940138931393
729,0.42283768167946323,1.0125816051609695,0.3750990467222616,-0.2727535246939954
730,0.9261558731735604,0.35659328782919014,-0.8791427063996382,0.8984372567267361
731,0.07979568222451039,-1.1169641607080483,-1.3372356949355984,0.6243055224025135
732,-0.7414084531614323,-2.5021877796936502,-1.2134394773091703,1.253339219162239
733,-0.7089802665553911,-1.4685393672106957,-0.25831732681269676,0.5573360398828909
734,0.13836624660348162,-0.04567953934823421,-0.1245904313522545,0.3851879292843096
735,0.11798437974658016,0.2481304925819048,0.07242378548638925,-0.04986076096759722
736,0.03435301064349948,0.6442824346802628,0.41572600619529426,-0.7001612880582451
737,-2.9060695592673182,-2.2310036532853292,2.038646974782843,-1.4026637387570366
738,0.25991970986768126,0.665017026161853,0.2785996636188412,-0.18579472864443258
739,-1.0824297767819226,-1.2345502139764466,0.4676511186910035,-0.06216214259411106
740,0.8756091498694966,0.020277545181417233,-0.8900164698661915,1.511011900920703
741,-0.6861257526119036,0.1296608869506518,0.9432587362667156,-1.1019002421670447
742,-1.0075760478064835,-1.5759834252842833,0.0761715386048141,0.33957161522032725
743,-0.06804195597391176,-0.3005271996504824,-0.36250664488566176,-0.1568131007133095
744,1.3564332890543396,0.7671289727841977,-1.04252311870085,1.1566439487776667
745,1.207932959973027,-0.012485749043509142,-1.8253025304716584,1.1280733893921788
746,0.0372089499785119,0.9295682665691328,0.7693052215676809,-0.7553157145399992
747,0.760714400693486,0.812654272750462,-0.1503444176248352,0.4910748460300617
748,-0.9168753094923117,-0.15362007922483936,0.9425135291905206,-1.2437907168363092
749,0.6707435165297367,-0.6192756041111653,-1.3047621778661915,1.591904464343503
750,-1.3559586480532233,-0.894555788833195,0.8365469671897307,-1.2105174210130307
751,1.1310299086056228,-0.24826380141114607,-1.7266862084346628,1.5967233682038455
752,0.6646796019247525,-0.20199321808203813,-0.9996212770430841,1.100529009121535
753,-0.7298458323845571,-0.8124568876485746,0.1085041436797313,-0.45501715796489883
754,-0.35893611140463416,-0.18257799131021882,0.2559497972142768,-0.3905382586608608
755,-0.4241881043401188,0.10609492605879775,0.7175038401507627,-0.5068571094654053
756,0.913906368205818,0.32195665757298497,-0.7185024274208701,1.2217379009211993
757,0.20920350405225316,0.9626812949064072,0.549690288081061,-0.6079048973835018
758,-1.2409598727920004,-0.22111332129177338,1.520229405130747,-1.2200624516382927
759,0.08879272757951434,0.45917032450022827,0.3599619116234396,-0.1567387900610974
760,-1.1435107315434307,-0.6711927919675482,0.8847749429689495,-0.9055323394371245
761,0.3220423297047697,-0.11159200180135687,-0.538491192876505,0.47080352579193674
762,-0.42871974894675086,0.4973133222897687,1.0697569476534303,-0.8466700711366725
763,-0.17170731022207303,-0.5669906139456831,-0.46578275205563757,-0.06590722808012231
764,-0.3230787825803658,0.6341843324736273,0.8567209891552323,-1.1755176328668588
765,-0.306385596443899,-1.0472032029655927,-0.5786535227470145,0.4135697248602743
766,0.8209019689146612,0.8516636923862668,-0.4383963294260609,0.10379402976273189
767,-0.25345679978727614,0.1897553696749139,0.5939332412341395,-0.31662202119460514
768,-0.2005792688697564,0.9707279911029385,1.067701306501521,-1.178367380915087
769,-0.03089703115734343,-0.11179074634225698,-0.10984451751904842,-0.03419340388321555
770,0.2164411485465364,0.7496480402301852,0.2706566782531354,-0.5596909925693084
771,-1.1410552876023434,-1.4139401705526895,0.2562583553407954,-0.21134105446802096
772,0.7073618184518209,0.684904303177432,-0.11694801797918755,0.6678780290539377
773,0.8921389342004955,0.14985269307391866,-1.0666510474745932,0.9454447242190308
774,2.141780927679558,1.3594401933482494,-1.5802757499046276,1.584574304805894
775,-0.569429116269341,-0.76974294331246,0.13162187193270256,0.05606352050602546
776,2.1781452196838282,1.149404702441855,-1.9195677154596524,1.6233585587571888
777,1.282844007017407,0.49018645043071446,-1.387428851186598,0.9540776872160308
778,-1.6495878602267946,-0.32750765357077566,2.0053690325747002,-1.5679286151285743
779,1.5282238776743948,0.5523453573354119,-1.5174842920531604,1.4516787520494259
780,-1.572335935907064,0.024387088242770204,2.111342007556933,-1.9548852769448561
781,-0.6613974847128096,0.22123466890970156,0.9707217166834976,-1.1862661447472969
782,1.6001219334097718,0.7015660728853851,-1.4295757469219466,1.5033248389597558
783,-0.7632376447462618,-1.2260107637652777,0.054731836208526424,0.32978896200381425
784,-0.38976121097938754,-1.654617092382128,-0.7878776997265309,1.213743474580092
785,-0.5981599862881113,-0.9295204725953263,0.04502603559283092,0.18655671665496718
786,1.9781102646885098,0.9085252318866888,-1.591143517543993,2.0695929194333105
787,-0.26630057111443506,-0.4230090945216489,-0.005150357766483495,0.060795356011905534
788,-0.5976567457848416,-0.4744927018387574,0.38063136646160517,-0.31877720882304494
789,1.6704968879506277,-0.5575624845554771,-2.7112963123866103,2.5353335625750213
790,0.3738377367676836,0.977505718267805,0.3059623361243194,-0.48516840965763103
791,2.007664027583247,1.272661765998518,-1.4910308931854979,1.4722051075587665
792,-0.08069689158365091,-0.4523541175396656,-0.46826574887651606,-0.02186604016986138
793,-0.5125413889047891,0.05958218493057566,0.853891561729613,-0.4697222663992372
794,-1.712744816545103,-0.533547764054557,1.6430178306532628,-1.9352627467221155
795,0.3109131861961737,0.46609875319962685,0.06436169715145675,0.09906435485012033
796,-1.092289302606596,0.1325862969492741,1.4309661443296864,-1.7005170432415528
797,0.9991271500291062,0.15939878669413213,-1.1963851534250236,1.0759705702852314
798,0.27500313819801503,-0.6451280612816297,-1.029729604310316,0.724848080516706
799,0.41512676398777343,0.19412625032727462,-0.21721960563049092,0.6318506064105656
800,-0.4437480811056324,0.5093344245241852,1.0895377547542866,-0.8945363904004973
801,-0.5149478539135691,0.8659765199385542,1.339848825453294,-1.569012422893849
802,-1.7514720236503472,0.0006492727499780677,2.236401762650278,-2.317298834257255
803,-0.304077612321902,0.21522903935670262,0.510102478612349,-0.7070300037137878
804,-1.787607285492859,-0.6504859983023772,1.8525776200374042,-1.5506696466853767
805,-1.4562830038464718,-0.6306521917602025,1.2985161216880219,-1.3916487656113588
806,-0.10311659273749481,0.9314677244068623,0.98210748017771,-0.8861132520317696
807,1.4985267361575556,0.9057023121664491,-1.0597942815682881,1.2993876150765713
808,1.0974358786681433,0.7544125653788619,-0.664243169647137,0.928862020510754
809,-0.548510686580675,-0.36285750920490745,0.4721965452493479,-0.25121895267977534
810,1.4548261689705813,1.3297788855014054,-0.7353193177854077,0.6911611804191155
811,-0.5774382669211056,-0.8073590178895823,0.041430673604301894,-0.04082147234073232
812,-3.5107930196662442,-2.3899935590435475,2.4679131159927112,-2.42307951054747
813,-0.2544889256351331,-1.221927420334254,-0.8004425912620003,0.6298879853615013
814,0.8308970003730265,-0.3497366215852257,-1.3862065344478012,1.3696082171257604
815,-0.32688367521043804,-1.4439696956007313,-0.657864343997966,1.159034564510551
816,0.12584600489595216,0.7959962830920869,0.5345145066950789,-0.5300056343454855
817,-1.9927264145889338,-1.6691692983389692,1.3182095276421189,-0.7658424585495277
818,0.6246304790260591,2.861038833535509,1.6958956722957363,-1.6865171460590591
819,-1.1101815219370021,-0.2115034285927736,1.2063964655735395,-1.3294481903416455
820,1.1354046213026057,1.7744128851416214,0.07374255881846364,-0.09745741763563234
821,0.3535106318058478,-0.24955367419325836,-0.46875471217316145,1.0396206447704357
822,1.0945141195395405,0.513121584073302,-1.0763780357214405,0.7741900122765442
823,1.069093117147776,-0.21791152346798912,-1.819474015591177,1.1382729549681858
824,1.118363383773051,1.3996662491786673,-0.3399286753867082,0.017081577946314083
825,0.9188262408839826,1.0134967918330509,-0.40473725776075514,0.12230134045638197
826,-0.5493931916650604,-0.02960385150556952,0.7723630666487129,-0.5298534153768379
827,-0.927889801595185,-0.7126363383609966,0.6577633358268228,-0.4350981738384166
828,0.6266856184633757,-1.7814575000446438,-2.2839170651502565,2.514438227803416
829,0.06960568001552778,0.5302820011950478,0.5625146496819268,-0.03975679619464966
830,-1.6073438056286,-0.9718794413377894,1.1753290359195605,-1.324695958600441
831,-0.11803471676256042,0.9740606543556032,0.9408058622471124,-1.115207894632532
832,1.5067259790033798,1.7882496296574149,-0.35863654694295305,0.4337228023677322
833,-2.1281228492248965,-0.5671637101568446,2.311625642120409,-2.159382583938695
834,-0.7253665724866664,-1.2425476602844754,-0.044369935100834305,0.33027987395491154
835,0.4611802454803607,0.043450432090225886,-0.4130051339467335,0.8150625603407724
836,0.513377887551641,0.7469724499381434,0.03333651436730326,0.08960097366333938
837,-0.17811481428778608,0.08789127863077917,0.192406988356567,-0.5096118601374925
838,-0.0697150679755805,-1.1216510287876982,-0.8586741118387033,0.9454620414751137
839,0.6889830953044979,1.447209096677721,0.4687358398222493,-0.20605418029311845
840,0.9428240871812483,-0.7578569946337608,-1.8503870483179565,1.9367115326690896
841,0.46795294151811767,0.7801740472416597,-0.039532482407625864,-0.281560983401771
842,0.5793738722946208,0.6740448003790387,-0.1759016672138355,0.13255012527050025
843,0.9086813864139086,0.641442276781091,-0.542425639233089,0.7419079939363115
844,0.21319530488236418,-0.8618568037295289,-1.0768939759726819,0.9442427969837761
845,-1.2575609629645623,-1.31389584250095,0.5945574148822634,-0.27266491458811465
846,0.4596454496305056,1.7173320618848635,0.9757596465329065,-0.7839355518802685
847,0.08604900427871913,0.7816780378765842,0.40530222974950564,-0.8656576030720725
848,1.1000032440404095,0.2698243191542189,-1.206161636169049,1.1525858235787028
849,-0.258698233489292,0.29463896798268197,0.6673153136416655,-0.45926637435410084
850,-0.6980990714333098,-0.31602965015300055,0.7242333949364681,-0.45444557065765606
851,0.3105536508239539,0.4076791335383255,-0.019549774953347726,0.0908621584614335
852,-0.06902392015927356,0.6495688513845869,0.8039506626571861,-0.39755356240429657
853,-0.037156065692210465,-0.0976096212438629,0.12693991062563123,0.3269316130869026
854,1.7560309292101568,0.9508911847790351,-1.4699164197471677,1.3872061187525189
855,1.1681667900407715,1.4522946507403176,-0.2955049973970229,0.14636476453471184
856,-0.04059835495190015,-0.2232072333074198,-0.14782075839254186,0.13327976611314943
857,-0.10609075171242617,0.5988508469395362,0.5399267386780986,-0.8733603418401042
858,-0.9428572397182969,-0.5114900802284701,0.720493359702121,-0.8638540968138062
859,0.43724544784472913,-1.4538405155077219,-1.8049132096008804,1.8908602688962464
860,-0.23154144745352623,-0.11239109367894355,0.23677179182080094,-0.1385003657904236
861,-1.6513382291406726,-0.9786171135345233,1.108932520121607,-1.5828404002854721
862,-1.4773236823443372,-0.8649293806460644,1.14387640820474,-1.1737396222515142
863,-0.367601178526004,0.6755217730387487,0.9975295198567578,-1.1861158688180224
864,-1.3309768454424338,-1.6982650298304898,0.03579256231094896,-0.5924053461451649
865,2.7407309416652454,1.235097375075443,-2.4958023045918893,2.4109066449828616
866,-1.4836967563006334,-1.6701120410686796,0.6860013999015451,-0.05921735191478711
867,-0.3021558922798562,-0.6615973020859496,-0.14746352288848458,0.2579051034951244
868,0.2494884873976562,0.027249191133524413,-0.4923765076416436,-0.0426205979168815
869,-0.6395859172311722,-1.8916392300172815,-0.9635912234202113,0.5832127496662535
870,-0.9433685804140772,-1.0984783787812844,0.2192234953512219,-0.33204518571716174
871,-0.4861500250252011,-0.3405183362199431,0.30173563248524615,-0.382993747840501
872,-0.5704300463174509,0.7338651840877167,1.4017349533342567,-1.3390219894697633
873,0.37188726492999263,-0.17796763760893936,-0.7210171106098513,0.48731387295956347
874,-0.2898608847211477,-0.153942907241943,0.2729200562837309,-0.1828331725633423
875,0.21271882068778417,0.8219724575800776,0.42082282948420213,-0.4827788877629155
876,-0.7369001555106531,-0.9594025259137506,0.02614890749837268,-0.2705487280885916
877,-0.6154995284723035,-1.42104847946171,-0.5890342995266368,0.19331315809310182
878,-1.4092352581568255,-0.9067127943497404,1.0540737754095253,-0.9878270482369328
879,-2.3305860791213195,-2.6972225743700355,0.8485132649520559,-0.3188191393239366
880,0.11769521210054218,-0.08156370590611836,-0.22758536483695332,0.21626385778786628
881,-1.7643251598456668,-0.7534281491486204,1.5777958405628154,-1.703550794101488
882,-1.9014846794797575,-0.6852325811285009,2.099675664350856,-1.437880011165005
883,-1.177015536240209,-1.9601977653338967,-0.41129658091929877,-0.19803313311798712
884,0.44778664863183965,1.6797917775126532,0.9049319120925807,-0.8606029583617952
885,-2.535230954959997,-1.1135038545417806,2.322429344771544,-2.27587947572771
886,1.8440654234978007,0.9299138279626078,-1.652864953200257,1.4298247161518212
887,-1.1278171890893525,-0.7982895941835997,0.7061855286496931,-0.8574778703244499
888,0.4582707582812608,0.5327272300361744,0.06867177379078195,0.4725049172580024
889,-0.6558636820307343,-0.3624236815490376,0.6168742329242045,-0.3807930935886949
890,1.1322883922013602,0.4406119354981256,-1.0651230895925308,1.1042546681340577
891,1.0235601204669524,1.4050926457844246,-0.18850566040750535,-0.0677880076356179
892,-1.1004603668956232,-0.8095202636009563,0.6138584517728704,-0.8954407855681783
893,1.2264524183424326,0.3459852875389756,-1.2832103247032265,1.2847103979953471
894,1.1130878673257023,1.385796598753338,-0.2626022081154495,0.1681549419871183
895,1.018489709815798,1.9755497492103673,0.2722309907820596,-0.6511286261831227
896,-3.096440803150783,-1.8121620037766444,2.5761360036120076,-2.1467624848422324
897,-0.6413781011949626,0.34057263251100034,1.205676745176361,-0.9884592827992338
898,-1.7229670007016469,-2.2839254695742772,0.3159802151733878,-0.0845930807856419
899,-0.5659816604969425,0.25371178350997226,0.8691993897851215,-1.1027329437490117
900,-0.20022520082839623,0.014987260937469792,0.4779372612354715,0.09122545924649861
901,-0.17279585475310505,0.4512356001188693,0.5985766665424032,-0.6517469801933303
902,0.2138629777082234,-0.40796544020380165,-0.5455461751748321,0.7875908005517401
903,-1.0407937729475032,-0.6806372339061391,0.6309692980701398,-0.9632988802417545
904,0.2685715361438241,1.7543065134430902,1.1697005893302508,-1.2141658621044369
905,-1.1824179509149875,-1.2407516947343447,0.3809192854500085,-0.5576542614707295
906,-1.0286765458248464,1.780939552316416,2.9287274910026784,-2.812642674256579
907,-0.8629517633718058,-0.7483786835588979,0.3843319906440118,-0.599018257174454
908,0.32993281432717925,0.516696827346063,-0.023571408064165505,-0.11031528985319827
909,-0.07046569480151894,-0.42712243444375364,-0.01687998445055258,0.750136650179319
910,0.8942335246068059,0.04349905561569728,-1.1493505051264374,1.0639518034757431
911,-1.334820206815632,-1.6295705381377854,0.36831877856367573,-0.18541860585685993
912,-1.3981926999029048,-1.9506684740845461,0.0007811931497716416,-0.2847205836262715
913,0.7267556936346671,1.5066386123111917,0.44860654206934786,-0.25010131212313824
914,-0.6318901832278344,-0.4793177442783187,0.4681197172171842,-0.27514789840564735
915,0.38078426537983406,0.011742583956347748,-0.7563008011601628,-0.0014268791166679345
916,-1.0776872642443303,-0.7494242925451551,0.7724053810405856,-0.6794816097930881
917,1.069036224908365,0.5680382396038897,-0.8055541547730718,1.0282569140036215
918,1.1319477593552705,2.1825389480873927,0.4912967448347281,-0.35906225085219545
919,0.7939206416408431,0.3358167067026,-0.6677025395505289,0.8489390429255188
920,-0.42991885298452953,0.5434347852815195,1.1578145742665569,-0.8070153847880863
921,1.3492826268071305,1.2203072033996825,-0.6928401322417793,0.6532530830954811
922,1.809664893855259,0.1894070747592229,-2.1867868447273873,2.1537386255330437
923,0.5462391688317307,-0.6441179475809651,-1.3027041055518664,1.2104525695738548
924,-0.9786304897855908,-0.497460537701978,0.6707625915045684,-1.1133737703803634
925,2.219892698187096,1.8924187391445708,-1.1679659551031336,1.3037054854397676
926,-0.7196976351169322,-1.0937447391206943,-0.117815103954271,-0.13850691217259534
927,0.18727830601439902,-0.7202580296019823,-0.9302369738986661,0.7682682153711302
928,1.2336364425725144,1.5191037838744723,-0.23813087443273503,0.32024508166437715
929,-0.6557056196730087,-0.5280499072362088,0.5328642644339081,-0.12833225464640496
930,-0.46074317674483134,1.2788650251239675,1.8444704992741254,-1.4823720461109198
931,-1.12571661614171,-2.715587116745966,-0.8405532917040657,1.0528655707562968
932,-1.117111429254479,-0.06154716690208207,1.4427076857082692,-1.299557655776636
933,0.2334532530933973,0.4683684034436471,0.1858352573352906,0.03098232720739009
934,-1.8744941331192453,-1.1967668622901302,1.4129176204344043,-1.317289959884369
935,0.8839296339457969,-0.5978530735698181,-1.7762841661674542,1.4703744244391013
936,-0.31231643678133897,-0.5741240129268301,-0.03657067098790382,0.20591490493256426
937,-0.2733231460710928,-0.9045082054470865,-0.6201507427269705,0.1138344550747267
938,-0.27113523621294255,-1.8737533058066733,-1.3812097659013811,1.1203906854568015
939,2.272991260259557,0.3333747167601424,-2.527977322368885,2.860349839665715
940,1.735163318681119,1.4291567464803432,-0.960221022000441,1.0564828514193765
941,-0.4944609411252648,-0.5958975296558111,0.08411093644137917,-0.17972324889010882
942,1.6094718336684026,0.06974972016482951,-2.014902896882052,2.0303790192814835
943,-1.138504317926131,-0.8425046858428732,0.9291177425647619,-0.39555068027555124
944,0.18400884452282512,-0.9454527123510013,-1.093723353288445,1.0121590463076124
945,0.16737826705503772,0.9087800286646569,0.46520060487654297,-0.7762801002151348
946,-0.8192852387616707,-0.1605724390380108,0.9303245649563697,-0.8996213129245457
947,-1.1404149348638895,-0.0858540597374317,1.301358728233156,-1.5735287245161493
948,0.04783845736308876,0.7918880466845172,0.5946826791036139,-0.6927990697227581
949,-1.1769797831845126,-0.47446376115442457,1.063174942249455,-1.1856828598958928
950,0.06208401547773015,0.5549271861955541,0.4762892518314134,-0.2783109883502385
951,-0.09928730799734266,-0.46168982497006184,-0.17466258328933928,0.452231708137798
952,0.08136208034052549,0.9292801471793914,0.773863105170117,-0.588733165169027
953,-2.6101409455303153,-2.018412583388667,1.701240958846981,-1.4535918239894572
954,-1.8170758293926395,-1.5656651510032,0.9138435009203552,-1.101366847805942
955,0.598112029170175,-0.435518843528684,-1.2495472074210343,0.9857528494420036
956,0.09675212491779592,-0.8545301699608124,-0.9499370091979181,0.7342556198888369
957,0.6729020967061242,0.27406131507679876,-0.5987688646988214,0.6871108763688156
958,0.1083790889560664,0.261445709052761,0.18217474289230035,0.07726813022071852
959,-0.9692868573971826,-0.4589963342763341,0.4956059211445531,-1.4819205748821194
960,1.0800914024865345,0.5367130146432665,-0.7741910415819039,1.1987870598754768
961,0.9900232452432871,0.4948037981036638,-0.9089737909688045,0.740243950098431
962,0.9426264094996151,0.6624956893752455,-0.7598225926249053,0.42884562529582354
963,1.0342644728706065,0.4941494132099793,-0.9828526011327592,0.7696402264011277
964,-2.930122850757599,-2.7007053746764904,1.421414506540123,-1.4429463571222176
965,2.4258915804433787,1.2936280343433437,-1.7856266211800536,2.396940619584998
966,0.743891692780327,1.3935803355196827,0.3794131785718663,-0.037796361731907945
967,-1.1536152448226813,0.4721045316367137,1.7248166293774263,-2.221510664963717
968,0.8368279528389095,0.6536316188023363,-0.39398477651084546,0.7174835648029028
969,-0.015746374553418527,-0.6827269749969114,-0.5281638469885227,0.6611777936897844
970,0.49695152897424655,-0.5391835854494457,-1.0371504112541063,1.2492715557888072
971,-0.5750125019082893,1.8494028152821669,2.183899830275992,-2.67031041754068
972,1.7548617308929053,1.8743888258779837,-0.8299308690019861,0.2811969234727028
973,-1.0180963028660672,-0.7558176561170707,0.691801321457312,-0.593212114265566
974,2.366036880928908,1.076004160827449,-2.0638386421363997,2.2178423725333536
975,0.5490916349312303,0.291605980537453,-0.6322365298391273,0.14306424548864455
976,0.9729807900558526,1.5470674022546431,0.04111177438149093,-0.18647021727128293
977,1.3308460987858985,1.7714614416707477,-0.003031872592096911,0.47291197613296587
978,1.20119600157904,0.25918274087928395,-1.1200090618614942,1.6920512305459712
979,2.068520194368012,1.0916147400824547,-1.755905481050559,1.6598117997885924
980,-0.9328466137364603,-2.423662065023099,-0.8183544305869931,1.0763073315797447
981,-0.37163987301768464,0.07449538180066033,0.4005280677612063,-0.8019037370911564
982,0.17638881776070842,0.3613326110830408,-0.02080305608114138,-0.2790185237271452
983,1.081824456768613,0.2900378979985941,-1.141207147252239,1.153365648253726
984,-0.5172023102356045,-0.4914740445677297,0.15414814741379548,-0.389718617183383
985,0.8578862545101567,0.5494904321005117,-0.5122098098894935,0.8357623538904959
986,0.7058242568102341,0.2999700996351749,-0.6476916230958266,0.6559016475965624
987,0.13311277439623048,0.09928731898784846,-0.1260996528048424,0.013537950292677481
988,-1.2692678719696537,-1.1237305130973851,0.6204732247034388,-0.7281886969789274
989,-0.24260704562953947,0.2881152696289222,0.44889433693248315,-0.7713419394371492
990,1.4981804764779654,1.1344399910963514,-1.0762058157985719,0.7166174945413621
991,-0.48647552691015117,-1.9463266999874003,-1.2921412660876241,0.683025094950052
992,-1.5334946082751495,-1.3656362121410015,0.7420609601235821,-0.8738792824640351
993,0.7789788544884857,0.08393607421311078,-0.9364847561213074,0.9297954302513592
994,0.6583700104342226,1.510524773645081,0.4657452061703814,-0.4737267080951016
995,0.37021350257444385,0.006426449496912995,-0.6580082307795705,0.14704343587593266
996,0.027363133262950406,1.3238502758182864,1.0888356672221033,-1.1792601624584822
997,-0.6261695705117422,-0.5552113450349236,0.3514924321016635,-0.2771212411037652
998,-0.2573812379544397,0.38728503411007814,0.5611042866186663,-0.8657579430929416
999,-0.542976978684895,0.3198214730794846,0.8744694821680632,-1.1709001510004788
1000,0.32697371681287396,0.5408175118454123,0.06164303035865806,-0.028819927719804496
1001,-0.13952008185550166,-0.514050485763303,-0.32231125028358015,0.17439623956628295
1002,-0.5936841517430171,-0.4211803227305328,0.4890977308354665,-0.24199848000960336
1003,0.6900281901479711,0.5376563794573924,-0.5447999073227392,0.20676849043297799
1004,0.7695233178170955,1.6381910955207841,0.4393873590658463,-0.431275160025485
1005,1.4413942618763824,1.4869054831453612,-0.49229868654086056,0.6923229283122434
1006,-0.8085166160425064,-0.5889764984410518,0.3391916155489084,-0.8691356289204372
1007,0.17236030675847588,-0.42280350307082065,-0.4473556727154399,0.8483039786634045
1008,-0.8485371449800045,-0.4437167606943747,0.5410281962046617,-1.0070201907397178
1009,0.16818116785282228,-0.06274974078386886,-0.3204573586409693,0.18744402621014403
1010,1.6612633852862653,0.9708171633003136,-1.2452726438375945,1.396620039784079
1011,0.3847457610838263,0.011714527238086846,-0.5130650841243728,0.44194413075957495
1012,0.5445360526505575,-0.13876607263808663,-0.7095776209955971,1.0300046945668895
1013,0.5450503075377277,0.6704517525435331,-0.13425326199558696,0.09200547495131155
1014,1.6723522992858717,0.5829798949056482,-1.662974137305743,1.6362361738241036
1015,-1.6071951708434047,-0.2587848394476673,1.7183020750511673,-2.088868172649382
1016,1.6912579029535946,1.8513718263602201,-0.5221349547917993,0.6524653415606492
1017,2.0014649128382915,0.6690667807179962,-1.9417320426388773,2.113016858313228
1018,-1.8440694994796238,-1.2389856809694118,1.3553404814551955,-1.2081160626933842
1019,-1.9677238922419198,-1.4044808739947523,1.3443180559074595,-1.2698225550171185
1020,0.7981104120858568,0.6292420383617747,-0.6216095411711603,0.23639143339341379
1021,1.5824904931862234,0.7215649200062465,-1.3530497081319952,1.5269958287804348
1022,0.48400948520239406,-0.13648374394974794,-0.7013753443506545,0.8225831906327558
1023,1.0453786599576027,0.43900845652355314,-1.0251532933692773,0.8679494635614428
1024,0.9218975501179437,0.3396842873641838,-1.0024317173650332,0.7065431188881487
1025,-0.8099155075021081,-1.037594363755153,0.36815312350014945,0.26071725857199174
1026,1.5861489531685695,2.4840258502237043,0.040353796090046364,-0.2592396644832123
1027,1.8368697730893393,2.0517474207240016,-0.7643556626629673,0.26160828283254484
1028,-0.013881614987623662,0.5457452419360744,0.6252153249287828,-0.26495200005855385
1029,-0.4117569436752866,0.06033221227505421,0.8170861531946734,-0.17617107743017427
1030,1.8340990341776313,2.0668963078090146,-0.5277163755485785,0.6326098961794714
1031,-0.8045469737375245,-1.1306390707025693,0.07346317255812955,-0.015237840883651065
1032,0.047282361956787505,1.085266259059025,0.7011022491209361,-1.2157647980137352
1033,-0.4202820306472486,0.19197151751238803,0.6260317263025209,-0.8617355722269328
1034,0.48303804456811644,1.2680075303425007,0.5620430361572617,-0.34476496940354834
1035,-1.065291565861054,-0.13388792596566385,1.188716809846948,-1.387662352781523
1036,-1.2402654357036496,-2.174067185156597,-0.29174195307216133,0.3034414023211157
1037,0.9771333840186834,0.3977638183120847,-0.6083558660295092,1.4589701922249692
1038,-0.9107475769061256,-0.6974992354848301,0.47493758318241097,-0.7329430987135716
1039,-0.3227646369497707,0.2657343839515594,0.6728254812581905,-0.6087519049253565
1040,0.43497042128156466,-1.4652081187179353,-1.8457393444473655,1.8381590924131506
1041,-1.9062645576199888,-1.430434436544993,1.0185150109950991,-1.562225786383958
1042,-1.2088854865635654,-0.3641061644959196,1.1594573865982833,-1.3964712380576032
1043,-1.4413213055732255,-2.25963160205848,-0.008542957386166412,0.29102984427169587
1044,-0.22953466519882024,0.11559130728958979,0.32692437100228955,-0.5230226511522167
1045,-2.317564833061774,-0.1981051772283074,2.778680193720976,-2.9041624151361924
1046,0.3698754375108064,0.1748397417375443,-0.2838801610562504,0.39906200178544904
1047,-0.5858184368138102,-0.1804786122953038,0.5963622715750616,-0.6061116906917001
1048,-1.3065510447220825,-0.10144902754287786,1.5301339669479397,-1.7261539320441175
1049,-0.041849073486203675,-0.152184030803624,-0.30640732857786485,-0.3225616033284573
1050,0.06123246074457607,1.2431932863195807,0.964917897946898,-1.0819587930387216
1051,1.7737688090007218,1.707536272558373,-0.8501142033805777,0.7162564574080479
1052,-1.3961500464364236,-0.8391258396553463,1.1987231411314554,-0.8491174774067882
1053,0.8670301475462338,1.244981988505604,0.008947610189731905,0.10778325621220755
1054,0.28483371949403935,-0.9522880023775696,-1.251273248144143,1.1111495136739367
1055,-1.2178633943468589,-0.7098141997320379,1.1010696480778372,-0.6964296141225972
1056,1.357742871306354,0.49610744372402277,-1.191774825381389,1.55272600822446
1057,1.3163211068414291,0.7864002907012414,-1.0826057498170147,0.8959721741276886
1058,-1.053989678156353,0.10282424406782438,1.412173775825101,-1.5248550996631183
1059,-2.2109943862411274,-0.8321841730746441,2.144855897063718,-2.1096477626074166
1060,-0.494824487942033,-0.986188065729585,-0.23517395617324138,0.19851394890308033
1061,-1.3304405993723265,-0.8531369749065653,0.866071948783459,-1.1672590883704612
1062,-0.7240937822231488,-0.7514339225845588,0.45861153106871916,0.03582374301443093
1063,1.3733906323780372,0.7031685152582936,-1.3781285639559349,0.7796700334269787
1064,-0.08390370824425876,0.44535038434841284,0.6838602723326885,-0.1692790500702195
1065,-0.26804989102800497,-0.34519579368025477,-0.01816006032096707,-0.15639040685920622
1066,-0.02160417323034899,-1.0068809305749755,-0.6630619621230271,1.1853166067707572
1067,0.6125663565746952,0.2936174885428535,-0.4553768094056545,0.6771574884004369
1068,-0.6216187953468915,-0.38084413055053407,0.6227208590945584,-0.20355469183273728
1069,0.8395852686425942,-0.3190645845841241,-1.422808333444151,1.2619950995757545
1070,0.3965448195854317,-0.16810871602772434,-0.6829790488512886,0.6187570357310506
1071,-0.08936781471910828,0.402887150344388,0.42759062357344446,-0.5383685303242041
1072,2.696144213801828,2.2243361038249745,-1.5387110459891298,1.5503370447264546
1073,-0.5126910593033279,-0.6900990977814632,-0.06316387513260673,-0.27716297383519356
1074,0.42384282745799384,-0.3641432882191802,-0.9861056100596766,0.6551134883192046
1075,0.8640470446984785,0.3415250727147216,-0.7670773026846308,0.910519928713275
1076,-0.9924631513382155,-0.6445690467749705,0.7234171944178457,-0.714545938208596
1077,-0.2916203231952118,0.128739926458606,0.3509920183493319,-0.7342769673609196
1078,0.1047411489023113,1.1021130691438783,0.7294092154099644,-1.0011086459338145
1079,1.0425843120519005,0.80253226849899,-0.6450457274831539,0.6503946734105714
1080,1.4959943447625534,0.9190714031169871,-1.0633728008724992,1.251724243783474
1081,1.2536451273645863,1.1781161199971892,-0.609945515753846,0.5595292229996236
1082,2.0206276804940897,3.0962117319900786,-0.04712374557526013,-0.33923813941251163
1083,-0.8683073000228396,0.17417871087722486,1.4286032868673018,-1.004439980341936
1084,-0.05632892441483832,0.656056359332306,0.5532361966079303,-0.8101778966348874
1085,-0.46922582012655134,-0.5347154153336594,0.13896100348276652,-0.14053889284651752
1086,0.8685413209541577,1.0469928403005924,-0.04499223121962133,0.4963154950182288
1087,0.07944866840876642,-1.70349840260301,-1.6885256694673771,1.4202146215556313
1088,0.3404080196260854,1.6835454637340337,0.9459067804570002,-1.1812517637334712
1089,1.020913157712429,0.9080874725523138,-0.4044263526719278,0.7424496285450145
1090,0.7890877543490887,0.5708586139127257,-0.5557651344500568,0.4613461283878909
1091,0.5097468632939359,0.3080695335478315,-0.30715959999114767,0.5361703799691465
1092,0.34025288060642606,-0.7467219710069549,-1.0038383420279242,1.2492197994426533
1093,-1.0441189284946408,-0.8898133974564038,0.4576360051081202,-0.7756770829554132
1094,-0.5609456510696508,-0.813378059169494,0.02998008507785937,0.012477052988227611
1095,-0.3836329824558031,0.7202578209793948,0.8801245585866212,-1.558638404915465
1096,-1.3914676012691563,0.3595342466742072,2.207100237907978,-1.9489824762989705
1097,0.5668166680035234,-0.03036285803908938,-0.5824735279410737,1.0720294963325547
1098,2.1022854388231944,1.0795136212536127,-1.7914509646193715,1.7470412327443565
1099,-0.06550365489382891,-1.0309047874144062,-0.6262357344210965,1.1513870277754852
1100,-1.4605021129037472,-1.3937606338534998,0.6970503042518642,-0.6244053380103106
1101,-1.7688751188123824,-0.7035423143373153,1.7990700357615883,-1.4499348588742231
1102,0.498196513901971,0.17958393082686758,-0.5459335611947346,0.3840008643613374
1103,0.9026902062287686,-1.0672182802639456,-2.078098067690899,2.138829580233688
1104,-0.4029253084875767,-1.6677395580529837,-0.9063785708047037,0.9893121200504541
1105,-1.9189977849996411,-2.0677630106155855,0.7171232000440967,-0.5998538140031032
1106,0.8131635179602695,-0.47307555179863664,-1.599485103607585,1.2278826065471957
1107,-1.6997164247583856,-1.4035202761093724,1.0148953555579345,-0.8952318932860484
1108,-0.4163695313490545,-0.5830460512690747,0.23880034948567389,0.3413218378505386
1109,0.1772199415112856,0.2544970701192223,-0.11277235288531429,-0.18021888331418104
1110,0.30658131977638425,-0.23650596615757455,-0.5114792973618781,0.7649516217484752
1111,1.808500733095799,1.61283973214926,-1.121860815507689,0.589743195119282
1112,-0.0431883491552852,-0.35571303802537013,-0.27693964243283303,0.21631945680026712
1113,-0.6009612518997306,0.07037392108938965,0.9190389727225815,-0.696949136531366
1114,-0.8617588702673413,-0.9975072203474933,0.1934987145836444,-0.32960424330752724
1115,0.9939019283587984,-0.31814068433689824,-1.6684880681220209,1.3779836983321063
1116,1.6020521451857115,2.0143729205583596,-0.3564669169684547,0.23207491870003538
1117,0.6824333740928781,-0.3066916628830894,-1.0817221934252719,1.272074322964986
1118,-1.6485824473310793,-0.6753317368574395,1.514212974205367,-1.5906191415339044
1119,-0.5454387839639182,0.22973910346003273,0.8865771935937744,-0.9407211259946866
1120,-1.055581581054986,-1.0233241534532358,0.5242039407743975,-0.3766783894253185
1121,-0.8988895275601775,-1.0202879481929115,0.28188992467192875,-0.2513625958184359
1122,1.4870088501482106,1.2772433629851274,-0.9987972140904833,0.46827173714616743
1123,1.445486881381879,0.8350468522431863,-1.144435298726151,1.1311279927276885
1124,1.0377972987920645,1.203459996417694,-0.08830712455787382,0.6469873666799523
1125,0.27278353575862974,0.28352089462952423,-0.029365657530410084,0.23845550297018211
1126,0.45873943137593337,0.5192531482576761,-0.01686129544072445,0.35582454538790687
1127,1.8094565592535983,2.3075979191044524,-0.23932299448479588,0.471847809098795
1128,1.4572501777458682,1.4522740016922526,-0.6555443313894302,0.5446540847209895
1129,0.10767084747100732,0.5217126554440374,0.26523396354547835,-0.4074670704076838
1130,0.2802523151970585,1.3782259145618725,0.7055429993613875,-1.0827978801403177
1131,0.08307460749855415,-0.7733493143509225,-0.6107973166063175,1.0875897505974017
1132,-2.061931256865968,-1.0009483500135719,1.9039147499559577,-1.5941527778674693
1133,-1.077920291844208,-0.610049697246733,0.7552278115692482,-1.0473178005126587
1134,-0.4894964733766708,-0.1860611959865654,0.3407232483166707,-0.6993039154239876
1135,0.06152806764563967,-1.129793012264481,-1.247805012665465,0.7477739531450545
1136,-0.9300420971979122,0.6961746950455491,1.7209399645412373,-1.9703901317991317
1137,0.7175734352931095,0.8577834261953238,-0.1255782529759999,0.2715216459731388
1138,0.3002691294855688,-0.6109663887192857,-0.9662756944228407,0.8445976563660581
1139,-0.5511709163036863,-0.23241893409556258,0.4844818833084838,-0.5541634864734283
1140,2.3545088115107298,0.347630617139775,-2.841221199824777,2.5646750894914847
1141,0.08834364122220158,0.2815400645044247,0.23918375502894718,0.05768020869069421
1142,0.329198107123268,0.2722541205847487,-0.12397747409420173,0.30042869907766634
1143,0.5025067097130387,1.0286232968502613,0.3303591960965964,-0.10562866266598003
1144,-0.3993612776338091,0.1609595825907557,0.579718893753138,-0.7937371026160156
1145,0.30161393461749453,0.67630261537051,0.20270668253174717,-0.1979016126760508
1146,1.0392847807429926,-0.20474955121612354,-1.587899314434116,1.408481039684386
1147,0.17535830489036433,0.46132837780350383,0.17000883989617524,-0.1876194420241435
1148,-0.3851840743748822,0.004972763422339022,0.5549289384087386,-0.4099632371675014
1149,-1.6755335646125256,-1.100996622093134,1.2502451037050706,-1.1243788724128638
1150,0.717315339153892,1.7694008385570836,0.6553186587931321,-0.5539203266054444
1151,-1.2959384704485657,-2.094821555563945,-0.07588411607649037,0.29381257729932564
1152,-0.480801534442387,0.4449527941775629,0.9237447628286233,-1.1639782230354425
1153,0.27242855794876997,1.2573926572426208,0.6469772756493319,-0.9221896919065559
1154,1.8668265358685587,1.3564357884699227,-1.3788895252854096,0.9641912255199736
1155,-1.3927534284613838,-2.1343413569600025,-0.04085974020062252,0.1049685894686731
1156,-1.154307854777364,-1.9055052886770358,-0.10870278834934273,0.2848879561013666
1157,0.5791611354400737,0.15508043697060742,-0.5826632412194742,0.6678374190439095
1158,-1.8211851523020421,-1.6857211689812066,0.7951437454493472,-1.0354519872871484
1159,-0.05594594070645593,-0.7923549125445796,-0.4294735663240309,0.9564217234931152
1160,-0.0978258587161926,0.39920992477148287,0.3670795613145952,-0.6664820263866271
1161,0.9494582881177684,-0.07594719626008611,-1.0563032435666613,1.7140953067524871
1162,-1.1359335244683677,-0.3627796847469455,1.2353132187130191,-1.0050438268589126
1163,-0.8696227243432445,-0.6932252797410597,0.4633570884984368,-0.6166804070420684
1164,0.7734499070004013,0.504838650224937,-0.6751986113844829,0.354213960082958
1165,-0.8230892888709511,0.420454353633308,1.3819320113799922,-1.5200752218212528
1166,0.1916519073403877,-1.493519905930698,-1.4242006510635967,1.780424691095499
1167,0.9634899372496472,1.2048386987849307,-0.1453750176173151,0.2773270574988728
1168,0.24057995279557517,0.5464690263152286,0.27468378652178516,0.024542486025623242
1169,-2.0183756314165646,-0.7810067915986042,1.805936947336831,-2.1426340033098756
1170,0.7868132307779302,1.0848142669805985,-0.14904678115284561,-0.07080942465911953
1171,0.11537080320647586,-0.6649146219690084,-0.40676265531476913,1.3010724649360024
1172,0.4196731979654151,-0.34587206674918947,-0.667709214002852,1.1578154936253189
1173,-0.5311421780216636,0.5034243246683346,1.2227296850554938,-0.9576973927962903
1174,1.679440034057037,2.93584815915054,0.33515392208849815,-0.49711106554230594
1175,-0.6466509298377094,-0.6327688321928194,0.23477060992726273,-0.36891254998267065
1176,-0.459482709252143,-0.041378491782661626,0.45837493359341624,-0.7339532465481512
1177,-0.008198152406139914,1.2000076144738012,1.1213142481018303,-0.9499124672937608
1178,1.3422884947036209,0.9056521778248185,-1.024375945804061,0.8034541179006167
1179,1.1842041684257187,-0.18144933080764172,-1.642281512788117,1.7743255236633548
1180,-0.9532794708877735,-0.44149812707321856,0.8639029404511005,-0.8171796853147766
1181,-0.4913869455721958,-0.9373961439302064,0.021812971905589403,0.5463354251733124
1182,0.9595009007815376,1.487068386850682,-0.08234520359602206,-0.3075316077387673
1183,0.72841256092323,-0.4852994321686941,-1.4115420753322576,1.2860208188055458
1184,-0.3523545486417734,-0.7739816405996728,-0.1667776447060748,0.3158663148855946
1185,0.562056656981736,1.242736215184327,0.6417434169257942,0.13938748707775916
1186,1.9610253166898601,0.6319180460680102,-1.8999521202699219,2.131902675519093
1187,-1.170769110089322,-1.283803808007051,0.5064898573358549,-0.19046186504975474
1188,0.9605398003507111,-0.17180601640085866,-1.4342698705856296,1.3184367367757834
1189,-0.2525453053047294,-0.8337774272096804,-0.4269875651376678,0.3580429916966885
1190,-0.7313939050432449,-1.1318650873118532,0.09989902966869434,0.2958829322850262
1191,2.4886330791422053,1.528512624142255,-1.7070956273372966,2.192363527307406
1192,0.3568365862092812,0.27490588257633275,-0.24883391014207074,0.17254433025071794
1193,0.6300160100896978,0.026106036282191526,-0.7399373555990034,0.883734295537954
1194,0.8511894422982964,1.2825111034607097,0.25441258384162413,0.39356618331072546
1195,1.6167406633326957,2.408927110453583,-0.04914825752504962,-0.12636335758451311
1196,-1.7968687185878052,-0.587764304192484,1.68411274640103,-2.032522705559368
1197,0.5718119712774092,-0.6712951471808829,-1.3371780018672754,1.3067054862669325
1198,-0.32535506659026264,0.4409649295919503,0.8679666221174076,-0.6970411726462657
1199,-0.8871287934202212,-0.44329736124407604,0.8497661796410375,-0.6012895036037562
1200,-0.7440400701220067,0.5209120923103862,1.2383179880959065,-1.733539678830593
1201,-0.1070770304509776,-0.23465805876157034,-0.12971261200673098,-0.04476714623953558
1202,0.06949377293780398,1.6566914237986239,1.3282911471923597,-1.4102410173747448
1203,0.3658485871128003,0.6021725959440787,-0.024033469079352724,-0.18922326681857193
1204,-1.6384194692499394,-2.2152299521916863,0.0916411309657215,-0.3440944993749904
1205,-0.7575680853886044,-0.44147837016429675,0.8710986400841497,-0.10487442725025918
1206,-1.4923626399694645,-1.0441716977954811,0.9524705271364889,-1.1321927616099638
1207,-3.4447855855140084,-1.032327401490386,3.6963854764697985,-3.2995185338567126
1208,-0.08001059238292908,-0.5431756524999702,-0.28969330753528105,0.515046945004644
1209,1.9170923243096272,1.306309927392181,-1.3439009321093132,1.3267116505982566
1210,-0.5230543384616131,-0.28844622242930423,0.3405976633166645,-0.5721544539753866
1211,0.4311647142173388,1.5809095473444774,0.860645486366254,-0.7592834287746252
1212,0.6986089467084683,0.47535386309137706,-0.5362348968118311,0.40306391872822955
1213,-1.12975703932473,-0.42337550589470935,1.0528176249351233,-1.1585549802208954
1214,-0.23929126883111138,-0.5414854151254027,-0.18814428615452594,0.12070703520394188
1215,0.8308427042916303,1.0073488905772223,-0.0006502683343727169,0.535548191525549
1216,-0.1760764320094529,1.0848146377656436,1.107456041085423,-1.2962387171731609
1217,-2.131804472193892,-1.7234800955400538,1.2203620388875742,-1.3044690603213291
1218,-0.7664904162889186,-0.2737791703758412,0.983182005170266,-0.34414489142799853
1219,0.6437976795115806,-2.0751487632120327,-2.764769120151422,2.436735097742813
1220,0.40897222902162583,0.39858080710542754,-0.26765252939747497,0.02695466999693368
1221,-0.877520961021025,-0.17729218682497766,0.9651190329634136,-1.006031923129873
1222,-0.9189178093869982,-0.11897605014151082,0.9456204469810972,-1.3293030844399119
1223,0.3736246285430949,0.5478798982238664,-0.028602591270085853,-0.038327040389423375
1224,0.2879588304122975,-0.030315315372300516,-0.3625062628430982,0.46310165025664346
1225,-1.212559386657669,-1.0683425068276153,0.9057626262747505,-0.1559270459701904
1226,-0.796251429083087,0.5956557552182479,1.4500566479228318,-1.727185117279377
1227,0.13410854477986847,-0.7501215878957431,-0.8636185920502885,0.7678675992342477
1228,-1.5048670864807987,0.25008676567046395,2.3958228421613073,-1.7570160665750627
1229,0.31237608941606826,0.2454447573015064,-0.20651363006406126,0.1594374042932114
1230,0.7715178527265644,0.6213134001807026,-0.44470628027832315,0.4725889500390182
1231,0.2575599683281151,0.005606977064934381,-0.325554734704778,0.3328410742202431
1232,0.3605027419877954,0.46219399878298695,0.16094525441839377,0.45617980594260665
1233,-0.7349064581174958,0.08596225722268815,1.165990863708696,-0.7777561727513992
1234,-0.7556600358608804,-0.7166874553519262,0.3262473234734911,-0.3944937064697162
1235,-0.7462845755461249,-0.6313900130013463,0.18739474786052385,-0.8120136540816584
1236,0.9677307548412696,1.1451525459305847,-0.22490413797090855,0.2963623330028837
1237,-0.37802062610483494,0.3823099292916378,0.7859115625831747,-0.8883906519953773
1238,-0.17664283274089793,1.2039371161441312,1.2769689249302818,-1.286964082067411
1239,-0.008944445259659338,0.7100824111168388,0.5037808441220321,-0.8585495954339897
1240,-2.4103679853020723,-1.7464921359488712,1.696713053231288,-1.4042999757841568
1241,0.4441939933585845,0.02131578630177529,-0.6926316135061933,0.31446439273097293
1242,-0.5440877673153746,0.6968857182187889,1.4311839478258865,-1.1035590308518706
1243,-1.5035537573171245,-0.13528261621931742,1.7827212473640712,-1.9030536985936928
1244,0.9340505073555327,1.1240993257504617,-0.45037868261287173,-0.17098809777682833
1245,-0.1571449962414334,0.8381412929763324,1.0133748612946394,-0.798641683167062
1246,-0.8952765438552918,-1.8016779581535012,-0.54295635385944,0.19393374939022723
1247,0.6045288296968468,-0.5230213123061744,-1.3379872635212062,1.064043403721451
1248,1.1314408045185158,0.7115701589499355,-0.74883337695788,1.0046825805132236
1249,-0.8250352488145216,-0.7021758527734153,0.6813577291363566,-0.05104118136862128
1250,-0.25758790046343866,-1.4018961961775815,-1.0223289123412576,0.6620980122483536
1251,0.0576615173584847,1.0529588739543227,0.8584495483182459,-0.8230045890297406
1252,0.46924800509900394,-0.011793665374565844,-0.6167749374879995,0.6178499775600311
1253,1.058080911906391,1.1654730999437921,-0.10770655341103301,0.7770413430706072
1254,1.3173391289130463,1.4782143786216873,-0.3919278097790795,0.44691271928510823
1255,0.024585323704273257,1.1034420017083333,1.003047754449186,-0.8080909369077891
1256,-1.1646916043484161,-0.30530369958006165,1.066066954200492,-1.5453025236759594
1257,-0.00961582967605754,0.6341575485417353,0.6436707320506884,-0.4307248830780579
1258,-0.35774988966193993,-1.0203952345047405,-0.55255810302291,0.21122351169012005
1259,-1.7871325181444122,-1.4145866975809194,1.0809687725191102,-1.0644323962423958
1260,-0.897841729516926,-1.5527076361223626,-0.24016730701037942,0.11751979300329331
1261,1.3473985084446027,1.0333205474298734,-0.8557968491022454,0.8107292223222223
1262,1.2865377757454548,0.8957834885687685,-1.1370451376711463,0.42920636773698284
1263,0.18746998323409514,0.18898965406024013,-0.15084371030996707,-0.05249409504272218
1264,-0.512893891444665,0.6480000434860504,1.264697767784171,-1.1676779715412018
1265,-1.766038659992034,-1.815650763027302,0.5081009954622652,-1.0308563803451654
1266,0.18911330367704915,-0.002710201817357208,-0.21725199767243272,0.2993190025031385
1267,1.6987056115909331,0.6301300351952375,-1.818714006040415,1.3417718863026373
1268,0.7604077968867599,-0.039774151797286834,-0.8622480229392966,1.2932362777913924
1269,0.5870508864268826,1.54354817379894,0.707319735926021,-0.3822553306050391
1270,-1.4729747633265184,-0.5481374872641239,1.745332127633113,-0.8623391881691361
1271,0.35702594849806574,0.2533877841584099,-0.0024399551397050225,0.6599172678129894
1272,0.5184022534563599,-0.9164007747947461,-1.4501925096152688,1.5084955140554552
1273,-0.5174804493531426,0.2888547853840007,1.0973546038872688,-0.6117064777903202
1274,0.496999168535517,0.3584215439890212,-0.25462333273815324,0.4616490644010777
1275,0.5680560421533907,1.177189570808163,0.43712017403660636,-0.041836615213917155
1276,1.2361379576232057,1.2558216422403017,-0.6396809882715911,0.2567611255054453
1277,0.8348579929520535,1.7854816678928622,0.7259044673216736,-0.048024639169185986
1278,-0.35403540231496433,0.186706412332914,0.8048612485909568,-0.2966789278439062
1279,0.4429851388171592,0.0779913535365817,-0.42640437788258145,0.642932850355784
1280,0.7785969553099965,0.12903555830219998,-0.80806628861234,1.0460492101181198
1281,0.09013194223921327,-0.02751742180331445,-0.0732292072236655,0.259494142962519
1282,1.050266600440983,0.3124059015310681,-1.1534151671854793,0.964973437536263
1283,-2.0851771757754185,-0.32465487147494443,2.392835644840398,-2.448420431778618
1284,1.5251619284951135,0.897049183024824,-1.263604856304857,1.0559276164414721
1285,-0.68815925082192,-1.3608253507024635,-0.3493998417467679,0.21086088300805977
1286,-0.03735305611751094,-0.7218308759170129,-0.6219261680242844,0.5129760824420811
1287,1.3706498864645453,0.35856968693744584,-1.5394672918029646,1.317692970102301
1288,-0.8114664911528167,0.20925947871301537,1.2531202190632493,-1.195589284537832
1289,0.21473840984089995,-0.35840655106604025,-0.5240900758082129,0.7088526132225696
1290,-2.6086843216257685,-2.8477094243013843,0.8796614468648822,-0.8945089787305517
1291,-0.21239863197931588,0.1860072364144544,0.4562069669546042,-0.40377744152692435
1292,0.17163414741089178,-0.0028156338103457754,-0.16205363177806392,0.33447315694868
1293,0.2621841613042275,-0.13414586035973203,-0.42571301723881727,0.5102733665023717
1294,-0.7032885195196867,-2.0989346954846924,-1.093668569518959,0.6267616955389385
1295,0.8129179439662438,0.010053441173984351,-0.9804598060313079,1.1520239740410094
1296,-0.009036165392215058,0.2849397462459791,0.027511505165912862,-0.6721137584605387
1297,-0.5949879389667753,-0.7279267170225887,0.0876492173574454,-0.21390725234312322
1298,-0.33163797321786526,1.286781348073722,1.561232647104549,-1.5396688962749772
1299,-0.7523204180907567,-0.9397522132999582,0.2559911168576879,0.03236497698706806
1300,-1.9213944700026904,-0.6233578255861888,2.0937139095535704,-1.6690498086191639
1301,1.2756963492844415,0.5223019329640792,-1.4203947361108025,0.7927798578458237
1302,-1.2652431166787748,-0.78067103407593,1.1677436016627358,-0.5770028645545308
1303,-0.8738287906944756,-1.080956600545969,0.2945998009234679,0.007213689693070877
1304,0.9408769004568671,1.692623886405321,0.22193363460555152,-0.3338463597653607
1305,-0.09789236836286493,-1.1449251238771072,-0.8861599701672991,0.8524611143601679
1306,0.015975786972189942,0.5001955321713835,0.44619555452970966,-0.3640206762093241
1307,0.3765758800157198,0.7347249338818276,0.09285601345923397,-0.2648613132166441
1308,-1.1073555693905048,-1.4832608702004741,0.13784512566852616,-0.13232023931226886
1309,0.2275930134332469,0.5647974081093733,0.24570906587330937,-0.11728241357301343
1310,1.895721307347981,1.7608233861868303,-1.0142735456190517,0.7338741023131168
1311,1.0060538106918957,0.36332108243493355,-1.0788733363567202,0.8154301048303337
1312,-0.33978171526031586,-0.14581434767091805,0.18248091784844495,-0.5404960371577967
1313,-0.991083821030637,-0.4679745134652725,0.9890331540593602,-0.6675998635123392
1314,-1.8265080507423366,-1.0780932103875345,1.5149562565432493,-1.2524034686677665
1315,2.0901503176211227,1.2486264919961345,-1.674154187674919,1.5020681247823644
1316,1.071824599717825,-0.5143570484448804,-1.9755782587489534,1.5887667759673665
1317,1.0647398104972166,1.4131171894445649,-0.4243807810915132,-0.35611316962756173
1318,-1.6873079471941164,-2.7067139986648434,-0.12605184148427503,0.28436761223393686
1319,-1.7654243881161837,-1.334095347622052,0.9022855294423849,-1.4965266010591425
1320,0.5827397649028448,0.43983701984813695,-0.37921563003428904,0.35166772032367005
1321,2.3093181379159398,-0.245111052218421,-3.0127324146999896,3.532450186689118
1322,-0.8262965230835116,-0.11303161967889892,0.8659040211500565,-1.153191172948922
1323,0.04483372701847879,-0.06108657035208696,-0.2519508961850846,-0.13666821524866252
1324,1.4332378057558706,1.3278379820967168,-0.7369610873939668,0.615776084670246
1325,1.459952103245179,0.9134128201361889,-0.9956939288141132,1.2559509802279776
1326,-0.23446451291787665,-0.8788908320693299,-0.5966876406880703,0.23226223981187125
1327,0.3283763409653995,-0.4170436077197317,-0.543556623073016,1.2224107989410105
1328,-0.9331305004345869,-0.6678463555882705,0.5856356700396215,-0.6892905826393425
1329,1.5557492896636935,1.252494592338398,-0.9367228448310638,0.88332023618211
1330,-0.9137876649193601,-0.9509608766379212,0.24699642432330404,-0.5336634535675062
1331,-2.144998793757442,-2.8265261844674865,0.5349693501250086,0.1038269413209906
1332,0.767376999994566,-1.2304394116138497,-2.0159169060502244,2.1591031259557916
1333,1.2395269848226638,0.6278522094892544,-1.2154332827716356,0.7701050376772378
1334,1.0952374006577112,0.8687651215319544,-0.859784091885258,0.29976012998229035
1335,0.7605876094623011,1.6268473562737595,0.2699448464408379,-0.7347636473645223
1336,0.7777209832206345,0.8110918405946019,-0.2609901588218596,0.36043451087895007
1337,0.004405998893865067,-0.4618631082177126,-0.4448763509538832,0.3466096332186999
1338,-1.143625926068615,-1.1536923404924502,0.35130692154042215,-0.6815352168111953
1339,0.17046193104276977,0.11582515229009566,0.02094727039038881,0.36654265630472455
1340,-1.18704670867541,-0.2552558269265692,1.304952558945652,-1.324658669129418
1341,-0.02886875354278863,-0.4377749387086437,-0.42810447054273243,0.19905345939995034
1342,-1.2291636094185998,-0.17547443809450297,1.7311702292165962,-0.915981235681045
1343,1.4698882236513287,1.720011633909878,-0.3989341115719585,0.39577999530208985
1344,2.84585482904742,2.0633392246688724,-1.9550982859847745,1.7398429425803688
1345,-2.1089948776035032,-0.7068731795051966,2.3987948944636064,-1.5997025061628667
1346,1.2994991875890811,0.07328252822037122,-1.6190774959226202,1.6120645092145465
1347,-0.8562556419964074,-0.48729259962710253,0.7050640209843919,-0.63993561967733
1348,1.0346796750997451,-1.1152015359899525,-2.371182746986628,2.209511493399462
1349,-1.977694024351971,-1.8524897013419677,1.2125099261080603,-0.4557287384161618
1350,-0.5112733262545004,-0.7051207910798222,0.22659862950717638,0.27542278920071006
1351,-0.5391799933291243,-0.4935341956248184,0.2630489403715533,-0.2711770093544005
1352,2.6525414161848686,1.6695915202029328,-1.9426567191063409,2.0219121278407814
1353,-0.5362300845949997,-0.08042536985101043,0.7726396899743421,-0.35953499650616544
1354,-0.44569461731028365,0.9510572420640514,1.4894678045050331,-1.2629982114793252
1355,0.45322971281175817,-0.6547937501503833,-1.1234745198822922,1.2199541045718267
1356,-0.14483718204791468,0.5657111321229604,0.6205969210454578,-0.7894922731561611
1357,-0.9770451442507606,-0.9045455778561438,0.5557217304039017,-0.3272495906154874
1358,2.689432068832012,2.0596011848937144,-1.4290828310752879,2.117720196558546
1359,-0.10737340301737447,0.6955222524860689,0.8766687771743914,-0.5173670811650402
1360,2.3062895153860765,1.21877031196279,-2.0658697592441646,1.655775262706095
1361,0.8519411081061256,0.8862789685223861,-0.17777906832074414,0.590942135365073
1362,0.006169542981236313,0.4203564692720532,0.2116399921372191,-0.6200315481497048
1363,-1.1112029822855385,-1.7018658679837173,-0.07389533286213545,0.008450607925221692
1364,0.9832484852179709,0.47449436272817486,-0.8365879870055489,0.8927978215152002
1365,-0.3412669540793571,0.41515684647133866,0.8762571934249881,-0.6769518904023224
1366,-0.5011720922429398,-1.466913298939271,-0.5972567310658838,0.6983194584072702
1367,2.266340921614525,1.8021952153874687,-1.4587211836597758,1.1747346879427027
1368,0.7574022957376513,-0.29723070970583676,-1.0985951919962922,1.4874596041356272
1369,1.5302816005099091,1.2960144507854803,-0.7795680916969746,0.964409101150548
1370,0.3219300417173137,-0.15685097033004547,-0.7881278195809969,0.13930297069256845
1371,0.3588442699008829,-0.8566206087573484,-1.070835346964576,1.4629697456805777
1372,0.012920378523513786,-0.6762670194343376,-0.7362004438356864,0.38101492286875577
1373,-0.5928888876353492,-1.8341571494963216,-0.8581311851026538,0.7973519392226085
1374,-1.0424953586941095,0.953444114659123,2.1412725678366633,-2.2523144721495627
1375,-1.3115234901369088,-0.7396561867936983,0.9888684553314966,-1.1571247388491122
1376,0.8327533422537683,0.8148909131729344,-0.31736276705318467,0.448536242848688
1377,-0.6790347140458922,-0.35636301155852657,0.5802865547365422,-0.5428210843760682
1378,-1.1908110015380866,-0.2601069373020469,1.2581280460257094,-1.4090092384883515
1379,-0.7058604459643287,0.02590221830769506,0.8240439742275275,-1.1321244779535407
1380,-1.3151082794364837,-1.3808876326672348,0.4806999151952876,-0.5174357643137097
1381,-1.2157084073116011,-1.1230430811637833,0.7404596168026036,-0.3266849940094292
1382,-0.3814726231719794,-0.7869252538518259,-0.24150435202380297,0.11119918570579011
1383,0.2608299070396076,1.8102650639970475,1.277921265999493,-1.1860907455565366
1384,-0.8809808878678925,-0.595843380433407,0.5609494878469425,-0.7203549402078049
1385,-0.08236030311375761,0.35874260685061327,0.4322419830738216,-0.3984676124073525
1386,-0.11214530347296224,0.46516547257959856,0.4360611169643494,-0.7553023357587181
1387,0.15769477238907761,-1.4675195183943273,-1.5278116144669525,1.4134178432502948
1388,-0.40461158815555565,-0.9383779634090319,-0.3379089303385975,0.22426651872042488
1389,-1.102638423147159,-0.4593076307611635,1.0347757431815103,-1.0066349661413847
1390,-0.5589569023245151,-0.2279646500701254,0.5856920254353654,-0.41419333261316005
1391,1.6150255719487043,0.919728148094847,-1.4135765868651924,1.0578027742894254
1392,1.0225793780514472,-0.3169157556304716,-1.6983187584498682,1.4249146441478577
1393,0.10799797769267115,-0.07970155939157313,-0.1477937777534372,0.31787467105984224
1394,1.1274444902606588,1.5306862077592363,-0.16025470953644716,0.05003113977887568
1395,1.5171727496276604,-0.1458088095212205,-2.0899462707799867,2.088755206290756
1396,0.8490313776507992,0.08771211201681581,-1.2188730955184635,0.6728892411871206
1397,-0.5848099987685418,-1.2779490507820488,-0.3779977809818096,0.3296635150255646
1398,0.4714769484863988,2.3285197471956973,1.6608307078580316,-1.009454936342289
1399,0.26620171457094544,0.4228890644693268,-0.12404232311091254,-0.28879362534791553
1400,2.0965511895877698,1.852851800984942,-0.9193294939162329,1.3970205617081919
1401,-0.17260647200742393,0.25733112936947444,0.46716246577065873,-0.4144958362151278
1402,1.5104565237326266,2.3717916601772995,0.15627861696157905,-0.054177731906868754
1403,-0.6273429246048009,-0.9275181197783793,0.0745389415395707,0.12946166543401577
1404,1.0843278253944526,0.5589466284676554,-0.8858858203151221,0.9631575287055631
1405,0.5934569573227724,-0.2689470001178883,-1.132810758287977,0.7726704364848256
1406,-0.994616324603235,-0.052966354411973775,1.1982153596050533,-1.3137317019839498
1407,0.1278418025442262,0.08147940612622344,-0.04653174859118113,0.1780960527932605
1408,-0.8367955662845258,-0.2657547852649752,1.0032042414092133,-0.5795417634682368
1409,-0.2864789350923202,0.23429732907972664,0.4966934247086669,-0.7138378527168707
1410,-1.5367034614581208,-1.3582515183090391,0.6721863585564134,-1.0264702981943983
1411,0.9375135463630719,1.887016949360067,0.3841818475831864,-0.5292241392013556
1412,1.3407555751182991,1.850853341720504,-0.17378476478290503,0.015285760597113411
1413,-0.06941912494582254,1.452358310876421,1.249965905360904,-1.5514148673961343
1414,-0.8555345837772498,-0.8662250751167956,0.22533604174956418,-0.5683294213656974
1415,1.767702884901753,0.862034543766121,-1.7296254938650364,1.1853847287102004
1416,-0.0504394275484752,-0.6990538951141076,-0.5202836860710622,0.5904971021410641
1417,-0.3656365723133756,-1.118837638938777,-0.4544534639672917,0.5939292400289586
1418,-1.365346382670769,1.0824884707707274,2.847460201403915,-2.472302752993667
1419,-0.7511643346654673,-0.7095166356916607,0.527819705741101,-0.04011042564688024
1420,-0.25198976552626934,0.08866436445186139,0.29604344911832575,-0.5927323702008966
1421,-1.4340437817815574,-1.3848526613727445,0.6924961810303252,-0.5593726500270717
1422,-0.9259543863169631,-0.16261753073662708,1.0860639848736826,-1.001245955860792
1423,1.7416664196949019,1.69246980366299,-0.81867413638284,0.6933589899065821
1424,-0.23250508810195772,-0.10050865791744576,0.14439805139608894,-0.333625639510398
1425,-0.6260205431161375,-1.1652707522285137,-0.327865089806906,-0.0014174866647805723
1426,0.20250067884166792,0.24731758733782436,0.07435630616673723,0.2576537927345531
1427,-0.6654948407613348,0.32613144183609105,1.272806583153594,-0.92135147402077
1428,0.36213520470906946,0.2621721542793658,-0.20023267505460632,0.30799559262832765
1429,0.17232206260217087,0.8905744958604799,0.529098483813717,-0.601890881541479
1430,0.25296102487618066,-0.02730858053164862,-0.3637707503868552,0.3284918897230695
1431,0.6283109862191425,0.5879442763731193,-0.354255010706789,0.20082749731626207
1432,0.20512876533224486,0.6651920116223714,0.41789527400290893,-0.13633276405631858
1433,-0.44997186735186484,-0.7674975985050727,0.0030827228499640145,0.2509106510683598
1434,-1.9161561801864262,-1.4178969803886154,1.2741864138542118,-1.176793874595498
1435,0.9082450044657316,1.7834239411701622,0.416133056421829,-0.32722922697486156
1436,-0.7392552421335677,-0.709016805044714,0.41451011735704874,-0.19865581299370344
1437,-0.6951801598105227,-0.04797924364082458,0.796028175601817,-0.9648908241313263
1438,0.6454887804812133,-0.3684975485528934,-1.3238476261257344,0.8621258529839702
1439,0.15142905846099128,0.14194152084168188,0.05340654155617548,0.2926779990773567
1440,-0.6282853062017774,-0.1789490941958185,0.7652940653032487,-0.4635766979058917
1441,-1.489667380462038,-1.3113306001668117,0.8017031450159836,-0.7431623007343179
1442,-0.8906790050287865,-0.021538897207578026,1.158972549304852,-1.0873190748254808
1443,1.5221655009265997,0.6652665549857356,-1.3150966742216683,1.5143017513744743
1444,0.9789005881117713,-0.9449912487735437,-2.154402031567278,1.9813821334642665
1445,-1.6184224273830017,-1.793667516323806,0.6193739884743087,-0.35992371835470277
1446,2.5643475127033324,1.3590768191470404,-2.150120232261198,2.090727295267851
1447,0.8777772809637943,-0.6072290372782588,-2.0393716634258983,1.006864549266503
1448,0.966363109676448,0.09828773226070818,-1.281354686639006,0.956559218827753
1449,0.0778809221611526,-0.3552875876511914,-0.33258839630050635,0.5499265309180363
1450,0.24466308515403137,0.42168135246573507,0.1109474402314336,0.051717257425025386
1451,1.0230529501058527,0.976103455583642,-0.5086095241511585,0.4019778648274156
1452,-1.1799203837429946,-1.2871306595625374,0.2581378064735039,-0.6533082241814384
1453,-1.8879533298289282,-0.38589883135824976,2.2069833829073757,-1.923304133139752
1454,0.482637419371808,-0.1890647917037724,-0.869824902868012,0.6475060190260854
1455,0.44646727888452736,0.17150562699910302,-0.46787634345299944,0.356303363193675
1456,0.8017834918871611,0.7386656933561037,-0.30508360792279,0.5436274184557468
1457,1.191048666543189,1.4228895082379018,-0.03782701098353249,0.7538238959269747
1458,1.878670661973801,0.5364944864397648,-1.9767161872455532,1.9325755340296098
1459,0.5993272822024198,1.3153059108391534,0.41257782926714975,-0.30700085481739137
1460,-0.27911810431315165,0.1475645780767118,0.37812882952922827,-0.6871806680960774
1461,0.6763410353308574,-0.5647522900341766,-1.4038104288754083,1.3054486218719363
1462,-0.5723730851570542,-0.04960398234496724,0.9056616349563422,-0.3285107395307515
1463,0.28452313702926163,0.04207773535758197,-0.40857517510338326,0.194654831549698
1464,-1.2995328509076935,-1.1511025916318869,0.6794165047593445,-0.6662660283968814
1465,-0.36595636835936174,-0.08607558125636237,0.21029040090808213,-0.729319742649175
1466,0.5458869795430036,0.36735708733610434,-0.27929568053807563,0.5713047302328382
1467,-0.8770612969951986,-0.5438756244122406,0.5726628408019558,-0.8112187491213741
1468,1.2193533603654199,-0.3068486816989126,-1.8204555791998527,1.888564942397227
1469,1.1872075124666406,0.8335381373708809,-0.8552902885422883,0.7215769155188678
1470,-1.0341323509338631,0.5198075093601539,1.7893917292363528,-1.7956751867011709
1471,-0.5520443907668315,-0.8247914443470352,-0.029785962295682145,-0.03357463638968842
1472,0.5937204090164268,-0.29274294089350394,-0.9552880747355517,1.1443013001600306
1473,0.05560650558158819,-1.7373770138515374,-1.759374987804431,1.2918235240663642
1474,-2.1166175998517542,-0.15281776441130657,2.637211500809382,-2.5447843884687114
1475,0.36796571914620896,-0.3114357063312511,-0.6853815831321574,0.8585943230065888
1476,0.6499155247037008,0.7901090047645799,-0.0715846452162424,0.2883951214476046
1477,0.584131660560661,0.6473881031265176,-0.17365712853429519,0.21791542950010429
1478,-0.020194269569383184,-0.7935102769303377,-0.5548592122018787,0.8658049821581529
1479,0.6974093031019394,1.0779188175742416,-0.15866337492495433,-0.39073238461163495
1480,-0.8298164532804536,0.11781759534764932,1.217614106564221,-1.102930379565435
1481,-0.683964151069378,-0.643398086627065,0.10029015419852924,-0.7138915086017484
1482,-0.45435350816434367,0.37976287341014237,0.7790966813558264,-1.1671469232145302
1483,1.9059238537227663,0.8204773918822302,-1.977433401007124,1.3427017794556906
1484,-1.0890632484409988,0.10772767428353959,1.6388050025106577,-1.2622409885283676
1485,-0.30425557065397546,-0.19028609052752216,-0.05794026102575307,-0.7302340463795524
1486,-0.25733609642545946,0.7856952971305964,1.0498237150900678,-0.9658152481783537
1487,0.7944521618150683,0.49454513310850134,-0.6135967963406929,0.5628468432963443
1488,0.5867002293742254,-0.1601729090005996,-0.9755454229129693,0.763205886089837
1489,-0.7548572035971202,0.4805166345072532,1.4180370195466023,-1.3575457516290095
1490,-1.804647277474903,-1.3436852859802022,1.3035031399086978,-0.9057103829802531
1491,0.0359432631284416,-0.2779922835552298,-0.25118168420683745,0.35690011558056095
1492,1.732202766741913,1.9133619561547761,-0.40779855561087447,0.8508110219086058
1493,-0.7026058680621282,-0.10511925826036571,0.8940967500891219,-0.6803776980889766
1494,-0.16844846542584369,0.2953170103510577,0.3512402883879172,-0.6959180253548178
1495,-0.33781271913868244,-0.7446599716138774,-0.16969686761885389,0.2918678133458617
1496,1.133809331265682,1.396151722563118,-0.03412349793782295,0.6203227977679014
1497,-0.7396357123543841,-0.5490846318382194,0.36416929373484763,-0.6751915489669033
1498,0.32155929683967766,1.4340678904616964,0.9167858383316211,-0.6973328617262035
1499,0.14944417561884568,-0.07944010927564152,-0.31999405181112395,0.16159779175066427
1500,0.5357798814197077,0.23106832724653237,-0.5806498424720008,0.33273488298788817
1501,0.4117203244245011,1.389177656702285,0.5598540938099278,-0.8963029619518523
1502,0.9964405938032977,0.2671557220238185,-1.0284253672036459,1.1023821361869461
1503,-0.15706388443198327,0.3339634292340332,0.5877324867068521,-0.33133601390458584
1504,-0.9313371883960259,-1.0677155109727352,0.22973535865995487,-0.344803553570758
1505,-0.8745521749795079,-0.3249805790941455,0.831599792053721,-0.8742058225568675
1506,-1.2940344287643213,-0.5381692079066493,1.3405714194211809,-0.9608382300292833
1507,1.1319907128141167,0.13963684989784736,-1.3077888290973423,1.4021411801288652
1508,-1.254492987406562,-0.660211326602905,0.928960726410379,-1.2508594511264262
1509,-1.90606961784236,-0.7997814024603864,1.6443213283715248,-1.9809297446551182
1510,-1.0740403507552432,-0.4826633446973536,1.124194901154967,-0.690214093881877
1511,-0.4158977948601031,1.07421991381521,1.6562503645073972,-1.159754037180161
1512,1.0703625589594457,0.5745670444931941,-0.78449369327467,1.0543834116686608
1513,-0.1805854212616106,-0.7508839831076862,-0.5747258975803718,0.1543892516009285
1514,-0.16070514982833012,0.18672601918922768,0.2399204976162276,-0.6023070277497675
1515,-0.06375940746070659,-0.4632965899177111,-0.1376835278527296,0.6483657933360101
1516,1.5040216926392258,1.0413171160248584,-0.9375790931196782,1.2070422316745908
1517,1.0132332629587215,1.1913818469021233,-0.2861574990941948,0.2392826232030496
1518,2.0702814178804014,0.8887164298510033,-1.8326167109787466,2.0209216984379066
1519,1.6902278644333237,1.7970878946861155,-0.6553662597810835,0.5448601665292254
1520,-0.042490400717452866,-1.0356500401110023,-0.8843416337590281,0.7897449461692851
1521,0.08807252598440374,0.03131387836005132,-0.039408344830065396,0.1696792078468315
1522,0.32655212661639016,0.21003665280199457,-0.48250080843418486,-0.1912708050848824
1523,1.6619253912419656,1.248570991980587,-1.0668895284768924,1.0427192744133218
1524,-0.9277578131217538,-0.480836015257479,0.7093561252635106,-0.9035770221073646
1525,0.12071191754025833,1.2377412048930974,0.693576729299357,-1.334879661070439
1526,-0.862243689025081,-1.878565914671336,-0.5067471162863305,0.5616519559192198
1527,-0.4875775372325247,-0.203147445687899,0.4185407682252309,-0.5138737980068766
1528,1.2692707382598072,0.3655451706828897,-1.1755605261890731,1.5804581474659225
1529,-2.2535447356781457,-1.3003805658163072,1.6454722970137634,-2.0117719375787857
1530,1.791305100000768,1.9731333446473545,-0.5248362844020311,0.7112149786031843
1531,0.31530588661830733,-0.6522735760961815,-0.9922803228883498,0.9522619323612499
1532,2.00356640931082,2.351726966331019,-0.7605894638262436,0.1395032405858427
1533,-1.429588710315527,-0.46046253972840556,1.4960489822910308,-1.3588494437057799
1534,-0.8239688313982939,1.0508801968535566,1.9080510341759591,-2.1179500899142103
1535,-0.5627466179907601,-0.2922709716111585,0.6092203448013134,-0.2308810881941434
1536,-2.6926575345647707,-1.3356171274834023,2.36969319909648,-2.2187089388127927
1537,0.5385678596671145,0.26100126153823566,-0.5600537889458052,0.3067283416716981
1538,-0.2821426061162491,-0.5756471081849261,-0.23984208587310882,-0.04116788380579805
1539,0.9545404464468099,1.5626013525793834,-0.03430862812675066,-0.4229842108266313
1540,-0.5994639163434025,-0.17320538068777888,0.5594309254963086,-0.7376219677520811
1541,0.3769011406332333,1.333970602350746,0.7723497085539325,-0.5125058236072663
1542,0.8108120869723255,0.7420520342723631,-0.3953625906454179,0.4084441508266885
1543,-0.08766955055650154,0.42667665199402666,0.47794564681469126,-0.5009258581990362
1544,-1.0867258147755594,-0.9108403077229674,0.4948024332981971,-0.8116254324417738
1545,0.1482511282652008,-0.10162862130023625,-0.2683873186169994,0.3019848574625865
1546,0.7819420909417665,-0.5385294225885296,-1.3039124491227225,1.7958684357380625
1547,0.25394387246350986,-0.35551458131254393,-0.5921479171604271,0.7219491584109131
1548,-1.5341193537499298,-1.2794157278928084,0.7394345661732145,-1.0890351270202954
1549,-1.75820292499193,-2.5856228412945588,0.09109011297338837,0.12149759846701928
1550,0.9930526880257925,1.0497808163439757,-0.5646686169585905,0.017835971394463034
1551,1.021131935785652,0.19172850727443827,-0.9893630306732808,1.4417847512762876
1552,0.28226317218623576,-0.17402926592676138,-0.503224798086594,0.5416497633975919
1553,1.2139675756670194,1.9209203432488295,0.06296435210053224,-0.1895432694545223
1554,-1.1273986978045523,-1.0464204223064864,0.4411077528946384,-0.7242321444164512
1555,0.5300489997027588,-0.07222595637107569,-0.7933988669634364,0.6695828248302766
1556,0.8896771008363161,0.3874765523396674,-0.805567838290692,0.8232289423998889
1557,0.3709703008268146,0.5036273774291297,-0.0943540416310481,-0.05691764561365773
1558,-0.8858335397337229,-0.5387988044834892,0.7172051911255072,-0.5998271951180909
1559,0.8527047859697977,0.7484366435451246,-0.43041560022546504,0.4809404112898705
1560,-1.1518481587109828,-1.0173103901488971,0.39115901155879695,-0.9700854376608073
1561,-0.23018433052559006,-0.08760955590418548,0.47122312287046964,0.22012766381743218
1562,-0.31187610252363823,-0.4961302157635317,-0.11759899668989024,-0.12388424974341483
1563,0.8571362098205458,1.0394184204715031,-0.1833865033270248,0.22967167477168152
1564,0.3780525457203215,1.3305495673931353,0.8672893401761504,-0.33262300092122465
1565,-0.16006796236866105,-0.43385750550027247,-0.02238402751516223,0.43637298557536547
1566,0.2605055719691459,-0.3751123625807827,-0.7718387219743252,0.4757217769294462
1567,-0.4352312082919147,0.005615752103245582,0.5587617554924958,-0.583670090240701
1568,1.2272274684573854,1.353364726741839,-0.27145269170374475,0.6389307578264197
1569,-0.10707514497914825,-0.6821868144604868,-0.5356831124684839,0.3201112988052019
1570,1.2838970732764683,1.602044592760036,-0.2864654479107171,0.21428144070378635
1571,1.1351435699509762,0.20052333395027547,-1.1663480947471727,1.5158688848134398
1572,-0.6969865384397882,-2.2742729983430268,-0.8604793353129135,1.4842838428749923
1573,0.11699454567093381,-0.5332876045183526,-0.44955164776028134,0.9134040818152774
1574,0.0784519145178835,0.4773234203027054,0.3869962421859294,-0.18986367602642512
1575,0.014267487283416933,-0.7836510209055321,-0.7230809484292372,0.668392416019404
1576,0.40633925383495684,0.103427658657264,-0.594953322291886,0.1531064140842007
1577,-1.2713477158763051,-1.0032192985049562,0.801679444189399,-0.7070488197194114
1578,-0.2692016216296513,0.27493115642830523,0.7167929707372075,-0.36191238380603713
1579,2.1840066778609226,1.3723500878343684,-1.6409996661856918,1.597206494681192
1580,0.5494062189411842,0.6305270581520315,-0.14423910901496861,0.18640849497900547
1581,1.8332551457751656,1.7865432090226212,-0.7892330896414905,0.8454669726273112
1582,1.0093106432433891,0.35484682155273894,-0.9866118931878173,1.0103220503324322
1583,1.010510031988627,0.5758616568522831,-0.9123378551584262,0.6117307738879713
1584,0.14844630310176976,0.6766852562906265,0.5283385388938834,-0.17187923960103074
1585,0.352181894818481,0.5244063625301667,0.026818516780840188,0.03950253196676465
1586,-2.541468534555465,-1.0134230278706273,2.3492735962458857,-2.492589200668834
1587,0.8220871393120448,0.6260311613755761,-0.6797849075879472,0.22722473989126782
1588,0.6879189204672188,0.6442838447109918,-0.4193454273371927,0.16298016680626656
1589,3.035252084457094,2.1800789504102314,-1.8928456854144216,2.24474405302656
1590,-0.8742626484532916,-1.4985426372411461,-0.010608722537496708,0.4759741982797773
1591,2.3128816269671657,0.6680502528918681,-2.571937785130108,2.116897465830388
1592,1.4482578286918435,2.027139704707815,0.059634112080749285,0.3855546728399006
1593,0.31927392520714976,-0.7016594519848509,-0.8823342353914357,1.2797303102988242
1594,0.32622579925121453,0.6116234562472155,0.09660366127068502,-0.1408633978450579
1595,-0.3787615391787245,-0.7458342077895951,-0.05881791180233775,0.34393861147147675
1596,0.9862255032586906,0.3995108547186691,-1.0676511878921884,0.6769181109341277
1597,0.7717263642497192,1.3173968037431087,0.4057409414127444,0.2922030205826148
1598,-0.3206731321337051,-0.7027338622138155,-0.0644402697672998,0.4375614850752311
1599,-1.2903357780638698,-0.017050893490757068,1.768800225095106,-1.4509923545789716
1600,0.25809404840670574,0.02413663321603723,-0.31930059992758164,0.3010211735329603
1601,-0.149354466728986,0.3219443866771236,0.4705616644270977,-0.4814647050588697
1602,-0.08128597294271288,-0.16573834006996876,-0.026387065617920858,0.0632378949542075
1603,1.592459542387779,-0.7143944438187061,-2.7395324111770996,2.5854070579930637
1604,2.2363811581039217,2.6552710201404794,-0.6169987788380641,0.4918483105484492
1605,0.09658853182803333,0.2229633118961234,0.17151892977743313,0.10928203256431722
1606,0.5959988263315965,0.7187585654366063,-0.1466934937166174,0.13549735526074855
1607,0.06512043914252902,1.0528557856969671,0.8233253221725896,-0.8580600630387537
1608,-3.9684566715125684,-2.1941996283713934,3.3968680713779196,-2.8932384373703526
1609,1.246401934905338,2.264278208348703,0.324646883128563,-0.4413785710418148
1610,0.9452664353768786,1.0769110241680986,-0.24080547752770778,0.35285461413217706
1611,0.9733307295252375,-0.39128637222376744,-1.4635817245466032,1.8426624859785885
1612,1.0589665726324549,0.4862904387957905,-1.0361932029102658,0.7828254930282722
1613,-0.3980307309986995,-1.1410602789328128,-0.43948911694100995,0.5582083072563576
1614,-0.1752927482416282,-0.9354350208816189,-0.6614219699806722,0.46618499656518864
1615,-0.22820930717804241,0.36053527267694413,0.6329166971910548,-0.5701499087836436
1616,0.6592366164386989,-0.0681300428628514,-1.1040134238142867,0.5735089608221635
1617,-0.5472532743494851,-0.10150724478165457,0.6794438597386739,-0.5124388084007974
1618,0.4347644613739992,0.983501222569494,0.38643612376782177,-0.13986236929888055
1619,-0.0513358316724105,-0.9789716430075768,-0.8569139245758968,0.6695917803527296
1620,0.5777973481229937,-0.09499350034242324,-0.7880962681387048,0.9046370553402883
1621,0.2470714476025037,0.2818514790679839,-0.028380397788826926,0.15230742410332104
1622,-0.6868200510220736,1.220638596485051,1.8762258239608367,-2.0938970778297668
1623,0.47512263914148384,0.9322404195257027,0.345623523254279,0.05624439033634793
1624,-1.4425158736569859,-1.2394557655672584,0.6383579548556719,-1.0364214004618644
1625,-1.6342145161027428,-0.5693892948996518,1.9529670313985785,-1.0210925876657289
1626,0.5778147424124515,1.209015383393764,0.0439586889106051,-0.7774889707977576
1627,1.1822927277119826,1.1406591401136787,-0.5186907724155017,0.5559365190113436
1628,0.04502107643628893,0.03424400844862914,0.03617009597240625,0.14203722520879727
1629,-0.23626792736771146,-0.4656382925177058,-0.1908913925178577,-0.056560483221401774
1630,-1.4254078059677027,-0.37308822150875176,1.634832589831979,-1.3101230162191133
1631,0.5990787469640821,0.22634360744897414,-0.4334151202852303,0.8302052303286523
1632,-1.1419643208357582,-0.05161280979794422,1.4323026510002912,-1.430762030972964
1633,-0.773836176141485,0.1386503637396752,1.2413466126751767,-0.9112598932774071
1634,1.740583714311822,0.406896731888037,-1.8416483256459395,1.9903008913864457
1635,-0.34223849675984636,-0.5510852286168251,-0.16923126729090143,-0.19076447250625206
1636,0.5787427344891626,1.2748042566357172,0.4473533251748714,-0.2213924607150627
1637,0.3723435015942988,-0.6588867255420968,-0.9621266818668359,1.2253442448292908
1638,0.9534896269189227,-1.0464342669157471,-2.214512897841863,2.0295485128878195
1639,1.116117212890221,0.8316780268659172,-0.8353483989852474,0.507110105215234
1640,0.5100957214606427,0.8317324659538686,-0.06431386997351449,-0.2991779392261112
1641,-1.9299765170550782,-0.8595444555627071,1.8786373391161943,-1.5086177908899225
1642,0.638284242476174,0.24971817175606942,-0.4358309757015786,0.9096328225674679
1643,-1.0403353562838769,-0.6145936719951985,0.6838444042629517,-1.0279184561455257
1644,-1.1439042636966283,0.23541231735137055,1.5471412830989366,-1.9284736850852173
1645,-0.5199829745847663,-0.8882578998785909,0.025294505402007016,0.33154198847664246
1646,-0.24926428794308736,0.6487703237610597,0.9588673585177415,-0.766654264933689
1647,-1.3870902492510326,-1.5267922504943607,0.45129929418451964,-0.4741671565917265
1648,-1.1408527368509225,-1.0989086003534696,0.5671562254148825,-0.4231428351258652
1649,-0.5120175805487824,1.1603911721036095,1.73579705930283,-1.5712024923107923
1650,0.4017235008331775,1.9316651382123573,1.2250962630706503,-1.0688776227654382
1651,1.009683705216102,0.7502647295058709,-0.6449618868621229,0.6591910170983252
1652,2.1138154900060604,1.8348952013261333,-1.1446517541037524,1.104582045220756
1653,-1.0353383233578484,0.360743133125259,1.734637630499117,-1.5123264522050022
1654,0.42012600529558497,0.30566894630822006,-0.27121625402396543,0.28499489556331886
1655,-1.0640992734473236,-2.1947863270231402,-0.42454228754077245,0.7489787446716253
1656,-1.7190119956655716,-1.402671580660202,1.283438534966817,-0.4924717178781315
1657,1.704073396644583,2.0228408954044355,-0.3679230529257842,0.5561266245805033
1658,-0.46059561453397363,0.6692758120138637,1.0800021780077267,-1.3579704814985267
1659,-0.28342456423259893,-0.9864574538176575,-0.37189787268005,0.7136857737012945
1660,-0.1305826173078222,0.3312291262804284,0.37800623938434835,-0.6000818185696686
1661,1.764759265467788,0.8390808129638023,-1.4498711735676866,1.7238833360758363
1662,-0.715187550433331,-0.723230331802931,0.20571024238002747,-0.4466645022330181
1663,1.4591137110770365,1.224038037353322,-0.6656956432441553,1.0847714561374109
1664,-0.47694806445727284,-0.40173031023104266,0.3947378348709695,-0.03813929630321831
1665,0.7367597544318023,0.7545189535510449,-0.5329236151727952,-0.12910528473161176
1666,-2.307206443313823,-0.9123740765287224,2.285145040381618,-2.0123679836464237
1667,-0.343916819949936,-0.2339121190875005,0.11126999328526778,-0.46809256796869364
1668,0.06792467676495,-0.3814136253826189,-0.3926303137906625,0.4715159426620558
1669,-2.210087691814998,-2.314488259255421,0.6138554362915513,-1.2266487554347165
1670,1.0173197914855074,1.9672189618257665,0.343221739876457,-0.5099366530650351
1671,-0.8227991250490434,-0.901118449957342,0.3847262628571735,-0.0857951976767557
1672,1.1230497731386786,2.2340106945434925,0.5685199839672599,-0.37897083176680085
1673,0.06260407536595856,-0.809315180553581,-0.7373502166731681,0.8780164614504522
1674,0.8092972670193802,2.166604591897396,0.8332698732925015,-0.8706828529721597
1675,-0.5924760364460206,-0.8077112786765839,0.1129757466918114,0.03249743309670295
1676,-0.21311559132105445,0.01777917660324547,0.160625312317049,-0.5214355241999026
1677,0.624063556710088,0.0351168527603637,-0.6444751885179444,1.009110599882346
1678,-0.2612601833207895,-0.5183641652895068,-0.26109041228239255,-0.14238519766991733
1679,-1.7077625390102045,-0.956921349493755,1.3743532847815234,-1.368683938549187
1680,0.2839260487369863,0.7642008308387614,0.4423859016152606,-0.05061025152179044
1681,1.1654898586137115,0.1847795834535421,-1.3481368355873151,1.3416582776558923
1682,-1.5106071825563885,-1.1537834747594697,0.9346307268554733,-0.9640940613741548
1683,0.4709529753968829,-0.34361674854337176,-0.8480117973838331,1.017581423570061
1684,0.5398125972630627,0.7990194574133841,0.11626296394048755,0.20467738015054454
1685,1.2378339594148957,1.9634626269204425,-0.020756459831431227,-0.35470332604721955
1686,-1.93445518739623,-0.9493738162591805,1.5811630294717742,-1.832456237128001
1687,-0.36310926233525,-0.41876783162060516,-0.0807577037434537,-0.4289305996498228
1688,0.05256847656030474,0.12060504179066828,0.008235827311134456,-0.08889396985114204
1689,-0.2551715457112742,-1.2536709667999304,-0.856810037711152,0.6046835895218117
1690,0.9791998286903068,0.2735544597323427,-1.0062883605864517,1.064345788130413
1691,1.8305088076357185,0.631336166650231,-2.1293870464855043,1.261926515451934
1692,1.758168870016375,1.6862904154414509,-0.6406150555144745,1.0814322927452866
1693,-1.4048716408919935,0.0020149242738257095,1.8863869636799873,-1.6990520213860498
1694,1.0632444372351992,0.7359429978698712,-0.8932433581821101,0.4472223830156926
1695,1.8018885301944243,0.027398855977664647,-2.41532775184325,2.1140979164366374
1696,-1.7885061032548442,-1.7338920152002955,0.7681785679812659,-0.8498312434513363
1697,0.14063332759130198,-0.5426821988033432,-0.8708551773254459,0.27730016955857667
1698,0.2778254034631013,0.00867850856418573,-0.30294673365061203,0.4377561185164298
1699,-0.5011658453475304,-2.164228976434444,-1.1818245930471811,1.3515413505446008
1700,1.7413233551372262,1.0631728698846081,-1.4040402497345343,1.1796062004523555
1701,1.424954709896261,2.2325316508736632,0.10927990276065114,-0.10634201252272132
1702,0.7144311180916153,0.2243723802925814,-0.7892493369425789,0.6195468195743896
1703,-0.20996845056180327,0.8687891826135152,0.9396237631957478,-1.1916400774469986
1704,-0.7630982154333297,-0.16183751943365718,0.7702052162600037,-0.9781983355948374
1705,0.4691993778984531,0.9899867546709037,0.4837012348697522,0.1391779478343669
1706,-0.811961773995788,-0.0891888204045226,1.1091471635594854,-0.7303896695087767
1707,-0.46228477540110213,0.4318677537928091,0.8330533829705411,-1.226178326459784
1708,0.09560339417108417,0.11806395320120533,-0.12280604820703282,-0.16010517017296277
1709,-0.603463692019602,0.6257881586849907,1.277816752907199,-1.4146554627129637
1710,0.8144160534991628,1.7982209194730254,0.3761784738740843,-0.7689006986535396
1711,-1.5975174143415878,0.668459954853919,2.6128874262338697,-2.715961461557076
1712,-0.916874622404341,-0.6033736434872797,0.7177812313744658,-0.5537832477912702
1713,0.23480716678739166,0.9573292421304282,0.5375105303896106,-0.5249326636057422
1714,-0.5490847998271126,-0.02836786688249221,0.703793806544611,-0.6527136598547095
1715,0.14864661732198317,0.12156448678201578,-0.22940653592597174,-0.16701036571898886
1716,-0.5773095436132579,0.6285236480627184,1.0700656400877315,-1.6942996348282358
1717,-0.43670849159172204,-0.3455471810252203,0.4244689898381197,0.02244423700181011
1718,-0.9051560489960575,-0.9705693753918309,0.4766457116998854,-0.050265655983540734
1719,-1.7896480831907622,-2.52601254112099,0.10936789867526897,-0.10267435949869215
1720,0.8594934324716308,0.31251172971040253,-0.8367883153238176,0.8413393024532171
1721,-0.13125499084949052,0.6936105765941051,0.839235145338972,-0.6641684188462944
1722,0.9435284014182453,-0.8296957631635343,-1.9770481358723697,1.8893069498067
1723,-1.2063417803656091,-0.9315591850545116,0.618045923211418,-0.9717553049392402
1724,0.5965536330035723,2.1397209167683138,1.0501947878643312,-1.1835640534792156
1725,-1.5707530835070527,-2.9306985617032355,-0.3363970733149782,0.871027470118087
1726,1.4314370597118529,1.1186457716685136,-0.9118137736276847,0.8062057495455676
1727,-0.8483116913231304,0.24981724582465373,1.4758098898351095,-1.032395300924109
1728,-0.10546667908964154,-0.185744706990257,-0.20995352488229918,-0.29874265441897385
1729,0.8684246311719793,-0.2920371563808486,-1.429825567169888,1.2874217645222858
1730,-0.6113477244176769,-1.5354168481520445,-0.4131852764723104,0.794693924929366
1731,1.0686909258181057,1.175327895076905,-0.4102083541571507,0.2574602734641909
1732,0.5047442081411636,-0.4571883318493733,-1.0648289875763643,1.0302150625163427
1733,0.5375126374875168,0.5768347926855989,-0.16443086793418493,0.23797333253728892
1734,-0.057035380672221456,0.4733099228106659,0.5677732204571196,-0.3455826023739324
1735,1.2343493625302888,0.7293054022952925,-1.0607777416622675,0.7793669221416255
1736,0.46938037276197847,-0.9057807855861286,-1.4564487520311173,1.2965515465963462
1737,-0.12706039023702853,-1.2131959792335574,-0.7846207898633719,1.0922593977603168
1738,0.09763287318852666,0.9210945348714946,0.7348222257216134,-0.5796712657353873
1739,0.8173095454509833,0.7265157847891147,-0.525475462181414,0.23964589152380988
1740,-0.8968483853452802,-0.7969748905576152,0.4479555497018927,-0.49054852092327983
1741,0.33453437066251657,-0.03309647908561643,-0.38433227699063216,0.5978175933874069
1742,-1.2087287271041098,-0.23803863336732092,1.2312325564555704,-1.5738277630897919
1743,-1.1442774421080204,-0.14264967170581344,1.3325200998144604,-1.3951538728112696
1744,-0.459964453033692,-0.0702289575246532,0.26500327571849647,-1.0071453355190945
1745,1.4202292860298935,0.7008392869689912,-1.1372179752696048,1.3777814240614936
1746,0.04953362607102726,-0.46549534604924186,-0.5683421426191115,0.2988823057972672
1747,0.18165146337210744,-0.13222700636970575,-0.26495638867267784,0.5013610155382369
1748,0.7725732435499243,0.36870180728430724,-0.4440006309879823,1.0878580821118269
1749,0.3879601062608504,-0.26352009177781327,-0.6762328710776557,0.8304612442303351
1750,-0.21522964945197295,-0.04742396162500159,0.11684389381612895,-0.448721098905393
1751,0.9150848488175178,1.0273373244317192,-0.13318122711935243,0.5545972831727045
1752,-1.084879761301458,-2.3584941177893484,-0.6581205580514394,0.6580673513014356
1753,-1.6090108159915244,0.1667717783873297,2.3418467952144555,-2.023284520188127
1754,0.06848088525206483,0.35026741103715087,0.24939324319652537,-0.1613447712561065
1755,-2.0937051015869703,-2.00951119129411,1.0385058158386054,-0.7981301383663404
1756,0.04584177383463896,-0.07598124516167057,0.048969164738335846,0.43383135362013125
1757,-0.06898179839318659,0.8710597371929932,0.7141602872489478,-1.0908911334457398
1758,-0.2739399143356834,0.4188477601328075,0.6923092323968718,-0.7697175009511946
1759,0.6355845058121314,0.194616122317758,-0.6222655814188318,0.7041684380467753
1760,-1.6735735950970148,-0.28521257280692663,1.7320248414703336,-2.2381130508566254
1761,-0.26704101495049354,0.05313411442556987,0.49439646488760275,-0.21075246459680877
1762,1.472775684844008,-0.7174665153071987,-2.646360999268163,2.329347607253656
1763,1.7754071094239583,2.193545714708181,-0.45636122838032833,0.24272579696805435
1764,0.9805551499673308,2.111537731406778,0.5429223114535308,-0.6376770715790727
1765,-1.66317172109378,-1.4005340020828712,1.0751404489371252,-0.6655102146804218
1766,0.3554093482398145,-0.36131273227482275,-0.6867502762281606,0.9317825500393685
1767,-0.23012991427112522,-2.053890095395396,-1.5877697646648958,1.337717162038346
1768,-1.186703292620822,-0.762321716267893,1.0201406988406385,-0.6009709617897162
1769,-0.23992840097778986,1.5859700661656353,1.557260568742164,-1.9415908809831677
1770,-2.3957044219046724,-1.071666527549417,2.1702968328786394,-2.1465565935554225
1771,0.7615689137044607,-0.5350052536579353,-1.4609555209300997,1.4374505183225492
1772,0.3624561383625627,0.6835432822942885,0.04637374638051139,-0.27370424282387223
1773,0.37606297698682406,0.6955681833595198,0.2760393228327038,0.15108937695705354
1774,-0.024242778362885405,0.1376215706229697,0.1545583865385196,-0.14644095522801331
1775,-2.6191211134995447,-2.7461507055860213,1.070930811005344,-0.8397055587778025
1776,1.1305843051153783,0.5615333837099409,-1.0224841337020858,0.8812723280494964
1777,-1.453277838594939,-0.7544788423535711,1.1588251439763961,-1.328225937474817
1778,-0.21246569839057186,-0.5679427777244864,-0.1860099999150948,0.28428741601946045
1779,0.429442899608325,-0.9231696863446761,-1.294333195374142,1.4818056419980836
1780,0.37697262831504036,-0.898920027960426,-1.469681784388204,0.9262778512842624
1781,-0.431215845574789,0.2950047171169885,0.6912990872815475,-1.0345764796028254
1782,1.0917175686845209,0.2067522453281816,-1.4713669201274422,0.8074305287580146
1783,-0.12006607418964531,0.9630501666358102,0.9781368444808075,-1.030007951163222
1784,1.1614283561704715,-0.18605312363196885,-1.4676678466801967,2.0120960819361593
1785,-0.6174155540546671,-0.4356150398281514,0.2996947060946742,-0.6261300467537348
1786,0.20848517807175457,0.822990212417154,0.3020619976543551,-0.7099025391752788
1787,-0.5174406541684212,-0.4114206593964335,0.49871259378482585,0.023954404794517204
1788,0.9374785295193787,0.9876542840687462,-0.3420669577446933,0.3619811287885672
1789,-0.1509573913821101,0.5097934065679235,0.8170425879781581,-0.32969806674645236
1790,-0.4170653278193117,0.6036925996445107,1.062631007427543,-1.0745661049008197
1791,-2.5038618183608756,-1.8015441754213952,2.001535101475356,-1.0677443224395509
1792,0.9012254396817501,0.61844449508769,-0.622476733809385,0.6295763916063414
1793,-0.28917777502924397,-0.5918536074741606,-0.21133748798081764,0.023123585964831047
1794,-0.5945903849001835,-1.0075275459783333,-0.40239509887500674,-0.40162094193307035
1795,-0.9340609754693635,-1.0952897109942776,0.1804940065115682,-0.37480466972396315
1796,-0.1054373607548837,-0.9417204787308178,-0.5753455396206404,0.882963182737291
1797,0.8213787721181937,1.5873752715464007,0.276562150789672,-0.4104082276011788
1798,-0.0854451724185525,0.8179337680054749,0.7152760071490243,-1.0194382528419415
1799,-0.3019613816389569,-0.5611618333192767,0.02516244272228409,0.32053590124482584
1800,-1.362903382825379,-0.7107245698581505,1.1056121589325354,-1.2047260465481995
1801,-0.5952806843543968,-1.0313967747175465,-0.14990004316047337,0.09905121725803565
1802,-0.6818271241174944,-0.04403433172160245,0.6856565505359673,-1.1214132338192495
1803,0.9566245713921171,0.034814619574585155,-1.1482574393252618,1.309904499337257
1804,0.6239603901184215,0.7818763859615259,-0.05630212638814267,0.2424579912926683
1805,-0.09565406515110861,-0.9436132543032014,-0.7009823714518523,0.7008491265642688
1806,-0.9842534737111709,0.09718636512165933,1.2163530389618966,-1.6074189915408696
1807,-0.8750607266150171,-1.2950308369190837,0.13254247091685037,0.23404544301832653
1808,-0.3242965147670281,0.11098562600499498,0.6536220849997877,-0.2742716285153749
1809,0.3820133643556393,1.3520794401850222,0.7932072905897936,-0.5011776355872768
1810,-0.29036045204154876,-0.8038649794695104,-0.2901617431365923,0.39199625126878174
1811,-1.281535018659691,-0.14711068578497055,1.4793466834113562,-1.6160190927174496
1812,-1.329576525371003,-0.7569541042878717,1.0621668565269893,-1.0505551394312673
1813,-0.950276952049853,-1.7618838226267348,-0.47874754159392413,0.014460542805107378
1814,-1.5031239025048309,-0.5214704982511973,1.5605917152885849,-1.3604798642643594
1815,-1.2145867671780455,-1.642271393433458,0.16930030226934356,-0.07603689403057658
1816,-2.020820550794582,-1.713318013121953,1.1699904960749206,-1.021127455868484
1817,-1.513570736563823,-1.2304455144968343,0.7115474138759897,-1.183077079775606
1818,-0.2160789883758371,-0.2896901284394183,0.027803156329963517,-0.023593137895724894
1819,1.4652718168829322,1.3320000926751308,-0.7187488447687046,0.7523731742287961
1820,1.3495825735040243,1.6302980498070623,-0.43078003465735437,0.12623524000117745
1821,1.3422068421565265,0.10909471305478177,-1.3537728372266329,2.1463055466509657
1822,-0.029210720838664578,-0.5022376363061354,-0.37427657259918407,0.4485265893912094
1823,-0.29851790178299176,0.7350756333859358,1.2003588387888544,-0.7251632399463689
1824,1.3875683261959504,0.8578012060761095,-0.9565026617935833,1.2006729049045441
1825,-0.10099913755304152,0.09439698214652449,0.12437406996083987,-0.3696743159482639
1826,1.0806041949131664,0.7486851639949541,-0.7784285981957492,0.6810682510779077
1827,1.07089410174725,0.578221952101634,-0.8297353087373449,0.967634393965814
1828,-1.1637346470974501,-0.5821156780180042,0.9016458248167631,-1.1632561586774264
1829,0.9867059940184699,-0.5179695568122953,-1.4307243714508981,2.254485919797957
1830,0.724199930329543,-0.6533073843110679,-1.3659923332330504,1.7571927372258063
1831,1.1227162075388566,1.3852816507542562,-0.35485419213873404,0.04105941249037505
1832,1.0976384393877883,0.15689722904059614,-1.557353271148297,0.7973296022490524
1833,-0.13240000507526456,-0.07374371542219195,0.21473120383841296,0.0836754605616726
1834,1.1895057697633262,1.8146568551362479,0.11624600931773052,0.07371997291590521
1835,1.455429940375553,0.7750541099177172,-1.0136090137000913,1.5424195289046532
1836,1.762180906863889,1.5188079375704977,-1.0570274141133593,0.7656970317776794
1837,1.9962599476541438,0.9774473602276103,-1.6831210844642919,1.8057009566175928
1838,1.1250631594379576,0.17769334590793015,-1.3841597112773112,1.150698572286219
1839,-0.5006990146419013,0.39691511344153746,0.9385046168672512,-1.0930218162680931
1840,0.9482407709206871,0.2628874076161216,-1.008781306756614,0.9750396309784435
1841,-1.8739266608980045,-2.1974359738461295,0.6085385789536462,-0.3170431071558345
1842,-0.9108410082452306,-2.197255739654493,-0.5742565967153862,1.0386930827171554
1843,-0.30014887740210366,-0.9215066130248847,-0.4064910714111167,0.4359582332054072
1844,-0.19769630426950874,-0.4901273307196941,-0.13481108504172268,0.2394333436777067
1845,-1.0659519305253051,-1.2362822719333062,0.3352006073482785,-0.23275313472026404
1846,0.9003392198525924,0.20738899373391068,-1.0935149839311977,0.7883697570991938
1847,0.3936394320510757,0.947749359073461,0.434735605801253,-0.11529907085836226
1848,-0.20139885999510343,-0.7080533577082592,-0.39644864143024894,0.2910483449760067
1849,0.8090667009816214,0.8223741585953006,-0.3638239373025216,0.26380846917019857
1850,0.9709002390848355,-0.07254815341304982,-1.4063489102586448,1.1649516774890216
1851,-1.1218763118075328,0.6612816658794003,2.050208357923686,-1.9909648593173452
1852,0.40748367534211366,0.45372627681342265,-0.2726418281823473,-0.12038820956166588
1853,0.3209544423136709,0.16418985060519842,-0.17385312524413238,0.44402057306262105
1854,1.1518449295702418,-1.0888860682967767,-2.40063037201847,2.512844246604993
1855,-1.4560035991663631,0.2594261333621448,2.1852416138793442,-1.976422289565083
1856,2.323836531449492,2.4795367621035003,-0.7386462504495321,1.0144070130595744
1857,0.4958144265025126,-0.4084740711845571,-1.032710982486736,0.9372750255674489
1858,-0.3715841496188709,-0.32627872862494156,0.1291766531598019,-0.3122726018361
1859,-1.0055467318022406,0.0075445391187535975,1.4158438614257838,-1.1150252678695936
1860,0.7062938702979858,0.13192069018333358,-0.8928032178002213,0.6310982629204696
1861,-0.7859091755730538,0.24024423593294877,1.2371321055136186,-1.2072830693624443
1862,0.42087397775688334,0.3378604023229272,-0.2122991586802317,0.31384920607816136
1863,0.4216529094734615,-1.0487465403379268,-1.5242576286548495,1.351665467722223
1864,-0.14052769581751554,-0.3285673347533044,-0.07552623734968013,0.15811285268372866
1865,-0.13073214294612204,-0.5667726318125006,-0.26703177797134175,0.4307068460252923
1866,-0.348620845792117,1.222438893913074,1.4293060333423844,-1.6777035845716313
1867,-0.7655278448102267,-0.5243269472918612,0.5897555478343952,-0.42956113555074144
1868,-1.1689714936043307,-1.262173144802427,0.44062580992657874,-0.35249419170031693
1869,-0.6855928931748058,-0.797153496161888,0.2136824543208581,-0.1482184788803721
1870,-1.0272231584814595,-0.8810708339570428,0.587913920078992,-0.506546091572246
1871,-0.5115480659766423,0.9038920310402591,1.338970334077575,-1.650003439340246
1872,0.9457126396440393,0.6420830826360209,-0.446062257104014,1.042758690972522
1873,-2.4527340801195088,-1.453774448171667,1.8943227034295744,-1.914251709422853
1874,0.49118590821607294,0.6618192946245074,0.06376528441842154,0.2696617525195429
1875,0.3710992297456191,0.18751935690063862,-0.19973029441393292,0.5212717221820752
1876,0.350419063924076,-0.7756022559886507,-1.0787337724337631,1.2231933074887893
1877,-0.08892168605684037,0.3300454702833146,0.4812648367090606,-0.26610750618093626
1878,-0.3649864755912947,-0.8902578604514593,-0.19595154268977083,0.5001327784073256
1879,-0.0038861117349819198,-0.9239835302231301,-0.7144276346628258,0.9577722794510455
1880,1.0669596954929388,1.6856191123202873,0.16762077835195618,0.03799043483884052
1881,-1.8924864488275033,-1.439274907580216,1.395659052766787,-0.8262173823660638
1882,-0.847736925830094,-0.830440376109055,0.6640734039432065,0.14716424141880385
1883,0.29989728205265737,0.5006845000039288,-0.007974814504891986,-0.15149145399232644
1884,-0.24626494308140107,-0.08936884894671036,0.48296198226570153,0.18760121348421188
1885,-0.1428625631786531,-0.6297565142589538,-0.3685403524101847,0.36040401182805976
1886,0.3586089715007508,-0.6468319894756721,-1.11885436441666,0.8706077351277581
1887,-0.6938457794949279,-0.45077216343567034,0.5150107978890381,-0.48286533441488216
1888,0.1030097434639523,0.2615437227535316,0.2746406577660309,0.22097403438350616
1889,-1.172001631364546,-0.6298806477355492,0.7491512712775092,-1.3464674229551925
1890,0.85847085576393,0.040462144156102865,-1.215366393074683,0.8269667293467818
1891,-0.8575527006634858,0.12467486900414627,1.2444517745698553,-1.1713018476300723
1892,-0.7290041349324418,-0.8733760739727812,0.080940895242555,-0.3534713359361613
1893,-1.6154038155674721,-0.5223788496266342,1.5977278425605381,-1.6941607085026333
1894,0.7231719079540642,-0.23200678649192055,-1.207747952411883,1.0149435156337117
1895,0.9514490496469242,1.1301082471358752,-0.1872320461131213,0.340964592207229
1896,-1.1301805996894603,-0.4201567997666483,1.167514099471731,-0.9654856810975943
1897,0.6935504899890538,-0.057439250044379726,-0.9408046783498744,0.9583021701441375
1898,0.9753847536704556,0.8474906156630557,-0.5026778418372347,0.5527307753792323
1899,-0.6341195849902745,-0.729172708795051,0.13170511741637259,-0.27306284811876563
1900,-0.9226669222847397,0.1957384262130017,1.4438183771469015,-1.224011949030788
1901,0.6619719736021449,0.7727047604158148,-0.12869893631897597,0.27277409434031813
1902,-0.6341862022139163,0.3118579848915457,1.197790996295687,-0.907293549936961
1903,0.5205204561874316,-0.015008416505791048,-0.4394429336090362,1.1217793982809272
1904,-1.54343966555551,0.29986741343310946,2.4356295541502884,-1.9449384521025628
1905,1.119919223869116,-0.5260348705988658,-2.0286362622971903,1.695302989812058
1906,-0.8812502152629688,-0.5586887386274322,0.6425192383624002,-0.6671611249607589
1907,-0.68726236424115,0.15814314431819557,1.1079912334156272,-0.8841322947568206
1908,-1.5529552738297987,-1.0465493482943629,1.0627251936614217,-1.1485417641921343
1909,-1.860077517770459,-1.2183133118704188,1.4507185522226267,-1.1470078152878274
1910,-1.3251544635865322,-1.2830365470352618,0.6374896828345671,-0.5131115652384934
1911,-0.9277012716616617,0.6150950589442848,1.6674989746019682,-1.8604382383042302
1912,0.06576957101081415,1.7475763248245555,1.4456461123893427,-1.4360621929858663
1913,0.9832528743329211,-0.6697697226865617,-1.755826677414005,2.0352768417311853
1914,0.4812958289491009,0.5960798845123015,-0.11260617238864422,0.08194402893353571
1915,-1.0454211869433971,-0.525198955048937,0.8150433231829806,-1.0305825354136475
1916,-2.0336863793217534,-1.0562747892241042,1.7033422018553175,-1.7133934223719496
1917,-0.1139574718692313,-0.29377666394912566,-0.0619723349756594,0.19296685375552855
1918,0.7956997635650599,0.23613780620775673,-0.78750802902859,0.8847274974041248
1919,1.1751180549325575,0.9355551271108615,-0.8152072912226241,0.5026268606068907
1920,0.8639758231398975,0.12047774258299844,-1.1551167351726117,0.7596460725747464
1921,0.6017199442375302,0.20276768820224172,-0.6359239919980196,0.5393146017036472
1922,0.5796689340203787,1.4523826703180631,0.39782301600742437,-0.7344561115563463
1923,-0.844043574416597,-2.05563482279546,-0.8273494249339602,0.4888347923944178
1924,1.1707797381590506,0.8759969531109384,-0.6470656290501217,0.9276489995122302
1925,0.7488126315931231,0.8138021283634019,-0.18701387225977156,0.3810578742282954
1926,-0.2626542096538579,-1.3607370753586951,-1.0455316932385015,0.5036185433926622
1927,-1.6830420908958657,-1.5823461664818972,0.7746347329188139,-0.8275122719995446
1928,-1.7087422280968647,-0.5171005873130521,1.840010598606058,-1.613131685598278
1929,-0.8583522857977743,-1.4042955081782584,-0.07411809102964521,0.1931239610465826
1930,-0.8019161869513957,-1.3654296607115564,0.06745496782744549,0.5507665447041942
1931,-1.1897353458824171,-0.8721523269187905,0.9439903625347218,-0.4808371491828865
1932,-2.6039345771916333,-0.5241687056290173,2.771362007307794,-3.1531360709295915
1933,-1.1551771503176151,-0.5904664811909635,0.8538387685725249,-1.1968360250200314
1934,-0.35080001223205404,-0.682804261572985,-0.09383543261332118,0.22985231172078563
1935,0.4887672490508326,0.26115864166003244,-0.5528796795743924,0.1409709945970126
1936,1.4709259703796118,2.0239745105112323,-0.28389671584493714,-0.13185356337605075
1937,1.1911437215942835,0.10209723968186954,-1.452936326541604,1.4482130344353357
1938,-1.0900490912957992,-0.24282324011100068,1.1934201664303077,-1.2047084520396611
1939,0.443913046390313,-0.4195067343861213,-0.848596404968997,1.1032164979874988
1940,0.1662631887407399,-0.5026537092586622,-0.798845383236606,0.39927291769962797
1941,0.5928844137154579,1.3592936067490462,0.42418849532333464,-0.415813200697068
1942,-0.3939932804090983,-0.055437394126207795,0.3413203237623246,-0.6723887260008896
1943,0.009485715505785945,0.7011772246106389,0.6270940795636513,-0.5535881087621595
1944,1.3019154987029034,0.5675442073432562,-1.1436585926729943,1.2654629501902588
1945,0.33805497920728117,0.2373758430971402,-0.012042765412293516,0.613835924410205
1946,-0.8267642933855768,-0.044315983379564224,1.0622976671741695,-0.9743668668522015
1947,-0.08950928099248942,0.39255947326799295,0.6141146910800529,-0.18484029795605872
1948,0.2844591211517687,-0.9616404472877924,-1.1767917059684274,1.2638115657298468
1949,1.5977611441510107,0.6191596654158906,-1.486573409675203,1.593398984329741
1950,1.490670321853287,0.9086698107343695,-1.259296464760369,0.912150640457784
1951,1.04197072294589,1.0628608640810322,-0.44024193733703726,0.38064302302625475
1952,-1.2740962421057478,-1.2555516674640108,0.5060250487215568,-0.6289215088712637
1953,-0.7787024941981872,-0.5178165755509502,0.4504284738274109,-0.7382023257146254
1954,-0.9738840357174285,-1.0710457248639977,0.37955908200039046,-0.22452694932300551
1955,-0.461711519676686,-0.02269284495302855,0.49659177233675417,-0.7196353525315429
1956,0.35390425635158346,0.6443116826461931,0.26259946809235546,0.17198505097897943
1957,-1.5402609058629355,-1.8071925823876405,0.45376939136237926,-0.34000355462535686
1958,1.2859754456500168,0.18929746481619292,-1.3858870100290428,1.6948709135609303
1959,1.3659747631026549,1.4545824906371898,-0.5437318298876543,0.4100436226991772
1960,-0.7892769808557425,-0.5171057100950542,0.5832128126722433,-0.5434511677971176
1961,-2.6808051118327385,-1.3223661750760585,2.5776526032712432,-1.8414452854495753
1962,1.0960194708436966,0.6610134782942947,-0.9065979997090349,0.7218420884622777
1963,-0.39109322552167264,-0.15048495535518713,0.4600568681186894,-0.22292108079495213
1964,-1.208197837469691,-1.3777440983715745,0.3800341329608213,-0.32043552135331943
1965,0.9790713414881776,0.26811001328508205,-1.0667887965601697,0.9702979935689969
1966,0.4609250348451192,-0.8075081847388237,-1.3656703361886613,1.1890808419974506
1967,0.6478665987406663,0.6598264942990081,-0.00638681766748887,0.7108313461485467
1968,-1.8235757640584436,-2.3852281408013356,0.21772331038696546,-0.3728949348089352
1969,0.9480587545715198,0.28614805688538936,-0.7206745613041855,1.426503814808241
1970,-1.916257566476439,-1.6120159229792732,1.1119241163935316,-0.9944894557436894
1971,0.6082291676142624,0.9244411687596475,0.1380930707649435,0.18478789148000532
1972,-2.5109493674845975,-1.7035394946679228,1.6706119770273198,-1.913686729859265
1973,2.215799386213338,2.4041761974276254,-0.9248902838752764,0.48164315704094196
1974,1.5733756994523256,1.432361563294812,-0.7203996314664199,0.8934760198757409
1975,0.7375278958817322,0.8523153966162322,-0.07620277514897968,0.4431805576586031
1976,-1.8476058752355429,-1.593422758785612,1.0775959768998111,-0.8545453989578627
1977,0.6452790707636308,0.3425395173011028,-0.5004991907987606,0.5963099146748363
1978,-0.5917220204992172,0.6856562915347567,1.5851917644664912,-0.9750049601651162
1979,1.6116293930806393,1.320926034274973,-0.8452918847012566,1.0790857478623077
1980,0.3750978381711643,-0.23532427615094245,-0.6463423210232169,0.7691007899791832
1981,1.505729591291099,2.1977231676685793,0.19672708806007194,0.42079623803334865
1982,0.8571597939899143,-0.8833301439920659,-1.7716389093915201,2.0725159649066867
1983,0.3813175855386593,0.4672598816521569,-0.01389548295888166,0.2098819651395964
1984,0.2694178105231027,0.253974830305682,-0.16442951133277753,0.05950630783970329
1985,-0.9456888639472595,-0.3374271703561921,1.0144332661906332,-0.7758741547060095
1986,-1.7934350540211463,-1.272461561744944,1.192844048169566,-1.2329233463445464
1987,0.8003165344028188,1.6485226149006909,0.36412128343486344,-0.4789417561282968
1988,-0.5352318834871507,1.0149170382112773,1.6885164724796176,-1.3861777336689995
1989,0.68955263206206,1.2313828951125725,0.23005881569736875,-0.1037301163623439
1990,-0.6358953689198841,-0.7378748781608102,0.007910998391536224,-0.4767988860266915
1991,0.08688660434894922,0.8318739880840235,0.6808916347928421,-0.49770223712648803
1992,0.5780287020732725,0.2881763816672082,-0.4285296385242642,0.6141981936092745
1993,-0.2872436853739913,0.68049338993676,0.982973506910327,-0.9365337229345286
1994,-1.2376320752875736,-0.1673377639087665,1.403118316918631,-1.5446943493708465
1995,-1.2703533903084547,-2.0884862832136744,-0.22515640897547007,0.10661197657383162
1996,-1.1255092000703624,-1.2340482014759415,0.40957445668673553,-0.319846224978523
1997,-1.5803144938881921,-1.1599850615260492,1.0349090861501316,-1.0213910927719445
1998,-0.550626262265885,-0.5734447698660751,0.3056239655100959,-0.043936145478851954
1999,0.9892182877365903,0.5071760690986528,-0.9725789570421299,0.5952589323482759
2000,-0.28238527378990735,-0.6358230060263772,-0.3633623503613972,-0.11459132124899715
2001,-0.1259828326372034,0.23020175888290645,0.327841192926336,-0.42808533463104015
2002,1.8875563804654807,2.2644973881188406,-0.5951810241591156,0.2273305434015897
2003,-0.6084174483089856,-1.018410592111978,0.15868941182004612,0.565161190955896
2004,1.6146568165125865,1.2980608448770385,-0.9212260480903092,1.0111749716838327
2005,2.7957482970175027,1.0488626385922633,-2.7844253672055017,2.548272735690508
2006,0.7600027532761142,0.14950871553343154,-0.754246253915102,1.0250722281536913
2007,-0.6191256574322226,-1.4270979654077367,-0.21164091268678994,0.8607998275694749
2008,0.5129853534547362,-0.2779342051127338,-0.9897036225057648,0.7591839740663143
2009,-0.8508192401299498,-0.34150829801065613,0.7897709021584396,-0.8232334525960349
2010,-1.5884281149849713,-1.6763993596616147,0.4442575780581024,-0.8449464891897888
2011,1.0140168119847728,-0.902389937332802,-2.04145568377903,2.2032771910534867
2012,0.43231004355635183,0.9281341781221912,0.3247928012861445,-0.12364028383772466
2013,0.16582308554815142,-0.004019398086181845,-0.08992458126438625,0.443864383061617
2014,-0.03279326625790908,0.20196006071002168,-0.036073561027494906,-0.6687675547562031
2015,-0.8071038734911932,-0.4139536540330758,0.5721959939096183,-0.8758099508304273
2016,0.3711516258592062,-0.6258240597420035,-1.0151684561948702,1.0476299030329423
2017,-0.8793661227669816,-0.6750099920888729,0.6908851217210171,-0.29408837110084507
2018,0.4796507747919508,0.608356857266643,-0.18005402166735734,-0.07259369369596118
2019,-0.7550157560241937,-1.8887391752889866,-0.6872386236130882,0.6511208062290115
2020,-0.9477936995901779,-0.5297728694439497,0.7577419669489757,-0.7716168589390789
2021,1.2358308640690205,1.2153471705570054,-0.6767676936664381,0.28800811774308294
2022,-1.1729414839710424,-2.226056924340524,-0.6624153245186535,0.015736434244746706
2023,0.993053941106581,0.594659177645053,-0.9756428691112975,0.39222659654887815
2024,0.05704654556118224,-1.9795562510900957,-1.9983010593572488,1.4604830888447313
2025,0.8907528439660103,-0.22000160057255608,-1.4823100142780201,1.1006242506602189
2026,1.0372033666612366,1.345072667988413,-0.03626730018544133,0.394574628508871
2027,1.5127847215363466,1.009010002970342,-1.087376588519311,1.0521281124994724
2028,-0.3296151358853405,-0.5921056964132376,-0.0023225431382512636,0.24793661439286788
2029,1.709968755647763,0.25682306003610555,-2.026419840002613,1.9174047271007504
2030,-0.6289609465332155,-0.2696288053924103,0.4991242175797981,-0.7165347533344335
2031,0.9551315668079658,-1.3193101841463746,-2.2508851285647897,2.630451876598881
2032,0.06808147974690455,1.0107751534933356,0.6510180913920417,-1.0498193382960088
2033,1.6387656146337213,1.0654553831936933,-1.166942868944017,1.225765054267168
2034,1.0443507061676296,-0.21167588051085368,-1.3577795736075127,1.8493245000782952
2035,0.8890135993720142,-0.15948457599765042,-1.1607745791084032,1.5154968265724043
2036,1.1558896008302997,0.9866711755886302,-0.6414383995286433,0.6169822955626183
2037,0.5503148842837126,0.19038646675813717,-0.8093377286691271,0.07950037144408431
2038,-0.9635658746012714,-0.949456020838922,0.2564630332659724,-0.698551286413517
2039,1.4119312499415004,0.06516395261718284,-1.9169635349813188,1.5080547594080222
2040,0.580605517083631,-0.02681349933768506,-0.6917419082130976,0.919967110473643
2041,2.4070285069244863,1.9064921817583222,-1.7146891770598476,0.9741230466338814
2042,-1.20083311046319,-1.3424137535316443,0.43492582413378,-0.28261156265296994
2043,0.8031797763979065,-0.04066530450975461,-1.1253294193311116,0.9841416239030039
2044,1.1947125682507536,0.24602147514341918,-1.3110434524889556,1.363625562576612
2045,0.3649227379941703,0.3485780721819567,-0.19274437451327692,0.12243567798668573
2046,0.5571054652764672,1.1515880770079352,0.44675803413237836,-0.002132969832825657
2047,-1.9680394616521313,-0.5046259750851323,2.137455891622581,-2.0454578179321476
2048,0.891640588039401,0.34169707560890356,-0.9826703121171013,0.6283788070541063
2049,-1.2868080318134218,0.28544181766427534,1.8977905282519518,-1.941555565174418
2050,0.3232340864588285,-0.2727608259738297,-0.5945150810288625,0.765567533391526
2051,-1.347862563978833,-2.1424381152692242,-0.06683268883922304,0.2391868009553207
2052,2.271330194065975,2.7638196861815163,-0.631397199308379,0.32915754293400973
2053,-0.6308920323201217,-1.1004052674800882,0.037814691195375415,0.4696365046114326
2054,-2.148336058349248,-1.5607757765706087,1.3957351420700008,-1.4472136077847542
2055,0.3217989966220921,0.6527921761355799,0.37193245370570927,0.22961992647965757
2056,-1.4289342348649317,-1.2387240218253297,0.7759781817949247,-0.74683186076673
2057,0.24057129476864686,0.8013240240095135,0.3992413974913036,-0.3714021006314885
2058,-1.7287899547752952,-1.659735399856238,0.6652527321402898,-0.9970867087623675
2059,1.5118600002375189,-0.33604877521914805,-2.2520510143069763,2.243336573770917
2060,0.617089832279636,1.2938275468827878,0.3950270074988891,-0.2225788922001038
2061,-0.3955697184004573,1.9489620709990156,2.2022105863410477,-2.237018659549055
2062,-1.8428352398790422,-1.876042734404597,0.7421651438797184,-0.7465471677034734
2063,1.3150208068587401,0.8341548638148125,-0.9970673910123852,0.9268751073691673
2064,2.339506061605312,0.6099102070675261,-2.8976924745747574,1.7778018226938892
2065,-2.5101394859007264,-0.38374165215729195,3.1583144884782652,-2.47436218863746
2066,0.0025082463705531684,-1.0505929418015598,-0.9687731308319466,0.8377486117475507
2067,0.6172177080195378,0.9998912644573235,-0.09749219537757682,-0.3809920090057691
2068,-1.1615733159850177,-0.9842340875704371,0.7329451926229507,-0.48174312891933546
2069,-0.5120847580782718,-1.1674386215006398,-0.3074549536236866,0.44714342652517
2070,0.4356800644477657,0.3254234530048899,-0.22614304497253054,0.3724001870553822
2071,0.07870703825215093,-1.4615377172134418,-1.3637941679244716,1.4059665666664933
2072,0.6957797717602004,1.0256633835048556,0.09958255970461567,0.1853028965734219
2073,-0.5928378257788689,-1.1443637249310652,-0.18322167948024243,0.3218969476330042
2074,-0.6739772837726974,0.2869264670601309,1.1845503272385096,-1.012676239965092
2075,1.5240596088934195,0.7306098671369475,-1.3511409879296923,1.2996257081980458
2076,-1.5190572012736434,-1.0065036146963127,1.2058585398636366,-0.8715688273202984
2077,-0.08842409704900324,0.1595521199645678,0.24726726112211395,-0.26529834298072774
2078,-0.1716751670661429,0.29973722590850305,0.5275109472956167,-0.4071369041147046
2079,-0.7742219422315815,-0.017269604300593877,0.792741563097124,-1.3274468727234914
2080,-0.7949653647115072,-0.3299545169250815,0.6466841071972095,-0.903918483633415
2081,0.6231928211940202,1.042443876250275,0.10386361389188306,-0.1071762093014257
2082,0.2276392019359651,-1.526249207914081,-1.4618395728397762,1.9217373240295457
2083,1.2468582889220923,0.01449515041340241,-1.6103108737182588,1.5813598088056235
2084,1.371957823803556,-0.6638982497393696,-2.4769218969080318,2.138462360578918
2085,-1.4763978215423255,-1.0148883676828746,0.9730293831247737,-1.1095891277553567
2086,-0.6434041067535556,-1.4838467341988222,-0.4043303201830602,0.5711353979894871
2087,-0.45382643566274183,-0.2619299026595041,0.2638794212759349,-0.5240799018700731
2088,-0.4832725950254957,-0.07849461231019196,0.49433223687716776,-0.6658972855744985
2089,0.5552226210748855,-0.26308133070229633,-0.8208989819143984,1.1721211219405872
2090,0.5733111453619453,-0.1603407841262832,-0.8616807608896137,0.9166377937362625
2091,-0.46132860063735276,-0.49117642681814766,0.12420302289906611,-0.2435243828921685
2092,-1.3137298441291951,-1.4429789121600172,0.18092631047464053,-0.8914007748571734
2093,0.3093100315621316,0.4842678853798792,0.14444343504464113,0.1907291003420514
2094,0.17930948241354405,0.3310048653299103,0.028709863104170386,-0.10795676766858885
2095,0.6308367064913211,1.3385857004655846,0.48262203208366455,-0.12701588158231725
2096,-0.14244671431341852,0.15206712767038366,0.4620977368049001,-0.061318518133446555
2097,-2.173904105865773,-0.5398927266438465,2.472816560496187,-2.1045390636951815
2098,0.5459308373987908,0.5923176385107541,-0.026738330897403313,0.47359610303082145
2099,0.5378052408884215,0.962434000930477,-0.08282520702821904,-0.5485221730362856
2100,-0.857613921877705,0.05494766633173174,1.3341112455595932,-0.8448895931816274
2101,-0.33392767183188776,0.5432562222098477,0.9957960178187164,-0.7492702898777751
2102,-0.6458503405154135,0.5176421737676191,1.1766270709586197,-1.4834587700798203
2103,2.066175005541158,2.2036701292815097,-0.7369583109414356,0.7626890860182765
2104,-0.44609757425868246,-0.5158115072924003,0.0708893618174906,-0.2236229892306507
2105,-1.0310593747377832,1.8219989477917458,2.945855035609626,-2.8901330552812396
2106,1.002469107073181,0.828627352848188,-0.4708205514924288,0.7513310318253174
2107,-0.5064999353263738,-0.5789753269391682,0.2513296278426513,0.03138203804910168
2108,-0.05093769427272859,-0.8364845250881471,-0.7098592920639474,0.5862479136917726
2109,-1.5143492871057056,-2.101343715939863,0.05560698462003234,-0.23924830119884405
2110,-1.6032119674367415,-1.334072092458099,0.7961712942847767,-1.103899678462737
2111,-1.6996670071384519,-1.4863640931192577,0.8959524463725848,-0.9047748928889824
2112,0.05663078464989186,-0.1299511589777964,-0.3231837229236313,-0.053809619668920734
2113,-1.9476479807750515,-2.247381012902922,0.34995244375898116,-0.9161610666417611
2114,0.6980126095458636,0.27463920978768824,-0.5730529077516929,0.820854210146027
2115,1.5895416108300784,0.5704095741331615,-1.7643234176504603,1.1917488120236541
2116,1.108760734401097,1.3428176152339124,-0.001011820088352654,0.7180372272120064
2117,0.13337713844113747,-1.1117755409699153,-1.216686995846323,1.0160060357882457
2118,0.13181527295435685,-0.583660954730282,-0.7059535560958999,0.6357074506136074
2119,1.498341993633142,1.1018005839020169,-1.0716724375991695,0.8040424424820877
2120,1.985999601535779,1.423278767679569,-1.3504443723336268,1.2789371701128995
2121,0.9470262198921557,0.6016974345424444,-0.6443293144177792,0.7952141553532739
2122,2.537995886768398,1.4084679740088912,-2.2265486605214457,1.7423612078486919
2123,1.652624652195784,1.6991606259979317,-0.6612031074407768,0.6367024498015806
2124,-0.1237780236747554,0.1071036127618236,0.12280608423751616,-0.4845703265992604
2125,0.5721028052663193,0.465519757288873,-0.44976779248587373,0.12712232166173354
2126,1.892344231960147,2.517769153396505,-0.16021380912211983,0.40001413619250253
2127,1.9773419849435148,0.8949835262094196,-1.992268400413465,1.391854684706852
2128,-0.5008446402570448,-0.37256831567320714,0.3991429644845865,-0.18624498370428982
2129,-0.23797840131309628,-0.886738158982502,-0.6280279906434878,0.18336381922939493
2130,-0.8237393645330888,-0.31595782531978467,0.8514983290565521,-0.6792426459718751
2131,0.0334979222518513,-0.428768367368929,-0.44750707217293834,0.36602107635967024
2132,0.24217204822519553,1.2624997629517725,0.6943226733642565,-0.9591611310748096
2133,-2.626600729774456,-1.9102986356281975,1.9151874431148308,-1.3961469613516326
2134,0.7931947345369542,0.9434321641249797,-0.1496164591231273,0.2925455043611155
2135,1.8096566725199978,1.430125769695621,-0.9455902675684067,1.3462646660276743
2136,-0.15226671118427026,-0.5448167100387783,-0.3716167377408645,0.11616203333485033
2137,-1.1908968493609144,0.33007071391047493,1.9841869633151574,-1.5540620564760372
2138,0.4892597356728162,0.2013304784920752,-0.2696668620418531,0.7869354135016404
2139,1.003359490547652,0.9109681304194421,-0.6262203074753097,0.28142580553392643
2140,0.8123249075747851,1.5774397242455824,0.45663731810457314,-0.10106643577519328
2141,0.7966939789945351,1.5376253973647558,0.2902756962656321,-0.35427600785297453
2142,0.5750866827164989,0.2804273742485446,-0.5508649781789458,0.4065639924775029
2143,1.2654552546008537,1.0625972244907451,-0.6394967719792255,0.8286794449073089
2144,-0.9620279245294301,-0.7213718946628696,0.5118085139377733,-0.7935452851899435
2145,-0.6770462543163843,-0.4914136579015822,0.42649186167607595,-0.48080157646084887
2146,-1.0662539279683936,-0.8561521134279486,0.6938454423429276,-0.5193817411775022
2147,-0.15377765941393148,-0.5081000573274452,-0.1355591046117384,0.4385384268100168
2148,-0.24563628162027004,-0.08112472528151833,0.2525512846382921,-0.23658114734900895
2149,-0.08303270780461013,-0.4601187189906888,-0.28688295695379623,0.3085550817139314
2150,0.1170277340910426,0.0014242394160785593,-0.04829861769625625,0.3297138197683881
2151,-1.8248441170271756,-1.673956939318178,0.9088489978106712,-0.876341959940404
2152,0.9739828670418937,1.2912315241690298,-0.22470118819613863,-0.03382171206464485
2153,0.4010974695742816,-0.33459919872338983,-0.9194569400881276,0.6200167267470011
2154,-1.2582344749720848,-2.3846278953593836,-0.46589927555551214,0.44060307766770385
2155,0.6419494344207101,0.3478813812804127,-0.5745786091247138,0.4408034780221235
2156,0.49310559151312117,0.541303415606583,-0.16361705794138173,0.16649195452656293
2157,0.8694849554142449,0.3134899633286685,-0.7919074708046292,0.9538786671038992
2158,1.5779664690145028,0.7512336440899701,-1.2395463564164266,1.6394040961968832
2159,-2.0665484155536347,-1.3178246267548732,1.5474712431277355,-1.4740328006369217
2160,0.23113939308258039,0.6756653496587137,0.2045076475350671,-0.4451273675664263
2161,0.5111984745967413,-0.7941495245094882,-1.5373445245669528,1.0336491722616454
2162,1.2566380638328678,0.0828629860074447,-1.4927005415111574,1.6586612043580966
2163,-0.41171032315043765,-0.29497568088631393,0.2596925772644077,-0.30107298441040575
2164,-0.23679887489171436,-0.5388722761443877,-0.41984182009209936,-0.28547982177319736
2165,-0.3420588822398673,0.26680725229341956,0.7345628858636375,-0.5713961995431103
2166,0.5334175493617084,-0.24663111676658026,-0.7716485713893538,1.1413218435112533
2167,-2.72533719247042,-2.2800422716309727,1.446480367172917,-1.6828498674310532
2168,-0.4113451929182166,-1.2325578158836927,-0.628726794053492,0.3977744126452003
2169,-1.7573129635142501,-1.5365307350831783,1.0029308499514593,-0.8009229356858286
2170,-0.7164353327663777,0.5070584935637089,1.472073503608233,-1.1889720184411834
2171,-0.9527702550454076,-2.152854406292858,-0.5903283409599791,0.7531795290091439
2172,1.0870138383054704,0.9858426950442745,-0.8964228897949126,-0.07711291061513073
2173,-2.464410537678955,-1.5535181832802847,1.7907021380930874,-1.8978544732884568
2174,1.818042901348521,1.6374337063010294,-0.8846621482578495,0.9829325591337884
2175,1.6786718725293444,0.06491297251449787,-2.164556320046317,2.0254160729899313
2176,-2.0567610787223423,-2.0170324812479037,1.0772884326221726,-0.5794632983146709
2177,0.8714061141959687,-0.06896742666199214,-1.259407092723312,1.0598650741231046
2178,-1.9261759312237814,-0.12637019016170006,2.423904962254012,-2.3041939558934907
2179,0.36410913585913623,0.29366377532882404,-0.06773235133462578,0.47274628265181695
2180,0.19259288470183752,-0.23169234907862254,-0.4340835726839314,0.4823700056210366
2181,0.4369855552931192,-0.8390867431396736,-1.366399005980736,1.1784994441298622
2182,-1.1245848252717554,-1.8021201630859742,-0.11231022724286423,0.13502694457379105
2183,1.4322465743488202,1.4818335339361035,-0.6071207017979833,0.469292486967076
2184,-1.7473528031754806,-0.7031950576858729,1.6755640926958817,-1.5917343720137884
2185,-0.1363138544352547,-0.659915332436144,-0.2924823901814643,0.5908612111038837
2186,-1.1066942626774203,-0.6928080059731734,0.9651152289306117,-0.5799536352285652
2187,0.6563475305565926,-0.3547255879975462,-1.2426215062876373,1.0109827492875032
2188,-1.0688804621429535,-1.0417620360572848,0.28041856268284704,-0.8097904610434425
2189,1.0182973376383055,1.071525687807679,-0.4495308140519257,0.25869140442638583
2190,0.7772489161021469,1.1975951815169883,0.10759409661161032,0.07533801961506859
2191,-0.8945910359711939,-0.8035406601226047,0.5905729531185534,-0.2149971370845864
2192,-0.28363239070576646,-0.21940104418345113,0.25988167654582645,-0.025438558689814542
2193,0.4341704391802393,-1.111755602643222,-1.8562695894667707,0.9628610806369965
2194,0.6266425923097872,0.8223354864972979,-0.28388711568848013,-0.2472216595556396
2195,-0.5799201956899674,0.09402698630533249,0.8440681484074564,-0.8111399742261635
2196,-1.5882379283715133,0.19726323274812038,2.2721543801268473,-2.145641271110425
2197,-1.9509046607137697,-2.1389665995093297,0.5818391369866248,-0.7805896425139773
2198,1.2251877834693476,0.8224170614277961,-0.8197119018299202,0.9469913425896624
2199,0.17280164304312803,0.025584859589460947,-0.48313439805215047,-0.2964453835805927
2200,-2.150154451324545,-1.6688301285764484,1.3734720075273896,-1.2319588413201825
2201,0.08021374266548677,0.9848785973826275,0.7767644940342652,-0.7220325242617412
2202,1.3395641869217627,1.8176864243319044,-0.210208227505556,0.02688825634390098
2203,-0.9118638771172848,-0.8616179851420156,0.6558287242232339,-0.021314388399420927
2204,-0.09551634656409823,0.3451400341296738,0.4379945251339978,-0.40248986353534266
2205,-0.9578001748157199,-2.273026671537664,-0.8971839444602309,0.4841204395686421
2206,0.855980285213546,-0.34732138272310303,-1.3696253118883726,1.4826992041525475
2207,-0.21502515855091786,-0.5108947612586245,-0.16085206015356002,0.1817087921748656
2208,0.7063703788383947,1.9380696087135088,0.6632318201420538,-0.9865515327841249
2209,0.446246078954277,0.3771938730091753,-0.2044726848277003,0.32334077452393
2210,0.4161991334068543,0.9744285006224155,0.3745597759064065,-0.2052683046904173
2211,1.3607686478606895,0.06800995624425989,-1.7179992037957075,1.6693090996020832
2212,0.3306216070421671,0.6730366580414564,0.1698356652926477,-0.14430532385838618
2213,-1.5693028971168237,-0.6385007657686735,1.5647024246334997,-1.307095507435981
2214,-0.18691298188975514,-0.5304769180087797,-0.3491177899676996,-0.0026431958301355333
2215,-0.4924954230496087,0.023484641514916863,0.6588514733463039,-0.6549651677037813
2216,0.1372725300052895,-0.9064892846391023,-0.9943827690566931,0.9262194024030814
2217,0.6874286292835271,-0.034787967847132416,-0.8899641512634884,0.9713946399473802
2218,0.20007202629577547,-1.1081194151594662,-1.2575690755791902,1.1734759890975135
2219,0.11371379313753574,0.2786458257991255,0.2210483158680811,0.1233725948625635
2220,0.9411179956085415,-0.18612193986615158,-1.3278426914994135,1.4713584496348493
2221,-0.035395687869742835,-0.29993749822450755,-0.2811918059914329,0.10193485115978342
2222,-0.47200071430827784,-0.27168321406250256,0.34931714218768484,-0.4147523042271334
2223,-0.04570838871322154,0.183601263306507,0.40262435906965643,0.10340753230642337
2224,0.5238822616073503,-0.5766884498503512,-1.2592429648767707,1.0443123525617695
2225,1.1323377264270882,0.23404410010345733,-1.2893609142594353,1.2078280829739572
2226,1.7698101973766132,1.1627084201717772,-1.3355942676093384,1.1617495446122716
2227,1.7569833951891392,1.329240545265129,-1.051721032992888,1.2144293114528881
2228,0.4772734030243941,0.622129010425425,0.08283601320858579,0.3494543276133758
2229,0.5460954109542028,-0.13779457374141174,-0.69127439303479,1.0655248780642403
2230,-1.8932690870725026,0.28697712665980046,2.6695858705919955,-2.7516502306229342
2231,-0.8453184566667631,-0.9341838294817075,0.3075139620991981,-0.22264804036897862
2232,0.3253760283229992,0.2205208005725758,-0.33564310588500984,0.03829876661735549
2233,0.9416318478648625,0.8130972418918339,-0.45796407995212346,0.5940409773461955
2234,-1.3033295553303017,-0.8057305750402857,1.0881752124525046,-0.7930043572926428
2235,-0.4666194483052788,-0.4636641268329237,0.33085036963812997,0.03568599888737769
2236,0.016411313669467745,-1.0327399427325854,-0.6665163031226996,1.3775947684609093
2237,2.3255173220050986,1.8357063333017831,-1.57388004057349,1.1021570070348057
2238,-0.3325814000317154,-0.18909990374188498,0.30891838368533886,-0.18711367086076622
2239,0.3695179426800527,-0.33873257877002677,-0.633527080097653,1.0215734190714985
2240,-0.9185091647270559,-0.29912805887822747,0.9458376683329353,-0.8922532982461393
2241,-0.6414689372484482,-0.44157978365618755,0.5523935542310727,-0.25187317590983266
2242,0.8924933497244149,0.7692393593457495,-0.56404465701086,0.33716592656696975
2243,2.3079285699357874,0.36620219560935374,-2.7382492969783145,2.5349620174058036
2244,1.365695535338261,0.4735007742544631,-1.2705026255467882,1.4968692297135406
2245,1.1001274218688921,0.6413675781703849,-0.9693732303539762,0.6732332591544978
2246,-0.28809078710682784,-1.323112463494986,-0.7803483030658634,0.7896552940574751
2247,0.3652294940299708,-0.4276830472215081,-0.7367859825382724,1.0389464235161916
2248,-1.0922860075287961,0.1468832414594159,1.4930065802066472,-1.6255853401906366
2249,0.5150434234310356,0.03831996644128763,-0.621972291245542,0.6513334723139671
2250,1.7067525956455987,1.8898947145692626,-0.7197976486023286,0.2660589718666512
2251,-0.46443867384227644,-0.17667313614171695,0.22777846483935854,-0.8316716839350341
2252,-0.7674132124112357,-1.741441376756677,-0.429247989139597,0.7061363371757975
2253,-1.2447278079420496,-2.0781393462504005,-0.23976518704795596,0.14745189706014147
2254,-1.1045372355773129,-0.8411549681017987,0.7000995963321088,-0.6814378971598457
2255,-1.8737644097353314,-1.8077075769718518,0.8369641450793163,-0.8549452778955491
2256,0.11910374002900541,0.23410678055497267,0.04162977494321521,-0.06631097819100223
2257,0.7315987927386098,0.7964863695094252,-0.18676628969864026,0.3617869323079057
2258,0.5951587643369387,0.4821228808430472,-0.594477648114452,-0.08587500796867927
2259,0.028858267406268217,-1.226337553663012,-1.1015930184738003,1.1221725822024258
2260,-0.34422503924716724,0.32633307634105735,0.7875668096807444,-0.6294257676073454
2261,-0.25225078214333285,-0.17264204080657033,-0.0718232358815014,-0.6114374365395387
2262,-0.3374464183952176,0.2572773250514688,0.8112909869070724,-0.3965132948189087
2263,-0.11611268557631665,1.0811652607898148,1.186695350209926,-0.9332535468325358
2264,0.5011898049379516,-0.5305011244321861,-1.0487769803855715,1.2229355692973118
2265,0.5738013185385146,1.5487645949132847,0.6254015485408314,-0.5867518393817729
2266,0.8906354743615325,0.06875742485835709,-1.155196043513477,0.9797573401809473
2267,0.7555923329633194,0.29857558490144154,-0.8626635791993109,0.4579132736281847
2268,1.5951793620401824,1.714644180685801,-0.6483536508171246,0.41660428928418036
2269,-0.6173693546191565,-0.24043574443501456,0.4717777556797217,-0.7938665440575932
2270,-2.45480200027092,-1.8912160361382173,1.6437936433293203,-1.306895410570234
2271,-1.2607355781354799,-1.1015851619522743,0.45607019086527356,-1.0412408076989492
2272,-0.39462073076427934,-0.7492185857038441,-0.1269958709899158,0.17513221787837593
2273,-0.8668070938949343,0.32260805761589484,1.3650762518781279,-1.4697286672579766
2274,-1.1294688365206953,-0.2638632192025127,1.2608769434476992,-1.1757901445913566
2275,-0.7995587445423571,0.6145611643534943,1.5205585441955283,-1.660293071508618
2276,0.24019266920045873,1.4168903542991906,1.1021096824742347,-0.6197500482570016
2277,0.32140311103369607,-0.2991238002686793,-0.9394118259608137,0.21420686522277316
2278,-0.4203088286448781,0.4540452680690757,0.9396623708541079,-0.9416018968346376
2279,2.2849786190287005,1.3302531391607288,-1.8269681516927714,1.7317676956661487
2280,-0.29385992420120655,-0.9539677822702991,-0.5666392200416199,0.25430992919231027
2281,-2.1163784607658025,-0.8031964308796786,2.0183657382529567,-2.0645954307803556
2282,0.8003589056503716,0.11721262454739272,-0.8562996652337441,1.067310257603777
2283,-0.5449243625170047,-0.6151707293412865,0.11277283212345196,-0.2629994740123115
2284,0.6708909527414861,-0.10122434192388809,-0.7955837347468387,1.2392837537154642
2285,-2.381066728401746,-1.6271524713843357,1.8992343441325146,-1.2305378899136237
2286,-1.6343285879012523,-1.0112037740122926,1.047704324394789,-1.5513350554728942
2287,0.29241061159300724,1.7732449622347073,1.1763173980895252,-1.1630193819686494
2288,1.5426916460738125,0.8414465725166944,-1.4240808230045354,0.9697905071137124
2289,0.01274484977808455,0.6622993398062382,0.5985800474671018,-0.49832427468766977
2290,-0.14876757026762583,0.14544705889221682,0.23194733366774054,-0.47397740757146334
2291,-2.3127394954149767,-0.7410845907430367,2.583200981497791,-1.9200836274732431
2292,2.03059270282511,2.3336638662454314,-0.6992805335183527,0.3879244282957858
2293,-0.6141852644121734,-0.009278751373032135,0.6555111326375453,-1.0167443684828985
2294,-1.1107283984183722,-0.22910584813058335,1.0871678352475007,-1.4992350883940637
2295,1.4134924465068521,0.6945790986011751,-1.1906195631846408,1.2746042712862578
2296,1.3015334438445791,0.6919871792575473,-1.1715461716735185,0.9142695711344646
2297,-0.18164462653218014,-0.2825674183731856,-0.13389085304334916,-0.2029759288791525
2298,-0.8957895453002741,-0.331058270811283,0.9634981716647754,-0.702737414524492
2299,1.3063073490886632,-0.5206619861292341,-2.270051645593527,1.9227212513497094
2300,-0.006455781220466341,0.46419430469786166,0.38042319241606326,-0.4732839694591879
2301,-0.08997437910692375,0.2327366052523618,0.25011300171265727,-0.4426166013646973
2302,0.3079117333807279,0.3262806674417304,-0.1775159163097232,-0.0006425303944489714
2303,-0.027246422308317208,0.22486803397453983,0.36744667023763256,0.007653018401888682
2304,0.8853812131463947,0.7507725713909983,-0.4116206931806348,0.625273730098574
2305,-1.3561082744793502,-1.136116312497205,0.7995342736816362,-0.6927995249133401
2306,0.223634269360423,1.2378081092297404,0.6848420472564071,-0.9825101131013432
2307,-0.8877987816074826,-0.7386030139745197,0.5017719103839741,-0.504261338932378
2308,0.24896637083114356,0.8634933349588547,0.3903464238981822,-0.5072702449859274
2309,-1.6996925790367277,-1.3178910534325425,1.1162913052486736,-0.9231140329479549
2310,-1.8128644083634904,-0.09693313702628274,2.14613815127852,-2.460289001031366
2311,1.4770819359942866,1.2185662622344284,-0.9133681146638358,0.7252565623509497
2312,-0.12048527188188059,-0.2795862591963984,0.03741832963762169,0.31070471266805555
2313,0.32175417913493026,-0.30387804119422385,-0.657980379831375,0.7234770623656368
2314,0.3395586766145579,-0.475311584386341,-0.8581784799551486,0.848061159618976
2315,-2.6619734330865867,-1.1429587081225598,2.5041631366327164,-2.337187638015353
2316,-1.5721786720200286,-1.3950306113857471,0.809946656366818,-0.8213917312075797
2317,-0.5516573012301927,-0.14315372709591098,0.3788780501534925,-0.9578634320999538
2318,0.19581024866177912,-0.9233677601701141,-1.1142747332509975,0.9647375020274539
2319,1.646026273697468,1.518583713230676,-0.7224076213606516,0.941362457007331
2320,-0.35090020238846464,0.29530857091289786,0.8860048173896002,-0.40466684170753164
2321,-2.039772185710587,-1.9470889355109982,1.1589276833223205,-0.5436600838339247
2322,-2.100843300275465,-0.22531997763140255,2.563878518663101,-2.4426250143061776
2323,0.3334379405335647,-0.0906108291429123,-0.33702564292267256,0.8163025558977718
2324,0.5052342906886956,0.18861750870897956,-0.2854486972513889,0.8469113210187248
2325,0.794404367888824,1.741473503638488,0.5755027919085266,-0.3516844875422119
2326,-0.91770324812104,-0.16190413878455243,0.9518251477592041,-1.2103097185963732
2327,0.42566183172256566,0.32899947409586366,-0.25334434030930375,0.2799554101360835
2328,-0.991036362976477,-1.4136482645095185,0.09183726130506421,0.034174866848333846
2329,-0.15831699013106976,-0.42359360055759,-0.19883232490780658,0.10652941696948018
2330,1.9006514582000689,2.6366592393396866,-0.16741431868494655,0.12979717472594457
2331,0.525782746113816,0.8013773186163875,-0.04033346999779906,-0.1274580420306354
2332,1.3710652574257445,1.2033276216101727,-0.7922627782677474,0.5967320498376937
2333,-1.2732055050838753,-1.3779230913017193,0.2332379406044517,-0.8113948353807784
2334,0.8550274559460289,1.4248606059455011,0.11622567066541478,-0.18040007541642547
2335,-0.8567491823451332,-0.34017038873167077,0.7127034952800835,-0.9836348741590354
2336,1.319133736556966,0.7566942058371354,-1.124361866019277,0.9041198401184429
2337,-0.7390053053421394,0.004212258748405432,1.0221504786188522,-0.8486980223281287
2338,-0.5062634129397483,-0.17779222956926072,0.2986812858106181,-0.8533953735782167
2339,1.299279600049533,0.8539427197050455,-1.0061797377786064,0.8067213711513922
2340,-1.2295247667442155,-1.5931872731485714,0.038824276465222754,-0.4782143365825219
2341,-0.2260173177330161,0.645333459521859,0.8087049276380579,-0.9401768479287779
2342,0.30203098736923023,1.2729918189587441,0.8995931037185556,-0.4083561046965535
2343,0.0127224940414287,-0.522488179632697,-0.5769445186603149,0.2897888301331464
2344,0.10653407786379689,0.3640723397479363,0.24402552037759304,-0.06812646079165738
2345,-0.28812831311278353,0.2855118942580877,0.5931412555948401,-0.673293767382225
2346,-1.2521310443223321,-0.20683439503049852,1.4296011622740459,-1.4543888864390733
2347,-0.4258948185106417,-0.4848962895659921,0.134810978900826,-0.11330626197921856
2348,-2.432589704654039,-0.9866084346013151,2.25009596849934,-2.3431104296623655
2349,-0.7355558688937323,-0.5854539498365864,0.3616991927689198,-0.5771044400199282
2350,-0.10477989778107016,0.0893358299810956,0.08597157896718513,-0.4387173860893338
2351,-0.39610202793950444,1.5177939662301518,1.8848662192714303,-1.7572102845967386
2352,-0.43002333793371056,-1.6458194539915216,-0.8831860263291802,0.8804028854290661
2353,-0.014951545351351599,-0.9906111286348841,-0.8091737601984306,0.9120100646794326
2354,-0.7504172404334871,0.8356303460777851,1.624605837763461,-1.8350960642607943
2355,-0.752272119787442,-0.6877947818403898,0.3283286782030354,-0.44850797921262475
2356,-0.8223127367100648,-1.7261911361113573,-0.42222999773038816,0.48541440313265183
2357,-2.088020165086946,-1.0675477444620962,1.639596550276728,-1.9928673973219317
2358,-0.2687279010142712,0.7514634238497945,0.932197049477222,-1.131372938085309
2359,0.6850959227912261,1.572870998881645,0.4057988847665138,-0.6345604609007258
2360,2.280089853879267,1.5516677302084625,-1.6834583100656815,1.432598739506727
2361,-0.7588462083017432,-0.767954397471009,0.3086640697311642,-0.3130571811270578
2362,-0.031839100590510636,-0.07168866745432344,0.2517876363988672,0.5035895237762382
2363,-0.5442953719137773,-0.3266889919312896,0.6032642039908457,-0.09228133545019057
2364,-0.28998682941051634,0.0657727755555258,0.5805410656403722,-0.171329529308089
2365,0.7682769756497678,-0.08757924798306993,-1.192132315802376,0.854838859893846
2366,-0.16329910956294044,0.06516899015860785,0.23832947939752258,-0.320733621341444
2367,-0.5739833817422468,0.6513525077632729,1.2145492435059038,-1.4826454799867814
2368,1.6967488949517207,0.33090013983462874,-1.9067500686593921,1.9023248956229732
2369,-1.1189624775110045,-0.409550435501412,1.1297723559716768,-1.017591793027863
2370,0.06781198508543085,-0.4484669536868627,-0.5654478065725532,0.32819616996713874
2371,-0.3937832665862367,0.7738585707272819,0.9943146032050169,-1.5229465282010388
2372,0.15555136650644902,-0.21071101370235587,-0.46123465140275366,0.2513597989572948
2373,-0.9867529826951073,-1.454166860882858,-0.0846837473801336,-0.16406499744298547
2374,1.971042119394282,0.7933468714209971,-1.9280538425879632,1.7281575701374337
2375,-1.2326711734707834,-1.0551576154507756,0.8380941974296443,-0.3790646852793839
2376,1.2672861366631267,1.9963406416454672,0.36539995053966473,0.352457231416031
2377,-0.13362501520263115,1.1741048275067212,1.1185862284191264,-1.3405446103308627
2378,-1.0600460219897982,-1.071496715601703,0.3570133222972223,-0.5712394441474016
2379,-1.69047256057584,-2.040638432898888,0.2899941783999349,-0.6019996223145777
2380,0.5716264286552365,1.5481860896300723,0.3903850434481963,-1.0077694310796628
2381,-0.0677949020876391,-1.3669014788725797,-1.2730097599064996,0.8137818809335355
2382,-0.06916340559804952,0.7982177296376879,0.7506810548148719,-0.8511372305647514
2383,-0.15723343509188573,-1.0701051626849334,-0.5499623740795809,1.0527262744162955
2384,-0.1903216721858056,-0.400777905715328,0.08001442195864669,0.42896670780250934
2385,-1.031906671417515,0.5805275025490025,2.037906110908419,-1.4959497294854058
2386,0.9859671121051827,0.9133707005172944,-0.5298228181990859,0.38351920705691556
2387,-0.9292991255124495,-1.2442023257935355,-0.16841516168748266,-0.6136238054014597
2388,0.9181070166594357,0.6968266606419404,-0.6242918318508718,0.4973715085282017
2389,-0.08807239658970072,0.7067113458158517,0.7388183243741403,-0.7186070178833778
2390,2.1764022381904264,2.15377703333105,-1.1180191131685226,0.6049695080580495
2391,1.3567460209997417,1.6985637784187682,-0.37835096480794345,0.07943070238246601
2392,-0.42221866963127475,-0.2321327415564037,0.47283750472988817,-0.11440179953831144
2393,0.06728498709106634,0.7076114845982402,0.5553302066884985,-0.4891156485774009
2394,-0.4139107665411148,-0.735737551849869,-0.09043457768940559,0.13810943517689225
2395,-1.0937433743005398,-0.33494411808937896,1.206212988663462,-0.9728022302241905
2396,1.193412975346457,-0.14399875407273113,-1.491874799509449,1.9821373167910563
2397,1.5312574781896402,2.916333749269388,0.7539730322794357,-0.24079012044840647
2398,-0.8495874960041095,-0.46667997067210326,0.53887483753211,-0.9591005063182303
2399,-0.10548626673448802,0.22431610916690076,0.08370881238076185,-0.771315984171113
2400,3.0119107853839506,3.2625644678304337,-1.1680708738216201,0.8249866318770821
2401,1.2461736775661911,0.3863498249620318,-1.3561069889518462,1.1290896959358134
2402,1.4356002593001445,1.7120804664677898,-0.5892237802605061,-0.04336612805577353
2403,-0.14719848283123757,1.574417326834497,1.5127836865122244,-1.6606483628748476
2404,0.3487134957094006,1.062657839434202,0.42563115553060565,-0.5695621843182616
2405,1.9418960804308025,1.0103142972990315,-1.596957487833692,1.6839727129060413
2406,-1.2133447169122247,-1.4874054981900835,0.2224473116799996,-0.35194947767462664
2407,-1.9201027371360246,-1.5974106002586497,1.0414292379272905,-1.167893067286242
2408,1.5241013048615961,0.5106499361431804,-1.4799892738829143,1.603819943606269
2409,1.0080489283698209,0.42263999185490964,-1.0221101469909073,0.7794091556899546
2410,-0.22373819673506457,0.8554529738295539,1.0493183004058015,-1.0151146827622761
2411,1.5510123720395859,0.5513505829031033,-1.3987251596346124,1.7450765877944783
2412,-1.4498461894885837,-0.6742333657354046,1.270025436415493,-1.313621644961337
2413,1.3558869856488134,1.2282789632191566,-0.891954027241813,0.3063084034097499
2414,0.7850661281540756,0.20194218747266446,-1.0688437745109527,0.43296043590353955
2415,-1.9002876333780725,-1.3131972154042704,1.1483176745466124,-1.595065567200787
2416,2.2052397446650773,0.2714414923188336,-2.7254407307644146,2.419373242728619
2417,0.5163118091831848,1.1850957121582355,0.41852014300897916,-0.2787348823033467
2418,-1.899044000829501,-0.9651785374736868,1.6363995400048128,-1.5702287128246655
2419,1.4456427374830716,-0.2761646743752838,-2.1888732887388387,1.9734118293009397
2420,0.12376161361536553,0.2425227448703222,0.20434375942117602,0.21708615044153204
2421,-0.010963290857000634,0.07036345928587678,0.025946531818428174,-0.1633975311928756
2422,-1.5822112299778157,-0.7301272234808232,1.4180519574281314,-1.3906294383166586
2423,-0.6175427175411815,0.1870033128015065,1.0428888357811605,-0.8194681062151508
2424,0.2690522949109524,0.09284329511960672,-0.1794871498847413,0.4208899576554713
2425,-0.3001553941543702,0.9406937891187613,1.1328649548561933,-1.3468226398053755
2426,-0.07020623725736572,-0.3930234988490608,-0.17403420519998175,0.3914216379209229
2427,-0.6434477523712392,-0.9051792244499038,-0.024374052170529573,-0.15659021599938142
2428,0.5555295616641928,0.0026270425252586465,-0.7362753884341336,0.6806298601458974
2429,-1.044390246400442,-0.48941812440495036,1.1616571454251823,-0.5018038994874893
2430,-0.4244242566116057,0.07031321357364065,0.5868915328917091,-0.6517004916349778
2431,0.22415412684330924,1.2552085105496973,0.9054178609613234,-0.6335247312757935
2432,1.391325280408895,1.1941286386865941,-0.8304725348962709,0.6239695855196571
2433,1.238977295785256,0.7246551357640926,-0.8040395355192225,1.2601090309355618
2434,-0.10700553974085662,0.24783849678466965,0.11101192619143586,-0.7854009824550915
2435,-2.9190049395135347,-0.9988154795524583,2.94211251738392,-2.831603217277222
2436,-0.39259758823487195,0.1663812220128952,0.7085325544452745,-0.5553885168560924
2437,1.4553126699049774,0.9965325177190303,-0.9353513285903445,1.1450297827511369
2438,-1.2633021153124038,-0.41698251385823754,1.2364425430117596,-1.3274456363800875
2439,0.42710387857039134,0.595768858351707,-0.041591121092936424,0.014254039355231025
2440,0.2143432991552976,0.8002836428741824,0.549109937206959,-0.19823914515953855
2441,0.40120983327473336,0.9899310254557016,0.26158932848264715,-0.49561874747483364
2442,-0.9147822413593795,0.1389107682757254,1.3706000716714033,-1.187721313542753
2443,-1.1279540907243555,-0.40022472637047357,1.1036866819660232,-1.1182881073610897
2444,-1.0303131555814604,-1.2309373130113814,0.5043466026301806,0.18016587561284603
2445,-1.7865661696767223,-0.5034225591171659,1.9167772017306912,-1.7889516064078992
2446,-0.5790407940279184,0.2345128662636417,0.8892064169874146,-1.067740114650087
2447,2.155709034340179,1.359596973163381,-1.4577938766988239,1.8500828204457125
2448,0.5170599211156484,-0.40134425998516465,-1.1190552035294372,0.8436653144143391
2449,1.2841875636015532,0.4504333310322088,-1.4327219050665436,0.9750045329363792
2450,-0.9892156768498516,-0.8951102888788189,0.29579233623606577,-0.8521459115125599
2451,-0.8629729025701164,-1.9466536612525407,-0.5254794710554693,0.6904798367766245
2452,-1.4522518543229839,-0.1574720729173308,1.8068834171968096,-1.6234183247604546
2453,-1.808442008427155,-0.6395455965236241,1.8233490127159684,-1.7031501739595378
2454,1.4677125473417307,0.5215627786547286,-1.4008623434847352,1.5154739338343906
2455,-1.6852413605073786,-0.062600918600782,2.015103324744247,-2.3181671528212373
2456,0.5836433065387663,-0.8211694328331045,-1.3202719262717042,1.7408909415075733
2457,2.1172167165171065,2.6892544737630315,-0.47034829243548026,0.24248136550713525
2458,-0.7172488926725546,-0.33097485960684775,0.620722806928643,-0.6694248593139802
2459,-0.08559677116291477,-0.6632282381550981,-0.4108935328316329,0.571262180418725
2460,-0.035103114559716014,-0.39775922546194536,-0.26466019434080695,0.3684622154885585
2461,-0.4788266455842557,0.8681798839196391,1.2233057946980836,-1.6508209195329966
2462,-1.4715420593978585,-0.38060329064037285,1.572505138703016,-1.5668601635536987
2463,0.9394095161125102,0.6687007283452692,-0.6547272954458473,0.587775241242212
2464,-1.686300974916081,-2.1603388267650567,0.45564176567916387,-0.005665717100500309
2465,0.9238626598496396,1.3949021113294557,0.07169459610814125,0.059488681074900615
2466,0.7078971448072062,-0.9166566793588835,-1.7900467912693305,1.5869422466466239
2467,0.05544928384869772,0.2665733742360479,-0.22380752072276738,-0.8406154454398145
2468,-1.4966814579281562,-1.1760958838574738,1.1772748897471061,-0.43231127102191
2469,0.06807869603742699,-0.7464300930213024,-0.4987089252561283,1.166707291859948
2470,-0.5979743754369174,-0.9206004003079412,0.03130592220230989,0.1414649691043386
2471,-0.11987309333939217,-1.3710233308908146,-1.1325147734088366,0.8854381266858371
2472,-0.44717783696079716,-1.1679029466278952,-0.43513246170176356,0.45504220555629027
2473,-0.3085821594244702,-0.4796208358451392,-0.1340761556633692,-0.18106217944854494
2474,0.4388556565345926,0.9871947928187667,0.2792685633633733,-0.32323535117534186
2475,0.4021310811402008,0.3467307333466387,-0.28555139240382604,0.09617676092626766
2476,-0.5796710517163701,0.5998566035670088,1.2650817899746172,-1.289421682857094
2477,1.3254652852639028,1.1308862327854035,-0.7749833900687741,0.6392023013714542
2478,-1.709747848188734,-1.175867142888185,1.2532952381907612,-1.0604417633058287
2479,-0.49939882677828795,-1.3832446680165982,-0.5187881223628414,0.6409770403690869
2480,0.514139667442613,0.4608690725911431,-0.3551419535415416,0.09809077197670583
2481,-1.021635903662677,-0.7338944330332331,0.6964835151286143,-0.6505666049782862
2482,0.5463121291745666,0.581822648486167,-0.0857393752012181,0.39621705998879747
2483,0.6911657137345959,-0.7744350978720996,-1.5795290913325843,1.554970527576995
2484,-0.7853581765698312,-1.188207060080684,-0.08908579688253873,-0.0943534170097519
2485,1.6977198083298697,1.6988597071378833,-0.7469478333429868,0.6473625412425845
2486,-1.3248581121651277,-1.1761311722683663,0.7186140952782621,-0.6271828185198847
2487,1.161516832609325,1.0455408487724311,-0.8051354162010418,0.2060729566759965
2488,1.3718312076461248,1.3401169483289366,-0.7343632849117185,0.37117102779297445
2489,0.9714401445126145,0.09899541610480783,-1.308762488452138,0.9246440335172054
2490,-0.20276774762268568,-1.6148722691731152,-1.1540449127145354,1.1401912255049977
2491,0.28839475463868414,1.368608381681077,0.6735443887138046,-1.0869105069805693
2492,0.48183998750963175,0.165551973428521,-0.5232654741518012,0.39941843681175204
2493,0.46016054313590066,0.42036897010796626,-0.39292243269566124,-0.06369890072998391
2494,0.9156391932354232,1.318374976815445,-0.10536551672405269,-0.09742537148931067
2495,-0.939238497404189,-1.5081859514262521,-0.2109896811761518,-0.08654742759711145
2496,-0.6272148738069694,-1.3608573242211028,-0.4414080207609978,0.26648077057791336
2497,-0.4292928030851187,-0.5039378222838728,0.11543390459130523,-0.11364098021311202
2498,-0.5147141094825028,0.030948361753822665,0.7204626548401759,-0.6437257309380165
2499,-0.08634542740182533,0.5604799389970422,0.5832571670166471,-0.6336287279132695
2500,-0.2044528984786447,-0.9940934849839521,-0.5467501938190135,0.7059598528910955
2501,-1.1762262039990974,-0.5633531428310075,1.0851990667274487,-0.9293955047073965
2502,-1.1079857468783887,-1.7289329356397527,-0.1483853007599663,-0.0460829392155011
2503,-0.28975187658254814,-0.14785903483154167,0.22970769020624443,-0.2733802954843274
2504,1.2002269983753504,0.23032670685729462,-1.5610210365168187,0.9802184473684565
2505,-1.2354997542092034,-0.7445184753365858,0.9229394505728872,-0.9899165090212814
2506,-0.2339962431376426,-0.48582139712185146,-0.3512061690080654,-0.28252519852188296
2507,-0.1814654729337482,-0.31351211929676526,0.08636102510507004,0.26101047407213546
2508,1.2589743277208898,0.8183648931442841,-0.924992678870177,0.8918183724582013
2509,-0.9445049068371886,-0.5259202651217784,0.9343133708764116,-0.4576414800452355
2510,-0.904070105043701,0.20707338450296198,1.3540400014315994,-1.3433081030206457
2511,-0.05165883255237469,0.2914357134597255,0.5820260851646185,0.13815069071524028
2512,1.2996227949072354,1.6815522813256558,-0.28905793073604336,0.07385393705216813
2513,-0.0030057484436234435,1.6667015671982788,1.3830418447881863,-1.5970082946581003
2514,1.5123054495845916,0.5482219975213682,-1.7094701915021497,1.066011396559909
2515,0.7281578542938885,-0.21846183625890966,-1.1887010718463595,1.0336509879184912
2516,-0.709945339621428,0.09507018195212755,0.9280135247771122,-1.130387996520936
2517,1.1378139752088685,0.5773330279900853,-1.092738815443817,0.7449992488637335
2518,0.5858430999866417,1.8964638053175737,0.9195829249053433,-0.8646393678479971
2519,-0.2961202105165285,0.8244244958343687,0.8717347569713825,-1.5122297226540786
2520,-0.879671441568238,0.8838410033262292,2.011210211110133,-1.7315520262396886
2521,-0.6095461885843704,-1.5445251419690178,-0.6079479487357028,0.47951770837709234
2522,0.37787006104065823,-1.0976604001963437,-1.5329478151835083,1.2979766192305093
2523,-0.6447103992653745,-0.5742933617567131,0.07473779068486144,-0.7855846068858563
2524,0.45775910829128225,-0.3473429087698904,-0.9417624438339652,0.814011278054384
2525,2.0328022553133516,2.696935430757461,-0.5506734125454174,-0.21956887932654956
2526,-0.5839678842904169,0.12100132141697154,0.9446276526748676,-0.7133567127157898
2527,0.6678937971715283,0.9936932163333525,-0.09776550042558924,-0.18533691772154376
2528,0.305878739465365,-0.9114683773647305,-1.2064257192657009,1.1668980360958756
2529,-0.6031795775962107,-1.0471858956570794,-0.0022914744000157045,0.36938210325514914
2530,-0.007359770438280544,-0.2544307987925628,-0.34127678776703846,-0.013779897172175704
2531,-0.32496431028802414,0.3873533891403874,0.7553110748046039,-0.7648895731204777
2532,-0.2166083384365519,0.18112566148999978,0.2747867857323106,-0.7271140817396164
2533,0.3952511663030038,0.2701936231619969,-0.23242617015839737,0.3502062321283616
2534,0.9137225286907898,-0.5849102302548556,-1.773431877871225,1.5506477582769183
2535,1.2902965927868209,1.6135132152967464,-0.2305101383300604,0.30817587924843576
2536,-0.9899182714403595,0.012349888097479018,1.395265336079809,-1.1070698178285743
2537,-0.4388163729690081,0.4225357568289589,0.8730678640579344,-1.049138470060284
2538,-0.8883882407217986,-0.9585307590988486,0.3423823472942598,-0.2562852457192575
2539,0.5594269654033189,0.3354441956364516,-0.28849153891528495,0.6805793226157375
2540,1.4112367125586505,2.1707177589491717,-0.023156113057561444,-0.23971211256755517
2541,0.19278147874009413,-0.1351344179519579,-0.37456798964899674,0.3547860212219968
2542,-0.20811227978345279,-1.4360438157867952,-1.027002509575864,0.913217727023921
2543,0.2734198136863763,0.45173215796671473,0.18302466140365192,0.209091140888994
2544,0.8690426920658998,1.1845536649588164,-0.045584715926430146,0.1647474251326189
2545,-0.013575674844092946,-0.1750780238215549,-0.07049054769909356,0.2500491646768679
2546,-0.6036630923386749,-0.08158963755151068,0.5920327436651249,-0.9164367889899335
2547,-0.9454601262480086,-0.4984806096653307,0.9218815696476172,-0.5492776507638005
2548,-1.2990491246879128,0.5941135602126242,2.1109886978108805,-2.354850538616274
2549,-0.40084226065427225,0.6781677222302637,1.1427736449105665,-1.055088456668989
2550,1.4257854078865198,0.6083675666412153,-1.3976267364950363,1.161594978864896
2551,-0.09518325811841356,-0.3204900392640283,-0.20063068598470638,0.07998188678841316
2552,1.194653425186348,0.33688331144187916,-1.3184456687737727,1.130853139298354
2553,0.014575945483754325,0.15283483624674746,0.10651920534123681,-0.12917341022338394
2554,-0.12511051333255152,-0.7363125066995687,-0.6587810870592764,0.16920907851085812
2555,-0.10114588191750691,0.15568016484881136,0.31062159262603256,-0.18964824120575532
2556,0.4241297769670174,1.1056680978174105,0.4662800453295848,-0.3321391022718237
2557,1.0161195105990717,0.42137234227223924,-1.0069603840726224,0.8380521233488915
2558,0.8785828858512058,1.248770312690461,-0.029713050880364952,0.0717228328885152
2559,-0.5029027574946607,1.49457116585333,2.086670642748646,-1.7268723536520156
2560,-0.15935764625102247,0.30258697349282665,0.43282335270006406,-0.5370442545013892
2561,0.8987796571481743,1.9873518192359423,0.43610645682148835,-0.81847088479184
2562,0.23306830136367893,-0.700015685934395,-0.9344346820947921,0.8756581007752489
2563,0.025494715070193925,-0.47643455142042523,-0.37844285313130027,0.5744106535699244
2564,-0.7165386604743692,0.9515287109741736,1.9126358844801972,-1.485793797763502
2565,0.5811929771827176,1.6247667692908112,0.7167103408749592,-0.5828344919292423
2566,-0.2823653227592802,0.14878849451929926,0.5168165761551395,-0.45705907844710364
2567,2.22368352974185,2.1743808007808916,-0.9906577311749928,0.9489274813493402
2568,-1.3115821808075094,-0.9555040272179598,1.0758868990335644,-0.4823693073073225
2569,-1.766974502018592,-2.057972482891382,0.3713752709095299,-0.6900341111813901
2570,0.8198174858202932,0.2914918042621534,-0.8667450459626648,0.6974265655498809
2571,-1.2887715147183167,-0.9227647461025629,0.9523118707064793,-0.6979365944944526
2572,0.03974495867100036,0.2782097435481945,-0.019708546849481267,-0.5647761695126694
2573,1.0733829894499134,0.33283976756932354,-1.2284446395643462,0.8658752236710431
2574,-0.48194604854889916,-0.3403311790975537,0.2019679220267788,-0.5444371525666059
2575,2.1653460655954246,1.1400754688417292,-1.7826155032187565,1.84176458220036
2576,-2.1472288498213756,-1.5175710862481409,1.4205732692333293,-1.503805943004465
2577,-0.6144930151711707,0.13125150426391013,0.9379675985920631,-0.8589948609718777
2578,0.3145175358362886,0.09614227519444307,-0.2685357298350471,0.4183475933921629
2579,0.7885136882995376,0.8623843937467521,-0.5389642112549875,-0.21532310636707824
2580,-1.8995324965201053,-1.6096661532738468,1.0484421302978284,-1.0523761073258102
2581,-0.05138463006115228,-1.3163219807650968,-1.0431580109483054,1.1557871372871804
2582,0.4394710782575137,2.114327286317111,1.3446717083632513,-1.164234431498003
2583,-2.039874670044777,-0.9873555353225202,1.8937676950522337,-1.5660411649461765
2584,-0.5576887460168007,-0.9715491559904903,-0.11292122061697017,0.15410418258164194
2585,-0.386222594454183,-0.1518961557127162,0.6263954980362488,0.0913717441978907
2586,2.804917196450135,1.664789287551218,-2.202393342036517,2.1199946093415565
2587,-1.2630527501013842,-0.8748886679460719,0.8020340734212401,-0.986786316026671
2588,-0.6240303098928562,-0.6702980893772995,0.045622422738636516,-0.5310975308878256
2589,-0.23761556808221476,-0.3880996566385409,-0.22663507112726278,-0.3117562416895209
2590,1.5242300060999792,0.7961611287813154,-1.330563601115303,1.1781829169421194
2591,1.2194672327034066,0.5740972741806885,-1.150366592200909,0.9430492136755458
2592,2.3078550925053634,0.9231821902300239,-2.2811569286035547,1.9956132121449457
2593,0.7392919121174615,0.41684438187621065,-0.7892045540287583,0.24353393853618163
2594,0.5716618892706189,1.457097118321115,0.7122741586787131,-0.21968322206282817
2595,0.10416763261979498,-0.2173748089505723,-0.23697701604337504,0.47942199401174784
2596,0.4600744097168529,0.48594890217312525,-0.13158268521913216,0.23864927600118668
2597,0.464848119398899,-0.2649054717393202,-1.0187131562301546,0.5044399731855299
2598,-0.6968677182653532,-0.8752193147520912,0.27033843559438353,0.10002183164093788
2599,-1.3251120515902974,0.34320630867694146,2.2552250701518153,-1.5874137917260271
2600,-1.0955147252346886,-0.34415287089378366,1.1376478019421152,-1.0778580706516672
2601,-0.5005586057021573,-0.5715895812989039,0.06824584925274901,-0.2882352355898358
2602,-1.443600941676604,-2.053432293038881,0.03448289732201876,-0.13933897048359445
2603,0.49478454146643014,0.2568986633628394,-0.5141234130974482,0.24115137245610435
2604,0.3260486436048124,-0.10327330865317945,-0.6358291748118043,0.29329632943196554
2605,-0.18068084251938968,-1.0101642974381089,-0.5962280709444188,0.7424731757353994
2606,-0.8188036715514319,-0.06439240130205234,1.0370309838326113,-0.941986182709587
2607,1.2585724930841602,1.011571493645668,-0.6555593237856367,0.8990011317243747
2608,-0.11786888952246685,-0.17810366612227188,-0.027084707765576456,-0.03890317477927887
2609,-0.6144772681587201,0.6388676835457713,1.3304041023156465,-1.3928455577257906
2610,1.4913267104593948,2.1869417627457444,-0.08573135969628698,-0.1029897768634363
2611,0.4236353988019255,1.404145611278753,0.5645393634762409,-0.8816000005402511
2612,-2.4451760910491145,-3.318110362249069,0.4380993952895307,0.04735536425375501
2613,-1.5870397292322638,-0.2207666154096102,1.9596690963620589,-1.6828125391257396
2614,1.3543036206588057,1.5505319959642612,-0.20437327935406518,0.7352589405497024
2615,0.6044358890043683,0.7698965358919745,-0.14894815710026812,0.03814388775067022
2616,0.6973259681602266,0.056699340278799824,-1.1092665650067828,0.3988492986343165
2617,0.5495849347511093,1.6931867517466554,1.0494079565472527,-0.2741395049202518
2618,0.45636095070426896,1.1084421218471763,0.3829639405591701,-0.3706104866614841
2619,0.10749563436927613,-1.6888248344939367,-1.6994429306681103,1.4657717839792497
2620,-1.1416958972712625,-0.33284813383815187,1.4396671319466667,-0.7374098012549821
2621,-0.7471185039075975,-1.3333366397574253,-0.3238459078250442,-0.02123674239101598
2622,0.08520957070594963,-0.6861201521002003,-0.8293229525872762,0.49895149517114745
2623,-2.373478534443825,-2.16812378047141,1.1501272323934664,-1.218199791424168
2624,0.08523309674269391,1.43404366227751,1.1170361598385234,-1.188825690930573
2625,-0.1626090928333063,0.0909537766331161,0.3811534842872023,-0.12857235639272116
2626,0.6721848205955431,0.7956795745448842,-0.36171947902403767,-0.15733598520285555
2627,0.04294075144808684,-0.955079134894039,-0.9475463256812424,0.7890039056462447
2628,0.19535511928677196,-0.4591708321960573,-0.6068729447297074,0.7369276227128166
2629,-0.534517117416466,-0.8245583030119712,-0.05988114389218069,-0.024575820324823493
2630,0.2737430123686602,1.2397750923719395,0.7822854164870928,-0.6362062797095162
2631,-0.43044764683513037,-0.340510203889326,0.3039084286493834,-0.1800469291769213
2632,-1.2352748444252108,0.33142875398406474,1.8065077968761853,-2.0294712283201246
2633,-0.3734107136157809,-0.7722115095091915,-0.2319446155756963,0.12134121172804377
2634,0.3793233082842487,-0.8062881990200439,-1.194141788973146,1.1970399429704435
2635,0.8807701846382916,-0.0913809210538971,-1.3101209311736064,1.0580123869880862
2636,0.5269035110046427,0.42498789084715466,-0.28983895849169,0.34561558320023344
2637,0.692198283675412,0.59513956914465,-0.4482753984049184,0.24595871260991714
2638,-0.7615749217313666,-0.14393449151558388,0.776908665870865,-1.0041754491610695
2639,-0.156726494723631,0.8293034967090184,0.8866818505936737,-0.9993201429645762
2640,-0.3398675510228521,0.712503928769527,1.0733784451341868,-1.042489621568523
2641,-1.0642320489307815,-0.5404569749387119,0.9072540566525625,-0.8982829770617593
2642,-0.7205309704959194,-1.1321495475465624,0.004499905886903035,0.16709172919894913
2643,0.8440027664440641,0.5703523641090705,-0.6915849861037883,0.4192600897985303
2644,-0.3594194768541153,-0.21938749394842688,0.3956527142277094,-0.056864950231877084
2645,1.1812463558420518,1.7990549056555876,-0.0888457284939616,-0.2799599410915489
2646,-0.9258150484776895,-1.0406456060340468,0.36546847297661006,-0.15098268514976726
2647,1.2703118537021574,0.2444391277114691,-1.5568732888104089,1.2039935301521771
2648,-0.27413733990775746,0.494185510402579,0.9065470200522605,-0.5744417526710358
2649,-0.36315158209980647,0.3601183782590507,0.7476420280307897,-0.8491439464092451
2650,-0.3133451368037647,-1.0856601111942459,-0.5704733891162291,0.49602498825980096
2651,0.047725971153211894,0.35939938857670156,0.16954290278667938,-0.3984833152922132
2652,-0.8533175348833134,-0.2922327780205658,0.9230116373257956,-0.7161261559315016
2653,2.3560855658062705,0.5761543070095386,-2.603547347081148,2.4375798112283364
2654,-0.5510763920800285,0.0632181367452628,0.698802862411849,-0.8898895673515774
2655,-2.785913883622664,-1.2677854051661321,2.390201475025065,-2.6797782373940184
2656,-2.0258456263699247,-0.5784685132047697,2.2823019335278105,-1.8181731252029356
2657,-0.4919790523678411,0.49231103900604645,1.0057203409173212,-1.1737142037378334
2658,-0.503680313734075,0.3103786588244422,0.9782929992666511,-0.8244290693127649
2659,-3.0872017591644214,-1.9298965827074928,2.3981956119596775,-2.1432544494391355
2660,0.09245767087470734,0.5947129698433562,0.32387028073372137,-0.5347531171545664
2661,-0.04886152918526306,-0.17804196380289697,-0.23565851800934298,-0.1603416999923028
2662,-1.5537284473348316,-0.17599004822496642,1.6323240456165355,-2.2494317604811878
2663,0.2874593401533185,1.0496409225493049,0.6874955695791106,-0.2950888020967459
2664,-1.6333081102923177,-2.5010645537876472,0.002843833196773083,0.20802343569677412
2665,-0.8181169552288151,-0.9995011566581341,0.01852333328335765,-0.4774792040838935
2666,1.1005421921813172,1.0005160901226011,-0.33482092810690534,0.9266379375017846
2667,-0.12001204227140523,0.8674375930655271,0.8006240769093648,-1.1120230154844266
2668,1.69627517927574,1.750488082293608,-0.5994644094996151,0.7776810908423162
2669,-1.3460060770701092,-2.0588488684137705,-0.07076250857577931,0.036957981056134216
2670,-0.19136688388686918,-0.7331545973423286,-0.41306579582416125,0.3582332410860439
2671,-0.7997615192257362,0.439498677710085,1.501652030962669,-1.2714642302573558
2672,0.29133320335152885,0.42489681718374583,0.12541039044300487,0.23630961984680673
2673,-1.3091211308339017,-1.1472973479410655,0.5178320699926627,-0.9948198159617571
2674,0.3440260650444987,-0.20970193873878326,-0.48349258848116833,0.8834391731765742
2675,-0.7214438100113021,1.5660849053336898,2.3188818434582896,-2.2712148601642888
2676,-0.11096076422011251,0.09169827257423803,0.012713147846853295,-0.5957706926901106
2677,-0.5314567162719185,0.8373746321589971,1.5129657632259317,-1.2535046787647133
2678,1.163084982480506,1.3604623762640315,-0.34935672593913886,0.25503244565850036
2679,-0.14188746732754476,-0.1801218314763355,-0.11655390633650502,-0.2777435250565838
2680,-1.3911463154486114,-1.3345603359919258,0.80840816960165,-0.32300751162344427
2681,-0.5913018698567166,-0.7591238715437268,0.1257130408830053,-0.05820851506865006
2682,1.4250186811137382,3.0825957484239876,0.9204291757361422,-0.7285598501154139
2683,1.7180518905056936,0.519681516951305,-1.8714493149326177,1.584710964009107
2684,0.27319733409934077,0.3218447795694807,-0.09847598578505326,0.025421684409974738
2685,-0.16965968048842114,1.5052282656149736,1.3302046548692024,-1.8959256023309103
2686,-0.9097455493343809,-1.52994994513494,-0.14751299091428516,0.1834571359587783
2687,0.9001497761456551,1.7360652361594882,0.3485921302999002,-0.36092418483011024
2688,0.35455390116934205,1.3237828489228665,0.6688824863952127,-0.7503319671417222
2689,0.2509640888886194,0.5163265198540533,0.21569964132145247,0.030416656757622906
2690,-0.497040206807384,-1.137538900566462,0.07155832877222966,1.0973897597670539
2691,0.22454650321318792,0.4924565614930533,-0.008093115358101852,-0.40119839358251536
2692,-0.5907964623628769,-0.5915774888496911,0.1892499033870659,-0.3490569012519232
2693,-0.34428253951239496,-1.0812945353899248,-0.4882912204074273,0.5198733434342069
2694,-1.8823669074316491,-2.782184884907746,0.04181698549818559,0.06553392863094207
2695,0.03851456101911966,0.13674329251599687,0.08307414722299744,-0.04608486646750814
2696,-2.010646194564214,-1.1417850759798376,1.8026805923894598,-1.2491900136290233
2697,0.6797355378138098,0.34216258025833746,-0.7302923282648067,0.31497606009243395
2698,0.12217307856869919,-0.12687600182284803,-0.40391697441127594,0.03063388401646337
2699,0.3656632347762093,-0.30090316268293044,-0.7247258779642517,0.755503692711911
2700,0.8312680973951381,1.140973141471882,-0.1838392210044935,-0.10893691736969682
2701,-1.2078319630113366,-1.6134521881555597,0.17104612438200098,-0.1184291992967839
2702,0.06694637594748008,0.05556398022755099,0.053354040021705455,0.1992325390133594
2703,0.5922033951854231,-0.5687041809250323,-1.2393037858984726,1.3044472348184264
2704,2.5046210658352117,1.5447860060027014,-2.093284025910912,1.5288541734980376
2705,0.25374120211005,-0.18641942577274745,-0.2906876496227106,0.8445965906153808
2706,1.5580142838107756,1.7473550377457419,-0.4343745080275793,0.5822429728125079
2707,-1.285575817830093,-0.3909534971798901,1.453460499677132,-1.0870678994716172
2708,-0.12314759528873774,1.937975216138713,2.007428636613793,-1.5802367357150657
2709,-0.18832489924742987,0.6109625576281861,0.8371400592052545,-0.6722281128276044
2710,0.23474527646669846,-0.30625788375524615,-0.759327192247611,0.2393678314422781
2711,-1.5336907543825433,-1.2758594854669822,0.8413435552391453,-0.9162958656006367
2712,1.090445071941182,1.0711708772821487,-0.6332596750815768,0.1933197024131591
2713,-1.1370665121778496,0.925004955910739,2.2639545637687033,-2.3052507283554386
2714,0.9186093111636211,0.7456381192324395,-0.5482084338105649,0.5154840940797698
2715,0.46703583449137304,-0.964341131932994,-1.4958377900084376,1.3601441880403988
2716,-1.8521174100820734,-1.2612916362076947,1.4588970642582624,-1.0002958594567646
2717,-1.5159527735609308,-1.6362872850105703,0.3376863164291812,-0.870776501576114
2718,-1.0596678169798646,-1.0150375057064671,0.4140758058180692,-0.6056043370274687
2719,2.2621015690371644,0.7701703780747617,-2.1398051779641287,2.451075185684202
2720,-0.6083839677382951,-1.3328811200272068,-0.3128593188553052,0.4930148877058445
2721,-0.07894901654927705,-0.9456903569690143,-0.7290890688803641,0.7159979077468305
2722,-0.2947013472086448,0.6074233660059752,0.9830692861648792,-0.7865051588979212
2723,-1.7225427379864209,-0.40746236116471946,1.7078805225790525,-2.1604456632897353
2724,1.2568560025844209,1.3957150612937248,-0.3589998742784172,0.4880828857635419
2725,2.1349850589261954,2.0140422618294553,-1.0051319952329079,0.9936391541079249
2726,-2.789179424058833,-1.8194104540599343,1.9538014460232056,-2.1287949622642364
2727,2.4718811426233884,0.835818792955241,-2.386310140834125,2.6075252210694457
2728,1.0352057295326746,-0.03933285198683216,-1.5089711022334935,1.1335433545817002
2729,-1.9221298278678214,-0.3631071678171398,2.1953778178415306,-2.121018367786389
2730,0.2364156384921841,-0.707950560514968,-0.9640733870821264,0.8545018425809745
2731,-0.03164011291500717,-0.7675815933679693,-0.5644878882416663,0.7452612255109002
2732,0.441337394740481,-0.5638867047608498,-1.1479297439296057,0.9146829782895889
2733,0.8633439381630715,1.6092521547966887,0.29719994395178007,-0.2768232818091657
2734,-0.7645568710070424,-1.4505512554840359,-0.30125878644251886,0.23943590424026706
2735,0.1590344254684096,-0.0020656197082125653,-0.24904665670710913,0.13413607927574897
2736,0.018808243827952716,1.8350563729453053,1.4970829979156177,-1.7245277692336174
2737,-0.7433134422366654,-0.2415081921872692,0.5104647303600618,-1.1732635557105007
2738,-0.844809938278549,-0.3630275299294024,0.9036374785547622,-0.5488701199416229
2739,-0.03580486764515705,0.8654807847602267,0.835420142219124,-0.7448689711204649
2740,1.28979195288775,-0.08662345024659393,-1.5101510160955844,2.155836707044573
2741,-0.8047694778572866,-1.2474556920085091,0.0005699742204182131,0.1375630146941453
2742,0.9151866458889556,0.711121885028363,-0.5518373037136831,0.5802290694978163
2743,-1.1857869806931605,-0.3680228592638538,1.4463505772422744,-0.7982673858591013
2744,0.8612660823290569,0.3012149794688345,-0.8768865831724066,0.8042213860334416
2745,-0.4451931511639276,0.20958381462366574,1.0308269554123148,-0.2791578710853474
2746,0.5756313351646138,0.061629576244067105,-0.6546912666509942,0.7538951977421153
2747,0.6970558376731008,-0.43277797181158134,-1.2854716603257672,1.2694687717733009
2748,0.7538999818397405,1.0672988606214615,-0.043734221065906465,0.03964378883077037
2749,-0.0493228722410018,0.8174488742443068,0.8910748063617253,-0.5789694729861112
2750,0.782461219721263,2.782058482894685,1.3540650120994389,-1.5345749294800823
2751,-2.1544252300896787,-0.7594944519241302,2.284099701735061,-1.8373495845480419
2752,0.7828735732079009,1.1100800960119568,-0.021381449815661095,0.07931026313114409
2753,0.5659766310246278,0.9746907601971904,0.04716675980404249,-0.24807548620888709
2754,-0.18028698332432086,-0.27309730818999545,0.05629613368791263,0.1145471703925936
2755,-0.32456245695103614,0.5496354099288778,0.8772846549516115,-0.9402905904519674
2756,0.3166798373567878,-0.11680506805015045,-0.3893269688609715,0.7273970743543116
2757,-0.1002383221627076,-0.053055369981210555,0.07023322771036106,-0.10626447118858276
2758,-0.9961027063295449,0.08411595304941051,1.277243386579693,-1.510775384901216
2759,-2.8386353996329325,-3.8203760109894005,0.31243053665555787,-0.3676003728857157
2760,0.2625996576940726,0.059532784004263845,-0.0609696417791511,0.687393224758651
2761,-0.36622060192374906,-1.0060901483249793,-0.48369754306237595,0.2678741929566915
2762,0.6840132644301826,0.44883042441671445,-0.4233649263969446,0.6140962492142692
2763,0.6739874632194973,0.4430658812661886,-0.4765764943316967,0.49829921119803644
2764,-0.5536407420530393,0.23241580103475046,0.9343119936707917,-0.8922903841073202
2765,-1.1065117262845807,-2.7262451205845717,-1.159229412029039,0.5850284805412082
2766,1.5833367086144168,0.9661522119426917,-1.4239298732987669,0.8141006909998454
2767,-1.8155795055727186,-1.099788405308247,1.3565263885852055,-1.4404419894939948
2768,-0.03281686385060815,0.20813103144374223,0.05395279765494309,-0.5249259919514412
2769,0.6667290867732669,-0.7176072691334996,-1.6343912643997356,1.2335346169085972
2770,0.4177437634438606,1.421468934866846,0.8553222790195215,-0.4314827346533857
2771,-0.9032440746108811,-1.1018876058920857,0.3051327918570169,-0.028796521212108937
2772,-0.1824605634995319,-0.8802542231736461,-0.6904512171935397,0.25604005318919204
2773,0.0016167036565207286,0.04598383189952753,0.115331874494975,0.0981735195117252
2774,0.951967292675149,1.1143534405417426,-0.2583066257562515,0.25548028104745996
2775,-1.2186539842458541,-0.5231165517409793,1.2023500404250007,-0.9715851393129449
2776,-0.36782143511553317,-0.06898905444755737,0.6557953875248415,0.008740758952936046
2777,2.3036730175700506,0.8920757312402656,-2.366632348308014,1.9050041134490168
2778,-0.24424379289629294,-0.31433163180382917,0.018875765896128868,-0.08050315666741095
2779,-0.101241919606743,-0.19560941281297997,0.13172081087446805,0.3430080158690071
2780,-1.313145581423348,-0.8703456135819498,0.9873479282047484,-0.8498908242196038
2781,0.6377839318165127,0.2053225303615008,-0.751882432465825,0.45748382096591045
2782,-1.4197842720874694,-2.6974385956977684,-0.5069188644897655,0.5463787770762273
2783,0.5911956328488464,0.09050098091691812,-0.6688629629001861,0.7147868593868604
2784,-0.08226065559355906,-0.2005980864562826,0.14291887832445913,0.44267325190891005
2785,0.3518199464268413,0.6148577021865292,0.06603399278366583,-0.11111299295209583
2786,1.2592335060013247,-0.21721973900763464,-1.914457922924819,1.6487630831498865
2787,-0.043641167585018355,-0.25458081717075653,-0.2569263220866066,0.00569806599457056
2788,-0.20112887935757542,0.5602394361506179,1.0347381119416559,-0.24684381059862698
2789,0.8513728707443088,0.32584565471341875,-0.5419436760887737,1.300291920171052
2790,-0.7688581056866227,0.2793298897636386,1.347166640281298,-1.0466142762938966
2791,0.9129568644872601,1.1707838741646406,-0.11397734071695965,0.23433759692550676
2792,1.192709358965736,1.5224583830348375,0.04432542300105798,0.6641670683537859
2793,1.3655132275065742,1.098714190123226,-0.7033593321184588,0.9864581646903943
2794,0.8414028214409055,1.5021643001771978,0.14399442562030942,-0.3668627814428215
2795,0.5257766930194366,0.3882079238961265,-0.39937325995268413,0.23718770548254328
2796,0.5171571220478856,0.3230212820451066,-0.2327795282542878,0.6577705915200386
2797,-0.9651214801405934,0.22108854641967202,1.500078455103083,-1.3377650060991548
2798,0.1506668653689499,-0.07154657486677439,-0.20902231557746845,0.342687452078261
2799,2.048773434607285,2.755054976769995,-0.04690254322372112,0.5859275300666793
2800,-1.122034582810164,-1.7202329787872899,-0.11225814385258798,-0.053584670878069125
2801,2.1539360889536128,1.3579147910718083,-1.4234785730387032,1.90835083246236
2802,-0.5759930556182158,0.9413984555045422,1.6877677748256126,-1.355613750973523
2803,0.4708423706941209,-0.8354574134307111,-1.4258099801891178,1.1859491936844357
2804,-0.7892477876033377,-0.19484311825125014,1.0375430588248782,-0.5202832994519109
2805,0.06997932475162362,0.06594154454933628,0.07942358531252962,0.230999850460856
2806,-0.3502151868405045,0.324870144461865,0.7930128644571788,-0.6376976517719269
2807,0.7113200736793802,0.8155467296360526,-0.355379072402454,-0.05423762868608205
2808,-0.35864591943679264,-0.15219476688950564,0.24890471185560692,-0.4753293027094701
2809,-0.6134862178828215,-0.47559352989160975,0.3385396490014429,-0.4469698707850863
2810,-0.09756884617968128,0.34754993180491095,0.3384188724190388,-0.5913306641159785
2811,1.0202306701159518,1.4095456854045598,-0.3165706185066193,-0.3163933413347892
2812,0.47897590977491683,1.929341699509846,1.0993179421037684,-1.0090024019664976
2813,-0.5240461469570542,-1.085124041998221,-0.19940315177867546,0.396165065330476
2814,0.27937418014436977,-0.851390660725957,-1.191114129809221,0.9540261153748285
2815,-2.5026487557797292,-1.8084816226709626,1.8647323424709323,-1.2880096947182218
2816,0.032483234301764106,0.6972954591498234,0.6236173446842449,-0.46812983870883706
2817,0.6004642888576169,0.8459739305238368,0.015195814960076626,0.12975974833289813
2818,-0.8009461657289894,-0.27213073495103923,0.7253104166731265,-0.9262678067562985
2819,-0.7765173646437297,0.3785399603459575,1.4687194263159986,-1.099208561605146
2820,-0.3207895935080703,0.7272525854895143,0.8031259655625882,-1.486723167846662
2821,0.6669288161381762,0.5819565537450817,-0.20636076008255805,0.6142792016170077
2822,0.8849334991073217,1.2021617371262558,-0.039484824611170616,0.18978119800741075
2823,-0.2617031312176981,0.7025217838312311,0.938631847772046,-0.9766751326713127
2824,0.13926143875974362,0.1793981891711307,-0.1396609629189077,-0.1819365156028149
2825,2.2797708872601503,0.9939715805489723,-2.2769691841237396,1.731591401932493
2826,-0.3250737770286446,-0.9063808937653804,-0.13756857087063395,0.7847732048963892
2827,-2.3696273681946076,-2.0196538754320588,1.4526200212564808,-1.029412513256049
2828,0.7495308988584268,0.21021022628985464,-0.7197504209573224,0.9018562027064279
2829,0.4161083742423519,1.889916662662105,1.0482997865823869,-1.2285200759810584
2830,-0.7744577297059637,-1.333145112012499,-0.3695556987450417,-0.2000815084540678
2831,-0.6889524997504172,0.38050955446854423,1.1524014466853196,-1.3490072441127432
2832,-0.043247995292028524,-0.3260957593525321,-0.29512158126845206,0.11247928097787761
2833,-1.1448325199178397,-1.0927752915236082,0.7192033429657748,-0.1839299792463258
2834,2.7467515433608525,0.538030507266734,-3.0390971023863034,3.157846638462402
2835,0.6865779583012802,0.03141726702970565,-1.0068869412924413,0.6021299129623482
2836,-1.3621843003249796,-1.1109602686302722,0.8329971630599318,-0.716253474045102
2837,0.8883405359847316,1.3858622972694707,0.03976311145159807,-0.1019996847779911
2838,1.3817483789392058,0.924002671224799,-0.9437257607027177,1.0424817168956846
2839,-0.2686144976126522,0.1506384199585121,0.38417011331732703,-0.6463979580070028
2840,-0.38042649992122507,1.2218531402235173,1.5003591675217653,-1.664632866776203
2841,-0.8608365768955735,-1.31319768748499,0.0029395654712950615,0.10012432691889889
2842,-1.5968595328682316,-0.9578384651920938,1.233505763395486,-1.2184936933765402
2843,1.6932764212439586,0.41274620054753497,-1.9026343554844451,1.6994511826870515
2844,-1.7350912352622583,-1.1703596680807746,1.1706485959167845,-1.310161419793317
2845,0.4365599958902341,1.6215890791058707,0.7381559522027386,-1.0543764494513532
2846,1.6362459418422493,-0.4746557558145307,-2.5907383946428615,2.425305298840605
2847,0.1004619174353619,0.37001325986888706,0.09322744312515269,-0.3702392702478041
2848,0.3377015821090052,0.369589002455993,-0.2149396659413193,-0.06479518958608321
2849,1.6540450924108172,1.1004918964700308,-1.2429585499709095,1.061633686799455
2850,-0.8665584952964953,-0.5379857046460276,0.7078020038765533,-0.5494742639792629
2851,-1.3052817944748423,-2.070877751207528,0.007300273983367419,0.3493303799129863
2852,-0.37794527206046497,-1.3863646626314876,-0.6838476494163815,0.7914893577916395
2853,-1.3705687044383175,0.4222323320106873,2.20452082231093,-2.03028502868385
2854,0.24676993438642028,-0.03534587956652227,-0.22938634201829708,0.5628699594516736
2855,0.501779130406534,1.0257085495153477,0.164124485473597,-0.3944765096470332
2856,-0.3793073986989774,0.11341031759745498,0.574143559517105,-0.6170140994430724
2857,1.9137820356887356,0.7075513300331134,-1.7507332025405742,2.043565161417038
2858,-1.6244128810812835,-2.433162207297171,-0.043142969611219405,-0.005347601213183721
2859,-1.2345873335399153,-1.2732359552294956,0.4825118241712122,-0.48644256689061477
2860,-0.7103053050286801,-0.8572736461684883,0.17913155238993475,-0.15228592086586706
2861,0.1749484979029412,1.8704026585152886,1.5157498554692153,-1.2187892691160311
2862,0.8995209298361101,0.43829219013848275,-0.7670497127677065,0.8036188558685896
2863,0.6363741200382634,0.2709877672654596,-0.4149902087236292,0.888191243885824
2864,-0.7392273238337261,0.5825890042697126,1.3181321561689858,-1.7245153250472611
2865,0.5834808171444469,0.20494322125160958,-0.3270531193175368,1.0137964747350252
2866,-0.7254936830441395,-0.7592985121290454,0.40257095841679996,-0.04905427119313139
2867,-1.6932633143213363,-0.8467450880608947,1.5603363845032914,-1.2548801114874937
2868,-0.6942665852413848,0.088381004301212,0.991242225370881,-0.946623239725765
2869,-0.4768117877734825,-1.2579553312550142,-0.44761551253885234,0.5446243196107624
2870,-0.3609755743728047,0.3884496918210166,0.7594509502882001,-0.8889722551330269
2871,-0.7721298749728656,0.14929559177693616,1.2182388612829798,-0.9716453437943591
2872,1.7923348693305783,0.316626601739419,-1.986679406387533,2.1375016138875615
2873,0.23691120389942844,0.9969917459331171,0.6328018121755886,-0.44510372554812205
2874,0.1628643916282366,1.216111278014597,0.8277748802958276,-0.8951678888981777
2875,0.5603791250843853,-0.01830994641552149,-0.7117295258371119,0.7918520359549172
2876,-1.6971079803849012,-1.5337102953282962,1.1227125416245816,-0.38117588423777626
2877,-0.5948681861869565,0.5347530117146696,1.2392189935891154,-1.2321052292472496
2878,-1.9284324717923134,-0.9708701286249487,1.6684581479652638,-1.6049802936024717
2879,-0.6175881637054559,-0.516171441367522,0.28167208228232044,-0.4639388036240331
2880,-0.56019500982115,-0.7056048193245205,0.21017019101717785,0.07271496136651029
2881,1.2998432794007402,1.1900679228283124,-0.715986718468201,0.5087236330485115
2882,1.1738538456459846,1.447550267746446,-0.37303695716569313,0.041367245983235254
2883,-0.21184570958940765,0.20679504012732267,0.47935330910700713,-0.41118218485589836
2884,-0.3920041601002835,0.2811191895609491,1.0432966483034944,-0.239822735175093
2885,-1.872881282504952,-1.1267194307117847,1.6715500753053785,-1.0244368895174343
2886,-0.1788028602916162,-0.4032236468235082,-0.15165148239878165,0.06732569491980821
2887,-0.1675887116258584,-0.025425077721796197,0.2431240758136235,-0.1087553095681617
2888,1.8260951680371713,0.25227468397492003,-1.9753512188193187,2.4336385941266916
2889,-0.16864960360540432,-0.6554431249302244,-0.29385926937623813,0.4620295661828897
2890,0.11191948283904965,0.866810077833854,0.6382040958707307,-0.5679223059207801
2891,-0.07812356076673183,-0.5093871834240051,-0.4003035201653464,0.24501811959058128
2892,-0.5604513934466906,-0.6416501186693895,0.21207059052857713,-0.07934849243807271
2893,0.6429508184877201,-0.05948950044365079,-0.9772673090163626,0.7180329427741337
2894,-1.351530730024775,-1.9129288436966407,0.2080907426961006,0.15667973121964368
2895,0.42159335614930893,0.670594824970536,0.1059767219175976,0.07414617769346153
2896,-0.6750406921213123,0.6905267081613887,1.4686179796526595,-1.4903018298785855
2897,-0.08302030177426419,-0.6491676749050062,-0.40737704515783096,0.5527100700829479
2898,-1.4357790185913775,-0.08804637202980231,1.9387008687668754,-1.4996794640587292
2899,-1.3440100749518153,-0.09937627756335363,1.5795631953804232,-1.7778671439274052
2900,-0.7010679434615853,-0.14719044855428037,0.5999816591354459,-1.0921531658725978
2901,-0.7303061580067519,0.32524697258643304,1.2242510430560238,-1.236578359550337
2902,0.9145626748295199,0.3565929336599872,-0.6981288036818915,1.176356049428519
2903,-1.041570941507371,-0.233780502688417,1.1064898151395222,-1.2066182538607313
2904,0.6085242601613815,0.7970306075356615,0.017894475437023258,0.281570744470859
2905,0.11323397447159621,0.20248663146803444,0.11618696212219029,0.12063325152372055
2906,2.7098826629895463,2.1751000370096194,-1.7489102940455468,1.3475393249108807
2907,-0.10287487856066256,0.49124670254989244,0.7855928848472071,-0.16848783735183603
2908,0.9267000054976059,0.8796651525972756,-0.5610371094078961,0.19799588129477494
2909,-0.08152867529611725,0.11086240683364902,0.19466568238423923,-0.2158295677974438
2910,-0.8680218542051207,-1.521306061632336,-0.1166234960310915,0.3662337969978787
2911,0.05390754178173069,-1.5355517018588243,-1.3420487231924916,1.5344759361370168
2912,-1.2539451773021308,0.5119218739322465,1.9700089009590764,-2.243781155031456
2913,-1.6189826550122708,-2.1278710489151944,0.10856233424341105,-0.455793766503696
2914,1.4400188061093258,1.0820920316845488,-0.9050191160055802,0.9371782065921802
2915,-2.0300199217006396,-2.334026487183532,0.6975596721999082,-0.3880368682597173
2916,0.7743885136719705,-0.3234603623585098,-0.9670008462844882,1.8437213419882492
2917,-0.3231801850655835,0.08977370253192665,0.4301898960606422,-0.6132394476186854
2918,-1.0428343321015558,-1.0383419080440088,0.3837610886203529,-0.5426118320260518
2919,-0.554795561552695,-0.5164218163964034,0.1475018842454558,-0.4755704101089913
2920,-1.6191686297990138,0.5261744697868278,2.42483086413026,-2.7814230622045604
2921,0.9582578856712064,1.9037032185365441,0.5078383352441997,-0.2772070756484321
2922,0.7804908591506978,-0.40258463181550225,-1.1788142265091572,1.682980177002936
2923,0.16182069130863283,-0.05183660397853552,-0.22259120730086876,0.3110074117351875
2924,0.16209625018213084,0.7217792887817792,0.4221666932399086,-0.41933732876369695
2925,-1.6803240420586785,-0.8227910200504481,1.44072649754658,-1.4775182954964674
2926,0.859290645013911,0.3370136723569768,-0.893321730966061,0.6816813567216119
2927,-1.8434562022317302,0.021295840857308047,2.467324734740051,-2.288596879896101
2928,-1.1850947957685918,-0.8797145765057224,0.7266719164585641,-0.8293940981681954
2929,0.9196851765637211,-0.6107017786689551,-1.5559784160865515,2.017923802670061
2930,-0.37018755758348376,0.6219193777387515,0.915324605295695,-1.2109052651423329
2931,-1.6559055197321406,-1.0073093685556194,1.3744914635800787,-1.0613283074816795
2932,0.021946596808571812,-0.3592795710873502,-0.48936548841491817,0.08300602126983808
2933,-0.24781562562970091,-0.4892157317633413,-0.022177684054595234,0.25677657286087946
2934,1.6671664138755395,1.226586170522807,-1.0276883467303362,1.1837286328491636
2935,-0.3262626918664484,-0.05173660928727888,0.5150371452254882,-0.13270689694021864
2936,-0.19556567784239956,0.3292967542310869,0.45940667868045615,-0.6841095939647304
2937,-0.34575735957971115,0.004807896849681326,0.3746536767282266,-0.5866765098568753
2938,-2.199617800305925,-1.8231427369102378,1.2663699684264653,-1.224964261661269
2939,-0.1643209342858557,0.8625355280051237,0.935199105705071,-1.0211516948925379
2940,-0.08665129109751939,0.09044561770201755,0.15631620210766556,-0.2524803751301819
2941,-1.0124953325281991,-0.44171984144448734,1.1361431317801405,-0.5480237617993288
2942,-1.6789561998193399,-1.2561511420698457,1.1993305970808452,-0.8516256630090475
2943,-0.8138960154315451,0.41761503837031305,1.4661945727748256,-1.3316862200600985
2944,0.12473905980218954,0.049587745973716305,-0.17822378756434212,0.011702345368857963
2945,0.2896815734108315,-0.8438554586444634,-1.2953371212654694,0.7887904241707044
2946,0.39253226026869376,-1.0388491289828032,-1.6312529659623467,1.0348788588532387
2947,-1.490273819141638,-0.04600818720457903,1.6717449094165602,-2.2670407961243177
2948,1.2969760183814727,0.3280545707444335,-1.3109165599904353,1.531262739823343
2949,0.24052910218802043,-0.5343024108753658,-0.6477815976762703,1.0077475764914365
2950,-1.1068645130094854,-1.6113760841790035,-0.03657577989987857,-0.12879907141325425
2951,1.0278825820626742,0.11849035496003615,-1.2896529408615256,1.11304243544331
2952,0.8278170684187159,2.402330080457624,1.1244487178754596,-0.860206578528462
2953,0.6642390165915905,-1.0786604278541743,-1.7545391442015266,1.884876631472426
2954,1.4125879978237554,2.0746985002376865,0.03823613311273219,0.1053933926074361
2955,1.2692663838546576,0.5594692059810579,-1.195543768575179,1.0767104182779532
2956,-0.003051907054817378,-0.15499332066299834,-0.08422287665024773,0.21492309616756372
2957,2.284114811174208,2.2441366812049623,-0.8492649435154416,1.245911478304493
2958,-1.7980964129068673,-1.7388616254553413,0.8945404819148012,-0.6491701796118587
2959,-1.589561589738764,-1.2273935780515264,1.059678645213401,-0.8479045033964431
2960,-0.8628650413159622,0.6972750698940235,1.7976316121853597,-1.5975868854982975
2961,-0.9797164437206548,0.10412463450237391,1.2608804597364491,-1.5294008154067813
2962,1.5461750993444678,1.0293001222100258,-1.2310054647374682,0.8690760628853527
2963,-0.46573913463590355,-0.7708749055880131,-0.2739939464424368,-0.2861444364340385
2964,-0.9739041807664554,0.2613468069070388,1.3349506533585134,-1.7577525592085113
2965,0.36688658702787236,0.9948829826010787,0.285530708128224,-0.5880454962273697
2966,2.053640272832071,1.3263788656637632,-1.5951406791365526,1.323118569671916
2967,-1.7738126755352728,-1.75390233753216,0.6110772158646846,-1.026136865510663
2968,0.5613357623853301,0.2596684838875825,-0.5263423135450687,0.4508192754619208
2969,-0.16963461409415526,0.3085417684580298,0.5196755349680469,-0.43493582691354077
2970,-0.8278600217888539,-0.8310385907440566,0.3994952488931187,-0.2471274506773341
2971,-1.1703757450948187,0.8061343438182651,2.3238514408665183,-2.0314893410854067
2972,-0.4704247165566583,-1.2583917357983276,-0.5891401731531242,0.31881986825988534
2973,-0.700879372175323,-1.1037269211248515,0.15004103493007817,0.4254610573110746
2974,0.6527069409116687,-0.15788874122408217,-1.1255011626340965,0.7290911610176153
2975,0.14177985301899854,1.786603086267655,1.2208047834629343,-1.6552970415039074
2976,1.2129770931533277,0.7906226081890579,-0.9073840798102005,0.8254666707183678
2977,-1.162901839750119,-2.288293312676278,-0.3588933466913049,0.7374807180231319
2978,1.0578814996046226,-0.37867522989861585,-1.6487276338670809,1.7878080706737007
2979,-1.4344625398860094,-0.698755480669372,1.2319898304915191,-1.2664923865035762
2980,-0.2736161973225649,0.15441869676840192,0.32906305778194694,-0.7706364155725164
2981,-0.3260341592866586,-0.2458933491891778,0.31447313313701175,-0.016707478526813053
2982,0.8838753313845079,0.19544328520382293,-0.7329393770586078,1.3945344857961173
2983,0.498603942891542,0.1705752010960564,-0.29747401918472943,0.8455779350678768
2984,-0.04059540146450446,1.0537336249226645,0.931392967859768,-1.047445161592527
2985,1.1985212881344076,0.9929155041124162,-0.8259463683523245,0.42877572054701074
2986,-0.3646766372715973,-0.6252737306835252,0.0023260426135724337,0.21092151706696793
2987,0.9350604318990643,0.31164191169136035,-0.9583275056882699,0.8991568099110502
2988,-1.346556880427487,-1.9408192841778027,-0.012102315573219658,-0.14664909191717154
2989,0.24052992503048848,-0.9164410385188003,-1.2109268984138144,0.9373509929217544
2990,0.5583223302443143,1.3515052902355595,0.4896069693621203,-0.4051380913632597
2991,-0.31314277166685606,0.23055820340536737,0.6187034725744803,-0.5848642364708074
2992,-0.8242282501825986,-0.23418453750978854,0.8660079513083212,-0.8529363714555948
2993,0.5820338998720119,0.12748150361496716,-0.7717114580327488,0.41124202778614405
2994,0.734503327823858,-0.4370904488276954,-1.2900336697514383,1.4057106914310695
2995,-2.72287885429345,-2.410017853373606,1.5111567832271589,-1.2459617306434883
2996,-0.5232621911147829,-0.4279474480656632,0.21087858772560325,-0.46475837089350697
2997,-0.003107084885132235,-0.14764988739164125,0.11949504490106803,0.5564056308996321
2998,0.48621386787455806,1.0647037366362582,0.28159303867056945,-0.33707498259852414
2999,0.28165704333873165,-1.1193354331360554,-1.3525909282308797,1.3245860795709807
3000,-1.4864464250244462,-1.679376654596351,0.4769856336374006,-0.4154330119135615
3001,-0.7924781448241088,-1.3400282855160321,-0.3106832920546116,-0.14400669129117138
3002,-0.7361147632613404,-1.1807600048991909,-0.19470761550653765,-0.12264997757184896
3003,-1.632658626345766,-1.5946842517042918,0.7028433233722928,-0.7442498107731812
3004,-0.4983978977908844,-0.24158144239881207,0.25854322793618256,-0.7419922396081015
3005,-0.8733994590122842,-2.386003553336441,-1.0128235582016676,0.8547513033446605
3006,-1.9501711933537236,-0.4163326488544456,2.1376806433848103,-2.1944794642128187
3007,-1.4837590017621622,-1.2951919938380758,0.5283194446493706,-1.243358537629114
3008,2.188456763142283,2.0460939474375555,-1.0640823056657802,1.0033620244790582
3009,-0.9185004539473545,-1.659730603747598,-0.26104145801067097,0.265380465189457
3010,-0.46595458435748044,0.1901004118180474,0.7118008625390826,-0.8691696979684131
3011,1.4538525856185875,-0.27429820129426397,-2.1404814192643413,2.0836304725973
3012,-0.6344080013516995,1.028706655454535,1.749990241673497,-1.6655811897542439
3013,-0.5204739171737691,-1.4790666590082369,-0.5368515630557202,0.7652491730009061
3014,0.09944819513381235,0.015716658866298684,-0.18915463538662078,-0.01617169708545104
3015,1.2240240087349943,1.1049868348486735,-0.6200341294437155,0.6124994234338269
3016,0.6478479519321833,0.07563822523537911,-0.68203433278421,0.929982593549251
3017,0.9493999591945842,-0.42330993630903535,-1.6395159939117072,1.5240716353661077
3018,0.2247969710501041,0.32238377473285684,0.041218943254247596,0.09755488725723908
3019,-0.9856317442975162,-0.7913807620563208,0.5641254829187133,-0.6164995104102587
3020,1.0224612101850257,-0.07746536330949179,-1.3909489469273915,1.3883283985179724
3021,0.09166878150527918,-0.7156793236637591,-0.5630550938400819,1.0632278247314482
3022,0.36661353778872763,-0.5212279302641831,-0.7137485771997294,1.3105219863526718
3023,0.18666660553548112,-0.20139392434312822,-0.4544868413152979,0.3519923717140803
3024,-0.20306824125185413,-0.3233476090674571,0.2494645519092274,0.4953058045606486
3025,-0.7262259277889823,-1.3781927974339414,-0.3306113050427093,0.14987902375218076
3026,0.5882602706755192,0.003232065104348867,-0.8411081030256502,0.6112222822004705
3027,-0.6494087222239552,0.5523928048303361,1.3624529113836372,-1.2522764948129554
3028,-1.0474529070442884,1.1298372120377536,2.3610803906845113,-2.3083550668433537
3029,0.962228752432363,0.3791433473077467,-0.8345876914825382,1.0515285506917131
3030,0.39365696557652613,0.34087356631278354,-0.21288957965161098,0.2082291878802553
3031,0.9274644692435183,0.9602389282848074,-0.17112453403260838,0.6940045267573449
3032,0.9499535895675055,0.7336251573032483,-0.6293046826141363,0.513480508049359
3033,0.37265689060126883,1.1537221162786688,0.3808850357563171,-0.7829017496150491
3034,-0.06660778323897049,0.11732389033100715,0.17415069450289736,-0.2142922722405395
3035,0.8785496105102836,0.7009556214904787,-0.6139682505351776,0.36419529614271035
3036,-0.16964339665825148,-1.8410627928759367,-1.2751728884037832,1.5913268040423694
3037,2.10380935353757,1.9842630254323201,-0.9008121452356295,1.1381791499276621
3038,0.7811771332554285,1.6387152913736838,0.2659790180335169,-0.6968243693728335
3039,-0.46068437775360577,1.3533707311380994,1.8394387622839408,-1.67102789431518
3040,-0.4840219304635556,-0.579922032019024,-0.015871843975608188,-0.3573972535847523
3041,-2.3253523540842673,-2.3349125686176793,0.8900345659282711,-1.1021100247231408
3042,-1.465939809069043,0.3002149630109658,2.1785857141130855,-2.1222230896033483
3043,0.061781917968578105,0.9645194664414943,0.731889444053246,-0.8179154653253837
3044,-1.4964369522237553,-2.3957388114052565,-0.044487455429224165,0.3593810757238799
3045,-0.6625887944525456,0.15047599272204232,0.9230270008405457,-1.103736242281194
3046,1.590094511634849,1.3894169805424377,-0.8281658218165643,0.8668570399075354
3047,0.3365332878396128,-0.21237945772901268,-0.7114575832346662,0.4609222328611908
3048,-1.1820616816288922,-1.3383852387118742,0.48780069064172715,-0.13194945968432042
3049,-0.7145669376982073,-1.4954909519652473,-0.3603547808795783,0.42244798470883904
3050,0.4449044077733549,0.6033878240611962,0.07060575060427408,0.257433429756193
3051,-0.3829624100861161,0.28955156142514643,0.7333704310258757,-0.774672829603236
3052,-0.5639699598617718,-0.5196493549177865,0.3771269003137894,-0.09544369652407907
3053,-0.9823078622976,-1.5076660024969775,0.11003502981634007,0.32461031333340884
3054,0.5051639870620048,0.5215681407602454,-0.05344153407556101,0.4516587356528842
3055,-0.5677443218402336,-0.5584659965268621,0.29823481309832034,-0.1543542245372674
3056,1.2524549406437275,-0.4513498181316213,-1.8612309852759863,2.284042577309912
3057,1.4547663599937022,1.613615947582781,-0.43790628309880136,0.5299888686443859
3058,2.0544921610763582,0.8713632655128697,-1.9810192983610755,1.7445702887864272
3059,0.8217780514402551,0.5476900737954515,-0.7241558767891135,0.3370899511870912
3060,-1.4983579189160134,-1.44967849536734,0.4421378869267061,-1.0743954689257784
3061,-1.0411888198148227,0.5530875508680452,1.947284006326827,-1.6227290254433906
3062,-1.7261779502245505,-2.1100129644692918,0.22327129682095015,-0.6797708948316614
3063,-2.3176726090657973,-0.9526554471064622,2.1579792820539825,-2.176832194785176
3064,-0.8344061477265607,-0.3944366493047332,0.8565040768702108,-0.5189574533228143
3065,0.6042733133240846,1.4485052436376973,0.4031137426634659,-0.6277953892038405
3066,0.49879713131633424,-0.04803433448644707,-0.6954004675374461,0.6723164282434144
3067,-1.567608045766255,-0.5287348775244535,1.488585460429344,-1.7004988014406854
3068,-0.20519326089803397,0.7836909973251153,0.9486773744459955,-0.9530181288614137
3069,-0.3891541418612342,0.12485189531847919,0.6683935606925561,-0.5135704744571887
3070,-0.1313397060085572,0.9370922538632329,1.102642067045275,-0.7879374774827417
3071,0.4760968655038947,-0.4149657601249663,-1.0093499397593129,0.9236841456523234
3072,-0.44606120657161186,-0.6198317346591253,0.12179090880115269,0.11760149780219971
3073,-0.310238427738714,-1.668370789832385,-0.9222348679424848,1.2942122964954783
3074,-0.8384748071797143,-1.2017067760774194,0.08042921075129515,0.047445314228147684
3075,-0.028327253124112564,0.6550216174015613,0.7191433920317717,-0.41486344128535657
3076,0.9222739655193165,1.2648455989055276,-0.16383631321315548,-0.04755192050572176
3077,-1.3192683432283334,-1.204206681164833,0.6401950561030382,-0.6777305784590072
3078,1.1023740362026948,0.760534920951535,-0.5019964872784343,1.217977633794586
3079,-1.6696375793306686,-1.0528380039111105,1.308483003005827,-1.1168918593041008
3080,-1.2137231244374564,-1.2728708033138902,0.440485131542045,-0.486884119168014
3081,-1.2365708061810088,-1.7518986001440506,0.03621529884574898,-0.12459674129803217
3082,0.3803549575375399,-0.11000446347021214,-0.573597757919759,0.6134942375072476
3083,-1.1421759062029178,-0.8971697820045198,0.6053401801350087,-0.847859402448245
3084,-1.0272513880514549,-1.4866720650872967,-0.1074859303995968,-0.2705494172649705
3085,1.6371929234898528,1.27050025538573,-1.1765485280039165,0.7078545103338467
3086,1.6323691850445978,0.7083629432776501,-1.3292672311208582,1.7791618446192694
3087,1.470981946545785,1.1666201071155555,-0.8227201933033684,0.9888695197416859
3088,-0.9819251191857395,-0.9826307384046125,0.3064949651486331,-0.5957707197753496
3089,-0.2587266411726906,-1.1541781868106331,-0.5901743527641851,0.8220484922722097
3090,1.075959624809328,0.3639593323038454,-0.9930258051742099,1.215258696919183
3091,0.5906481440613701,-0.18912827321197162,-0.7463080850704374,1.2517127266695558
3092,-0.3966380772659735,0.16440638409546715,0.7571707117896551,-0.4792499669484258
3093,-0.9484271815316896,0.6171998805853275,1.6245193508585067,-2.015446006949171
3094,1.5162727127892637,1.073870893004915,-1.2780484170684676,0.5715060063256326
3095,1.7621837207598046,0.3899841770140276,-1.865022804814509,2.0671368941535953
3096,1.2913824562776157,1.0549738774699775,-0.722177241921449,0.7939107043739992
3097,-1.2341216800411932,0.2652923229122422,2.058719436263071,-1.420601082446175
3098,-1.3314020741913835,-1.415251236170957,0.6191352924895037,-0.24842891261926234
3099,-0.06942303042499214,-0.5376233796699093,-0.4542106565567757,0.24922572245168642
3100,0.14460401063884337,1.0922973335110366,0.7946800263567646,-0.7197312663220428
3101,-0.0886691518851672,0.3882667498062446,0.4563000262379898,-0.4498993213658437
3102,1.1247200822713983,1.378016244648259,-0.10351383982241508,0.5092148697956106
3103,-0.7447105101088013,0.3317115449494304,1.1820789900478956,-1.3780942504023825
3104,0.6550467468116381,0.5123020348797654,-0.7533623143480999,-0.225005033663644
3105,-0.8634238890517482,-0.6492241882553671,0.4561378520451739,-0.7135532380938199
3106,1.3782495550010154,0.5065806877559508,-1.2165685085782272,1.5569918137367664
3107,0.06190000782930373,-0.49545473871576723,-0.5622249173002184,0.4262589987615056
3108,-0.6227851424009209,-0.07429817018932,0.7003331643020227,-0.8113369595624643
3109,0.4576511496111269,1.0569367618591141,0.14753578982774218,-0.6569393476557287
3110,0.38168464256982504,-1.1333645656070666,-1.427276087874378,1.5843033418459118
3111,-0.009622117803597733,1.1634036826728253,1.220440197088458,-0.6916884178685847
3112,2.697369147530996,2.568683690880937,-1.0780856323584704,1.5355339906377545
3113,-0.17087989117445274,0.7823453969628557,1.0324343190830707,-0.6793265042458836
3114,-1.1370012582656026,-1.1240120169110346,0.47294277163265563,-0.514950878564952
3115,-0.16064161173541094,0.33106239833883017,0.6276581823150467,-0.26667697883572866
3116,0.38532367394479794,1.0875049678636717,0.22580480462820565,-0.8512616619298446
3117,1.2969466189935703,1.3719511718047401,-0.37971234745440263,0.6522697492920567
3118,0.31225956155011403,1.8963123934029353,1.2379498047110646,-1.280624709200644
3119,-1.2651806280912148,-1.0481802419650939,0.4351568670400366,-1.2230429527030322
3120,-1.8569600331316196,-2.371530602166477,0.17793768877323332,-0.5955258253495002
3121,-0.9657604258717707,-1.296465389913655,-0.05625146976474081,-0.4198249440100216
3122,1.317059766946142,1.4672197464610683,-0.5684930078427409,0.1609602897843835
3123,0.14766750707025,0.47639538740945714,0.12512594716810285,-0.40219786396999246
3124,0.11844856354792828,-0.05160922385954024,-0.2410496891534354,0.12283885857796076
3125,1.2948170650308282,0.20497479223606704,-1.4472838765374811,1.5802837811508308
3126,-0.6204590305628599,-0.10840910410213986,0.7543132514279103,-0.6253799666416953
3127,0.05302506516576866,0.21408799871964268,0.17294031865720086,-0.022506522447723887
3128,-0.1795537283449054,-0.436155839683753,-0.30083453483239,-0.11900596558415236
3129,0.044068829650455825,-0.06792934924776385,-0.27390812411500737,-0.16161127315698684
3130,-0.03224236604134091,-0.4038567151545431,-0.18351127143954238,0.5365905534194169
3131,0.17379889980804536,-0.22475956265360167,-0.7518288192530378,-0.1621639433521055
3132,-0.7588939112876425,-0.6730106853708102,0.3742530160324426,-0.42687112991990517
3133,1.4135183475974005,1.3008614434695491,-0.6697278179521293,0.7290689245931102
3134,1.9417822036320935,0.81760147111021,-1.7066115551198127,1.9556524016201762
3135,0.7683809990762073,1.2715698098514143,-0.001461383889179156,-0.3274766827337923
3136,-0.4251324600646995,0.6728501474661194,1.1607475065455168,-1.0973673024590727
3137,-0.9546724323044552,-0.3085245984028535,1.0690791840195575,-0.7813999483091341
3138,0.7267446218885198,0.7504761968154596,-0.27782558455354855,0.29492750923428923
3139,0.4822015720461349,-0.3498043194314093,-0.8381070153621939,1.0902172778478982
3140,0.8939496677529135,0.1341016526489105,-0.9484410474151188,1.1985268878637854
3141,0.5738616350835886,0.226055968005665,-0.6586316919782284,0.34340031893079165
3142,1.1183143588966147,0.2992904907754576,-1.0612717904797015,1.4024930152364523
3143,-1.0695802437931954,-0.7583907246359487,0.7852979652290649,-0.6060922090619989
3144,-0.17089904414530036,-1.7806694180174918,-1.2873791642163017,1.419405889944758
3145,2.1298099453213424,1.6842667326124297,-1.162293118607055,1.4945203390165311
3146,0.06614282221281374,-0.5234718897223813,-0.4643609292591799,0.6817713798361116
3147,-0.7686043932428411,0.2617948578025317,1.2723191638526579,-1.1354001725728662
3148,-0.11904425415590897,0.47320809702081196,0.6265749965989784,-0.46327090860666914
3149,0.18396191044126642,0.1651903598280402,0.0022938160013668673,0.2626390732399008
3150,1.4195490381638327,-1.3002238319897004,-2.9822037534840025,2.9543443840032366
3151,-1.2858353291727662,-1.4803992738203702,0.6397067009914604,0.10814653809006994
3152,-0.7053503187454043,-0.8365700082985139,0.2766587035567143,-0.012519952089278585
3153,0.5309313942096384,1.2924267853107796,0.44675348309838603,-0.43594560200987387
3154,-0.5949494034602404,-0.6848596923709026,0.11983306838203703,-0.26102745028071084
3155,-0.11588239502388188,-0.49212393232224366,-0.2939465001331507,0.2559741609985329
3156,-1.4256314170415902,-0.5586167463169278,1.3214104220556628,-1.4156995243917538
3157,-1.4462057086598221,-2.1277304780677846,0.14047114361307025,0.21783157490868274
3158,-1.474529475667617,-2.337100722765145,-0.2461931920520198,-0.05982668688150517
3159,-0.4893308011505573,0.36962192263663807,1.002114790886669,-0.8742194814363691
3160,-0.7830769304547118,-0.01653226267051066,1.0618861789285905,-0.8860320004633306
3161,-0.19350244306447392,0.3223175319470836,0.558022780033094,-0.4858850001983557
3162,-1.0581853095100362,-0.7551748797821941,0.7329998893196745,-0.6653942310806235
3163,0.2670976682049779,-0.2887743825114022,-0.7570459511349108,0.3168144825096568
3164,1.6012173889757995,1.3144057870508903,-0.9406852101650649,0.889312340128104
3165,-0.7472782649051427,-0.3963147404775018,0.5717907604591578,-0.7052631230494171
3166,0.11731540474274764,0.25575267323995776,0.016899568507796277,-0.1686271547317098
3167,-2.194354156812234,-0.47640486405085697,2.4894338899285007,-2.301700904257252
3168,0.30308241325048024,-1.225145540194317,-1.4501739147431736,1.4846275890834157
3169,0.752249772716057,0.5999883560074685,-0.4234964948119998,0.4926434331227157
3170,-1.847192959570223,-1.231787213213867,1.2057353956306929,-1.500620540110626
3171,1.057017098094312,-0.015134592145978985,-1.261841055225933,1.5890722886943958
3172,-0.13659014526306681,-0.5469891583359919,-0.21837079857425823,0.44782510731719943
3173,0.24289775564951566,1.2078958936927764,0.8189042618514112,-0.6048569667886201
3174,-0.5471214842463361,-0.9401533007679088,-0.25643577871758105,-0.13716656703863223
3175,1.1628706607489987,-0.02834167589752057,-1.5678966438271498,1.4594239230260244
3176,-1.4055788281413035,-1.1969540562027945,0.770086734466539,-0.774638469656512
3177,1.4185109480495266,2.5903653908865993,0.4495268102920274,-0.3935236354585669
3178,-1.5349133999007891,-0.09807058902502888,2.0022154451491705,-1.7178044050300774
3179,0.480918157610658,2.034866172604441,1.3160833973160893,-0.8745420033496426
3180,0.9808734884764,0.6181386263547861,-0.5606283310938707,1.024172030931463
3181,0.9953704660763127,0.7820902068760033,-0.5722855378526367,0.6593619830310572
3182,-1.1477044832835477,-0.5902133237486887,0.9770958316930717,-0.9532706116285729
3183,1.5509539921622448,-0.3431331543222176,-2.3481950614663445,2.230582603710643
3184,-1.0542077340787188,-0.18970045446581552,1.4025569232306883,-0.8359296264457193
3185,-1.5527030288762023,-1.7837443595056046,0.5676119601274422,-0.24027626165997606
3186,-1.1858995707494104,-0.7750070358623503,0.7680882828379687,-1.012149414636088
3187,-0.08207962909548812,-0.37224417560761014,-0.08178741103421737,0.46152804167763606
3188,1.0267070306524166,-0.2326136502828099,-1.4135475706886005,1.7384385287452495
3189,-1.1174377584794757,0.12128005945106321,1.4764952768510293,-1.6827810059262576
3190,-1.1287459895431464,-0.70173449838197,0.7771037815829712,-0.9689318402174141
3191,-0.3305108323143653,-0.6800237903660379,-0.013253066565766847,0.4378396430844366
3192,0.3661966247835606,0.1850328685271646,-0.5080362235843736,-0.034192691162018035
3193,0.017224526105448924,0.8482992668093012,0.5992592605638845,-0.9304441562239881
3194,2.746331279416798,1.9166412237317105,-1.885078839713279,1.861975530607083
3195,0.3039532455875653,0.4768531121499321,0.11965020746594042,0.14574853108083913
3196,-0.4052094401136781,-0.6184139589817975,-0.047299597501876005,-0.0381073203603422
3197,-0.5187389616405177,-0.2734929661188817,0.3655999416147782,-0.5487392670082134
3198,0.3804997101830458,-0.45174971432508376,-0.9654389226662041,0.7482632897969683
3199,-0.15652249960372192,0.023583889163490458,0.28004082118356083,-0.12245620335673545
3200,0.6335952709698438,0.5961960278504678,-0.27911501891058854,0.33235393981972117
3201,0.687236759179412,0.9816405713878947,0.10608147629362988,0.27257708574917644
3202,1.2066961570599697,-0.15275152936639277,-1.5102945303007502,2.018270708858593
3203,0.21053144877844326,0.7392514535763494,0.35853561105796367,-0.4006572427332688
3204,0.4767115667385809,-1.279761984617666,-1.7408929404215623,1.7243670647862814
3205,1.7020406651667737,1.0734192836659684,-1.2722986953584927,1.2468515525205375
3206,-0.16635435548438665,0.1717277113441811,0.4246042617461803,-0.2604323859728424
3207,-1.3851588061364202,-0.7320486577488194,1.1259157649550346,-1.1969522757370485
3208,-0.08360725237337709,0.8021931051227202,0.8116894394090419,-0.8047396058146189
3209,0.8286330129761953,0.06849700872703086,-1.2416580283936032,0.6061859041341388
3210,-0.3437492390319144,-1.2431559404478425,-0.47021613121263356,0.9446895046419682
3211,1.6601100995104496,-0.3687997543820342,-2.2617318005715017,2.835361578775028
3212,-1.1108532759970253,-0.30423814665394294,1.317735990990233,-0.9113874993003115
3213,-2.261657913851386,-0.7495813579180451,2.3560206300379085,-2.117758146474629
3214,1.3695051563791696,1.0287570678606843,-0.9962069268231888,0.6530578351499269
3215,-0.027902733402183535,-0.9633136991478051,-0.813861066535278,0.7914961269213727
3216,-0.6286831193311763,0.14052662934100027,1.0817272101331372,-0.6784949399945925
3217,2.0538246612726985,0.8147447932366744,-1.9118229398339561,2.0010444347228415
3218,0.10480264403623635,0.4578600419981727,0.27160912423617517,-0.25221987898916715
3219,-0.7552164236740058,-0.3778766722936682,0.6790936823971625,-0.5888689508887056
3220,0.5771921552565792,0.7532107321458399,0.0707789935666952,0.3687230141435606
3221,0.033266717978642564,-0.8014991773092343,-0.5909388175915159,1.0125692207372707
3222,0.041972266849683706,-0.20178765342515811,-0.20835699227393184,0.2699163484431283
3223,-1.5404343658150434,-0.5611658173711218,1.5594806552110967,-1.3999281942780715
3224,-0.2245535534553052,-0.6549809778231929,-0.364413068107982,0.13658133520254842
3225,1.5036080742874338,1.8131525287412333,-0.49412172968141305,0.12338004762923849
3226,0.4398596001167024,0.021368081802835483,-0.5103855017760957,0.6203799155486766
3227,0.5760091437455774,0.6549153311550867,0.008129444710125762,0.49142012019060965
3228,-1.1926764746321727,-0.5069208245951666,1.1208456803759452,-1.061640368755843
3229,0.18140504198113186,0.6690410991153266,0.05529611749489986,-0.8701765333735195
3230,-1.0127661635236431,-0.8371276092901744,0.6497725914603183,-0.4518824571669327
3231,0.8675602603417613,0.0012355539526115076,-1.1364548065610731,1.0934470291237766
3232,-0.8429503245931567,-0.7784131497076102,0.4897880152089413,-0.2689016545580776
3233,2.2535331869938453,2.7111593433796837,-0.46551905751317585,0.6854084545886537
3234,1.0144810609536856,1.9598223089718736,0.3797842978092889,-0.4377090206999839
3235,1.3349627129915091,0.629424337289685,-1.2428360778565322,1.0591378461707244
3236,0.18475432289435262,0.6248238757182577,0.4165743016920973,-0.1139806879202165
3237,1.1662583133045856,1.1890831831847635,-0.22207856230576933,0.9049465366938614
3238,1.1888723218877513,0.9193053998813477,-0.836152623132085,0.5540993408640457
3239,0.526948662191283,1.9496856809684886,1.2553507789183045,-0.6113598231328857
3240,0.6119216127244356,-0.7328683015358958,-1.4715627664140005,1.3617465430042246
3241,2.022331943927844,1.8281617636518,-1.116829524908847,0.8428865760215765
3242,-1.5753450606673425,-0.6638495064961415,1.4722275105813631,-1.430612860654845
3243,-0.46328309424465075,-0.4883009080943188,0.26728540514562815,-0.0050176822686806444
3244,2.0653104345316993,2.366294292987944,-0.714287421876366,0.40673422770953804
3245,-0.6966321044631212,-0.8461745884412755,0.16218911119271606,-0.1601092720110831
3246,0.8750070452748809,1.6957986356974526,0.38914732724428214,-0.2819816338343812
3247,-1.6443021334313497,-1.323561676165471,0.7717403063615502,-1.319289122016866
3248,1.3808037497014498,1.599473216900427,-0.3617466535614338,0.4341107220916391
3249,0.3036834209152349,0.9150927862495685,0.39138233969651454,-0.43448442553005157
3250,-0.23669064051186275,0.549283662919652,0.7560281542867006,-0.8392369285796771
3251,-0.027765510655969994,0.775428560189491,0.6327763269057314,-0.8561081797036807
3252,1.0666434882229119,0.14616378447660747,-1.236834825478751,1.2779450562152894
3253,-1.1362633715635098,-0.05624969193235427,1.3070103751776172,-1.6202332297044149
3254,-0.44179030972858996,-0.23855890681259365,0.3599170397158019,-0.3680709800228617
3255,0.8328620665262942,0.9614992224775396,-0.3959068107869937,-0.043822213746313135
3256,-1.152799522050321,-0.2478008141938072,1.379669945285185,-1.0884124204063204
3257,-0.39275661953040925,-1.0540816331767078,-0.43108972347959007,0.38176175434893955
3258,-0.14077698914348705,0.32121728717949843,0.22229651461923156,-0.8870587612149049
3259,0.8206297513044117,0.3184386335855393,-0.6674454434463498,0.9868576618087724
3260,-0.36195922028276073,-0.1944778212968891,0.13925219433946964,-0.5784882572512035
3261,0.06837627012170983,-0.39174564804645284,-0.48543408296869794,0.33435630348215317
3262,-0.4937155240856432,-0.8997959109061652,-0.21059937977832485,0.037131918931480254
3263,1.0378842751616573,0.08764683467838734,-1.2843758749162464,1.2326191158494775
3264,3.128250627423321,2.8351745069979755,-1.7660820873301757,1.218298537672319
3265,-0.6275186600428654,-0.6865094970030511,0.23640634628096566,-0.16780482157730603
3266,-0.44792434220241867,0.25637758703550617,0.8818627666172445,-0.6647824035770282
3267,-2.64085759506664,-1.6240663645868387,1.7959149900322866,-2.3490180382728263
3268,-0.730582984510395,-2.3114573090576847,-0.7876490160791972,1.582501688759858
3269,-0.14124286320689833,-0.7437852974360069,-0.49281912317262067,0.42239630778869053
3270,-0.4364136427562613,-1.0200770374329657,-0.5575145691980125,-0.0795085416320854
3271,-0.6879603833705422,-1.019534383367264,0.004851687042563466,0.012098256739131135
3272,1.6867243313592286,0.6123024159566943,-1.5692042825679307,1.7822173232376681
3273,0.5088417187555445,-0.23414209705605765,-0.9816944795321202,0.6527096840345138
3274,-0.2823396019031098,0.7599846999958965,1.2292439750929443,-0.676539118534588
3275,-0.9991187129780978,-1.8493962328003948,-0.47497731925716963,0.05791551800595813
3276,0.5942733779227715,-0.035281282356506384,-0.8738827034089539,0.6679338798152331
3277,0.4589340545017777,0.9745141656917006,0.151810006773946,-0.4456980376363231
3278,-1.1807782239754405,-1.4864908686480687,0.19520736583451914,-0.2857950076551001
3279,1.9622648707680228,2.3485936667045686,-0.44027278709665285,0.56455696440448
3280,-0.4215009468930273,0.19076534467850953,0.5873458643036191,-0.9314328238152504
3281,-1.3194220539217685,-3.5202356739186933,-1.497501596194898,1.145169172811371
3282,-0.33229806717162275,-1.3244242504781842,-0.7049035981666548,0.7678928024736434
3283,2.4395974496775525,2.921741766040285,-0.5142217107519577,0.7559334825853694
3284,-0.9429655444415229,-0.8588983522548466,0.4452505915008757,-0.5105943999331113
3285,0.008339697119106669,0.15691110286052054,0.1540581504321728,-0.07744200024678737
3286,-0.07211607860959274,-0.4548865343101539,-0.2644106683085405,0.37458950720943757
3287,0.20328599484373114,1.657782685656313,1.199542893473154,-1.1617280583855636
3288,-0.04110085403405143,-0.8507682644046347,-0.8258049580192645,0.45135720495021625
3289,-0.1907629676910233,1.0671496945612398,1.1831848234444513,-1.17245948679719
3290,0.41209618813089344,-0.5423270271361289,-1.164460824464419,0.728898227584882
3291,-0.3223795383480147,-1.0223061523396006,-0.6696268067399596,0.1357424182433607
3292,-0.12051693467955528,0.5556406761946145,0.7893581473135203,-0.3804751711182826
3293,-0.3558751767157708,-1.085926700049633,-0.35394989410891126,0.7266391434694154
3294,-0.09367650830080049,-0.8622490767074682,-0.818514630093743,0.30399945387997557
3295,0.26348907399293325,0.3396042492742826,-0.1684414583900729,-0.1756277204026696
3296,0.32415683710946236,-0.6693431790490865,-1.2622147110954929,0.548894201086631
3297,-2.342148023423529,-1.7064839407870251,1.57599777621744,-1.4700460052732207
3298,-0.04700674833344247,-1.190387499799884,-0.9992149687216039,0.9447379813178068
3299,-0.07803573273230935,-1.0207765236788542,-0.6809087539860663,0.9856582888696938
3300,1.3410358069714476,1.5014031556599619,-0.5145292724517987,0.2593024230740703
3301,-0.7511724714063641,-1.51870385655126,-0.18421150305797085,0.6584320916209295
3302,-0.0001752844902397974,-1.635687442793378,-1.4730206246138762,1.3519636317744073
3303,-0.2482891913172776,0.6882061853657535,0.9866143580987822,-0.8094821678482483
3304,-1.0145876120921447,0.38648467514393997,1.7634957598760865,-1.4494149305662762
3305,-0.2875482361291828,-1.0446472846477732,-0.4691750748010523,0.6678907332382104
3306,0.09337510694310734,-0.433935350751471,-0.6983418477360173,0.15001288572041452
3307,1.0099658374030278,1.1575455616682715,-0.35248121870126076,0.19232731478507706
3308,0.6423602126344566,-0.05770889684179301,-0.8383799406152965,0.9566591901071771
3309,-0.5438853673714078,-0.5352927682759049,0.27194543921469677,-0.17142328961577216
3310,0.16853679364676313,0.6279271969010867,0.21049630266873542,-0.5430380970961279
3311,-0.5695415273824423,-1.1391515407427322,-0.2580974115339106,0.26048511966320403
3312,0.12980314579543384,-0.5368295460204346,-0.5730975269846151,0.74977846539569
3313,0.929857883576687,0.1555362689043794,-1.0145121546338063,1.1585464668865366
3314,-1.8215711647606811,-2.9527149090444174,-0.004724169942133418,0.6127238560455117
3315,-0.348149051936723,0.7680972189686717,1.101797021540883,-1.156257123644878
3316,1.7747080891403282,1.6994021996256086,-0.8093534028248017,0.8111786683083222
3317,0.8901529274911358,0.6837715781896473,-0.7504368231457941,0.2064174956934809
3318,-0.6147905790833912,-0.2376098453107968,0.5830938268512561,-0.5950791434234024
3319,0.9135518518740507,0.46496692312469545,-0.7333330827744934,0.8488250107454066
3320,-0.02402268715649497,-0.12754265824845135,-0.13845739923430622,-0.022046790144988327
3321,-0.007082399384235526,-0.025265515590892552,0.296472417505511,0.5587832050782228
3322,-1.1073185923879718,-0.06560222059744085,1.273462971461334,-1.5533513302616666
3323,-0.551565300209296,-0.6029724743821232,0.3189588457672004,0.047565758537942086
3324,0.42825412440152166,0.7887628262484746,0.17513502183871754,-0.0654924267438095
3325,-0.38371120644810575,-0.6115543073579599,-0.0120877938521487,0.08430058094438342
3326,-0.3686955809597931,-0.12014047219430521,0.26352779827435946,-0.5628925802390029
3327,-1.1246779013017318,-1.9251260945247646,-0.11019040467347714,0.435588137551288
3328,-0.9979342480196445,0.18433281986253655,1.5863776572022477,-1.2140177216769208
3329,-1.3772988600930702,-3.508329793856228,-1.4032401205632947,1.075806548307703
3330,-0.8089032588441523,0.19183406566992225,1.1985134682808618,-1.2406728638825608
3331,0.6490576796023467,0.8137725105376649,0.01526223281831377,0.38138686005596034
3332,-0.41775205992129205,0.08666261301975708,0.49563788169471384,-0.8283431173525106
3333,1.696057867166345,-0.9402910504255728,-3.0808018438293,2.8993772248156566
3334,-0.5450636896618336,-1.1100868399223431,-0.26237169458846027,0.2702373755685991
3335,-1.0287281508555919,-2.1562708616546074,-0.6097834812114269,0.4555627411077058
3336,-1.111889062270455,-1.1653011554849193,0.3116153398299144,-0.6100613279296524
3337,0.5239987615453842,-0.21499750890181232,-0.7486166124122482,1.0718659975913352
3338,-0.8606161057150872,-0.25531105799701315,0.8941968368857334,-0.8822504878493481
3339,0.22885839721400392,1.1061546098968849,0.7902728038562885,-0.45977799137457204
3340,-0.27750791463719904,-0.8164436299839161,-0.3752753760003166,0.3181644701216398
3341,0.2083998498090267,-0.6652461155916801,-0.7745375445145467,0.9855812038207276
3342,0.3641156981414683,0.36509333914630226,0.03598297622129303,0.48319760715613214
3343,0.7923309783340261,-1.203837138164582,-2.0802602725781694,2.070526128015218
3344,0.23917053189996457,0.44919618836463243,0.2958959996166774,0.29191727396009837
3345,-0.08654820276547577,0.29390531387470215,0.3294334168910246,-0.4381925400762006
3346,0.5147216653611772,-0.23305465268076286,-0.8735109122448407,0.8619715341086801
3347,1.9638061398024358,1.2398548193343897,-1.3823039613084114,1.5864967452952325
3348,0.700725834949016,0.7753005229368358,-0.15357136251670514,0.36116373833073095
3349,1.6091488973637302,0.29679877827499246,-1.8636173181461424,1.7476397998377509
3350,-0.15251224547549044,0.7021025081435189,0.7255070312839808,-0.9613272536733792
3351,0.2923979672774852,2.051813806713969,1.4073375330939062,-1.4284333023312246
3352,1.822102379643969,2.100518730704165,-0.6211490961826671,0.3436550478910996
3353,-0.6799484743237993,-0.6503647178426881,0.44699907485754337,-0.07100694095523534
3354,0.17425837915531825,2.7344828708589435,2.07242567950479,-2.326530494074503
3355,0.8385188165362175,0.13971186904680294,-0.9612541916032353,0.9642053943595549
3356,-1.5068366556459372,-0.4972013926404898,1.4380451216875552,-1.6485903689590988
3357,-0.9455103255395839,1.1422606030883329,2.2196862332722205,-2.2233899298415873
3358,-0.2719591782847692,1.300822596398267,1.4939255582190036,-1.4789909089003328
3359,0.09594357165618803,-0.2345200490469161,-0.673348578688148,-0.27845071443485
3360,-0.656078421559095,-1.9064523013867598,-0.8418015903586106,0.7749115032113729
3361,-0.5332911058127494,1.618838351976015,2.3190055090645627,-1.7258010277028923
3362,-0.4746066196424684,-0.21455619748563112,0.41926225615962254,-0.4386696291001991
3363,0.3995707452600255,0.32835148137044057,-0.18867921428116546,0.30233542014850706
3364,-1.5329533556225377,-1.1391083654616707,0.8908793808588762,-1.1566226367370067
3365,0.8213833931321558,0.4813807879895712,-0.6388140640332848,0.6464356685671256
3366,-1.4781591036891248,-2.2614282864543767,0.023948150349455785,0.22100120064674694
3367,-1.1480916178100742,-2.0516630850922537,-0.13276424156856173,0.6177424741603306
3368,-0.3026241528871527,-0.46569772165411805,-0.12184305676832825,-0.17181477498032124
3369,-0.1983345719834836,-0.09464679365218864,0.13269117284303245,-0.24628335105504065
3370,-1.0841937131625194,-0.3944655441045757,1.071548065001872,-1.0324622669050192
3371,0.0037951182150841004,-0.5293917839676038,-0.3376924297870828,0.6966642292843712
3372,0.8754824462445185,0.7936549340052335,-0.3111884640416934,0.6634850765762835
3373,0.17824067096625074,-0.6613615335091445,-0.6925579756096525,1.0130162050770963
3374,-0.5590118437995921,-0.686964894476053,0.0492600981591429,-0.2519789302533014
3375,0.26328770973400434,0.11125350555112551,-0.22529878892587127,0.2749814955338112
3376,1.8407037430249515,0.8993511191394166,-1.6426975717941315,1.5095776583344571
3377,1.7943629022587413,0.5321090498645316,-1.7124180399691924,2.108075715408585
3378,-0.6362934654788495,-1.3839112774464997,-0.34328769004923343,0.4628322003490997
3379,-1.0299062020010212,-0.3384842952726337,0.8876724270072024,-1.298037115055568
3380,0.5936888516079085,1.4844895678273895,0.6165291684784373,-0.37603489368544984
3381,-0.4681590242246331,-0.4737693304654161,0.07363841928904657,-0.39920553583430723
3382,0.30306266723412484,-1.191584253109508,-1.4191652713323797,1.4581892952792925
3383,0.8663796210710255,0.017487653696065593,-1.0958918985786819,1.1215302641282432
3384,-0.5668311695102042,0.14927310896673301,0.903663347491798,-0.7926653387256967
3385,0.9172857431835062,1.237989855612461,-0.12916945595090196,0.06065550445071261
3386,0.2434193023771135,0.09149025941612299,-0.46255738564825094,-0.166899204556809
3387,0.8301683876547961,0.05110481638628845,-1.0934763113026758,0.915127632917515
3388,0.36635916758658776,0.5890317714877751,-0.021766293403842653,-0.1516528172699532
3389,-0.29859087298563464,0.03299288389791961,0.4656117539907836,-0.32566973542394173
3390,0.6288610352096111,-0.8352688385129565,-1.490081975395187,1.6370066054135717
3391,-0.3924466581906157,-0.31418385737854937,0.30578474155110613,-0.10448342778314519
3392,1.5511855263549752,0.47026220199439484,-1.4502500619561913,1.8506808271378237
3393,1.18162324060998,1.197484498289703,-0.5030222217095514,0.4439103075891128
3394,0.31444053072420786,-0.3629441267735688,-0.8307930143330086,0.5351275569876897
3395,-0.6633586846125754,-0.18016550492775013,0.653968784202822,-0.7824349825189555
3396,-0.2849059450938012,-0.11678406757259237,0.24239268982488113,-0.3087462188903608
3397,0.8754094523013707,1.8727363584740067,0.37799183162050815,-0.7276653733359978
3398,-0.9219420854016958,-0.7816929421927692,0.4976475204215352,-0.5295030937118717
3399,-1.0196451465318501,0.7521948093309214,1.9441952056665326,-2.032158273339586
3400,-0.2402365063228609,-0.4514849212054667,-0.013111334173583239,0.2087184156135409
3401,0.12107123791652474,-0.38020905168373187,-0.5747946518718167,0.3372091982223502
3402,1.4631722318344111,0.05228364658937981,-1.9180132167040782,1.7205024208814952
3403,-0.4862658130572265,0.009792684840930377,0.7401190286401292,-0.45623760474501
3404,0.4108934897873805,0.748906685931926,0.10768758897383651,-0.15027016576496036
3405,-0.36555960493533707,0.11112768183567423,0.6316629719305975,-0.4608706713093766
3406,1.9773883437133548,2.4754461817863125,-0.2882178826411763,0.5804468956385758
3407,-0.0924952768607246,1.2655406189701799,1.2617177061170626,-1.161868742095677
3408,-0.38266080229862304,-0.3083740267446849,0.21914700391629374,-0.23638982193339167
3409,0.9609345837089207,1.8205997243193714,0.3076320441517584,-0.42010348996729313
3410,0.7368913513004871,0.6305831039417411,-0.5832546552241324,0.08196644850552703
3411,-0.9764558395514549,-0.7023404372716513,0.6204622553819238,-0.6994018987407727
3412,0.6339013742631984,0.022718309365237853,-0.8882627961929402,0.644117341292473
3413,-0.35117613522163393,-0.8660632315363532,-0.11112608667647153,0.6407130120896062
3414,1.043596930358201,1.2170246223895034,-0.2700540935679413,0.3142953384898423
3415,0.08044686315370164,0.58182034628036,0.2723077483871336,-0.6375173468554676
3416,0.9126775239583935,0.3292466726115403,-0.9945353825935228,0.7127284438980103
3417,1.2624245854481915,0.5609453330504017,-0.9419320436167761,1.4961328951607515
3418,0.102695743428533,-0.256387683257399,-0.19101783429912825,0.6494920286062494
3419,-0.17791050921181414,0.17443887003305106,0.32370381192018816,-0.4863132881357276
3420,-0.07700832535343662,-0.7708368725424904,-0.3062065255852948,1.0466224790784995
3421,-0.6622661309683985,-0.6067900573865966,0.14052435982497077,-0.6537735498041495
3422,-1.2518429940928921,0.04312111970820086,1.7223946476073368,-1.5406179064366878
3423,-0.7782508708321424,-1.0096124090052292,0.15013558776614994,-0.07832995497740339
3424,0.8485613394407633,2.259438733417003,0.7879443338617078,-1.034549635705121
3425,0.8576233633365401,0.943290343262168,-0.22569581366272484,0.3889900555256591
3426,0.28102971994627124,-1.2607522376877085,-1.5579407351789738,1.3016747605372287
3427,0.3575224401679011,0.37529243584561234,-0.010351944792204412,0.35323958356051127
3428,-1.6941685918963352,-0.6903277933393359,1.6328305733318185,-1.5080828927933223
3429,0.39265818071222425,0.47330086127175786,-0.06821131521910546,0.14000080661773814
3430,-0.7430478051804219,-0.6117180313281245,0.4617388241683967,-0.36393969905526025
3431,-1.594350006161413,-2.3543869453278496,0.024260406424046664,0.030742628166122866
3432,-0.479256399731607,-1.0161409529101837,-0.2918211007233251,0.22658561514421005
3433,-0.7156728275877315,-0.6929122402838486,0.2746055677358764,-0.4000886954782615
3434,-0.4945755430877506,-0.4884484541139469,0.12720040908757546,-0.3636822175549982
3435,-0.6876928416481204,-0.48809106874057395,0.5864860478356061,-0.2446110927533333
3436,-0.3487601872773613,1.0949155886583053,1.360394622743868,-1.491715402516733
3437,2.1184690755542004,-0.6557935296410116,-3.253141074787989,3.418135747886216
3438,0.6537688919130291,1.0865641266827462,0.13385145320567918,-0.05154517018353282
3439,0.34144954400785404,-1.1927520710418613,-1.5045017850132836,1.44768208193976
3440,-0.09947222465338552,-0.1700808921443317,-0.1287358497468254,-0.17186052619293257
3441,1.0629259185122408,0.15641388804099582,-1.1582823083926694,1.3784833827328862
3442,1.1039990005993585,-0.10662123552114096,-1.3787972148222571,1.7716946792904276
3443,-1.1654383666973005,-2.411105789689368,-0.6877125130467712,0.4449631380604247
3444,-0.35229286011703004,-0.3891607599342169,0.035656520716561904,-0.2563965400688399
3445,-0.11767485668686758,0.2751586094212459,0.47189159900399275,-0.25284178894466663
3446,0.24489030407217047,0.7018245930343924,0.43304079996740985,-0.05596193574756269
3447,-1.2027331196614681,-1.017158844812508,0.7309068911974165,-0.5529448406935966
3448,-1.192100224499878,-1.6563492163157925,-0.08640861833768593,-0.41278753822194586
3449,0.45262703505825475,-0.9037922074287298,-1.2992576740714314,1.5091878667603162
3450,1.5166708979618544,1.6093357992965591,-0.31833141845058405,0.9726001995742918
3451,0.8716883535292236,0.03258532879585176,-1.1620142026440083,0.9873764972117328
3452,1.031472122830079,0.021997780537430626,-1.3358677418912066,1.2774417596416359
3453,-0.04347115879072836,0.48470271327091546,0.5831931208926026,-0.2974082707473735
3454,-0.2952082325649456,0.33939396799362376,0.9623890985187855,-0.17730621585336453
3455,-0.23871629246697762,0.34032505372327837,0.6805926302441582,-0.4747738308139586
3456,0.3457732693518716,0.471128989264404,-0.09325902594713119,-0.0665550969631979
3457,3.2339503929470794,2.276370523020027,-2.3529736486646895,1.9106570078481522
3458,-0.6430752325094355,-0.8239169159515083,0.14006757223146477,-0.061444804932480356
3459,0.750210652608607,0.08418161986684686,-0.82044341194378,1.0310894848138863
3460,1.452074419633971,1.082439188566394,-0.8488780453276747,1.0784874945277554
3461,0.15995282128994,0.40566169222311504,0.2043016871423482,-0.047712504721832485
3462,-0.33650652641554696,0.2016335907173554,0.7639480160826368,-0.342258076697287
3463,0.9359947647169851,0.7437696985041988,-0.7532868607153859,0.2203296330814286
3464,-0.2877094558866757,-0.43596636461000415,0.01690609303429451,0.05447571020651322
3465,-1.3688953595505011,-1.2494592897971233,0.7117456463132411,-0.6195878078896284
3466,0.08613645780260841,1.2310375860866176,0.8590763479031535,-1.1502993851353045
3467,-0.0950807807468133,0.6126772970855765,0.6329374490668291,-0.7033028866953128
3468,0.03229793056800986,-1.3511714135287498,-1.0741473264256745,1.4844613968872546
3469,-1.0537400023285097,-0.2851115746376852,1.211006372054316,-0.9417192659354049
3470,-2.1873578140590695,-1.2016689035241266,1.5677189763291839,-2.1508021436033586
3471,0.007467311967933124,-0.17667479368424055,-0.26144297466487276,-0.007763479729577014
3472,0.564178092483338,0.5159760015321496,-0.4879742103312587,-0.09050637487112567
3473,1.1401069673055306,0.08386944441758092,-1.2681355916619528,1.6358377462180946
3474,1.2829909107814919,0.5382348754852248,-1.3157916530761924,0.9649185619986554
3475,2.1927956149366756,1.079184519680834,-1.9507262749653744,1.790395518414588
3476,0.5758886615964122,0.08270405406449687,-0.59263950581598,0.8133820438164404
3477,0.497929425975183,-0.20240182017267827,-0.9455690062224297,0.6007577955850091
3478,1.4549449124890268,-0.08784968488011292,-2.070229850756133,1.7610638972709307
3479,0.5383458731483918,-0.805845934951228,-1.4026276187364703,1.3966367436845788
3480,1.5385189319172032,0.25637346744916323,-1.8414723612284398,1.6318701052677658
3481,0.3505485076553111,0.9142680309141402,0.4314570825540499,-0.19424797455746104
3482,-0.031340872986918886,-0.6893045631691583,-0.32384916275624354,0.9817910308282227
3483,-0.023492130641795266,-0.538603820865646,-0.2965733295472208,0.6939144692230494
3484,-0.4679000204180523,-1.0188046737681695,-0.3688754928820578,0.1376718210348812
3485,-0.23494265267407452,1.3725044797734935,1.5832510343234072,-1.3622286066568174
3486,-0.024727343345053533,-0.5795967385988259,-0.5782690020517072,0.29153200018060266
3487,-0.5482496043612974,-0.24657313165099876,0.41879175190922285,-0.6254240037884716
3488,0.5955212832502947,-0.5242342386710068,-1.3538762208074835,1.0067391494743807
3489,-0.06391422139350653,-0.3688155608645852,-0.18080117345584654,0.34349548411145475
3490,-1.3268283616917365,-0.7448319132077209,1.2044695256883524,-0.8189501927608532
3491,0.794033051690615,0.6595281076901228,-0.4886576432595359,0.38321813055648946
3492,-2.2463017814928685,-1.2769725134135246,1.7654951306404996,-1.8306706933005854
3493,-0.5543446587924595,-0.17129914515158073,0.5403816350362303,-0.6145367914999846
3494,0.6219335845558854,1.0152429693202019,0.21653977932943083,0.15282787249703303
3495,-0.9648952299383566,-0.9093782281362909,0.38617447393755594,-0.5712721999440086
3496,-2.6015173361169874,-2.479576152548592,1.0098943332689714,-1.5284422328798497
3497,-0.8660528822535317,-0.40797247842008266,0.8822041446909031,-0.5540507040110851
3498,2.5190855216802595,1.7931586079414923,-1.7115410974086547,1.654062625869145
3499,0.1895949218159878,0.00444556938879825,-0.2660903790872624,0.19758844887555402
3500,1.4164970735594749,-0.5590031197553352,-2.2541106404294973,2.4373916180695105
3501,-1.0305769257239947,-2.266038449192368,-0.6728145898175325,0.6029207670824378
3502,-0.040227894627266926,-0.0328281032720637,0.03315613459695405,-0.006009975746444902
3503,-1.5108591817998507,-1.2751352768765167,0.8583769946931018,-0.8063716268725816
3504,-0.031000405059297756,-0.9884502597214716,-0.9421736363221261,0.6147642386736183
3505,-1.3435199991213784,-0.2435168032112811,1.5690351819997765,-1.4464795494490816
3506,-0.3173462563381667,-1.562765232419297,-1.0639483849172826,0.7636582152322988
3507,-0.9626475786691994,-0.2739806122598099,0.9309926242924418,-1.1369872984051774
3508,-0.8036153510436357,-0.6941968770529304,0.5093719072871948,-0.297176469677112
3509,-1.2996180661798447,-2.156188072332982,-0.2193365090633291,0.17581228611024946
3510,-0.232350374877007,0.5949397169595025,0.7849420955835753,-0.8830022347738105
3511,0.07747374658968693,-0.47512596099989785,-0.5429220245007575,0.4668807873289929
3512,-0.7487163422291175,-0.5331428469065245,0.37604401173460766,-0.7252153790175411
3513,-0.7295036669647791,0.9341492065770141,1.8858354827157042,-1.537442148629478
3514,0.44050575300898276,2.3141541941729185,1.2964407781710756,-1.728365013613555
3515,-0.32289715239490824,-0.33219875121618514,-0.06649406977497384,-0.46914001037692576
3516,1.459762928924698,2.3463672885157676,0.09230749135439481,-0.2868495936515338
3517,0.15559882134783112,0.15658913698982968,-0.06698574684801605,0.05979108543840203
3518,-0.42260866188853236,-0.4335938252242251,0.35385080034673977,0.16095895083573025
3519,-0.02976743943945216,0.047411506132895555,0.07545894798651147,-0.08781990820197368
3520,0.4763436825034482,0.19391038593929458,-0.7236035018798423,-0.0421946042942985
3521,-0.310715786407026,0.0537480377349419,0.51502383586758,-0.3319776110760698
3522,-0.0053386449623921235,-1.2369791788711448,-0.9765931394857904,1.2461656614176795
3523,-1.4916081132622407,-1.9180912640850893,0.3761465122422616,-0.03511696590588106
3524,-1.0950015889134566,-0.6158267650595746,0.7977266748253109,-1.0194456949204784
3525,-0.6399646368701227,0.10940571829727826,0.8607515996581581,-1.033512405937711
3526,-0.24304962941864933,-0.8103747796689152,-0.4670503269457327,0.2647712847639508
3527,0.0673510652492403,0.5086051888500247,0.5764033482417159,0.029053087653199954
3528,0.24809224433202315,-0.4338469596231005,-0.9335138818435854,0.2879903043673589
3529,-0.3986810922046787,-1.2251931923376438,-0.508484173757184,0.6374009072048356
3530,1.3258926221066796,1.1208326815387781,-0.5883400993858701,0.9943120654625194
3531,3.0826159054759534,3.030158720497271,-1.2793918602970396,1.442788400337941
3532,-0.127634978702862,0.645590548616549,0.798782525098537,-0.6065923972829471
3533,-1.1471527008408275,-0.6515656997707061,0.864351388258233,-1.0019999751719
3534,2.680520443355727,1.647916135403726,-2.1960876771668616,1.7271697511185278
3535,0.5400914657020122,0.32293415311501256,-0.47900665567892625,0.3055512099104924
3536,-0.17549015294030149,0.8207144496114708,0.9083179057728578,-1.0074775049451705
3537,-0.9196862170242538,-0.8893150722746228,0.5373772103224762,-0.1913531774289522
3538,-0.21313998971501838,-0.4624990738599965,0.017814257623374165,0.3867567405665424
3539,-1.3213195217950016,-1.1334562934318329,0.7284868162303714,-0.7002067545751278
3540,-1.708141361167507,-1.3231541107623779,0.9485302356500349,-1.236584804020679
3541,0.7337194214716449,1.189376588796371,0.02644003644382977,-0.20360365930166047
3542,1.2699700955408726,3.3708246008808183,1.1736196452099,-1.532440003546082
3543,-1.5888102501675205,-1.395142849049923,0.8569022089008606,-0.7977338546281203
3544,1.000875091681375,0.11837013569826679,-1.0578373068224902,1.4257752281689167
3545,1.395182741241246,0.5973800813005568,-1.3730593469642562,1.1220796787093643
3546,-0.27396045431420535,-0.6424784159618887,-0.233318656796223,0.16104116314951314
3547,0.5157847470630101,0.38720684824870083,-0.42849180061426906,0.15251148139145498
3548,-0.9785855853778682,0.011837729444344846,1.345479031180385,-1.153156881201893
3549,0.41892704045675744,-0.6852181169802806,-1.182123520369735,1.0673476371939445
3550,0.8977741401183971,-0.419353861882199,-1.3865344651789475,1.7762909471165527
3551,0.37247769591798546,-0.9996780617114702,-1.6084572332088622,0.908775184319147
3552,-2.5796096583669788,-2.5516279319073583,1.415480791984819,-0.5604862056045629
3553,1.4112008554779223,1.8313341810913544,-0.023942305548356104,0.5786448589256117
3554,0.030638320531517573,0.20045515503149758,0.10367864944128176,-0.19180261538078716
3555,-0.8711735615190235,-1.200490990517622,0.18183728613988723,0.1065263543008943
3556,2.3598641516063963,2.2529626270843957,-0.9830999853449736,1.25926449900633
3557,0.1331272400669484,0.35135027201610264,0.28857900893560995,0.13628200063807175
3558,0.42036711901828855,1.1518199710132524,0.5631527225031527,-0.28616998678357897
3559,0.2812924797434574,1.3965655263688883,0.9513864355251768,-0.6896416961912093
3560,0.1926073584736561,0.8235934535410908,0.48511819312978727,-0.44515584094130617
3561,0.7828159977120464,-0.03147863127713689,-1.0315638289170217,1.0545801346047463
3562,2.500680585829891,0.884255867262057,-2.143653744729821,3.0215879492727695
3563,-1.3632546744513823,-0.13503847126939839,1.6332965714199947,-1.6657120881675223
3564,-1.6746798062058064,-1.577546004963491,0.8050924496385277,-0.7554770133026776
3565,-0.8631421795816085,-0.5037067023228711,0.7760588543215735,-0.4996456414492968
3566,-0.3202212232774697,-0.8330432492663952,-0.1300414922881749,0.6382340501991637
3567,1.0887190181894773,0.5412309994213848,-0.6293959945003061,1.47417812272101
3568,0.3069057334445293,0.47744215202795787,0.11357469078251002,0.1441614025293761
3569,-0.9661013428608177,-1.0624016170180897,0.224078324954978,-0.4919013481555282
3570,0.08748928883227979,1.3467545486975976,0.9323107694565321,-1.2958009193859663
3571,-0.428087293789244,-0.7905976089974915,-0.01920514471307433,0.3456285677036099
3572,0.18771493764749075,0.9906373690095835,0.6454436199939477,-0.5833230489052225
3573,-0.6906300703656411,-0.03731461078310401,0.8198291935887239,-0.9323955921894883
3574,0.3147857396341096,-0.27418226682984775,-0.5638848449289896,0.792840012791486
3575,0.9551804930856981,0.6446295545457483,-0.7782816798525167,0.4843187704088473
3576,-0.17685008896511814,-0.6172121329259387,-0.41976384655215937,0.11822239132439254
3577,1.3102939745526234,1.1995006802897317,-0.8432068615029717,0.2988422209430536
3578,-0.4794393044821506,-1.7376673512094636,-0.9122802600310276,0.8742957214322431
3579,0.6818402874630444,1.6565086696503777,0.4922902898074026,-0.6956515253264148
3580,-1.327582752958421,-0.3729816671904864,1.3897024783513325,-1.3931446069291422
3581,0.7559446399348739,1.644783202006601,0.6001670972883029,-0.21207926603352145
3582,-0.04006621219246647,-0.11121879101433649,-0.29324614239147384,-0.3919302717261337
3583,-0.1093560825843466,-0.06031560048740657,0.34100849522946,0.3564082938229058
3584,1.9681615601025853,0.5976005121320538,-1.9528212439820751,2.1470405300642232
3585,1.0397517280492692,0.5294155954105348,-0.8581731947779492,0.9240340076597747
3586,1.0182892499176566,-0.0636689918257794,-1.4640600529057965,1.2110949892470289
3587,-0.49636115145517357,-1.1014263305350904,-0.3911718995741514,0.19618211728455348
3588,-0.917404195355911,-1.3730984214325899,-0.08672195828292438,-0.1155854500075887
3589,-1.1121750503316028,-2.166618663820587,-0.2007939213409972,0.9038235091792389
3590,1.05754069721312,0.6633890787615105,-0.6593309764187173,1.0147972360816044
3591,0.6212517390572526,0.2836158180091893,-0.36705056753304527,0.8882030761547776
3592,-1.1215720041138895,-0.06649634743908538,1.3059839920556617,-1.5447696931252315
3593,-2.7596131220379823,-2.379884442458228,1.3544791694954057,-1.7265066541692922
3594,0.21657700861572093,-0.8771685924261954,-1.0793269818608844,0.9890294089745302
3595,1.0059241718045204,2.0889309337912363,0.9078289224368787,0.15143399430691218
3596,-0.30827131871649194,-0.8943310154573895,-0.34498751552577345,0.44978181282740487
3597,-1.860038584079812,-0.0350485579851178,2.3961481165982854,-2.3373399536064556
3598,-0.344041526916419,-1.2848054364466663,-0.6679172280671192,0.6954557890269623
3599,-1.1821002753824381,-0.9380129838026419,0.9645616985492811,-0.25814406015801716
3600,-0.6049314945952652,0.6823043731564606,1.3717959060573592,-1.39062524505165
3601,1.551861634286133,1.0552196045125386,-1.107716875028396,1.0443078935161707
3602,-0.4686926068195984,-0.2721389965962086,0.2247468073765943,-0.6216045762817387
3603,0.2297838483410214,-0.6388913400139111,-0.9575344798519686,0.6754990277094066
3604,-3.093957336519963,-1.8644161353943283,2.31466197227918,-2.4729694665496784
3605,-1.3138616468736222,-1.4202917105839958,0.4322777206042839,-0.5032193100431442
3606,-0.36333965262427276,-0.41166667453582056,0.3116778104035982,0.24546558721055167
3607,-0.14240893214050873,-0.2131036040274143,0.24753178623387262,0.44242558376719837
3608,-0.6831994841323276,0.36727271093689184,1.0213739083835807,-1.52763547405712
3609,0.3599536753354149,1.0255970950734605,0.4576394402660571,-0.38337679456405793
3610,0.0852653140471192,2.6736337049114987,2.2315961221772467,-2.2168537352016977
3611,0.9442207773210081,0.540827018515884,-0.8941687767508277,0.4914416637430971
3612,-0.5655886172325787,0.19355197679528005,0.8310631700666473,-1.0232793524569859
3613,-1.0906926093817575,0.15074943282697448,1.5448086988100413,-1.537834356833774
3614,1.173502763534326,0.1559878668991667,-1.4238768168484675,1.306229998488637
3615,0.1852425077453503,0.5863568520376137,0.2741110478553277,-0.2706562091072605
3616,0.5609791042900255,0.7461093646142434,0.03632106733263346,0.2671233621090955
3617,-0.6199155633421837,-1.7663429498400067,-0.8857782945857551,0.48813184853999025
3618,-0.48904580077748855,-0.965382114060104,-0.05197459006658001,0.4921289924874125
3619,0.6813883354598581,0.13492766597674494,-0.8281169731821877,0.6489242123448271
3620,0.560344920956105,-0.6755398263286209,-1.2763630876207395,1.3832613762162742
3621,1.8406038655002377,0.7238427635884166,-1.8870368419955021,1.5021200981473564
3622,0.3514765988108033,-0.10184337236704268,-0.5477406543313547,0.5361601537706526
3623,-0.08001046709415735,-0.09162950319868421,0.011147370752140947,-0.04501009418904205
3624,2.122854062538044,1.5408747344848426,-1.5404362987677775,1.1488967247833557
3625,-0.3350970806317873,0.27037590142813633,0.8967905333638444,-0.2689106809583373
3626,-0.6233820604476107,0.08578866693884278,1.0761198580303324,-0.5372026894002755
3627,1.3114696037196867,0.24649298752005358,-1.5048559951351819,1.4379428048310057
3628,-2.2787490679427442,-1.6534427519450703,1.575288962391362,-1.372783977095004
3629,-0.17126536545427984,0.12357009341916315,0.2763087934805656,-0.4232891755726449
3630,-0.5313559309163609,0.6962650078326216,1.4741809300778896,-0.9806842652947437
3631,1.2256373411673014,0.7249717271453779,-1.017125014279827,0.8357076515715952
3632,-0.5356195746125862,-0.6046711715400601,0.30586268561413626,0.08556890784701532
3633,-0.5769757433052416,-0.7496158542375914,0.055415004231468466,-0.15398956272411246
3634,-0.4381042611487699,-1.5034446824156746,-0.8710483127958468,0.5289840233454297
3635,0.9719557512152691,2.672385280671347,0.9402619031929713,-1.322270659075948
3636,0.9471505825242788,0.2713082676519131,-0.9688164469534315,1.0213095092659055
3637,-1.5553831111703562,-1.0423139123751313,1.1030938944808777,-1.0962304236170113
3638,-0.7296741288192993,-0.724631958846024,0.13304435606212228,-0.6232716847866562
3639,-0.5494821287993893,0.032123279844629905,0.9058374792258864,-0.44380077514490657
3640,-0.849147626088001,-0.43270825684415093,0.484603887423729,-1.1353461539390715
3641,1.4549858523983745,1.389972151630435,-0.7441144339467561,0.5308017504030337
3642,0.3957557090091251,-0.7624303961860325,-1.1303979023094632,1.2622980960802743
3643,-1.0268633110869336,-1.7223677775488386,-0.23926327553085444,0.06772931705296466
3644,-0.14344706512486993,0.0710189606818232,0.17682633094153874,-0.3724058530796434
3645,0.09865046239783967,-0.7693185862929174,-0.9049257468410796,0.6146040892619128
3646,0.1295939486619075,0.3084529143007877,0.19758612792386213,0.06674192192196443
3647,0.3792814236827597,0.618767139073356,0.046214807750384654,-0.05735103675184289
3648,-0.3986693937452022,-0.2761468796209188,0.40678318145833475,-0.040426198139698416
3649,0.31615988923554583,1.6310255063825976,1.0174431171363194,-1.0148498067262925
3650,0.23710866941560532,-1.037396243806464,-1.1580465141088176,1.3106168852128262
3651,-1.05195900345892,0.9115588715134688,2.1340065961025965,-2.197780769203501
3652,-1.3675146418324473,-1.4210268285112209,0.4988429312238666,-0.5758089129946417
3653,1.8900190515769733,1.515685535810099,-1.1571910325008687,1.0535356438210826
3654,0.015011805792244422,0.17855499452378729,0.12028865332793914,-0.16545574424320042
3655,-0.40156348318647017,-1.0680283820037615,-0.3634737421488591,0.5032647811242836
3656,1.7075223275446587,1.4961683170186955,-0.9463942141836843,0.8201779941533774
3657,0.483764761656991,0.7772346797616679,0.004745505110585967,-0.1398140747327216
3658,-1.0594502551127072,-0.21552151412792134,1.0939100557132018,-1.3368397837787105
3659,-1.5611628700220246,-1.8464613912060543,0.43755951465804943,-0.3484616272657771
3660,-0.08762782423061448,-0.47847861888218424,-0.3509205929827943,0.2234993260161244
3661,0.6032712618269099,0.8372804225376732,0.09822837420015415,0.30729045828764706
3662,-0.2065941775319584,-0.9686571996314389,-0.4556830134279777,0.7975266769070085
3663,-0.25693440401205037,-0.3618961181185685,-0.10403288144415174,-0.2278144853477342
3664,1.0539195130984047,-0.10511494871464998,-1.4308261180139887,1.497229782435421
3665,0.07795272035753155,0.48544840096114267,0.4044870070993161,-0.1804173612983589
3666,-1.3793849931175333,-0.48552240312459977,1.288837127418398,-1.4844192299934638
3667,0.8887292683774671,0.2757396701265856,-0.7885838159507643,1.119735882942601
3668,-0.8575107593675353,0.08915706798416198,1.0855318772012916,-1.3657317392302717
3669,-0.08672548664000956,0.4236542479127875,0.6786686488804197,-0.1361135271412071
3670,-2.0587813541637687,-0.6030613454865565,2.0552940506197532,-2.2770163418912674
3671,-0.1336626183151923,-1.2024370580313455,-0.8684373930003048,0.8947879947360483
3672,1.0484391147726322,1.0697324297871844,-0.35443165157631207,0.5385623018749683
3673,-0.9615470882145035,0.43069610847974965,1.7032653041746342,-1.4728673479960273
3674,-0.6214356618620434,-0.9251181787773093,-0.002109986045027322,0.009550317322453953
3675,-0.18108638854997597,-0.5778737399232817,-0.20757141293419737,0.3824167664536042
3676,-0.5255780803091296,-0.2780577341722321,0.5363954205261245,-0.2608266180390066
3677,-0.36773478758644107,1.0178279273434911,1.3440585932245397,-1.4021443779472795
3678,-0.6379752496497705,0.16593310848147247,0.9333299327350874,-1.034907478399263
3679,0.23517887029639065,-0.5849397374286938,-0.639514306656262,1.1255348202091018
3680,-1.1976746453102445,-1.6223475467047392,0.08822483250005207,-0.20674994596905902
3681,-0.4167977833611568,-0.4923511465450456,0.209059543066491,0.06822120705248398
3682,-0.5164852560601111,-0.6884776955079323,-0.170929598754666,-0.4847751007805021
3683,2.687465587331958,1.4599992118171035,-2.2368117917629067,2.1341124629055144
3684,1.2085187578870003,3.399087139703987,1.3537148380609538,-1.5026587499553683
3685,-0.17012695656309545,1.6550259421118108,1.5503605643512701,-1.8710512583198744
3686,-1.4377904522003373,-1.5712644331102306,0.38798006816495717,-0.6596973080712947
3687,1.0099435628769449,0.5168387152348111,-0.8047237981532678,0.9421550662258756
3688,-1.3472707718027883,-1.0065463972068363,0.8537342162186118,-0.8785918617922979
3689,-2.560760832637369,-1.4271341793394006,2.2063556909750277,-1.8142778878591754
3690,0.891430580085365,0.9355577253121897,-0.2864289886768557,0.421377589974334
3691,-1.393337872094607,-1.8520811346663837,0.24348062956705632,-0.0773340081239719
3692,1.787882686515197,1.394199184461291,-1.0963631053922476,1.089205449142846
3693,0.005973614609361699,0.15700569023028782,0.04586863087006788,-0.27700804030540754
3694,0.1834697564445196,0.48128108423082827,-0.08248241714124258,-0.6522933122481661
3695,1.9017358969745506,1.9003179543538444,-0.7425159490964679,0.8978515916585998
3696,-0.9442649081618844,-0.2619850627779969,1.0313742021342724,-0.9231453065565416
3697,-0.46326981835673525,-0.7504494878676786,0.03918903861269352,0.2258892968549094
3698,1.954409098791366,1.8914389188892693,-1.1254244976311831,0.43203897142464603
3699,0.3909346369232905,-0.18545174224950892,-0.7198585887969897,0.5755310359348141
3700,-1.5735600901097104,-1.2094103447925557,0.8945189625577492,-1.1255348901978928
3701,0.5297683664789515,-0.4507149258205659,-1.1587079275086531,0.9384060532631189
3702,-0.16571822713541917,1.0825832567704696,1.1918424630716864,-1.1049351078912923
3703,-0.5456965066681058,-1.6154376343503534,-0.7729590374395179,0.5879557314941115
3704,-1.0480410097102713,0.38265843270754984,1.5442688995277138,-1.946548070977033
3705,1.5627320908967754,1.9313450021774101,-0.29958125429039023,0.3924475873389566
3706,0.6530405615025656,0.9906667121292104,-0.12409007179167916,-0.2775695384497921
3707,-0.1727168049780158,-1.304012328833713,-0.9649496932239032,0.8302769613788069
3708,0.3194947704826523,1.4306591630757366,0.7285080651498931,-1.0286574866199043
3709,-1.5005764119527956,-0.5389100054343275,1.4900379218723,-1.4337210322181781
3710,1.4122491046853212,2.417634488838923,0.19683362417074415,-0.44445833045928
3711,1.0146823955056796,1.219338492342546,-0.3580514084846226,0.05008386391418775
3712,0.6753161140861856,0.40202464914809244,-0.6221842126170084,0.34529926712748915
3713,-0.3013892828774489,0.8581840399463644,1.0663433668851852,-1.2692733291519913
3714,-0.4089684110400116,0.6997769159177304,1.0969961831423878,-1.217107085009801
3715,0.6003332428706796,1.3313188758792176,0.4566174575675811,-0.26438911141055343
3716,-0.9709199059162122,-0.3008386812617057,0.9738177491307272,-1.026121102393469
3717,-1.1873290437324862,-1.2802498268422637,0.390503511816433,-0.46288328181292254
3718,0.44206185281655486,0.18516739358143533,-0.39888231349639086,0.42927682562989317
3719,-0.018107411146391857,-0.7805435396465987,-0.4569471159106041,1.0146872797838777
3720,1.2243203414955635,1.6592987648261095,-0.1211980784079285,0.1545665267929618
3721,-0.061403039440587,-1.2045137034841138,-1.0313541703048004,0.8706944362797745
3722,-0.1399041469377544,0.2758647794659223,0.33761490047652554,-0.5709207494854032
3723,-1.265783206873434,-2.1103128726380844,-0.15107325027918883,0.30638317060991854
3724,0.8723919883810157,2.4418175501909105,0.9435611877483069,-1.1153864036413406
3725,0.29236717786029737,0.9855018669704944,0.5582747493797295,-0.35058288226831635
3726,0.284417226988698,0.40882587138614745,0.23604341084395922,0.44559912245196187
3727,-0.23554421963572514,-1.5632752217696282,-1.03116778218977,1.1151629895340527
3728,-0.6228889570625327,-0.2695355930974206,0.4680695813725752,-0.749842740557859
3729,0.17167881648814087,-0.7445357750163131,-1.0888275264957141,0.4913487603819083
3730,0.6060684776154673,1.3605093041103657,0.41921886427642685,-0.3803856745762491
3731,-0.3063143793287045,-1.122624742482404,-0.5593400906649539,0.6301000756357744
3732,-0.18412345288989987,-0.5267422914987339,-0.33594327276877806,0.021551051658347396
3733,1.859911235941645,1.6525195386032983,-1.1088669098443378,0.7006008508183804
3734,0.23268930481275352,0.2151236197016995,-0.1628928319135935,0.02477060855785329
3735,-0.087774239015056,0.22741812170467185,0.25173379087067566,-0.4190434400010448
3736,0.7760576285537036,1.1974892153338021,0.09892912221976402,0.056047506592964216
3737,-0.1776580844737894,-0.3953363267334763,-0.13397546879372849,0.08355007166642132
3738,-1.2314137488678505,-1.1088371967989776,0.8229802249944086,-0.2715576392288923
3739,-1.6142894095935763,-0.4711138435841813,1.8583994033231765,-1.3541179605136142
3740,-0.9325303812915084,-1.2659427968281085,0.008768318080610253,-0.26005037240800666
3741,-0.06076696085315714,-0.14989007470032487,-0.11493767135328516,-0.05792354445552684
3742,-1.291221827543211,-2.20407489644278,-0.10517086748097525,0.5229344467405462
3743,0.4889828245430619,-1.0727547907635007,-1.4793547154099331,1.7295869384861304
3744,1.497840085151718,1.583457478119455,-0.41180894471904284,0.8028745791738653
3745,0.5824449411217383,0.4793005798539351,-0.40116417114317315,0.21655507055609818
3746,-0.8349659391918135,-0.690616179541739,0.49154345130339844,-0.4493580054176031
3747,-0.8684041814349555,-0.16254603576286375,0.9345771144577083,-1.0629482486013286
3748,-0.4079169142959187,-0.9101818067321266,-0.22401318652100785,0.345281251635376
3749,0.1318350986854718,-0.4214351077339278,-0.6993458269603385,0.2555362067410529
3750,-0.577103842478455,-0.48772571292454714,0.29772003558304994,-0.3596143506620668
3751,1.6023214792621172,0.5259309896912352,-1.6494855079569277,1.5474947323271768
3752,-0.6693952246822097,-0.3946032769319414,0.6492770214384906,-0.2942607936158172
3753,-1.5596707088639463,-1.0241304954393071,1.0984449999492165,-1.163687406832365
3754,-0.8697409061956455,-0.421047864368007,0.7877351081779789,-0.7023199271868692
3755,0.4736435250280734,0.40818023538533604,-0.21084725840637436,0.3351826424174731
3756,0.3867454206093388,1.5972569837845143,0.8162697053822908,-1.035863934884848
3757,-0.06808062996899009,-0.5223064967580363,-0.4463448520035342,0.23090027712862507
3758,-1.2004335116587608,-0.8764496881686797,0.8763409133735165,-0.6280551731630256
3759,0.8407565893538939,0.059591640405388856,-0.9691680595537364,1.1517948492739825
3760,0.5053012172389928,-0.20492009909425413,-0.8681005233318996,0.769872953304606
3761,-1.411543059670638,-1.9052017134634003,0.1058157948506778,-0.2569718505193855
3762,-0.11616468051398145,0.0848180362715589,0.3401529810788985,-0.020050772264214204
3763,2.0011919292468128,0.8270279126901553,-1.959845469854845,1.6984858839290924
3764,0.891756451615522,1.9794577212697437,0.6540995118795574,-0.43990264043003185
3765,1.0624042090903938,0.46433157215733606,-1.0513175029678585,0.821478479315824
3766,-0.9953058780498829,0.3852045587321882,1.6247020627181996,-1.6222653029667486
3767,-1.2958116544518392,-1.7535340579241543,0.08685633022560661,-0.2430825671800732
3768,0.7043199002135325,0.18599277270250864,-0.7099042718375733,0.8161046944101972
3769,-0.6548871163435803,-0.10219813473171725,0.8718593202500354,-0.5560760867046166
3770,0.04773462369594561,-0.8483574067046681,-0.8454838493004135,0.7283956626713066
3771,0.19719933974825024,1.096849304292737,0.7178859692539614,-0.6781901648669019
3772,-2.1741949528446933,-1.505052978830304,1.574739601334601,-1.3584532741092545
3773,-0.18114010361171545,0.2696127265519667,0.4452116894377647,-0.5134004507967836
3774,-1.4669053452265741,-1.6720982454479973,0.347037802212979,-0.5924247320181173
3775,-0.15425569839671224,2.1197652689855877,1.9359203874353292,-2.256771389795623
3776,0.611703154625875,0.27315583014605094,-0.5537214608892314,0.5499925707435177
3777,-0.8033843607052912,0.08590369873356211,1.3008251948367924,-0.7845311085559789
3778,0.20905006828105344,-1.0989169817575792,-1.1162108240732236,1.4327395799153484
3779,1.4989014572002777,0.607756091298903,-1.3768322548504321,1.461145867271497
3780,1.3186075430423019,0.7051515780810103,-1.0345603983821214,1.1851906758761317
3781,3.0862679176447307,1.6406398842930088,-2.628044019060516,2.4331714034745344
3782,1.3662948290819683,1.5317154089940457,-0.3751528680074415,0.5222766501027075
3783,-0.1722884522869459,-0.13302905223011202,0.13971978629037776,-0.04804656329873879
3784,1.099729617966932,0.11622147299830904,-1.264505167396398,1.4197410355895455
3785,-0.46890569734251397,-1.0306299966086823,-0.2618291890518986,0.3515057713311615
3786,-0.6063319886818485,1.1169167889314415,1.762652659343422,-1.755965902113848
3787,0.40694530549603863,-0.6725330173219772,-1.2360039730645584,0.8988080228498253
3788,-1.8475806099495713,-1.3959118547372455,1.0099889695766076,-1.4508748610357276
3789,0.2512110238042885,0.20761877350667124,-0.1928631817509948,0.05623802508036714
3790,-2.440471547183888,-1.3553121710113059,2.21314632152366,-1.5457748655317347
3791,1.3879948348395672,1.277285653351241,-0.5296530423481209,0.9419115929613484
3792,1.3596206698765707,-0.2646355085580717,-1.9605499128163777,2.0408670869492176
3793,0.5185258299159089,0.7157786905080586,-0.12025525023964187,-0.08762074398743039
3794,1.2166029591103542,1.7386420592287821,-0.008699870732993232,0.13378298772249542
3795,0.12462615852289508,0.657455848803824,0.37560982554588795,-0.48004071350596017
3796,-0.39726035390146386,0.621595768679695,1.1581726823779497,-0.8784500858363882
3797,-0.7629620330896408,-0.4842652663418962,0.2565942811635817,-1.104965213714994
3798,0.9535807309541346,-0.020023433410224837,-1.040754107004747,1.6211672531031647
3799,-0.9403542430147865,-0.3851623300681482,0.8380304532804786,-0.952713738890398
3800,0.28901651925868466,0.8110265353599129,0.4130585326416699,-0.19727447098826473
3801,-0.6221332238209147,-0.7563945399718991,0.14443216259629893,-0.14199624656583068
3802,0.0036524801629065555,-0.46799128805411055,-0.5629319682278331,0.15043449282913318
3803,1.534063344675839,-0.2904943184908653,-2.2128043713442507,2.2819061604469546
3804,0.05758892635475741,-0.02467940754677752,-0.10360231500893598,0.08271131865562796
3805,-0.4057992713767868,-0.21368962390385302,0.39727719962816926,-0.2335688457165238
3806,0.46825795670569226,1.896023862675191,1.075558614205225,-1.0087489408518757
3807,0.4695291586872807,-0.308800368108794,-0.6542761223154853,1.2701912023053064
3808,1.0176951274954573,-0.2763293774318152,-1.466994956415066,1.7175312859484708
3809,-0.12593384338125418,0.4010870754833201,0.4954536311396411,-0.5450107270108069
3810,-0.8766555588897782,0.21405090538730048,1.4573950575597123,-1.079809208460521
3811,-0.0514017709787179,-0.13574679546103882,-0.1312965867321209,-0.08747240479832107
3812,1.0015743509381627,0.6511456592609712,-0.676109034559184,0.8146963972985342
3813,-0.576279463597229,0.5390911227555929,1.1368057896737829,-1.3568191532321494
3814,0.9651949189721594,-0.47367393160184307,-1.5884839703286227,1.7922414654049619
3815,1.0393470857000118,0.19697276563289517,-1.4330552332451516,0.7114271811407655
3816,-0.4698392831377465,0.07078685689975042,0.5613235392578412,-0.8603106023007733
3817,0.5366224402135813,0.18466065643720972,-0.7247430634239822,0.19363334025566256
3818,-0.7168825219356889,-1.1805176484295448,0.0919189547621671,0.4512144054160406
3819,-0.21912713039669254,-0.02731259773916213,0.351759334679902,-0.09677713807114416
3820,-0.6114666589906987,0.562268085983219,1.4122176076587978,-1.0526922049102145
3821,-0.3603313889436027,0.9611382227355801,1.1107292817802605,-1.6503915897086905
3822,-0.39982018158758326,-0.5759224447018855,-0.07902171892458666,-0.17745804803542442
3823,0.8867101450163198,0.8203213955606171,-0.24628643230958144,0.7537102362534143
3824,-0.12346835151107897,-0.13827124304287935,-0.07270218847664717,-0.2356298541059306
3825,-0.045029052754210167,-0.16493737414459253,-0.2379661436131647,-0.18236991273022954
3826,0.749880974240644,0.6315588667696944,-0.46044380865251633,0.34272181739162255
3827,1.2720831064946008,0.36942148844614336,-1.4063931046428793,1.1738896372915892
3828,3.6728881694662223,2.1661571136295783,-2.911663263523687,2.760388936566159
3829,-0.020092902960927406,-0.15171971003668136,-0.17789321447574766,-0.019168544475488505
3830,-0.8477987217727783,-0.0584225214059083,1.1468660039008531,-0.8662816631875552
3831,-0.13381994063090355,-0.9571889185806671,-0.6018815342978747,0.7720477149136714
3832,-0.3615796694377254,-0.794308110457285,-0.26495692324522097,0.15877321155248392
3833,0.6048087558053491,1.7222698027984211,0.7202193494430928,-0.7277632419167699
3834,-1.0699202964750967,-1.5710794365704168,0.2598386329962668,0.4288915090098885
3835,1.8733304766044685,1.5011278309477347,-0.9948767993016486,1.3154141953640521
3836,0.9675277605669002,-0.01743765681480979,-1.1690950977342263,1.4383483104924557
3837,1.2728923354158803,0.38935458220697183,-1.2391260282876229,1.4237383123501586
3838,-0.8901860399887545,-0.5371811123174081,0.6705537150992223,-0.7016023592412448
3839,-1.3767652772145007,-1.7737495583888703,0.34853871527683505,-0.021964770660097985
3840,-0.38839317769022635,-1.683881330970591,-0.8038024683856837,1.2612336259870824
3841,-0.3758855252975578,-0.8994856394237926,-0.0800186382312092,0.6880020552779396
3842,-1.2653760622675634,-0.8003959603518456,1.042651109398218,-0.7505281782538186
3843,0.14658824239838383,0.5704465984400647,0.344203337985936,-0.24674361462994257
3844,-2.4894779967399274,-0.5961136329554566,2.7064302610384017,-2.6847168536659454
3845,0.9116679045653318,0.767294366805758,-0.6120729146451057,0.3256762452163302
3846,-1.9169135692298276,-0.7179060007355402,1.7784812118057427,-1.980789928809248
3847,-0.836885481265738,-1.7370217914599102,-0.4217401221334777,0.46034621452319213
3848,-0.5900673938825958,-0.885406902836183,0.04539257853207452,0.10956576187972877
3849,-0.9841956893901526,-1.0927657374371853,0.27878586730265537,-0.38671440480314684
3850,-1.6776653550373628,-0.36509337447680534,1.8124660297184507,-1.9178447926992033
3851,0.5228648527637141,-0.28510934382434594,-1.0339472234759257,0.7337770477541512
3852,-1.5689014670990944,0.05245516171138,2.187565672795099,-1.8759317014752444
3853,1.5262231904413557,0.49928486910656533,-1.604439135815359,1.4192938059516107
3854,-1.4652177408137235,-1.2250236169563267,0.8753631044266322,-0.7342954892529171
3855,-0.2769777461830594,0.2566872123532549,0.5276777367032627,-0.6792947925359542
3856,1.4597608936372872,0.7480400668941563,-1.3048399396425105,1.1093429553464957
3857,-3.1868253699189313,-2.861512025135357,1.7739471213731972,-1.3501984208829994
3858,0.7480640521888573,1.6446085352440456,0.4525279636454283,-0.5003099769247412
3859,-0.8109101979764456,-0.06283550538734661,0.9826261014305115,-1.0135151106330447
3860,0.3199998510159544,0.658227192923614,0.11821588117381263,-0.2375742305600362
3861,-1.4081299099139177,-0.34071439344514365,1.3713224630283072,-1.791474417580535
3862,2.3057689965017705,1.917488676045205,-1.5253829322365404,0.919554039535029
3863,-0.48186767774297623,-1.0139491026551637,-0.25879933318770854,0.2702157952297936
3864,-0.5160589085897884,-1.6810135751338222,-0.8026107834253041,0.8000101983816332
3865,0.030161009244035603,0.06886868122691567,0.07295697598153014,0.07017126578862909
3866,-0.4872182948539783,-0.6773603814628348,-0.028440142961881222,-0.1556097894946974
3867,0.74619607646388,0.8637744475085246,-0.17072934439625176,0.2797130042869077
3868,-0.1688829513287626,-1.0335007010701411,-0.6463351427022637,0.752621302615048
3869,-1.0967763095224934,-0.9949759351696237,0.4910144219695283,-0.6509863770175445
3870,-1.434325471955153,-1.4227783920717358,0.7504650468886034,-0.36648534939575106
3871,-0.5972108089303763,-0.0402447311487196,0.8649338079160146,-0.5117702334154308
3872,-0.9377487818369368,0.3203042024612339,1.4606505789709625,-1.5491538790200146
3873,1.1465151940213865,0.8449866125657461,-0.9205634653105181,0.4332857010974508
3874,-0.4193942509995497,-0.3335418562447388,0.2549158704285141,-0.24380320988551193
3875,0.6606864133070209,0.21401588798537788,-0.5929149639763831,0.7988243516371358
3876,-1.393394197794477,-0.47104328037425924,1.2672445666851702,-1.607575355215434
3877,-0.5952696892612049,-0.4598746668264729,0.4422755815680327,-0.23679848161001785
3878,-0.7041396604097189,-1.1352918333239859,-0.07363483767399011,0.09542759071717742
3879,-0.48223377500662956,-0.20674100533097253,0.47940349163449186,-0.3787087697077035
3880,2.0635160725740804,1.9729801495321266,-1.0714936885346225,0.7202559476317726
3881,-0.23602451969539934,0.5865317646531435,0.8137091362568828,-0.8250717202889107
3882,1.873633000286645,-0.07666957938330625,-2.5273043341912365,2.42442533129428
3883,-0.8133953673302701,0.46226886028401354,1.2796141985224747,-1.766953768124576
3884,0.7341079326758413,0.4361412186006607,-0.5666790463686608,0.5709869112479473
3885,-0.7805430641837564,-1.8079678275794697,-0.47046190388040726,0.7471965992883192
3886,0.28680782819383843,-0.01941951888752203,-0.4273950762943667,0.31818174408683353
3887,-1.4529900933372788,-0.37677815511128565,1.5874942580698728,-1.483333212351229
3888,-0.2898954162114057,-0.05696349438890852,0.25609454941608795,-0.4469216778223911
3889,-0.4658290343095195,-0.890364309989227,-0.30174447022547646,-0.04676734951903106
3890,-1.2374487266580227,0.18181587665055984,1.8315342483399466,-1.6316584493399366
3891,0.1292754121667511,-1.2892692184621362,-1.2192123426790493,1.4256707825624646
3892,-3.094220683739477,-1.7570747892313412,2.478298492805614,-2.4445186337972533
3893,0.8491129289653574,1.064722911715811,-0.26272355090430505,-0.00011539352878581956
3894,0.9771642254472702,0.8139205560317891,-0.6713313944653481,0.34263410048830023
3895,-0.8156795953118665,-1.4732873038010341,-0.23228048418108269,0.23329850913534922
3896,1.0441355918890063,0.5990425484665656,-0.7461642113192314,0.969121062161918
3897,-0.8427394219417391,-1.2774689700017547,-0.015876413393308565,0.045311279747803676
3898,0.812599144890106,0.8010644080188735,-0.4524425396533319,0.17156636058524824
3899,0.7485799810647803,0.6632643240798616,-0.48252442617286784,0.22252099414232893
3900,1.5735349790144133,0.7670370838107091,-1.39207145133367,1.316283993377018
3901,-0.550739023872451,-0.16571466871977605,0.5654634120667612,-0.5708858091210445
3902,-0.6220756199305849,-1.134522756930054,-0.09858461941192478,0.3429251842508002
3903,0.8419503987389751,0.8437368466138265,-0.4102799209211115,0.24779627446552382
3904,-1.1353854568937904,-0.10604312349307993,1.5075438270203958,-1.1430038159399827
3905,-0.17280150606325925,0.9021498585825207,0.9441837277263015,-1.1313167746758737
3906,1.4288474828615911,0.5174920208096131,-1.5100768078337303,1.193680265944245
3907,0.16387659589942252,0.3370759108393741,0.11388101987047156,-0.027527076518301774
3908,0.3074024570403305,-0.013231295238946035,-0.28122187149201466,0.6347507054683252
3909,0.1287993663118484,-0.03069414397675638,-0.21276031524168965,0.15922733151236268
3910,1.4077879937361861,1.3720798079394876,-0.6576891488280495,0.5577760589848558
3911,1.1128126273415526,-0.045567352014845255,-1.7346319722414043,1.0279110679347967
3912,-0.7610002576260773,-0.3475418556723021,0.6601101265599802,-0.7163204708780764
3913,-1.2582916647534863,-0.03541960650173935,1.6256114891747568,-1.544689992723549
3914,-0.7117908208856054,-1.0115862535153173,0.03975295957196087,-0.030718773632674813
3915,-0.5319953432989618,-0.06217324515774768,0.4723291930443184,-0.9183271335989848
3916,1.368674900612932,0.7704528613673504,-1.2457642758033338,0.8337985788284136
3917,0.5261203601948269,-0.4684984252448619,-1.19730232458106,0.9002332810203384
3918,0.8859596439137758,1.2769366358191911,-0.10454855681018602,-0.10198135074702545
3919,1.1530443825828751,-0.30627837786170514,-1.851637408565827,1.5951221359325536
3920,1.4325564091620335,0.13679959653416326,-1.6214411147152001,1.9301241680409074
3921,-1.5256811276733044,-0.27860339070008144,1.8218688248513726,-1.5668598660465758
3922,-1.0089396946819622,-0.04845972797912966,1.3490691723215753,-1.1096723128055144
3923,1.8973629973118118,-0.05487664666984031,-2.5356156557275447,2.4419483825163186
3924,1.1284481217269664,1.5084351131075973,-0.20059677072865434,0.03619699908743275
3925,0.8905713700408776,0.9901298464832443,-0.4329916570874599,0.027891569259143118
3926,-0.6520744439345428,-0.925691824135118,0.24147743879348035,0.3311657888013823
3927,-0.026788544048073494,-0.1238796229696529,-0.10571128967790026,0.016990344688441503
3928,-0.199798606433756,0.3903034441724559,0.7132928748635957,-0.398688371850347
3929,2.0867886050049336,0.4078503680381962,-2.3448007267322324,2.3379481691743296
3930,0.10214666325664623,1.4651730159754908,1.0220178620031932,-1.3712029150099116
3931,-1.180293204117876,-2.0085055178256734,-0.4295395543933503,-0.12523631523684695
3932,0.4955770519040834,0.907214642579837,0.11278622859841655,-0.2209708821867134
3933,0.9588321064995936,0.6231180626461865,-0.7425187781384986,0.6124364707436389
3934,-0.12170542522087224,-0.06055587583351696,-0.017827501950673962,-0.3202544025754684
3935,1.2130206273628972,1.281060680464013,-0.23192373469062155,0.8325529787202884
3936,-0.3359214353100614,0.825103704340643,0.9000529403272676,-1.6061959653566824
3937,-0.08684936954937846,-0.4561655795857387,-0.4995282709631532,-0.08980972595536796
3938,-0.8274944344329033,-0.5593273256027317,0.7000236557703065,-0.37198930197621805
3939,0.7514444702203185,-0.16801109630404726,-1.007719816613274,1.3143275178911171
3940,-1.411314750590634,-0.34176000910968746,1.5398828914431675,-1.5029426714348617
3941,1.4479552308949415,0.7484823864897086,-1.179843109756757,1.2866019340482926
3942,-1.5579534307128522,-0.8553677106361355,1.576220588191305,-0.7222999208133961
3943,1.326255716939814,-0.4739054668306823,-2.156989335795485,2.0805586515477597
3944,-0.5849301851555035,-0.9319897345795619,-0.09579926360251194,-0.008640618265976513
3945,2.3546636826845573,0.5070889834288468,-2.782020617513015,2.284461830329204
3946,0.07887550524311528,-0.06808214012002291,-0.18425830785274214,0.12135914111602523
3947,-0.41711232200727694,-0.385283705974988,0.3758101366746925,0.10264490800965818
3948,0.40164667449919406,-0.12503136463815795,-0.7096656709415555,0.4858477220383589
3949,1.5832615922414985,1.3769055271193416,-1.1274614521054496,0.3446067523303512
3950,0.9447328261874974,1.012049485079918,-0.4981408706501365,0.05362022120889105
3951,-1.9927715514842612,-0.9886528994560775,1.692243772665354,-1.7500649181599919
3952,0.2501079037085299,0.09772356221458874,-0.16221072521423285,0.37185600251109513
3953,0.2324584287322186,0.3744079784735024,-0.005130097779018943,-0.08250786561059845
3954,-0.12879588767572256,-0.11630726814519109,0.13957269631089284,0.06678146804719598
3955,0.29662382448172003,0.8702459808332353,0.2278709391831928,-0.6398660740647575
3956,-0.9347449977976312,-1.0593265985338653,0.26315215033056233,-0.3182946848375118
3957,-1.5914694608867972,-1.9954168174815654,0.1998189731386596,-0.5164101829822308
3958,2.095390157907797,0.9200906222806109,-2.0486458888094434,1.6537506985988135
3959,-0.553587033855601,-1.270715750089087,-0.3636995984900784,0.4490361868145854
3960,-0.9467360055761984,-0.03657654187477146,1.111006957608879,-1.3360180940837303
3961,0.43596162241240793,-0.4439712704615524,-1.0468793968598473,0.7840601962407071
3962,0.7207110329906516,-0.10163673538298916,-0.8372869107330815,1.3448070432558916
3963,-0.8243311154279597,0.35264336101920507,1.458272795500343,-1.2260109025839037
3964,-0.429583006979258,0.3571041034548831,0.9742535320126486,-0.6795399302490809
3965,0.2697592529103405,0.2800804213288159,-0.09120861907770517,0.12684564878021007
3966,0.6036020778344384,-0.10355429949208257,-1.0088716524544945,0.6280541212350786
3967,0.5368248126844881,-0.5867395882515237,-1.467135692799651,0.7480770608444975
3968,0.5301077360453925,1.1600633420488669,0.12293656894218942,-0.6904413331730044
3969,-0.07447375864172426,0.13602867138851826,0.32718404738564033,-0.017602162476317552
3970,-0.7156254524280586,1.3707439952404061,2.2340989919345082,-1.9280985050209272
3971,0.5392831540048979,1.8809811009331356,0.8032262336178574,-1.198974339352502
3972,1.6889083225239572,1.4645589441093079,-0.7712449364056513,1.1390110547542807
3973,-0.39867892569270674,-0.026253187599994576,0.45659245490616146,-0.5562671260899815
3974,1.0678527580248482,0.8856350433358086,-0.8014200995877765,0.26407934948341205
3975,-0.730090666588811,-1.326934223802249,-0.31489177852292516,0.03996789991825949
3976,-1.0235635071666627,-0.5893526498515518,1.0164631517785456,-0.44209673546956535
3977,-0.4351599424549714,-0.22093561121967883,0.2955080180480858,-0.5005785561968956
3978,0.821353957879083,1.336650877989465,0.02293280621884859,-0.25228338445837406
3979,-0.4469921580494647,-0.7746633056268957,-0.0004318194993217539,0.27267295796089613
3980,0.4531367804688096,0.7220714280922274,-0.058115701038470906,-0.22695190056606343
3981,-0.4108670194590319,-1.0456481485457632,-0.3261520425460204,0.4817864284779879
3982,0.2267305540560134,0.43934435223382445,0.1233118560904517,-0.03324569334723544
3983,-0.49735634029529147,0.23325595497391163,0.9913967324912691,-0.5923916229021334
3984,-1.4643983737357973,-2.433108626445909,-0.4121734726369385,-0.0845149341300531
3985,-1.5431687276563373,0.09028388329960327,2.2515733495504855,-1.7623951440523298
3986,0.6591483996913807,0.4466577703209667,-0.4415133218848735,0.4984352001723023
3987,0.6772685850189506,0.8957510142641458,-0.08170455144491685,0.11311950606207004
3988,0.4064178700346188,0.6713541652786191,0.033164947070129694,-0.11040168698039302
3989,-0.5109003629163154,-0.5060567669854206,0.18918188952200657,-0.2701509691223815
3990,0.32613122812041684,1.1079514247689575,0.5548334813520943,-0.5317595981385663
3991,-0.2497673503224023,0.18462925687065762,0.5482070608994485,-0.37172374442846545
3992,0.11239750411464491,0.1635367025534311,-0.1289603715800446,-0.22077688615314353
3993,-1.1692919395378316,-1.1671302542898376,0.5248461713195857,-0.4346513894247267
3994,0.13065991595384813,0.9271033201361925,0.48863154146680704,-0.9104718996563735
3995,-0.22039159015870555,-0.9150043847381889,-0.5733431546705537,0.4110008846147526
3996,-0.9145949916663746,-0.2910211103534999,1.057728392891429,-0.7004358920709307
3997,0.35836594354135515,0.4947633616073934,-0.09503432850828218,-0.08176425990131234
3998,0.3573705491755885,0.15758017085245393,-0.25258024076178154,0.4512753321259343
3999,-2.6494518096701896,-1.7561513748769246,1.7466756349867434,-2.14752807115182
4000,0.2516140345293236,-0.7267144101855149,-0.9668539523182896,0.9492586517914804
4001,-0.23103787303382003,-1.58304776926389,-1.0647198278032879,1.1198428567122234
4002,-0.2062840772363161,1.2774082822855428,1.468476364630981,-1.2325424258789786
4003,-0.42996198828008075,-1.2757769757383302,-0.5690011498459246,0.5410019408396273
4004,-1.80089044098714,-0.2248643740418391,2.268667521392598,-1.8922516505703049
4005,-0.844423850194189,0.26530803498404903,1.3735170988458396,-1.2363939816656246
4006,0.8786405525509596,0.3778756360729201,-0.8716638462976961,0.6903541927520987
4007,1.265099877625229,0.517728474595964,-1.0275644639670465,1.45901747663749
4008,-1.3502276571368346,-0.05510827103193256,1.8647363798366159,-1.403904495044897
4009,1.1450660528975554,1.2334553967877275,-0.4375286978346253,0.3418732084959266
4010,-1.3398661577287263,-2.2594227157643805,-0.1403265985017869,0.4207158284058286
4011,-0.17596168329340944,-0.9848732216087518,-0.6534435174813172,0.5973012228601965
4012,-0.01370435734079572,0.15124878009067286,-0.005765579647791748,-0.42454657861167555
4013,-0.6388014610564503,-1.716905800584417,-0.7192387195320639,0.5950130346158338
4014,-0.9434265342392455,-0.22200939441915626,1.0439601926170539,-0.9945146550689596
4015,-1.2874790561697542,-0.2944529950991,1.5166168538278348,-1.2155679473906114
4016,-0.20715247130075778,0.4890567436437281,0.652585199280251,-0.770649848244581
4017,-0.04124301680314295,0.4024733299985425,0.3028243879760353,-0.5854505366359619
4018,-0.3413732990391555,-0.8689119747772505,-0.4429063803197023,0.09727908917547473
4019,-0.7168918057726337,-0.748331433281936,0.1374170862256482,-0.5126082837243066
4020,-0.04722142270535939,0.25694967133966684,0.3958357439912554,-0.09117143521780727
4021,1.1197979876968434,1.49060944091543,-0.09699514388146559,0.23112043437417729
4022,-0.8093677856068751,-0.6982562855361867,0.2810791531164917,-0.7107117254164562
4023,1.2953914567469778,-0.34543350071445217,-1.9518341668859942,2.0218176437597806
4024,-0.36595252512936804,-0.5323813068139689,0.05818817359955403,0.08051124166241669
4025,0.7792381211768219,0.06189952887038355,-1.0162229427840734,0.8432753335759058
4026,-0.9835695246231073,-0.6371835372053387,0.8094522298837225,-0.5488017109729946
4027,0.10730119653440018,0.84607632371015,0.6110442902341561,-0.5822625361792583
4028,-0.8431944399987764,0.10929392597565339,1.3376388152925283,-0.9184049999478104
4029,0.23094929971237874,-0.022977572354803008,-0.4702702557608786,0.0514412087061871
4030,-0.21240786343241208,1.0113357449614213,1.074031915293563,-1.3075838390194252
4031,0.10846187325202652,-0.2981357168466119,-0.5046884645620061,0.21754967116036183
4032,-0.3968393817028306,-1.1787856870278133,-0.4892683061816752,0.5657776495193111
4033,-0.8706036796336684,-0.3726835594281434,0.8157224848952946,-0.7728631416745811
4034,2.054428086463725,2.302234105445028,-0.566629673970204,0.7830977858418868
4035,-0.05575558564520693,-1.2864123970558994,-1.0140636074918066,1.1192378451823513
4036,-0.02774837085212646,0.6839872655834672,0.6118600927501281,-0.6720483317433781
4037,0.7424604469742002,0.40771287494396335,-0.4405933438148861,0.8919762005069247
4038,-1.0282904284311014,-0.8514254296606883,0.7242889488137708,-0.34137132892147365
4039,0.823823857754713,-0.5912785378039743,-1.6120816222657302,1.5293197350265348
4040,0.41923764858406753,-0.16374240873877485,-0.6722223600357159,0.7083126945307023
4041,0.18703092802763913,0.03851340860523275,-0.16615570357121764,0.2824371014863538
4042,-0.052755709038711934,1.4174332933059985,1.4322018692441096,-1.085954120971155
4043,0.7093412010532004,0.6869511907023659,-0.11085114443426249,0.6807661608769591
4044,-0.3716422736461723,-0.2641437843169304,0.325786089829551,-0.115705731876028
4045,-1.261861483351164,-1.6843483058791573,0.09464740686370834,-0.2751035305332061
4046,0.7175920977058525,-0.29490584007153686,-1.2209520330506094,1.1236496183843472
4047,-2.0345911035516,-1.2973159166832229,1.5306151382374473,-1.439070722435801
4048,-0.9054517811948749,-1.1785819124458203,0.07557155169551022,-0.256428485722
4049,1.4710265143065504,1.6703413520126795,-0.3326861020186513,0.6367226896869179
4050,-0.0856680791671097,-0.11779442472338338,0.07308498239931768,0.10724934641116587
4051,0.9595347256317892,1.5811681071965216,0.18501532115852326,-0.06302928869178309
4052,0.9937761618325089,0.6549904574614736,-0.6154858518195649,0.8844876434578329
4053,-0.8946897223952393,-1.3132386050820473,0.10565329505401914,0.16041796443668013
4054,-0.059262375714546754,0.299013777042496,0.3487771909556139,-0.31885980217035714
4055,0.5012510201202159,-0.45802914089123475,-1.0736412456431492,1.004210759057486
4056,1.274863333349159,-0.05368686518350782,-1.97735953239912,1.1986038100649659
4057,-0.17876487661075577,0.5455866962119233,0.6973001979412632,-0.7268383194865797
4058,0.6863215910735336,-0.15900653697969408,-1.2742779170189291,0.5894749767926422
4059,-1.3784864311577134,0.09870540857704414,2.050544683716079,-1.5486844967534228
4060,-2.5685097899961504,-2.4175032144772213,1.033341464878759,-1.5190281200249725
4061,-0.5179113919265652,-0.2577216552961125,0.5342415161187809,-0.2863460254097562
4062,2.7258521931140685,1.8145221725179745,-1.7966892022721133,2.191405881109483
4063,-0.002680773896819274,0.2927300837075667,0.24110395536675003,-0.29137178524461466
4064,-0.5515264353933629,-0.3816628038887556,0.29320100164903523,-0.5323729660778932
4065,0.44881547450099385,0.9589472572417346,0.27627298389253774,-0.224675023352168
4066,0.8241062538591669,-0.18495384398278186,-1.365664152736216,0.9834974854526236
4067,-0.6261791971273136,-0.7957642075460132,0.047221998108661734,-0.23286037650846106
4068,-2.1967028624817706,0.11115437290037333,2.9396471643754563,-2.935192789469131
4069,-0.12194345106558072,-1.6019523756778389,-1.1861280926220672,1.3413178136656545
4070,0.9401846367685524,1.7947295479594039,0.6385260574703047,0.1520097824838316
4071,1.8014553033690028,0.5210370582059909,-1.8579316845519154,1.903448129209844
4072,0.30852256059763294,-0.8506167502330871,-1.2503051815344461,0.9519295095993974
4073,-0.17176953914723134,1.0662597844915735,1.1497699397829282,-1.161363099502341
4074,-1.8009658644604398,-2.2778034332716897,0.33462304274557425,-0.3453326714155103
4075,-0.8480346932750796,0.047434778469739265,1.0823282985029852,-1.2367159339081903
4076,1.501461815153207,0.16922402069807907,-1.6066730689071027,2.124182566042788
4077,-1.4694060871166825,-1.3803434652764488,0.6402389488939402,-0.7888816624189218
4078,0.33042558572992786,1.1925470977084096,0.6937112304911407,-0.4757488298969027
4079,1.81771977479753,1.6581253241282068,-0.7874916110352315,1.1032293199733676
4080,0.2717247841950892,1.1494027304863426,0.5716096544900849,-0.7967981964320539
4081,0.3532475293817759,0.17861241725805393,-0.46567619849225916,0.009761212068607758
4082,-1.6895099712168544,-0.28970884532152447,2.0239047359221094,-1.7692585994608823
4083,0.50682559831588,0.7948870058202809,-0.055757181724279625,-0.20676178259094546
4084,-0.22843824672263016,1.8526394957184167,1.9283944770434662,-1.8899338643245835
4085,0.9045763099294348,0.627732866278355,-0.6564748450099569,0.5591341260703184
4086,2.393011584969563,0.8341049718334926,-2.64906407948025,1.8661339064723497
4087,0.29968461170462585,-0.4883535196054386,-1.1363341173415102,0.24626938754821495
4088,0.1659306735932547,-0.2762977679133781,-0.494310405620629,0.38855208832371924
4089,0.2287606845790723,-1.259423732759759,-1.5611635049808164,1.1059204749959806
4090,0.6982558113987676,0.23262858625754756,-0.6999353522243029,0.6993527180489372
4091,-0.04885498081883077,-1.2593988720955507,-0.885225679133222,1.3059576774169648
4092,-0.2520515550990581,0.3824674691599198,0.8410910980999147,-0.3410853013484796
4093,1.6331341618521755,1.2275344148786864,-1.0485178564812512,1.023024865989476
4094,-0.2549689893143939,-0.5115170604830468,-0.1673435640819626,0.028962192722101137
4095,-2.100866393900657,-2.179555545453432,0.6989498663266045,-1.012022547927652
4096,0.1717297023861151,-0.6435974870897343,-0.7539403610477118,0.8385289399489414
4097,-0.5686796332577874,-0.8177589680994114,-0.14735733935478165,-0.31746494910617673
4098,-0.4101441438084913,-0.7518290077699757,-0.020831329682048955,0.31324933412919514
4099,-0.5060961801031064,-0.23464447079223028,0.38776364252650475,-0.5582875560907457
4100,0.49909966815820095,0.9066054343652917,0.013453210966974523,-0.3821594524890737
4101,0.3572853462274808,-1.009138527108245,-1.25871733496961,1.494364241636089
4102,0.7642211184186216,1.0607959554407496,-0.07201595197157573,0.04235325943125039
4103,0.21718034563326227,-0.6764944352734479,-0.7944590344806349,1.0089968799779359
4104,1.4468649474364357,-0.3828197557822095,-2.430508813303044,1.8091172373186646
4105,0.15193945885424687,0.7151324252183856,0.4071384759728791,-0.46610430600360203
4106,0.16849361596192486,0.06835417570706936,-0.03158965167220652,0.3814939948850388
4107,0.3580772123862413,0.5381819205717381,0.18311158282575962,0.30304752825452064
4108,-0.9334437067996553,-1.5408936768078236,-0.22158523261474125,-0.00551078009476608
4109,-1.4475205696045537,-1.9490394760731482,-0.09373129132957424,-0.6317488137383421
4110,0.4283076728247138,0.23345706109539316,-0.33878675132854885,0.36947642001217995
4111,2.0547791604051313,1.4919813619366977,-1.3567863329635823,1.3476616248395743
4112,-0.24811653179544182,0.03882017002016155,0.21113523875470208,-0.6082774890639078
4113,2.203232987628964,1.2917676764928092,-1.7005412793322143,1.755558613708165
4114,0.604453584653685,0.3909030851557244,-0.4407972194887287,0.4388580199125399
4115,0.1256426289891582,0.6104932681908831,0.16816252665170042,-0.7289556510637084
4116,-0.9299037707952882,-0.6471359921340075,0.41693940387875517,-1.025417692919459
4117,-0.34954597450759545,-0.28699598456083614,0.5177492425651526,0.3571738559721365
4118,1.2804214087096952,0.02531750215660155,-1.8529560873069253,1.2471025477694841
4119,1.459432259128072,-0.7606757967762368,-2.4572013408896614,2.7197639402999756
4120,0.8721774960732336,1.1712607693493555,-0.20391774525865566,-0.07128051651201121
4121,-0.2946731681799006,-1.6933424155641992,-1.0998118294234989,1.0968836027209592
4122,0.1713567972833387,1.6254079635715113,1.038810817226214,-1.4812431940651527
4123,-1.2737313299014958,-0.18383613757728973,1.468172750084199,-1.519115284243283
4124,-1.60268279489913,-1.7596200792623227,0.5812701110380553,-0.4531328217601719
4125,1.8027417414338895,1.5420634393259098,-0.8434204879575589,1.231386954165872
4126,-0.46798062897778964,0.22999818612611767,0.994438426963323,-0.4741385674652284
4127,-0.20644065866435485,-0.3140401826034492,0.13201352940200886,0.253545984740019
4128,0.20197363298809898,1.4047848091959074,0.8991907788137709,-1.0851469524670763
4129,-0.5746926679848059,-1.120620887241222,-0.3478355053734489,0.03897926456459635
4130,-0.4860572840418575,0.5872609741854987,1.2861205289547393,-0.887210791698974
4131,-0.8835523270547894,-2.3274268703671366,-0.9505064561192446,0.7868937904239305
4132,-0.40951957130794236,0.03474007515710942,0.5942004585544767,-0.49958542848578036
4133,-0.9875437599895535,0.10906173578810457,1.4127063127333492,-1.3014433554113307
4134,-0.3026660662332332,-0.25488159145289524,0.1502295074591005,-0.20122957185963103
4135,-0.7363753135577865,-0.20917582230232673,0.568577246153382,-1.1240396073818624
4136,-0.45237008319036576,-0.7681788162593421,-0.16816999119520903,-0.05815858816932329
4137,0.7914940313266734,0.20282176727223833,-0.8617181752589893,0.8192470160788974
4138,-1.3189695275612923,-0.5584344708814428,1.3140091345062759,-1.0478875382879542
4139,1.2026125898160498,0.012208454196230338,-1.5844896776507498,1.474264386029738
4140,-0.9595819813197874,-0.42181737819596615,0.875378782981147,-0.8670080452795335
4141,-0.433248894357454,-1.6338817431530515,-0.7839941352499328,1.0150373293370145
4142,0.9166707724105363,-0.5873764201011495,-1.6987630757194443,1.6988836436182957
4143,0.6314293220032086,1.4731063969968181,0.5894108833111319,-0.2614605225054207
4144,-1.788489929956276,-1.072490616882529,1.5526112969469756,-1.0635904308479212
4145,0.6921349411687681,-0.25562175805485554,-1.12145564273915,1.1132820461876058
4146,0.03411364002752877,-0.5196683097790216,-0.8218119588767402,-0.0725711681602908
4147,1.8890829087924677,1.8408738792824735,-0.7860854986763892,0.9193511579710016
4148,-0.7187611146766041,-0.49307544319643976,0.6104050815233544,-0.30143706063331066
4149,-0.20297880032410834,0.3239316798517105,0.23703736418821203,-1.089976954278039
4150,1.003844777050449,0.579579019825075,-0.7507048650729603,0.8640918719740371
4151,-0.003725157295864331,-0.22623522374446597,-0.3200950179306121,-0.031529384317779414
4152,0.7608431204564191,1.447697256432948,0.5190249327935059,0.13838737502727483
4153,-0.20945955109381093,-0.7727028818661577,-0.3468681083488335,0.505885093920439
4154,0.5836713295832633,1.1935799952299033,0.3579111192513369,-0.16535695553336968
4155,-0.8202231963745563,-1.7593549717509875,-0.11312756593566985,1.1183504056705817
4156,-0.4215175273298016,0.17895871463920712,0.8701894030320675,-0.403948697162346
4157,-1.2294062955985756,-1.1426066426888477,0.5331037895173496,-0.6942314211963562
4158,0.8026069973739888,0.4089184089303015,-0.6512817636855779,0.7323666419622882
4159,0.5257955993445752,-0.7568831182693931,-1.3114679846356672,1.3943204329802714
4160,0.8523859994697013,1.1003552592060493,-0.20724252253998535,0.023391348844537974
4161,-0.5159609030663497,0.5837624162356536,1.1929967420189505,-1.1499613305140084
4162,-0.7914799521964876,-0.06832840113931433,0.8647103659463723,-1.1388224007182959
4163,-0.5133215467438537,1.0212190538348807,1.6865262076926397,-1.3265850696678534
4164,0.06347045215643889,-0.09878118352190944,0.018575694185318774,0.49830902695373586
4165,-0.29389982527845204,0.010556370930017971,0.3907063842538786,-0.38685376868780585
4166,-0.6851567785022822,-1.372255287804596,-0.32642105152730333,0.2897481774806971
4167,0.41279950403346183,0.9241967777189909,0.4782745956034258,0.08691062362088131
4168,-0.412918257197308,0.3964380383439033,0.9807050641338713,-0.703603597434348
4169,-1.9740778386060733,-1.97828858714082,0.9101548365279511,-0.6723455706181501
4170,-0.9861670949563202,-0.0819126458056285,1.0806834582156606,-1.4209602935516863
4171,-2.122928538852463,-0.824955447741355,1.8767344900260112,-2.285327030390272
4172,-0.7023132701142049,-0.7525006342696233,0.09857809646612876,-0.5189427260255917
4173,0.7233867402523603,1.3413174291773968,0.10367229096285464,-0.47133535150864597
4174,-0.15195202349497533,0.28467466818998277,0.3495628120444968,-0.6141942601335151
4175,1.3048702317640535,0.6952758273485283,-1.297722205209904,0.6956413025059723
4176,1.0259700077540532,1.7320313395727183,0.12647102593560927,-0.2932672665027558
4177,-0.39452234430030636,-0.12945426408741043,0.27663997650694977,-0.6095880437683171
4178,0.8478111722255588,1.6171852366969435,0.18608110506464465,-0.547563637515829
4179,0.46037054981222164,0.4443134270113153,-0.4064863726368752,-0.14472335757923868
4180,-0.65275688878494,-1.3005355291299026,-0.4414245802117739,0.029416761845697637
4181,-1.3666686541119928,-0.9987676058429623,0.8627366874468881,-0.9508469657253891
4182,-0.7696600307989354,-0.3923180308641381,0.38695657032614045,-1.1210350688109145
4183,-1.920343120975875,0.1150331327495754,2.565459804854898,-2.6167711850857707
4184,-0.04861383116913278,0.13647106302671766,0.420161204953631,0.237816750852827
4185,-0.5296182634759887,0.3106503783527566,0.8924773163853615,-1.069216961435333
4186,0.4795772361535607,1.4204831635755353,0.5894353142354524,-0.677154775037981
4187,0.4990767813234548,-0.5614467886400296,-1.0801209521881001,1.234838990319365
4188,-0.29791422486747876,-0.7422706963849608,-0.24108364532413482,0.3027830304808829
4189,-1.6603548912243928,-1.2318611176550172,1.0937305545988272,-1.030116395105073
4190,1.5207041005479127,0.26053189367108537,-1.9283337480309233,1.4048875748009477
4191,-0.46569393810582815,0.269266596968364,0.800382896648971,-0.9031996314269619
4192,-0.05479773905949562,-1.0693042451313564,-0.8512951378531091,0.885351588752428
4193,-1.1195939639778039,0.6048271782378934,1.978974870681122,-1.9721019760828273
4194,-0.6068830824996696,-1.0310744217780543,-0.19193100506348018,-0.017360738001740508
4195,0.30082389379766833,-0.26360233626306256,-0.46953943451627167,0.8838222485281055
4196,-0.31258085626437804,1.6927903815474137,1.6592804944049049,-2.279378776904764
4197,0.6808807790736896,0.07185370414896218,-0.6173730059978576,1.1712976809262376
4198,1.7851646428340506,2.0719887515322437,-0.5484504641888988,0.40878872261231153
4199,-0.21472136052333957,0.8737593012134953,1.0415377719241785,-1.040831065248659
4200,-0.4092539901340911,-0.7024294581640662,-0.13888891058611638,-0.011195536517975042
4201,1.7217648565969723,1.2198901658475214,-1.3163652361269618,0.8857780139269666
4202,1.4724416815723833,-0.5278892120884893,-2.418614512957414,2.2719921160946877
4203,0.5499133236701635,0.17862775766815495,-0.6917152291106753,0.31399263985668685
4204,-0.765851324313599,0.09257760943847321,1.1375462427078353,-0.9545484386944555
4205,-1.085980913396774,-1.2702943856772846,0.2908249657817369,-0.3004822391093199
4206,-1.2953817496232425,-1.5316223193064689,0.46863320485531945,-0.10406360940418441
4207,0.1042740737513352,-0.9441145904609424,-1.0415428917091478,0.8159410813871286
4208,0.5576225064431317,-0.23083464283375058,-1.0745273163421727,0.6553231175196206
4209,0.6734150659008858,1.2936181863149352,0.23369746048853096,-0.3053474144430393
4210,0.7573998335039732,0.41764502228542566,-0.7950468414133205,0.29602708286462664
4211,-0.6654340741566417,-0.5911449017030146,0.4427974646129816,-0.16959295836672492
4212,1.7925192017477651,0.2540477707318837,-1.853849797910254,2.523688156932434
4213,1.9237601093166425,0.5135090372008859,-1.9384285038617846,2.216846492506792
4214,-0.6077997834819082,0.4231163542688064,1.1160887139028972,-1.225885492405517
4215,0.46921805266702,0.41270505931338874,-0.3582529170838697,0.04836284533831354
4216,0.5622898446604639,-0.41301600083174195,-0.9740598359515269,1.2893716148398884
4217,1.01459296762335,0.2816954760963627,-1.0576219803727056,1.0806395747645337
4218,-0.34725222257701155,-0.44099266404557624,-0.06925277293818576,-0.2982542359920529
4219,0.11944633816307648,0.3526873059579909,-0.17431860225873416,-0.7325473678376127
4220,-1.3035158955717006,0.8875580151208874,2.4678844466800385,-2.450041277808449
4221,1.564182230349846,1.7334907037666076,-0.5949693281847103,0.35444845429825805
4222,-0.1793809016588236,-1.1063686641329344,-0.8084865905564738,0.6050398035878198
4223,0.963461393261799,0.6199713419952583,-0.708191333268004,0.6971516756453533
4224,-0.9997605388433065,-0.5200424328866331,0.8028034525110702,-0.9013999739965146
4225,0.3856884119666897,-0.17646847571850327,-0.7689824648745472,0.4484052684044588
4226,-0.2039232107067092,-0.2081637731090121,0.3665820105148726,0.4206224008518266
4227,0.6288172404985027,0.5609365337140645,-0.3923554071050774,0.20066120369140675
4228,0.07542737176299118,-0.08305623193312055,-0.18968133967165826,0.13563835111081957
4229,-0.8902798125165905,-1.6811845617749552,-0.40171594141111183,0.16990325405029957
4230,0.11712349683618453,-0.007376571105943834,-0.24507227633911863,0.0041488867699352745
4231,0.256357726695165,1.186263845255148,0.7109111025189064,-0.6950127942514108
4232,1.2148017518520982,0.4943959107390145,-1.1600482557364369,1.1018291796474373
4233,1.535445151819141,1.0541222797334624,-1.1206996642489213,0.9653651474101086
4234,-0.9282876663835051,0.5465832214360844,1.6289685990695695,-1.7650049783482118
4235,0.34025920060509596,1.0563893988650113,0.5972935880914104,-0.2817784169726851
4236,0.06428579303844124,0.7593557066773837,0.5128349062407798,-0.6998142142715548
4237,-1.1790539306543397,-0.30771788273298284,1.2097716135224967,-1.3372766108237715
4238,-0.9505229397083442,-0.024524304649249238,1.1379502480418247,-1.3311354994104354
4239,1.7777748945580945,1.2017617126596152,-1.4177412610524693,0.9509471547703429
4240,-0.43914984708004823,-0.07514363037342228,0.41947714794341345,-0.6483230282727652
4241,-0.41569597423125915,-1.2171809847331077,-0.6259246120795213,0.350017680970587
4242,0.8655912703898464,-0.29946986291511885,-1.4900982334357769,1.1889092023777048
4243,-0.5693589611859422,-1.5329485150711213,-0.6443668250028348,0.5309645853404493
4244,0.8744936584776699,1.3561641737894945,0.07908734908063843,-0.010377950682344862
4245,0.7821982640139034,-0.5986349300061131,-1.3752750100839162,1.8160801195792835
4246,-0.1825668975286305,0.33624497042597273,0.5691587404025503,-0.4607892531585468
4247,-1.2260572875001259,-0.7488050753905149,0.867230721331904,-1.0440917353660122
4248,1.0620961318026343,-1.2255750883872993,-2.5481912485368605,2.2618644336034497
4249,1.9826476165604214,1.5789992240828705,-1.2480178495284564,1.0714805882198608
4250,-0.198953243722486,-0.41372403564592214,-0.11966998908217517,0.07708064221225229
4251,-0.7387214346888913,-0.7226166465337236,0.23994062508183386,-0.471886663929364
4252,0.2606291559062587,-0.6759084880718454,-1.0703810334636594,0.6760988754393179
4253,-0.40595648254400574,0.6414650382442939,1.1509104683414189,-0.9703505191255196
4254,1.0906266313162691,1.1539100687465456,-0.48977080803573925,0.2472476203217883
4255,1.602276231681299,1.547689708774053,-0.6989529590955552,0.7560261826098476
4256,-1.1246976174894283,-1.529883057027458,0.2406883909455201,0.09975782119378297
4257,1.365925081762841,-0.125286608461198,-1.9286637710114536,1.7830270709779308
4258,2.2725157291860483,2.4185322067855517,-0.6358848722422136,1.1596128728575328
4259,-1.4460030327622733,-0.5900780085965509,1.2986937188157883,-1.4526029485824699
4260,-0.5466722569642413,-0.8754665071545925,-0.18183369719148237,-0.1602084174893591
4261,0.2543414358855236,1.14262488988066,0.6288165625787238,-0.7416387908822302
4262,-0.5324747633681937,-0.26708998922347604,0.43499132588755174,-0.4908848600636332
4263,-1.003065093248938,-0.9278081228860962,0.4105249793379737,-0.6202434281822932
4264,2.20119376752307,1.1914739235739715,-1.8157544131967975,1.7872843206848685
4265,1.1001912197046575,-0.9129986779527133,-2.291260362904386,2.096243559831429
4266,0.1342884515436295,1.0938012847018277,1.0176801606567933,-0.36680254804594375
4267,0.4522085343860214,-1.0617107706797426,-1.6274315609756829,1.310188866995985
4268,0.38103919294979033,-0.04584500017925945,-0.6848767192009232,0.26461630437015954
4269,0.3060430745169328,1.9411666081844527,1.2886834546293364,-1.321696224867639
4270,-0.10949552720556521,0.17624777533034675,0.2650293622287104,-0.3496227007126536
4271,-0.4755742874318193,0.07012516231753378,0.647398047033732,-0.7273530582941495
4272,-0.9601727782660445,-0.5157000276291036,0.6034872056155073,-1.1220200543884933
4273,-0.5696058695585312,-1.241987098575951,-0.29794099602510216,0.43838599366870956
4274,-0.2530960169343622,-0.3744575729327326,0.06001192518343839,0.10567750788993546
4275,-0.5112302955267131,0.5850341362777005,1.1994392888094663,-1.1247552214224037
4276,0.25272541304128665,1.0395382315762896,0.571273563043868,-0.5999056912726267
4277,0.06411213738618353,0.7659588861031703,0.657813930959063,-0.46060005660547937
4278,0.0967593258510545,0.5587496656913415,0.17705390101173074,-0.6915242284006472
4279,-0.4649579884380952,0.7205648997687615,1.1159510980272382,-1.43404358570314
4280,-0.20491582628461555,-0.01318519393929481,0.23745197752317082,-0.2817736907913851
4281,2.334268197370067,1.4286518548217009,-1.7792548543263373,1.7544473126817686
4282,-0.35291167447255467,0.4362967166201624,0.8976436150287562,-0.7319181236819803
4283,-0.7530190828928077,-1.177346917766895,0.0816415523229022,0.2962359616966218
4284,-1.1589223623299085,0.2700312353283132,1.7923838272205765,-1.6331119898012736
4285,0.294600475086378,0.5512441266384404,0.11915239622919309,-0.0682769274412462
4286,-1.7952615012297481,-2.2434365991776537,0.2758121750586069,-0.5117222648090478
4287,-0.16866298548274958,-0.8831614425423993,-0.4658047528026521,0.7087328341121922
4288,-0.09289670065161132,0.801194803964066,0.6941599656523458,-1.0428946494752367
4289,-1.3782959854257473,-1.2136591935071261,0.5301226241512812,-1.0601170884215685
4290,-1.8458400285100458,-0.8512479961451663,1.3686671236795698,-2.1276180463660728
4291,0.7275962514135991,0.5620391522383044,-0.23934073490293567,0.8210911824194338
4292,1.611193337254615,-0.08672331458977751,-2.075782760070459,2.30712546644918
4293,0.9941498904709213,1.452462802160317,0.17662302978080485,0.3568337054276633
4294,1.1136011899867746,0.31861222659163857,-1.0572632505775108,1.346039157594361
4295,1.3072186553801926,0.5886512876500145,-1.2933077333761354,0.9694054431637749
4296,0.46184947791020176,-0.502768710403052,-1.2264036254588255,0.7019140542414093
4297,1.1160579247719924,1.8202434003181198,0.13990223711496694,-0.16061110343723056
4298,0.8089472815342111,1.0397125863374979,-0.15041936705110195,0.11485220944992439
4299,0.25432722388740686,0.88600695681491,0.3039918792010821,-0.6948486655631518
4300,0.7043195799016869,0.8788815201886857,-0.10579603004466182,0.20807354197335884
4301,1.3952902506743363,0.09855796631491573,-1.7137173377535855,1.7264794922249798
4302,-0.4982573849180554,-0.8641952859285155,-0.10377696262791668,0.1233591638560908
4303,-1.3453614193829566,-1.1380752762226076,0.9990287646141383,-0.297679304902494
4304,0.22286977929001645,-2.1092130915069496,-2.2245425984763507,1.9673547653729226
4305,0.20575702642599747,-0.8659084001183636,-0.8746984194030762,1.2841730094176784
4306,-2.260067045292437,-1.5269723776993729,1.5852114928249887,-1.5940135863811582
4307,-0.2958089061917042,-0.20668702991282303,0.1307381519963959,-0.3275311785494141
4308,0.9200528527072263,0.1829622648494909,-0.9098486761467565,1.2418970201835724
4309,-0.04240441081127767,0.2780189788655444,0.17785168481628946,-0.5094390646535628
4310,0.9270165163005842,0.10902222489792629,-0.9957136831186606,1.2939220822652122
4311,0.5611612456357574,-0.2337387383015799,-0.9235215584950156,0.941409278071577
4312,-0.8049891759498988,-0.017613378348111223,1.172108955459864,-0.7672891328812845
4313,-1.074319112203799,-0.5252743729473023,1.13691806008338,-0.5658247654397692
4314,0.07068247752397239,0.7462701564706219,0.2829866914773447,-1.0508563186627653
4315,1.3526663279751325,0.8445830473075939,-0.9016035592393075,1.2046907180870063
4316,0.4686090360905615,1.6473258948556488,0.9620440019330277,-0.6069709895594309
4317,-0.3135798638735382,0.7130482404226852,1.1224647608048623,-0.8632244269984554
4318,2.0592324884604243,1.6564358014264877,-1.2681446776269514,1.1226887542325912
4319,-0.36494897603907467,0.03510397678746525,0.458654054801794,-0.5802718035261826
4320,0.15518872564385766,-1.1964014000408163,-1.325502578153858,1.1064343115765798
4321,1.7949897902660392,0.8732960269662462,-1.6430822849310358,1.4084170734753445
4322,-0.3039346358105994,-1.129842849765421,-0.5790644469506178,0.6212450847417729
4323,-0.43961390525823485,0.8181301400691723,1.389728178457528,-1.0961096344732195
4324,1.9033837214149674,0.3043927357794923,-2.1238655732281013,2.322011690371296
4325,-0.8058539553248619,-0.5346782910182785,0.82738387750832,-0.12947032818637658
4326,0.35457583206994076,0.1795523377356421,-0.24921432914891203,0.394143153457791
4327,-1.5638951990590262,-0.36777676763751954,1.682013659048218,-1.7347975280037096
4328,-1.8999253451375768,-1.2128387641912457,1.3970945364353022,-1.3972958031802805
4329,0.3396987339682721,0.6844147398432749,0.2638418174726227,0.026513289521039
4330,1.4012126726406346,0.3043236805093752,-1.7482766155614156,1.189596527108598
4331,-0.697438762968505,0.10619782005007031,0.8705235228158595,-1.2139891268964043
4332,0.545380165848207,1.3245658344424336,0.4503747013379704,-0.45554363576981727
4333,1.1803896720468643,1.0048548558534798,-0.5075860620142238,0.8967970534854344
4334,0.17227477533751162,0.6153001486663493,0.3806782540677255,-0.1989187726414265
4335,-0.016062653696303445,-0.2314683521329411,-0.22130173635524664,0.11130793829553641
4336,-0.07943770716803258,0.6157391433489677,0.5755961743225653,-0.7559437419561791
4337,-0.38915950872911703,-0.17297640178794194,0.3972660623563508,-0.2724559728334967
4338,-1.3281788994280916,-0.8798473551078533,0.9710584065190171,-0.9094197948187611
4339,-0.18532376996525857,0.9743069177605542,1.1172927373110377,-1.0449814049025916
4340,0.39745274780663964,-0.4291990756700277,-0.8946671176079838,0.8792551483997494
4341,-0.15479305967668794,0.0580407392214869,0.340073662036301,-0.09359729587748866
4342,-0.17988753958722944,1.1524070864441966,1.2759931046018242,-1.175800760599111
4343,-0.4625998967735661,-0.543474689860569,0.21765080105860418,0.043141363861462584
4344,0.30909879545388813,-2.006821818052867,-2.2209052665997024,2.0346825142002856
4345,0.6324369419167194,-0.5322675361806678,-1.3323097580781837,1.196166936468332
4346,-1.5054613956755982,-1.1282783803727272,0.8826368296597267,-1.0990454460413872
4347,-0.23779171251091596,-1.259425668647641,-0.6175047121601837,1.1029243092195808
4348,0.134981280029659,-0.5339578370263306,-0.6480907316602826,0.629042012555279
4349,-0.6880574575299054,0.12851877068656,1.1639674031513,-0.7166502472792758
4350,-0.5568490381425643,0.4053636681333129,1.1648561895148797,-0.9148124254367893
4351,1.2527435975402963,0.36763704748533416,-1.1679536547359122,1.5297418060103953
4352,-1.240146127560728,-1.5284293734724181,0.39101629762670526,-0.05125230056706088
4353,0.36257152616625427,-0.41676108420804986,-0.8792837468924656,0.7516503468807176
4354,-1.4897974289951705,-0.9438525950853679,1.1914629059634145,-0.9437153303470288
4355,1.475345940549682,1.603653824755325,-0.6951068433954247,0.1738465631158943
4356,-0.45472683259577473,-0.7908009703754537,-0.22735884802915254,-0.1163609339414989
4357,-0.05050526229429087,-0.03712811972416973,-0.10474557008494322,-0.2756634199379741
4358,-0.4976222645470386,0.9174426632478507,1.3460291130984348,-1.620500778010551
4359,-0.9364521960915864,-1.841887123557121,-0.3535776282708082,0.4779902487167555
4360,0.7061209039140474,0.9348920811763447,-0.1559807297515898,-0.009336278863683777
4361,0.19997340489556634,1.0950655555528779,0.7571508932195143,-0.5946887352142689
4362,0.6502426963621614,0.8442751437221867,0.002462972566252707,0.28935412268522426
4363,0.010540998680285284,0.3026746849264354,0.16608543258821387,-0.400483783564365
4364,-1.44588069449153,-0.5843939391969192,1.428888485384221,-1.2361941374063987
4365,-0.9043360710625443,-1.0759067794826707,0.3402352811095289,-0.03353271181911493
4366,-0.615416197413237,-0.12340494815680529,0.5201773506764139,-0.9842119460832783
4367,0.1951503498683521,0.06381645979592968,0.07148582883233405,0.669608653650473
4368,0.047282184834794454,0.5129398737580864,0.3638325380523216,-0.428202648941089
4369,1.0157493358533494,2.135268976561844,0.7206291486890831,-0.25566044966266155
4370,1.9330654638348816,1.7397495339146536,-0.9940373355340899,0.9539897226690661
4371,-0.035942029653791056,0.9246070725072069,0.8774835349025136,-0.8139823086029249
4372,0.9484616601940267,0.8546110829102818,-0.5438663502001483,0.36661180399370796
4373,-0.44742936994070287,-0.5902760096226761,-0.03590775494046426,-0.23691741512652525
4374,1.8212382767584707,1.0463453922249049,-1.5044275329272347,1.3288355377759462
4375,-0.14636394071327127,1.0302901108298925,1.0056283231169985,-1.2379543307164753
4376,-0.20162704977817567,0.08840611156400671,0.3738874311781215,-0.274724289353654
4377,-1.1547285245440118,-0.8485141540994786,0.8073680227761042,-0.6538370417220088
4378,0.15516907625675347,0.17133176855173873,0.011092714284886415,0.16039400303807638
4379,-0.6939910298833342,-2.0605476427262075,-0.9275239375591137,0.8603947185856192
4380,1.633093464860867,0.9274965279798717,-1.0142399091972085,1.8081782266961066
4381,0.06646246312878411,-0.6877411430940685,-0.766072019306133,0.5474413057876503
4382,1.1466774309496213,-0.013187538145723375,-1.5722833364056674,1.3571857205790678
4383,1.3658254194585164,1.8082437151347162,-0.036255244912140654,0.4504877124546052
4384,0.5760648266574029,0.40385817751914815,-0.4213545460992184,0.3403759944901465
4385,-2.5909172712064086,-0.773955291659691,2.482057510368344,-3.013593666725237
4386,0.26111280349254573,-0.3480993078492744,-0.6225244881804965,0.6760706283758289
4387,1.5542410531932966,-0.2800876305328058,-2.394877723991784,2.0076679314469588
4388,0.5680662652318053,0.34815042130964574,-0.571431744865129,0.18157717778420873
4389,-1.7378425740497432,-1.626986982448296,0.7600077616787883,-0.9413855190667066
4390,1.5309001742205142,0.9883938540784003,-1.1735709833825774,1.014620802038671
4391,1.3120801574445629,0.25849196483641596,-1.5184229327123184,1.3872025971973692
4392,1.9926543058794457,1.7961609483594314,-0.894378687207931,1.2065675868910208
4393,-0.37137066719541245,-0.5152344880288543,0.2372707892723924,0.3356746807162091
4394,-0.18651952542878375,-0.3098281666785871,-0.0064861852065152105,0.0702324985719274
4395,0.6570071345507658,0.015227379837820904,-0.9028734643956698,0.719037947589058
4396,1.8978375635957634,0.3121502859192753,-2.2751737697423713,2.016490684435336
4397,-1.814584727992589,-1.6895808132560546,0.9466591706456017,-0.7352129498222096
4398,-0.07034196299269257,0.1775903810013051,0.15473196162741412,-0.4074921577816317
4399,1.1860512551954774,0.6610358868935151,-0.9783541775239362,0.9170471794238585
4400,-1.0608633876373914,0.3638329455339266,1.6605883612310517,-1.7416867044180295
4401,0.4688155465589002,-0.9740847629720831,-1.556568858285987,1.2828969921791418
4402,-0.2192007534361959,-2.196499767309103,-1.6514539671300388,1.60894225405638
4403,-0.5851314299043365,-1.0876881531849723,-0.21784096800150698,0.15145290607930229
4404,0.19297814677069744,0.16564824672140824,-0.19704204461684674,-0.05792307354454431
4405,0.658386313973372,1.3121530343983216,0.24703754809909098,-0.3803144238375664
4406,-1.6836635362731163,-1.648985036000706,0.5369218090174478,-1.0881470312200845
4407,0.6441243951022954,0.45546352160869735,-0.43842283745739224,0.4289050405763987
4408,-0.7478012866488614,-1.1471572486140225,-0.0032183849055040323,0.09223956352280753
4409,-0.6674617562807191,0.5362127642034198,1.4607277575620237,-1.1043414339828164
4410,0.3707224706097284,0.20296147368150141,-0.014584204866585168,0.8092737529571135
4411,-0.6935811276194351,0.22729942459036812,1.009370434892225,-1.2477839902722088
4412,-1.104097527202772,-1.8508884766499036,0.042558304716149783,0.5993157719866268
4413,0.19274382963157816,0.11089310467561443,-0.03660931103348292,0.3565667825926979
4414,-0.13209900659119875,1.0793573899280395,1.025417676712897,-1.270578834836576
4415,-0.8370464415447973,-1.3317976350223946,0.010437485040574263,0.24333458748093018
4416,-0.2484549132134735,1.205300818292565,1.4202060009478927,-1.2942694156664563
4417,1.1241360837632859,1.3479694540559093,-0.3709180609934374,0.10793156777917444
4418,1.771956998045643,1.3268345152839143,-1.0771678444163921,1.2288757132903203
4419,1.412302973607783,2.168985128270585,-0.014374297923522883,-0.21622082504052886
4420,0.8612660497821552,0.9832437713397226,-0.272628553931215,0.22269072930629655
4421,0.6097608607140194,0.4717523620142622,-0.23200856171753262,0.6308842405437741
4422,0.3611742569239044,1.161644475195493,0.48644577537844663,-0.6568492081370024
4423,1.761682751784659,1.789368954006586,-0.564690230508799,0.978934579314035
4424,-0.08079358935944488,0.48895050491978015,0.3760967304100531,-0.8064760770942055
4425,0.10039696035318153,0.16987917549918452,0.2132593580344971,0.32477868376981234
4426,-1.8685499002911605,0.3232095011291306,2.767605714756958,-2.577872957162372
4427,-1.9831365645972385,-0.5552460476616206,2.0387630820296954,-2.151266657434319
4428,-2.2961814202639323,-0.7721638790887776,2.219786413912998,-2.4269819229278813
4429,0.9062321719823966,0.7181025159163291,-0.6096436341610497,0.42936585316062215
4430,-0.1833062970071878,-0.8893110794620234,-0.5137207200733579,0.5867017100495285
4431,-0.4363514890951983,0.6245846743657449,1.1934341165983535,-0.9632074910759892
4432,-0.12147856466741293,-0.2611179381361782,-0.21072676009549327,-0.17526427284321153
4433,1.7520696934821927,2.1767713130588504,-0.3273077615418168,0.4275080913486961
4434,0.2874319811551189,0.45065871603817925,0.23541444633216807,0.3542085165657676
4435,-1.825809242843616,-1.126779382306649,1.2841729403219522,-1.5394621503352603
4436,0.8886209660623202,1.1899523971391304,-0.007236511101591027,0.28935436784659757
4437,0.3977582799283759,-0.7327005086485631,-0.9891697890734558,1.4468055478310298
4438,-0.7254015082940202,-0.562594847507789,0.5480864777392119,-0.2671820884357888
4439,1.7903726166377276,1.1531531214860509,-1.3227981245429012,1.2809187813016503
4440,-0.9938828649089773,0.3960959106988734,1.7443043212914076,-1.4324746990491677
4441,1.331948272409195,0.4904762149097632,-1.4502993374720108,1.0180002683598801
4442,-0.514441455460608,-0.9182774368350795,-0.03152003392342213,0.32363495687998683
4443,1.0390131559039073,0.9881541510519359,-0.4496043637357186,0.534025942748426
4444,-0.44496502481347966,0.22736871681305648,0.9002738329138283,-0.5516416060162258
4445,0.05860049774557378,2.3483212694137463,1.8304782627962035,-2.233992243705443
4446,-0.21295487009238293,-0.5590999878872418,-0.10046936218964038,0.4120959935640671
4447,2.020743474973375,2.6140999896941044,-0.22149690648578102,0.5181994682995164
4448,-0.5927256045567699,0.8862079549282645,1.6646619009304282,-1.3228698931305396
4449,-1.4780309675997134,-1.217595804348975,0.8520159626358634,-0.8392373412923968
4450,0.5136199597726869,1.193528053497266,0.13893512353316514,-0.8020009672844682
4451,-0.2392443808555384,-1.1081037190163128,-0.5371224594152425,0.8739908405591418
4452,-0.5154295949821055,0.8144790286049751,1.3839807383562845,-1.3684665694705114
4453,0.009795949510170708,1.192081442342417,1.1305784360465803,-0.8500919936206521
4454,1.1892343415376052,2.04921253540447,0.1823146563916985,-0.3773175991803371
4455,-1.8183198060855978,0.24674125404911992,2.635334802103082,-2.4469392330821678
4456,1.251692016279181,0.9827825653239936,-0.809355258254619,0.6726087398772316
4457,2.246814090487412,1.7866005351649028,-1.3287349950821226,1.3719352730794683
4458,0.18971948805628816,-0.9300691521277721,-1.206227077920502,0.7969207132054926
4459,0.1402488609664049,-0.49750838054124763,-0.6167307373537373,0.615148339498903
4460,-1.082198527127681,0.27119414880759735,1.7277156488000367,-1.4757320068494266
4461,0.9016588879582577,-0.33127109251938347,-1.5639873848117505,1.264310662614231
4462,0.197418379936989,-0.2862984784473744,-0.4302344845111728,0.6383275655244639
4463,0.35112965877569735,0.5788984625822683,-0.14122508689112,-0.3923790576577631
4464,-0.01797153413968064,0.5592528908469659,0.3456357547220632,-0.8054672777888613
4465,0.6650111174239582,-0.9490862784537449,-1.8753705983761142,1.3614325262640916
4466,-1.6706843438365724,-0.2561721219926347,1.9081160966831434,-1.9872610516200342
4467,0.7064709895721359,0.11212721274985342,-0.8548583198185826,0.7464941834124053
4468,-0.2075688647722382,-0.48628203391171865,-0.19104053197010237,0.09564445402023361
4469,-0.811835290447002,-0.46659628941454273,0.7666945149087456,-0.42239796327982576
4470,1.3024073929735958,-0.1920508570129585,-1.9218579150312858,1.7292493135377538
4471,1.0533834403328644,1.7486582545474048,0.15826055958060076,-0.17934614464435739
4472,0.34395994750113595,0.1259549191552866,-0.3318143425481467,0.3399396208836398
4473,1.2097638833051887,0.7226035085129138,-1.0782198893516657,0.6768921469764723
4474,-0.23244060550991086,0.1292829844824633,0.5556026275317393,-0.1630298167318458
4475,0.6231066691129596,0.8224364346297356,0.07880454405445926,0.37979114065980196
4476,1.038360193185763,1.8814565245342343,0.31662538545596863,-0.2744601158106356
4477,-1.089699294162984,0.4248537961066138,1.6579413669620868,-1.9968559155934782
4478,1.5824110291173383,-0.6137230337873171,-2.5839866808533447,2.5807148264448427
4479,-0.21014301960281062,0.5715634081261607,0.6747204030472193,-0.9416047620831969
4480,-0.4685908715423915,0.04742313212456321,0.46922309084759084,-0.9618992324680189
4481,-0.7080811392111394,-0.7034989064064415,0.34783706214666876,-0.21817139821401643
4482,-0.46025845007241795,-1.5387979932209133,-0.7637522722927919,0.7244920320325341
4483,-0.6462583814281979,-1.1979922037964283,-0.27438162878426847,0.09964174168912178
4484,1.0222983344523262,1.1075381572579988,-0.2801210890909099,0.4848867446329178
4485,0.10606221293676445,1.6021686938476178,1.045163175559655,-1.6473195991404583
4486,-0.8593974140640234,-0.45537731569359347,0.6317437160450533,-0.8576262923283018
4487,-1.2863781556746627,-1.064691754442368,0.5893484552034244,-0.9868945041077437
4488,-0.5146245195459074,-0.46550823629890936,0.36208183533228544,-0.07637288949072064
4489,0.45409214975616935,-1.0133657823538194,-1.4143333210470748,1.576101861168704
4490,0.34552487996426057,1.0999157394350376,0.756158648138809,-0.08781760075409006
4491,1.0136320731848107,1.3397966923119824,-0.11120908871830595,0.1908340785950589
4492,-0.34418887805374726,0.09141163839219954,0.39219516711525293,-0.759335397882796
4493,0.0025609443349496764,-0.3062421959659766,-0.24078682831382067,0.3241450460169521
4494,1.0593171931060417,-0.4701538318189979,-1.6829350899346218,1.953579477930652
4495,-2.4748732803238083,-1.216538206217347,2.317694124753761,-1.8195511861439233
4496,1.0078509259010282,1.0794065921865486,-0.4186022084992149,0.25687498065177367
4497,-0.31842271307118686,-0.844077261860673,-0.30424649614290433,0.36396910205203964
4498,1.5195146317333634,0.7348698073695668,-1.3094957539966252,1.34656134360815
4499,-1.3458353744494966,0.7918940988211588,2.393089275901321,-2.502190447871707
4500,2.6372286259633286,1.2680725421793935,-2.2939949567073428,2.3172802333538023
4501,1.7683231089393796,1.0594850433020517,-1.3076312080225794,1.4551323882527931
4502,0.8228010048916449,-0.7864077773383154,-1.7568414982848701,1.7416502206839641
4503,2.7958422443723907,3.092284361784848,-0.8744253735910702,0.9819899343554949
4504,-1.2599281629217305,-0.9227402824521712,0.7264416062567307,-0.993385496755262
4505,0.10445512323485244,-0.5647179958899999,-0.6197506917163791,0.6442224245088445
4506,1.5124313925336161,0.9228068432265465,-0.9539787531547134,1.494465894915899
4507,1.0440037853334596,0.27824492520621386,-1.1083439960092292,1.1046283788946216
4508,-0.334287034705433,0.42275322273818516,0.7878245555732473,-0.8263720155714015
4509,0.8974817917877507,-1.344003329656948,-2.1183170691366473,2.7179000496089687
4510,0.3774165467632257,-0.4278839155708771,-0.8450064910644091,0.8920660440496548
4511,-1.7474961026734863,-1.655356511389153,0.552352839707964,-1.2737279914768136
4512,0.49676782455681867,0.20219683527639618,-0.44715607170471855,0.49853902288025176
4513,0.7804977815516665,-0.3629909411826697,-1.4033148006769696,1.1912689527513234
4514,-0.8557165723190606,-0.6341694447748691,0.7547359017862062,-0.19555184282056437
4515,0.03447974095848153,-1.2027697331568332,-1.03565302148847,1.2016726724153184
4516,-1.1105653910911297,-1.0417090457108364,0.4684881537083051,-0.6271283104781373
4517,1.4091337752891717,0.3633317263204096,-1.39765314739323,1.6939696522968128
4518,-0.6031800298556448,0.9291182880603338,1.9517933121230282,-0.9573190306349846
4519,1.1450576095589742,0.9476087265930071,-0.6314055675143256,0.6903253120741785
4520,-0.40876279537153837,0.19345813531361328,0.6764375455764783,-0.7352151342237698
4521,-1.6891366987818737,-2.3516913357148206,0.1978471479397515,-0.008367278590371962
4522,-0.2444478899699117,0.6496064746500241,0.9300837089252659,-0.8022389678938177
4523,0.050697735902863805,-0.6673227911577108,-0.3781845871152619,1.1261077033263254
4524,-1.2010140656831159,-2.1903009720825253,-0.41029563489358595,0.27381565941954567
4525,0.786156562646383,-0.13484876980979416,-1.0917139183027946,1.2101179308192607
4526,-0.0933128719253906,-0.8872002338890369,-0.6937400385510304,0.5857156085926076
4527,0.07292487229291364,0.11709713007692465,0.05755012869167801,0.0793585900719614
4528,0.5870470007903662,0.9514247667550718,0.10847214810922899,-0.008383643256667205
4529,0.35933574581653405,-0.10278812581298355,-0.8028112972182666,0.1165170194379274
4530,-2.0102985110382092,-1.2322854839408055,1.5366261844817986,-1.4987191953780612
4531,0.5133297137959038,-0.7549478121200762,-1.4794632643209147,1.0486860397334914
4532,-0.10170724808431783,0.5972288074086011,0.714800261281174,-0.5452415356794064
4533,-0.37143528832824435,0.3977584597682136,0.7934273409460069,-0.888908475757807
4534,1.3957035072318065,0.4303831164368363,-1.4947326047433054,1.312699122285045
4535,-2.7126146939568927,-1.8607745398018751,2.00073717908239,-1.6723454181023805
4536,1.1564877046550635,0.12124274048950602,-1.4760055041051172,1.2373675556657224
4537,1.908948476418844,0.2891781589878587,-2.3321033000089364,2.0112661330721897
4538,-1.4989579334320569,-0.03561080079982244,2.0947256688262157,-1.5769380929881969
4539,0.03944076881054682,0.34025734672661856,0.24041712246408842,-0.25681619723202004
4540,0.009813603743005215,0.7282931657405715,0.4574916720991861,-0.9171516264709734
4541,-0.49905227840149224,-0.21044152762404458,0.49335352260164733,-0.40528237599603145
4542,1.329622946520349,1.8144850053282475,0.14111858447489445,0.618929236663491
4543,0.3767943181443212,-1.0953127292902167,-1.5120268012902143,1.3253704534752373
4544,1.8522737977776782,0.5146651679114392,-1.9748753592237538,1.894190582520561
4545,0.1319952390140532,-0.850459390236017,-1.003098642198749,0.7566206246759627
4546,-0.47555200296066935,-0.21820676165406144,0.64995346445699,-0.026221621886914244
4547,1.5873656134792462,2.2263366074398396,-0.23722315400573415,-0.12210193872950785
4548,-1.5950697408799848,-2.3575523773908897,-0.033285867418893396,-0.06571239028306863
4549,-1.9232266492732542,-1.5204097583796268,1.1076566558927183,-1.2482320101400963
4550,0.07249631888748366,-1.3417646467800461,-1.5827947277255152,0.7080365787744506
4551,1.0441070090476068,-1.5830208708996922,-2.719225337219092,2.759304977797558
4552,1.281137905196761,-0.20194548062861706,-1.7637259913483276,1.9561076262373285
4553,1.1467328469244347,1.727915935626642,-0.09618861885233082,-0.24444359280571404
4554,-0.04757151729432722,0.3706382303188041,0.4299293281367235,-0.3069169160451433
4555,0.3848815854040444,-0.5761952259867156,-0.9514707762559601,1.089203916763157
4556,0.009403732681008118,0.45213607233952635,0.31834949409805985,-0.4969739326648114
4557,-2.1045783814400707,-1.0856222995584137,1.7563470066540199,-1.8024151693682962
4558,-1.8031981539277737,-0.14034944367318425,2.3750047710844906,-1.917059067346704
4559,-0.5941364682261926,-0.15763888386780864,0.3863952826574649,-1.0614687413543908
4560,0.8520895453117157,0.8528746290910031,-0.37769246937276446,0.31946242159094196
4561,0.11402034282604952,0.037299500194309845,-0.3092889401108714,-0.22816937574165969
4562,0.9840810544365336,0.6692134522507092,-0.8037429167136735,0.48332649271886285
4563,-2.0252605385488196,-1.288619748916165,1.7392956721398625,-1.0585469688541562
4564,-1.3295429040353388,0.10227079356834773,1.9974700908008625,-1.4759667679067854
4565,-0.31087675415596755,-0.5614157043968528,-0.07043325350468685,0.12061753576785443
4566,0.36890434247207987,1.1778052516881174,0.7693308253921493,-0.16916066603116092
4567,0.09450498460451176,0.10227507837307735,-0.16748380364501528,-0.2047147279509165
4568,-0.42693172715096467,0.3735424139221545,0.8918356218246976,-0.8551829054722562
4569,-0.4648365194713233,0.4742928238059242,1.0777101838043495,-0.9061414426063956
4570,-0.6631568053844432,-0.5513733671999584,0.19589212407474046,-0.6931461531815614
4571,-0.9163946587885684,0.029267866200478346,0.9019774833547299,-1.755405274534709
4572,0.2644659452751768,-1.5168310652792854,-1.78743094078845,1.4561975403407434
4573,-0.8711794944417638,-1.6284982553017862,-0.28454952809655365,0.3176248496319632
4574,0.7219488947798258,0.2135310513112084,-0.9331057983943271,0.4188064489259086
4575,0.33036111320412337,-0.00952644465366549,-0.5005231283765248,0.3209630345409333
4576,1.583395480280718,0.5118705188225642,-1.6939967136427898,1.4352710185850073
4577,0.4740307859874289,-0.14944229178006735,-0.7052407947373046,0.8113949766540114
4578,0.506113151926473,-0.599570332333265,-1.196020193258479,1.1476101185062644
4579,-0.6011372823542088,-0.32778098173922254,0.6860745148241876,-0.14674776003387183
4580,0.4547253535785368,-0.57655368365173,-1.0431399761725928,1.1780254504078866
4581,1.0170060524878706,1.2160812659096396,-0.2192406407696794,0.311163566662343
4582,1.2702350583994655,0.6780561199585977,-1.08374031265144,0.9909498342475687
4583,1.010001574607874,0.83915687361337,-0.5255799805095055,0.6562101087678899
4584,0.8487707098241435,1.1023484346182395,-0.15823830939523661,0.09211012087468565
4585,-0.8971416707205366,-0.8375020840783286,0.5022156633944396,-0.29796143219433663
4586,-2.4452679162669004,-1.9506858009723593,1.7194602888076975,-0.9956475984946364
4587,0.13010605894619803,0.4572088567298559,0.2093832028336267,-0.2699737354832991
4588,-1.2208247354618245,-1.2621211082832997,0.36710474022800016,-0.6677058167995411
4589,-0.45869668125376734,-1.5187573749405834,-0.8987464546356925,0.4434912830252986
4590,-0.4976233753085767,-0.23229348463929886,0.5686132863842379,-0.21460386640188917
4591,-0.14346943066625475,-1.4710465244886815,-1.1436527916358588,1.023064622340208
4592,-1.5792427230293338,-1.4795459458132851,0.7865128051573251,-0.6838202099573895
4593,0.35149560873634267,1.07865905152742,0.7748659612022587,0.017883952718632263
4594,-0.09625213493450488,-0.6923882788401341,-0.36494691942402935,0.6846774912664668
4595,-0.6348365860432723,-2.1175402987279845,-1.01081725556796,1.0625951260295752
4596,0.028139397011363042,0.24118442667221499,0.13335193632799075,-0.24677597251723069
4597,0.8545598791504652,0.5721788247626474,-0.6877938999976903,0.45927750728108085
4598,1.8562672567678777,1.4470494818935125,-1.1909842503606038,1.039062230977552
4599,1.0819559936833287,0.04848951843290694,-1.2801375812996525,1.4922457302222971
4600,-0.9419568503461683,0.0491116948995916,1.2693215247510288,-1.24662114747859
4601,-0.07296815127778933,-0.5722724820354274,-0.5315319022432349,0.18383829903547963
4602,1.3422211017020163,1.405640489979423,-0.6074286170757724,0.3309777700949169
4603,0.9344168670531124,1.5751179651646146,0.19981232607219232,-0.11210217677789677
4604,-0.5128182465627432,0.44473306037436594,0.8413259788088424,-1.4233169696423453
4605,1.8604663151997565,2.0338379633667265,-0.6880295538453566,0.5238920699912095
4606,0.2911524935550812,-0.3557817447428692,-0.7027087961648596,0.6605506356550617
4607,-0.05122942917879786,-0.5091220527516332,-0.46069269362910503,0.23397794503635663
4608,-0.6280742732936907,-0.49296190653392385,0.3775867126243124,-0.3882725867626212
4609,-1.9328832278906563,-0.6258583793618014,1.8243856827452245,-2.1792569358639184
4610,1.0896218012529935,0.8048020199446646,-0.8002214841129524,0.5392911429068097
4611,-0.029176152619855115,-0.7075064736826303,-0.4448568867938775,0.8200073044526854
4612,-0.42888105589071934,0.020899511130778543,0.5842854506763756,-0.5528591519667632
4613,-0.3283239384230643,-0.188646035987599,0.21232295223503564,-0.343413343232476
4614,-0.10873982944127264,-0.02923651338614234,-0.0949944194525341,-0.4857091246433423
4615,-0.6502734044030013,-0.04734789748897847,0.8765979848166212,-0.6637273675921604
4616,0.5730882365203265,1.5945185590997406,0.627334236784331,-0.6964221988572555
4617,1.967802397437802,-0.16730869694429606,-2.736832510717487,2.6103680799761055
4618,0.7868411509647008,0.5993267558467561,-0.5660860643018513,0.36633300192478196
4619,-0.9154461280379396,-0.8912485329845798,0.5323761807954184,-0.1803475991228648
4620,-0.870038415375515,-0.1426839055454946,1.187550576195466,-0.670451460366074
4621,0.4002128747533496,1.1270746273604229,0.24134613810484815,-0.8662051827071171
4622,-0.48918972472642314,-1.3777949242929255,-0.4979056321710712,0.701151758496807
4623,-1.341239384462094,0.4261273009199317,2.080978555003707,-2.152809383179206
4624,-0.3187756033886817,1.4749819570832654,1.6417722386510751,-1.8062396449433562
4625,-0.06310790273849232,0.9985982858006045,0.9537429375476956,-0.9552998498587163
4626,3.1323537948759457,2.1098928306405362,-2.4177640383696475,1.8353166058446564
4627,0.9006143235096917,0.48122886720560937,-0.7453003094975381,0.7421750909216283
4628,-0.477875573052137,0.3828052007108551,1.005523433491477,-0.8591015623977266
4629,-0.48975517866151136,-0.4630946033680637,0.1647596487015532,-0.34143295714067334
4630,-1.3007650439277836,-1.3723054878569922,0.4801806696326531,-0.4878080461835736
4631,0.14178410062051638,-0.010894003461056666,-0.2371893753818631,0.11471427295894021
4632,0.10281391994557963,-0.3262338442763812,-0.3239248419180804,0.5841586265427654
4633,-0.11093239731847221,1.1262892325057463,1.444915318283593,-0.5681654369452354
4634,1.4290814938553993,1.303161982868476,-0.670893995658826,0.7770913462880705
4635,0.3038986088678697,0.13511975345234975,-0.3294196584662586,0.17880738322182105
4636,-0.04731359308577295,0.49563712804596766,0.6679535071467534,-0.18801684398704052
4637,0.44851050108489704,-0.21839396190333044,-0.7118543228239853,0.8750643348038949
4638,-1.1737515989595957,-0.2043300205109026,1.244453289804414,-1.5068932620972424
4639,0.395069380864456,0.5246477843380297,-0.20095498623542044,-0.20962139167722532
4640,-0.47987029016507066,0.05899908917889481,0.8724866707824611,-0.3187088595863588
4641,-0.17313822064746198,-0.530612112036369,-0.22279985704047536,0.2697903457754137
4642,0.012236187685583844,-0.4659123344089987,-0.428283296666111,0.41365934368304985
4643,-0.3701693075975597,0.47937595909904773,0.9478425776243841,-0.8091165926000108
4644,0.6446753706350103,-0.02677979040869401,-0.8229557924684593,0.9174310367879077
4645,-0.5735875028127913,-1.2596371196362108,-0.3206864965356573,0.42666030233626107
4646,-2.1222414888709293,-1.8432269062102538,1.2886258796126449,-0.860563312585678
4647,0.9251140507329346,-0.3804561014615495,-1.72775255309833,1.178050016073897
4648,0.6723057721517038,0.06291758915511893,-0.8441471149519328,0.7621322508171484
4649,0.47445520709384154,0.2977211044120687,-0.5585184261734043,-0.008468697335932593
4650,1.522017918311467,2.39138406810425,0.3356835898036521,0.2563473423523041
4651,1.0603019521571595,0.47574127288238155,-0.8502385742863051,1.1411637562959533
4652,-0.9803561387558178,-0.6118659331826968,0.7703003425978094,-0.6675512382403066
4653,0.5026549141261781,1.0885167032370737,0.25050438066041625,-0.39067545138708987
4654,1.2641012074195677,1.0522943369330793,-0.6220505487951583,0.8795085948689142
4655,0.5711866048504906,-0.1601709271136405,-0.8328629912450194,0.9594755668747282
4656,-0.8256550379099616,-0.813940747892085,0.33291525629296764,-0.39801638888716956
4657,0.49701056422427925,1.1890288425913682,0.28110182916516246,-0.599684716416294
4658,-0.8156327637368198,-0.2924167560733643,0.5447935412713555,-1.248251504942852
4659,-0.35798596416246037,-0.5096856365166859,0.12747737129568068,0.17641080451245392
4660,0.083815780937279,0.1488838201021578,-0.16922921864502172,-0.35860339211221337
4661,-1.3452315347212398,-1.2901784522556217,0.7350274555829851,-0.3955467128375742
4662,-1.3342828060223848,0.3288555009568738,2.2084603181245526,-1.6680375692201408
4663,0.2514674038537124,-0.09447136925625098,-0.35328987421615154,0.5038934591778926
4664,-0.16210278302515752,0.2302654077933426,0.36470371512030253,-0.4923293468222046
4665,2.2245718009053927,2.398908693965286,-0.6878773227675242,0.9438914840616509
4666,-0.1870601916170632,0.05613996225799381,0.1455813793020071,-0.5475017446710595
4667,0.9553393245042424,0.22154005419143097,-1.0458255181480527,1.0349451417242121
4668,-1.3908607612635417,-0.9864247152654408,0.8897570602974065,-1.0194778423789221
4669,-0.2746056595648515,-0.6872558624930107,-0.05131840748508835,0.5880098872493571
4670,0.21048514480278352,1.0316273425901628,0.6576445166698843,-0.5794170385921054
4671,-0.0787731767914365,-0.5164654674025441,-0.05863985067026607,0.8625929965220149
4672,-0.13574697968978902,0.4687553320939926,0.6337633234555738,-0.49954297416949894
4673,3.567098398528549,1.9964307940288701,-3.019334469663482,2.6022513179627107
4674,0.37054356153278206,0.16265046513176457,-0.18354226350921043,0.6079232705626435
4675,-0.7829248343705851,1.0435696245112058,2.046979403603564,-1.7084478975048132
4676,1.6182543223184906,0.4773049699621578,-1.4601746973156648,2.0559244081660872
4677,-1.1497514521579026,-0.7610523393934415,0.8820671756341919,-0.7155399884837862
4678,0.8037389212050968,2.0039468104649956,0.6767838070041152,-0.773698578112856
4679,1.3913473770432263,0.6954259026293481,-1.0898048180675541,1.3712587600908952
4680,-0.025293417459407896,-0.8246755114405327,-0.6187172098485906,0.8101991084997565
4681,-0.019016629548435218,-0.3030111837931313,-0.2671865539510062,0.19262393912214176
4682,-1.8767408919139736,-1.5727727543540797,1.1365808086055522,-0.9045200622359214
4683,1.7520542580768648,0.6365358130086319,-1.7524378422120557,1.6339466518982604
4684,-0.2672903483257962,-0.46921901585247905,-0.06081777091233525,0.07067532506787289
4685,2.834927316434233,2.812467315336831,-1.2157791426280782,1.1954392786049066
4686,-1.1688790979737562,-1.3815927043635863,0.2749428977008728,-0.3559884382166532
4687,1.6332119771655431,1.2992298682585044,-0.8697904767038545,1.1654324723213774
4688,-0.3249681014744713,1.0110121996664427,1.349047168006286,-1.2239891231593445
4689,1.9940256006554509,0.7334352793850892,-2.000380915176489,1.8274480395953203
4690,0.6579101569196509,-0.9974376105654146,-1.8087194839108447,1.5704452580901318
4691,-0.3019226977829563,0.3291091745454674,0.7321196840613663,-0.5827290669272024
4692,0.1057107637453222,0.20273625731028672,0.2150733780704011,0.2676005580353452
4693,0.6733543563648708,-0.3532210642653568,-1.3230979925836794,0.9261619157423691
4694,0.4475199353883087,1.5780708737149436,0.9322009383523548,-0.5677114740763916
4695,-0.4523709391053061,-1.1865697289806185,-0.5443871514682662,0.2888135914177403
4696,-0.7850956872222986,-0.7766509618398514,0.26048579603557875,-0.47088972713808724
4697,0.28926847618193624,0.7870463334253284,0.3413134505915124,-0.2650230944183254
4698,0.8341391244073378,-0.05428414445860045,-1.2553446092661145,0.8983336396423176
4699,-0.8956577179840896,-0.38037928640695595,0.94794076106039,-0.6105659107947755
4700,0.8310113926740814,-0.576098192973734,-1.4698471781431783,1.769287071544741
4701,1.4958832244734324,0.306192989147014,-1.6385960891432825,1.7170322648619107
4702,-0.050299749375554564,1.0422326970581526,1.0635200435770946,-0.821242140679915
4703,0.7242840615126169,1.705944730366851,0.6769941225118077,-0.33747018562387426
4704,0.7423799980067413,1.3291875868868397,0.20417156305586018,-0.19682159035144636
4705,0.037973959039970376,-0.38755839998263725,-0.2810190577912138,0.5762040118106937
4706,-1.4083405365988402,-0.23542342557928322,1.8327241192501176,-1.2325343973699898
4707,0.9456026147788031,0.6458239463522804,-0.6296800045179887,0.7093712139630212
4708,0.28028715170512714,-0.3029722348603553,-0.5468558528291029,0.7691035726739324
4709,-1.037857723301497,-0.08376304772133242,1.3052866604379714,-1.2050135598652538
4710,-1.7485127823843265,-1.0913511166102163,1.2820576226539562,-1.3524499923227034
4711,-0.9828812609935664,-1.3137262028441152,0.026571107791933172,-0.2932088396042237
4712,0.9290298035235696,0.24756834732728317,-1.038489072860345,0.8909553422159058
4713,0.6850757161437915,0.8109166192846904,-0.20295993856492786,0.1320388279665303
4714,1.5607386160372532,-0.3112067339504672,-2.350293398779403,2.1847331164030632
4715,-0.49007476888227214,0.9469901915288774,1.5204948764235036,-1.3570886937611768
4716,1.7723775427778554,2.198937751518135,-0.45497813193634234,0.2213095146194654
4717,0.018248832746856725,1.253468899439938,1.032870643141839,-1.140557301384669
4718,3.621996100757346,4.051110861582585,-1.0576240395055734,1.2959242039939942
4719,0.887949017035049,1.0787742192706689,-0.38048369916963765,-0.1029875676239341
4720,-0.7539983425268977,-0.43228481495681803,0.5832821717707762,-0.6221172907254514
4721,1.1680012291075341,1.5823330556484079,-0.27821945555653466,-0.13787293000494166
4722,1.0821629545752087,0.3461276302706274,-1.329268101875011,0.687279710104641
4723,-0.06090312967731102,0.10085184124228383,0.17400000833701687,-0.15437159668277123
4724,-0.17514232292868473,1.2167620778065384,1.2065966746330852,-1.4367398504418314
4725,-0.15449815080898718,-0.9647847839118382,-0.6048698138665543,0.7112018027075584
4726,0.10476349027142542,-0.6585356360967132,-0.8637395054171546,0.4414967559742634
4727,-0.8237016887413313,-0.8773883368145022,0.4962196864993622,0.05035975862444111
4728,-1.5129622510225125,-0.17616245568749178,1.6828968600457523,-2.014052672098749
4729,1.288874064080173,1.66828765397833,-0.36790193881647887,-0.07163250420363657
4730,2.066045051116233,0.8255847315146176,-2.039390810258685,1.7934766929422756
4731,-0.5220082386029142,-1.2284382184588094,-0.4337011166895299,0.3362921021607379
4732,-0.43229696661262507,-0.8712249618440728,-0.4593071793111636,-0.2511163491013717
4733,-0.5992919282075773,-1.282558319397046,-0.4777913486123237,0.11296034176169008
4734,1.096623781375115,1.1845650661744647,-0.39642702244733113,0.35931821891476495
4735,-0.4493672329834675,0.4801493911002192,1.063466669517849,-0.8901175556087271
4736,-0.6883493587440606,-0.6013327460599671,0.5826618753913987,0.01986054600291519
4737,0.8642105174037255,-0.06925171670555164,-1.1388103367367879,1.247597051456729
4738,0.4599939880038333,0.06031281125981591,-0.5494166307636088,0.5294151059219124
4739,-0.7082516566697005,-1.8701834884427626,-0.771650078146288,0.6245463856168197
4740,-1.1873723958177516,-1.900413845664032,-0.08331580888608958,0.19917458417100273
4741,1.8505078444302197,1.0478499719946406,-1.6711298878803758,1.1357247576721334
4742,-0.6223306069741219,0.8615464097496813,1.7663121067448033,-1.1897879954071438
4743,1.6532968464945128,1.0146945693510792,-1.3972560652275283,0.9939979063244462
4744,-3.200988750179132,-1.5458402300928755,3.0561400994148378,-2.3170156843470364
4745,1.800172164964344,-0.9385249359274342,-3.028388015491985,3.359787494511738
4746,0.8703516991514043,0.22790785008060158,-0.964740024954959,0.8587951313177699
4747,-1.7367904175241455,-0.2360782291608365,2.0811839352473123,-1.96678499434025
4748,0.9815524877815998,0.6804829864301537,-0.6761517028133235,0.6721717538711697
4749,0.22530149693157947,1.1157144474569145,0.5752488218153577,-0.8749551709809932
4750,-1.4589801604198573,-0.6271583905374359,1.191772879726416,-1.5980584714008348
4751,1.7130500413643581,0.4317730835558003,-1.7357821703570595,2.0185537777274623
4752,-0.5909958318891435,-0.5548382426546121,0.13007688451644825,-0.542922200377078
4753,0.08427769968936075,-1.2005518755467384,-1.2192647724431582,1.0503933676254475
4754,1.205096679454826,-0.9276803926999029,-2.375526804708403,2.358071053827049
4755,1.0598433514325842,0.4905917376456277,-0.8525239766258961,1.0996168535758015
4756,1.4696242909671902,0.7319696719942564,-1.2118496275939095,1.3474893586209138
4757,0.5970955036781799,0.7278377140546904,-0.16555611817560859,0.0842054163845566
4758,-1.2330033416167994,-1.7421847250144304,-0.059825345440697536,-0.30475428646038377
4759,-0.05077919037234498,0.5123657111641245,0.502125098034269,-0.533389894525634
4760,0.6224395065783046,0.5377313313663927,-0.4431801146153374,0.14424946868375002
4761,0.5239795717446012,-0.5275278201974896,-1.3142578168708796,0.828836704408747
4762,0.7815424134264106,0.4272277545900166,-0.8915336412792508,0.18895399560870854
4763,2.6145695590865454,2.0098009914823542,-1.721053245127737,1.4552726948918315
4764,-0.8565485287928007,-2.231156898281391,-0.9137779810507526,0.7156649408710328
4765,0.8058533077000363,0.7643032382669982,-0.1463716505227814,0.7762581257081763
4766,-1.9395014718786892,-1.979434225475891,0.7459958224079334,-0.8355953455232669
4767,-1.3305328306117696,-0.8125921230684262,0.995723914791795,-1.03679066244647
4768,0.09504880661488462,0.2731863213378187,0.058012728856394365,-0.2178086775832023
4769,-1.642584305834496,-1.7551087236341043,0.5757444120101567,-0.616425931852813
4770,1.193202987991391,0.7019599706108262,-0.9212179832929607,0.9445565358129104
4771,1.5500303593208549,0.048683736327040886,-2.018376738128295,1.8626405346695027
4772,1.1585846217104399,1.137804029615939,-0.5292281900140661,0.4594874697380866
4773,-0.9374115917213645,-1.0849570262530663,0.11412692215522197,-0.528835814775194
4774,1.2468893038611455,0.6491009996548497,-1.1395933976439214,0.8788972242112202
4775,2.4139895626813943,0.9354222203979028,-2.3659815057887537,2.195812967327723
4776,-0.5095642226879016,-0.09731679152666914,0.4760332832054822,-0.7467032945360346
4777,0.8337262008209105,0.031060082246992898,-1.0530013846632238,1.0476799432950323
4778,2.6975979820116343,1.8019494808151064,-1.6769327987655742,2.332057756025042
4779,0.5811619742930929,-1.018455413156591,-1.7668833689604468,1.4206603429650873
4780,-0.9986152415460395,0.3361097600811563,1.6318558456058345,-1.5028730040320952
4781,0.96695547955416,0.6550869252335249,-0.6289130258789699,0.7646825384485998
4782,-0.7984473405833595,-0.7143534711165682,0.5408724283601292,-0.17443093451519315
4783,-0.22120278973305804,0.7900876478823406,0.9794387911098285,-0.9714317029472459
4784,-1.0758338014749707,-0.739186532220777,0.6956806598438253,-0.8329531452774884
4785,1.9793949031502944,0.8208188380930976,-1.9420350470041976,1.6669852969346677
4786,0.1730431560653215,1.3677566960475107,0.8742009252392532,-1.1432101776714478
4787,0.04015031292686743,0.16259622971057336,0.17870947477909965,0.06603772529139752
4788,-1.4342362337889492,-0.4426823560944047,1.5249595000116587,-1.367410060887194
4789,0.7165461804250164,-2.002411609277201,-2.8517383242754475,2.3676510211378154
4790,0.004051303006558377,-0.5075803462704274,-0.462367446406437,0.4249243725444632
4791,-1.206439409940357,-0.9953933311789496,0.689367097109173,-0.6920637669010055
4792,2.2303091543641895,1.1936190939915248,-1.7697177982296435,1.967410513899155
4793,0.30542870425725166,0.22951294345524603,-0.3123758799955708,-0.013684400854265961
4794,-0.7104183634802134,0.17922864657717147,0.9915862554896044,-1.2232248799883967
4795,-2.2643410741443004,-1.898742645126162,1.4573334106356397,-0.9367975212532819
4796,-0.2739326716729625,0.01466118055950168,0.43170756118346354,-0.2530501827387463
4797,0.3018941112841967,-0.11713429720183183,-0.6325217855350319,0.2462653067960452
4798,1.0153172720257562,0.6838817609792895,-0.894602840753432,0.39925470903428295
4799,1.6982851703596726,0.8941526663041156,-1.5625244164129144,1.1544469126509713
4800,0.8026218918643526,-1.136636140711187,-1.965264121156995,2.1478613834244187
4801,2.259574664084302,1.442522522791967,-1.5777083914016763,1.809502438048348
4802,-0.13881916476854897,-2.0643960417327825,-1.4755189605063384,1.887572352183036
4803,-0.08258121816475023,0.01699163523297452,0.11890270999304534,-0.12649098609375045
4804,0.7880903696138833,0.0012880232066485408,-1.0413276293756997,0.977052842957533
4805,1.6334283516892902,-0.3729829668970919,-2.5222964546202866,2.290366815655242
4806,0.11898884073697348,0.4499456407959118,0.3634479314538233,-0.020354300055339558
4807,-0.8008097512563449,-1.3903966370524519,-0.253752997516065,0.04832870485217482
4808,-1.582474715904219,-0.9377957399958392,1.195335630663618,-1.2828309641110276
4809,-0.10447417373510821,0.1518894069332316,0.16082696365367952,-0.4566719566704528
4810,3.1339935415085596,2.238241869942158,-2.243673444497218,1.8382652572177247
4811,0.29293366002454957,-0.6037764133711974,-0.8482130897198773,1.0093025462299938
4812,0.44072003505934476,0.1945012068708795,-0.2378357299022295,0.686066291690638
4813,0.34142267870467047,0.7994400756360389,0.4314348907631729,0.050486385891199616
4814,0.033747788723788884,0.38061928001525386,-0.0358690405366027,-0.8621254791848272
4815,0.6789565415551776,0.5732463980065182,-0.4056765072505558,0.326666285204843
4816,-0.8649686301419804,0.5248655826951526,1.6395148607152397,-1.4675712964711163
4817,0.29623284446248155,-0.09663950657948092,-0.503865785783027,0.4035038577995417
4818,0.6906678515807985,1.3905412901667331,0.317133139116,-0.33060778148317294
4819,0.811613363304084,1.1062992555272197,-0.08174523270806953,0.08468714981856656
4820,1.7733924739784295,1.197215454117234,-1.3084008983338,1.1391722720293418
4821,-0.13138143388564813,-0.09533863822670524,0.026797238905769495,-0.19208700433705383
4822,0.46437957796705587,0.9303836402941404,0.2384863785665187,-0.1666981362785766
4823,0.23784406789998264,1.059331992513997,0.6019018464040136,-0.6468852378495729
4824,0.42857092066057506,1.3465031905883256,0.6847559328013745,-0.5126067881511279
4825,-0.06481413686997818,2.0395807422419727,1.75958270320185,-2.0544282272227528
4826,-1.4749487558422139,-0.09930006844011816,1.9358791450116486,-1.6175011622079527
4827,0.2839741767881533,0.1748783825406164,-0.19165678951933138,0.2545860864920052
4828,-0.3217567764448581,0.9111872054854646,1.1950749787946189,-1.2430081219052926
4829,-0.6671956363457187,0.6009893308848514,1.4039772988011638,-1.3600001642491852
4830,0.34046956877788526,0.5134696742643137,0.17483652001338643,0.2852004938609885
4831,-1.0215774008335636,-0.8070093585185162,0.681137587919045,-0.5008036393915549
4832,0.027993368607452246,0.12797979704314902,0.3363358643202314,0.3843029957404472
4833,0.8445135888630514,1.5036811620513937,0.23323324639247925,-0.20196214806004878
4834,-1.7034338494478847,-2.912344253786466,-0.22404796888653436,0.5505788367998551
4835,-1.587093988365717,-1.5798285173405369,0.6719772980780407,-0.6717037109751378
4836,-1.2113851248444973,-0.3030047503908384,1.535109272831059,-0.8902509456128056
4837,-0.10863299658215657,-0.7241537478803429,-0.441338929867911,0.5823760399365077
4838,0.3721947418979582,-0.11587606263574021,-0.5865632320559271,0.5756313369021615
4839,-0.8945967829535084,-1.4246172948626332,-0.09716319653514871,0.0719859887317061
4840,0.026831027737198383,-1.5496035420448395,-1.517510530484263,1.1620573357920454
4841,-0.9851943619623625,-1.2472751545596539,0.2351042652190603,-0.09409304291268192
4842,-0.2887667471756623,0.041782605506824624,0.41160239645137586,-0.4070718682628925
4843,2.830970116343195,1.511107463968874,-2.3802268283754517,2.270640223783637
4844,-0.9137898865642577,-0.48401227608850833,0.8054017510068324,-0.6765159153078447
4845,-0.7880839276330702,0.027156848809936115,1.0250240283724477,-1.0745105162228517
4846,0.10651357339320922,0.48358689978283603,0.3166606266437762,-0.22876910123433505
4847,1.299218380457186,0.959760776652295,-0.7234794400585987,1.0496390636551793
4848,-0.622602267917163,0.17613907858473016,0.9116412681070827,-1.0428705366815616
4849,1.1895936866031174,0.22891211218560717,-1.4011501538507114,1.2276826565705437
4850,-0.4212231080887213,-0.2890972476639337,0.25221977077336855,-0.362465895158277
4851,-0.19883633704288695,-0.6557233491831639,-0.41777637131215506,0.1361634862796117
4852,0.08050205092665037,-0.4265617875930994,-0.5556917130491835,0.3378573873357699
4853,-0.5566132540558725,0.9395330640746267,1.4165326973487387,-1.7603660889188855
4854,1.5815090937502994,0.8939298946236601,-1.2083241969869796,1.362432904926759
4855,1.1674211095654123,0.9310327026454392,-0.7409566429140055,0.6170363500104596
4856,-0.06291984363952526,0.4087919942678698,0.31898503835894676,-0.6496962068914417
4857,-0.44135997535519217,-0.6252478419179892,0.01841113997361885,-0.03490084751161662
4858,0.15558455488313142,1.9725570518246236,1.4701283377779313,-1.6152859124259185
4859,0.0642883022653716,-1.4019503167837992,-1.4340197152078276,1.0865718634212072
4860,1.2597311511800835,0.7293344526487292,-1.0747760652115785,0.8453379473887412
4861,1.7173118549679567,1.0038028498409033,-1.2497794008583205,1.5093532166059744
4862,-2.400621246190829,-0.3108609773629438,2.7202326700470727,-3.0318116732836455
4863,-1.0057001194366844,-0.5054136203364817,0.923544942217463,-0.7449490939247918
4864,1.265980187189356,1.3135127141777743,-0.5561219397317689,0.3715005514181004
4865,1.184057753138417,1.1114330941302675,-0.7105478716468397,0.29435604132948484
4866,-0.30305788127713007,-0.4530062203371941,-0.19722415852222508,-0.3370200291946628
4867,-0.861416961304862,-0.5744348475562924,0.6025784341095357,-0.6286870193915413
4868,-0.6096882045598524,-0.5279990794082633,0.31520139245417483,-0.34796821776767645
4869,0.22899975211728474,0.8460454970651499,0.5230142474053114,-0.30243383581467786
4870,0.32565511664485725,-0.15482979701717217,-0.682813706477657,0.333543119017832
4871,0.31446152779305836,0.9661114062889047,0.382272127520523,-0.5352756566683818
4872,0.11246182645352729,-0.7263819508588598,-0.8728655562813461,0.6168177940337061
4873,0.5219825990261417,-0.02366927233284857,-0.6706259804757178,0.7400525144389871
4874,-1.722271730869754,-0.8541053457557688,1.7508367211720564,-1.0047029060502042
4875,-1.6238626669156373,-0.9340867388710853,1.2446247794722327,-1.3527898109202254
4876,0.8498948419400533,-0.21743447048187609,-1.0932963031620246,1.6346950252694339
4877,-0.7220575821371292,-1.015438481474682,0.036904025528102194,-0.06314213062213148
4878,0.7624040074183162,0.0552967608869867,-0.8943654973742279,1.014038311439344
4879,0.7826228208932274,0.2607811242001033,-0.922510626426279,0.5402602700761401
4880,0.2971589129542212,0.5928181457821374,0.2362065714864433,0.046954935916803775
4881,0.11797317947226064,-0.9364866047537576,-1.1043475741979347,0.735680762465384
4882,-0.9542623446865229,0.33942109331879955,1.4417567257193686,-1.687705400122288
4883,1.145512948256653,-0.11741986950617098,-1.8007451143675552,1.2017484905876334
4884,1.0022749606989032,1.3014852195078688,-0.21147282857700442,0.06588923046106505
4885,0.27192164602514474,0.44851191110130806,-0.012242548996946146,-0.13299554219023754
4886,-2.2114375320443,-1.6998648812668091,1.184978680767397,-1.7086287724346043
4887,-1.073189937208342,-0.9017437785271456,0.7072332442761868,-0.4104185506698933
4888,2.4602619258838936,1.5128273950959685,-1.8869165682402484,1.8115716925008667
4889,-0.2909390437416429,-0.23290270531298046,0.08460479287884629,-0.3281838381553206
4890,1.688424631126144,1.2309495130473445,-1.1221291504041873,1.0825627278086691
4891,1.3238138561513082,1.3198404345224508,-0.7946704095947899,0.14209501991966647
4892,-0.012898180502507463,0.11264574446659933,0.051363891087793205,-0.22761493817783124
4893,0.4265733484001112,1.6052916445075829,1.021713223586292,-0.5504268386172251
4894,0.843421522357643,1.1486468857843743,0.16838330697938408,0.5373997372288728
4895,-0.8714187750684791,0.245122067958192,1.4235707743959074,-1.1958250015955034
4896,0.9619287917449815,2.669276781185516,1.1222376567150618,-1.029546904734304
4897,0.775374630576301,0.38729187066316084,-0.5488588203327286,0.8679621138524674
4898,0.502600808490985,1.7559623541099703,0.6754567583937301,-1.2535191855279022
4899,0.517454804427648,0.36421703457468674,-0.5104857440356986,0.06935788936106757
4900,2.772718314564197,2.3137936916272572,-1.3657269549541693,1.9131725312257724
4901,-0.29074263933911754,-0.35046603017229944,0.30195764275670167,0.3400000289720937
4902,-1.1599362214516804,0.03746983366962036,1.3454695301285244,-1.8634135238926166
4903,-0.1801747198328462,0.34798806912470814,0.4762349054891547,-0.6445516224932089
4904,0.12431879795704194,0.8515012372603651,0.38600523811993626,-0.9315676110715532
4905,0.9912828248952502,0.8458859370782428,-0.7651542454713294,0.1503545839336801
4906,-0.3606860059933263,-0.09524302086025156,0.2873399854014673,-0.5523933771700884
4907,-0.4863394093797316,-0.05805446041325634,0.6170461220767179,-0.5097354269873811
4908,-1.4141462167434715,-1.0139054169858923,0.9529594953505732,-0.9248269622971491
4909,0.951386556867151,0.44957805946000234,-1.0183607132867363,0.518383201842378
4910,0.6140516036021678,-0.2384537522055485,-1.0960333942057876,0.8375168187372031
4911,-3.0753189749540137,-1.3283300742052948,2.9215996230783423,-2.6305772274073513
4912,-0.6423883510752079,-0.19522316544021398,0.644962665659117,-0.6869808455857458
4913,0.6937760694765716,-0.12935832208856599,-1.0610160364280636,0.9207594008098691
4914,0.8335728766360244,0.6537435393777997,-0.5122024261039129,0.49700494712780974
4915,0.3248307404354232,0.14021139442771136,-0.22815420291978478,0.42000114005420874
4916,-0.23762639854777518,1.4241626261596767,1.4130731165759773,-1.7968621570597665
4917,-0.722625166748588,0.42407974873753024,1.4682630180586331,-1.0173657184280465
4918,-0.248244563139927,0.8727522008052195,1.122809541150615,-1.0148538193336207
4919,-0.034514605385473435,0.3770254358101506,0.481867899856436,-0.18403389055640879
4920,1.41155523760021,1.4032773870594342,-0.5012626417226921,0.7718611113743714
4921,0.7264703636580628,-0.35149281046655295,-1.2456823053161754,1.24845830649178
4922,-0.15755005346227205,-0.8072188986658257,-0.638678019623194,0.26000083786935524
4923,1.4701301355464969,0.5218163172116046,-1.390899032394928,1.5410825255261102
4924,-0.4649369506599291,0.9298752988568981,1.4489412746688255,-1.3521188622469913
4925,-0.7403719985769789,-0.8116873843319847,0.08911613771000466,-0.5287128131925818
4926,0.3505599676971034,-0.02514156832703799,-0.4656568174915185,0.4924100380202427
4927,-0.806570507324703,-1.2348723991058723,-0.1384325697510358,-0.14451633435856262
4928,-0.7091631116702037,0.12519572526468756,1.0361370804391181,-1.0096053412217747
4929,0.9810566355650455,0.7428328666318519,-0.6741502477339872,0.5233074159905295
4930,0.8730008225987554,0.2582202941438987,-0.8987331006936566,0.9114938914838793
4931,0.21352367710123524,0.5946960178243335,-0.020818556211641557,-0.7100427463845103
4932,-0.7266922631493615,-1.5651073496002659,-0.4327933370160587,0.41947424428536634
4933,0.625581601191264,-0.35491828926143365,-1.3161643363175102,0.7717100113855156
4934,1.1841778651379833,0.7443107488637645,-0.853053685352525,0.9302449326477666
4935,-0.4723442886855318,-0.22617679245090025,0.4232938580970476,-0.3953963293218278
4936,0.3032457071920336,0.3828448805062605,-0.11949872429200756,-0.051609562436022736
4937,-2.250158599131921,-0.9233827291505678,2.209422715314255,-1.9154277534670656
4938,-0.07317188957738967,-0.8885486874180355,-0.6095053879059958,0.8095914397824097
4939,-1.0020099352583989,1.2685353612613768,2.271885788153373,-2.6383277427942713
4940,-1.0793771583210205,-0.3780462125494924,1.0350811772733508,-1.1192471561686177
4941,-1.5352884910277318,-2.0721441371188054,0.11834652651234118,-0.27395276544442043
4942,0.3093963645508232,0.04687095566345073,-0.45637849341756564,0.18765654195989487
4943,-0.05343525681007724,0.4720115190190348,0.5916475585449472,-0.28745419872316724
4944,0.058494279959124935,-0.33595709363991527,-0.3085743911957213,0.4762902695024839
4945,-0.5591564046013872,-1.6869198233608778,-1.048370270566292,0.2266134003855914
4946,-0.5496712279400057,-0.09132603029465197,0.4154481263297724,-1.011446465484562
4947,-1.0531854813884356,0.25510428863594364,1.5722759287142865,-1.6073850808518806
4948,2.52860221635149,1.3618885579883304,-2.1299465274094778,1.9917397797646506
4949,-0.7449609931397135,-0.2334796494528044,0.9685384213210876,-0.3903683973980303
4950,0.4270106745351032,-0.5015085897012045,-1.0841382308532033,0.8253220575265438
4951,-1.2450736315244608,-1.9452146184864265,0.013923344609273344,0.27268324921613746
4952,1.23992277717922,0.9368233251570471,-0.9214709875569521,0.543755325809023
4953,-0.3592559029835255,-0.3268314774514383,0.15776349981235507,-0.2164286224282994
4954,1.1203384265748813,0.9228605174844284,-0.48913595995086206,0.9127480612547219
4955,-1.976866431308786,-1.6186620393643558,1.0868093982907339,-1.2394173501771588
4956,0.24159463038172013,-0.2611144141400968,-0.5496757574327776,0.5246860040607931
4957,-1.8991688289900395,-0.8540570817184662,1.7218333359701392,-1.6883877617994592
4958,1.1001133808203734,-0.10446732543532862,-1.6731319473113284,1.233305243476128
4959,-0.19712468297330585,-0.3541882399414933,-0.2738200029898333,-0.3321741892907825
4960,-1.4047389296567854,-0.6576640967235114,1.3250135642063294,-1.0953774643780667
4961,-0.12457099312929974,-1.0678009550588747,-0.6339090356673063,1.0158191010448114
4962,0.10583075559558541,-0.040070231361137416,0.07429506223079885,0.6062185229187645
4963,-2.2522226950399244,-2.3736487427642206,0.7535173771013343,-0.9879552493087184
4964,0.30177190891257966,0.3595588649419899,-0.06378004916003746,0.09767983718592983
4965,0.9659213475595335,0.32451872429681844,-0.8970678001328377,1.086456088044818
4966,1.3856348023533749,1.728642350592748,-0.13562372868639447,0.5382876687507774
4967,1.1889404920167648,1.4906162366634557,-0.4131576237139098,-0.07952120426870862
4968,0.6746893063921363,1.1500428112276828,-0.025175634991358744,-0.41067734295664365
4969,-0.11369895348302385,-0.5802462564226283,-0.41817401006049226,0.2574882288555541
4970,-1.079667849969355,-0.03552966219988116,1.3190723627440661,-1.446681118771439
4971,-0.8779131324370666,-0.6002321752900188,0.7038514649089824,-0.4466633862382731
4972,0.1831602930916729,0.4163417033677473,0.17667740211111377,-0.03928502946200118
4973,-0.0059710491938005815,-0.19978815580303677,0.012403150030018552,0.4831786846800413
4974,0.155854772144663,0.17208521371848756,-0.07043605868516178,0.01718378014827946
4975,-0.9754074564250029,-0.8295739948514402,0.6377286455469239,-0.3578240485354051
4976,0.25911455222130364,1.0128918139562122,0.4767074663840806,-0.6795363314189627
4977,1.024774140297212,0.07736046913736006,-1.0573068096687392,1.6112188938423255
4978,2.5160080196275385,2.0827669448749,-1.4122874906481777,1.4714075400600055
4979,0.5018456180700066,0.6750729990009955,-0.15058425807301024,-0.102425506244617
4980,0.49423992449248094,-0.6281356985911464,-1.0979555610726646,1.3471868917404914
4981,0.2590459973418664,-0.6483643377170255,-1.0693901485491126,0.6056471618977086
4982,1.4053749852361361,0.3614207735392425,-1.5529084514393374,1.4112314634069099
4983,-1.0108935784384459,-0.05089159390916207,1.1658857390111985,-1.4339733936192136
4984,-0.25751875798289126,0.30346486974784537,0.5752849869276232,-0.638740365876185
4985,-0.20507606267553563,-0.547597327570422,-0.3133725454337392,0.036849131697370884
4986,1.3018001591520394,2.526717517305678,0.4541651147923503,-0.6488163524269727
4987,0.2006215331954072,0.6000817008582442,0.3370164734756178,-0.1378489330666792
4988,0.04885453634497432,0.47569439513720607,0.5354896400705947,-0.02975019733742416
4989,-0.7260054064068887,0.2491780041478143,1.2013928906875564,-1.0777670484969681
4990,-0.047865380767937844,0.5696093372039831,0.6020578854382438,-0.48494895913785263
4991,0.33658744110353955,-0.5595552089576945,-1.1410428361064346,0.5418942798839389
4992,0.7593335486144069,1.1994227212139392,-0.0044672121256825875,-0.19083338007020184
4993,-0.5665123569043282,-1.0124925379945195,-0.2516196422111773,-0.0232358488104129
4994,-1.4075754331115609,-0.09080704987279316,1.705472681085712,-1.8036688262806595
4995,-0.8343018727216187,0.1250184140148398,1.0732456716244134,-1.391070505783228
4996,0.014098659349208249,0.02801955170139589,-0.01021207402949903,-0.03530402579166329
4997,-0.10859352445057446,-0.19378223561193325,-0.15958244991091125,-0.20163433408764495
4998,1.004526507740032,0.13248224959399926,-1.0565365073686515,1.4070322147262522
4999,0.030650480892586193,1.7494354516511699,1.501809184645888,-1.467013707084731
5000,0.8321316496330237,1.356964419423784,0.147724556795259,-0.04265630337593068
5001,0.14902842266005253,-0.7230247685264193,-0.6441610335442717,1.142934904767991
5002,1.2805183515187601,0.7688308923067853,-0.9065579790042825,1.121024252038071
5003,0.6887672492233249,-0.36920475151318893,-1.1467143198371723,1.3310690353605457
5004,-0.2838187517380889,-0.7931317253325794,-0.18404282883564316,0.5766792793980601
5005,-0.07220870945552792,0.7987741281636801,0.7344604582914954,-0.8919861482916144
5006,-0.6550185951504449,-0.9328169602049932,-0.019788451000075636,-0.12309854008087931
5007,-0.23419656637032416,-0.44564466353805027,-0.17971775078957875,-0.07774177595807977
5008,-0.42505871279639595,0.14387314011298052,0.6411203769124845,-0.7359964060064903
5009,0.6191916112559351,-0.4846005974010256,-1.0733561866443988,1.4905354779163225
5010,-1.8657415210103065,-1.4208987740999335,1.1774389877684273,-1.160004213644187
5011,-0.7597386163609697,0.31753816356840225,1.227902552988649,-1.31673277476921
5012,1.8061457696145473,0.7313845146436185,-1.6987965688019775,1.6928277078830547
5013,-2.041234867029023,-1.0717115592201691,1.622240117068567,-1.8461756745070228
5014,0.18382713780343232,-0.20493516382564347,-0.1609574179139023,0.8682706396300879
5015,-1.0491619793597915,-0.05317109075882495,1.0850298870147468,-1.7079282051071547
5016,2.245114639540308,1.0661312123816784,-1.9528259278923978,2.0052625895630625
5017,-0.49009161740721885,-1.2070461887457231,-0.3075545800660973,0.6212746701701817
5018,0.5009462865727976,-1.5646156279705377,-1.8622926051515052,2.284959821028781
5019,-0.8775540301713477,-0.5707764527620078,0.5942063073932206,-0.7099849774752252
5020,-0.07129074795436262,-1.4764128503462297,-1.2606714909037797,1.0876069970208868
5021,0.6704704954892028,-0.04795864276199045,-0.9200169797620932,0.8895652132956177
5022,0.7612537288954339,0.6552421786964101,-0.44210126018928453,0.35852715269896657
5023,-0.5310009337435369,-1.727703506908283,-0.8025939983321027,0.8594150212366738
5024,-0.41698170454141537,-0.1276534601094647,0.41112549305934837,-0.4569563836182926
5025,-0.3764589673726761,0.05745702535417482,0.70293336434744,-0.24443683457131066
5026,0.7929260615926221,-0.5370299409913191,-1.7351536117517325,1.0706736242295198
5027,-0.05040509833343567,0.36964718737413504,0.323548493761976,-0.5023405702448356
5028,1.1733080105917104,0.21343376097499134,-1.4257853655918318,1.163390569129569
5029,-1.0384391572195841,-0.599807796635441,0.7907607511544997,-0.8682261610875368
5030,1.938782540437291,1.9930853577697702,-0.8135971844624277,0.6807780595501449
5031,-0.8619377399247908,0.7972712958605969,1.9398859040097962,-1.5848601215660019
5032,1.845636434301588,1.5276247324264463,-0.9443471766859998,1.24154856393499
5033,0.10024008697080583,-0.33226565948799547,-0.4366277847907583,0.39068683001672755
5034,-1.2058431201631818,-0.6606553787675411,0.9973527078944346,-0.9552021299887925
5035,-0.7655933203733335,0.6451125358748181,1.7564885063982973,-1.1964219590040452
5036,0.7736255410651286,0.2716515212174545,-0.7892829846119616,0.71688876375813
5037,-0.8755470635536579,-1.3790057877870006,-0.14567814403288956,-0.055694135691524156
5038,-0.4479377207463223,-0.017599409319602785,0.5603999364650254,-0.5701224868173075
5039,0.5290706560225306,0.0008616817113550489,-0.770301200172727,0.5302736462284463
5040,0.19357118334462353,0.09536516923006408,-0.006022655573472571,0.4510004521351858
5041,0.7937924435013094,0.7144610286097263,-0.23231166272424517,0.7019243500009106
5042,-0.8264806988668917,-1.3189039623933811,-0.10470784779466323,0.046807336866407465
5043,-0.810716487390867,0.3500281773465487,1.3018154334713439,-1.447059651400006
5044,-0.27585286685857613,1.1493638308375913,1.233893024999469,-1.58579706550332
5045,-1.1261813897946567,-1.0474811969239022,0.4495922429807185,-0.7023485059598521
5046,1.6366403105539193,1.1884721085580903,-0.9999224870597789,1.2156616014863117
5047,-1.905485063317593,-0.8461081275726454,1.6004332976469562,-1.9443570273759225
5048,0.3826708332387667,-1.093174857998573,-1.3281843298849894,1.6655675781697206
5049,-0.17325451223046118,-0.3259943701949698,-0.055832978275852665,0.06964534360640764
5050,0.23813138931216168,0.41521713003809896,0.12335670041169244,0.06587655572802321
5051,-0.9294125241744294,-0.339544967822658,0.7391542614498009,-1.1982461430780487
5052,-0.32119288325624606,-0.38139661977085854,0.0778395042963215,-0.08954870457974787
5053,0.1131666914670549,0.9336607848300872,0.5512339815379965,-0.8784009078124579
5054,0.44600622976168725,0.5579571364668994,-0.26208962824611115,-0.2158525401200886
5055,0.5821488029139715,-0.0462005383016223,-0.7664059305682426,0.8405890435582748
5056,-1.3425963134913061,-1.6098124177881106,0.32344611298269293,-0.34011775332699434
5057,-0.353841957988104,-0.27902634854136377,0.15125784646988452,-0.32403817812307306
5058,1.6090560275682673,0.7858929524421773,-1.5266653723885675,1.1602541806660016
5059,-0.6521391157948112,-0.6594483975199524,0.0634535743914817,-0.6263357499678872
5060,-0.632311826828951,-0.6342087795895688,0.41772321894093556,0.008611088907169643
5061,-0.5166947897956217,1.0943793475716275,1.648939852314294,-1.5816962947362807
5062,0.5627371566095716,0.7229940821179738,-0.2820034515539383,-0.23237090685536996
5063,-0.4702985128096179,-0.09058613050348883,0.6151077842793906,-0.37722089669446945
5064,-0.07636632772268835,-0.8186337028040996,-0.5925851480940922,0.6591254311745781
5065,-0.9304580337971265,-1.530292198947322,-0.3142300535741281,-0.1839012504535602
5066,0.08226187796148562,0.5258674829659273,0.3125676853924065,-0.4248288557989312
5067,-1.2927274544727811,0.7812715863273844,2.4106629078044968,-2.2556657559629714
5068,-1.7123607851319822,-2.8433360740691236,-0.41941801397349066,0.007266155892746778
5069,-0.7246937371476332,0.5524522867876572,1.4297224592177975,-1.402876276126315
5070,2.2751587496070567,2.3979879227301093,-0.8801339439978567,0.7877627715163262
5071,2.0444210063558925,1.3904583903071364,-1.2772460789692848,1.6962208496770206
5072,-0.24855883262812942,-0.786073089148199,-0.2943119609468419,0.49113152968163065
5073,-1.6914141669352178,-1.1096222772825586,1.2148636897097786,-1.222737025604448
5074,-2.1834460524102446,-0.3775099344582243,2.79191220517649,-1.9679493797056642
5075,-0.306612679368392,-0.11190119215347047,0.18052080986354688,-0.5073031328472155
5076,-0.87525694214635,-0.6121290026207683,0.5428783785526045,-0.6924327028923333
5077,1.5621666069588187,0.4938227899600502,-1.5798852009694833,1.6043051949774678
5078,-0.41161474456537517,0.17470019392224856,0.7943411015109184,-0.49207841037743877
5079,0.20142503888755442,0.8231601796504878,0.4417265231184288,-0.4891423620183176
5080,0.440749892860125,0.8478100052878859,0.21030583739664627,-0.10141325826248031
5081,-0.6174923335342902,0.9287525755315932,1.530594011179237,-1.750723789784226
5082,-1.2192411008860025,-0.99524167380942,0.70330266800116,-0.7136088963609691
5083,-0.12621464936862237,0.7666216648101083,0.9205252505830813,-0.679107131477301
5084,-0.09250642342526987,0.16010030154156957,0.32579516098875727,-0.14266987291789218
5085,-0.4787956353482912,1.1864075230590903,1.6101454950065432,-1.736972613153573
5086,0.2795144024053968,0.8276797991033379,0.39575138399846427,-0.3020094753198941
5087,0.8344126598743686,-0.11124767669882465,-1.11006073515932,1.2932468716622498
5088,-2.062735154755262,-1.3660503856904376,1.7700078526372682,-0.951276603647386
5089,1.6078604275618165,0.23977542226223522,-2.121291835662335,1.426173332905227
5090,-0.2791049488332099,0.9437721665206672,1.2458946955006365,-1.0795866200587296
5091,-0.1388598186723247,0.7228571004250137,0.7630979765221795,-0.896337085398475
5092,0.6315990439384797,1.4665690362013823,0.5419947408469834,-0.3287173685194416
5093,-0.46465099169693147,0.16122779922903588,0.6138548294680967,-0.9675661121210097
5094,0.06208491780388231,0.7898268717097755,0.5409100205428575,-0.7317605545464223
5095,0.886426852910695,0.10758427426564389,-1.0787755700443376,1.0057437404777032
5096,-0.011465178471214407,-0.7704915920896841,-0.6917008209313678,0.5999733215192838
5097,1.1579913621684577,0.739956444973406,-0.8574313157579618,0.8394251814864152
5098,0.03780962952718483,-0.3540519843402431,-0.4143995521038002,0.2593493718810011
5099,-0.8149593403927233,-0.20395093485489457,0.9172380552009343,-0.8024525775663444
5100,-0.08912261613427375,0.34114037118450014,0.4174060567120586,-0.4062946881244148
5101,0.010740077931601685,0.22959076920489271,0.30152365178342794,0.015735578005892092
5102,-0.19455129703398205,0.49248508811469205,0.7666217694344261,-0.5326885088389133
5103,-0.5662432185129807,-0.10995382518480094,0.5518498273830241,-0.7850362662057612
5104,0.6600505483036463,0.3443423083683949,-0.5094257343782039,0.629012818724106
5105,0.8428041668836901,0.0721386336135541,-1.0630304306271992,0.9632026550346665
5106,-0.33846061606988337,-1.119214968413032,-0.5411545515930155,0.5390265387361444
5107,-1.694352276425136,-1.2170864420334944,1.1856019691459172,-1.0252584566549199
5108,1.2619499102563823,1.1661191703998226,-0.7018404055491841,0.45606995902158404
5109,-1.5279050243162164,-1.2547429293579404,0.7420133243915685,-1.121873362755189
5110,-1.5622799591196939,-2.812738249365657,-0.6464657845996205,0.06929887627267915
5111,-0.9534094944959517,-1.3591465962544034,0.06973279566073244,-0.0019735000498971944
5112,-0.987195737124027,-0.1995364865042215,1.1065157081240575,-1.094909786012078
5113,1.7628066645297686,-0.1812519810192134,-2.6570911426474244,2.0518910807368544
5114,1.0608302509909004,-0.3970450821474195,-1.578686502861834,1.9663006989864809
5115,-0.26589741538578476,0.297400661154997,0.8030912856181182,-0.2521248989603866
5116,0.9853819777193206,-0.023956030185377033,-1.1860072942773858,1.4880848301248226
5117,0.4299563627183578,0.40456118954740716,-0.14041517886539595,0.31200960787044263
5118,-0.28179498624889404,-1.2814814401714187,-0.5481887602866399,1.121190919679403
5119,1.1527067764154493,0.853845247437153,-0.6079320072710058,0.985596050469532
5120,0.6321194909431974,0.43087095216439103,-0.39192300434708954,0.5274378702354943
5121,-1.481289578293972,-0.47180228003499125,1.6416143380247403,-1.2594618731171296
5122,0.5951879571132719,1.245291184373659,0.23169598033762676,-0.4717894402744336
5123,1.2862853354496695,1.1349947439639398,-0.8037896459338802,0.43838796554200593
5124,-1.4790168887913988,-0.34224321181966677,1.5269527727150922,-1.7666194747536188
5125,1.2960507922837445,1.0076770766129375,-0.878784986448216,0.6485545959177188
5126,1.255015188484436,1.6708893448680935,-0.22077532239508904,0.06061447442615095
5127,-0.8773903314737046,-1.1482287667669204,0.14361078624543086,-0.10939467898457682
5128,0.580581801512414,-0.14757876976646608,-0.8826252837046261,0.8748475207439613
5129,0.6757309384996404,-0.4957786741095204,-1.2180099611255866,1.4644512855891145
5130,-0.8269015367706899,-1.2147356448766864,0.023847623038865607,0.0204668578260702
5131,0.8954370309393949,-0.3062863166896437,-1.3257782639608744,1.6019831099745943
5132,0.34790748734509974,-0.21522390944007577,-0.7389353695419757,0.45997675203266275
5133,1.267477175988415,0.4429421526727017,-1.071334429820806,1.5709592565188681
5134,1.8740776247411373,1.112813311158354,-1.4602652238859573,1.4350778585756148
5135,1.0175959683372957,0.9866427821095649,-0.4260197426107682,0.5027221453964568
5136,-0.5022502524295808,-0.4995931372795939,0.12437838520903587,-0.36917482320908585
5137,1.120927278807934,-0.04159042277552048,-1.5503084176080146,1.3725155249248109
5138,-0.6704072709199396,-0.4382244535166964,0.4378125929855633,-0.5655871431192759
5139,0.04846957204407921,1.0552920205083636,0.8950629850965617,-0.7969044807405263
5140,-0.32124268919469107,-0.6404328920018767,0.15841431347860752,0.6782032639547418
5141,0.7817450873759537,-0.1690254312645026,-1.2346015529648178,1.0248131678288304
5142,1.1392149989998284,1.2433894860731172,-0.4072239898316097,0.3504242755526287
5143,-0.47117461345563727,0.4518439702616277,0.9573840393570853,-1.0868600818825616
5144,-0.3555313156717182,0.3433047595777118,0.806932508691936,-0.6766778294854856
5145,0.5164048562381116,1.5414290155959163,0.6581335328429218,-0.7164709116202626
5146,0.8752532149380539,0.4889092106301058,-0.7407206745633828,0.6410364601255594
5147,0.5299910052312649,0.09244575527436379,-0.6140258273340051,0.5880347925048746
5148,0.3068753838451455,-0.11612928177414922,-0.31823055789342164,0.816149722166481
5149,-0.9216133702625988,0.516890310706656,1.754977639407471,-1.4470955753301944
5150,0.4160983828896194,0.8182825471059046,0.3502446259464825,0.1286848130146088
5151,-0.465524330448804,0.30109368000053055,0.8035520756657378,-0.9738887541630711
5152,1.3625423117132902,0.2229118453950496,-1.4013512110587458,1.8601051476902128
5153,-0.4730687938123371,-1.3004306613055208,-0.48444500215601827,0.5956375989799697
5154,-0.5255456548985495,-0.9095917160837862,-0.15234162828565762,0.049789633270683545
5155,-1.3333166482381704,-0.7436865399420676,0.9703950785512109,-1.2578902783852317
5156,0.08503321513310848,0.7345006074544295,0.3397053667963501,-0.8710518872938412
5157,1.2766804673926992,1.7933057041672273,-0.17893384149578137,-0.08384192954754179
5158,-2.1338067569911643,-1.5160455155611336,1.5649112280162516,-1.2048524637492957
5159,-0.8695036111179942,0.1330073200069259,1.0373853385457217,-1.599482614498639
5160,-0.7798414014805444,-0.7880215518063891,0.4366539364907821,-0.1138236039364808
5161,-1.5477820564692928,-1.2150209390478257,0.9320356197912464,-0.9536351851883549
5162,-0.17584289361721103,-0.4467575213440485,-0.15925215562543082,0.16966526340204027
5163,0.9906504819531708,1.5286815257166513,0.11034909688020504,0.043269524089622244
5164,-1.1914856465931825,-0.7106567950450444,0.8299055385031439,-1.0785103491743055
5165,-0.2304376844003802,-1.293038760357848,-0.9971841210975968,0.5405471129578427
5166,-1.5230302345626927,-0.8873549590266622,1.1802705542376486,-1.2187527309658557
5167,-1.8251898087028648,-2.1976885113089444,0.7415616371894838,0.09249135367444968
5168,-2.6366385896919935,-1.5026872784723646,1.9823567459274827,-2.298219585906011
5169,-0.3980267237050328,-0.9144500506396825,-0.2000477387271366,0.4332314997355525
5170,-2.146518186514815,-2.949838358211978,0.00943979931206348,-0.5309036591353785
5171,0.8413540426998093,0.8689619713109275,-0.345633091016621,0.29878275165031604
5172,-1.058231920267083,0.07048200663585479,1.3250534806626049,-1.615596002064397
5173,-0.29157160370836344,0.32956202268956114,0.6810484995328709,-0.6369234162299845
5174,-1.1833228457034806,-0.09509565641533872,1.6389035884316654,-1.109065736023498
5175,-1.3652517787488205,-0.0203569529748978,1.8874057177963608,-1.5015705611268135
5176,1.1493520316261499,0.47314325981630695,-1.0800274530592082,1.060372306053455
5177,-0.3917263058600626,-1.4739147879348928,-0.6691870628539088,0.9795894314547196
5178,0.8788390967252077,1.5532928725613744,0.26037601067470895,-0.15121272361502858
5179,0.13649050119795045,0.9874195646823631,0.6815439801136507,-0.6949822472768359
5180,-1.3442512221768061,-0.5529617717866109,1.2739471567231184,-1.222170393957219
5181,-2.729983990702304,-1.9749604381974126,1.733106084568098,-1.9307748620528618
5182,1.282773950228267,0.735585627885112,-0.781167277146473,1.4306276905490223
5183,-0.2418370395125888,-0.7046666953077645,-0.26261642816848235,0.3744229792223024
5184,-0.45003475468418913,-1.041857248930048,-0.13393245821008964,0.6717392474589219
5185,2.0149062343657205,1.0544915752795008,-1.6474463649435238,1.7491803414111273
5186,1.9763514084503049,1.7184591357260035,-1.0904627350241782,0.9900438376778531
5187,-1.0439246066195014,-0.2974708045219258,1.1660393979291162,-0.956108010731839
5188,-1.3298765063822204,-1.556348871850899,0.10783825145494459,-0.8041979981726368
5189,-0.21719417128093396,0.7893773135342893,1.059953039246341,-0.8133337338811674
5190,-1.266053133993729,0.11360327537501291,1.7293986671172812,-1.7493298103640447
5191,0.744721484605316,-0.07891401854400272,-1.0782774627529608,0.9505703146863325
5192,2.3756706786404935,1.9557047729321562,-1.386523567557014,1.3221173144581677
5193,1.0365345737387093,0.5475914263183538,-0.791820522754018,0.9856903993135548
5194,-0.5964856766522828,-0.9310177622516009,-0.2551087126035779,-0.3333688631333021
5195,0.37976115706583563,-0.8800659781341507,-1.4790001889453785,0.8742592554543634
5196,0.7257117927827942,0.23728456247980106,-0.7968738816367436,0.6152297658441709
5197,-2.329973384071489,-2.129264416333072,1.1740850122514253,-1.1142777059077005
5198,1.573289631693831,1.2473193937572904,-1.0877223915474958,0.6921193851727427
5199,1.4411607777515738,0.34253806215924937,-1.5981760484037748,1.5049143026300957
5200,-0.9665532917086334,-1.8839589605537306,-0.12259668800289356,0.8795363664066587
5201,-0.9293403037959905,-0.7595122678476783,0.6211028749380504,-0.391722297493635
5202,-0.13274116755251975,-0.008665558708261778,0.3912659455091656,0.2367026149341717
5203,1.5658250724737293,0.9187847693455383,-1.2759239638142867,1.127053397618701
5204,-0.6011556171788511,-1.5085837380294354,-0.550731270326819,0.5236349051221341
5205,-0.3856196904933959,-1.2850872094821495,-0.5655257458145038,0.7281462660329076
5206,-0.5298434596412314,-0.003633005737781784,0.6076672394442294,-0.8132768316617591
5207,-1.2774442740455032,-1.1842925069766215,0.6043599292433097,-0.6395437406866703
5208,0.4221321143854901,0.9370641473731208,0.49509620144862376,0.11886795021591766
5209,2.161621514764336,1.44469768021597,-1.821680495720775,1.0236301955053448
5210,-0.05838746779670269,-0.48587992062162405,-0.5073323218609513,0.06995436718677452
5211,0.1714260853513041,0.04647963076337074,-0.20658044775788786,0.13608469002353626
5212,-1.1505262679539534,-0.27811249620792505,1.343342664843136,-1.0711518877396675
5213,1.3966091773475084,0.1566586203037389,-1.7294497442596075,1.5630801405474546
5214,-0.9450713424432111,-0.953309568613279,0.2222676785878317,-0.6834559963145256
5215,0.04749233654180876,0.13914181540996082,0.23937066260513937,0.2559701186065804
5216,0.2789270318720549,-0.21053262667271183,-0.581547081273661,0.4797227372008751
5217,0.14505491796180964,0.10062717157796665,0.08045324147187388,0.4174152603285252
5218,-1.200863303881165,-1.4367546077693771,0.34455095671646085,-0.21426229171972552
5219,0.11271768226733038,0.3441482844896874,0.17127317096659905,-0.12624556559809844
5220,-0.974983345410368,-0.5581457341850844,0.6725543671220219,-0.9505727112238487
5221,-0.7644408914154481,0.011207811904019444,0.9285756515440758,-1.1216227264732892
5222,0.5461871819147073,1.049233462289022,0.19696320569770215,-0.23461352971477883
5223,-0.7537444491608097,-0.5787913555491486,0.3680466196415889,-0.6470241580369812
5224,0.062489820366724055,-0.5976390410922997,-0.8050146068879265,0.24686696470627237
5225,2.756927141065695,2.438144395052615,-1.4491668784448808,1.409104190604749
5226,1.462166672092826,1.4884792042513244,-0.4811864934434736,0.7823866993293994
5227,0.060210225215372226,0.8085729777718139,0.7323805615142078,-0.4459369582349488
5228,0.043201117440663184,-0.08195395110781857,-0.22688000581078496,-0.04786124679038326
5229,0.18161640030167708,0.10554820259760148,-0.10782441334352823,0.20405391606418594
5230,-1.5947145127335673,-1.6253543843436236,0.6727480761251974,-0.5876068086754695
5231,0.5930230308323531,0.8295185461901813,-0.02965486806747642,0.06377993409335929
5232,0.6736866492694928,-0.6710983283433363,-1.3150871853860167,1.7094012834849712
5233,0.2522714130228983,-0.09616142275675417,-0.34405711970134917,0.5271399300813714
5234,-0.9500679025947074,0.2118697874185626,1.3423016061611734,-1.540044838179948
5235,-2.0689009711988957,-1.7157097115831021,1.2089396732657844,-1.118516432412777
5236,-0.8970801642827868,-1.3773139444114169,-0.07159810671604812,-0.006061425506374358
5237,0.48999515866981336,0.7932460186467243,-0.011703542574306024,-0.1852415907665493
5238,-1.596130110085351,-0.8860225452147645,1.3593914966184906,-1.16727633871003
5239,-2.069214281689224,-0.8292472126993138,2.170361535599338,-1.5648869654365973
5240,1.696835615794064,0.7548861417251252,-1.4546085126226234,1.676096752854458
5241,0.16504464613953587,-1.039748974420932,-1.119545506132607,1.126603034053042
5242,1.6672839890417763,2.647599228627633,0.09489815124783274,-0.26810907538780526
5243,2.62147475887659,2.3585790066036134,-1.2840698252403764,1.4083618776203453
5244,-0.3830061052867218,0.2092752231097999,0.5156396249712901,-0.9650428112286394
5245,-0.5507571218887305,-0.575391455448341,0.04510632113807118,-0.499332938022318
5246,-0.36041155526586527,-0.45303053640267477,0.010814507142106343,-0.17495463475725573
5247,-0.19145170287247187,-0.9048973049782114,-0.5325274810297586,0.5620543069327706
5248,-1.688657303639999,-1.3772661033151923,0.8924504305924438,-1.1351499704084453
5249,-0.4968656503290061,-0.4861197514491908,0.382546438811784,0.07301251191846399
5250,0.5657749428380945,1.358128136932057,0.5883363319754871,-0.22030627432811917
5251,-2.0716668014872837,-1.6682109594987986,1.3480397839617968,-0.9977355645541062
5252,-1.3530396494970094,-1.6009369550111272,0.3215308310173039,-0.40227224545171625
5253,-0.9811683651159201,-0.1829048906402609,1.1062922208878256,-1.1139345833796823
5254,1.3626201106748121,0.4968954682687108,-1.2611743176640027,1.4458165040500803
5255,-1.6634165079847782,-1.6327655406405106,0.8583002631722428,-0.48793906503606405
5256,1.2930102724501342,0.3293704587916765,-1.372089938320824,1.4059782643752836
5257,0.23529341798944214,-0.2144548592027641,-0.6407847417114677,0.22869708517186071
5258,0.6857472288001524,0.7064372538234167,-0.2616585031174,0.2832755061124704
5259,-0.03319883645362894,0.6570573088697459,0.6336819823604185,-0.5879765643070365
5260,-0.8425042457235233,-0.5396959488468019,0.6982649129571952,-0.4761764642262566
5261,-0.12696423763022938,0.9406111381860047,0.8952471990752964,-1.1467033390242198
5262,0.5054293096617272,-0.6839606855895024,-1.378515124216267,1.0270569126785463
5263,1.684965345659451,1.0563734628116104,-1.2491440955704058,1.267838671163392
5264,-0.933820263427381,-0.19312130022488314,0.9510930514588964,-1.1938053570370568
5265,-0.12703942140094426,-0.3079972780294701,-0.07860652156188067,0.15120561646581177
5266,-1.4100496441246837,-0.31274715103190037,1.4596805167585944,-1.710009512296499
5267,1.281692118540137,2.296034763166144,0.38927272323700574,-0.27791510132949343
5268,0.12622732689238947,0.10395453081331703,0.012881444511137263,0.22285246304657993
5269,0.9099302813253721,2.168580463290995,0.5182069415640922,-1.0715645080901788
5270,-0.7936531609836436,0.5339134633048054,1.5179857284427531,-1.4488939529039282
5271,-0.19193030766985855,-0.42880403158569924,0.02959504587966408,0.4019656689649673
5272,-1.2501763978471174,-0.11454259649961443,1.4983259772567346,-1.5491054907094308
5273,-0.2143531160651598,-0.37598528056894714,0.10320601685180465,0.3240792875803454
5274,-0.4208215295138528,-0.767281314426698,-0.14701798034027036,0.08977613713485456
5275,-1.1314961069135265,-1.1634205901216548,0.5776008728126997,-0.21541981427116055
5276,1.7069234751308124,0.8095314596374985,-1.4992275172283205,1.501428437605692
5277,-0.6493688082717313,0.7884298300227917,1.5353899011183632,-1.517231726977966
5278,-0.9058679894448747,-0.4618107325803698,0.8240947155085745,-0.6688493198406061
5279,-1.1167803803855891,-1.3238144627072284,0.2593448440629659,-0.33683698823024477
5280,-0.39259875693171226,-0.5382941458187285,0.30964511271233314,0.44318231924728146
5281,-0.3244536860535459,-0.6181764614113081,-0.0741953213230837,0.20256418822794836
5282,0.020787087038664852,-1.071568267673225,-0.9229070001774266,1.0346877676687227
5283,0.7324045891988097,-0.1613664978499039,-1.2805590661070503,0.7488385046529744
5284,2.5827268110829213,0.9752929513708108,-2.3505042586767377,2.730027521812266
5285,1.0564540728554155,0.3971170259549559,-0.8183637045902828,1.3735826888025475
5286,1.368819670962657,-0.02678541576293529,-1.9058222221167382,1.5957182885318175
5287,-1.4762183601590513,-1.4408960291123016,0.5781588009346388,-0.7764822574342769
5288,-0.3726344560338888,0.245060850205055,0.7957990976287498,-0.5201288395172913
5289,0.11961643855954869,0.7680011841190109,0.5054537615500304,-0.53591823002018
5290,0.09087018553434992,0.42624965393814135,0.10481241997094028,-0.5199439400926458
5291,-1.3452037413533053,-1.1601148577273768,0.7993156129029468,-0.596227192122827
5292,0.49674137487792247,1.5707742799045283,0.6357015886692333,-0.8972348775757499
5293,-0.7376262024879936,0.42443934333049205,1.1771302514352249,-1.5855083294525771
5294,1.1342276487662026,0.2919143420865173,-1.00627699040576,1.5742287092182612
5295,-0.8202767324722832,0.44219777197020177,1.4293381555335223,-1.4789089167636928
5296,-0.5590607930320851,-0.19098603633919642,0.4029713757218166,-0.8262708428445567
5297,0.482276181044766,0.5279917543554712,-0.23000294322887987,0.04281058601401042
5298,-0.23521392902514796,-0.7965164317696796,-0.2900021988407303,0.5716712578683005
5299,-1.5650654832416582,-1.562302911450682,0.9137034407650363,-0.2088129917325365
5300,0.935545584070033,-0.19497384960439212,-1.2797526038074272,1.5576670072143057
5301,0.12515975723816958,-1.1123696121822844,-1.27747824168908,0.8808103930807413
5302,0.009076091546058936,0.17455673961786072,0.28851980323990284,0.11979374977926861
5303,-0.40716177090620653,-0.758164421181802,-0.30507853520261674,-0.1622817763839205
5304,-1.3336492362481878,-1.5093199337950234,0.43557674294642446,-0.3530667844443667
5305,1.1502061724185162,-0.1837245673880171,-1.468950903815699,1.9640883732937737
5306,0.49818571862523986,0.8316574376408349,0.30127965023132997,0.30344288287838916
5307,-1.0382449633001516,-2.091518689554267,-0.4417334061277104,0.5616054691189044
5308,-1.1018192266700757,-0.43622960467069777,1.0517711294090097,-1.0294725787568433
5309,1.1367257840213365,0.20510542535770618,-1.0915919664873488,1.6423482897415018
5310,1.6186283862693793,-1.0201551202367356,-3.0089422096613894,2.942286196436917
5311,-0.053040099857260214,-1.3483818058409738,-1.2177988876230983,0.9191988723558548
5312,-0.3458926765293096,-0.10387435505873714,0.38365324395389455,-0.3087311151110973
5313,1.424883732647051,1.1475584335366882,-0.8036531255253508,0.9037595780447312
5314,0.1832564014665498,1.6144827748077744,1.1510326702824756,-1.2143168462794511
5315,1.4214575576731365,1.2566646930974446,-0.7669071755733776,0.6927666581972834
5316,-0.5251081606236294,-1.2141272709430204,-0.5144082818459697,0.1482463912080628
5317,0.5971536181209521,-0.17845570737661462,-1.0006053516252986,0.8005299724907192
5318,-1.1816183487819194,-0.4106419957076701,1.19289386664974,-1.1275807667959048
5319,0.17649188276697025,0.22735409533589002,0.09789712682267768,0.254434005825054
5320,0.8935995872910836,0.6406900238198036,-0.5281243404669956,0.7150404084604609
5321,-0.19577348579248308,0.10875149035794367,0.47515584339509914,-0.1242799073108936
5322,0.653956144255881,1.4302605939928736,0.22837959628500276,-0.7143908510248859
5323,-1.763329749087364,-0.7606284910756954,1.7287143894568715,-1.4163320333969145
5324,0.9932421755665746,0.39210798007669967,-0.9035479571500514,1.0094136035076602
5325,0.291609469056275,-0.07105847269583176,-0.34416564956947604,0.6069369453267421
5326,1.0542241052761572,-0.2605634175691492,-1.8076226930595174,1.2090635031201376
5327,0.5087458741611266,-0.34518469656334044,-1.0674430882133674,0.7693338526214987
5328,0.3870864466193066,-0.012462256345931006,-0.46239227337369704,0.5981195896606323
5329,-1.5068726978092508,-1.07034539819506,0.8529456894621514,-1.2964276037174418
5330,0.9682096228971141,0.5495576612880227,-0.7241742666865638,0.8560308322533252
5331,-0.7703932040134225,0.07147550557479178,1.0322431987011385,-1.1055939470560618
5332,0.24067537065709502,1.0938457724911148,0.8475186610946294,-0.28679870456425893
5333,-0.833928985288549,-0.28739491789563965,0.989732455098011,-0.5407846824892432
5334,-1.2062664437484323,-0.7798608186937772,0.9385230647997336,-0.7725359507365563
5335,0.9613387980709999,0.10287788196255997,-1.1311275209736462,1.1925547725579255
5336,0.45214126278632005,2.4353845586027485,1.2515338998822947,-2.0588625653515984
5337,1.3637954634872478,1.1889229550480607,-0.6429428345123671,0.8689867068542189
5338,-0.41169880277726684,-1.1379801868472006,-0.3831533812532973,0.601298143425699
5339,0.029528063159964157,-0.6365375253263488,-0.5467268015620387,0.678697865230197
5340,0.21053943032659847,-0.5225750249899549,-0.7631558579355768,0.6686503809841203
5341,-1.3826513973958725,-0.3467056855153127,1.6092167959899704,-1.2661992217708686
5342,0.7228739619747983,1.05092227782683,-0.09235738574284716,-0.11749638351528839
5343,-0.22668863894907673,0.1838658437351988,0.4419373949232109,-0.47486611656490746
5344,0.32367491285730665,0.07838282802188462,-0.31027399661722416,0.42034852384830856
5345,-0.011443630305891643,-0.33467318758201614,-0.5119327241987532,-0.13562101122908674
5346,-0.9410703902303541,0.19561435552637382,1.4671812682800647,-1.2482844699081548
5347,1.024998846939055,1.1594736991338377,-0.14372960242676552,0.6097123756262326
5348,-0.12410946725165989,-0.3536039657052758,-0.21977708629815337,0.02278780934448389
5349,-0.38276004111921963,-0.11490007039763753,0.3249042709165098,-0.5175452509451153
5350,0.42600206079441594,-0.23239355912115786,-0.7301216143098033,0.7961886809676003
5351,1.815206368511582,1.9245816318683366,-0.7061683270170371,0.5940259920607892
5352,-0.008582851899068381,-0.22021561719609803,-0.1451828434698083,0.24516046392013538
5353,0.27624777116206994,-0.4161255046675523,-0.6547357670568649,0.8376825232151032
5354,-0.2831540551219251,-0.40270722364069844,-0.04715959795609688,-0.12261657277543143
5355,-0.5552859019545476,0.38047760132090513,1.1442154218036644,-0.8855218901932679
5356,-0.21192486071565408,-0.09823499830696529,0.2111254121943797,-0.14781799234981363
5357,-0.37282427366250126,-0.19330000501645844,0.347737885164049,-0.25234394896661644
5358,1.3876157469210142,0.21026371042210965,-1.553069671512438,1.712619276201666
5359,-1.2223871473599808,-2.0472521948459086,-0.1629557958045086,0.2882172670506252
5360,-0.01305990541044951,-0.3731322865420684,-0.3300087829988921,0.27247788036902587
5361,-1.077972216184444,-1.518717249649194,0.15318761591144373,0.08544682193716342
5362,1.6290794562944002,3.198219725874484,0.6498522247762438,-0.7557537593534578
5363,-0.9094445575914384,0.05197512719264831,1.5612676889523953,-0.6222278545484123
5364,0.44023808106161005,1.2629500460801475,0.4991094484996832,-0.5965885519341744
5365,0.724354311465131,-0.44662725086269084,-1.2581889494088905,1.4486508317622135
5366,1.3790960099510183,0.6805498193671907,-1.2185230318072546,1.1363002113424459
5367,0.9623344686824501,1.6498407193616988,0.1558799090742638,-0.27032120590939096
5368,-1.0499961796210182,-0.9335525102211855,0.5642474110375043,-0.5029296615960945
5369,-1.315463810585506,-0.20095086689253205,1.3454358464088823,-1.8435063462357868
5370,-0.030562054385900712,0.6045696723125209,0.5768073951282218,-0.5520961143633776
5371,-0.2246566755397924,-0.8929839805335796,-0.4078837857141697,0.6344774936689016
5372,-1.9083885365471813,-0.6985523136372013,1.8540878174195716,-1.8636744909285383
5373,-0.1430053910658429,-0.29085808504544275,-0.24411814577099586,-0.23928861338109503
5374,-0.4159580017459047,-0.3996713350665727,0.3798681257585699,0.14868821452730951
5375,0.754211418556502,1.1414879329452243,-0.2901404670282284,-0.5732014328103853
5376,-0.9150847076646366,-0.8374595845688458,0.579755815493355,-0.22540531084981075
5377,2.0751813988649683,1.1478703183260848,-1.5706304795601727,1.8746057546089654
5378,-0.713903192958938,-0.5456431796812835,0.41126290886676586,-0.5084255952822894
5379,0.700977723408116,-0.20637902111819234,-1.0220062759612536,1.2013940279506075
5380,-0.7267171647900225,-0.8693873326261768,0.21836502420558404,-0.11247388434202565
5381,1.3805814095301705,1.0683863678755618,-1.0402882999294425,0.5191468185442965
5382,-0.7289832863462955,0.2450237668594356,1.1037996747652803,-1.2505610739309454
5383,-2.3039370813269073,-1.414726338841286,1.907388773045026,-1.4535891926331972
5384,1.8847781988121521,0.5644130189627273,-1.9038675440636499,2.0154919056434166
5385,-0.5538060189898264,1.2525411756498104,1.8207175357534735,-1.7933816891379062
5386,0.5584408288399499,-0.38677193466582543,-0.9943659620647016,1.1763858352057948
5387,0.25558851596614385,-0.47857665189106485,-0.6516849780655058,0.9200768398811787
5388,-0.8289967485198086,-1.09679912759219,0.22562758634608548,0.08406997798414963
5389,-1.0591723059009361,-0.36862642786318617,0.9714600999625235,-1.1820186187868218
5390,0.5949607958345365,0.19045071372168387,-0.7080367091542171,0.41767744659931677
5391,0.9335883007276099,-0.06126881829605194,-1.3961008404311281,1.022395959606853
5392,-0.3654532073737727,0.16383905550253264,0.6184174465244147,-0.6111978383163077
5393,-0.9592023841016061,0.06605107128297541,1.1994779287174406,-1.4724197840895754
5394,1.6205618825671446,1.6536301858516662,-0.6078959506888284,0.7261206547397662
5395,-0.7636718762156063,-0.4458711689463119,0.6406571241924434,-0.5226514274285871
5396,-0.301226124181324,0.624180894588094,0.9548395886258239,-0.9001188476428613
5397,-0.5127532296778771,-0.2611810437574122,0.5986927414662966,-0.1458373911608097
5398,2.07200504928379,0.5112988962621692,-2.317864995394656,2.082712852123761
5399,-1.6846781611859918,-1.7118554866369597,0.7272318947008507,-0.60412941516178
5400,-0.9941057060096837,-1.5102213160866376,-0.01671290805181047,0.06498509991092444
5401,0.6989145674511831,-0.22664265015840232,-1.012388687244494,1.2599389793331386
5402,-0.46959473714502403,0.5916193360448878,1.1390955485949543,-1.0982832516794403
5403,0.8103720876770133,0.9664026754179709,-0.2706946086217764,0.08484378890559033
5404,0.45429388690765876,0.6916314301290148,0.1681005871381043,0.24983444139189062
5405,-0.43803783683371467,-0.3739547553033731,0.20274006414584578,-0.30487864536782255
5406,-0.006707101800607138,-0.4765979199282958,-0.548334690533297,0.1599451947952487
5407,1.2388675659522688,0.035829616111485815,-1.612321791175302,1.4977064391686932
5408,-0.806712412845446,-1.456840609774083,-0.1877951568409698,0.304109849266845
5409,0.2376765007331698,-0.1806744725642562,-0.42451696292982966,0.537172438490716
5410,-0.7517768131348999,0.7345317493978868,1.465526379678107,-1.8763897841624673
5411,-0.6578578694376394,-0.16470259210953164,0.822999266320157,-0.5019039203881283
5412,0.6501342929032093,0.9333582256794282,0.10292831480495909,0.25101363800660004
5413,0.7941530884879489,1.0090589396320944,-0.10139088464114149,0.22251689686788623
5414,-1.0440613502109501,-0.9598993693910738,0.6945944855957128,-0.1880935123832798
5415,-3.204723820001645,-2.4303197377749424,2.0941943523419395,-1.8908325901813539
5416,0.23579476334177893,1.0214720730377582,0.629629305675759,-0.5138310168381108
5417,0.3349971828109952,-1.3158915097836457,-1.2294734748022045,2.207324522260851
5418,0.4283642682223051,1.1486913425822551,0.2507732210993504,-0.8011541354509264
5419,0.3363954601751952,-0.8422089027612424,-1.3462231106967766,0.8620340787019372
5420,-1.5254391078107863,-0.7988194392421827,1.2632425784546595,-1.2948580492257558
5421,0.22746195856999687,-0.822529459471023,-0.9098266938713899,1.1949965896062986
5422,-0.5303460406484283,-1.1215787683796368,-0.3397341368063739,0.2141233209215992
5423,-0.38484285998149537,-0.5186518623398424,-0.012080740485513712,-0.14416337408163304
5424,-1.3631222649347086,-0.6619307428109993,1.161407280130921,-1.2249437826466323
5425,0.7118091170692916,0.4342424409577754,-0.5761512871407917,0.4791449747724398
5426,-0.6008291150133205,-0.39398353265057035,0.5106052422791855,-0.2952967083624802
5427,-0.6115047148363306,-0.69959966596114,0.3622720194967996,0.14313198867909122
5428,-1.1507376335953339,-0.8492271720588367,0.5783866024529797,-1.0418396863760806
5429,0.6234010130782165,1.010155283425942,0.012843155530009616,-0.18901770684815933
5430,0.5821910749421597,1.1974772837125471,0.2380273521744036,-0.3915748223046886
5431,0.42451704770628124,1.0821444918698615,0.295187481393939,-0.5757858571696055
5432,-1.756452231651263,-0.7485286832675754,1.654343366401713,-1.5521885804302042
5433,-0.750329442311692,-0.5495002090360891,0.49930723803161586,-0.47399302564671275
5434,1.0936021608795796,1.1310152211860902,-0.31948065644052737,0.6136368124822804
5435,0.020619276543968917,0.138360122306108,0.31565577111015236,0.29637874145887805
5436,0.1609401084390114,-0.751842414319123,-0.9663824662706875,0.6866395721748538
5437,1.6543277865539137,0.30819849438953967,-1.7322708663144908,2.1133475419249383
5438,-1.2733385293171187,-0.11971781608028918,1.303389251369037,-1.9633338536178164
5439,-0.37154285594150915,0.2762189790175371,0.5859820431999395,-0.961677757142948
5440,0.975765023696069,0.20084957936835732,-0.8548496057583368,1.4948883463766989
5441,0.2215004396763289,-0.06022543961854938,-0.4304925283210768,0.17782416801702164
5442,0.14461232411089328,0.01967814507284789,-0.27969744566560756,-0.0240273319005785
5443,-0.839975175176003,-0.6276970809499022,0.5298959601211892,-0.5515983518152207
5444,1.1066526210956584,0.11731965271024777,-1.2311956920892746,1.5006054604813446
5445,-0.513538807008969,0.26207386189462745,0.8583700775349629,-0.9545596006080853
5446,-2.0330933748847118,-1.6757056926539828,1.1844606656784233,-1.1303350330972408
5447,1.2738870087218899,0.11812318108263865,-1.7290011855895848,1.2182392024188975
5448,-0.6280558827356296,0.5286610630308801,1.3448372194515017,-1.1496902705397958
5449,0.9330134250842095,-0.6612771791255101,-1.7962669728353093,1.7638085143878208
5450,-0.27013827336817914,0.6965656902362279,0.965958914457706,-0.9442285943754808
5451,-1.3600795675728954,0.14448184629697441,2.0963618087941978,-1.512631028854889
5452,1.6553759642313624,-0.2531989463000211,-2.3922392045283583,2.308918029433365
5453,-0.8962692066593994,0.002985154821000373,1.2661396821377526,-0.9774730079462247
5454,0.4053165969851369,-0.38603075590537794,-0.920340309412966,0.7577880645595129
5455,-0.3119994614011028,0.48655019005817834,0.8656622677461652,-0.7634846977814784
5456,-0.12342350030556032,0.14075167368549377,0.20577933201064433,-0.418199047816243
5457,0.9983257208620486,-0.45712353462625493,-1.5906009188379222,1.866965376901792
5458,-0.25791695073551074,2.003338132318332,2.1084641554827765,-2.041674402152671
5459,-0.6359576123387178,-0.2882211927748365,0.5506270568784326,-0.6057659935768501
5460,2.29688877451329,1.3624945316032246,-1.9050867103398188,1.558633434016806
5461,-1.362416729496934,-0.8981692559648761,1.1110061931578192,-0.7406465535311161
5462,0.0034350692172653205,0.46401726639096724,0.3734906614080299,-0.44972812230869263
5463,1.806938923897189,-0.2845697696069646,-2.472881839544311,2.7842541726451056
5464,-2.454786845910144,-2.441978270211988,0.9444305421853308,-1.2102144059558422
5465,-0.13495734427660133,0.10924393542940343,0.07738612837693416,-0.6098407834923112
5466,1.0077022479541664,-0.33766258729678766,-1.564356259658946,1.6581994851196553
5467,1.4868623785851434,0.9479992782596836,-1.058591734612806,1.1576301431548712
5468,0.1141856843506141,0.2704847513027661,0.003956587990340271,-0.23824042034843074
5469,0.8735411430649084,0.3926789821942188,-1.0753391721232464,0.2770179555884332
5470,0.4736403645380322,1.5756424639305362,0.8552711588002856,-0.6041932348035904
5471,0.9089705413569384,-0.6658708883204627,-1.9567420753320626,1.4058274753306386
5472,-1.0106515668811045,-0.15907151278778717,1.159365759840803,-1.1832737026048
5473,-0.7974573887555431,-0.23402996607991605,0.9405346038718576,-0.6261179184383374
5474,1.8828092247097574,0.21333003388039265,-2.126132910900751,2.4644452056711286
5475,0.36262354371872574,0.6022648182186194,0.015705487188002305,-0.13086387152054285
5476,1.5294942733719532,1.3692955883235045,-0.7888638300413214,0.7681637226558234
5477,-0.9420858816725025,-0.20517265297267168,1.1483197292505285,-0.8462739240555195
5478,-0.7353283036094808,-1.3513504479773901,-0.1674477393708579,0.3403632261936937
5479,-1.0343587616753258,-0.46388736433223,1.120917995770762,-0.599494449028655
5480,-0.23087088675872178,0.2372947824473132,0.691948493475303,-0.17779445890319928
5481,0.08031293769557199,0.7213623574727246,0.3763958669415589,-0.7914545332037103
5482,-0.3434700815883951,1.0871023529698163,1.3497528681216249,-1.4727039109403286
5483,-1.7022642312654275,-2.201218291625513,0.44619098911032534,0.0193478303426561
5484,-0.12005042133880514,0.2640782895313013,0.4951216090039774,-0.19358201091434632
5485,-0.279110620231938,-0.5785495885562145,-0.1381886386661292,0.15603035653839228
5486,-0.4088110583807866,0.0038542302845067365,0.4939904868156605,-0.5992400708577418
5487,-0.8735621134219276,-1.7776669204670348,-0.45868038343345063,0.3622447694903235
5488,-0.05966923991827353,-0.2897032407241461,-0.276499650963847,-0.0012869541191637415
5489,-0.0980766519804067,-1.5369359720357656,-1.2824594547695933,1.099618226740579
5490,-0.350406095135212,0.4933194055626863,0.9041287454408312,-0.849272664302648
5491,0.7415698700703468,-0.5797293384426061,-1.2332288559809508,1.875776598079
5492,-0.7008555209284525,-1.3715922600438093,-0.414991579631836,0.07575918955900461
5493,0.48290960622725276,-0.06494381995349274,-0.5158075611541826,0.9732247788683246
5494,-0.680315298618508,0.6219430161813027,1.4459558699256632,-1.383458717049682
5495,0.043179713766096264,0.02472305140732022,-0.08197339946885192,-0.049985805840063874
5496,0.9560058061920842,0.49776224239872724,-0.7756923324249191,0.8466351925587918
5497,0.3356718129384861,0.6557340374256867,0.08849272322543106,-0.22796551589804157
5498,-0.95289524047211,0.2727479605193795,1.6639000622270586,-1.1298233788040999
5499,-0.7334803422487735,-0.07907275747442408,1.0212846843069798,-0.6292767545629877
5500,-0.7413103010224481,-0.3477665767450518,0.551987681451408,-0.8361477195303357
5501,0.49984013704432795,0.5242890945141823,-0.4198563883513962,-0.2204131507626328
5502,0.11117491537913463,-0.37460791578074215,-0.6855974659992254,0.09280978438441795
5503,-1.0756873238685019,-1.1284563931649008,0.6798239114102694,0.07998036706607942
5504,-1.2326112153936741,0.1556012878169574,1.9169810680916757,-1.4002823261640995
5505,-0.8367489156410489,-0.7692435772053683,0.4592779106486772,-0.3227125255814104
5506,0.4634330577870645,0.20965960006137296,-0.363934398279492,0.5081688938798062
5507,0.5447905348803118,-0.23214316781508276,-0.891774341149754,0.93504206654408
5508,-0.22199898024529346,-0.48130722425174216,0.05580300984168457,0.46754597477016835
5509,-0.9545634253522886,-1.0971637332432664,0.20846328837644032,-0.39422632481478814
5510,0.7033488763610745,-0.3079522898682851,-1.2344814205876147,1.080378164471858
5511,1.51134006579687,2.2524419781491543,0.004754065313764695,-0.030032940023981016
5512,1.0413552665394186,0.8214880935512792,-0.5501705830311023,0.7675963783585187
5513,0.5760677462556228,-0.3114123129305355,-1.0501523298066926,0.9589256832918307
5514,-0.26715017407149755,-0.5731286850239887,-0.11371976358285198,0.22886312032388587
5515,1.0586558884574344,1.3858161162283364,-0.08303883449894066,0.2903203546271465
5516,-0.6811727210291726,-1.2955205630894948,-0.12233662842859357,0.47868403533985665
5517,0.5082399306243722,-0.674807585262682,-1.2715568645547424,1.2036995999120843
5518,0.7477761902135674,2.34944520422455,0.8323401610723322,-1.533958293040181
5519,-0.4454771641402926,-0.8948667736000402,-0.3106123483426484,0.02122079966989889
5520,0.5726145462772797,0.45163844632154465,-0.36708458735261623,0.3083639580396304
5521,-1.5295359451651043,-0.7227095195603601,1.4843592077699477,-1.1032516531304088
5522,-0.3618354877728058,-1.3235593366785128,-0.8617838401519486,0.3834246511644644
5523,2.3964044711200585,0.37327069439582133,-2.902065161922587,2.545162137737586
5524,-1.2767228467495033,-1.0806842621759887,0.7256421717985386,-0.6732798957908581
5525,-0.911406022171766,-0.3260158783020309,0.7476390535532426,-1.1515872811656858
5526,0.8411831962700739,-0.7813271910214834,-1.7398808628226246,1.825015714199605
5527,-0.11747409691999632,0.09038045987602977,0.3572765016848054,-0.00795830648708758
5528,-0.507314397062191,-0.34553983226557816,0.34154589271393426,-0.3762871189263926
5529,0.06593766732282991,-0.42595296942905897,-0.32916248533030223,0.6839856271731665
5530,1.5298915401848039,0.8865974857113905,-1.372647246998553,0.9057009650726101
5531,-0.3248600816595268,0.31005073667525596,0.6223753532755386,-0.812310238023287
5532,1.1802413813783095,1.47685659212854,-0.3030705354044943,0.11684691998198905
5533,-1.0365041739342573,-0.11142798055370437,1.3347658208037552,-1.0813325221791787
5534,0.4374058573540428,0.0597219688191724,-0.413638115646318,0.6896453385908679
5535,-0.2862239412829822,0.17663847775065436,0.6037781959225479,-0.3847059844782712
5536,-3.1895395195853298,-1.9341937141441754,2.6051148206952224,-2.13365759484621
5537,0.4719865008957574,0.29250017340200135,-0.2752679041109957,0.49505770821765016
5538,1.089797096732656,0.9859010176231082,-0.45767308543095947,0.7067831030996489
5539,2.6733146640755283,1.5379864824471015,-2.2744247577850922,1.8287638348737338
5540,-0.8581822773042035,-2.087735499890153,-0.9127424736559946,0.36517843491930413
5541,0.5412549905347271,0.23342975590410767,-0.6694204643425459,0.18998531398634358
5542,-1.4168340022709056,-2.048335748987331,0.2239613176419684,0.278336371359706
5543,-0.5048848531062755,-0.0880216644801701,0.3276812821540086,-1.0141673152274604
5544,-1.5473955034858575,-0.09761782274133232,1.891376168739443,-1.9590749943633368
5545,1.7692160083148958,2.068417535089952,-0.4058755121321534,0.6119457162552241
5546,-1.2559603441992848,-0.059453476504501154,1.3232820005906163,-2.0116957705529543
5547,0.20336871411340232,-0.5017045666443914,-0.675514542942696,0.7472230633300672
5548,0.3369620438485441,0.13836290108757995,-0.2980575166352323,0.3445049179524092
5549,0.04238262613114863,-0.10509389568504279,0.08371450544275516,0.5530957594542493
5550,0.9735219561063391,0.6748970781077077,-0.8473209813774752,0.3549630935349065
5551,-0.6777866857000815,-0.049580544620803337,0.8032672894944203,-0.8860697211211493
5552,0.8260132648307581,0.8514848443867199,-0.21263746685220083,0.5208054248054689
5553,-1.9120512951339124,-0.9635970520718985,1.632754086336751,-1.6269812487927637
5554,0.4902813481945667,0.4452532646230908,-0.110431238225295,0.4822661947350114
5555,0.44736624237759315,0.7036487945184069,-0.01591245413682737,-0.1286172406262969
5556,0.6565892616381,0.32417051762572,-0.6325146429347702,0.4482033189599785
5557,-0.5470527105931576,-0.42027980979603147,0.3169175063036185,-0.3812467814894465
5558,-0.18594920306731025,-0.6069561393810019,-0.11716444792138321,0.5947940134237583
5559,0.9646144249433288,1.500405879008514,-0.03776176563089776,-0.24281275414518197
5560,-0.7119276684932537,-0.12046931378318386,0.728780316231147,-0.9682885590190651
5561,-0.24737259818832935,-1.1173138224744263,-0.6365929103231798,0.6916865044303294
5562,0.25567096167211667,-0.032203109355170303,-0.2058588411829438,0.6286080156986291
5563,-0.8383038605630244,-1.093184047435949,0.285028739091405,0.14686584380559922
5564,-0.36776121253637123,-1.7811971337063945,-1.2680061502752027,0.751089042053014
5565,0.3331848203546215,1.5746543688712733,0.9416563071774209,-0.9515176575675796
5566,-0.7518026074683655,-0.15596218298470826,0.8076741044329782,-0.8859042824526597
5567,0.29839313250837046,0.0048680961196868495,-0.5074798825780937,0.15963155620066583
5568,-1.7851365968373625,-0.709244819261702,1.7134673431272793,-1.6453218430678376
5569,-0.6296732695516236,-0.3809232847546911,0.5150787702801604,-0.4220708831615347
5570,0.29516917543689847,0.4344900783796023,-0.07079089254216467,-0.11931029815135555
5571,-0.8462339797355451,-1.9711823944858897,-0.7636428589606706,0.38938426017188177
5572,-0.13661177771538585,0.006728206144675582,0.3511152747190981,0.11483972646357692
5573,-0.3660375448381472,-0.46796341081171705,0.10732477248643396,0.011280343428082013
5574,0.24462904796006488,0.3070889643855285,-0.1813215461325484,-0.1872262683568379
5575,-0.8868295446367398,-0.010994529125585153,1.2080616194715381,-1.0124222489006343
5576,-1.0422735179426061,-1.572620888013985,-0.1372544697520893,-0.1691409630538898
5577,0.17844013363269617,0.16830018728534277,0.04755959639828359,0.31524889117826493
5578,-0.3790185684305853,-0.6052659876334501,-0.08698136295091194,-0.04624943244915793
5579,0.34230567779044496,-0.2872669413653816,-0.800186218584664,0.5059250013094109
5580,1.9156785388239852,1.8674826748176852,-0.9447009472785951,0.6703029474120369
5581,-1.802048678877822,-2.605347867599021,0.00532095755653183,-0.13892017469403753
5582,0.7111045478097211,-1.210793096122193,-1.835157206585191,2.2293857391880985
5583,-0.2056506636784685,0.5286537827416196,0.8805884944075496,-0.4586716416535028
5584,0.006431106628360442,-0.5796736630261641,-0.626836958481481,0.3174190342602229
5585,-0.04460693263625444,-0.2809945543429611,-0.14183298541615483,0.2691144168052132
5586,-0.5298923594060551,-0.493036383302351,0.23789291635126686,-0.28355964922677185
5587,0.9007380718525496,1.4749580447921489,-0.06197206592441684,-0.4524054233619493
5588,-1.6964665372783287,-1.5998329306152559,0.8080008305541186,-0.7743921044728881
5589,0.561669362302976,-0.28041559168276675,-0.7240717004654609,1.4078759074970857
5590,-1.0950547493593108,1.0179082555423313,2.1921503355648375,-2.5061781737545257
5591,-2.0497518778672212,-0.9256897816330939,1.8060564460748816,-1.9050709792611176
5592,-0.9769501512501034,-0.7454420514480179,0.5796318739711386,-0.6690827162140162
5593,-0.2126081633673246,-0.9629830773784647,-0.37189122746992864,0.9101537004634502
5594,-0.5722297933748962,-0.5372146530715162,0.15868464006653615,-0.46793648024015927
5595,-0.9731862575693455,-0.4280048997383047,0.8627006145394976,-0.9230631145968261
5596,-1.3213763203101725,-1.7138020800619493,0.2114552745194861,-0.21062801580904433
5597,-0.07347586014111139,1.023084738295368,1.0397770644463313,-0.8997281777594419
5598,-0.387018205290835,0.022397582849923173,0.40048775021255656,-0.7310953122068776
5599,0.7968319311703229,-0.376719151009328,-1.2316042885819947,1.5857759851808277
5600,-0.14939894886900973,-0.22969710760065434,-0.09935291218477169,-0.15448647588499548
5601,0.21082058246778837,-0.09003236139099986,-0.2903057527029482,0.4589826379158385
5602,-0.1867058405578174,0.34495214265765906,0.5630070824019596,-0.5074736602710384
5603,-1.1271958242826565,-0.731687328706281,0.8891754693126572,-0.693302755622862
5604,1.2150639237235272,0.03202772011454824,-1.6310130065446278,1.388817238437028
5605,0.15852030990228544,0.9250289565125936,0.6096742660852087,-0.5923053727424554
5606,0.8094243834894115,1.2538713146452822,0.05679494068529494,-0.03521163385150747
5607,0.11885447153606854,-0.8889740670207186,-0.8994932436271184,0.9854768765899964
5608,1.4778787750441336,0.16121361720207233,-1.8315187707671057,1.6625302201255094
5609,0.29264099036005464,1.2255866652367324,0.5915771289930716,-0.870837970364389
5610,0.8900705975147671,-0.2754801093115725,-1.2712828361142525,1.6045240721859175
5611,-1.0252890112766213,-0.9071776250601209,0.3938175404803384,-0.7790082520518073
5612,-0.08886479986741601,0.09501635233097014,0.258878914126123,-0.0904839593388437
5613,0.04088747284123884,0.40984983727825225,0.35798040719045393,-0.2123466144599805
5614,0.24017111732702945,-0.25813493822644384,-0.622786615504549,0.38340966067275195
5615,0.8314945192688827,0.6274832579758829,-0.31590760290834496,0.899336962451419
5616,-0.9420919788349068,-0.5671809726355923,0.695635328306357,-0.7704391126481236
5617,-1.6904190957323697,-2.3414002663500235,0.2143905776161009,-0.008624999862277754
5618,0.5252114964553629,0.30170359909560684,-0.4958725092786798,0.2738878133476731
5619,2.285981164226213,-0.06989756083924833,-3.0852445791512424,2.897813202560179
5620,-0.393836504547831,0.6619226658435065,1.1249950849075512,-1.0221657151139139
5621,-1.5939957605279114,-1.6230122505244857,0.6597559253955073,-0.613617478506715
5622,1.0439922843422829,-0.2365292518228147,-1.5242610408655928,1.6143597053521785
5623,-0.19817456736484831,-1.1347471794959754,-0.8628902314061122,0.510425096436011
5624,0.16212472425094868,-0.18510582923809465,-0.3848067261785767,0.3478448978484546
5625,1.0093721343899111,0.7919845535857316,-0.6127153224772518,0.6141843516381379
5626,-1.2166496712604105,-0.0004019225875561382,1.6208618885600388,-1.4887964837762548
5627,0.7747487772428004,1.818653005248296,0.6155947421370717,-0.5376657185037033
5628,0.1671923549404421,-1.2484455367225786,-1.5634568472449335,0.8552501204417747
5629,-0.13259550540164577,-0.566996599930297,-0.3053899323464329,0.3569110623559821
5630,-1.7480845637096065,-0.7387469250586443,1.6854714427318955,-1.49098570121273
5631,-1.3441180374150252,-0.5989598379799259,1.2527180023435998,-1.1480282026464737
5632,-1.2717981663238005,-0.6832686639686999,1.1568090803705757,-0.8550302004292679
5633,-0.04377935113980785,1.1549835493889877,1.0359609492529236,-1.118934636938852
5634,-0.8374680523662341,0.058048120714542656,1.2184337129125664,-0.9844491713594266
5635,-0.48469894518204115,0.26606724640151863,0.8649666865371296,-0.849467363531029
5636,1.140833489658614,1.9337019224450496,0.051388718119193245,-0.5022939716335753
5637,-0.026971058515584862,-0.7074412733287593,-0.38120762760948634,0.9400293017643656
5638,0.4364467170527968,0.6387675555481123,0.17366798296048455,0.3235612503237902
5639,1.570296373112153,1.8143543960903412,-0.6753489734369915,0.03914418139307957
5640,1.456145510999681,1.0249545181416724,-0.8394883840003823,1.2484773361456747
5641,-3.3060372368722573,-1.9372312337684034,2.6725527005195,-2.4238119483009615
5642,-2.2460872230062088,-2.654022205183847,0.8275083614165221,-0.1581614033139183
5643,1.5923374955922769,1.6697811975662364,-0.625253943412199,0.5555782245792404
5644,-2.6022109625798966,-2.1358759680519634,1.478258777225973,-1.5348860252194196
5645,0.4254472605315691,-1.153459276324573,-1.5292225848277567,1.6094320748330726
5646,0.14683927011928732,-0.3926715178183887,-0.4625577958859347,0.6574546236106469
5647,-1.8563988912806806,-0.13115900789407617,2.3601616585714127,-2.155638577168541
5648,-0.39521938796461553,0.15570398476489244,0.6092995301545333,-0.7140446139424554
5649,-0.3208043527320541,-1.1471359576990172,-0.6246950164983567,0.5222068142680596
5650,0.07338181732037746,0.23411729007353757,0.030669648575467365,-0.24912669333743975
5651,-0.18271628608551968,-0.9527183691849923,-0.5294771207328635,0.7141892422878137
5652,-0.2206629609498673,-0.7099170528155855,-0.22985239594604906,0.520608492658666
5653,0.06745226710332704,-0.891970847769612,-0.9167917363260831,0.7784365306081324
5654,0.16118717490016374,-0.7707268004673771,-0.9814578102828794,0.7065456661069158
5655,1.1111823264560505,0.569806226832937,-0.948898917608487,0.9217525062972072
5656,-1.17551923651361,-2.023541982577928,-0.27518201762605077,0.2004882640091974
5657,-1.1850093785290168,-1.2087339434377924,0.5386502867226399,-0.36598085220601695
5658,0.7332315878123211,0.9886500550976113,-0.08257482724109741,0.08722622637728102
5659,0.7504279615254604,-0.02433886125195083,-0.7991431180238749,1.3316069262826222
5660,1.820386334902874,1.961249199582629,-0.6958798598271418,0.542115630192865
5661,-1.3240655555097707,0.41766085217516075,2.0410884368940136,-2.1413391426658825
5662,-0.7991113788619908,0.05331011368828388,1.2150995938886262,-0.8417626664521327
5663,-1.3897225138425673,-0.3072710044670736,1.5260760085752423,-1.5334285820573148
5664,-1.7132018395775483,-0.9526516136663132,1.448869427857536,-1.2669749498875096
5665,1.1228662523080533,0.9111014986058483,-0.783937502845692,0.4300731428745236
5666,-0.7078970874539897,-1.861266689259884,-0.5525238275430833,0.9908778153004378
5667,-2.382108169855834,-1.9497928335809795,1.2905991959512548,-1.528652447937088
5668,-0.6628347165824312,-0.7412191444222813,0.1679062664188906,-0.2827466680133699
5669,-1.4874215460122868,-0.5571755633483455,1.4218166182628078,-1.4629307019906663
5670,0.7680974200838334,-1.611894998827968,-2.3617523984915683,2.473028943265525
5671,-0.7591498171380047,-2.2938025636190478,-0.9891066018223268,1.0822951495654978
5672,-2.121092488105596,-1.9576094392622203,0.8420443545959451,-1.3680384097027938
5673,1.4733891024361616,0.16952811847939336,-1.7174188514846174,1.8277006408084293
5674,1.2929898098670318,0.42554702853753223,-1.2817544872563045,1.332943644708939
5675,-0.23231492394515935,-1.2081989526472239,-0.78172803837966,0.709012199098216
5676,0.6359466940288258,1.6058261495730481,0.6145313925116719,-0.5216112326838728
5677,-0.537725140698084,-0.8271209171234846,-0.1037781340237438,-0.10730118652325236
5678,-1.3225775261965906,-1.411035552951107,0.5022258817273827,-0.43332922916398914
5679,0.7604085157061982,0.3872121447211934,-0.684840615179271,0.5747387635000194
5680,-2.441676632182078,-2.254322810272929,1.3823790284823854,-0.8440051122525039
5681,-1.0410948446009691,0.6123761997987885,1.9108979368351018,-1.8298166671764498
5682,-0.9286191435202488,1.0833289739469634,2.4871432686766535,-1.5487647558907962
5683,1.5634015959887961,1.5329738181910613,-0.5776815025409101,0.8665610677956475
5684,0.51023712341312,0.9806724217042081,0.14310415264414164,-0.29252899824900525
5685,-0.7082451640123503,-0.9142698155371929,0.22658072771036467,0.07648330605652658
5686,-0.40925873613000685,-1.3064886381861132,-0.5406641511634024,0.7392021747432078
5687,1.7097301476126294,1.3399385602834983,-1.2068930734495964,0.7458872911374496
5688,0.6153299156059564,0.9984923162543248,-0.013772590282312386,-0.23665460572699057
5689,-0.45862897359355004,-1.0685363116004762,-0.41882973177001476,0.20282114523812872
5690,0.8715962277534659,1.1993708551740674,0.06066201907915442,0.3255324742673446
5691,0.6044305830303147,1.3048597580399686,0.1252197365690155,-0.7705076927781698
5692,0.04325653449615828,-0.29271664858131813,-0.4062954432727678,0.14494786169702994
5693,2.289471336766464,1.1318403408183904,-1.9732233151643273,1.9691101410178022
5694,0.8220761452384676,-0.33598959322025024,-1.3500067290467368,1.3687318575864347
5695,-0.8617791667137685,0.37438024675448967,1.5983822220419108,-1.1652016867408794
5696,0.17009270537117033,-0.06077039668303202,-0.23487506056815,0.3404889875120523
5697,0.5265648798866628,-0.9721942386061583,-1.7035269648711182,1.225502194976566
5698,-1.0575798708466952,-0.23577947212588707,1.1408395801179247,-1.1984169665273217
5699,1.4974374826270966,-0.16722589137727323,-1.9953947377623675,2.236758802235962
5700,-0.4119129416876501,-0.6548387513142171,-0.04305202354248555,0.03341594689730576
5701,-0.1705853650957335,-0.25284081597940755,0.05432096309328185,0.0968101240526445
5702,2.0807636523644732,0.3672418438935928,-2.470319689765956,2.193056910015298
5703,0.7213131766018037,0.8175741757747065,-0.2977050668989248,0.07834368771741787
5704,0.2686878403184634,-0.8800578144249787,-1.1265135582259764,1.0990510949815684
5705,-0.3471365962129847,-0.2598810456388207,0.11599019894533051,-0.40854021786844685
5706,0.32858985151515424,-1.131654000427035,-1.3307021073573135,1.5607456302617149
5707,0.3147171882983445,0.4637022284142546,-0.08928979593828049,-0.15263465607627758
5708,0.0024771869399382988,-0.5106842955277076,-0.43826839386064426,0.4693134559824561
5709,0.7907355090666327,-0.017526739389664675,-1.1998597042741335,0.7522627631713296
5710,0.7971961776377056,1.0956430265478185,-0.14400850706111817,-0.05096174396786287
5711,0.4579938236986043,-0.5753899847118281,-1.274068260764312,0.7794716798186897
5712,-0.9593161644877306,-0.2183695214659775,1.1710045067730355,-0.8359678749950256
5713,-0.18226873938633684,1.1609384581694222,1.261066911091307,-1.2312576259103425
5714,-0.005105346415514581,-0.1522802938108983,-0.1702073350198921,0.0493255550539817
5715,0.9797248489145663,1.2258968247327877,-0.08228897211625637,0.3957972392100438
5716,-0.0594490376398365,0.9065525411806631,0.8718264253517336,-0.8643837846964489
5717,-0.17202229114407794,0.6787518922423557,0.8924592514427487,-0.6801107862771406
5718,-0.7934974385883277,-1.5719761974968884,-0.4272239642710957,0.2070689776764035
5719,1.9171787482305167,0.2119750529284176,-2.2659355647132546,2.3439336057093674
5720,-1.6213443939636123,-1.6923600362765614,0.42865968877955307,-0.9515825653553767
5721,0.2882960328481803,-0.4852505723208414,-0.7569345946543566,0.867434997866649
5722,1.2853867053790669,0.602974377814894,-0.9735253385015586,1.4209487056912362
5723,-0.18498823382866275,-0.603065467934759,-0.4888465741601874,-0.0669288825536341
5724,2.6309524599916556,3.468220063565424,-0.3917884782940907,0.33586111878549
5725,-1.606320609273513,-2.5838662989750305,-0.30546613054978333,-0.03941955352194325
5726,-1.1388235142177519,-0.9554891980822436,0.6041758009992789,-0.6970428895980543
5727,0.8950874662477157,1.3011026231203202,-0.013940967594847717,0.032129773371470494
5728,-2.233599489573437,-1.246606482425249,1.7323497925122298,-1.9170964211374677
5729,2.400241930005356,2.032023013478756,-1.1792725797782864,1.5912442618005602
5730,-0.44981075114043045,-1.5702042684416269,-0.7316016146556827,0.8944357089993695
5731,-0.38840680959062557,-2.1007258341764627,-1.2792869778565632,1.4292867692653752
5732,-1.152309320742091,-0.7885844669010004,0.9393854327738218,-0.5570462649769412
5733,1.7881647807888277,1.7523022860615267,-0.6346001685987607,1.0398086490252172
5734,0.44169696263907715,-0.433194296197969,-0.8469433449213122,1.1312764834442948
5735,-0.4638201083999652,0.8304624055476512,1.2086292213646348,-1.5319505201079024
5736,-0.48271031793546704,0.7680235722908206,1.386808352941238,-1.1342824541938208
5737,0.2031504435518587,2.181860968926159,1.5568988571877227,-1.797780995285104
5738,-0.07658564303286267,-0.18727265329500398,-0.2701991194193058,-0.2980948256858617
5739,0.5281060521598508,1.0432110642662802,0.17850647327165475,-0.31726710096891897
5740,0.4129385708362283,-0.5310498137224907,-0.9126332313168865,1.1489664172377587
5741,-1.0198751033556164,-0.47676960152724535,0.7863250466950612,-1.1069184526465394
5742,-0.45718126089350525,-1.1254763667078653,-0.48994721006713504,0.2200779657219015
5743,-0.201527197447185,-1.8462334535777027,-1.437809992312135,1.2028941164789089
5744,-1.8753961684648757,-0.9502275582678407,1.400623838945336,-1.937786560859378
5745,0.7788078620802201,1.4820630461576882,0.16533030352335576,-0.5044334811531712
5746,1.2372692954498108,0.20115852906907677,-1.316147536382133,1.6151369700397735
5747,-2.2784413435381183,-3.1446773992285104,0.32083582132314464,0.017560757098188464
5748,-0.12310069835042085,-0.5213232061970615,-0.4559584120873917,0.01486992518486564
5749,1.019353937130778,-0.914117123479653,-2.0885399218281795,2.167616479362304
5750,-0.22362754324917922,0.19765159586313266,0.48271733113892035,-0.42527792910708195
5751,1.8118296526053772,2.136015576091844,-0.5015930058728765,0.43211138608424565
5752,-1.3659090157973257,-0.142976518194195,1.7714073034878652,-1.4123557496527066
5753,0.13626428258919235,-0.2872706488658704,-0.3974023825968758,0.479979264892896
5754,-2.867761371543996,-1.2459281603887649,2.7427068019204244,-2.403254983706331
5755,-0.19730805919297595,-0.44805558376777804,-0.23478376992993183,-0.03719622239429977
5756,-0.3732652962712336,-0.8007028738453232,-0.08161096486751551,0.4559235145778818
5757,0.36505649285311903,0.5757649153058053,0.08876503164221053,0.07075053066607717
5758,0.14742480481321357,0.7850007450341662,0.46711828071485556,-0.5452071964299005
5759,-0.4833184548412277,-0.3935059552060964,0.38840445562082804,-0.09195525552025842
5760,0.9536789103400083,1.231269235148201,-0.465106427658364,-0.38569957490118756
5761,0.3156302810582655,-0.5786005596423968,-0.7903829368304564,1.1316525541307247
5762,0.8444133288001284,0.16142472650732617,-1.1561493453060745,0.5889709280150752
5763,-0.07279766934402958,0.20127782717249065,0.4366345602196676,0.02386660489951379
5764,-1.0143368078823136,-1.1089442296894687,0.2776871475092484,-0.4573221857096865
5765,-3.05180390321575,-2.1433470826829693,2.2600926043698704,-1.7447172698315208
5766,0.2512516518441391,1.0230116106335416,0.610431916216036,-0.49616258083387144
5767,-0.8395351098315743,-1.0292112883503313,0.19328885381507996,-0.17393600450310628
5768,0.7589066588916518,1.8127651624474712,0.6957789253700051,-0.4386076766056982
5769,-0.2889510143108472,-0.9411977663692805,-0.27999559661942247,0.7467354674055255
5770,1.626728117063683,1.5920713693914397,-0.6991313689181516,0.7359096889524349
5771,-0.4456630691578998,-0.20243669370830378,0.6552305786851479,0.05184330299775008
5772,0.1804421341176956,0.3298395753997759,-0.12060034098934676,-0.3645206885413423
5773,-0.16424917123745372,-0.03954617003164135,0.08202529410110372,-0.34693012489168495
5774,-0.9939076030910352,0.2973015929366063,1.6657986639556839,-1.3324065373900653
5775,0.9088367390061765,1.143937680811829,-0.09220821176557019,0.32286988938820976
5776,-0.40123631131338966,-0.2088577826461945,0.2904182361657646,-0.4174605982292058
5777,-0.3166912393846667,-0.5065033519427631,0.2583071419641172,0.5471727266350541
5778,-1.0768877118509874,-0.7203099622976977,0.6684647435134279,-0.9303393516640179
5779,-1.306168609574772,-0.33184844295909394,1.2781552791353163,-1.6127614667968868
5780,0.7765152299527879,1.598101384304956,0.4354173039598709,-0.3164364284453618
5781,-0.9747807586086534,-1.4744260850836102,0.11310073290269475,0.2766281954004934
5782,0.24871764366995794,-0.03702111277242502,-0.13917622731121407,0.7330376877774475
5783,-0.7464360463104177,-0.9696091354812794,-0.007567637365613505,-0.33946839907734416
5784,-0.39400404978559794,-0.989209311469448,-0.38968334101911883,0.2936390708550788
5785,1.0755419446391004,-0.09051846942841903,-1.295080310146472,1.7787636327607492
5786,-1.0800384335267392,-1.4436951591287994,0.05704237212210706,-0.2728050000383528
5787,0.6574365437033147,0.7645043620212159,-0.028069203093853724,0.45391159442019174
5788,1.2709485730083425,0.6322152728899204,-1.0253176129185149,1.2073168151765754
5789,0.4150540904571825,-0.09441375961568495,-0.33959724084240406,1.1127257428994075
5790,0.274405946229759,-0.32324505325752495,-0.6707187479244148,0.5785216215921665
5791,-0.34774408780632765,-1.5351094382654622,-0.8154748188714757,1.026559883981176
5792,0.6102280711401713,0.920669949550857,-0.05797836375744564,-0.14488492577419784
5793,0.42932567619626183,0.8071041128614077,0.3727272819886988,0.24264230988371352
5794,0.3440503238301841,1.2007113256285156,0.5924950822987416,-0.6253398415049782
5795,1.5462670180631706,1.2782488593665724,-0.7693429542180671,1.0825138721464644
5796,-1.9219739687275024,-0.45273584393129773,2.052763835674243,-2.1555530151839535
5797,0.1502719115408172,-1.3716243074624617,-1.2598756835068354,1.6279406933026364
5798,1.1379075654755881,-0.22578446008746167,-1.6463948413953362,1.7086639190748336
5799,0.6177570442634116,-0.4942034385805551,-1.1132285508255364,1.4382583625939307
5800,-0.15529142100590074,0.6873245691008437,0.673326175473978,-1.0276253132351147
5801,-2.0571319487767687,-1.2797204447680604,1.507822394202332,-1.6023728495828287
5802,-0.9369205200079187,-1.2632454208705428,0.10818519002735628,-0.10685977963600027
5803,-0.17255717021997952,0.41258940190465593,0.5124443907973243,-0.7094966926751919
5804,-0.30866182811978654,0.02377708840334115,0.4855858078115433,-0.3041694621563719
5805,-1.0936403710952922,-0.7917890488162409,0.8007233745822204,-0.5842081500328353
5806,-0.44423350279328255,0.7198128104844206,1.0664712975023487,-1.4454350660256259
5807,0.02243310416541712,0.1579921313754564,0.012664418755112811,-0.27913149540396454
5808,1.4703593596559412,1.4327968983297823,-0.5161386766468699,0.8845244920582146
5809,0.32801166845692425,0.5991621716530524,0.05314697078441954,-0.18104617475506876
5810,-1.7698527659897412,-2.033450480213581,0.6278013831645781,-0.30715025794673867
5811,-1.9462433060647257,-0.7902495791302153,1.9437799281821684,-1.6192398983016554
5812,1.1416677502343529,-0.29363236378683755,-1.8802284778806282,1.4734581953525037
5813,0.01693067534713615,1.1864457130552803,1.0098080891529702,-1.0240464046768607
5814,-0.6715349690270198,-0.9498819604358825,-0.01307706884250292,-0.12907769084301843
5815,0.7807389250056741,-0.2614506007562181,-1.0267647479618667,1.6111809213020265
5816,0.6809564107792325,0.5842392801984643,-0.41073439580094273,0.2983358070103183
5817,0.49007408476692,1.1584204337246702,0.24959591270777282,-0.606125306143374
5818,-1.9682625860777803,-1.8265812593398267,1.1071037487713529,-0.6705689072938962
5819,-0.46799742785063453,-0.4368388337730863,0.25452334244755215,-0.16870781347795494
5820,-0.1789507486403581,-0.816705495410308,-0.6125316818836675,0.252541881385692
5821,-0.2162050428120819,0.1913058490493287,0.4095410435705841,-0.5125181265602743
5822,-0.4055664796242251,-0.591074273762615,-0.10261675019451967,-0.20302617760298533
5823,0.46535737876189065,1.399666030346876,0.5910134396584877,-0.6749163456715835
5824,0.39735878033264443,-0.5973612441551299,-1.093622561548098,0.9341428341400342
5825,-2.313085116737635,-2.7231739446384267,0.5599732390661282,-0.7026332687447099
5826,-1.7962269925044956,-1.2472892315368587,1.1623180780444409,-1.3575719168297116
5827,2.4634212769247443,1.913249303662522,-1.53758337087294,1.4718685391348054
5828,-0.16033306459870003,0.5966174985473054,0.7985147379025302,-0.6056511834595149
5829,0.17587014444100416,-0.4920209523148281,-0.7859533988385468,0.4306763121682714
5830,0.7797684030604597,0.8871728758570179,-0.40459011795074784,-0.06939384475320323
5831,0.6542301487409281,-0.03298699743018415,-0.7449079881423615,1.1042838692208745
5832,1.015768316827125,-0.012298091891667771,-1.4182207729875815,1.1588568875228231
5833,-0.9865231759590286,-0.5971144006792559,0.7671042827283808,-0.7308731504096518
5834,0.3528498911666454,-0.8390344316528893,-1.207201804723876,1.158464433015511
5835,1.0648322170630917,0.8582358768714048,-0.49944534594543993,0.8522457451787041
5836,0.38838696825059554,0.6173606430302383,0.03713686454476082,-0.037417695582112984
5837,0.44833252482249164,0.9912721525049356,0.43110291986206295,-0.03132444977352455
5838,0.9736468195557638,0.6418692374071983,-0.7521921995842572,0.6030330086587783
5839,-1.4467365221461554,0.04766164390488995,1.981603234871429,-1.7909984254059508
5840,1.327684307030256,2.625526484653015,0.5348470890231467,-0.6526342856750103
5841,-0.8785734520516957,0.2782988752973049,1.332828516621096,-1.461646763063412
5842,-1.1747292944945174,0.4437955788382354,1.935841454157336,-1.856293006046237
5843,-0.5898947984197106,-0.43825745036182673,0.45902696332727155,-0.24025118146232585
5844,-0.46768591594873893,-0.7558214039902214,-0.17815351826372852,-0.16037843476059502
5845,-0.6790529485123725,-0.48169067514976516,0.5692711932409319,-0.259558047661474
5846,2.3192462622880186,0.8720104902416443,-2.307467112045311,2.1135359375170246
5847,-0.7632397067124824,-0.8260317663075273,0.27280238321149675,-0.25173307933345607
5848,0.07411692916892236,1.183777301078828,0.8616749977427749,-1.074513827620822
5849,2.5582786735109795,1.674751417724151,-1.9984759810738473,1.5739807618994661
5850,-1.8227877976450304,-1.586053072861882,1.0690854221065518,-0.7986407384065729
5851,-0.09632365859267426,0.11987538135445905,0.004650994239298287,-0.6257373333808766
5852,0.33420698369409557,0.25377275713123876,-0.17880164994204087,0.2662554416260865
5853,-0.00694826845651848,0.752812471157797,0.8038321611691015,-0.42525829117337577
5854,1.553640718060294,0.5216799811451577,-1.8251875291820505,1.0737418448949412
5855,-0.11948611554068797,-0.07809913140300091,-0.17139133782773563,-0.5408729057897376
5856,0.4700373740642343,-0.9750819388847526,-1.5137534038696028,1.3652132370549925
5857,0.8207207002795748,0.6631167616052158,-0.5105831801167701,0.431272447632088
5858,0.3731597172492075,-1.1053774041685298,-1.3524217003229342,1.6182823494054115
5859,-0.6550428321028811,-0.5787934604507486,0.22936832927489567,-0.5388364740555167
5860,1.4767238017059667,0.5897354293290087,-1.5203862031626465,1.172123254198547
5861,0.21828337195114042,1.043546131738962,0.6605945404889191,-0.575127106451061
5862,-0.38226633041140745,0.11365685927846278,0.43052834304914733,-0.8815682439133675
5863,-0.18031788617586894,-0.45400110746130956,-0.18923363687543146,0.11826988429134083
5864,0.783485842792201,0.5433401852247665,-0.5258013267221511,0.5606629771709164
5865,-0.8806328870844063,-0.1420459502172245,1.1265638398794087,-0.8174662992167608
5866,-1.3271480983973247,-0.9286915128445852,1.0054714022909332,-0.7270236561092844
5867,0.39362898382232625,0.43482247536715046,-0.14255508139678907,0.10526152009021283
5868,-0.289334977374516,-2.3629200608315277,-1.8722697204174714,1.37066355279555
5869,-1.4274588931355923,0.18561139843705252,2.0213479187330545,-1.9852150216770756
5870,-1.3893852222790641,-0.2250371802508474,1.5378939856602178,-1.7100302252658004
5871,0.7994622828202338,0.495719829193196,-0.5493446533488318,0.6912801666996822
5872,-2.4160453215491606,-1.7472727787783666,1.7296513951827357,-1.3645970820122808
5873,0.49671858952269293,-0.5101285768958013,-1.0134740777855542,1.2200208347369754
5874,-0.03447417280416013,1.315990130232775,1.5423802710511454,-0.5811473748828822
5875,-0.3457437228986881,0.9251659995594741,1.2546763084614425,-1.2573748988839475
5876,0.2969257231657156,1.0616525275798532,0.5981325658758384,-0.44792758444157077
5877,-0.47510574623829194,0.29448235493507985,0.7781667542319393,-1.036957745158559
5878,-0.9087287112990038,0.31752807636761327,1.3552413326195258,-1.6246758863949275
5879,1.082391957194306,0.09561901966687662,-1.5473248324305784,0.9085515367917002
5880,-0.4035378995911724,-1.210352030441544,-0.4862419289494224,0.623427342147596
5881,-0.7736744877294548,-1.5580308891832606,-0.2621575761148809,0.5354731768633402
5882,-1.1549787269339846,-1.2779370646075794,0.37258867558363035,-0.384426883169506
5883,-0.9992552607201035,0.1275275167947152,1.4713618037526273,-1.2844344784485617
5884,0.2987805487750056,0.256458548152957,-0.24536295008001713,0.01568548850643447
5885,2.3981766055892035,1.2943583264571104,-1.958300393837074,1.991448226834985
5886,1.0023855142962799,0.5639447965295347,-0.8176238279330842,0.778578490537136
5887,1.1068092010278374,1.1698953566122576,-0.3988196644442235,0.4269478988400189
5888,2.2207484322162503,1.3472941312343514,-1.5643843964108288,1.9242580719971412
5889,-0.44979176084973244,-0.16481946536393513,0.3578865337721072,-0.5783956173896472
5890,0.1707534644944212,-0.362038008414983,-0.6166773030838848,0.3970298173356098
5891,2.9195136719838297,1.713342797615477,-2.634366937357156,1.6502450689337662
5892,-0.25943925365841425,-0.07934200738978649,0.3532221638625127,-0.11261891851172279
5893,1.9129647215321453,2.1618751378720793,-0.642410053657683,0.4827493425259227
5894,-0.1477361762323394,0.3685944875472966,0.5008056992616117,-0.5350156417961159
5895,-0.30092351023354674,0.48465733696886326,0.7697503097481364,-0.8885336590846602
5896,-2.3768905478723394,-1.1963720021293511,2.026882353342219,-2.03106478531853
5897,0.4043540626382866,-0.7378130371202963,-1.2598741197613412,1.0051317462870801
5898,0.9197375917449916,0.6615527122885426,-0.6993393930172092,0.4560079582088163
5899,-1.1888467284466682,-0.6036364382947476,0.8115598712387482,-1.35998015660272
5900,0.6430648017989776,-0.1224420876438971,-0.9713022276472308,0.8810435409924962
5901,-1.0336543214378575,0.7028817004149739,1.9651271119813316,-1.9261811000656708
5902,0.8521503348259732,0.3620224021769657,-0.7804937577738814,0.7948024206827644
5903,0.5825763469241493,-0.28105588229481293,-0.9080132785579352,1.1596356516184576
5904,0.030015473251665092,0.9214866228181487,0.6092717622539322,-1.0438559108541339
5905,0.49936903913618397,0.28027195648217507,-0.36260150885839626,0.46840658514028966
5906,0.046090033915106375,-0.41797563607303273,-0.4537516143878724,0.3739472226458848
5907,0.10330662383141502,-2.141921860384406,-1.8650574655350067,2.253179988294494
5908,0.0583937156357608,-1.3942311841072927,-1.39760135720675,1.1111044778199373
5909,0.751860439230334,1.3729780927092206,0.34526335439914585,-0.019788845555416677
5910,-0.44597950055881436,0.8831720426164398,1.37688858608788,-1.2986454049570564
5911,0.620163456745674,2.2320408994734304,1.214749814502412,-1.0318592275979368
5912,-2.0751682885435376,-2.4433457732961164,0.5006159107762997,-0.6328179250843482
5913,-0.8249124454503398,-0.6094693144071546,0.6053102243510613,-0.4087304118261757
5914,0.10848618316054509,-0.6600672672962121,-0.6203598479255993,0.887900354218108
5915,-1.6628586856833452,-1.1324916389098463,1.2487836197028779,-1.0055606284534728
5916,-2.4396597720281847,-2.924299054509799,0.6937616721383087,-0.43321586403798684
5917,-1.7739160603683464,-2.2174655800926573,0.20196552379351732,-0.6284412770652831
5918,1.4918604784451583,2.3059140741825326,0.18971755766083812,0.09748374866986757
5919,2.5053730862047146,3.2003712710311674,-0.31519405981254434,0.6691180935567395
5920,0.5548911086829342,-0.03380551507210356,-0.8354635709510811,0.5913622299955996
5921,0.6071620006066425,-0.1378264947587582,-0.7303013563987264,1.215056332872716
5922,0.2894043252233405,0.3703057968890159,-0.1657781924344255,-0.15245114091922896
5923,-1.156486808014507,-1.4820792716735345,0.1673073928165191,-0.25883587883205095
5924,-1.1284736659608625,-0.613509115474369,0.903916662591259,-0.9573543622645128
5925,-0.4537411054988792,-0.5556474527923133,0.028668597022302584,-0.22920392050364274
5926,-0.5962448662310066,0.7243817137432838,1.3275392930400565,-1.5393022090974686
5927,1.2016952052355188,1.2844887030605736,-0.33844572051222205,0.5958470053219667
5928,0.5394898212561052,0.040866056272398754,-0.4797519078767042,0.983496854305752
5929,-0.105012190989016,-0.8444686257656716,-0.39957320137293995,0.9596605006254932
5930,-0.14613338751418148,0.0877594737634793,0.2651329833081585,-0.2666509920299986
5931,-0.9854003417815568,-0.2353645978911377,1.0929391292947601,-1.0258920954020239
5932,0.47577605720578214,1.7236397706916882,1.0287334669331802,-0.6480457050085655
5933,1.3946704006370019,1.025157932614739,-0.8344645302410812,1.0370792958220998
5934,0.8992536638968581,0.6742143679368613,-0.6204889860404621,0.491307263700212
5935,0.05552636361603139,1.8162468976945823,1.582821388711921,-1.396554796634483
5936,-2.0005755621508388,-3.0215163773947316,-0.17854669545726448,-0.16767404707723846
5937,-0.9860786329464113,-0.7808889916179785,0.7427238742141288,-0.32834138261068563
5938,-1.3521566558861513,-0.5130932525509547,1.195012844343835,-1.486008941503873
5939,2.392553622444213,0.8781589563148695,-2.442019638192899,2.1233612639658346
5940,0.8778228433049204,0.5292227106613392,-0.7155892975415087,0.5971739929571194
5941,-0.4032306805115895,-1.7136231414441716,-0.9092405035233763,1.09401523768565
5942,-0.8772644905561511,-0.07279902349406697,1.2499817029840232,-0.7549627082483866
5943,1.2405904432960533,1.2088091120203839,-0.5298350958861013,0.5800511671137089
5944,-0.7706033863871392,0.22359812622314598,1.0160949862889739,-1.5023287307749975
5945,0.3362741874148927,-0.2892272836263801,-0.8944244068239088,0.3228338856268495
5946,0.04766757211580339,1.7804459324159192,1.237546694430278,-1.9473313506253027
5947,2.0661478262507247,0.29617901093374005,-2.3001736547328866,2.612666368529161
5948,-0.2740982823362092,-0.6094121429494899,-0.05153983129862803,0.4013805969605291
5949,0.589871855360875,-0.2701613939018667,-0.9357718170812969,1.1104237035867743
5950,-0.2584077557993029,-0.15188080411510207,0.028795208210732972,-0.5060813711644152
5951,-2.3303080999668118,-1.7717813131812359,1.4284560177112682,-1.5302836983225827
5952,-0.5693682708749085,0.09424685351004203,0.9009631152454545,-0.6735686805935511
5953,0.7618211445366506,-0.14709326109701923,-1.1051808623664032,1.128940254895664
5954,-0.4693056753441849,-0.39367453213470505,0.24258268859794788,-0.29872666373721096
5955,-0.8841183219433059,-1.250932375889159,-0.05793119428600065,-0.24091956672106363
5956,-0.2936023332653073,-0.8476709230444252,-0.3437868222176777,0.3916210125744268
5957,1.528831894014033,1.2541534670875758,-0.8915462877437544,0.8627896745160586
5958,-1.1865422285287146,0.09509289082645202,1.6132876774208065,-1.6252206354492895
5959,-1.2423872106189506,-1.3334890109944348,0.407563655658953,-0.5010004467128703
5960,-1.2008441287370608,-0.23091829176237683,1.2845011545151446,-1.4688599853386768
5961,1.4624958533021382,0.4523451977549068,-1.536027787041147,1.4255657070261538
5962,0.3621484688965516,0.1128851657854567,-0.42267122687994413,0.2762371747216434
5963,0.8333134369125357,-0.8289296685297464,-2.018349661496504,1.420575422286572
5964,1.795959846661943,2.3917328311957156,-0.4326643566194477,-0.12076512948200399
5965,0.2299706737210924,-0.8771334975430939,-1.1842376609765644,0.851732129348984
5966,-0.9159482572372692,-0.1951565454544957,1.1320548105286814,-0.8057261619440028
5967,-0.20016858352636033,-0.2733150543258667,0.01764286540602776,-0.024198487866071587
5968,0.048626418182010404,0.9130133936723045,0.7313417021709362,-0.7414852845157717
5969,-1.0697974351891872,-1.0024099590180517,0.3489298531744592,-0.7872595486869556
5970,1.0021997447419981,0.18815236908552835,-1.179219507156387,1.0477782610408382
5971,2.1518643112048594,1.0702023156559197,-1.8159553557391754,1.9035438069777624
5972,0.8511520118369087,2.4855985170512125,1.1613770061759041,-0.9127900957456573
5973,-1.298400948361027,-1.412434345039613,0.4160099581769067,-0.4956310233779559
5974,0.0940518144182193,1.510882203517791,1.200547954472391,-1.1955834899962865
5975,1.3820444520767776,0.8515431089753085,-1.003831313923263,1.1125414475153443
5976,-1.40704464083827,-1.2199023704129985,0.6545530033653928,-0.9282771328196454
5977,0.8844240193169977,1.494919639684653,-0.08340009026611749,-0.5967554264821516
5978,0.7780123858318461,-1.7264570183638175,-2.4949651133679995,2.550202406340911
5979,0.6758082333209532,0.32759446377767987,-0.6426031360524144,0.4908395463236126
5980,-0.3455008936316207,-0.261152557204137,0.10757965068277342,-0.4144597996045492
5981,1.1551737453600772,1.9390083887629253,0.15956756007415243,-0.27298743096152767
5982,0.37125653467242187,-0.8856707462956642,-1.310696440201775,1.1543340766788723
5983,0.8840807264288905,0.4226620561559028,-0.945011556787216,0.4722014685839661
5984,2.5072035708342986,1.8562655886801636,-1.711685735625851,1.4588782322269709
5985,-1.5132597193862791,-0.8617553540258208,1.1722862592332917,-1.2597531071585422
5986,-1.2928186520501226,-1.9678500365169833,-0.25785120893871627,-0.3228129032656218
5987,-1.1876380529882538,-1.7902887922418413,-0.22845951212476368,-0.32388910572667307
5988,-0.8665207128832477,-0.2936355929246347,0.959501436400826,-0.6955589173365802
5989,1.4845480029330707,0.1984963793971913,-1.771675462999179,1.701887392105428
5990,0.037782899154794755,-0.04187401085365246,-0.16967849729548592,-0.06313425889916494
5991,1.7937580662861798,1.4538312001784128,-1.0351714581339733,1.0741129794433009
5992,0.3703693546456907,0.47378824554041443,0.06180452456280391,0.2885292465483177
5993,-1.3069662212835234,-1.704253771286608,0.21659738486596788,-0.17310698685231177
5994,1.3187567838876466,0.06449329942046406,-1.7578422464999797,1.4573192927705247
5995,-1.2432935597744117,-1.0368420462806622,0.5676984589406724,-0.9383450085960887
5996,-0.4722919151513513,1.0823957641689235,1.5788252947545052,-1.5177120549040888
5997,2.4766230877418325,1.7180317415790234,-1.8636312497197625,1.4154180873461546
5998,-0.5920600515602817,-1.4483207905039284,-0.3715145483461112,0.7267620187698268
5999,-0.05605029875413706,-0.6805644410908435,-0.5707383821795539,0.436755007495888
6000,-1.0788739180189986,-0.6731361619658831,0.773587237946265,-0.8659331144855327
6001,-0.2562580554603265,-0.5598073468339152,-0.16437150065908027,0.14625567057197422
6002,0.20358037239430668,-0.18690389759397652,-0.46067395544407386,0.36653765396101456
6003,-2.0410514098070687,-2.2249828711393107,0.6159422746376586,-0.8348957428856546
6004,-0.3086756804336463,-0.7128761884823628,-0.31269278113756194,0.06696095022574905
6005,-1.0390589864535105,-1.6019345143981973,-0.05868548991815028,0.05178520895058695
6006,0.7666094498994998,0.12336734085677796,-0.937529325181485,0.7884757997088406
6007,0.2804006215602636,-0.51345326232744,-0.6411457005456708,1.111627047734041
6008,1.0581858537763775,0.9020073663402959,-0.434813542494487,0.836773485883755
6009,-0.6018569115559275,-1.2528384439967564,-0.347716352852554,0.26148588392249955
6010,1.140543143626817,0.34884165968411235,-1.2039342098342467,1.11055602710394
6011,-1.6831009452615369,-2.2707352580903093,0.1334756284392572,-0.29593170335300684
6012,-0.6771081543510411,0.8208137478263012,1.8680304085305557,-1.1077522439124692
6013,1.3580872110799187,1.1926411129616594,-0.7056344302657861,0.7289908796771638
6014,1.292676638510141,0.3080008876027862,-1.513569377538748,1.2067970513822448
6015,0.12185492296714091,0.39016828262321107,0.2405227245495421,-0.08257705160233601
6016,-0.10866741591965262,-0.2981712411684653,0.29548663575577333,0.8531601894226026
6017,-0.33079582841726635,0.628881399914679,0.9177832178209792,-1.0825628702855619
6018,0.633189177971961,-0.29902475792331695,-0.9505859368268806,1.3088714139640019
6019,-1.6450112487765192,-1.2241479572245284,1.258170725821375,-0.7037748544111857
6020,2.0084585983011314,0.2535901183986473,-2.2368619543440755,2.6210163665560313
6021,-0.23506611127977292,1.3803423115001425,1.6736794572448292,-1.2220613751399358
6022,0.9906206658704881,1.6885876565716762,0.05632110224291977,-0.4384549739501242
6023,-1.7098196104944192,-1.2373388968539016,1.1140569033650245,-1.157855239235504
6024,-1.7299954059345453,-1.7897494964236496,0.5077823693451491,-0.9651373180535614
6025,0.7943555511235532,1.45341120561201,0.32522618632263645,-0.0975305025979259
6026,1.3269454804668817,0.7676138341166,-1.0662820116547493,1.0081374861399917
6027,-0.2244164111917932,0.2831682370680519,0.4484535444082105,-0.6951382401825814
6028,0.3925708554403103,-0.7867350772952197,-1.0998802251371458,1.3634692311074603
6029,0.10729668218929074,1.134044191934903,0.7503039235023302,-1.0322464271722114
6030,0.4560715963631283,0.3403492035313305,-0.3276858902632799,0.23008947337628982
6031,1.1688674560719048,1.8358403434597377,0.20444784726970536,0.1043794157238656
6032,-2.0304554239534345,0.2898081916840087,3.1366430193949224,-2.424893426295591
6033,0.729708205327253,0.19071955564703091,-1.0036676009378895,0.3771605931343519
6034,-0.3940889310379314,-0.408208691484435,0.1616549660436008,-0.1375005932855223
6035,0.1887413229574691,0.243156356771756,-0.009697910419671538,0.0702204118987675
6036,0.16476574985257872,-0.35086850010286624,-0.5555709450679436,0.4564511797259066
6037,2.3766028200367026,2.260370606247925,-0.8248562768746486,1.580397932136496
6038,-0.808231372861017,-0.36271680493435837,0.5998014622361592,-0.9549126774232288
6039,1.2412769802319725,1.6315195100368212,-0.2168709950222159,0.1134979129709146
6040,-1.023769924964302,-1.9659731175078639,-0.29882439702897284,0.5621984309454492
6041,-1.7865737067222434,-0.8250188823922705,1.5955416182070363,-1.5788325257784173
6042,1.3917095662383576,1.1217467781507544,-0.841124733969327,0.7814075383020583
6043,0.04311593621267628,-0.9300508272919946,-0.9916742923285125,0.6513124818876612
6044,1.9778751497014848,1.3657948389109806,-1.3791521064263264,1.3381114763673585
6045,0.5908102685823787,2.856748437941232,1.8740184571823828,-1.482795679897676
6046,0.07184499102632087,-0.18008217376989322,-0.22119242533537048,0.3016287371448189
6047,1.3799916252242233,0.9992964113120346,-0.8545936416572437,1.011565069447439
6048,-0.6781929200767526,-1.1252963268926672,-0.05110878298923199,0.20378165650559874
6049,-1.0340435821747058,-0.10908250984683912,1.2445681498907752,-1.2373380129209655
6050,-0.496463378906944,-0.2380033392380216,0.3822445240088674,-0.52547397164078
6051,-1.2656482284749295,-1.495083490347177,0.33223116376409606,-0.32669158695220324
6052,-0.5806924406278626,-0.86476925706581,-0.030975379232304943,-0.041511201288176175
6053,0.18714994875911126,0.8837453581420215,0.6680136059717615,-0.2872962052869138
6054,0.4476188242289953,-1.7456660319081734,-2.2993383535389387,1.7606125082181039
6055,0.7687898043657089,0.04837618965230942,-0.9046655143865588,1.0354133713815057
6056,0.8342896182873364,1.0646116316104464,-0.1663603503425184,0.11717460358074243
6057,1.103887331426382,1.6267915622304312,0.027084872627918102,0.06417077946928906
6058,1.4879212279351721,2.483635097566827,0.3169975830000314,-0.12137143122059527
6059,0.7503195787282303,0.7078808991571321,-0.31471864517172293,0.4170165240949407
6060,0.5803048539709452,0.13537078978120867,-0.6473960168366832,0.6053320289202189
6061,-0.5131554694913957,-0.4813457277334058,0.4686441425170456,0.15514661541709124
6062,-0.939631531948725,-0.5235536442034014,0.8863508921898829,-0.5305569400158514
6063,-1.220473409317132,-1.0018244848126183,0.6960822215359234,-0.7148509018345452
6064,-0.30618841506983585,0.6928512518869301,0.875032647510462,-1.2245540272674322
6065,1.1301597111933814,-0.5587448352134035,-1.8883552634946024,2.0584298834413435
6066,0.11785455286017865,0.7075769551641651,0.2900680786183979,-0.7762512246365687
6067,0.8099646726976568,0.47784955376859356,-0.6151928323585849,0.6558200347676895
6068,-1.031592486023119,-2.0441490201615515,-0.33319558834375246,0.6624469656037285
6069,0.8858421866079007,0.2131173372444418,-0.9872635691387476,0.9101648992590012
6070,-0.07493550196016492,1.6263814151512466,1.4215193955642957,-1.6888630784467953
6071,-0.34649111963581075,-0.36197741197747024,-0.013585437517402823,-0.38820201413486555
6072,-2.6660450180460735,-1.372963514812729,2.100635216769784,-2.508049763161357
6073,1.531154862432662,1.1082541119352955,-0.8319614207555807,1.3286789341552583
6074,-0.3460061587149,0.17039130577212247,0.6529847654957075,-0.49651723208978976
6075,-0.0007561478203311907,0.4301174887221021,0.30381755178865233,-0.5057418220600015
6076,-0.9495359882852998,-1.949456160104997,-0.580620975263404,0.2905054251485709
6077,-1.3354260232464041,-1.8427662641479403,0.09057448649052482,-0.16257744227134435
6078,-0.4596710080371818,0.4270831196297277,0.9750665699216753,-0.9547216046818962
6079,0.03794586319567395,1.8230971487336824,1.4502751273555141,-1.7098043035542474
6080,0.9136466631871816,2.18423272647078,0.6539061048869288,-0.8566767230902606
6081,0.7556623782853793,0.7621107813870034,-0.21718013580459794,0.47719719039152736
6082,-0.09965165233427598,-1.4944437175017478,-1.1175778103750416,1.282237071610542
6083,0.7210434197194573,-0.23296262357725253,-1.2721885300577873,0.8959507999142168
6084,0.29667206639944665,1.2915351087398161,0.682085332038079,-0.8560595686894168
6085,0.4830612185333339,0.0023405039208394783,-0.6911601330280316,0.5018486579852194
6086,0.36131609697108596,0.012342636044918183,-0.391042587776844,0.5719514036096474
6087,0.1785008056846155,0.1978734764857948,-0.05844859244778424,0.05699309492564481
6088,0.32410343614335024,-0.18369578484467777,-0.5619713647581975,0.6109318011788754
6089,0.21780042865254598,-0.6796599796050166,-0.7921271021301552,1.0229750357363803
6090,-1.7250001792426573,-0.5182711307082287,1.893784161651332,-1.5735524672134003
6091,0.049716523645648734,0.6711704201289862,0.42204343770737635,-0.6990467978119563
6092,2.675112261022699,1.7514143985876227,-1.930181251155699,1.926947071151742
6093,0.44374174416993184,0.4655152408079162,-0.13249496811905484,0.22801433482960076
6094,-1.0934507844118955,-1.6094318798344547,0.17793949496209216,0.29292717644612093
6095,0.6760024800045051,2.086062364215959,0.9678658425690906,-0.9151651867769987
6096,-0.2742846796634368,-0.6693178651869435,-0.31078203107117996,0.08805125569902919
6097,-0.5757680307145714,1.242431352340412,1.7571999910372804,-1.9595358475082414
6098,1.5540207932168524,2.108240382114671,-0.37762173550219386,-0.2037200952156861
6099,0.7628200826404202,0.47775452102553034,-0.5531721574619511,0.5969333865832502
6100,-1.167798890934022,0.6090253100087281,1.9050914054024335,-2.2849263530745154
6101,-1.0411228295500676,-0.7220741707047178,0.7106706525065043,-0.7237559820085168
6102,-1.1136086901964972,-1.6043666950271003,0.19241626074781557,0.2341687817574805
6103,0.2308708845409379,-0.9803365963041358,-1.1711863360539398,1.1272917248205079
6104,-1.1126526833803352,-0.7669559306314114,0.8689801948419795,-0.5917415836183729
6105,-0.19892395147867695,-0.8372722726054657,-0.6438498379763833,0.1755686948547902
6106,-0.19980763677541913,-0.08807132597700268,0.32900279642354446,0.07891863727510229
6107,-1.9817421608775585,-0.9764558379652817,1.623404481600723,-1.861554005324391
6108,-0.18274421850460934,0.6208801182256284,0.875818355090077,-0.6079958206067363
6109,-0.6904563216512355,-1.0524117236873047,-0.15977885583521503,-0.20785848090106482
6110,-0.8663525494640344,0.5386259721750345,1.5710863348379247,-1.6264891380624464
6111,2.8256121139537833,2.224517338300783,-1.713595684462578,1.704190676129987
6112,0.37988098680791005,1.3991191116307122,0.8653161335487739,-0.4952159710274374
6113,-1.1122991149992671,-0.4625211441062826,1.1200349063421355,-0.8829854916482187
6114,-0.8919401667837928,-0.6662015681327091,0.5083541384202537,-0.6823586895203835
6115,0.7172790137564755,-1.2170388940445334,-1.842589857184309,2.2534341021194972
6116,1.1034937702851229,2.0885698223959652,0.589119107697859,-0.06118788175532021
6117,-0.6182429581936102,-1.398097276719561,-0.485087426841932,0.31145435214173567
6118,-0.4513536520890422,-0.0836037574572477,0.5042037792378989,-0.5220299178772428
6119,0.2729050595005769,0.3919163925628033,-0.019165445731715407,-0.004972232473726931
6120,-0.06206117318806562,-0.3790536284649428,-0.32110921140424903,0.12730719781277988
6121,0.855653553697831,1.6487680922683259,0.20884286885746858,-0.5556658231544612
6122,0.5112174022869831,-0.05243038712599495,-0.9229336381515291,0.32590096702645993
6123,1.1353704601277335,0.4135765859389679,-1.0964337561654256,1.1253425395240584
6124,-1.235274141907578,-0.7599100336674083,0.8220776996977277,-1.1298779985664544
6125,0.7761007953587488,0.9945904960091485,-0.19425821505659058,0.029087332998413807
6126,-1.8330373092007899,-0.9921827360161517,1.384928138810502,-1.7126938609669222
6127,-0.554244115451649,-0.5026041876470719,0.23440134798941664,-0.3536624442731604
6128,0.11874789201947705,0.39510472718887674,0.11390632068889948,-0.32899930886729084
6129,0.47538525374211116,0.4643343481143409,-0.24483096181312622,0.14579640244906858
6130,-0.8711511326835871,0.24512158669922368,1.4731516782317455,-1.1073913628378633
6131,0.20081601600263047,1.3238669675058996,0.9757987250136297,-0.7586470500911622
6132,1.087918027313065,0.8473126878993724,-0.7518819524761714,0.515789777017941
6133,-2.392807639110181,-0.9229485194047894,2.276598714232732,-2.3079205700186263
6134,-0.7402988658477119,-0.4134395993702165,0.5624258870262877,-0.6554648821498791
6135,-0.20007253270334235,0.01265464913360236,0.47463241622008207,0.09157550486921279
6136,1.3526833880894433,0.7396147832253173,-1.065914508123676,1.1684367501088564
6137,-0.11741721149374626,-0.11905728286688728,0.15155607342745941,0.13524535056268552
6138,1.4547801712185813,0.2880130869549098,-1.5571432298170391,1.757716921840681
6139,-0.5062516048719591,-0.1525810620771299,0.6538940737477619,-0.2875550719314322
6140,-0.4114542625273706,-0.28328602254056356,0.05628523749173758,-0.6872689394748774
6141,1.6407316060188828,1.2434847705639243,-1.0856466124646074,0.9461466140034713
6142,-2.1106922386271534,-2.8202158952787655,0.10141709290068536,-0.5536900833426089
6143,0.9337272699291382,0.642187082434295,-0.5765789445672537,0.7693896411690356
6144,0.399675018310778,1.0660297315327647,0.3112198357210939,-0.5973792843370942
6145,0.4482177094031635,0.8084267122398274,0.11827187718159148,-0.14195085787873596
6146,-1.4502604784620394,-0.35237991002252184,1.390253435831418,-1.8805077998828121
6147,-1.278277296111605,-1.5673090131312013,0.18794216256570082,-0.45192898479056753
6148,-1.5658459311564494,-1.0342864429001968,1.1214173048477405,-1.1206989081792151
6149,-0.9982951829815576,0.46587035284224143,1.5984294867182098,-1.8741745826869882
6150,1.2324697248760565,-0.15441224953025875,-1.5166073499294783,2.1032839998905577
6151,-0.9344295982507325,-1.4454178572052159,0.16767588042906326,0.4470911698816027
6152,1.3325971627515187,1.3683336043901142,-0.5741713431579692,0.44537336140865186
6153,-0.12332510051327386,-0.5087880429128048,-0.11188462433952831,0.5908355386414501
6154,0.4366399837851313,-0.19105307414284725,-0.6912855802582207,0.802868161524852
6155,-0.0011600794056289205,2.450040976093676,2.311124375863229,-1.8453596914291186
6156,-1.5804493657613323,-0.06093034620178542,2.116402460610737,-1.7688549225247663
6157,0.2333463691913705,0.9045421275668185,0.533685609847978,-0.4093817877612146
6158,0.5088075869546613,-0.17558019484536527,-0.9648918535828922,0.5407604976618575
6159,0.04556132426265083,-1.1352677540398044,-1.184622620485108,0.815392268552017
6160,0.6929317882449221,1.5993064233282757,0.5290052168266801,-0.4530363975180791
6161,0.3649437342513919,-0.5207782130058455,-1.1036447254213486,0.6155716873307501
6162,0.3074167014330295,0.559287387635058,0.07373243151261892,-0.12202484105140733
6163,-1.2091959341465375,-0.8009134827896793,0.7337438164621564,-1.0934426465892189
6164,-1.0641692951662927,-0.4725870795130189,0.9693855110637087,-0.9523979442602694
6165,-1.3674624894786098,0.06937619824808232,1.8632292098018834,-1.7689028915066671
6166,-0.6966528414312263,0.6084517872750619,1.3778613329847478,-1.5294121581682363
6167,-0.4479587275575424,-1.5269375724379528,-0.8950089350978743,0.508234486790208
6168,0.7401731088107874,-0.08442069193702931,-1.072456832510604,0.9578823189245971
6169,0.9698257857237248,0.7050710672589574,-0.7027598026821668,0.5239055995056471
6170,-0.5133911628718161,0.24570599828084877,0.7407310586312539,-1.122041505161785
6171,-0.40200190703372135,0.13489248076139512,0.6075755958573255,-0.6910575661430157
6172,-0.08607934508323488,-0.261652918706459,-0.0992437929911201,0.14926803479318346
6173,-1.0761813217722274,-1.0501970937479346,0.41946502828560567,-0.5701935858970953
6174,-0.8596545938908223,-0.8123781595919722,0.5203985981404516,-0.19256057338187335
6175,-1.2953879417394405,-0.9859492783285668,0.7891524510930431,-0.8568130747398793
6176,-1.4448484194185254,-1.4994253976925351,0.6020358604981718,-0.4808166526856546
6177,0.5500715634521992,-0.9155170675242608,-1.476145646994805,1.573787662699206
6178,1.008808814005951,1.075915192413059,-0.28645471011856216,0.501881844691103
6179,1.2285582959535695,0.11379523293921548,-1.4163191073100792,1.6183122652213142
6180,-1.5128766919948726,-1.4120787046238445,0.5610121580495582,-1.0074017025856377
6181,0.7811325392071935,0.6966050369643776,-0.5300490794079573,0.17450335790520413
6182,-0.33986873655723293,0.6837415701244252,0.9489547910291743,-1.1925314752680558
6183,-0.5465702774231143,-0.3009141334680932,0.09981795206212837,-1.0509111177358843
6184,0.7898824905753388,0.22479552643648137,-0.6043529432350915,1.2144721837275558
6185,0.578779039896815,1.3617303652580581,0.46651469633038456,-0.3974495899923481
6186,0.6394507421019769,0.6606053236235084,-0.28222333303422964,0.1922048914861707
6187,0.11739162766618387,0.40568402985341334,0.20502657068636135,-0.19864143497941353
6188,0.9254083443182168,0.5184748736185972,-0.8269187697843438,0.5968351123229576
6189,1.154037018233558,-0.1780303002174633,-1.7570874145044681,1.4556677539655525
6190,1.629653466302438,1.2858844042708937,-0.8561283913530839,1.209054497466118
6191,0.6518748920486699,0.33475813588108144,-0.5651102838471843,0.5246941246656058
6192,-1.2605233995410692,-0.6785161748932059,0.9258975336384679,-1.2336020244532535
6193,-0.31944014706491686,-1.3415794607680431,-0.7138675211736587,0.8394871649057599
6194,0.11890129945347497,-0.048390119797094816,-0.12247958243961639,0.3258741148295685
6195,-0.22765768253261642,0.4472880683303672,0.7959281883790666,-0.4901511268115827
6196,0.9127926231028921,0.7003933341606946,-0.5924647839692901,0.5259091596624712
6197,0.13569740734186211,0.06158900343857379,0.03426747441568563,0.39678420875330994
6198,-0.21059766592168927,0.6308986427467747,0.9043789275326378,-0.681383396896144
6199,-0.09975144013182766,0.63583621815359,0.8188006733853386,-0.44802810130775295
6200,0.1759737310611841,0.6849811911858282,0.38285377041332086,-0.35019014911283974
6201,-1.8211482075824557,-1.173414940588363,1.445978973969923,-1.1246637921235576
6202,-0.12721074792792889,0.47796533136490493,0.3748819059870504,-0.9480205112621377
6203,0.44480831610698734,-4.066656441090174e-05,-0.5371703461215777,0.6425333642711294
6204,-1.7179465411438117,0.06335783637910773,2.392984752519743,-2.0726768198433114
6205,1.4943344297174133,0.6318434777997942,-1.1977125738330403,1.7026505369611016
6206,-0.07770382612079219,-0.7258093809753896,-0.4849483175561546,0.6200057064491074
6207,-1.3924823003207967,-0.9013100610332608,1.084949845113468,-0.886513195400246
6208,-1.2518585780242566,-0.48123790572486086,1.4848197486110948,-0.6930971248834743
6209,1.568007258062878,0.6079467320368565,-1.6529976324325344,1.2204957838041195
6210,-0.04060039030048436,1.3193019071514698,1.1821661079862014,-1.2465751969361003
6211,-0.19720511681486164,0.8483710720506475,0.9454801254066384,-1.0863539706216505
6212,-0.5447539846328587,-1.4208950229627548,-0.40808169194317845,0.7651089010164549
6213,-1.167077128731578,-0.8959518242591277,0.8380820645894992,-0.5291953555974064
6214,-1.626367017805347,-0.06307318695492176,2.062194895576941,-2.0234699642435268
6215,-0.04409258366888905,-1.2337007185559934,-1.1128391020751296,0.8593234889548028
6216,1.3429605761760606,1.3198472427308021,-0.1929495888296065,1.2721440375829065
6217,0.19434634533433556,1.7174953361744807,1.2540551281405086,-1.2417627568550567
6218,-1.0844922445698477,0.022948716817681198,1.3472322660344112,-1.5555157583693857
6219,1.1030746457631155,-0.9042457720775692,-2.1630777424375873,2.3115593606022267
6220,-1.4309221763366324,0.45584914966332624,1.9878289755791274,-2.709565590629662
6221,-0.1347056074973758,-0.8958522095209117,-0.7557930309701807,0.34915984694729546
6222,0.19152049261597837,0.7347554458879224,0.4615652818409083,-0.2759836545178557
6223,0.6652831253752077,1.1260716115639369,0.11660973799540479,-0.13624300538544765
6224,-0.7933100487797357,-0.967151729933107,0.19633075702982763,-0.15323865292978053
6225,-0.008236738611821393,-0.4096591055644344,-0.4175146612976534,0.22357411133909438
6226,0.7846768553651164,0.7160858596117357,-0.30552945228229,0.5362330865903736
6227,0.5153578872550995,1.0716616852978815,0.2210017606562298,-0.35659668870544764
6228,-1.169585964836852,-0.8874441782348985,0.7086756320243267,-0.7870288204261205
6229,2.092496150027465,0.7079553259690007,-2.1060243684611035,2.0546416993591485
6230,-0.31302604332239586,-0.31148419273848793,0.06304427044539226,-0.25534812609602897
6231,1.1618461505310098,1.315367510041234,-0.379750225719532,0.305919086002939
6232,0.39129035415842967,0.3116089233762543,-0.2537055490771277,0.1984535708624205
6233,0.14508335694436228,-0.03839575128449014,-0.07312481591794255,0.482406211440897
6234,1.8174368082054881,1.728821305611892,-0.8845108790945131,0.7602613332759284
6235,-0.7703653042719505,-1.4511748346561812,-0.20821517856113012,0.3843344776032948
6236,-0.17045071037723572,-0.1367013336830645,0.057515846410238214,-0.17763793755074844
6237,-0.5823269158342435,-0.06531554353725688,0.724956967644788,-0.6449571705196671
6238,0.7175899205735192,0.6779909705642332,-0.40471711330905163,0.21343248200472156
6239,0.13422315298436063,-0.197357746828328,-0.265178663172285,0.4887560540092759
6240,0.0968517843483186,0.33805534152356254,0.04567951874308325,-0.3898313106632548
6241,-0.8022095481723036,-0.8033567458056973,0.2489509091588318,-0.4879068857417765
6242,-0.3866280801221135,0.13947994782258885,0.8919914291600521,-0.14538384915081462
6243,-0.7128991333716878,-0.1207013522862174,0.7987998071211829,-0.8476654294903638
6244,-0.2391886880473945,-1.590703691829836,-0.9629419514196295,1.288765974382536
6245,1.697187305381628,2.2300609085973666,-0.2711644377131363,0.20162495096345767
6246,0.7090260374683125,-0.1590915726233488,-1.1795879902767517,0.8379091704642209
6247,-0.9527804691822837,-0.541394773594109,0.7871754321195408,-0.7094390153582731
6248,-0.6832398794952154,-0.295495432602365,0.6948568336201502,-0.5027597942879817
6249,-0.03407645462445962,-0.08200514654340339,-0.1436989389612236,-0.17724424714467235
6250,-1.3907288050187976,-0.7560928138900773,1.2852971721310518,-0.8775827225951612
6251,-1.2784337509572452,-0.9114164698507489,0.9450248774330653,-0.7012508815849172
6252,0.08960010203689175,-1.264082100078216,-1.2131825840502828,1.2336258381622118
6253,0.39425725875598355,-0.10839433404446464,-0.6076445800003328,0.599235669216095
6254,-1.1858720740649926,-1.248451218128991,0.6334494504579319,-0.1058628932491013
6255,-0.0023283547635888284,-0.8067211839923831,-0.7942209975379922,0.5392828895049608
6256,0.04880036462269337,0.4829231881460784,0.513867760795949,-0.0855544542940444
6257,-1.9048005742553178,-1.9361419949320349,0.7756186305432491,-0.763861995552413
6258,-0.4126262030799177,-0.7584129868946357,-0.15468717726270215,0.08411938119500861
6259,-1.0508587014412378,-0.8273916085131022,0.6242314999249617,-0.6566433368260801
6260,-0.41686747204062236,-0.5532622016734245,0.2109583252008999,0.21846911340917288
6261,-0.007370356401932503,0.29283859479720525,0.32746827131984974,-0.15602620025223005
6262,0.15861785653993157,-1.0628956782334815,-0.9996136140461774,1.371140681370413
6263,0.2656877115323807,-0.04770160867213288,-0.6386493827221477,-0.06171487467765491
6264,-1.0331926138982062,0.14666452307479425,1.7594804424888792,-0.9436610711984317
6265,1.5201378108769006,1.6014663654239787,-0.5211084704034041,0.6462450884570826
6266,-1.1433848431567983,-1.1082735205980654,0.691580448162753,-0.1900496609124924
6267,0.38920709490689587,-1.0985364563782702,-1.6226619632504273,1.182339397685712
6268,-1.046883716046639,-1.3810121481529738,0.037825955525085726,-0.3396099255287737
6269,-0.09269315622834096,-0.7518556761892125,-0.5209177294682985,0.5658805885250886
6270,-0.4199474427210686,-0.4506159694130329,0.2619065756157595,0.04937686744126256
6271,0.38485116237636846,-0.0817657464572731,-0.43984840185235585,0.7973239624394536
6272,-1.4068370121001927,-0.7402923168207506,1.270428659168285,-0.9995715719966192
6273,1.1063451829801287,0.32918797099937375,-1.1021280764961894,1.2153957209883757
6274,-1.0748382253636377,-0.07278101928801274,1.4367500891587985,-1.1318058032756204
6275,0.05227573809237356,0.4824927892644076,0.46054208655924694,-0.16617300229903084
6276,1.2679181775437924,1.272985363076726,-0.728201101030425,0.17273395150571785
6277,0.02634037314121997,-0.8993207674299318,-0.8169987990630142,0.8252842492433212
6278,0.09521292126762528,-0.15507274682654945,-0.23331716214932768,0.30335909839035535
6279,0.20141143008255696,0.38237028040481125,0.11788803012813978,0.00430675109821734
6280,-0.04646732946692983,0.42746296312419396,0.3505483940962337,-0.5802968814254011
6281,-0.43166429551199487,0.020604219715230646,0.4663053559838915,-0.770248153843556
6282,-0.5215430594138885,-0.2786938532310361,0.32016821119361477,-0.626354924375989
6283,1.8887905804838734,1.0160410287309942,-1.5613289935112808,1.5431483761982656
6284,0.42183771534384096,1.295281527231751,0.28236516639546805,-1.1228766058584747
6285,-0.1051155884707701,-1.3314856708887215,-1.0491836288650553,0.9897028248129521
6286,0.11625190866223507,0.4135934896812336,0.16897009455050593,-0.28543783357950814
6287,-0.7672037478393221,-0.8413594999757243,0.30610803572022227,-0.17011475243114715
6288,0.7397106415983099,0.0047198213156005395,-0.8741425968481279,1.0907722443589931
6289,1.1433778574047244,0.5823371184456326,-1.0071783534740404,0.9037555575934949
6290,-1.012897664064573,-1.2696560218330704,0.3530916952692389,0.0691015170879244
6291,-1.2991853888406464,-0.4906650721674964,1.4086529427501273,-0.9738952776134354
6292,-1.0363175329852563,-0.9113390155664474,0.570538744882095,-0.4965921505016036
6293,1.773426955135986,2.267106731547717,-0.16366438601395097,0.5743458814264611
6294,0.057103844499996205,0.6985495815723517,0.3152364299145615,-0.9272190770664982
6295,-1.1226062109869743,-0.9974823138783222,0.49693071210491463,-0.7268339502546352
6296,-1.1084076940087773,-1.4449344340752202,0.3363939583270986,0.12163069358773032
6297,-0.11186450743103862,-0.9375699131607341,-0.9245260315117473,0.23389994143057657
6298,-1.1800349528694678,-1.017135905877419,0.6515609695729226,-0.6118455889491015
6299,0.4748034057670958,-0.81349799524625,-1.411815483676238,1.1717513332138205
6300,1.4338107591462395,0.4918026962715446,-1.4145131387662175,1.4420862804815267
6301,2.4798072175736747,0.8960264235267237,-2.4267376215093863,2.419086517149969
6302,1.1712152288655227,2.1959106243652666,0.5811838526738964,-0.09239813552979616
6303,-0.1352289052499819,0.4711447837114422,0.7458484172803306,-0.3057113670030633
6304,0.039934372212404784,0.38915226016686855,0.3152413401309097,-0.24115794011837263
6305,0.3307722689724455,-0.5339701038458012,-1.1160445504255367,0.5034021535877627
6306,0.5199464404366052,-0.3339961961125478,-0.9433298251902744,1.0013196444023758
6307,0.8877741736307658,0.40307273639278474,-0.6225944586839856,1.1015696110896631
6308,-1.0968949595292197,-0.967746013538439,0.6846023059277806,-0.3756443963874372
6309,-1.627043326467702,-0.11846758010974477,1.953277296410956,-2.0842311630685173
6310,-0.2922479894777415,0.7946817276556754,1.0815435763073464,-1.0563690617008137
6311,1.4160426506589425,-0.024716411662950535,-1.8402973910461098,1.8751452026838467
6312,-1.5362712077457117,0.5223964906180073,2.524113454987352,-2.3007780915956255
6313,1.073358084586077,0.7224434928927718,-0.7807048898069295,0.7145415525467735
6314,-1.9926404185364062,-0.44985261050696235,2.3109538943515866,-1.959621880053456
6315,-1.1016222867610945,0.2626654958137705,1.9197527933367668,-1.1857562124402241
6316,-1.8025009230208713,-1.5812626001509618,1.23126291666837,-0.4515589493709686
6317,-1.1876743222168353,-1.6960640434081549,-0.029795861407600988,-0.20114142973520582
6318,-0.00031829084673361073,-1.8898290388264263,-1.609406205144047,1.7247744653258719
6319,1.5934032264341054,2.065136287109526,-0.23562503617208636,0.2917244566526171
6320,-0.4589664283244355,-0.44583460531247443,0.11428535011030642,-0.3621129143298034
6321,1.3391454841047064,-0.07193323470334681,-1.9385932163681954,1.5408834772466298
6322,-1.7658709893524278,-1.6081618873665742,0.7613381894025806,-1.0847153230508255
6323,-2.7414876269978876,-1.7234041194487684,1.9565347392334351,-2.1854061974502796
6324,-1.0186855132487853,-0.769964181808753,0.8581512235342152,-0.26765243093059343
6325,2.707407835161474,2.571310313810748,-1.250457121814995,1.2609611779851868
6326,0.07484576443505991,0.47261674112993174,0.18443281536908224,-0.5487681709671556
6327,-0.566725435791873,0.003429350598469007,0.8928017203348193,-0.45912573071067925
6328,0.6284531081339643,0.7126882500930577,-0.191261166079099,0.1875532163790112
6329,0.24052016146388142,0.05077820303944134,-0.3351587431378202,0.14585704247115128
6330,-0.5238077788675936,-0.20207154570659494,0.5257274286119902,-0.45688452306078464
6331,2.31628758487904,1.7626327020811474,-1.715521292964624,0.9957923321941408
6332,-0.32882794898106765,-1.0529244548877794,-0.34926057079116574,0.7518790766354302
6333,0.2519662097144741,2.2374041682567705,1.5961048833027731,-1.688275527981523
6334,-1.4509546212882372,-1.6288682048832177,0.50312885272206,-0.3644438965402495
6335,1.0994330889162125,0.21769018320132807,-1.3978878846999685,0.9382287185946193
6336,1.0270604006520625,1.775824283030531,0.0027706398279936533,-0.6134075805539229
6337,-0.49722708961871054,0.07160504415684929,0.5038926464849625,-1.0615224668351206
6338,-2.7529456565616135,-2.4444995068053132,1.4736202284625377,-1.336375070571826
6339,-1.2607716843187657,-1.1274210944554297,0.6976253829835813,-0.5527800582346295
6340,0.2229553735142833,-0.7174408928493292,-0.8758261927896196,0.9850032470664019
6341,-1.2832382119379273,-0.5101621499485508,1.1537355774108125,-1.3195356572460915
6342,-0.38000327123749406,0.8651159269872829,1.2887042227001946,-1.1747483902165698
6343,0.13122680817254448,-0.11041947703677571,-0.35178885351801964,0.11521504645997309
6344,-0.9411489114207557,-0.7819437982348764,0.6244015733056844,-0.3739281709866345
6345,0.6081425614522278,0.018685189022844707,-0.6413596076918504,0.9973858065849778
6346,0.32837214511976714,0.7050627152056607,0.19834156449641685,-0.17942166800418924
6347,0.4109957855627322,1.0177374755295479,0.3639543983467389,-0.34720560408359613
6348,1.704243019499383,0.9749772790414252,-1.0594496047717306,1.8680679734118708
6349,-1.2185724583167252,-0.7733125493415065,1.0231399856546717,-0.683058588909572
6350,-0.3751985525837056,-1.309012444520502,-0.3519579696875921,1.199997056977544
6351,0.1186835029962285,1.2388720196566159,1.0129373171027285,-0.7814145632778281
6352,0.3297967011636689,-0.31292497863211605,-0.5602600282570237,0.9464921016393341
6353,0.40596211444553465,0.5505623463386359,-0.17506157632595964,-0.18760026080093695
6354,0.597996424473818,0.6704482770200987,-0.07663199962792909,0.3829547013757883
6355,-0.8202880753887475,-0.9831792987740646,0.020580010277195315,-0.5210420343928034
6356,0.3260568422536843,0.6803953543794055,0.37200243568997243,0.1782820279647793
6357,0.3092733350509494,0.37218538253795513,-0.21727793104611873,-0.17682228852091475
6358,0.7650753707983404,0.7852617124131168,-0.2570344363888655,0.3846058797295425
6359,-0.33906641939393856,0.09272383066588834,0.6865195695209433,-0.2249158513290409
6360,-3.147508104731283,-0.32798334532150436,3.7953784935048236,-3.7636465707637057
6361,-1.3271575059238372,-0.9687960084753445,0.9027738126936554,-0.8113635715600797
6362,0.418481205214385,-0.5277950403828064,-0.787468283993677,1.3817469094558172
6363,1.952912917784066,1.1027500416722849,-1.6258256464261043,1.4491217703350203
6364,-0.3668192458451364,0.39318443235926254,0.8905860079902824,-0.6899393749771341
6365,0.7766977199644634,-1.2997816828603252,-2.156937696476196,2.111135819237394
6366,0.666101977955893,-0.6562897389435725,-1.4970282760322553,1.3255133935433736
6367,-0.6455370728618076,-0.9522677181572944,-0.01219628574799005,-0.028819205957911646
6368,-0.03321394631697827,-0.30289331081458337,-0.19725164570414339,0.2649707649583365
6369,-1.4476945732087771,-0.7567028938455126,1.15891513823009,-1.3027344908806782
6370,1.7605327785430838,0.03694946791913872,-2.300207715999733,2.1462877662663304
6371,0.497986875541128,0.2118856750100443,-0.5168540388499502,0.356522869790887
6372,-0.7847877710825214,-1.2927295540379882,-0.21080919436927997,-0.05456884213737559
6373,-0.49404735376274017,0.37423649776286444,0.9110972688928818,-1.0628110668167159
6374,0.1492982576623064,0.038735864533774714,-0.04129521813950761,0.3672989913614686
6375,-0.1530099663026698,-0.5153832697356174,-0.1881643738618596,0.36606586779629313
6376,-0.9316505831295624,0.34431415013916356,1.505634473749796,-1.5059904988436728
6377,1.7869118952678833,3.0709696339469486,0.6235892798784464,0.06955967601952191
6378,0.3535373855737859,1.2265053460287718,0.45675845228298073,-0.8932167927697829
6379,0.6549855281582183,0.7638507949420051,-0.3777373913813442,-0.1701919259907869
6380,0.5313062670875164,0.9797151005061321,0.26483246302156505,-0.00012985320974540115
6381,2.642856539587557,1.9630716506361774,-1.7798198973505863,1.5656023162953403
6382,-0.28145777847561615,0.12847918400336722,0.3399548567657066,-0.7167893874673272
6383,-1.7211295641559747,-0.04957793419755266,2.2207306132125986,-2.115137489494982
6384,0.3805950289091433,1.756165357933069,1.0589367818765838,-1.0135992545447792
6385,-1.4106690145098268,-0.266096772434153,1.5693553360042918,-1.6314208342912095
6386,-0.23539788211490648,0.23404145127585077,0.5323882569331223,-0.467631285191962
6387,-0.5264296899342336,-0.07081967394496577,0.7844793041437018,-0.3268155627407918
6388,0.7750802657074352,0.7649364679259832,-0.14212573016495966,0.6722075522429659
6389,0.943184396345462,1.6476178860175408,0.36566739582988644,0.03671654961274105
6390,1.553349840189714,0.8833085656581783,-1.1482817904275446,1.3933566609374133
6391,0.4405118112082339,-0.32041667121017176,-0.9438664737175256,0.6835933409514665
6392,-0.1688914475548747,0.31020655305372635,0.5562066820269383,-0.37184881351333215
6393,-1.233700772023172,-2.155454958922298,-0.405549619513018,0.08115586682700791
6394,1.3253121157906806,0.303608536023259,-1.5257499463191886,1.312587863519005
6395,-0.3345790118430672,0.04081473006139136,0.6712342200560408,-0.11044121487526669
6396,-0.6714913591012825,-0.9228878541361843,-0.08264501587622582,-0.3168721500155398
6397,-1.146108277410475,-1.2769559411232767,0.3135991972581807,-0.4591608952871934
6398,-0.11797679443289177,0.21756626763048958,0.3501360490061904,-0.3296048640178004
6399,0.0892136479552812,-1.2664199677629455,-1.1578773996093166,1.3354670046353052
6400,0.38466348565897746,0.2727468794404487,-0.48854674135377135,-0.14568609688420528
6401,-1.0706702657337226,-1.1935277396440356,0.29776605585855986,-0.41895187394001604
6402,-0.3472686584889765,0.2141052875473554,0.7449420668326161,-0.4443930740149913
6403,0.8584963903013272,0.6055550610429584,-0.6155430721875516,0.5201933582136944
6404,-0.4145514093277713,-0.38468099598794125,0.20876516189996416,-0.1843737261237673
6405,-0.1728342286776478,-1.067203290113763,-0.7632387244892149,0.6136602486457995
6406,-1.0823991717903882,-0.6932506334508737,0.7114450787994988,-0.9395813262111552
6407,0.004639961746943085,-0.8042596645674078,-0.5497770958215616,0.9895204990049759
6408,-0.13534280653819428,-0.37496059695243256,-0.175907984712146,0.11162024093662969
6409,1.7403840151966359,1.7683831221842192,-0.7101003780984076,0.6969422873587908
6410,1.2199867668927467,0.8072447174890487,-0.9874539214608289,0.6691033123149792
6411,1.2947610738911732,1.7282607193906583,-0.2698397510917554,-0.022456606315050677
6412,-1.052489294203335,-0.763905235343236,0.8359496288279564,-0.44230641696636436
6413,0.7484167252215327,0.5996950990079563,-0.27126590325829814,0.7482295463025934
6414,-0.7745046857010359,-0.5388196421670071,0.5520436638161067,-0.4931769934629687
6415,0.5735329395195395,0.5033941300134371,-0.2552886662247923,0.38385910159032643
6416,-0.5898036211269353,0.9030528296915353,1.576974053376369,-1.507825074725691
6417,0.774190819204729,0.6646044891111749,-0.5267551231862162,0.2328043898162948
6418,0.481619157006103,-0.1442038745253123,-0.7454356127426304,0.7549523876917795
6419,0.6985998972558196,-0.22215765708238913,-1.1722803486955444,0.9658822782218441
6420,1.1606577977537424,0.43033984711333134,-1.012515543465929,1.3233043004741156
6421,-1.568388506826779,-1.4019867712890393,0.6675083683709029,-1.0423416983419929
6422,-0.30533973386028124,-1.6344894267196126,-1.156809640392903,0.8160146905181201
6423,1.1333399720413482,1.5825713119161569,-0.2254977775819114,-0.16934376256040318
6424,0.2875970538138502,0.7670737985024391,0.37546024560480246,-0.16250407607833414
6425,0.626918083918689,-0.01234846256889097,-0.6045976398519913,1.2043365960447918
6426,0.33806484418350013,0.5377879622899131,-0.0804050900831283,-0.232466758691695
6427,-0.15546081526179728,-0.3895555946754568,-0.10978792402681652,0.1916133026134729
6428,-0.8880266624044537,0.04506983652209376,1.3693322480878585,-0.8676104200792223
6429,1.6846434746447159,1.0046155309899294,-1.370686443961339,1.1772858011309117
6430,-1.0924495998024861,0.09951075298073259,1.401070505352464,-1.673932188968845
6431,0.5109108164805823,-0.6994265365343975,-1.2458866551860708,1.3180115724103652
6432,0.7488087172094399,1.6070970284424837,0.28828709504564737,-0.6967989863836307
6433,-0.37570109991305184,0.4991542773371213,1.0029469232363168,-0.7794515962187805
6434,-0.5294276699471347,1.1786509999104384,1.5359992159332132,-2.030057802782153
6435,2.409233756059001,-0.24146013589137638,-3.318564209010662,3.341243877684214
6436,-0.42192985008510564,-1.402551880271876,-0.5575913201270258,0.8961056640238488
6437,-0.9856190826479709,-0.525245897629322,0.6616456294332035,-1.0873196403951586
6438,0.5414746621717389,0.01636470081742064,-0.7039206031745923,0.6542809438686944
6439,-0.9156830982964835,-0.9652751403738318,0.5065422246818654,-0.047942469279965504
6440,1.5354132442570838,-0.13365243971568816,-2.0513302506211346,2.1927272613466653
6441,-0.874504842762108,-2.1222726758158594,-0.7362266452326564,0.7016871550536069
6442,-1.1211171573186944,-1.5520389274350803,-0.12419570338927227,-0.47768433113928077
6443,0.3011651796457919,-0.2648533738532943,-0.568158807302251,0.7140702710188723
6444,-0.46693469909998697,-0.6915916511118056,0.13645532108083425,0.24220773397607584
6445,-1.3149684798170185,-1.2149621445890344,0.6585267771096129,-0.6040333898319753
6446,-0.025201064656067126,0.7533048713717543,0.7706531687590368,-0.5502383494907405
6447,-0.9914357978126059,0.4471867518532731,1.7573614230930052,-1.524113500070465
6448,0.19664860920667562,-1.620666770413928,-1.6514092746175466,1.704580502051872
6449,0.5512203519419385,0.49034899161591644,-0.3615976513212606,0.14804571964283186
6450,-0.5862246986590207,-0.43225062126315644,0.4871441632607299,-0.19203470991179222
6451,1.6890965472498884,0.9530000208946752,-1.2898359794788294,1.460541065017779
6452,-0.7089727050240954,-0.5442120164560038,0.30529468001115057,-0.681216626249533
6453,0.1964801027504215,-0.4196922669574428,-0.5668691622187608,0.7161570114394964
6454,0.05254326861903916,-0.0493226818219698,-0.05110425304140019,0.21682820091221092
6455,-1.4495113666119666,-2.1640709602151884,-0.10239435500802506,-0.13468372657875527
6456,-1.5796527023683486,-0.6281276399787101,1.5772156793576027,-1.3470773737406678
6457,2.227020821966693,1.8950436279776937,-1.2485013428511198,1.1807583324085797
6458,-0.4034349736624511,0.49903740405920977,0.8710503024572123,-1.1110218137916295
6459,-0.42275454403195545,-0.1643135904023096,0.2948587867614729,-0.5941610949233714
6460,-1.4648678242451747,-1.5374180483746243,0.5998722366355563,-0.4644207612323453
6461,0.9656630983740563,0.20404477365719936,-1.266251022077256,0.7252195276392188
6462,-0.29123926932108474,-1.141586686602964,-0.7372602021272051,0.41589571274921827
6463,-1.1377105467786626,-0.2942855164981881,1.3967145252345174,-0.8921020689673455
6464,2.8099232466890744,2.1375689352507523,-1.6159260744561506,2.030469754259198
6465,0.6311323285745112,0.014752541908225008,-0.7941664026429176,0.8194760940550462
6466,-0.3031066138938728,0.908277368219173,1.130020931523382,-1.2840802120038377
6467,-1.2159517974147926,-1.6751142543703839,0.13628752171230962,-0.05982048661327968
6468,1.040122034525328,1.055789525740719,-0.3747998095937309,0.5065764981196889
6469,1.1901813335629354,0.9071938933991509,-0.883706861785668,0.5041375309818937
6470,-1.8261044688566601,-0.8203106328132301,1.7639953360220662,-1.4343237901798271
6471,0.6527053036044753,1.2219730487035414,0.3692452171861375,0.03284148973958167
6472,-1.9962562795496195,-0.05075628485260074,2.426510838583403,-2.732795583132403
6473,-0.0508725802087182,1.0902660185055097,1.0556830944714548,-0.9531541819640061
6474,0.025761249750963496,-0.14658053429260995,-0.12260462423038967,0.22988820011570782
6475,0.5065760989073185,-0.20779609513200198,-0.9680645594390659,0.605011624787068
6476,0.10344346531913631,0.34770377472821207,0.13839449256331018,-0.22599757525319908
6477,0.15256142529299957,-0.25169717993917967,-0.6725312996337713,-0.03310696775220184
6478,-0.37183874851505594,-0.48626999909753305,0.1676465419398706,0.14119164147331842
6479,-0.622839736157132,-0.5149939334900105,0.056629009078220376,-0.8826012498911641
6480,0.012091100616001363,-0.016139592803977646,0.09410102583099372,0.24823711610695545
6481,0.5629582867866397,-0.5147997476240306,-1.2090481930970545,1.1230569489869282
6482,0.6083408662257098,-0.20630677297444858,-0.8194979408644792,1.2273336225092217
6483,-0.8304917689738897,-0.37107986917839314,0.7825708200762976,-0.6918288698781756
6484,-0.7904398840994086,-1.021719405964813,0.06632123783755219,-0.24053107972121887
6485,-0.8142048141136071,-0.6015474196556325,0.41181042110736255,-0.730980749460058
6486,0.7964412875849187,0.5628729641863032,-0.49531421618800925,0.6135797764235328
6487,0.2700925629690288,-1.824291799040106,-1.867957052545755,2.07699407709876
6488,-0.23326937403947182,-1.1803817835549824,-0.902184431994516,0.42587885153468524
6489,-1.2158953655010845,-2.0619863953423643,-0.1608142916454013,0.35079768705376885
6490,-1.7948500392974376,0.9203043698389837,3.069304719297746,-3.2245550933566274
6491,-0.3612648941497455,0.4327312828093669,0.9339102100303618,-0.68918191453776
6492,0.05647678167824117,-1.5129594416832484,-1.5960071057391767,1.0410240132285877
6493,-0.257415722340721,0.02637509811307056,0.34880075020992574,-0.36857368654509465
6494,0.6125577862234971,0.4316782514933722,-0.28935037232794797,0.6365246389366485
6495,-2.9813929528237804,-1.9594999430156088,2.333829002702143,-1.807040955885971
6496,0.24678021298767303,-0.879715686181398,-1.1862064757405255,0.9145897267898493
6497,1.506138798289098,1.661710887592915,-0.540898259620353,0.4157473683816652
6498,-1.0472787297918071,-1.4547543318924063,0.15143699967856625,0.037566116070303135
6499,-0.660049863337829,-2.021660743786719,-0.9169120511152601,0.9065133200750044
6500,1.1436948752287444,-0.30499179467377774,-1.7640433523668817,1.7131323623209267
6501,-0.9726062350280481,-1.802172183064262,-0.33274600833648044,0.28955263338700404
6502,0.8563451151084519,0.7022437528787864,-0.6011031088280288,0.3044015878792848
6503,0.7513618333175793,-0.027725366371356634,-1.0138748828073678,0.964274812687187
6504,-0.3439194999633059,0.06894555077407165,0.3459430483817291,-0.7857021666449389
6505,0.3550876278331714,-0.5483659062693983,-0.8541980597385062,1.0870813516639064
6506,1.055386103074753,0.28973802348678696,-0.989422951806017,1.3273674332071126
6507,0.13761731523077395,0.9498530370196631,0.5438093419017205,-0.8432072997159158
6508,0.47602749662892285,1.5436927794646471,0.6060748021929724,-0.9581338476943442
6509,1.4177391120826335,0.9994286537930647,-1.034669550296755,0.8284826951654851
6510,0.8772144827924082,0.03407190905554276,-1.1153616637122823,1.0858500015684973
6511,-0.1567631049745493,-0.1379226206762133,0.13384635389539337,0.008914905114817158
6512,1.5394125279659037,0.8152213435725995,-1.259116851511158,1.3124681019598374
6513,1.0687312367990947,2.146710844296755,0.2856959674427634,-0.8612472441127725
6514,-0.0254484420155062,0.33863051051513027,0.35885409811718766,-0.27590296494976496
6515,-0.7003894456042095,-0.2749917315464182,0.7279710871811637,-0.5551772882337408
6516,1.3494416987300477,1.1432723768154338,-0.6415863859565978,0.9303470957652198
6517,0.8225324459877201,0.49314659606678934,-0.8940140983773903,0.17187018237050544
6518,0.6917871716593638,1.9857002849912637,0.8452423966987924,-0.8326288560315408
6519,0.05812384135756454,0.37989237897853895,0.13763095762302152,-0.4671201339788828
6520,0.5309526219399121,1.7083014279770856,0.5826786400208523,-1.2007137855504424
6521,0.9683940512244354,0.892594150003866,-0.47825418116583873,0.4618704037914202
6522,0.5581206795931147,0.5084658227790161,-0.22809950351552402,0.3644789074259982
6523,-0.5189202854442715,0.5781929781497775,1.1218270873368477,-1.272651132138378
6524,-0.18860382852763893,-0.4094872709168496,-0.024094537874013378,0.272468056211324
6525,0.45308824408208104,0.24506024105431426,-0.4034528207157801,0.31594452385803884
6526,0.3535657297407127,-0.28182782116223826,-0.6074915000761205,0.8730109999381652
6527,0.23727607965873881,1.342563724295903,0.8128740868011739,-0.9609195280651133
6528,-0.12054624745349597,-0.5731045750147226,-0.33152800682324157,0.36862645583615955
6529,1.0406172257410606,0.39356308979552485,-1.0464372787706018,0.923161752264547
6530,-0.9781578760222936,-1.165352076363454,0.29902978105268285,-0.1540613931878292
6531,-0.3955604830375418,0.3340468617665026,0.9412652556699591,-0.5604115642463514
6532,-0.626458226320958,-1.0349745711246603,0.08892365372880794,0.41759334852524316
6533,-0.8145445698250402,-2.079555475694457,-0.7687543194857078,0.7554583506308169
6534,0.2551179938376071,1.2592989144091327,0.920626797720694,-0.5058788458799623
6535,0.34088430187194707,0.6079505157474235,-0.0038548671296996764,-0.25682618114765055
6536,0.6738406019593142,0.3673909284788434,-0.4653076639349909,0.700468964615535
6537,-1.8091684029851751,-0.527033699530036,2.021741814750873,-1.627525037929801
6538,0.2555519033701478,0.34894284693074157,-0.14408699724069338,-0.18359403328928645
6539,0.08446917102791882,-0.2100819589741963,-0.1765508107585838,0.4979932695547299
6540,0.810482549436527,-0.38920502884253266,-1.2830458547392736,1.5739807474634977
6541,-0.9644960598893315,-0.41947696755404473,0.9443323968449311,-0.7685745315510962
6542,1.012595867146203,-0.09085890525015465,-1.3154882783179171,1.5185514278323415
6543,0.1426032202266706,0.6632116136042217,0.3497463801015873,-0.47530906782224763
6544,0.7061798340502696,-1.4046224608329798,-2.1166799005779953,2.1833361803608917
6545,0.35668342310053863,0.031570563588777065,-0.5398141523668263,0.24646174659534426
6546,0.7125498791212145,-0.04201129886190858,-1.1095992600512639,0.691149051171776
6547,0.7637191875881513,0.7321210196142186,-0.33176546201723894,0.3762851096254021
6548,1.0245342684176169,0.3487870090466293,-0.8745194264228182,1.2771495891133826
6549,1.689576273029849,1.6714500865143136,-0.9149536713753692,0.3880522595707403
6550,-0.2941766641779034,-0.7354189241599939,-0.1307643411775423,0.4942287390406185
6551,-0.8939168766066502,-0.5791319426852521,0.5688526775717249,-0.7930277338721038
6552,-1.5395016972399838,-1.676581565216823,0.6254196494006677,-0.3499725880493585
6553,0.6412284952781409,0.5366242704876601,-0.5397906155245578,0.043643443617528456
6554,1.378526238161754,0.38653103462783234,-1.7967767359319453,0.824330819111403
6555,0.08090143733702193,-0.15255742496969366,-0.24091383158190496,0.23271713390047533
6556,-0.6993838590516037,-0.6046788014193595,0.1292205161885733,-0.8115111093259084
6557,1.6338667612812492,-0.1330445571116063,-2.18943296615096,2.299569954303994
6558,-0.09385001759460235,-1.0546399139261102,-0.8283738809011902,0.7507562376718727
6559,-0.3964284955953748,0.05746366119528127,0.7705396677563389,-0.19656494982087352
6560,-0.6843739575824169,-0.3220624439860532,0.575960505955871,-0.6524033419036187
6561,3.0106156038690077,1.5739325535123658,-2.374276815547449,2.771589876969316
6562,-0.5018705729565682,-1.3655858794359148,-0.5511683868107048,0.5323526237395414
6563,2.262471525258665,0.9876898817650847,-1.9955868742935248,2.181365457839786
6564,-0.1244652570727631,0.5801116203507827,0.8029536092317078,-0.42971984316258105
6565,-1.6541770348512053,-1.350947382641341,1.0424198437043821,-0.8108735744292969
6566,-0.07709053711570794,-0.3916731875052114,0.029581440873329815,0.722787969582664
6567,0.1154409589150165,0.5016701588396616,0.2331269890223978,-0.3879176129396882
6568,-0.8851971485347206,-0.20356364994749557,1.2014229632710478,-0.5530966572798741
6569,-0.32720182971469675,0.0500025376604858,0.33870122748950254,-0.6929521785439502
6570,0.5898249876678016,-0.07500179253494563,-0.8316386351700706,0.8225179934004193
6571,0.22134434374736078,0.4332905889215042,-0.10796563824604904,-0.44591982937326496
6572,0.1632785171706649,-0.021034424802104826,-0.2527040553561827,0.1886800253706735
6573,1.408328125808567,1.1024520361461354,-0.7961173146084898,0.9668362937237912
6574,0.9886540364212357,0.9308697925694228,-0.33726235218868206,0.6905857722757498
6575,1.0671839296740484,1.0660034827612876,-0.4014039409847234,0.531709002125193
6576,-0.1595959211585836,-1.048986504837836,-0.7843918997535481,0.5796584139186524
6577,1.2519317423000753,1.0626763922560076,-0.42852149278937635,1.1523663656454293
6578,-0.8553818799230725,0.31805637800211883,1.3497567588472474,-1.4449166588346722
6579,-0.8972989932306407,-1.3249228789201144,-0.002418459096837958,-0.011354614523935028
6580,0.029385352675638313,-0.11481868188757155,-0.050960350056682015,0.2925169873195304
6581,1.2947367008469326,0.4532695793692677,-1.3227378831274488,1.199910410291733
6582,-2.065493823334691,-1.2467947435048266,1.7950471291786299,-1.2050559388655822
6583,0.6045411118779247,1.3947453515026684,0.38794961589389976,-0.5237207051189321
6584,0.051135446886370894,-1.056421387463031,-1.2953174872536402,0.44954575501331223
6585,0.5493366437486877,0.8092389865490653,-0.042284575906461744,-0.0656884664604136
6586,-0.8207477750730082,-0.6492479730459219,0.2725452062976185,-0.8848438107282148
6587,-1.2621579795705808,-0.6195923813092619,0.8604910675967228,-1.4971885396493898
6588,-0.19748877395815875,-0.431791413854129,-0.3914732391725201,-0.35358021045818405
6589,-0.22531755145560953,-0.3189546800033877,0.0939623407661002,0.13080071678465885
6590,-0.060297630330107814,1.286326790007946,1.2391750629156828,-1.1367504911133315
6591,1.000868646187248,0.7420224172805745,-0.6403046764250291,0.655805872817178
6592,-0.8744016074657527,-1.549111632892141,-0.3297840258805315,0.03451899699894931
6593,-0.4611940833293506,0.7281648362793907,1.1854678852879101,-1.3162989159462004
6594,1.0244134036592056,-0.11830807151315607,-1.260338304858006,1.724410394297067
6595,-0.9373585300219515,0.4225437725445708,1.6667527333010912,-1.4311196064383447
6596,-0.6303055847144106,-0.48787370130057145,0.4142934896612631,-0.34377954225399104
6597,0.6223473882709829,0.6836889070120505,-0.020467869300243628,0.5371122772854876
6598,0.7940778419034565,1.5466926154675305,0.3410293802180488,-0.29598803865188195
6599,0.4730069802491264,-0.9406714484541792,-1.5986073289082638,1.1429937425068482
6600,-2.492961657090364,-1.5776126437813165,1.868148943277144,-1.8050770844750996
6601,1.6536026262264907,-0.2246564187604256,-2.3179832914489955,2.364636140924577
6602,0.36511084913822217,0.8756397534882752,0.32658527773866347,-0.23389687361340916
6603,2.5068478839592587,0.971845545937093,-2.3634793061952033,2.4442007682851146
6604,0.9567340324775425,1.5602014120017498,0.17548713837632537,-0.03920153519569536
6605,-0.2584398629373434,0.1479591480268193,0.6038593879677304,-0.21595351451884293
6606,-0.6317151969756729,-0.7468284987765478,0.10492117758076519,-0.2690698911046121
6607,-1.47568009589521,-0.5296626769958699,1.3522664706761027,-1.6101278133374217
6608,0.4898580342483455,-0.35778502564618697,-1.0829579560866371,0.7048774421781108
6609,0.16805523291513486,-0.09863682199649727,-0.2274147532542564,0.4378438677298686
6610,1.263191597754846,1.557167761949937,-0.3998460329727468,0.048634951857783985
6611,0.6476163974239019,0.11985528516835289,-0.7464718721729112,0.7086493327598121
6612,-1.1935444044421948,-1.8091755554486697,-0.038960483365506386,0.03495548410224283
6613,1.3447546429813464,1.114071575218396,-0.8560213103085105,0.6058057206262083
6614,0.3944836827692934,0.49872814192201803,-0.2663277696967431,-0.2644366671302417
6615,-0.5002912103721229,-0.34859141226586005,0.32262538375149136,-0.3771891583268717
6616,-2.279515384989408,-1.3662927393417488,1.7400864533854805,-1.7784590930373847
6617,0.46571715418222787,1.6997754306446713,1.0404577913204829,-0.6056697470328806
6618,-0.3695552825559722,-0.7321793651429473,0.05783047957106149,0.5496664685356598
6619,-1.1468117686360848,-1.88451240936667,-0.12409236506922011,0.23382031702087977
6620,-0.2641047446302035,0.28919365809885644,0.7009844298438659,-0.4060372504473094
6621,0.36693279821041125,0.011416144510802672,-0.37985886978112826,0.6140004667661105
6622,-3.085366782077732,-0.8499107204890688,3.260647102321288,-3.224066217500597
6623,-0.5840718270662795,-1.3964344797307668,-0.5987459487014725,0.22906946038993448
6624,0.33842311652231827,-0.8939161235902704,-1.1688535230213737,1.307128938413469
6625,-0.36778894997168593,-0.09650753523538601,0.3958518957466632,-0.38328352066078375
6626,-0.5169587433626067,0.08810489416859435,0.9336048716413,-0.4137799700425524
6627,0.32168817805138317,0.018796438916980022,-0.356287504607613,0.4760113098873911
6628,0.9544269772402113,1.6853303051512296,0.21540310304754354,-0.27930780946035855
6629,-0.3933967128529059,1.0827275786506494,1.4985813333249713,-1.3780421094696347
6630,0.27368253934262826,0.4725943925279815,0.030079706855128997,-0.11020891219171952
6631,-1.0909209213015425,-0.3899753702732948,0.93249200735176,-1.3126956270030652
6632,1.0544619499345287,0.16022930262856797,-1.0877760735268183,1.463402270506048
6633,0.20500814439562343,-1.6782730588167876,-1.6622300865622806,1.8545377460032044
6634,1.8086874203579493,1.4223461514931188,-1.2301678234604665,0.8595128172743106
6635,0.48708295136113705,0.8011497194523823,-0.07614147322182299,-0.32843394671402076
6636,-0.21499521154042056,0.0487952463718354,0.19012596973692258,-0.5510346688939192
6637,1.442836319598873,0.38477454835478647,-1.4619095592746338,1.6492858393476326
6638,0.053825050980851545,-1.22368086302448,-1.073600740825456,1.2543963624734078
6639,-0.7434551614743207,-0.2291602683136216,0.857685830109448,-0.5909971680271016
6640,-1.5620855183146432,-0.7567549186168947,1.3409561724989776,-1.390374863714245
6641,0.5528989179290187,1.1227055650052522,0.3074593687122701,-0.19316248983938536
6642,-0.4959342645909353,1.2683360291025532,1.781045366004688,-1.6946437160773737
6643,-1.4877996566254685,-2.06143851533242,0.09052738453231729,-0.1791263405859062
6644,-0.988490394799657,-0.9815654744719575,0.5562960993003073,-0.18109018259605908
6645,-0.405353109969849,-0.4409403681135787,0.056054847547029635,-0.2850076973105784
6646,-1.3031377252805296,-0.6140299085854249,1.2421455475273913,-0.9837730180630537
6647,1.0546720859456067,1.0523420772633025,-0.5659995623322929,0.229586329119721
6648,-1.6363704724860495,-1.3570329138475872,0.8942016776596934,-0.994016418639977
6649,-0.5778805497614029,-0.6265039013356535,0.09413799882004885,-0.38631516624895335
6650,-0.7487456655491272,-0.7476607611480645,0.16428091142700246,-0.5807084332504124
6651,-0.864610492709521,-1.2900315334969956,-0.217158384654045,-0.3576504488899899
6652,-1.009038897294648,-1.2299289917993799,0.3675465515824496,0.012427820830500334
6653,1.0058105826914698,0.4890322943076266,-0.9549410757658464,0.729525228840754
6654,-1.7943702794570573,-0.12995797762175856,2.2747225006448066,-2.0875314677724357
6655,1.8860394760159365,0.6027245242274988,-1.822831075018749,2.070421936137159
6656,1.3011845852501955,0.46770726928132006,-1.3880456881436045,1.072860464688148
6657,0.7280606963756742,1.7880162402177908,0.4911988513331887,-0.8500336113786868
6658,-1.2476900711344587,-0.6557752455465508,1.1171484625317134,-0.9052360680346085
6659,-0.020237462540665434,0.1387151566264031,0.13925126082834377,-0.16177031068855421
6660,0.012034581682028459,0.5657202302074303,0.48307517768353897,-0.47133611992450647
6661,-0.8652423253527253,-0.2631762252495697,0.8251694375423846,-1.0015737290399938
6662,1.434985045742417,0.14861943498758431,-1.6280284030561536,1.8986303991184217
6663,0.4845445092422808,1.1408252280709528,0.25216017741037267,-0.578863180964209
6664,-1.5775945128172093,-1.959731049045959,0.2585051964352346,-0.4494763087835434
6665,-0.10313645017061855,0.7642862174025954,0.7607871898382527,-0.8727880593777438
6666,-0.39226802811808326,-0.15157402379401838,0.42671617888080926,-0.2833131334202007
6667,-1.610745749324456,-0.5664508340432254,1.5696108752892162,-1.6206474461975495
6668,0.874445815265643,0.6186416831943922,-0.6819741912674783,0.42839286732919696
6669,-1.0010240283344227,-0.26924449021784824,0.8820857389208153,-1.3719089288427015
6670,-0.21534819929553561,0.24551227063044292,0.5773604091190508,-0.3443211874830971
6671,0.8110679920885783,0.22804933782472164,-0.8407463764363768,0.8652794183773429
6672,0.6206083376601795,0.7448026189367697,-0.024544615103149033,0.3760660084687627
6673,0.5441426847225393,-0.5169535947393942,-1.0028105941288532,1.424860679325175
6674,0.16980365334347464,0.22156442293843195,0.11073672629725743,0.2671633597600085
6675,0.3360710372825949,-1.252957058679307,-1.5917786915575958,1.4199127619492762
6676,0.1707540534979356,-1.1479882893251523,-1.1726434694128867,1.314814167253833
6677,1.8399038190529455,0.3132534170824766,-2.008585502239836,2.277057899604319
6678,-0.29205755292351454,-0.37632588680582774,-0.0020647022088317946,-0.13861631162526886
6679,0.002868189198156918,-0.018389076022390757,0.22660903062797869,0.4544840294246237
6680,-0.6057743189792993,-0.12061142585939393,0.8161954246719284,-0.4342262072149164
6681,2.088614349522772,1.190103758884843,-1.6571361709380055,1.667979447449248
6682,0.9911743242614363,0.9128436672313511,-0.4188224100686943,0.5992460117140097
6683,-0.7170333448440591,0.9667223684461629,1.7972164395788457,-1.7279013687405371
6684,0.10932256219484413,-0.29427272037649654,-0.3382997988916513,0.5048542187598434
6685,-0.7328905043420362,-1.4657961043877523,-0.4010445561980124,0.21341729404150556
6686,-0.28415491597414605,0.32743012594663207,0.7034067018081348,-0.5658124055931185
6687,0.1311132379291854,0.3577764492552454,0.36863269904810925,0.2547967368689439
6688,-0.0509662862280006,0.08474507200270269,0.0319275599812984,-0.3305964486169646
6689,-0.5993163678141136,-1.0099759174251202,-0.2343213792222259,-0.11606870639109568
6690,-1.5345845784771541,-1.7718837784030432,0.3094590275243325,-0.6596158526702006
6691,1.7772263409090518,1.4460052181604557,-0.9606378582112851,1.165418456836919
6692,0.6811268068748321,-0.48218450255109135,-1.2740968989226387,1.351946461843854
6693,-1.1320978410667444,-1.2308266476385572,0.49767819103389177,-0.19574127029795824
6694,0.5017524395120183,1.1629011512104026,0.31318776759744366,-0.46300497409073715
6695,-1.7459303563494997,-0.1738324552713916,2.1629104557917036,-2.005640997786375
6696,0.9136265204651107,2.069345573942661,0.6051303485494508,-0.6652630010719892
6697,0.07904601216816445,0.36751972957108026,0.16335454549579895,-0.3170508671960855
6698,-2.1898522593845207,-1.1201946128192517,1.8385735361669548,-1.8786735827977412
6699,0.34173221480337357,0.5251536575210772,0.09281523832185076,0.11677834140835756
6700,-0.3188859057188356,1.4357979142424642,1.8028589373058899,-1.4277689440445656
6701,-0.5196711666883038,0.15861541393770456,0.8310773924200449,-0.7747032296960483
6702,1.3294983958717193,1.0817076463938733,-0.7169076712782599,0.8748876465289444
6703,-0.3580585089183452,0.655621498839192,0.9391560072824556,-1.2069153331395936
6704,0.12021058833958985,-1.5568846140785564,-1.5864343199241444,1.3918711703099345
6705,0.01582608561783626,0.7014746397374759,0.9054433875971164,-0.04054800507020396
6706,0.4426058944962997,-0.36213491689175487,-0.8654913702154869,0.9301385385556274
6707,2.529249462491265,-0.4268567528831013,-3.7246070790369274,3.501786826897912
6708,-1.734419191448781,0.026492652111868575,2.006623877748366,-2.7241649764109694
6709,0.6328810059266927,0.28618644826634493,-0.5376791701018434,0.6225266777278914
6710,-1.4766032628873589,-1.8988817010226668,0.3816956426560208,-0.018090983321188272
6711,-0.39528276731974216,0.11270701757067557,0.5904814087110556,-0.6436012842334555
6712,0.9770134834039546,0.37344599979005394,-0.8804741767674428,1.0371889634260472
6713,1.3367122047630016,-0.36054392671188124,-2.020605081575809,2.084707727516322
6714,-0.6833724290040623,-0.36112236052953534,0.6039231720356256,-0.5051286460709395
6715,0.8216274275410734,0.9301036031062312,-0.1935951069453934,0.3487979820753514
6716,0.31702826438298864,0.5297407394944258,-0.20811671366903778,-0.513552995848561
6717,-1.1408345732950134,-1.694578088080082,-0.08184500874663943,-0.1291119489141873
6718,0.2414668913654588,1.0962680706845316,0.6177952420289954,-0.6951221940718618
6719,0.06625521478956525,-0.004837642388525038,0.09647814000775935,0.41876200623882776
6720,-0.823795461606888,-0.1298339830958539,1.328350740832376,-0.28776395812889627
6721,0.3268573603989298,0.00440885760567335,-0.45864024848426665,0.34866680351604545
6722,0.030265310208959565,0.4019857485221341,0.34048648233036655,-0.2621870211629997
6723,-0.8554306295050634,0.9844453443184296,2.078753501187911,-1.7687624938678705
6724,-0.9514667397467836,-1.5861386391610568,-0.12177669108406444,0.2154516000319197
6725,0.6357888983245561,-0.3134628413200398,-1.184508462861562,0.9403344868320181
6726,-0.005419567627554826,-0.5402359117478961,-0.3330239224490348,0.6981557953516503
6727,-0.44917124758478866,0.04565704837691176,0.45167470193541676,-0.919169356878439
6728,0.16584626987604886,-0.770599558071821,-0.9708254145304271,0.7416530219295986
6729,-0.5552907316026522,-0.24727213831197994,0.3128236437458148,-0.8358666244552648
6730,0.48518335692448766,-0.003563260587674502,-0.4418994295794604,0.9634683231362451
6731,-1.4838482110190627,-1.0865267376994427,1.0167025684278004,-0.8861094151104497
6732,1.228216672007345,1.4995270249124917,-0.351107663806114,0.14883737307916967
6733,-0.48837177396082093,-0.002281959036688259,0.5409264906159401,-0.786032469657021
6734,-0.05185527783794846,0.5085108248477747,0.5637576992848741,-0.41918582713434094
6735,0.7064716327373355,1.4490670982140554,0.2465775280381038,-0.5399762554356772
6736,0.4056103792141582,0.6572156818137216,0.13870119195411454,0.10706461003516303
6737,-2.5642337601602976,-1.4016535907326797,1.89837944503927,-2.4316116288598235
6738,-1.154202773329509,-0.8711176099772028,0.7037194765925535,-0.780220155398368
6739,1.4420159377605333,1.5981762738733434,-0.40376188664299584,0.5819465409577276
6740,0.884428685606602,1.2762155187535886,0.020043063324636096,0.1141048197086228
6741,-0.8023151371050203,-1.052675253465717,0.2962588885925186,0.19747710216298858
6742,-0.8494996672951779,-1.8849755724191946,-0.5151211531682611,0.6079210803087438
6743,1.016137919390494,0.10369517995333115,-1.0265343654446062,1.5710181423652436
6744,0.8495648568334324,-0.03658396449665218,-1.049665498517809,1.2736002243490798
6745,-0.6227322856446574,1.1152302918562333,1.8616329114915124,-1.6358909506855654
6746,-0.17635327938365042,-0.6756108510826662,-0.5524015636180573,0.027063331185372536
6747,-0.6300017699800569,-0.6540654778372017,-0.14045377001960216,-0.9199539249194297
6748,-1.3488148117314762,-0.859944687563081,0.8305828544114876,-1.279113471373951
6749,1.0054904426063993,0.3606911824164934,-0.8875675466904526,1.1572904462203069
6750,1.968242976630424,0.9148665859263024,-1.9817897811590046,1.329780848821354
6751,0.5683690336875287,-0.9499820379422014,-1.580015329831201,1.5392020174456775
6752,-0.9740111673397363,0.6861754057013456,1.6923605649875737,-2.1538438787800045
6753,-0.5529237854484729,0.2529143440572335,0.8395599936001898,-1.106418166640243
6754,1.1856901000530173,0.4562123401878211,-1.2592601478440613,0.9149596192043246
6755,0.3851742601438736,-0.32553100336882695,-0.8309052780691965,0.6974172942282825
6756,1.2848116490130994,1.1246279017343979,-0.7114294588523149,0.6211147481956801
6757,0.7717376841775268,0.012720577063307214,-1.0923209772839353,0.8010067682769523
6758,3.4498834606034725,1.9051596200486318,-2.9348053647382115,2.552839210249569
6759,0.008682330517981932,-0.25101055608821127,-0.1740874251915809,0.3302795619247479
6760,-0.5189220237914399,1.0583590373176033,1.4754581356289083,-1.8087158430154358
6761,0.04028828451850485,0.4109255246748875,0.22092541385721357,-0.45889358111434214
6762,-0.38913653343833465,-0.9370651040136796,-0.3011694004844007,0.341237054089252
6763,0.2054617311022835,0.4470280852643517,-0.03668202282900369,-0.41012013433860195
6764,-0.5653412314643884,0.30453255787305955,1.097138726339242,-0.8210609778123329
6765,1.2733768730976658,1.702514937856899,-0.24549381092330655,0.006245489418073569
6766,1.542631659492747,-0.7204907153680168,-2.6655769403826914,2.5524820415200833
6767,1.4230340717197445,1.8054547161930823,-0.2769302322008054,0.2371197986551169
6768,1.0700381258033138,0.6819238244341237,-0.6661384160569497,1.0026887963012625
6769,0.8463663872195687,0.8827459403616099,-0.2899745570774699,0.38160120077843734
6770,-2.206380491387343,-0.1306003606784721,2.625143157837798,-2.9406460617357486
6771,1.4839540603883068,0.7760624667485061,-1.1491374275474189,1.4028427302574096
6772,-0.07461720801018651,0.51635353953083,0.5472561805357683,-0.5486183797547621
6773,-0.1550889705618212,-0.16984492864262668,0.17431578039213028,0.16341704284932884
6774,-1.753113212852416,-0.46628404476148017,1.9754373471760804,-1.655583012803914
6775,-0.8385300040500695,-0.9995083767234532,0.2540732666429422,-0.1348561635743948
6776,0.8788922105288566,0.8709475776586663,-0.40136079110293343,0.329862407013914
6777,-0.16795914867813005,-0.9116750096731565,-0.5586067104504918,0.6164005709917837
6778,-0.8323095530764338,1.1957500744293128,2.1660854279617583,-2.0424894295358604
6779,-1.028275918885396,-1.2569934043947428,0.32032176876692625,-0.07428083505592052
6780,-1.080732585001571,-0.9862043044207639,0.7210038103964358,-0.20905049049123928
6781,0.8644765495150754,-0.4405514222957614,-1.4572683637632833,1.5836663242776479
6782,-0.9088592288902337,-0.9673739562263383,0.1974052130581223,-0.5638881299935885
6783,0.3878803406392602,-0.30075902700498686,-0.7913879538594087,0.7169684639634908
6784,0.2076596305193645,-1.1457535070320066,-1.2703197022185173,1.2690205585654997
6785,1.637860088785078,0.33720720849532787,-1.6409170932868955,2.1455736989710914
6786,1.1771486830960747,2.005999049132985,0.23386266377292578,-0.2251831520529257
6787,-0.29483921768894084,-0.528724805780524,-0.19872609137404668,-0.1273700789897671
6788,-0.17492802911792923,-0.5341151158088129,-0.41933991516366415,-0.07490160067351258
6789,-1.5527201588179242,-2.116695646126572,0.2372771223376251,-0.018814395339085018
6790,0.49296702913363677,1.3210788185770044,0.34734312959439856,-0.8162727120116352
6791,0.09451659960281654,0.18047144353892855,0.09710524721943416,0.07323732076896732
6792,-0.19863681343369888,0.4636071133195156,0.5226755232751227,-0.9079262414998966
6793,1.528010415743453,1.2534517943525185,-0.9172065632180026,0.8162754858767081
6794,-0.08203741337526975,-0.036023685291705076,0.13628029249388451,0.03418517973922475
6795,0.5054625978911247,0.5646373046740236,-0.1671983165800843,0.14797987701474752
6796,0.5103021818552029,0.7138305836955353,0.03545479358609795,0.16240587899914485
6797,-0.30151828337848785,0.17286796891905643,0.45336682333398076,-0.6956447616836022
6798,1.3102241358877544,0.643923141316987,-0.9181696227130793,1.5084825779312871
6799,0.4604322727726023,0.6382802001335532,0.049107324065187266,0.1907229849789476
6800,-1.0574095723159374,-0.5255767782240471,0.9224022535763652,-0.8831140582279176
6801,-0.5360118407099395,-1.0855716546674041,0.017563409197753267,0.7372641331772893
6802,0.4739078960734322,0.5426489419241233,-0.437646016134724,-0.388858960449176
6803,0.04679971342690275,-0.3752996003864727,-0.3853413237147801,0.39408531971700456
6804,0.6649622984265356,0.9118258024998459,-0.14463750950864074,-0.0807404391521635
6805,0.2614333423154673,0.6385771540543695,0.1909154847107554,-0.2712123519796881
6806,-0.31727429512558875,-1.1902164674654785,-0.6256694702208798,0.6371799185979276
6807,-0.821700406501633,-0.4256263185646456,0.6899287039951956,-0.6920772712403783
6808,1.2009892887070461,0.3398272821460176,-1.3108464290881183,1.1597990265874702
6809,0.24377689896583904,-0.8399566751832169,-1.1203433782973486,0.9240068789461252
6810,0.2465892762400489,1.115787838024883,0.8491231756722746,-0.31583294954245816
6811,-1.3137672755324379,-0.3070537251578495,1.3193068837444963,-1.6272207476311702
6812,-0.11557132129270697,0.4952451021588252,0.7338106601590959,-0.31489559350568
6813,-0.05783832024168364,0.07612633955110577,0.3318832733316844,0.19486965581346938
6814,-0.36988653418627265,0.17761637402829306,0.6808986717798186,-0.5500937806470222
6815,0.11437459629502489,-0.8745477138717135,-1.0085063803592127,0.7422787797371004
6816,-0.8831049744997486,0.5714525334697285,1.8932121911577156,-1.1973524283007408
6817,-1.4934802985876836,-0.19666632288239624,1.863662369872352,-1.5759482265622646
6818,1.7246412143118444,2.169327903527318,-0.4598164616781931,0.11364898383574938
6819,-0.9423434870290869,-1.4041170839427841,-0.25811191242702863,-0.4321917389472423
6820,-0.6769529353635716,0.2184336306185312,0.9411645866286961,-1.2872570309656894
6821,-0.8456534238608842,1.0313329350060125,2.0377377218751396,-1.9194433610050898
6822,-0.18734277946601427,0.20799181176587286,0.47398850543086707,-0.3359417979433667
6823,1.2047614116965006,0.8483364268889222,-0.8619496058132362,0.7368329310679815
6824,0.4713838466614942,0.961103729169096,0.2541334295732796,-0.1882648117369932
6825,1.7200839193074624,2.810904675627982,0.3436801548741441,-0.03493398247596121
6826,0.018810391200144883,-1.263211597349107,-1.0478250672961762,1.2701939936766438
6827,0.7884179254438114,0.8167338088385103,-0.39426673275180396,0.14990580777473383
6828,-0.3153462327042497,-0.3243836469741027,0.16969733757128183,-0.04431249672755322
6829,0.440708658106338,-0.3942912609624681,-0.7899961207828721,1.1342346985436205
6830,0.05931950043783275,0.1617737866052221,0.05756789594651625,-0.07717696704019256
6831,-0.9246875013956393,-0.3134798483964611,0.8972527120684384,-0.9653884403814427
6832,3.0953315244253394,2.2137397531862644,-1.9956701238680041,2.196794731416591
6833,0.6903453371364379,-0.06015333368094225,-1.002932245189062,0.8437887590231068
6834,-0.08121059691762594,-0.4194936469632249,-0.16415646848655222,0.433454741293758
6835,-0.619741276480977,-1.1955604897395362,-0.19605949122009322,0.32674834691448545
6836,1.3443321998396949,0.6580987272670423,-1.4157588823816565,0.7182746473093468
6837,-1.51117208034749,-1.121082180400229,0.9040787162646216,-1.0990152976716985
6838,0.9699520912686213,0.5245905650692788,-0.8614996937019124,0.6802912859002814
6839,-2.1171077037723545,-1.1402613830982027,1.8819726138072619,-1.493570019705891
6840,0.08732797138654448,0.1436421045493567,-0.04377626965138658,-0.1120479224840143
6841,-1.7404605256895864,-1.4103510315107635,0.9061537353221305,-1.216241392418112
6842,1.2974941177075898,-0.3341935801634884,-2.099508023890361,1.7416402937261442
6843,-1.4541537683807206,0.1789381575840122,2.0915713179121855,-1.940631535467857
6844,-0.2733313204227995,0.23933529756777022,0.7914257318048186,-0.15900977572916006
6845,-1.1131294134018876,0.34129378995086623,1.84574861221163,-1.5474070807931217
6846,0.33136131343063613,-0.4429869800747237,-0.9467277575591398,0.5844396340467722
6847,-0.5340405156819141,-0.9084804978899405,-0.21218949788715072,-0.08885318516711323
6848,-1.1694136206537487,0.12776546657065702,1.4963533973906178,-1.8492234770802614
6849,0.801339116001192,-0.256146267731946,-1.1316372587896637,1.486984653092263
6850,-0.8962697922650118,0.7468651725820186,1.7023485457265883,-2.004913386883049
6851,0.5996726896281426,-0.6009070768227548,-1.1958577375377957,1.4855963206057445
6852,0.11592696129404892,-0.696165952352566,-0.9262543870775619,0.4620166139268255
6853,0.6944207416291877,0.46724474899121776,-0.6545009792424539,0.19902402555089724
6854,1.0197833348158403,-0.6946625346951368,-1.9012209537503049,1.9694871334373498
6855,0.4282765408637322,-0.3607712187798098,-0.852767648193549,0.8980660429924769
6856,0.3991271723278894,-0.8242184115176171,-1.4419698190697177,0.8739096212542907
6857,-0.1774095230331583,-0.018891633480769908,0.2128690073880311,-0.2130265128069099
6858,-0.8107550708161556,-0.0211308412905578,1.1659102860348731,-0.7903408328054682
6859,-0.4749602946224333,-1.344394497304859,-0.41528298398214253,0.8171046783255022
6860,-0.567243921137038,-0.36998370514895146,0.376720850721318,-0.4694218856210038
6861,1.7067747184413393,0.8879969002110615,-1.397474134162331,1.490865930178951
6862,-1.9534312263436142,-1.3922396790535514,1.3381522372162487,-1.2591772734321134
6863,0.2955896572571466,0.7862729658024586,0.37707514694364297,-0.17746249744495424
6864,0.1432862508128684,-0.40333427024786395,-0.5243142914264033,0.5615545007453228
6865,2.0202755826974164,0.5404288641173759,-2.1428189471072243,2.1362455386459613
6866,0.26422519010589823,-0.41266492989872283,-0.7669239486651743,0.588408729051071
6867,1.1953268463749545,-0.33378068635917907,-1.854689812576067,1.807333496430984
6868,-0.47074621853465537,0.9010658814604213,1.5017291369336891,-1.210156029494228
6869,-0.26597752483416925,0.1813668130161024,0.5899486417146713,-0.34814818465283803
6870,-0.9222873358368195,-1.2644343319146318,0.24835192728730976,0.19562159572370702
6871,-1.0034002967626139,0.6646396937343269,1.8731452829385062,-1.8879243934478511
6872,-3.0931123899503223,-0.6119753065634026,3.5980643105575614,-3.231247657131348
6873,-1.0099501186854107,-1.172436839476075,0.1996509297775037,-0.4259360263274387
6874,0.2584171102587209,-0.511683138617771,-0.7003911558878163,0.9242341673485134
6875,-0.18818749368543897,-0.04075327011482842,0.2431536130305714,-0.14531323817056646
6876,0.5343892369702493,1.877999476502069,0.9568764849341237,-0.9381815464190415
6877,0.6701214436578351,-0.2823189588072204,-1.0321734835387264,1.2565998629902164
6878,-0.4328545380886127,0.5217235580907713,0.9426687532519346,-1.1446430471799922
6879,0.4916190805936584,-0.6442203885024687,-1.0337198531983516,1.4900055722189975
6880,-0.36089707532873216,-1.2444711312672498,-0.5593984638372402,0.7292195786099063
6881,2.133802400077777,0.27378151390205663,-2.512656542589667,2.533751104351368
6882,0.40671915856462854,-0.4891977275057934,-0.9785925958928062,0.9092551323810958
6883,-1.2980162192477036,-0.3867797550487563,1.3070801041524687,-1.3998835705806632
6884,0.07412220086090614,0.03997145646135046,-0.11393145403695248,-0.03258840218591469
6885,-0.7068859242985258,0.5556193224024812,1.5389799183565773,-1.1541019858792831
6886,-1.044772617753036,-0.6691284931180876,0.7191889706398856,-0.8496793836079545
6887,-0.24169720780867654,0.9237765703981042,1.1830916925845334,-1.0083545926383373
6888,-1.2167419358593152,-0.07231472682935429,1.4658645000002075,-1.5888636816024801
6889,-1.0877848879937853,-1.7783486985622092,-0.1841353328370624,0.08243722241457692
6890,1.955801143397652,1.034494944663992,-1.864470353289753,1.2032943196489567
6891,-1.9636253057846091,-2.420337146555672,0.4116660889263843,-0.4465756632083644
6892,-0.1905359010107324,-1.5472610141172085,-1.386283890542876,0.6108467428018229
6893,-1.4571432382328071,0.1519608246933371,2.0673656727577896,-1.9288537947490307
6894,0.2401938903688765,2.5464875935051734,1.4784205801163817,-2.684665600253282
6895,-0.6467959572073028,-1.7983894579165292,-0.7133806748244671,0.7736141919702031
6896,-1.443339717909197,-0.18035683864498048,1.9770141090004685,-1.2361117052897463
6897,0.27406781059250984,-1.0502620138951362,-1.3528003821073866,1.1302200164938518
6898,-1.492834847478828,-0.6564781254487008,1.26801259182177,-1.5137475713043986
6899,2.35460936125536,1.9428309299307507,-1.1956132425794215,1.6147479159178497
6900,1.2886398585633891,-0.070102438087985,-1.780570957211179,1.634704772657103
6901,-0.2680468845316029,-0.1367533683658286,0.2379704986001005,-0.20803671131501272
6902,-0.6576437225702612,-0.5746580798517087,0.4170869298742147,-0.2269323958130797
6903,-2.348597259190751,-1.532016060600915,1.571959190679977,-1.9217009882135163
6904,1.3829601339885473,1.2321847389373333,-0.6997663366099399,0.7327350074169543
6905,0.23766625722417983,-0.45093991641612624,-0.7956717170371534,0.5352057547794943
6906,-1.0844200337858283,-0.9936932122334193,0.6180223394901133,-0.3858318960752447
6907,0.08572289932429498,0.8984797954316673,0.7510411942275734,-0.5390016971879177
6908,-0.35503900280935397,-0.5259992004965872,0.17041003218095405,0.30210196989090243
6909,0.8787363609855371,0.21291265310629323,-0.9918216352671098,0.8772146142432323
6910,-0.1331303015608336,0.22226261055399382,0.3182341285014827,-0.45140775180918585
6911,-0.3879821643168473,0.29988229386347737,0.679847981359202,-0.9120046404322096
6912,0.5422120529471096,1.4455942878223977,0.7020399819761259,-0.3152327557418108
6913,1.6281296186646033,0.941143548694973,-1.2799012083635504,1.2887580469851885
6914,-1.5055511180302148,-2.3199616371494107,-0.1310200950734035,-0.008931365409824508
6915,0.2687083135453414,0.9294882726989069,0.6402194212497395,-0.15527105535026164
6916,-0.23776831832627515,-0.6542492692009749,-0.23530006581185953,0.3153659286706743
6917,-1.3502532835378267,-1.285742076280633,0.521044953064331,-0.8017461416737286
6918,-0.059361049648304146,0.45996684482278066,0.45001004044729015,-0.5294327284330109
6919,0.0014774380552690948,-0.44347878758546444,-0.365641561568095,0.431522078545418
6920,-1.1344159982472726,-0.9390702255615949,0.7356514634432254,-0.4889880148269853
6921,0.1876632678326234,-0.7687523709063561,-0.9548673686840997,0.8433401072215706
6922,-1.5287349272811843,-2.1314580500271694,-0.005106783321724763,-0.32504427013620085
6923,0.5033215738250477,2.0597889470884057,1.1616697557747258,-1.1270910131775698
6924,-2.3037323809045085,-2.3052146893801675,0.941656294787366,-1.0054866967723148
6925,1.252072285594636,0.5584589907939758,-0.984598297955834,1.3898543230430673
6926,0.27068154171882236,1.2749510871409582,0.8268705899430887,-0.6534662852018569
6927,-0.9548726160156179,-0.16626820776958792,0.9207695214412013,-1.3874371108534274
6928,-0.9084471973007882,-1.0471534221016152,0.27233161980386283,-0.23749364279453572
6929,-0.7580985176816454,0.7526378187221293,1.7998529959785214,-1.3528766934516876
6930,-1.2231189643383233,0.2345142074699224,1.795052661653869,-1.7721018997716935
6931,-0.4056021330301586,-0.44747854159178946,0.0985411094168119,-0.19514465039203005
6932,1.1354714930284275,1.0575060502678644,-0.5655048621360784,0.5068377130929048
6933,-1.0602457298474617,-2.1648438621486057,-0.4723747688307529,0.6060299437699156
6934,-0.7282294001140667,-0.11063363407437263,0.7062697891809536,-1.090042411432031
6935,0.3387276131493322,0.18272289459547733,-0.14022762645560094,0.5221127298543671
6936,0.8979701206408789,0.5768064326437286,-0.4962090224531377,0.9413011100655047
6937,0.6696131334105669,-0.7152469400182906,-1.4624258584699443,1.5415416676835028
6938,0.34400044842512173,0.18801991841366092,-0.2031662353609121,0.41712377053361344
6939,0.6543615733426562,0.06792164108548077,-0.8022242175012918,0.7598587085184692
6940,-0.7789283794312711,-0.6986436306960631,0.4370095948420222,-0.3258484605539053
6941,-1.5562554544547484,-1.287214996762755,0.7391272347666148,-1.149871569953155
6942,-1.6845502908121257,-1.5027377293394961,0.8346031941267255,-0.9194171754315689
6943,1.0475003104012826,-0.05368962586087983,-1.5041371491393531,1.2207069985548982
6944,-1.4394691140992497,-0.14513883412906675,1.963110553727446,-1.3318830750720683
6945,-1.4060922222027985,-0.918531000770732,1.0371978666395474,-0.9778149030383263
6946,-1.775420105824207,-0.7720401520231696,1.5707203907661587,-1.7107355390694696
6947,-1.5011503274401987,-1.14475269570453,0.7945386791642879,-1.1992672121219472
6948,1.464803151766436,1.632660147970151,-0.4074217370163736,0.5736473748243434
6949,-1.3093052747171592,-1.1007265102149155,0.7303623620074613,-0.7330150303372195
6950,-0.6240554769595992,-1.0905638976544139,-0.17278260550153104,0.09874527703724947
6951,-0.10668937222746078,-1.0127296227928642,-0.9304311145154852,0.42355095088736694
6952,-1.3534696473604833,-1.427599561565201,0.5771038909654608,-0.3716446124726364
6953,0.717746134102379,0.09782619228692004,-0.7826231310843055,0.9487948014466775
6954,-1.2205679261538798,-0.7704285694137335,0.9203591223799589,-0.8784957130340785
6955,0.4586887535423856,-0.1663057834954905,-0.775795205381784,0.6728070807853436
6956,-0.4917299367687452,-0.2681175653909754,0.4064797655277589,-0.39304491655751156
6957,1.1996462221193664,0.030219782168244128,-1.5011093866613354,1.5672565653496453
6958,0.9018743477322296,0.4736974392312492,-0.6955519604555381,0.8526448911358327
6959,-0.21069077757442112,0.13535706147781804,0.30705951920727054,-0.5384539059475567
6960,1.242837083109413,0.322318721305406,-1.469893193497385,1.071092745177373
6961,1.3072958871525466,1.310878115752212,-0.42219230142193487,0.761858814954545
6962,-2.2296780264902023,-0.8932284006331724,2.1699089314816575,-1.984770902581657
6963,-0.7830985499759747,0.15960081073641522,1.2937455530808308,-0.902536262985175
6964,0.6580383694248424,0.9031516021547884,0.0227228829859589,0.21073603236376623
6965,-0.2869500827228988,-0.6034533506717531,-0.12839382424065984,0.2054473899860751
6966,1.0288906428282236,0.6001152400028182,-0.8093215595632175,0.8006012283461141
6967,-0.6773830279775931,-0.41907462273149404,0.4686429944405953,-0.5823925861545276
6968,0.03262791172885764,0.8722396364936277,0.926227207976338,-0.3563422690473495
6969,-0.6505838049847111,0.10786981537100476,1.0437428784287877,-0.744913119828984
6970,0.06086376374512045,-1.3255425640119218,-1.485069046351003,0.7996795238371468
6971,-0.19682028768677332,-0.4109797248995396,-0.08591461967777365,0.13763090160044733
6972,0.15117196852199397,0.9982571541012558,0.5954341451862024,-0.8206015789182428
6973,-1.995547890766723,-1.1396882835877915,1.6103356124199952,-1.539634332940613
6974,1.331168687455876,1.7899501759231564,-0.08505128241485316,0.28469377537589696
6975,-1.0616156242550947,-0.8536124942171387,0.4486883922225784,-0.9414660918213895
6976,-0.8400401635279944,-0.139048943915161,0.768276973531131,-1.311715681145085
6977,-0.9272335560845485,-0.24697727585324655,1.1134990742127981,-0.7536215453111983
6978,0.5376943571293326,-0.9261964418615288,-1.2764707077994042,1.9076254284595688
6979,0.051639085680769865,0.5566160842562606,0.4946597762685879,-0.28731985472800964
6980,-1.1852907864022737,-0.4403342359020084,1.126205133620799,-1.1866390303007635
6981,-0.39410476278818485,-0.13357371073878088,0.3835451446451754,-0.40953065309953895
6982,0.3116099893201083,0.2644593258428119,-0.13719369589674418,0.23306515119653032
6983,-0.24804803145121015,0.17968127757333605,0.48450277727389174,-0.46601772365423705
6984,-1.0930975591871042,-0.6162631603319668,0.8003224727999927,-1.0070048727039511
6985,0.8899846012636107,0.7316603851324059,-0.5198142359076398,0.49701519150109424
6986,0.5514085034205262,-0.03146058039915367,-0.7650545010925074,0.6974701206989972
6987,1.7433058754265027,0.7141862975367477,-1.5929963184747096,1.6963889645480672
6988,0.8299313349704294,1.6489071892325262,0.18232724094580435,-0.6947389755102711
6989,1.9007150582562267,1.185749246733394,-1.4220481595388927,1.4215352376686166
6990,1.4751390411923975,1.1267407008447503,-0.7574742466077854,1.2151838870786833
6991,-0.3417095410873515,-0.3725923905352679,0.0823023241030097,-0.17628982302231996
6992,0.6698622569716491,0.4968342988238199,-0.3336917343362442,0.6057515639120252
6993,1.305811249314872,0.033750436468459065,-1.634714032347536,1.7025425885079106
6994,1.568488964085267,0.5205353888875673,-1.5924901970475283,1.540136781040229
6995,-0.406658487892533,-0.29108088438213,0.41234003106808637,-0.023105691963270853
6996,0.45697749635183804,-0.4417453702752122,-0.7923863015992016,1.302816097917585
6997,0.3567366736396519,-0.49489875162935226,-0.8271661024996918,1.0115048003011857
6998,-0.5787745949514645,0.5811534141968561,1.3196124524496784,-1.1448257831530895
6999,-1.2471615638668736,-2.071430032444076,-0.23039144266360956,0.13908134893695337
7000,2.595891819142958,1.9238901748632993,-1.6447155066703663,1.730724284744446
7001,-0.9320538644221473,-1.2622793625582402,0.009508870601621835,-0.2658902480542955
7002,0.6823108477980235,1.4659884566194028,0.5291173061344211,-0.16874256564907816
7003,-0.4637181458890997,-1.1872782516632034,-0.42482158743925363,0.4609092901045303
7004,-1.114132495479601,-1.2677459505937594,0.4850815492788474,-0.06455192466879225
7005,0.9500000119235201,-0.5078293669029641,-1.7968124994648604,1.4528778317890714
7006,0.6568837996882957,0.004550553338086905,-1.1528156880372142,0.30341640355325994
7007,1.5919489529876538,1.652778964417616,-0.5036571835554853,0.8097959510744005
7008,-0.5062812733837698,-1.182465432028139,-0.4133900199708275,0.31729049780742724
7009,-0.5138898944589437,-1.4673418028661125,-0.6944810875110781,0.48235606164320255
7010,1.9918999936549893,1.4287413822321307,-1.6446806205766147,0.7677128281377605
7011,-0.5920374864334106,-0.4991163118744443,0.23122041810227517,-0.5028096904207989
7012,-0.16132685931337074,1.0387447304360464,1.073736199743041,-1.1917075340812013
7013,1.0651824971602486,1.175477321953553,-0.24382566015406382,0.5381060479193309
7014,-1.5073079253392796,-0.9595122460113221,1.0614951285564733,-1.1977867525946604
7015,-0.008275430870580573,0.2748526688975197,0.16796195878795375,-0.39722918825123266
7016,0.9822542076665945,0.9677017539471722,-0.3391998859237516,0.5753108085669875
7017,1.7070274784472557,1.1358912799611562,-1.3750441561765734,0.9324872574270553
7018,-0.9038802281865777,-0.6706655854818798,0.4709149050697409,-0.78031388092063
7019,1.0165675678401067,0.9275202971408958,-0.6936671683184419,0.16966118586244808
7020,1.2485903618755858,1.194885624890923,-0.5995473725974891,0.5192929021955333
7021,0.8673835182872772,-0.9347225607307573,-2.06453439978414,1.7164614033757872
7022,0.5814551173060147,0.18040135701887358,-0.708609159654369,0.3926622835870108
7023,0.1731386910955337,-1.740656123001725,-1.7355327136572312,1.7619813142764769
7024,2.162697995836966,2.2980730871360397,-0.9713776489223408,0.466111430827739
7025,1.197993127494841,1.756596687363472,-0.05050116736049501,-0.0498704592596195
7026,0.7082019632135051,0.9382431890540567,-0.0773470883119946,0.12874128760040504
7027,0.5372333949920428,1.5969960289452214,0.9172654582272659,-0.31906023411343964
7028,0.24327896911681798,-0.9036094826671949,-1.1202489315153432,1.0761638931546404
7029,0.5464982437472283,1.0083811074662732,0.26686220403013095,-0.01148873103113321
7030,0.5589686593540303,0.9868865929396885,0.1815368732169897,-0.06552153604873673
7031,-1.262945703748612,-0.16212751417534718,1.452908889745959,-1.5599303417244132
7032,-0.398238366955139,-0.10785079245883902,0.3340286878168366,-0.573810634151529
7033,-1.5691224871428378,-0.8463424247688025,1.5980145488050317,-0.7455805354652558
7034,1.7204634008684374,2.2518942398081,-0.3308252919237551,0.12683162877652807
7035,-1.6317184928967972,-1.039019884546497,1.1001043245384987,-1.3823574036045625
7036,-2.2017242667639865,-1.4677202188898195,1.5067444603089584,-1.6670203274996493
7037,1.5105930253279285,1.4059935401477677,-0.7314018777507483,0.713319180021152
7038,-0.9227574285914996,0.10934701925188474,1.0244384953313488,-1.755546429817604
7039,0.9423858020800084,0.3072734181723562,-0.8020227643265295,1.211666577956187
7040,-0.4572627369055739,-0.7079715501020454,-0.08462455973434224,-0.07369703545960005
7041,-0.22976800979074632,0.46066830135608994,0.7607213393503974,-0.592134489425475
7042,-0.0440458384906128,-0.09305332268718088,-0.0979169644086409,-0.10542124250361405
7043,0.9914482286214159,1.986923518949961,0.5311053611759554,-0.3185443967688039
7044,-0.789181478746325,-0.4228447408438871,0.8476934568298613,-0.30419891255939424
7045,1.5669744206591616,0.8506461434532774,-1.4498921231307627,0.9888371154559085
7046,-0.5738510965724555,0.6352927959085958,1.0808247512530305,-1.6793063120653633
7047,-0.09696200935197001,0.7905940414776781,0.6265790226622009,-1.1510520941675102
7048,0.7403483572599392,1.1537231963434105,0.023718298275080343,-0.09857714825211866
7049,-0.07255502073816439,-0.03181681308322334,0.004157425569801213,-0.17518323874239214
7050,-0.6030993563064935,-0.9320045385479823,-0.04008640024063526,0.0247355603398729
7051,0.20850096664638684,0.15327489890785836,-0.02557293592276003,0.32998458251488144
7052,1.237837398043895,1.4423284548376933,-0.1298310821846988,0.7118080899326072
7053,-2.2180599270307293,-1.7993170296670746,1.4076562298792972,-1.0991796897119108
7054,1.0987098255557501,-0.388381921652507,-1.6276286778280824,1.994441173812156
7055,1.2459774665974916,0.6486313578552649,-1.0136475516224623,1.0989784553673045
7056,1.6030200476819818,1.5990968874022513,-0.759789667754389,0.5271631032730083
7057,0.25770013829436966,-0.11738958244304465,-0.36178886027243773,0.5665455116545
7058,0.33560105214545344,0.8611659643851087,0.26655272010846837,-0.4103430504199927
7059,0.006916743341311528,-0.2658148641865512,0.039712449522824454,0.7369390306745294
7060,-0.4557026844195748,0.13075318952944096,0.8362343968340726,-0.46961226161567776
7061,1.4262074592267797,0.9447675044886533,-1.004563328652342,1.0439216277340635
7062,-0.8065419590591515,-0.6980599628620476,0.21223041170197518,-0.8225537542960952
7063,-1.5954440110431698,-0.5451270875660109,1.6511460412544134,-1.473605176818565
7064,0.7856414275760785,0.3905780417448422,-0.8340895971293768,0.39349360660425603
7065,1.986694979347197,0.9819737556813387,-1.786739449996894,1.5777579154854493
7066,-1.7552162013102188,-1.347882774778214,1.1033875807580422,-1.071920964653593
7067,1.8908473769823606,1.425200840596672,-1.1142361299778654,1.3508724294804975
7068,1.9061080667159556,0.8432280937284016,-1.4993366322290287,2.131906828889839
7069,-0.10001436044617422,1.1089086523131977,0.9000025423759601,-1.4485370280510044
7070,-0.32432362784082486,0.7585460244866303,1.169943753064282,-0.9277776911784765
7071,0.7472839328565021,-0.10254864811624598,-0.7972648385312439,1.5126176986740545
7072,-0.13931851058843284,-0.4669428432164863,-0.09515918725095705,0.46208042260498017
7073,0.6049088876190852,0.10720341608594727,-0.8390870951057876,0.42313510877769306
7074,1.1526445972289776,2.1786704835559156,0.38069486337335406,-0.4708619323813148
7075,0.09425660598502422,-1.9273502722840996,-1.8567274888324257,1.7171678769525023
7076,1.5343481713732152,0.5346492253456417,-1.703241824564005,1.1885903214557816
7077,-0.8246799588087229,1.3426620347554918,2.522958860606512,-1.7404870986566823
7078,0.038975912237047765,-0.1432963982535327,0.10706798542359612,0.6744079749627522
7079,-0.8767097418049039,0.09719973908002776,1.1988222046842703,-1.2539179551114694
7080,-1.021604111885365,-0.2912767072060856,1.0872045707119253,-1.030365365069412
7081,0.8850221149747226,0.4282066622137907,-0.5548907341996051,1.1504630909409186
7082,-1.1551744801409958,-0.5090304908343277,1.1506050114740065,-0.8699718510766206
7083,0.9538974369080303,1.091951002308855,-0.35550661091843,0.14500946757101532
7084,2.2203900211504006,1.4334972049899928,-1.5531025941620096,1.7346346069453018
7085,-0.03166585427813024,0.053561036969325716,0.09061657507461485,-0.0827198161746201
7086,-0.33208873833686287,-1.0596130834769701,-0.4910766033266236,0.506173914820452
7087,0.7677968121470988,0.7642603058700584,-0.15592348822542454,0.6234596178869516
7088,-0.8852104373352232,-0.7757876408497062,0.5017600850287676,-0.40519952183358054
7089,0.14294817861367554,-1.0410793767146576,-1.1042745517240782,1.0777658905135776
7090,-0.9111552344133419,-1.7229721324120228,-0.12644029290113146,0.6818931427982832
7091,2.083126257968192,2.023971158987568,-0.8814766869932374,1.0024260718912477
7092,0.7286917725743273,0.4143499560188371,-0.9548112805285086,-0.08051524331203606
7093,-1.4721784434949672,-0.16943041190955285,1.8491996607227925,-1.591107555450231
7094,-0.21332013425994656,0.18739161140901645,0.596485674720875,-0.16292215709695565
7095,1.3068282612210185,-0.16004959675960373,-1.8094898288256296,1.8659972614570353
7096,0.44454488142702486,-0.36754181150276116,-0.7306335045194557,1.188062059169305
7097,-0.4914303342180824,-0.1388347162613248,0.512236429716021,-0.5177046846468236
7098,-1.700690840741477,-1.2487563791222278,1.009350110568265,-1.2823727024619014
7099,0.14666529937076092,0.37475110668290784,0.04348262933054929,-0.30427506099544555
7100,-0.8772679845119014,-0.6464557925414001,0.36945714073679364,-0.9226638549233264
7101,-0.1704160755838292,0.5506082911704491,0.8318445189381368,-0.47174600063279276
7102,-0.5086278009461395,-1.5006318350051933,-0.5593970804697441,0.8199177794857538
7103,0.773976812940898,0.515252927819786,-0.4905860105539057,0.656651439204138
7104,-1.6694914184076812,-0.4879741704555099,1.869780111365606,-1.490652476766915
7105,-1.2397711089704633,-1.1816866558653543,0.5270823472955674,-0.6475003652687182
7106,0.17527150862132382,-0.7659042068019861,-0.7222486144127034,1.2025693232855126
7107,1.589657473600904,1.1419138313021233,-0.9045259489245998,1.3284828001398907
7108,-0.29618770975444286,-0.37978824414023876,0.029717473645445875,-0.0889438076119218
7109,-1.1852505489456038,-1.5057663574620153,0.20733566279822907,-0.2338201721857111
7110,-0.0786228210463114,1.3498391244839163,1.2357148867512395,-1.3617979463063885
7111,0.7438463090836981,-0.6106658257257378,-1.6542351953716485,1.2158680521635903
7112,0.17286079070076701,-0.9144141554220817,-1.0583218968721988,0.9597822615276361
7113,-0.8899667842908265,-1.4065152820750155,-0.10926928804483696,0.02344893825303916
7114,0.3535913064189365,-0.3425915512364136,-0.6727910623552941,0.9046854354223215
7115,1.1615437975765956,1.456959327372402,-0.1201942955603609,0.42072004601166674
7116,-1.0138575613353522,-1.1184482089189844,0.19525834159113112,-0.5780787992469006
7117,-0.7606035765174686,0.5695896611661465,1.4984552494639685,-1.451386620664005
7118,0.9409020213043997,-1.1892189949323677,-2.0491860174238243,2.6211698489565243
7119,1.2307671114846455,0.3237388004899468,-1.3954328033510872,1.1558832731849216
7120,1.468409029303844,2.9818261264873906,0.7314704368992951,-0.6633858095171054
7121,0.993658511426559,0.972001580518388,-0.20272037162326317,0.8464842419775452
7122,1.7581384949757943,1.7248306351347598,-0.7243513900741702,0.8404832879283938
7123,-0.6961106760793011,-1.4419925376366935,-0.2842578859501844,0.49344619526104805
7124,-2.2620738281828383,-1.4351974252221593,1.560811927409293,-1.8659430164843767
7125,-0.0553042126830329,-0.3684934096336286,-0.40122562207468,-0.0153976207153629
7126,-0.5814038085427059,-0.49325739009037983,0.3877914786556584,-0.20271019162512993
7127,1.3942605306143967,0.3444467952486169,-1.3373422617996558,1.7928268640628091
7128,-0.65276824211793,0.29225350778311415,0.8943932697315244,-1.4616485202156984
7129,-1.9219672001173895,-1.7226108374936269,0.8229759413204821,-1.2575211264047972
7130,0.4937175995022737,1.3102661109104918,0.617526999398508,-0.3107826550524002
7131,0.6798148227385956,0.8085284357973691,-0.155165849970917,0.2033239175244539
7132,-2.058682468511857,-1.1517456487920967,1.7134126529517235,-1.5543502264580145
7133,-0.4860810988828104,-0.05166151920060728,0.6833867039952956,-0.4072110637556613
7134,-0.914345598501481,-0.8486345724196616,0.48607850745250536,-0.36104180987547846
7135,0.30939047802491204,-0.10927605258024521,-0.3882963514121566,0.6849680005087788
7136,0.4446846451531535,-0.3931543183656474,-0.8796125822037274,0.9875916381658894
7137,-0.8647477304119909,0.78515503391703,1.8370597965512658,-1.7470518713994567
7138,0.3122430062124058,1.0079337519927025,0.5820916343687618,-0.2916980040230119
7139,-0.06774806219207391,0.45186482353681096,0.4860139685385125,-0.476321399171716
7140,0.4437506510097482,0.3646335717094326,-0.3921320510082154,0.0136749501698026
7141,0.24484275545105985,-0.3597279839019708,-0.7357402639116426,0.4462515263420206
7142,-0.6358465853355275,-0.6239997392161128,0.23661387502650277,-0.3482195938022745
7143,0.6334295351671736,1.1629363936124266,0.2961252272558897,-0.022455161687887446
7144,-1.8866716591566377,-1.1219344800898936,1.2799437067473314,-1.776207746639135
7145,-0.15011733717451659,-0.6026805048231085,-0.4337488873147586,0.1540116332231191
7146,-0.7063556330471129,-0.8733381483962172,0.07997069853715218,-0.2743074682048966
7147,0.11282592939520208,0.5762870752971089,0.400741204678084,-0.28180146612914425
7148,-0.8270768046272879,-1.4067902112548998,-0.309906216870685,-0.10504273819427938
7149,-0.0162513707128293,0.7050168906833971,0.796252719026402,-0.3564256965638136
7150,-0.4219473212906719,-0.13432255011028166,0.5967911145311188,-0.13102707962504756
7151,-1.5509834371432287,0.02278665710965243,2.1120905796486307,-1.8733642961254633
7152,0.17790115048383895,-0.4896166474354064,-0.7201462460350715,0.5482324614002664
7153,-0.6222518398358817,0.1551128711858413,0.9247782529483015,-0.9676457125249999
7154,0.10376367545673348,1.232740684334524,1.0413198062065983,-0.7698649124966748
7155,-0.2902545750047071,-0.04022518960738735,0.4987388403523004,-0.0605438874008743
7156,1.1240791811656523,1.0216505592171092,-0.5996061217101395,0.49256445914476255
7157,-0.0037272285512279803,-0.08467009556199545,-0.02731389468311368,0.1430288169691197
7158,0.7293276770778456,0.3709170326917011,-0.5778309729782194,0.6917889766860374
7159,1.5382671634024536,0.707788881399963,-1.3359138703046973,1.4324123404060551
7160,1.1652900827198018,0.3424184319325363,-1.1770631944739307,1.2619505954086767
7161,-0.00957748982962622,0.08328559964455691,0.128595542873214,-0.008556454019416258
7162,-0.3544118363186277,-0.5184132309776217,0.06472137899196972,0.09955145591497762
7163,0.79605834029955,0.7152800647798411,-0.3374462772699279,0.5225570540343123
7164,0.29244123584266873,-0.806769633707294,-1.039362391173449,1.160681815375175
7165,-1.6109013795860727,-1.6541622489705425,0.6188110416660447,-0.6710420018891193
7166,0.4441443643824613,-0.1698302621176021,-0.7801266631826462,0.6216839985911506
7167,-0.29636175930645864,0.4852701695838635,0.8269692039584902,-0.7727547436358343
7168,0.14246924299300862,1.4499274962951496,1.027684288122255,-1.1802248872761187
7169,-0.20461256763575156,0.9552725435223584,0.9108875197775591,-1.4321162395241682
7170,-0.754312069618585,-0.7140558443028682,0.3495983603509273,-0.3548339151678935
7171,-0.9469272597642339,0.22336899656036227,1.4741122936183946,-1.3240428249093765
7172,-0.6743233098739737,0.7117679004061396,1.5025954955139316,-1.4791043834986266
7173,0.8620184955379249,0.008238761442522936,-1.3950122118604416,0.600544187016962
7174,-0.6296592494965523,-0.729546157132527,0.2909212077307073,0.024689980725620835
7175,0.521118768602342,1.1315529845715127,0.4388407715752456,-0.096351691237686
7176,-0.0392164583191466,-1.104450599377839,-1.0094929668751556,0.7468506857949657
7177,1.8042836292111837,1.0312762299153542,-1.3264732792947627,1.6185921800794727
7178,-0.7268905634735408,-0.433293985031616,0.5579399736802269,-0.5674818377528845
7179,-1.0714835470755661,-1.355214852125126,0.0717337428367475,-0.4300497488367569
7180,0.6208634636190649,0.4477222172624296,-0.3337201348742707,0.5491768670348575
7181,-0.4097881479061339,-2.1475725448511476,-1.202826290026713,1.6009202287354722
7182,-2.32022205513083,-1.4799200228149472,1.8411011998821254,-1.4712654917983976
7183,-1.0821254106403886,-1.0668985007916398,0.4861283902118006,-0.43348230962534107
7184,-0.12761397216736445,1.0278343802094512,1.0380161337402778,-1.1078498915664554
7185,1.1278063603114,0.07353164823883014,-1.26367974689449,1.624698920495592
7186,-0.45062149750721786,-0.36578575572909483,0.27380002043406654,-0.24422771941082178
7187,-1.4373596426137014,-0.2353056120983553,1.6432466525384744,-1.6708561318093424
7188,-1.3206116157565035,-2.4469527778910622,-0.4256726845288637,0.4391425116037463
7189,0.5071451526028405,-0.6026163160837075,-1.0915848213291122,1.3429133172898489
7190,1.7390396815893663,0.3934048037094781,-2.0244756613491264,1.694811868230019
7191,1.4323667759811152,0.856806197253912,-1.0559518844179199,1.1877701640775906
7192,0.7039671862534912,0.2538444155936626,-0.6340213606458429,0.7848101817587799
7193,-0.45606821672267556,0.5322820958989776,1.0355811802398844,-1.0892122607465018
7194,-0.03488850130241925,-0.39999055044188886,-0.28763037592208135,0.3340935535635052
7195,-0.13485838513211199,0.22464561089492954,0.2242842697901223,-0.6290982000522984
7196,0.7099193175318544,0.7641469315051774,-0.36072137288690614,0.05549942965003417
7197,0.31213755368491564,0.893455229248364,0.48671260687051937,-0.18379869936572082
7198,-0.6650055027822875,-1.224981346088356,-0.11749271583287992,0.37462064956546
7199,1.1994443533641643,1.662232272352473,-0.218186488546108,-0.11256725114249774
7200,-0.9986767498768161,-0.31680582514318245,0.9220643668260539,-1.1780859606503091
7201,-0.09733252973049446,-0.9430293154289837,-0.6340844653561589,0.8114661555102567
7202,0.4936961509501862,0.950843954461306,0.12608151401635037,-0.309636403230499
7203,-0.9113271155889754,-1.2995027267452288,0.094245480542924,0.04763071421194862
7204,0.22442177835515853,0.8368427706905223,0.34944986248607357,-0.6027880848345568
7205,-0.04449236294899965,0.10934675584774833,0.00716035919435288,-0.41058124760540615
7206,-2.5824845798886478,-2.400564610965578,1.20080641129401,-1.3144483577372477
7207,0.4081267734513444,0.3090810570607665,-0.13979519400701465,0.4657218049455392
7208,-0.12060332655595059,0.19262851192669517,0.20073868532617983,-0.5423327975058347
7209,0.9588239405150734,0.5277324000220112,-0.8761781500645591,0.6070215897542489
7210,-1.781632908582935,-1.0559823904822876,1.3534734399282882,-1.4302963390092678
7211,-0.2371318387512082,0.30638979154554563,0.6457878875966641,-0.4485357900152976
7212,0.6617632415809933,0.3762102253726034,-0.49419906192978313,0.5850145440626348
7213,1.2427710420646843,1.5809564477049458,-0.19347795004720061,0.28226019109100986
7214,-0.8990412243043501,-0.02093583515356409,1.1122860665744019,-1.2010394189426272
7215,2.4359705842414026,0.692194424802327,-2.5405129016154273,2.5540500530678814
7216,-0.2218136254333358,-0.6757532343879278,-0.2410908307471157,0.4141350275907906
7217,-0.6068862663296832,0.13091415400828446,0.8912013277444755,-0.9134959402391549
7218,-0.8720934432938766,0.9348296814966249,2.068623397392881,-1.7263437079550037
7219,0.5347846521800474,0.8337793775258361,-0.12159640122097706,-0.31692488659214685
7220,1.2802474166681117,2.5164468987287987,0.42902044516211196,-0.7454176649327109
7221,-0.16785698499040672,-0.4024097781244136,-0.23767431042393836,-0.047279747228185454
7222,-0.43254186312296855,0.29543372474222107,0.8383896242399166,-0.7808412062557646
7223,-0.7985997547606121,1.3927941520704097,2.355052888748709,-2.0645961022794324
7224,-0.94928210030082,-0.8486688356244592,0.426358559027226,-0.5912191482143144
7225,0.7083059046204285,-0.15238358139242553,-0.9701228013303956,1.1886895322131226
7226,-1.6586969045613023,-2.161945845343802,0.37360502017326036,-0.04783805441599689
7227,0.5301868582395932,-0.17234430319331007,-0.7854714467489289,0.9259247392507497
7228,-0.16863737172280543,-1.2858558207107242,-0.9817641977085797,0.7713329324763396
7229,0.4336823343984467,0.2770916039201578,-0.4355069522195875,0.11263593047418578
7230,0.047039586948150774,-0.32928276279525437,-0.19886319852885156,0.6127803773424229
7231,0.7139636280305095,-1.2015617124929054,-1.8664412462607063,2.1621114366695813
7232,1.4868321175209906,1.1554812433152666,-0.8422266489440371,1.03802667170943
7233,0.6448464954022969,0.6655230687785734,-0.35124218210491265,0.07784421459036946
7234,1.4454535443638346,-0.06812678328860508,-1.9726103502129857,1.8517170433976922
7235,0.27085285970041245,-0.24864507271785996,-0.7163430178460641,0.3051082122705148
7236,-1.197058036415021,-0.2746460486209342,1.3702681720448204,-1.198369945451786
7237,0.05550773747696138,0.708891294228021,0.6269848622504235,-0.40789000931617386
7238,-0.4073284668338282,0.5385488697119236,0.8773300178091035,-1.209312058815398
7239,1.0003564420943982,0.34350328939220437,-1.1185840039322532,0.7728759802165159
7240,0.4699855356056461,-0.8417455655106786,-1.5944348032132047,0.900571786525266
7241,1.4201372458859556,0.7917202050834607,-1.1578655883652291,1.1214765145885184
7242,1.3214691762352373,1.3410106622427895,-0.6672026246662363,0.30746213205819495
7243,0.15049238157960862,0.27858878332294773,0.018346217887451506,-0.10263571638817034
7244,0.5848174690939679,0.09827149792317252,-0.6611015028463211,0.6869070467791673
7245,0.7709882875203213,-0.5817014084554915,-1.3923241964065036,1.7050176879171257
7246,0.548308881588228,-1.2478655206993663,-1.8684695226027812,1.678185470242745
7247,-0.3097189803594884,-0.5261576294958341,-0.3163068441013924,-0.3942139760417081
7248,-0.43026267231861554,0.15650442881557203,0.6063305557356072,-0.8464942889651286
7249,-0.4266795553336213,-0.713076212330896,0.0024503774102426347,0.20159429071068474
7250,0.08079695712851724,0.44828706605598484,0.3336115217680759,-0.20552183583947364
7251,-1.239742769076034,-1.2109951260198228,0.5079092039463526,-0.6104237585479682
7252,0.3097998610343382,-0.35240067557809707,-0.622135818837579,0.8612010304236873
7253,-0.07218227468416004,-0.9567820626992394,-0.7728188360955807,0.689831185458062
7254,0.6206572281532317,0.45669754576561417,-0.34421043257867856,0.5082492363396679
7255,0.16515456011641474,-0.5605761387891213,-0.5261642206896372,1.016328687766175
7256,1.033742510955917,0.968072906090641,-0.35431337177099237,0.7318173641182238
7257,0.029004381856685323,-0.8461061289740183,-0.7175696630960744,0.8816766527679581
7258,0.3652729969104645,0.18754426894884116,-0.5108166836717106,-0.04846713938617371
7259,2.684912504551378,2.2283898124248864,-1.7712225384283187,1.0901710508034175
7260,-0.8620815004871665,-0.07561453172354266,1.1051615493496272,-0.9493891203149555
7261,-0.16953165014039254,-0.829571718646809,-0.47570917710422134,0.5586926563370578
7262,0.640094269523261,-0.35393522982237113,-1.125345067796211,1.1578799845115333
7263,2.164672834495229,1.9024625968599318,-1.0824816662217758,1.2328538753718126
7264,0.42162474569642266,0.3376425289050343,-0.2954099972605763,0.1704269831724526
7265,-1.1360778603814865,-1.6447521561030378,0.1978781100272586,0.2610409994641423
7266,0.4642564126729112,-1.202679521674552,-1.6642105900457917,1.6289179166706322
7267,1.4641403070792431,1.341948899351449,-0.6288999914154486,0.8828145228275341
7268,-0.2983002909542338,1.2197162582546732,1.312337594017834,-1.697600678896249
7269,-0.23888324770035774,0.825176024275815,1.0727631219760687,-0.9547515587436886
7270,-1.181247189029847,0.5318986484735848,2.107390003694834,-1.7897674150845373
7271,-1.0725457514843753,-0.6730949770688972,0.6205980430099475,-1.1133288601207911
7272,0.7248812827030092,1.1505993690374168,0.10992111160834814,0.005763085783325541
7273,0.2527431249879051,-0.5206864208433062,-0.807910811601734,0.736002700949989
7274,1.0129855454333492,1.037111426030525,-0.5529783039142506,0.14032641488483935
7275,0.006045480266873021,-0.09325908830662653,-0.2953321997668146,-0.2741504365299655
7276,-0.09700462604890851,1.1778872672502418,1.1163979015570273,-1.2226271596675302
7277,1.087258658862463,0.681036612108431,-0.9396069507636369,0.5839137035007452
7278,0.6390877710471315,-0.6445016535242344,-1.415296375496467,1.3446615354251952
7279,0.3710176725797654,-0.15088878138208578,-0.6483260586242705,0.5470377670079709
7280,0.3598207873091375,1.9831154657031222,1.4290879664276868,-0.9830667155348931
7281,0.2550373434887468,0.6199401277750872,0.3310573647633314,-0.0018023849098986675
7282,-0.9458857537788774,-2.0370239513790547,-0.38310941690384914,0.8635683217915294
7283,1.46555225106411,0.39897985967276484,-1.6315073994653473,1.39695567110575
7284,-0.3727328386713068,0.22567542058368917,0.7887108402246531,-0.4861555602243998
7285,-1.8942307318880436,-1.5543803841948631,1.0565974608561255,-1.1525917642409889
7286,0.47855383736089313,0.9080217967330942,0.3157865862660326,0.07437594257620514
7287,0.49341586856521785,1.0380523739997523,0.37981277573140404,-0.07365535680626593
7288,1.7323523926557747,1.467421324866637,-0.9744928783358914,0.9288157407998834
7289,1.9228709135738964,0.46359498761625684,-2.3870259777882343,1.5427871655993033
7290,0.14936923328994992,-0.9740863281322734,-0.9464346699962198,1.2173581989153825
7291,-1.6836017288447014,-0.48018325369128334,1.8349735759842292,-1.621326347105195
7292,2.1475401521576734,2.4532076684137643,-0.773322422325775,0.38658279062462175
7293,1.0632654125306578,0.43979247768275315,-0.9442295191539007,1.0727735348187142
7294,-0.6864256089074622,0.0042754237785379,0.7666991639979016,-1.111574228877571
7295,3.3479633935657596,1.7582989790142605,-2.7960695654196384,2.788033595370895
7296,0.36920911832574366,1.281576197598779,0.7212973615684276,-0.5035032615644561
7297,1.5492842763745525,-0.30788995873387043,-2.257381943470581,2.2996957287441595
7298,1.3907121836318737,0.47768633233878877,-1.4179128014043851,1.316115113893609
7299,-0.03297272751310269,0.4453198112743296,0.4029593806588804,-0.48272357407158534
7300,0.9131517370265959,1.0259341863245375,-0.17339494787726545,0.48012708534060994
7301,-0.6910949119803614,0.11507327494365666,1.262464910422414,-0.5212484584245836
7302,-0.8206077621022838,1.1702113901319315,2.23867711649675,-1.8108869810526558
7303,0.08736260535144263,0.16400604537126945,0.2020116146517476,0.27252526873526023
7304,1.7715862775549214,0.9428931584339163,-1.6648609846529394,1.1181960524317134
7305,1.2331946045188418,1.6047789631282372,-0.34423525823318085,-0.07550607800883033
7306,-0.016452237057401595,-0.332570460502334,-0.3191375856344398,0.18154259106763965
7307,0.8990197274773541,1.0545233753585326,-0.1990721358313894,0.31523872196360847
7308,1.2943109177036198,0.884417334719644,-1.0448803911088889,0.6470593678670818
7309,-0.5846762883576472,0.6427579177606548,1.2644681630645607,-1.412037486891663
7310,1.2121480740498412,0.17449140869522442,-1.5754272350099061,1.1323039470324752
7311,-0.773936181051709,0.3191791167078531,1.4996501636049133,-0.8920077414862005
7312,-0.14077444760629054,0.8472410564538819,0.9539935505673022,-0.8668673011811316
7313,0.1478573355758814,0.5689985131640981,0.116714276051803,-0.6400677355955614
7314,-1.0384708350444296,-0.37772358809356493,1.1232080731528742,-0.818306259421208
7315,1.2294080303078239,1.0786205450578643,-0.6303667876589423,0.6772119375072946
7316,-0.36920044884802283,-0.40098673681155383,0.08037137550202737,-0.20938096696773162
7317,1.5574111964992405,-0.4421793084011855,-2.4769112646354525,2.265845183629844
7318,0.8763704446690014,0.9174534612266911,-0.323860053985957,0.34523443061007614
7319,-0.045664588074315116,0.06132232489731113,0.08422841127673512,-0.16278468746798128
7320,-0.3376184914544917,0.024644541149013988,0.4471995412016697,-0.47750847343876357
7321,-1.0086207903943487,-0.4766552245096137,0.8133959277487395,-1.0192000557574443
7322,-0.15668962288737165,-0.38005731535714676,-0.036451487913184887,0.2936622940712938
7323,0.3530059438566014,-0.3726263265822107,-0.705088774001169,0.9181669183649018
7324,1.9268552019870238,2.018633581214319,-0.8072306355697377,0.5876523183475406
7325,-0.17311491023932948,-0.7755173362070553,-0.2950990456839243,0.7339504814985356
7326,-0.23048686663211077,-0.27781117086003865,0.10877646846578322,0.03906402936981111
7327,0.07113408235176287,-0.25166149373490965,-0.26925191711384394,0.38721490292004695
7328,0.31678631309854527,0.11233215742918032,-0.5339726295496373,-0.08096335128700256
7329,-0.6897899211027632,1.0636972484973166,1.9270615051091622,-1.6356906726580926
7330,-0.9138752279995423,0.9812480941243655,2.0756285977703235,-1.9754882066396866
7331,1.8164078304778575,0.5193475275199021,-1.9701997030301182,1.7629094187174583
7332,-0.2525967983640793,-1.337428094306598,-0.7864543855668451,0.940354656266659
7333,0.10147634100931073,-0.12028420041651837,-0.19392517976152843,0.31120877426493015
7334,-2.612971137403828,-1.4050937368119156,2.263090357534399,-1.9540745025112374
7335,0.27835313327819866,0.45387013718044605,0.1428796001792706,0.15073462304266644
7336,0.5815263996202811,0.6139438934135484,-0.33887280754854054,-0.002095023241940906
7337,0.9046678320902719,-0.11426002454954548,-1.2862018659934666,1.2409162709885495
7338,1.1984862905953435,-0.8659670105340191,-2.4781746096784483,2.0042523310216955
7339,-0.2746313559208293,0.4276431192167815,0.7789435959220729,-0.6405877420916847
7340,0.0790612964650466,1.4763509295599038,1.1939514304636885,-1.177392516508601
7341,-0.3869276504794954,1.2026410703132102,1.4333918918949071,-1.7596127073245524
7342,2.255340831957638,3.338047207686859,0.1723755423531861,0.3028929421784133
7343,0.3223231764876219,-0.6112270400545232,-0.9431258192517743,0.9649127755434828
7344,0.9348489301972377,0.05422250498196868,-1.1637417231506983,1.1578537956334394
7345,0.5756475423614698,1.6773792985670861,0.5897348959483608,-0.9537817535407406
7346,-0.7823709817238497,-0.8964250556991955,0.20988301337286253,-0.2610810926295691
7347,-0.9333220669479096,0.3603455959045662,1.48613592673956,-1.5850955336893362
7348,-0.354079651281294,-0.1189969149305767,0.22588421427294236,-0.5798186154294418
7349,1.063488548757646,3.75392853603457,1.9084090754886818,-1.8997007727380346
7350,-0.5263102861512932,-0.2748545579477452,0.6591964946897989,-0.054524213881989025
7351,-0.4784496448887173,0.8997717460763633,1.5544291525777858,-1.1415903425869098
7352,0.72797584659748,1.2144124756535657,0.09950821458580456,-0.15570322376290924
7353,-0.29844163316721123,0.14305155225554855,0.4703968939493003,-0.5825701034548795
7354,-0.019049660792777635,0.08835917703319633,-0.027802931808201498,-0.3306096715852109
7355,2.1782640926363626,1.2795091965592236,-1.6935606450871776,1.7082257823688691
7356,-1.0352860408123836,-1.103037630550165,0.3530069993023393,-0.4135966347310848
7357,1.1668163894356411,-0.10757485703343173,-1.5948507689720048,1.6173835875991234
7358,-0.1517591374109299,-1.1682790187577665,-0.9270101491864144,0.644235987711753
7359,2.11391092975942,1.3926691114821346,-1.7171185509082516,1.1632352470488574
7360,-0.18398864904816561,-0.030784066550193653,0.15427871620455394,-0.3111880324795123
7361,-0.016925794895774476,-0.7243149267715421,-0.7731940759161086,0.3251211257383472
7362,1.4378511689445272,0.40210646802399674,-1.4531163477968085,1.6051081831251333
7363,-1.5510824616858188,-0.8147751861981319,1.3333880519066272,-1.2242284518348483
7364,-0.18006867971231405,0.622423778914683,0.7940693710849934,-0.7463899128262709
7365,-1.6326497576076653,0.1915266048963417,2.4016835669968364,-2.062024249242845
7366,1.1980536280824272,1.2304837258383543,-0.4886157921390223,0.4483468423212664
7367,0.45885190369466405,-1.6910848750985936,-2.177029711071023,1.8847040020017767
7368,0.014714055654620644,-0.5028447831732527,-0.4816826559749492,0.4175252496483661
7369,-0.5228971517537202,-0.5873732477001012,0.26092025241012823,0.009971059676588807
7370,-0.5941567579347283,0.13176419727888966,0.7996736886367717,-1.0315244412543934
7371,0.6684906351730331,0.06070426469620431,-0.6524695653396243,1.0920172255345943
7372,-0.8616362678543953,-0.5903334453022165,0.6397490925351622,-0.5254834099315276
7373,0.5020697923695758,0.1311664496196028,-0.5396822501709273,0.5258422385626565
7374,-1.8152940844135403,-1.4255946597194893,1.029230245265781,-1.229798108961226
7375,-0.3981416403477318,-0.06393299525196183,0.4595487643908813,-0.4581048284872747
7376,1.7240589940617255,0.205535039685855,-2.21246863146681,1.7634303597967578
7377,0.8171809280007447,0.3775928684871816,-0.6853822505079624,0.7999793744584288
7378,0.32493356967869313,0.7876278716414937,0.24634067885733604,-0.3064877993346756
7379,-0.4795414545585297,-0.1338531068482688,0.28960723717347236,-0.8800220487193837
7380,0.7408513358546599,0.10862780148809649,-0.8599399603118567,0.8688902347393443
7381,-0.7831208290900797,-2.1877025073619505,-0.7090203372931154,1.2344435238977995
7382,1.0058602494212552,1.8486428367325412,0.3741788810492154,-0.20983366021249045
7383,-1.4176318118769093,-0.9262288400372873,1.158821751134704,-0.7858909986843577
7384,0.03920578439312714,0.7839228275153143,0.5821671704235207,-0.7264993600979659
7385,-0.7244522877247279,0.8115483087972102,1.661094815877122,-1.619718577292479
7386,-1.5216928687011022,-0.8630818959897286,1.3258133410467532,-1.0158285098397088
7387,-0.502489145252317,-0.6036829670360422,0.08232290836172111,-0.19277043406424954
7388,0.5227273621745777,0.5883363586287319,-0.25534181238432657,-0.0030626723324601772
7389,-0.31760062461443483,-0.22175889235149354,0.3259630939275939,-0.024589592327898736
7390,0.06944585192308715,-1.236665093969258,-1.0167012391848456,1.4419946245257549
7391,0.5188917879353013,1.2196193861981495,0.3464087372447294,-0.48013914859869083
7392,1.1147379718803136,-0.037163821788525384,-1.3920443390952835,1.6189209669341513
7393,-0.6359821017209716,0.08004035559086078,0.7062723014172424,-1.2208831718422146
7394,-1.1008409935001322,-0.34769253846775555,1.2258454978147235,-0.9327408730931306
7395,-0.1269572269104393,0.5484262226406871,0.5039712426206511,-0.8895789736898425
7396,-0.35527836568545224,1.0365816955287601,1.2747401674843715,-1.525216659585403
7397,1.4102676586682568,0.7989795542154259,-1.0316983329790645,1.2912534483015632
7398,0.5291119959244239,0.3642854006419312,-0.38096087709862736,0.33938742352105566
7399,-0.37604256845197537,0.8301682947883283,0.8716821248973734,-1.8119163448653566
7400,-1.4453803007296733,-1.7910580866252745,0.43730669320921184,-0.06883287556829307
7401,0.8901117026435521,0.6818376964878601,-0.41645946056799793,0.8001787090082957
7402,0.7383123922349826,0.858525337188618,-0.26015148080709993,0.10644229150742046
7403,0.022751852942158108,-0.05950913467607801,-0.11694665699797567,0.018767813525660877
7404,1.1451516260877102,0.9294172236534634,-0.8004494721507439,0.4363634288124072
7405,-3.3596996876992606,-2.569996228462622,2.1579399736674585,-1.994970344479835
7406,0.30115743733745515,0.10761290905616752,-0.4103923384434117,0.09259775657489694
7407,0.14009451660792302,0.7937709328368896,0.4213718432466424,-0.6733098467596549
7408,1.4935732833024782,0.9454267714595544,-1.0740824187394764,1.1605055372624062
7409,-0.5222368983388219,0.0049871519215500815,0.7573957613069191,-0.5427418854922523
7410,-2.911044447849199,-2.8519890950513678,1.0598684745448768,-1.6471517956897208
7411,1.045258862330488,2.0688684936723982,0.4304498102528438,-0.5017211625040381
7412,1.907596125380846,0.807310296610844,-1.7074075408260065,1.856895829961389
7413,0.3761537402764163,0.6595261974096328,-0.01312184100481209,-0.27168454499288214
7414,-0.0771596174434487,0.4812482920310036,0.368279943744626,-0.7886692498316266
7415,0.642888886120436,-0.4633649972815897,-1.0516515626045624,1.56224517349992
7416,-0.5051016838458997,-0.5425545005435162,0.21991007862895923,-0.10703713391520324
7417,-1.877634290949502,-0.49872848605910286,2.135568400001669,-1.7398413112727789
7418,1.8432123555458204,1.2843154300991502,-1.2311765332912255,1.3146082433358235
7419,0.46827597020473416,-1.824137030048026,-2.244181255069686,2.1213421908737033
7420,1.734954849266358,0.6157380924926952,-1.6790252521392215,1.7525816275245043
7421,1.1209683414500573,1.2099936245366112,-0.2868726920878989,0.578206116694643
7422,-0.9060371358001359,-0.8150486964541458,0.4338447871377184,-0.504631338905784
7423,1.147762177751729,0.9140146388011612,-0.7793551262577191,0.5201218896388138
7424,-1.1563816345498446,-0.8344613393792377,0.6606411540081196,-0.9525656343708264
7425,-0.4580845534575062,-0.7529470331639725,0.04771779314122729,0.26550718167029796
7426,-0.3050316257841743,-0.8381801224944117,-0.37050816678513965,0.28068982099978157
7427,-1.0114538212146613,-0.40219953522932994,0.9596686956699985,-0.951126474685457
7428,0.7595674852728033,-0.47659953882700984,-1.6269524280798844,0.9963321918475263
7429,-0.25638720538483983,0.8442705746205497,0.8146551197598975,-1.5188356583961242
7430,-0.119613052631699,0.9331844546354586,0.8157867703399967,-1.2426742043715668
7431,0.05757510728755588,-0.13714783494851765,-0.2881279692832634,0.02880080136545494
7432,-0.9133915138671558,-2.2306607706905206,-0.8558800811802864,0.6134052286969697
7433,-0.7794760943405599,-0.9924827698483868,0.17942781235279778,-0.07241097058416547
7434,1.3188732828558494,1.1575822394365216,-0.7220895719287075,0.6444655206786193
7435,0.6270391949840841,1.0765234871962452,0.16259436893073517,-0.07213533423192635
7436,-1.0834972789285873,-1.884812183558224,-0.1735468128936399,0.37363770585773415
7437,-0.14785978226299512,0.22569437234997314,0.39484313623537554,-0.37719380085253507
7438,0.759503297084054,1.0868093486319947,-0.006438726764015427,0.07834301649095951
7439,0.881983910026947,0.40315421101849,-0.7413498433258723,0.8711525068716653
7440,0.04282338636093273,-0.6559968586592703,-0.5484932344207297,0.7701206242267049
7441,-1.0110090843825528,-1.033354574193347,0.40619967402523527,-0.4012980488348063
7442,1.1254732275341726,0.3893004232946317,-1.0380110794776347,1.2516812634002936
7443,0.6509626219139016,0.9041229827552011,-0.05880911322826694,0.03924684015660187
7444,2.0542293585412814,0.481845571335368,-2.1889850958516885,2.317701173818602
7445,1.0492789801717148,0.8936496455896854,-0.7305147842998159,0.3034160285989379
7446,3.489345999462133,2.9552475714581363,-1.9336921546558,1.9234114409350023
7447,-0.015710792050334273,-0.3783629053013175,-0.23805656666864664,0.4378684913746408
7448,-0.6258184450151407,0.7667578553213489,1.395967721056054,-1.6266687225134424
7449,-1.7817855260835904,-0.13715252797965558,1.9583168054562543,-2.5833964151355544
7450,-1.270278574229917,-1.0459639865871266,0.5625142826076758,-1.0219248849780231
7451,1.1499791256551177,1.196294686821125,-0.40327267523435634,0.5096468708194929
7452,-0.0010014426680947488,-0.440447051156692,-0.3103770091713369,0.5128395548776905
7453,0.7722248822092693,-0.034537498938246924,-1.1528681863394372,0.8100894757641125
7454,-0.8935627214017943,0.029155962272135703,1.2363488755949203,-1.0835801117409063
7455,0.9054153653107597,-0.2460975041231563,-1.4343697124590147,1.3006647669343387
7456,-1.07226268810293,-0.3647326416479169,0.828814595809795,-1.4898922991889278
7457,0.7978113999834708,1.285381943219765,-0.0985047209878037,-0.42684525351078517
7458,0.6341674775013532,-0.7517268199329494,-1.4107399434020154,1.5941419592342774
7459,-1.9942071454016768,-0.24306634192900095,2.462259014734647,-2.197822846425907
7460,-1.8590618841758606,-1.8811930121791764,1.0087991692341791,-0.32169182904185994
7461,0.4225054855269162,1.0477901652825976,0.6741191500593906,0.16856481740948517
7462,-0.27122118672880996,0.380350234651434,0.7093381709170242,-0.6369528887909751
7463,0.32823969687480087,1.3404338586383906,0.7141947711385321,-0.8046843454757958
7464,-1.3290462470227555,-0.7430356363378163,1.0823592661574861,-1.0466577772248609
7465,0.9196495569963363,0.6263431545623367,-0.5487652599695712,0.8064095752652914
7466,-1.6536407398756146,-1.7140480299303817,0.7418224849316367,-0.46213345605826167
7467,-2.359305356878264,-1.505436353741226,1.7647916530667676,-1.6839776522056131
7468,0.46576789165582433,0.35616251374599023,-0.22320159886169305,0.4108936919522651
7469,0.7936103362078529,-0.42171164853529275,-1.519007653839246,1.1758842435480448
7470,1.8213599531798534,2.2687321436993515,-0.23107488970498807,0.6228447442731194
7471,1.004261972657127,1.879518606816812,0.24547760507426664,-0.5172039973161466
7472,-0.012519940485614018,-1.29635424984302,-1.2470049965163799,0.8868413205097284
7473,0.471446205002656,-0.4572630993611107,-1.06943233465427,0.9032354665222452
7474,0.4385501620562359,1.0066947542995295,0.12434461145228475,-0.6447674543894301
7475,-0.44545524891222754,-0.4372320932281402,-0.005104939135934475,-0.54523329390449
7476,1.4187247935443392,1.5302806457989366,-0.4855720523804037,0.518364266120827
7477,-2.1422613958664067,-1.2526304802902748,1.653782144312091,-1.7146320738945653
7478,1.747354183006317,1.5971186842057155,-0.8355906561564346,0.9141928749065141
7479,0.26196661822376915,0.8988830137758956,0.20978152255715785,-0.8648592891921787
7480,-1.1853569281535745,-0.189298586554563,1.3921659283304504,-1.3240845858174661
7481,0.9170210743048687,1.5821249529541088,0.3005152387531649,-0.013548172454138505
7482,-0.15125918671281705,0.7831189946216797,0.816226419027752,-0.9925083460075625
7483,0.16728106843928323,0.021698546867749333,0.022608636045612633,0.585490543465211
7484,-0.8415465753254987,-1.5814897661144742,-0.1610399314901711,0.5279073848339199
7485,-0.7663534527459209,0.08037830558442037,1.1963243589071786,-0.8231705305316329
7486,1.7522782555934941,1.3767247562602094,-1.0648248669248264,1.0597786780032448
7487,0.22531815030041108,-1.3736017456657779,-1.7234436515864147,1.0831302413854405
7488,-0.6908224010063192,-0.6936304196006795,0.3618588395866905,-0.1555737220119044
7489,-1.6827789822392092,-1.1818558078181804,1.095958772801809,-1.22715127905971
7490,-0.7782291760309153,-0.6477646581692588,0.42561248216118097,-0.4663685945557055
7491,0.741852213845899,0.5005016359045771,-0.5781812606906898,0.4228990737600938
7492,1.8893422897576,1.3662374416527903,-1.1522026218698862,1.42094939348038
7493,1.0964720873890557,0.7620399698335241,-0.7292312011873721,0.7923319880015798
7494,0.5733217585995958,0.17182622578784984,-0.6691005223385137,0.45400668741992783
7495,-0.04935547108732622,0.5806652734125903,0.6604077454859403,-0.41403780978878096
7496,-0.4204971154670865,-1.913470729656061,-0.950662001655062,1.4419942620118518
7497,-0.9185577843821804,-2.0515924113705815,-0.6776913458759273,0.47672701654840366
7498,-0.8937848735484661,-0.8838712409815364,0.40483532424229113,-0.3457522253763765
7499,-1.7930081241474443,-2.6806145280329057,-0.26556316405742186,-0.40269507945561567
7500,1.0039743297089905,1.4846749176882001,-0.05570588950761464,-0.09575974759047326
7501,-0.8559202881605338,0.3817388117562959,1.6068891596879051,-1.1470241987001681
7502,0.45678385719036835,0.3496520221598125,-0.19429157985759027,0.44551010349388515
7503,0.8825601240568095,-0.04300160082728624,-1.1286908585691082,1.2676354363782953
7504,-0.806019018199141,-0.9755149773573442,0.325233575271948,0.04895456452323742
7505,0.9071601985006835,-0.290160068122874,-1.1755030254297159,1.8700663120418786
7506,-0.19150021572541664,-0.7677811929811269,-0.3094073162334344,0.6242912617499837
7507,-1.0855614115543448,0.079718827538412,1.612496492765873,-1.228475364371371
7508,1.347319861708255,1.0900226793085266,-0.7242385767587357,0.9055773289626194
7509,1.7295540709517931,0.48715207081989276,-1.7527340105592106,1.9138637994490695
7510,2.673661163454768,1.6833186167864411,-2.069508161803559,1.8404484374660108
7511,0.18519857712856816,-0.16065639067114515,-0.4705883624629085,0.21992383761730155
7512,1.2675965042720494,0.36707608368987366,-1.4040374173573977,1.1676723574920753
7513,-0.2923838306749271,-1.138764157092314,-0.4653353478713645,0.8847428228725489
7514,-2.0712163420488796,-2.0803869249913536,0.8822241575797859,-0.8222425814720173
7515,-0.6418571442157321,-0.14853378576930829,0.821077489300054,-0.48715287803737684
7516,-1.3578428255754438,-1.4300745279944256,0.5369474668749644,-0.45214765016218844
7517,-1.1098283299364706,-1.3696628041187784,0.027825362165758233,-0.6096949260238338
7518,0.057071789670588235,-0.2744753212309529,-0.2367743787911677,0.44935612185619456
7519,-1.3090531481025414,-0.9197563144167406,0.787511681802406,-1.0684672350838327
7520,0.5466210571988712,1.2308153383483877,0.3064251140656502,-0.4785984455293088
7521,-0.6946401575876404,-0.7461437049983471,0.18791158669985414,-0.34925742314801833
7522,0.4434460763876418,-0.959186677212242,-1.3668849214131402,1.490871833548043
7523,2.0923507293920367,0.7521472403532781,-2.1196042890760416,1.9234053020061126
7524,-0.1305815920532912,0.4600315807709588,0.5897509815952953,-0.5376535229946257
7525,-0.5417622640086526,0.6687089480074154,1.4019121246610144,-1.0788212519272091
7526,1.5002555628795868,1.522633902018775,-0.5285150476452022,0.7525406935276614
7527,-0.5131771185078083,1.617662077062601,2.038960563974531,-2.1451368110216937
7528,-1.1737547002745754,-0.752501236365103,0.9050051691801408,-0.7815382704005216
7529,-0.9073251624256915,-1.9189858251858836,-0.36201883049538874,0.7534776689155679
7530,-0.8795052940479857,-0.4218112918767688,0.8902799564216656,-0.5544628167105874
7531,0.37989264164270803,-0.3311156128004389,-0.7518203931177467,0.8315564535596638
7532,2.5116587266813495,0.7291647962598353,-2.6424430476263874,2.5554836737586966
7533,-0.5145505547822,0.45771151941923066,1.0966973681875507,-1.0103107012955104
7534,-0.5434877723209937,1.1418064857732024,1.7821367686421001,-1.557053239828126
7535,-0.8713985183169366,-1.5503055189748711,-0.36272744009952007,-0.009983170650940149
7536,-0.30664076589496725,-0.349753587605216,-0.15229704613731107,-0.5199981719505194
7537,-0.988215753617354,-0.02070363957874095,1.2032254949313026,-1.3599498702255899
7538,-1.0358763330588197,-0.8342107679131151,0.44013166964751177,-0.9114162594707258
7539,2.643126965094362,1.9381709984315125,-1.8693500650594368,1.4687650646659183
7540,1.233356162898889,0.8167882091775469,-0.8840401238500687,0.8762964701069663
7541,-1.3192247890613786,-0.9212172391134403,0.8361733537497322,-1.0154471354113948
7542,1.0281680578157675,0.587036969751636,-0.7745075991189647,0.8910344106804666
7543,-1.2463886569718245,-0.4599140254271196,1.1369376842832633,-1.3388249028565515
7544,1.0917761847924974,-0.17416393864128424,-1.6006894587701364,1.499681528191017
7545,0.2505417532996888,0.07962292442917225,-0.30868876578989785,0.15870251330299312
7546,-0.6137190991822712,0.08345153368793001,0.9362352041873537,-0.7438108861793662
7547,1.2012542138320832,1.2727775191261266,-0.14298561042017957,0.967412569779461
7548,-0.14314215462455201,0.17671908348642942,0.31595817409759824,-0.38119238686972307
7549,0.2828585610850172,-0.03486484103210395,-0.4768488377626735,0.2541241957917089
7550,0.0323188051827601,-0.2406200131501636,-0.30872543668212443,0.15213549487418143
7551,1.0666381032002668,0.3257077159040802,-1.0938144990361343,1.0965201314440214
7552,0.09781419819618548,0.5269479233581472,0.267337557601484,-0.45163993103718086
7553,0.41958002461725113,0.45295367395544717,0.03557981276808172,0.4685179230921273
7554,-1.4529889609039015,-1.3635166275272703,0.5249678729898949,-0.9742140317734472
7555,1.1524289156112135,-0.31706595355985207,-1.722648826448181,1.8465569103363535
7556,0.48958664926325035,-0.4890363109997091,-0.9911657323569313,1.1829292247527943
7557,-0.07500892292487378,-0.5154199353590144,-0.6825840346247783,-0.22730142838960168
7558,0.6411787541198031,0.6118449166735753,-0.3232960460616335,0.2437116570378524
7559,1.2006109804512919,0.7014581092060899,-0.8090357080616408,1.170175541345938
7560,-0.7574220051166356,-0.2693275777549161,0.5156087120248753,-1.1474201323874047
7561,-0.1742218872640659,0.45253468496150034,0.5513093375903402,-0.7433771252291393
7562,0.7359978579324619,0.5346474110510278,-0.42572068772780636,0.5884681508716871
7563,0.14212366401105217,-1.298735268732547,-1.4753294472649727,1.0426026775649078
7564,-5.417700794497158e-05,-0.09771644356762921,-0.1671523396123644,-0.0590404441572845
7565,-0.8298503731191754,-1.5460826610777672,-0.2868951533296485,0.26213881020533314
7566,0.02334604283547979,0.7118117982407629,0.7176512069053699,-0.3699588500124138
7567,-2.2781859908128466,-2.3757641263242313,0.9636716863264719,-0.704886827808054
7568,-0.8199703089222623,-1.3861394030049878,-0.020564177885711896,0.3809616580235951
7569,0.026548040723772495,-1.535723513703222,-1.5891939072819843,1.0010435952946917
7570,-1.681980426037952,-0.25455684258911326,2.159535447072263,-1.587966518017244
7571,-0.36307673173033894,-0.14405147159000706,0.19836825253426718,-0.6000031555016601
7572,0.12434176947380911,0.5067377261937209,0.2243493432014161,-0.3838262772214313
7573,-0.7177671749554788,-0.19265401597502582,0.8509476300874786,-0.5992428992068777
7574,0.1912214825719275,-0.6384364505875302,-0.7975407122253717,0.8188190049481686
7575,-0.4644907364479577,-0.7438645294410768,0.08875887121287875,0.2930730545454827
7576,1.557387811437087,0.9556996465765103,-1.3539259904223981,0.8700937853897732
7577,-0.47088214182348703,-1.067371332181429,-0.31915131166069916,0.33206513167886337
7578,-0.8460118410274735,0.4587098617373687,1.77864165089546,-0.9945231823053392
7579,-1.8501150759167482,-2.034148198644458,0.6873592065481328,-0.4873201476759945
7580,0.5822011112578029,1.186077925307372,0.2772724025241065,-0.29476064925587425
7581,0.36184968033181203,0.37887218244982146,-0.15966762758626926,0.09662347251782478
7582,0.3568087353107739,-0.2044192744971801,-0.5373025008716441,0.8214379747592254
7583,0.2751926532252369,0.20942643841878872,-0.3742252388602489,-0.1823732044366723
7584,0.04907045914587864,0.29599614736013447,0.24877410315629597,-0.10072152901083278
7585,1.0672644577530797,-0.5883207123601597,-2.0251346044306864,1.663711292659935
7586,-0.5605595518174579,0.1312796894049042,0.8454961193496094,-0.8294012802781062
7587,1.6332553970404677,1.318974806585054,-1.0079385793800677,0.8741535496044175
7588,0.2674713028981907,-0.2618056243430521,-0.5725856873994866,0.5784434414966119
7589,-0.5301845408284046,-0.6647500506007024,-0.020189241921394683,-0.3251183873721461
7590,-0.23664571647343557,-0.8947513733819461,-0.4360237731840313,0.546239530785015
7591,0.3661172028062683,0.23835441022981008,-0.24531497094735322,0.30023038257914586
7592,-1.5710121881157069,-0.625039411946861,1.4803377619957183,-1.4945703704301851
7593,0.10852558441509372,0.5405319100925947,0.29977425931150203,-0.3889349200681808
7594,1.256993253307136,1.167187080720931,-0.770325561508774,0.31494189066585415
7595,1.3405344165488216,-0.21717244152013643,-2.241610978455025,1.3620984939826286
7596,0.9175346146877045,0.5439951193335143,-0.7715843010227401,0.6046625707881196
7597,-0.11610206789167936,-0.15489968701967383,0.23340295654675794,0.37093644397072184
7598,-0.8217553150793907,-1.1199285228452545,-0.15659664226156053,-0.5085258762465658
7599,0.7485065186668363,-0.7328641852248894,-1.6308420516625532,1.5690035214091558
7600,0.7366671214127883,0.4666185612974286,-0.350473302955265,0.8879618056459101
7601,-0.19201978100037365,1.745432695394239,1.6100850786660006,-2.062346702702112
7602,-0.19717395950559397,-1.443405300873861,-0.9440014442587525,1.1165442246994524
7603,-1.7863961273260474,-2.008760618154681,0.5684417739127411,-0.5306650934613149
7604,-0.3464179676967242,-0.9347437164369841,-0.3469301834684961,0.4076098612380826
7605,-0.12552089035972955,0.6100042560283053,0.8824201343664264,-0.36550444214783945
7606,-0.35335977407290836,0.4248889042990251,0.7115362803489669,-1.0343108290735399
7607,1.2631710234892655,-0.007167494278988322,-1.6118907849816173,1.6892214129745347
7608,-1.2599916984831947,-0.036828805482902634,1.479492963632867,-1.805160357281346
7609,1.0919495771189083,0.940575936152209,-0.4615405806629131,0.8171496433291361
7610,1.480152177213029,1.235818952282069,-0.7331376938237909,1.0125347795505542
7611,-0.38283815257946646,-0.9375998781793148,-0.4334525018676756,0.13165807204269853
7612,-1.535465797865949,-0.2203324318526534,1.762481125264618,-1.847386536122956
7613,-1.0971823462389798,0.445475956774268,1.9069885696980602,-1.6340314021117779
7614,-0.8100414965125217,-0.19288709165684595,0.8393918559575172,-0.9489434290434449
7615,0.6336086331828148,0.13651335030071698,-0.6552738903411757,0.7792310284480508
7616,-1.69130504563,-0.44057038953375915,1.650484821693772,-2.0700545671293433
7617,0.03302565211067091,-1.2785234696767778,-1.1575999117248628,1.1643268304951753
7618,0.7535498668408118,0.412652234829933,-0.5488518521945748,0.7286872269696906
7619,-0.2135725694477182,0.5418882634741077,0.8257500972603588,-0.615714925697508
7620,-1.2049672821391852,-1.1812162351120623,0.6053412834660064,-0.3861426742542809
7621,0.3184287944475235,0.05270082659049058,-0.18821111867353385,0.6789915001662715
7622,-0.2293301057263998,-1.6146773854421355,-1.3180169099622472,0.7554654155940772
7623,-1.388475703686003,-1.5425868816626884,0.38064139794752994,-0.5656257288902028
7624,1.0904934675393325,1.7514196766826873,0.06696905055074608,-0.21441652362956237
7625,0.14080274905572868,-1.2451736379610396,-1.028372694827312,1.6970543885117502
7626,0.7205049064227419,0.45077223006980144,-0.7044811960567658,0.24388719769724254
7627,0.7860994767718986,-0.6782238874798809,-1.6043888942579387,1.6180693117546816
7628,-0.41103098421213546,-0.49589803076529343,0.16707526457087213,0.023332743651861592
7629,-0.3291500899347442,-0.5378208742684277,0.037951491458831935,0.18951507064705383
7630,1.231293395903662,1.9010184315065979,0.06496435780034467,-0.07599736695412833
7631,-2.0676420510584403,-1.3169150717646998,1.482978711543057,-1.5939240548324585
7632,0.5862674895886055,-0.13119013046239972,-0.8643412373937703,0.887840944911453
7633,-0.07074900803464629,0.06022452540583555,-0.12300204234635588,-0.6154250605794289
7634,-1.996982355362232,-1.0593863804693342,1.6871089609985095,-1.6033018827721113
7635,1.2075706419555787,0.8671620292819231,-1.0120859934099122,0.4365116270554668
7636,1.1586946682839896,1.6882381124672488,-0.013143944481121352,0.040687616114282614
7637,0.14751917930155248,0.017933828786764583,-0.22600954268800974,0.08530009572159455
7638,0.0067900686232942285,0.6747118555607214,0.5472296470103293,-0.6401957095517173
7639,-0.06138234404089919,0.7202876551442372,0.5693419088394122,-0.9549962671812898
7640,-0.9323904325929574,-1.8859457803863968,-0.43183961662891324,0.46086863108716825
7641,-0.4526246839831106,0.8274633152544095,1.0725617310152795,-1.7247465365464405
7642,-1.2607511644839575,-0.5122998355123354,1.18855239848522,-1.1725541560465729
7643,-0.030653851937896017,0.12112533317967131,0.23850528085442252,0.018598578819549284
7644,1.4053948167749928,1.1494213767449262,-0.8413869050431262,0.7630136345635268
7645,0.26003279066954127,0.09907709003433152,-0.2387799873825456,0.26897589487577517
7646,1.8773675536026868,1.157247409786143,-1.2856992636148796,1.6474836436975986
7647,0.6275026042804831,1.1547033506305204,0.25449846675301857,-0.09719660495579711
7648,1.453756204377001,0.01759943569195169,-2.1320074355716967,1.3930793666790307
7649,1.4901151550414649,1.311293736544484,-0.6734479867869899,0.9711328578228039
7650,1.0990798498542471,1.6337666873764654,0.1266386094826831,0.20577676537937417
7651,0.21477170695772807,-0.262959395197445,-0.5693319046441074,0.39857320979169936
7652,-2.4223828677451023,-1.8918341954613689,1.3596884477840097,-1.6907527818966819
7653,-0.3032001792918362,-0.7476611146136297,-0.09437380587096206,0.5557483939693718
7654,1.5065927814642617,0.858168365052562,-1.1947487698270265,1.2049538717339174
7655,-2.194706181387708,-1.9598213079619813,1.2598259438104833,-0.8887672787054733
7656,-0.3063699271067198,0.6026378894594582,0.9656878475344303,-0.8473251795911922
7657,0.2946922994332597,-0.3243814789568221,-0.6369449320463383,0.7133767146788372
7658,-1.3538042945953608,-0.43425581765185295,1.3212991955506106,-1.459544971598367
7659,-0.9013489790233753,-2.4018923561674685,-0.810183648032055,1.1507348861308906
7660,-0.32290075889709857,-0.40896838632537114,0.1290743507628345,0.061346496833580774
7661,0.25647570513899254,0.9772152550395993,0.5174824785764239,-0.5308443406835434
7662,-1.2378864605850568,-0.03726427962791714,1.4249400407806434,-1.8213311632722462
7663,0.28296782493641554,0.2710412242478191,-0.13759436405549064,0.11406371137177468
7664,1.675412583201223,2.1210005360012305,-0.2510889702041511,0.42266533097185194
7665,-0.2890095723288067,-1.0762527823507115,-0.6617143088998768,0.399320893176736
7666,1.719120273618219,2.209843121415459,-0.5023512258378398,-0.07900756717694629
7667,0.39385878309272243,-0.6935237917431876,-1.0486589592879654,1.2332663729026252
7668,-1.165449742887687,-0.2236348298261503,1.3747249453798742,-1.2007402168195933
7669,-0.31716105187277005,-1.2486479335523684,-0.5904370645767445,0.8409022626917332
7670,1.0400312051227911,0.4704569063901098,-0.8428192484052183,1.0945526671219576
7671,-1.9533670824211862,-2.4087104081284,0.34995958071156935,-0.5468594028484306
7672,0.08200517147433004,-0.491373835291512,-0.47029602594841896,0.6504656247093109
7673,0.46842398192895895,0.5311832499042852,-0.03812913639472047,0.3241030468813466
7674,0.3416339254955776,0.7793413433288193,0.21329883936069885,-0.2850623534712909
7675,2.3671208762356564,1.519194992975384,-1.807191706218924,1.6038735330909735
7676,-0.10737227348450276,-0.7223051364250584,-0.5751707584449017,0.3462975218417869
7677,0.8551607932131102,2.042917765831165,0.5462129203009115,-0.914379364562892
7678,-0.5547161096456376,-0.6464530583929133,0.33646915155351753,0.17223425775725612
7679,-0.6635477577856245,-1.2870824183473109,-0.2527687816008877,0.2911860654366407
7680,-0.7445816990048019,0.9054378081066329,1.8057818134475796,-1.6632240388206336
7681,-0.5470796386340377,-1.1595700343095938,-0.4621154285316846,0.030162294498953267
7682,1.969941701417725,1.4095198278489296,-1.348777522605428,1.257710257921363
7683,-1.3320603330790375,-2.019870422725993,0.10297380478109312,0.29917358697965146
7684,-1.4251621489105906,-1.7346147594362822,0.3068694107762743,-0.3630388330102262
7685,-0.5967411630810977,-0.5019698439614267,0.30439193767574996,-0.3836349862623118
7686,-0.03946404325814035,0.430989214367543,0.5220330984125611,-0.2612283481132838
7687,-0.7347790582183001,-0.3166909289416456,0.6239459323737626,-0.760914390541416
7688,-0.340355343862809,-0.7383211567753483,-0.3829462316194267,-0.10877126785672123
7689,0.5099868630571773,0.8282041103346374,0.09513051640733723,-0.009735394904747046
7690,0.7730926543400765,0.4135039022364567,-0.7456862362242561,0.44921903401350655
7691,-0.4305321991924701,-0.23888040954409195,0.4007473917716445,-0.2550101277906109
7692,-1.0658501516464935,-0.9979625982000361,0.27729115956749767,-0.910284250152097
7693,-0.5280463165153464,-0.4342808417808437,0.277031086750787,-0.3498484126764673
7694,1.2417246968673563,0.8254649404396796,-0.9442756700286249,0.7789788298785647
7695,0.36880456058967764,2.165336221099619,1.319842505314014,-1.5838954434154995
7696,-0.5193318303737442,-0.7096930371294564,0.020204252422058363,-0.10648239252017226
7697,-0.4863160445253987,-2.091204327292295,-1.057644775892797,1.4473085454756105
7698,-1.337692728173047,-1.4394275496895954,0.4139636990244426,-0.5744978309203398
7699,0.5832466866639134,-1.7259209012816064,-2.3937685214201085,2.031171716277115
7700,0.2725867488424873,0.10038274830586139,-0.37173451457891526,0.07612952172755773
7701,-0.4637149299443043,-0.9458848234910476,-0.272542496137417,0.14643623271874678
7702,-1.5711091550535965,-0.31364466365795035,1.8226720936286083,-1.643193723160934
7703,-0.31568584633484925,-0.7371377563495854,-0.48206330638462735,-0.19831041015589623
7704,-1.2696435778071116,0.20153832424328283,1.712286933514415,-2.004786446871577
7705,1.5939543794887467,0.5445391370950388,-1.6370889129515342,1.4945011922154656
7706,1.7405663106210776,0.3277393557204815,-2.1123869010235574,1.703800100512017
7707,1.7723225629100903,0.8074154174482026,-1.4043992458629941,1.907644213137894
7708,0.32299763256437675,0.8984831281305812,0.323833508056043,-0.44448864747444633
7709,-2.099658602218603,-1.5880689498921103,1.2067129794956042,-1.540752452252369
7710,0.4393738359576634,-0.5570343013298724,-1.0218941365132788,1.1134743747562077
7711,0.5124784283809132,-1.0624426721384372,-1.4671293652717823,1.8102399077699367
7712,-0.3964018413913569,0.42252512712150136,0.8287569232600853,-0.9756610049308171
7713,-2.9085332316872923,-2.8414686933220725,1.5862079133438212,-0.7349677615408374
7714,-1.7723935744183432,-2.4517004676362966,0.3161734010209751,0.14435606105549567
7715,1.0442267399897633,0.20467727293614155,-1.1371448727257483,1.2323344637217852
7716,-0.4697751574127668,-1.0705467925304424,-0.3372734526303126,0.3117208905750665
7717,0.5919790488170316,-0.1565603803747969,-0.9807590059923043,0.7641520151188073
7718,0.9846499396819542,0.190036146340617,-1.1979287906447411,0.9474790711488722
7719,-0.22730697710419956,0.6717873388676994,1.113755803896663,-0.47049197304445717
7720,0.7685502693635483,0.023165651564670924,-1.006597632922811,0.9156208859921589
7721,-0.4572669723439111,0.004129760826862372,0.7436802021267656,-0.33260507414575524
7722,-0.11853807677530989,0.18686364989712023,0.3592568139126799,-0.24134924028424354
7723,-0.5092345221756469,0.5611783094505524,1.1253240408569838,-1.1907519491693705
7724,1.306138493349326,-0.20647088568705074,-2.070256590350222,1.5156032431854647
7725,-0.6812419725930229,-0.3251383678287685,0.7346108968582831,-0.3538687886576056
7726,-0.140901897217118,-0.28346160996372594,-0.10219572695348764,0.0007569937200090684
7727,0.25005296606037447,-0.0819759107749335,-0.33840111751581714,0.49491902861203363
7728,-0.22643299181825022,0.37483051790486954,0.795730948800464,-0.3110802750857027
7729,-0.10913425971088171,-1.330426413484919,-1.15593627379373,0.7844335319986044
7730,-0.733459827271479,0.5335249792825082,1.404709162911687,-1.4326215522161168
7731,0.31535088343307405,0.6309667095163849,0.07657246306445956,-0.26181052019693735
7732,-2.561758117710231,-2.55049676020631,1.3002589580139665,-0.7026867203741509
7733,0.7017573509379058,1.7175798138360745,0.7004959137874702,-0.4046454072245668
7734,-0.4235695311155737,-1.8004233488318446,-1.0740713060378955,0.9401829303676215
7735,0.19912311893777626,0.5710987940483949,0.14272660545033308,-0.41597556028195704
7736,2.496001044239755,0.9013497937438681,-2.494039055580282,2.3453785252691497
7737,1.0342754555384617,1.1806794388852142,-0.22065023230103517,0.45593644779637305
7738,-1.6881172406204008,-1.2002363340304338,0.9677975420218442,-1.42794727843787
7739,0.13727582295654672,1.1316633667684526,0.8593509730722604,-0.7269292894071621
7740,0.30547010777965605,1.4667238288806719,0.9980802525667554,-0.6903121779147453
7741,-0.2913785799475989,-0.7496839236113175,-0.2583192569337968,0.31364739412672316
7742,1.01070595913958,0.14423223361165066,-1.0922245613832715,1.3377736857218405
7743,0.916002164722519,-0.8787824003306273,-1.9388120650014071,1.976944065491903
7744,-0.1250575850785644,-0.03925953006587288,0.18164600313890744,-0.03175381517120921
7745,-1.071084547943043,-1.286460936430828,0.4713523784558996,0.11033081798317215
7746,2.0968570653462963,2.2904682665428004,-0.8665516257868557,0.43404991095635614
7747,-0.5289837530585638,-0.8190767728738215,0.13852372773177896,0.33200956394869746
7748,1.3418206206143486,0.2727505827441267,-1.6942847867275381,1.1488042673904284
7749,1.3078844214392416,1.413566974291698,-0.3325118403088763,0.6741135408328922
7750,0.8324548685117296,-0.43076383468281565,-1.6931520842012966,1.0293760032592274
7751,-0.5990281906048223,0.18811616819246627,0.9830351992527028,-0.8615679115393906
7752,0.025542473040612943,-1.184669848890064,-0.9785340082337851,1.226772434365857
7753,-0.30299136037018354,-1.4271941127334842,-0.8172452119491429,0.9227264895002191
7754,0.6706633929283555,-0.43991208745240157,-1.1606635350791692,1.4125507193268996
7755,-0.19697164830733344,-0.1771073527487559,0.005689584688435709,-0.26627439878825043
7756,-1.820162451523561,-2.0241222452640235,0.5289301106474456,-0.6839782780218748
7757,-0.15544023605378865,-0.2800005275195097,0.04234469923511653,0.19543503447840557
7758,0.8537234332758795,0.5099010960294759,-0.6183474767307371,0.7292602672837318
7759,-0.14551564719632853,-0.4347146485540147,-0.007251924106186419,0.5171649648149599
7760,1.754332150723724,1.1382821864228174,-1.286630320286204,1.2518116973587943
7761,-0.8291778157283342,-0.9705335816386593,0.3376277995082074,-0.02400359979678147
7762,-0.22972506703924167,-0.09341516150936108,0.23197298175115091,-0.18631492816815298
7763,-0.1581427281956441,-0.6651244219329139,-0.41417700040528393,0.3107021127325055
7764,0.5210243106421775,-0.7380633379458483,-1.2860993391003352,1.37655701855765
7765,0.29569285823802927,-0.4757329961307153,-0.7042808383820645,0.963783124851132
7766,-0.8910912105345481,-0.026430990422811884,1.0925887271730172,-1.1940955427207247
7767,-0.5366676311942004,-1.2809414546606848,-0.43938791191015364,0.4006881003005325
7768,-0.6006502822814564,0.055870755010233995,0.9980133232005237,-0.5214665224047087
7769,0.7672407620872853,0.8136161171571356,-0.08390750158096086,0.629297467123931
7770,0.32384809936372794,-1.1807952129300936,-1.3531293036482408,1.6229395525370935
7771,-1.9651673374119767,0.05150434825522881,2.5734615216958474,-2.609427068160431
7772,-0.6139621677147196,-0.7974283646526135,0.04910334120776524,-0.18184576187574097
7773,-1.08301376818375,-0.6596727066868647,0.6944743222876294,-1.0528365514119424
7774,1.3534472773084025,1.1404239837394576,-0.7222029840652179,0.8093159149533291
7775,0.40905382160340065,-0.8063075730930094,-1.3097745338157296,1.0993607198456359
7776,-0.5618823266015335,0.8068033098257547,1.4815669725985494,-1.3438182600713031
7777,0.3088126132200926,1.5432041588288319,1.0531005597573508,-0.7660492767247138
7778,0.1994102639325678,0.5609085641815446,0.33816108906112907,-0.045526497825727034
7779,-1.0880949519624956,-0.9498372117427333,0.6226132672918688,-0.49681563275693447
7780,-0.4016626661130447,0.16536960055859304,0.7181671715807469,-0.568353497891463
7781,2.454257694384011,2.117794894668507,-1.2463161134410405,1.4588576210909179
7782,1.4316438095653927,0.8018010744222467,-1.1633552425425384,1.1285734031133774
7783,0.21966454918388123,-0.2807760816412224,-0.7798369173047618,0.08771148110643005
7784,-1.2448254286540774,-2.1044382457553534,-0.533829059692434,-0.30818241687829506
7785,-0.5873483097592613,0.08424787073852674,0.8561429206442862,-0.7927674472744604
7786,0.47609983499461367,1.0080761731800767,0.37972826167401347,-0.06329280305661318
7787,-1.2580302233610225,-0.3013949046783656,1.4921426561759763,-1.1366997099988903
7788,-0.1761754324436871,-0.09751130148467377,-0.022717702064809085,-0.43433375405984725
7789,-1.1725318202020758,-0.42605203197321967,1.2178121581972112,-1.0139065323866847
7790,-0.7431759177572372,0.5792821452715621,1.4419580495073563,-1.5121765379896206
7791,0.05288887712080652,1.1253487805809392,1.24857974427509,-0.32663652406872346
7792,-0.5240096720126325,-0.7299249463067357,0.18139919596540943,0.21006670197401467
7793,0.41648567043542856,0.30935888957334945,-0.3490411671315993,0.12576023746190296
7794,1.9853420192170588,1.6872490285685617,-1.057956004934739,1.1549328922883093
7795,-0.3905747734998466,-0.4465617098221893,0.2698923585211393,0.15867774721533015
7796,-1.3928565175507415,-1.3752586103565347,0.6255961141968653,-0.5533393214659478
7797,-0.3956537707329234,-0.11514728281712346,0.4616006541988741,-0.32186871552692353
7798,1.3477776058591968,0.5219287569595563,-1.3191132936198324,1.2300589202653704
7799,1.2383144441911014,0.7834598000551233,-0.9671980612634667,0.8278201067954136
7800,-0.8708410008992702,-0.7928600630984856,0.34783176929945747,-0.5841625199752132
7801,2.2132667723152553,2.091573476363238,-1.3121113903169486,0.5445903664601812
7802,-0.9067159865500477,-2.735434296162201,-1.3735395766287068,0.9433786156546469
7803,-0.7035448483528006,0.08931498741955937,1.1712831692724563,-0.6644022875105751
7804,0.3644227957535699,1.5078233381076345,0.8649491523049988,-0.8137298956070375
7805,1.307498028481308,1.4680288688009915,-0.38049921435792655,0.4565006853531435
7806,-0.25796745383639563,1.2713903071066026,1.5444651889715797,-1.268702483717235
7807,0.15471395746316075,0.06751981446168201,-0.14149423587296242,0.1403432262060045
7808,-0.5315211137411325,-1.5278542347678232,-0.5919753489385489,0.7463606071865512
7809,-0.46470743587070895,0.6939171896896875,1.3878482821778346,-0.8890645257145833
7810,-0.7037210467593634,-1.270667453659485,-0.26809453543087836,0.0808747875942759
7811,-0.4894929981191396,-0.21056808939661542,0.37316186580761923,-0.5828570027891248
7812,-1.1431047497177007,-0.451007777630361,0.9757327947221646,-1.2755199862510411
7813,-0.1933831778459439,0.03851184384398883,0.3753326286413816,-0.12217011579035794
7814,-0.3606902795175262,0.7875440775453878,1.1406101208945283,-1.179592412995789
7815,-0.7621967372096231,-1.439474726619252,-0.3555375444745299,0.12535085106811145
7816,0.593523172959993,-0.5059745719275374,-1.2276191870401953,1.1782403728770665
7817,0.3648769384975954,0.13455637469240486,-0.21792262981453847,0.5948768769883445
7818,-1.48561694675154,-0.6209563417330732,1.524289023361978,-1.12160746486021
7819,2.3783492617637116,2.2043503481893043,-1.2357835855140868,0.9969737018781506
7820,0.741842119219859,0.07984016932136219,-0.9327891493786584,0.8134485744537037
7821,-0.8793126637116208,-0.7469136262689277,0.2920917645659454,-0.8237864584323179
7822,-2.8179306240326722,-1.5045086056493846,2.352437914560248,-2.288994147759753
7823,-0.8032909416397751,0.151009570652107,1.0463421552025622,-1.390462684075151
7824,0.8568824287957016,0.1648588319733083,-0.8156975596984554,1.2259108742901181
7825,-1.4020859702250539,-1.2228872312956416,0.9518170331638757,-0.37887606953904174
7826,0.4517811659557423,0.030410353299373766,-0.7105437505957741,0.28801531103323696
7827,2.360701441770672,2.4025017871105865,-0.8904041859791345,1.0645489577975358
7828,-1.0285261982228258,-0.08666751956252992,1.2680765753025969,-1.230287177517402
7829,-0.7009811669047713,1.0290844280833489,1.8278652194308627,-1.7670943506039665
7830,-1.5360392001411116,-2.535015980400917,-0.47153820091625465,-0.19917962819151205
7831,0.41339900045460237,-0.2694580792097873,-0.6692327459496128,0.9480989909257768
7832,-1.0829455214747992,-0.8951791868140474,0.6095221497331018,-0.6335446184779083
7833,-0.8782589457723028,-1.1533001294734242,0.16333815517727,-0.06544377196916888
7834,-0.10385358214381252,-0.9675314387684675,-0.8537900771759434,0.45971826794907256
7835,0.10396091741285622,0.6778156884572948,0.5205530844356722,-0.34737878397227545
7836,0.45380581325476427,-0.21344079275575664,-0.6699609498466126,0.9559416320288062
7837,-0.05643204519346731,1.1978082150982223,1.1378577776003498,-1.0878450562001718
7838,-0.16880926070270055,-1.2476488640179288,-0.744546022919028,1.09694365602186
7839,0.24479656652265167,0.08846310214581611,-0.2764642445078631,0.17366174232848636
7840,0.3166923186356295,0.7209488981749022,0.27548398323034545,-0.1234512594359326
7841,-0.788699848777371,-0.772379061099805,0.31539848500092327,-0.3972117941356432
7842,-1.3208123560232619,-0.6793490852959931,1.2353510343633716,-0.9011503858620756
7843,-0.6040814690803594,-1.4555551065679424,-0.342202383499426,0.7529781175458152
7844,1.6718730776761557,1.7390515697199609,-0.5382094406023926,0.8261451298027487
7845,0.23097398139321115,-0.3131583298868815,-0.4883190254444054,0.7206955888888965
7846,1.8722711917422687,0.8288831087895601,-1.7330757890163948,1.6332095943182858
7847,0.5079202218592562,-0.579347337533715,-1.345593165397446,0.8413243949952616
7848,-1.1401979533040683,-1.107831720657054,0.2936048539874721,-0.881872891438439
7849,0.04947557343114879,0.3635305203441739,0.21970774307824092,-0.31370252032875245
7850,0.09335653447219362,-0.5705070925531301,-0.3509663111513801,1.092747443465541
7851,-0.06243375872274077,-0.29716340316083134,-0.24036614992396155,0.07060243700261049
7852,0.6854966384617565,-0.5938916246630992,-1.5800915502200814,1.0975602791975827
7853,-0.5773876343319377,-0.7506772183443627,-0.05428452297175387,-0.3464410684917316
7854,-1.0491387111988086,-0.9159814346296627,0.6676739605838883,-0.3598363003714402
7855,-0.4764319186147763,-1.3950657439982583,-0.47369075175836484,0.8312048606076544
7856,-0.13814838901526416,0.36434418470337326,0.48676521244607573,-0.5152437354642361
7857,-0.1368087588077904,0.6486848467557476,0.6949641743638221,-0.8300302005230371
7858,0.05795613157751472,0.3474650670534419,0.17056060933553197,-0.33128493327180547
7859,0.08208457133901335,-0.7880560686014908,-0.9501171387436482,0.5209161125802265
7860,-0.0867499789945448,0.2133528844793661,0.15798446211697434,-0.5468055224346745
7861,-0.14371387256126297,0.19406057691920364,0.3986117607091687,-0.2793035071771441
7862,1.1414715228479526,0.7397745076689904,-0.9388610453892907,0.6371405074660934
7863,-2.172895130801589,-2.334844415260556,0.9173839189992712,-0.5089957698259773
7864,-1.414939783448106,-1.5034958854177927,0.5326245223929328,-0.48652411518882865
7865,0.23791961984393867,1.3439767749986646,0.8552742056917905,-0.8872259339481131
7866,-1.1195993254834862,-1.5126808735062602,0.002785284650595244,-0.34330535304488613
7867,-1.036506618685392,0.47633588123973825,1.7206549995918794,-1.8204180245606467
7868,0.4180338201294984,2.0203350382961385,1.0958494440160713,-1.4528054268193014
7869,-0.3756620203513401,-0.8723003572359729,-0.3792797383323071,0.09514092249841219
7870,1.0148186128856689,0.6243450222790006,-0.6462191795796849,0.9795227213928147
7871,1.0964628132638368,0.4379146204184503,-1.1708856155972682,0.7960992229672094
7872,-0.05217395557484065,0.32753844732161314,0.3882159202465376,-0.2928462892484766
7873,-2.207727595437734,-2.2974384748267047,0.8897960245336419,-0.7725575061089525
7874,-0.39148564253547447,-0.9715318849337196,-0.23844378850800738,0.5267698693953488
7875,0.736189385194529,0.4220651246361076,-0.49696533283374955,0.7354286490141463
7876,1.681745313373767,1.4588424465095053,-1.0568042314798995,0.6234006933722398
7877,1.169706011362018,0.6759027519929086,-0.8756661405591867,1.0038715571981423
7878,-0.9151962581909224,-0.770290819213636,0.38440031972239797,-0.7327343086728751
7879,-0.025303840937452447,0.12295576818652111,0.10578114766324019,-0.2008626780329918
7880,0.34637966815709853,0.8034216728336196,0.27759576183354634,-0.21282987886852456
7881,0.6525221490918314,0.2869830472688775,-0.6147908279168177,0.5547701482410566
7882,1.6310872642229206,2.3033103574767306,-0.1294489377511278,0.038396033079824296
7883,-1.6423734447437264,-3.1225359249750966,-0.6591624183067771,0.5089679135845336
7884,0.1359944009399191,-0.8451737847309722,-0.8732591365684456,0.9872247393785833
7885,0.5399789142101089,0.9567158716046571,0.05288122882921359,-0.28751070165188686
7886,0.36246018940982905,-0.6239491688383203,-0.9949994430660621,1.0476134293094737
7887,-1.5925904196533842,-0.1474373391026707,1.9950688809545574,-1.8173466511671645
7888,-1.6422238899690145,0.1468124510074345,2.395149856243973,-1.9997596432255562
7889,-1.4006272748071387,-1.4858679043499434,0.5360294581019298,-0.4719354357721554
7890,0.8943831388925993,0.4597492917442125,-0.85376358576524,0.5804267671934285
7891,-2.334378694967708,0.043443846780195534,3.0420393174803615,-3.0831527770337157
7892,0.8599482748233039,0.7935971895165336,-0.4661835355146695,0.334632724022383
7893,-0.25497343844886333,-0.029740803174900528,0.18277149882762375,-0.5172052543229929
7894,-0.512954391199573,-1.1442948919931566,-0.36915619173712283,0.2792650465197267
7895,0.35204473437612666,0.529670147457288,-0.02342445973594096,-0.06234763829695194
7896,-1.837555839577286,-1.4802009075182354,1.1636166142440354,-0.9403685367978425
7897,-0.29656020690641444,-0.38752554796478406,-0.002894246016452914,-0.1291207907473614
7898,-1.6706575358821,-1.6027215407752557,0.9413641601457601,-0.43985500482907036
7899,0.23418903190427084,-0.30258039033202877,-0.6036138299216249,0.5032205190085777
7900,-0.9502691016829358,0.6041224064178022,1.6619932711907566,-1.9243233250857938
7901,0.9481816924433372,-0.2344115082330465,-1.4451624747651781,1.4062797394695996
7902,-0.8576936762159443,-1.287953600472114,-0.08881556795113364,-0.11150759261281158
7903,-1.3926122407440022,-2.08958383006999,0.10909141785166346,0.2619085987251833
7904,-1.7072083401689606,-1.19762467865428,1.2836666090317255,-0.94521778788858
7905,0.5759835871099538,0.7900702682424456,0.10922794257359211,0.34319391562898405
7906,-1.00499757598332,-1.0554436530013611,0.46458483598871536,-0.22343612148418077
7907,-0.12528209422086148,1.0901421217723797,1.2194379341111172,-0.9299518567805877
7908,-0.5135103085402998,-0.6768164655576463,0.18163374958417455,0.11971741552550483
7909,0.7220544969219985,1.178600416939824,0.11531932851134502,-0.06246252652954727
7910,0.43256445348895967,0.7594143541490834,0.15530537618996706,-0.01416962882426382
7911,0.09983396868397916,-0.5728136487606887,-0.7504032771922756,0.4167487612995008
7912,-1.3739988778934533,-1.1896201943901132,0.6394826638050087,-0.9098837249757157
7913,0.058967835090238355,0.33931315144766894,0.31313900746987844,-0.05642372084513883
7914,1.3428151866492726,1.896518439817427,-0.2624158835733259,-0.24403956560243426
7915,-0.5143508839135804,-0.9018265511593246,-0.207260004484135,-0.0258411682658158
7916,-0.6427688726446126,-0.5608834360627022,0.43289021541245276,-0.17915020119787936
7917,0.6384110950263228,0.5569275971165,-0.23440416101437136,0.5233170666730014
7918,-0.38676652701050224,0.35420017964280787,0.8323905907108914,-0.7697470838452413
7919,0.2291035519483441,-0.18491269430466287,-0.24916544106933206,0.8261361284243892
7920,0.011163604477029155,0.2177341995282111,0.11536977006154561,-0.2825392255340108
7921,-1.4771034851250018,-0.22385938577272185,1.800981453935896,-1.5622978628746464
7922,-0.5546964255449552,-0.7852785260746353,-0.15877565983870517,-0.3660863156092129
7923,0.699626217623232,-0.28001335608803724,-1.193496122809254,1.0718862792966823
7924,-2.8741897525294777,-3.6737894852578457,0.5300139587051889,-0.46494163104606645
7925,-2.0170412286478268,-1.7137669920790697,1.262934442099013,-0.8425507945352542
7926,0.059379028326327514,0.623973529340337,0.49274690767722884,-0.42574487233844965
7927,-0.12680823705556798,1.2499951384129013,1.2582725304447182,-1.2530597979438616
7928,-0.6890834881779446,-1.2448840731718462,-0.35744706253917036,-0.08672821346547956
7929,0.2403520315675265,1.682851929179478,1.1550979034195128,-1.168194837398648
7930,-0.3368296483054726,-0.08622954230625961,0.4522829182863434,-0.19787362079668175
7931,-0.6224874828935835,0.230977742116725,1.1227826098058762,-0.8024206928391426
7932,0.009593218437191138,-0.17928283647019988,-0.19339655684619556,0.126191309105537
7933,-2.7983541743057345,-1.333298462663303,2.6315848426885107,-2.1401141939737096
7934,-1.8753349429542696,-1.8535976754299892,0.9110943147736464,-0.6189119518195194
7935,1.7656382043206653,2.014024130671379,-0.635234567606756,0.3258986321161987
7936,-1.1644594974879021,0.3398578028431906,1.8881231370781373,-1.6526788552946687
7937,-1.360399123986461,1.032943786667622,2.6447558655035657,-2.6925596373252225
7938,-0.360509048400105,0.6171372693265166,0.9133708253384486,-1.1681997259019896
7939,1.218474605772601,1.0317358429879513,-0.659429802527857,0.7001121982133782
7940,1.1319183135870254,1.5501139573669804,-0.045722782620294666,0.2211606801438522
7941,-0.4850021644614247,-0.5239215165046296,0.1402473773288329,-0.22074440675956597
7942,2.2313578650390395,1.5068162202073239,-1.38295448013429,1.8969148310265964
7943,0.5237954413985005,-0.6375072247047557,-1.2257816442395557,1.2499619241708788
7944,2.1807623604949375,2.248006013742918,-1.0013699689834314,0.5987255391284757
7945,0.5515918999700963,0.6273501320120071,-0.002507801627726873,0.4519536384609784
7946,0.21852051849438353,0.8478582973631449,0.39400190237161375,-0.5718925277011312
7947,-0.8874414429150473,-0.4782547381023197,0.7294942570434501,-0.7301542463804233
7948,-0.4811050358528787,0.430559691023212,0.9856974025496504,-1.0209897027253534
7949,0.2776498740855927,0.15945576187271307,-0.08544285488853079,0.4566280198830116
7950,-0.9113992807699044,0.2158777786999401,1.4001441454270922,-1.3094373602210387
7951,-1.6909755311491308,0.19249816068433692,2.4273456075705666,-2.2276072049354223
7952,0.5575572879575035,0.4752632881827907,-0.4003125111714247,0.13883883586838236
7953,0.4628547885085495,-0.6842276795976284,-1.2362617611996303,1.126478169753285
7954,0.6818166866510758,-0.5130334719085841,-1.4574337102725103,1.1054753827987063
7955,-0.4144370914178401,-0.013641743902996379,0.327122244942449,-0.8714924776156185
7956,-0.6093258456973785,-0.8528741754094404,0.21416467023550528,0.2598911095444032
7957,-0.2166885711829524,0.7510328336729588,0.8684052394433739,-1.056842913682506
7958,0.4022098785726951,-0.006425802296834352,-0.3320482708034453,0.8675684332546406
7959,0.5989808251267789,0.371395304959708,-0.618968830725691,0.15207108055742727
7960,-0.9928310959442782,-0.9750889149646582,0.41825439109031864,-0.4558009693799385
7961,-0.9795227997238757,0.4057827599779308,1.5578786507462636,-1.7334505226559256
7962,1.7835400691754626,0.5862368144843781,-1.8158432833334164,1.7561511603454227
7963,-0.1015018480298484,-0.4524878209633113,-0.2896867613274459,0.21914758746732724
7964,1.524276609492952,0.21252374149761447,-1.7356167026487617,1.8736467170681963
7965,1.2562580160723558,0.6849244847013349,-0.8930778572271005,1.2607763344504759
7966,0.11721120962885123,0.7924766697444438,0.3420902500354629,-0.8918664234750248
7967,1.452883060894754,0.20082703343687114,-1.9086520258766908,1.3413886999060458
7968,-0.4899420894968128,-0.7047450403062838,0.09959934414508848,0.12670799719735665
7969,0.16603156346278244,0.5009112057210643,0.2391588336325906,-0.19458354923902993
7970,0.28133675887096377,0.14774003444475753,-0.4297214300680366,-0.10930028270907015
7971,0.571359094520937,0.006859473744383556,-0.7874626259530648,0.6366853289393068
7972,1.028992419862934,0.5322805475646919,-0.9806963539283814,0.6624811762263334
7973,0.29031678515951626,-0.7535505958579176,-1.0030382978257926,1.0886088033983805
7974,-0.674315382942114,-1.679976013972198,-0.7210362443292552,0.3756675748273873
7975,-0.11242732190912794,0.23171787079423578,0.2692003475583276,-0.48674783875126393
7976,0.8347310226011938,0.8172955380953963,-0.3896330819021232,0.3222906933938513
7977,-0.9491509307805749,-0.47762122626025644,0.783612094973755,-0.8568125081731697
7978,0.12296672293225556,-0.29550879498020294,-0.3310514237425488,0.5694058119424324
7979,-0.3772339109111034,0.4009927809083013,0.7585401170520171,-0.9790031690217593
7980,-1.4135837086702565,-2.5883384366695488,-0.48322309486934506,0.3467911166881702
7981,0.23128562702725683,-0.6300843289779615,-0.9151911735005743,0.7342985236214333
7982,-0.4115387684479873,-1.0744702773681343,-0.46514421330962347,0.3037884307348765
7983,1.6727193578453907,1.8938019138558275,-0.3257669022247061,0.830142124296691
7984,0.6788139027979946,2.1340085418364447,1.1516121471257112,-0.6967574713387717
7985,1.7382194577207293,0.022209567752843405,-2.380399253574516,1.9606449611929768
7986,1.3797635992509374,0.7675284614321453,-1.044326599083929,1.2359016089202897
7987,0.35660796922979965,-0.7919541695465155,-1.069729528033242,1.3007068852331773
7988,1.5550189606835967,-0.18150261701852552,-2.388476025663884,1.7835848012957713
7989,0.7877086683654331,0.17731580292426302,-0.893276848983021,0.8116519916115796
7990,0.33826939027094,0.6241256734206715,-0.052436337882707865,-0.3909621685505964
7991,-0.9207863039413353,-0.28670482229376626,0.9123967150057983,-0.9894055094513776
7992,0.7579178937079182,-0.39352597763631886,-1.2642471846772763,1.4296698760720146
7993,0.35266907660356434,1.6434395638311514,1.1039381094844776,-0.7617176275507344
7994,3.0780672656203594,1.958675709729307,-2.3133245251107373,2.190813532322365
7995,0.9168140214508421,-0.19870752443819786,-1.33940792150289,1.3944724026107977
7996,1.9997751999576368,0.5424776789078113,-2.3137827070738832,1.7563766584224867
7997,-0.16201111551115693,-1.0860468226619615,-0.519181608952752,1.128464240608173
7998,-0.4666106996805271,0.4424945148430567,0.9323844857944248,-1.0920650148278406
7999,-1.3717448080521562,-1.1031162827308145,0.7374341086681753,-0.9379830804470083
8000,0.7905586305955892,1.0841382310935614,-0.1249299334784412,-0.013237262955443783
8001,0.8498520799689764,0.2773327077132411,-0.9762409817944565,0.6458198238768177
8002,0.731947575097414,1.6129567128799909,0.47565231151944365,-0.44066368816279117
8003,-0.648686768320353,-0.0985741272834073,0.9107974432664411,-0.47396633263632465
8004,1.209302788410143,1.5333023251257882,-0.41158277762976636,-0.10706832833424657
8005,-0.595780971762857,0.32440253911733147,1.079057209647902,-1.0097839171991012
8006,0.9428684931889335,0.715433258398425,-0.7567343659299078,0.3072747038533604
8007,-0.895657922534114,-0.04884612847493903,1.2012871406709285,-0.9644947513794085
8008,-2.1405213918493686,-0.9429303969200388,2.0327269151729053,-1.7880027163998111
8009,-0.7787839403242652,0.32517057424310586,1.3926076576557282,-1.1126674431802053
8010,0.9512425777390827,0.9094272508485646,-0.5041818294523104,0.3141458163774665
8011,1.4397080740659285,2.155488310905749,-0.14270397193789397,-0.3120562038245134
8012,0.5802429787818287,0.2632009957242237,-0.5708368935227198,0.43137601749266047
8013,0.8034581882310345,-0.16528779586997713,-1.1366722499376634,1.2661839169172662
8014,-0.18392207788251141,-1.5759929539294029,-1.1269229362231967,1.1614913690596087
8015,-0.16288025709988072,-0.2958759482306178,0.11837688946050061,0.3413323691178195
8016,-0.4226461812495201,-0.0018228589118200957,0.5299092544309454,-0.571613873727264
8017,0.9997633414432795,1.5905351541001884,0.03533405842510346,-0.2059257199624629
8018,-0.22621822074835712,0.06121406759739692,0.3162230620219118,-0.3986840316572335
8019,-1.1080524538541088,-0.903448943041474,0.7768004635788546,-0.4081933349652939
8020,-1.3158383449762292,-0.24720999344665265,1.3056374403244488,-1.8033102953886342
8021,1.4816328099173135,1.3662372401682092,-0.738174885911014,0.6938803341613566
8022,2.155836907012701,1.032961083749008,-1.9950320751202306,1.6917665132148805
8023,0.6053461788092563,1.1322780249088724,-0.036333412812634976,-0.6353453753607354
8024,-0.14448424638411944,1.2948697415341264,1.2930283410991492,-1.3633374487445793
8025,-0.9393795123082043,-1.3266180314796499,0.15467443425877347,0.11946413708763395
8026,-0.3110548637039816,1.0679991635677928,1.337640085492687,-1.332042891363034
8027,-0.19459167437169556,0.0022691696097864754,0.18942793056401924,-0.36692847989784944
8028,-0.4280675924811518,0.8672028641095351,1.406400326104106,-1.1439657851160814
8029,-0.07343576529484562,-0.3344469681272688,-0.15034740142292446,0.2801595444952811
8030,0.7235784334015966,-0.2841980473864736,-1.260272678011247,1.049809357055495
8031,0.6013008914873671,1.3111581287842677,0.42481536833082956,-0.268334503133953
8032,-1.6262950973916377,-0.4671073861703317,1.6797986446101394,-1.7218219106587593
8033,-1.2135039676571613,-1.139797117618335,0.5856129460395335,-0.5515266188677489
8034,0.06248714170914974,0.9096856814027448,0.7441772963764821,-0.6612490826198721
8035,1.2921904392120525,0.8342151695802008,-0.9341767036783699,0.9560702296178321
8036,-0.24107576082411838,1.0583257215229407,1.1199727637895565,-1.4425334379608754
8037,-0.4841944155499106,0.847935782155663,1.4310852239236853,-1.2545198206635781
8038,1.0213418966002945,0.7935005577695903,-0.7240721517042394,0.45684623919813894
8039,0.8596853250669376,1.286221207764657,0.041091856599944826,0.038613638551744614
8040,-0.6917917563595921,-0.35899963371377525,0.7317163611808324,-0.3148895458026724
8041,-0.7265290904297624,0.1821946335340802,1.1043217623884183,-1.089085655061701
8042,-0.1304870537374584,-0.39491063897618545,-0.2401167344883678,0.06389040426264926
8043,-0.42182299170759846,1.3457587027395566,1.8111683315182818,-1.5635892480226863
8044,-1.1609532577961605,-0.39762289584387994,1.100183144125049,-1.2487250656405429
8045,-1.075109534959542,-1.4076705435622965,0.08921752727890582,-0.28544492527124177
8046,-1.4714062296985249,-0.7582406109580395,1.3749304680174357,-1.0026713750841527
8047,-2.0977803187915947,-0.43110962587169116,2.21657059266718,-2.5472906802711157
8048,-1.0403101404838158,-0.9694934492662384,0.525214066593323,-0.45034417833415963
8049,0.3100027588863095,0.651929447545557,0.15821100599506763,-0.18753586673748351
8050,0.651062577432947,0.2723912938848096,-0.620775306381104,0.5742441634523725
8051,2.8505511235738643,0.7924725837536863,-2.815811158808486,3.3081949716120573
8052,-0.9022456993900391,-0.26745614244187177,0.9277698951161654,-0.9425013045669447
8053,-0.6684780392897667,-0.657641368065783,0.2155087769634289,-0.4208406481662739
8054,0.6422600051695865,0.3342853995472183,-0.6493231772174872,0.34288646419327
8055,1.1407824142903944,1.884917273920179,0.06047150416877002,-0.36859927565876854
8056,0.48433924007170437,1.1528212397754027,0.2821360233006892,-0.5556900935806977
8057,-0.23355991751630586,0.06897159576154181,0.4896050753023397,-0.13777250469064475
8058,-0.7408591793669556,-1.2208476628125196,0.08855010972024553,0.45698354067290325
8059,0.701939803992846,0.898261353687364,-0.24917385989262578,-0.10021297318631901
8060,0.4709576632308427,1.7446937542223109,1.0893650126220362,-0.6091604202339768
8061,-1.2992633248987067,-0.6119812928490258,1.1938506538945923,-1.0600779531236373
8062,0.8137848508633169,1.7518494392062283,0.7329662350284358,-0.029653216887814228
8063,-0.9679433245705822,-0.5527259726176121,0.7324672027391957,-0.8327936811728445
8064,0.05770159724905195,-0.2000403557637973,-0.3660907494717946,0.04363688411713869
8065,-0.3189801787202908,-0.6241785125498702,-0.22066104173618725,-0.021778383549022465
8066,-1.8292392655462193,-0.6207196159889395,1.674662561132456,-2.085306186693027
8067,1.7638554281921675,1.5227348445058635,-1.02163248633301,0.8246442122631299
8068,-0.22531270128343955,0.537749164579928,0.7742237221072016,-0.7385943122393919
8069,-1.3992648395123364,-0.13801172955509156,1.728468014503838,-1.6193526587422498
8070,-1.8331102028404875,-1.0143194897136896,1.3165763433780326,-1.7800703867893666
8071,0.7167141908145951,0.2869055792284345,-0.7465452739316157,0.5519857998721855
8072,-0.9253243220725967,-0.9890155330280479,0.41012487214579646,-0.1951673343765054
8073,0.6603495221843686,-0.43578509818482397,-1.3454992087548738,1.0396035135247428
8074,0.2887250610774737,-0.20479259531543564,-0.663252730622248,0.35673020393764937
8075,-0.6042862226691206,0.1795897270303157,1.1985585825670682,-0.4795189672687886
8076,0.16432102431030948,1.5949978271221532,1.1310514923682777,-1.27019150517916
8077,0.7029830829831247,0.5363913637476819,-0.38310115259931204,0.5414228467109259
8078,1.316047741240586,1.5065356252126472,-0.34329865227822387,0.45967498330432327
8079,1.7429348902457626,1.2791750356158034,-1.1990341937226987,1.025248494839182
8080,1.0817230977466281,-0.6910627561464983,-2.195920452288374,1.6622834585240314
8081,0.9732730451080815,1.4790711977110076,0.09641467517039719,0.07640867615052674
8082,-1.6736007948653486,-2.1427247330115673,0.2535136104984531,-0.35942978629262406
8083,0.5862039811289618,0.4272155087632787,-0.5926174902328125,0.018037533929901883
8084,-0.7199083018043251,-0.5179468253886033,0.48537800890272403,-0.46604005479800786
8085,0.21255018578612034,-1.3139255516949797,-1.4315701539577514,1.4082744153790514
8086,-0.8531245480317317,0.02096433668193676,1.3135963724733375,-0.7829388448244285
8087,-1.3648179462826777,-1.2472553077641513,0.8171147101163105,-0.42443278098638515
8088,-0.7739794745698464,-1.1040049713065285,0.1686999117241643,0.1977237553461498
8089,-1.263861292667211,-0.16266642748243137,1.60067731990184,-1.3011935479112064
8090,0.40107251908121433,0.6046461373528966,0.02121292616261908,0.010553184678805895
8091,-1.4195467814618927,0.7086470485456313,2.413973364120043,-2.527753219941445
8092,1.3614777323437106,0.3413072347001022,-1.3926587135129285,1.585619653005894
8093,-0.5471964300595138,0.12300504647595657,0.8779906361164173,-0.7043090761102732
8094,0.5360423402226691,-0.31006595145609567,-1.0690443662176754,0.7792533671499354
8095,0.8615567803408896,1.3888498077049893,0.016289361431886386,-0.24638204144353357
8096,1.4107301095246783,1.095004911490809,-0.8752150138408084,0.8538615938799072
8097,-0.9701642820930985,1.0395090854549596,2.0734643054616457,-2.3212820753196097
8098,-0.4548388041175881,-0.2025455708957753,0.43633362439109613,-0.36689670579388106
8099,0.2223254508228583,1.0558712372295023,0.7360981891264077,-0.45724033008134063
8100,0.6281187935021785,0.4533625004986576,-0.5185011634879326,0.23547916886905454
8101,-0.14414216092820706,0.9810996004358854,1.141908957801218,-0.8707385696301622
8102,-0.1664456229709369,0.03624468480156034,0.2734530052188956,-0.20013927305081336
8103,1.672837015138175,-0.18581725200930468,-2.5100753673612584,2.0006632295660487
8104,-0.4231617736775432,0.6354948044328773,1.0914279455472276,-1.1223809370251305
8105,-1.2299398865682436,-2.5586591063069863,-0.5641488726191628,0.788831982484906
8106,0.07578303832360028,-0.726214799682833,-0.9429977479998876,0.3615549922498446
8107,0.17091674971557175,0.5299763474789279,0.14557132376843618,-0.4124505461012188
8108,-0.2697852042049388,-1.1844925874822032,-0.7351826918543477,0.5999089411364789
8109,-1.0384346413833696,0.131142922469578,1.409881222724171,-1.54170292439193
8110,0.6446993821867592,-0.6230330686455046,-1.383910422070484,1.368233885899356
8111,-0.2009433510593209,0.14914698964470519,0.43616442350896084,-0.3091406630167137
8112,-0.6380380518236146,0.4284969233550171,1.4337058451608784,-0.7866115038802144
8113,-0.1488452315140285,0.648272213020381,0.5084238266096488,-1.2011765211926209
8114,-0.3779176672331956,0.81734581528829,1.2787036183873581,-1.069534974830809
8115,-0.33831018391539536,0.15631330325876835,0.4807388818012441,-0.7388889975619697
8116,-0.8143563359160636,-0.7448396572704373,0.19505700114836105,-0.76777983577315
8117,2.387533980329986,1.6328077291506857,-1.7033614838948605,1.5855749852867003
8118,-0.27991919315950725,-0.8650583000054449,-0.2592279821556054,0.6317286300181377
8119,-1.5432205212703114,-0.7600859102868747,1.2805466138965178,-1.4214673563307807
8120,-0.32032558902640346,0.005605465095062393,0.332166544664678,-0.5726461740417058
8121,-1.4388232127969285,-1.0167648786238173,0.7575517344165726,-1.3508961567048239
8122,1.0986429568550644,0.46783503769634327,-0.8472678272875132,1.302571707677383
8123,-0.4544913035256151,-0.8576252163439407,-0.17574353928150535,0.1369779649386098
8124,0.5877221340303189,0.2725773639834891,-0.4944497154411212,0.5702324292451182
8125,0.1788238537243618,-0.6978148059311298,-0.9274925291773725,0.6886683734494611
8126,-1.2635571396267646,-0.6736977845978488,1.2229641079435618,-0.7319726278094861
8127,0.929418904211577,-0.08613699710345482,-1.4262815238427333,1.014318507783485
8128,2.071841417096825,2.3004693500013076,-0.8364335378546685,0.3735973439634262
8129,-0.25978050028022986,-0.5646608082693944,-0.12746978475234091,0.21049369090206851
8130,1.4886814871155465,0.1905330630370568,-1.7591414869410689,1.7580156430524843
8131,0.6300616079973664,0.32821321592724517,-0.5837975793753998,0.42955379699577206
8132,0.9450572412138214,0.8140992111694466,-0.3826925011871901,0.7366678044760286
8133,0.12443690578211336,-0.5153849230460713,-0.5090853024271023,0.7917260548382925
8134,-0.263711577668391,-0.5392131088992881,-0.14062960318645215,0.11174663988760877
8135,1.8576698348017595,1.0631832269016415,-1.421971015326559,1.5638782437575063
8136,-0.6713287075862558,-1.4924069505876236,-0.41183001210676046,0.4787542237158814
8137,1.0823969015925667,1.005732053781546,-0.5307196458304066,0.5035444995755687
8138,0.19822371076612932,1.2708746111774767,0.9481339194130339,-0.688706183814329
8139,-1.2969686382166379,-0.8769284806437911,0.8700396053173897,-0.9831238016584393
8140,0.6704836484258468,-0.6101665073628186,-1.4039105407313983,1.394042373094515
8141,-0.1159334815208133,0.762263655579657,0.770031808531402,-0.8973404119635797
8142,-0.4727747898446151,-0.7449163010711031,-0.083427631641304,-0.037790134279128376
8143,-0.6386606147254392,0.2562711121584988,1.0862122095306648,-0.98586292596562
8144,0.16476011541997607,-0.18830612247804968,-0.296018785648991,0.5216461528969447
8145,-0.6132998385212086,0.3541718153033389,1.3047633044794944,-0.7461149809601658
8146,-0.6178324402435823,-0.3437139724607104,0.5767814666479149,-0.36076748744239456
8147,1.6405700823563718,0.8232032747847365,-1.209562167793742,1.7422477431595091
8148,-2.2649522675636264,-0.6705094000543583,2.292756742406547,-2.4321714216047736
8149,0.20380202613790802,-0.25833309455804837,-0.5292387529566489,0.41891746852549333
8150,-2.3199939101883285,-1.919088931979715,1.143219543207157,-1.640793002270145
8151,1.1595043387585067,1.7233991704689275,0.02048544985238033,0.017973538111634768
8152,-1.3747900193648614,-1.0525351990368608,0.7755233856351414,-1.0038608503296882
8153,1.2480349261426869,-0.005553396976250549,-1.4878148833349245,1.8501187360214908
8154,0.41723901459356655,-0.0918072900935765,-0.4992344176718943,0.832591995118047
8155,-0.09270355747299432,0.6362406006355371,0.813120755955345,-0.43383021391260673
8156,0.43445703759309157,0.163509580941854,-0.34341953213607035,0.5522633378791257
8157,1.9906891764810393,0.4439488902406778,-2.2266870071916043,2.115580489917671
8158,-0.5256898820754654,-0.9206832381671538,-0.023654889916946305,0.3031107491941575
8159,-0.2540026764364163,-0.6038096446635016,-0.31018953975623387,0.0033508830699293998
8160,-0.1678056103647704,-0.2647060555172798,0.10178798213592025,0.21915738455499068
8161,-0.9226412872439926,-0.23522815990517923,1.0030131848761112,-0.9605179317438997
8162,-1.3991747842681526,1.0956015316922283,2.8061356189444213,-2.6978246403682147
8163,0.7380888665646412,1.12619712307913,0.06550064175155329,0.03355859656795823
8164,0.3078387370653257,-0.2815777136110724,-0.7850261666972712,0.395710586015276
8165,-1.5722775455755684,-1.27502316045098,0.9786961395768223,-0.8139304502941154
8166,-0.4140044050818132,-0.28680998227826887,0.14619624116741448,-0.5292424042649517
8167,-1.0363899934913299,-0.5900304819447105,0.8414965651584465,-0.7950070113259674
8168,-1.253909567222578,-0.4470826227967402,1.1977387943042233,-1.2894379353876395
8169,0.3958202416811403,1.0072232661248495,0.23071878901182413,-0.611125192472921
8170,-1.2622473507055232,-0.7520163424883909,1.067735058161372,-0.8119614761955979
8171,-0.04775249902277084,-0.6541727378753971,-0.43627951885015176,0.6398888601083029
8172,-0.3834399960063139,-0.1155375642572398,0.47095155888519424,-0.26076456440541484
8173,-0.32234411388167755,-0.5534980548280122,-0.1870257806948462,-0.1452092308250917
8174,-0.7985414568314383,-1.2053629901573928,-0.03933907172355609,-0.012269946467943313
8175,0.7427036722627394,0.5046266624681632,-0.5634677590690704,0.44193688172301454
8176,-1.3185536210270847,-0.9748224450866624,0.8802456891953125,-0.8057930581239259
8177,-0.6838460542315503,0.20087452097654443,1.0525057984279527,-1.073041338397357
8178,1.4769121241832734,-0.4210610655269668,-2.2502474239988164,2.3269519510578944
8179,0.7803125198611867,0.005239183099470708,-0.988251007711108,1.0333454898123509
8180,0.1598553590976747,1.3910102625115253,0.9567539952901666,-1.1008824886134656
8181,0.08154203474120121,0.9601785218742555,0.7101437363623018,-0.7751533871548191
8182,-0.08369439381966393,-0.34914605977097346,-0.283819519760804,0.04351006833718428
8183,0.01249579920182969,-0.8913144695190335,-0.8383167576526089,0.7188380497111367
8184,-0.5200077796008379,-0.4019780195362608,0.2984178661852538,-0.36141449713956614
8185,1.3407693945643278,1.1704663828267992,-0.7979008278462582,0.5578639309049233
8186,1.698906179762312,0.7102433051117408,-1.6424623562628757,1.4599148943989437
8187,0.19256154323140565,0.10595760649996676,-0.1937401703862703,0.09061189932449899
8188,-0.24137413861465964,-1.7622170567186848,-1.1420289833429729,1.3793261965231165
8189,1.0210400997462292,1.089967477961171,-0.5687208378283438,0.013658386432433492
8190,1.1894978144288455,0.13112423085673894,-1.5298395875934714,1.2365259664390156
8191,-0.2637020858696944,0.9293542596095627,1.1291282799285405,-1.195702983091152
8192,1.3654013599092427,0.6394281258766629,-1.2163620060045954,1.1904958029396189
8193,1.1724502040869762,0.8982813349752315,-0.7999111417199932,0.6101213055331307
8194,0.1047519389662636,-0.4838343494713306,-0.6153313018449367,0.45768449233837544
8195,0.1505801146314482,0.7934446646375738,0.38918225366448356,-0.6918283483326021
8196,0.08529884051810248,0.33181309283893706,0.10301381319820158,-0.31489761776782804
8197,-0.3119202899918517,0.11126409675035005,0.6742152326085132,-0.1943674766012138
8198,-0.28052832035279646,0.0738288858890365,0.3938180784426379,-0.48641323671753456
8199,-0.3139603474033584,-0.09684512438994534,0.2642624373554655,-0.4221971682098453
8200,1.572002024954596,0.9517337873344871,-1.1499960938454281,1.2917131478441661
8201,0.7645358353458244,0.7993651710827605,-0.11289970592555373,0.6029034848477793
8202,-0.4677901183519987,-0.6130219370714758,0.019113199657176158,-0.15768347076458233
8203,2.0437470784916467,2.015488433097195,-0.8101088362509946,1.0080543779112152
8204,-0.5745948079388689,-0.17066588016450113,0.7235208635006791,-0.36534694293642245
8205,0.5839103294573602,0.8755582406704594,-0.14373944275624811,-0.28129838175334637
8206,0.3638169558898862,-0.21172837369960554,-0.9059201682521016,0.21379630978594608
8207,-0.8062639217444676,1.2166989441976128,2.3016659349778483,-1.7607804656273949
8208,0.6730902679429593,0.4637349797846294,-0.3345066431213641,0.6958140199209621
8209,0.5895533474042237,0.568091478487627,-0.25342259902798786,0.288129618364817
8210,-1.4539578556106179,0.1874897769812617,2.190510285557676,-1.7860316788805997
8211,0.8212049955878559,0.13256937135716357,-0.9657312820849056,0.9116651982532359
8212,0.17122150104043696,-0.393990283531067,-0.45306876471718355,0.7645471374247892
8213,0.7361274594075458,0.9498230399397828,-0.0891556681727099,0.17976528144486884
8214,-2.0221171719903093,-1.5310016308728622,1.2776341290037605,-1.2762812478132095
8215,-0.15722783114130265,-0.3270785122141409,0.05990439017576138,0.3337545565380941
8216,0.6226260829860335,0.7135405068569131,-0.2249775993886213,0.10517720497497833
8217,-1.5343464122650847,-0.17772539271453436,1.8811102970723916,-1.7370158639632958
8218,-0.24902807890682327,-0.7372253032254253,-0.2621150169266495,0.4282541499219714
8219,0.1109155574200943,0.881787452040732,0.5649790634465839,-0.7368841564686279
8220,-0.825338184395911,-1.956192730371235,-0.761705956023622,0.43129130715404235
8221,2.595112034533993,1.673334500665463,-1.8110873100511404,2.039691178641697
8222,0.06416194128990002,-0.18382139074286782,-0.25863312777176234,0.21713862875783374
8223,-1.2900116453831183,-0.4777428386600963,1.1716500996584607,-1.390461238536527
8224,-1.2788807721210411,0.2397503894506157,2.038401485057342,-1.5547560059795242
8225,-1.9400109802391527,-1.1378277776447931,1.3598683716591526,-1.7874872273227929
8226,0.2300447236685817,0.05017205333727881,-0.09145009075808605,0.539847832284882
8227,1.2956310852171973,0.43868248565227136,-1.2226471530463114,1.4149370053355292
8228,-1.004725324204495,-0.1509216709930669,1.3707202789205977,-0.8088827358507262
8229,0.42663963782032766,0.0019463806218501648,-0.526173382364362,0.5921830082482982
8230,-1.078423332136331,-1.3983049782227321,0.19792163239396754,-0.12812974351385165
8231,0.20662585554104188,1.3415880057855423,0.9187168589532021,-0.8813967725355066
8232,-0.6407906856035553,0.06550314153768277,1.079932069118563,-0.5437065476657358
8233,1.439451072375115,1.7680601907484081,-0.36573985284310984,0.22945926074848205
8234,1.355127467330456,1.2223280099313136,-0.4402418083665447,1.1149258373650381
8235,1.1926196586551205,-0.4843021653510654,-2.1571711016603854,1.627612336956232
8236,0.2475651079411196,-0.04395155932605727,-0.304511740133063,0.4539580960254027
8237,-1.3336930817427302,0.2976268235643917,1.934622663646173,-2.0736202625843307
8238,0.20595072280100105,-0.46831718481424983,-0.7598607339774467,0.5269852475375675
8239,-0.5078177772420532,0.0037929869012416607,0.7040093800256438,-0.5824991254666481
8240,0.08601603073023799,0.32423186846668645,0.22109749429840633,-0.08568395542269838
8241,0.6044422431757434,-0.15346999976112607,-1.015587242035454,0.7397941913018314
8242,0.7732949909051907,-0.1806973212652342,-1.2497605819588016,0.9960560435183088
8243,1.1508142273370174,0.6163152699066313,-1.08440115910698,0.7120125369888843
8244,0.8467563801631184,0.7421655042750356,-0.38121689643423234,0.5616262244143598
8245,0.6983124834268759,1.103021971824139,0.18238975855759487,0.15357357777007932
8246,0.010436392129036841,-0.9429804741320106,-0.8489494085202502,0.8175296453815376
8247,1.6075888340023978,2.4291449976069917,0.11189313672419035,0.0762030850374132
8248,-0.4633241717490931,0.4249748250219599,1.0864103740738522,-0.766244260794279
8249,1.3457875454726067,0.024795641072174985,-1.7229137242497514,1.7114775616917484
8250,-0.38713078139007223,0.3658539765229805,0.8191442507160164,-0.8225727132721923
8251,1.2779293866158639,1.5920596237435787,-0.26642900548333154,0.2524189868827206
8252,-0.7509341796682488,0.5846913071011486,1.3235177337644732,-1.761943576320778
8253,0.2171729834784577,0.2693771979964817,-0.09113130279086706,-0.03515451986899818
8254,2.5842049078148865,-0.1355881012743998,-3.449550594342159,3.4798944211942793
8255,-1.281214773787805,-1.4459507036836148,0.5513861901027048,-0.11437901824792265
8256,-1.9435862991424995,-0.26897819985857113,2.3539263387561062,-2.1453904728083883
8257,2.232065434728964,0.38984904427554345,-2.637034968051575,2.385202722294492
8258,1.7148395489369577,0.6905237389554036,-1.6564791881007128,1.5397837849715204
8259,0.3265722599749975,0.09622397888517689,-0.2816333696820416,0.43813704537423775
8260,0.49119101309692176,0.4469398611302058,-0.4028334295625222,-0.03444185181708214
8261,0.5559875977342235,0.2558603324594178,-0.37894148680730133,0.7009590006970777
8262,1.4189091165762473,0.9908252681248872,-0.9998254298107757,0.9149246446938545
8263,-0.3366893567682014,0.6730344404841687,0.8657725655050718,-1.302057974594033
8264,-0.7110205160643398,0.4836226742542205,1.2242013107833025,-1.5503201214414537
8265,0.7492008351526249,-1.0669681312516652,-1.7080389675289538,2.2424049086017397
8266,0.5820524064100441,-0.5447316181942037,-1.4547331183187073,0.8301635712507606
8267,0.7759974335298481,0.18266460624266834,-0.7342671226926384,1.0374046327125546
8268,-1.06777890210852,0.5221990319243487,1.7708629913083285,-1.9544274888882793
8269,0.6713772394335619,-0.2689889263629947,-1.007926179159513,1.2716665464838737
8270,-1.3383211900340184,-1.490128232202061,0.3271721995644468,-0.6073897881474672
8271,-0.9324302210481787,1.5288757312919874,2.693903652641285,-2.2739394734712306
8272,-2.314749898999246,-1.0377206844121203,1.9372496239893109,-2.3503194597183534
8273,0.08733408171942637,-0.4792901921118557,-0.5253660024569334,0.543164833595621
8274,-0.6733062697493857,0.4300598345806281,1.2075223472966885,-1.3155249817936938
8275,-1.305229120160027,-0.8882121854460522,1.0380531982977959,-0.688969074220536
8276,0.02117207447076958,-1.1642863848713298,-1.1501219880783458,0.8591738544156219
8277,-0.3387835056181219,1.1064348990769965,1.5275639539786918,-1.188940223450741
8278,-0.011276900603363999,0.7959675794339923,0.794443679188589,-0.5615497956606504
8279,-2.472006266624887,-1.066842689368153,2.3723239450945455,-2.0745479842378405
8280,0.6866944104883561,0.8465250836180257,-0.13778311306244936,0.16679531022897753
8281,0.9643127888876474,0.8899709518567902,-0.34711993152120374,0.6849775668865774
8282,1.409289076895025,1.1433229632433866,-0.7571265828609072,0.9403282814131514
8283,0.20846520588630518,-0.5900964224871187,-0.7987681099761763,0.7615205232060083
8284,-1.8570028076471676,-1.2282968963440608,1.2812125708290605,-1.41095752329134
8285,-0.47233183498964043,-0.6710537041771457,-0.08534691816892884,-0.2180277565540768
8286,-0.575295569557331,0.13823069002393312,0.7479341649278709,-1.0710024604142079
8287,1.3320524671393064,0.8549897358088918,-1.1655087040335474,0.6402489159084763
8288,-1.9780860601187025,-1.2201323736618799,1.4294393914028818,-1.602030352277517
8289,-1.3419613845015081,-1.4951151554699342,0.39410398523755463,-0.4902682174372644
8290,0.7235760076699739,0.6593092418442491,-0.39223357432331246,0.3019879084215305
8291,-0.08637221776881888,0.3276719345120428,0.49876613842749146,-0.2203817909370093
8292,1.8242465223207298,1.6147206963019676,-0.944826357733325,0.9538317253261552
8293,0.2804265377885838,-0.17233826900255259,-0.3778524396342032,0.7521934260479254
8294,-1.0754662639415422,0.737286758403512,2.066943835541056,-1.979135750527432
8295,-0.5288388580118907,0.09900076437841296,0.9296585817586678,-0.48953515129996633
8296,-1.3905479465798456,-0.7839581721861045,1.0584231042031091,-1.2098941517925013
8297,1.7312624964329766,0.9538888190109894,-1.5057642630010777,1.2281723478200233
8298,0.3266226510154839,-0.6829264967204447,-1.074858361946201,0.9210765294338282
8299,-0.35607881307410905,1.1258834468530912,1.5412949950247992,-1.2735274898861721
8300,-1.9685070916977199,-0.2993459499991356,2.4208765970877297,-2.0429990820003407
8301,-0.3473488425187892,-0.5390095680041145,0.045710960647451185,0.14101719407799518
8302,-1.3359181242076201,-0.1572624888647489,1.5634067616615344,-1.637603956812167
8303,0.4083882761184345,0.14006953748682685,-0.1368371565733002,0.8801682918437863
8304,0.34903123225735055,-0.14780943532649596,-0.5576478301543991,0.6209822503300977
8305,-0.28907236660984337,0.5329481703388215,0.7490359618865626,-0.9993722894593585
8306,-0.8119711797832065,-2.0677557819893093,-0.685831894167943,0.882452925881807
8307,-0.5835320797984281,-0.5588913073649661,0.27110095151254354,-0.2576394307080516
8308,-0.2099443813404511,0.9599657571714874,1.018684045886051,-1.272329363423342
8309,-1.0925579812091282,-0.36009283961404925,1.1392093678194473,-1.0260255500905593
8310,-1.2487539363871878,-0.24333369603327307,1.2644824351154391,-1.6454612847104713
8311,0.4810665016397472,-0.6869669356176333,-1.144563432795514,1.3599849636061885
8312,0.47221119405876466,0.46826210903652876,-0.2279473089543628,0.15474859547837458
8313,-0.38107440886543853,1.0689409785251387,1.490353818660913,-1.3152011397086174
8314,-0.4607828966843302,0.05616461421057862,0.8073017158032001,-0.3586309546285538
8315,-0.6668046680340237,-0.9659924494700015,-0.08819823343385969,-0.20578430767464825
8316,0.6561159625563747,2.0038112542439763,1.03679618799832,-0.6659447981203355
8317,-2.1332915776572308,-1.689280435928135,1.2853448312898301,-1.2777546172591316
8318,-2.106569752947851,-0.885162817553456,2.100458067599983,-1.686682326818156
8319,-0.8128639071764114,0.35933163982873356,1.3934758749399336,-1.3154948868062861
8320,0.394948297157982,0.6972269277815668,0.09644765480122151,-0.10225765972984881
8321,0.7250399748671603,0.8570857604404852,-0.23551461412116792,0.10593866024259645
8322,0.5774871886070233,1.731619400779466,0.5655766935587865,-1.1208590777461431
8323,0.6082012867463349,0.10666746600744216,-0.5011527728970855,1.0324180202537006
8324,-0.38985661859500986,-1.2457665083860787,-0.37633413998041454,0.9518008114352045
8325,0.20944487035858564,-0.9782750538153157,-1.1377022596086697,1.1047906116207002
8326,-1.0169988103199699,-0.10325779896974228,1.4662145456158937,-0.7994239666825158
8327,1.5512966269824602,0.3405812094744961,-1.7994928596615574,1.5481877629151664
8328,0.9500807697735418,0.9968920343092821,-0.49155445489423427,0.12097618741719614
8329,-1.0675756148020106,-1.0051911945423049,0.4949540299370629,-0.5149670131791024
8330,-0.8112242869673878,-1.4671973508378173,-0.13340562278925758,0.4089591277308121
8331,-1.0674075452587484,-0.3870592810389431,1.0586801584316528,-1.013047248579412
8332,-0.7023373238243006,-1.088884760499218,0.1623192143686972,0.40605617104406044
8333,-0.8244960533844792,-1.7707881569260642,-0.6563816918516265,0.17223099368814732
8334,0.2529866051670774,0.3068077284945868,-0.19730364803407263,-0.18486629324393708
8335,0.31085042634937293,0.006754635966103148,-0.26205299558609707,0.6326152637462771
8336,-1.46024441535482,0.7125148010889448,2.6039765033254207,-2.347365859764704
8337,-0.31891926978792073,-0.10789441124481669,0.3877613976236653,-0.19534305801389287
8338,0.9848943521018293,-1.1926043533490152,-2.353798179053481,2.249190586840792
8339,-1.060154084787306,-0.010881037726610726,1.6288348576449811,-0.889951426476413
8340,0.8619225649846657,-0.09422627781749725,-1.0443289299445797,1.4664441338488143
8341,-1.5799835969259293,-0.8828547275368642,1.2162072793188634,-1.3698262651870883
8342,1.2235108902011238,2.975836849201795,1.050735487473193,-0.9611347793179648
8343,-0.9584365906913949,-0.8690340138683663,0.3483215573936805,-0.7124292147574511
8344,1.0017556336015137,0.8086925839331611,-0.3651507779738221,0.983371555026095
8345,1.2515178267965263,0.5939591889618144,-1.1524994027523174,1.0058837590557856
8346,0.45792096892844225,0.13910609119908127,-0.5503069928238822,0.3300869791552419
8347,1.461324045334513,1.305826373609722,-0.7032318748432417,0.8288663533838619
8348,0.7836051074961111,0.3718577351053513,-0.6591595866265031,0.7400671420334003
8349,0.8660400447978781,1.2190101500927437,-0.2734633929048508,-0.331272526357869
8350,-1.1142601662011289,-0.867971694064048,0.5919845740520178,-0.8421613035799166
8351,-1.2050057966695267,-1.0152991557616875,0.8769838085090296,-0.3078384051287556
8352,2.2435748643750064,1.8188298901217335,-1.5982491623981523,0.8069922383835666
8353,-1.5891270395401342,-1.077230307617296,0.9696016432996638,-1.3680337540878258
8354,-0.23794235211241943,-0.21130446712617798,0.01961038692494677,-0.3055695403435423
8355,-0.09674843426353492,0.1341830904017107,0.1383021605188394,-0.42601903693047105
8356,-1.1395015016589325,-0.08700117402242465,1.388242994067222,-1.4142020917853546
8357,0.27846870244719724,-1.5781881807751317,-1.7155077344560472,1.781375489448657
8358,1.2407315474108684,1.3234657407449986,-0.46807342310018846,0.41253793116449694
8359,-1.5572698218749506,-1.6270875698670322,0.6457397860111244,-0.49720787612515965
8360,-0.8815606073498008,-0.10643080504944527,1.10627542173054,-0.9426156572070487
8361,-0.16990500352087695,-0.4439514629803026,-0.061550665816244556,0.3564890809345693
8362,1.0066861010159465,0.5595174084000918,-0.6375123204930386,1.122419487335596
8363,-0.436951002341993,0.9412459458727087,1.2601479557925475,-1.612627816029666
8364,0.2917904648785403,2.2365598652389194,1.5013722810705306,-1.7110031900594385
8365,0.47007410094647484,-0.5408349965370434,-1.1604758955156134,0.939592372857216
8366,-0.9777987361541949,-0.045842991210825856,1.0785978124874647,-1.48185950347809
8367,-1.1675532887936961,-0.12644888845697705,1.3840868578093057,-1.4265218078181425
8368,1.2055703022253237,0.36202072716017303,-1.4940042892345984,0.7994159025671189
8369,0.9122090844369971,1.0787603556855945,-0.2677303567737717,0.1827051652656263
8370,1.3858343467817964,-0.0018702239599824096,-1.838374978093055,1.715352803058477
8371,-0.7913294549599682,-1.7202630975906203,-0.5795875445792932,0.30423099038878215
8372,1.3846095031772383,0.7113550615088229,-1.3666324554971188,0.8202826204057033
8373,-2.3889695675169644,-0.9495002940565548,2.3193412039457564,-2.1546460240946956
8374,-0.5887715372406347,-0.192712465657919,0.3414804491583073,-1.0368029952111109
8375,1.1505982302857582,0.8710233682926076,-0.6152862043682065,0.923584687334795
8376,-0.6039946085516281,0.9505802031316101,1.73358137315528,-1.3970697364107618
8377,1.850403717015642,1.6115790735444118,-1.0971308802101734,0.7862206399442895
8378,0.18808400943346915,-0.7588963927037327,-0.9130602646023455,0.8947947500569575
8379,0.4577908045312222,1.3420399928699398,0.5747661960272468,-0.5914202876982324
8380,1.3750045129102575,-0.5760232662533646,-2.5429586578774575,1.8205596792144068
8381,-1.6719772466565757,-0.43531528386373924,1.8253789483806246,-1.7050879385609228
8382,1.671395795894296,0.45670937892680796,-1.9715517305000967,1.393433173445862
8383,0.3706741289068726,0.9929362534260099,0.35336433544011514,-0.4501233924294179
8384,0.49734640647889067,-0.24661401483240425,-0.9979924072545453,0.6129893529513739
8385,0.6062224353104995,0.6964724020875371,-0.1073175053751903,0.29535550044906445
8386,0.615585412278475,0.3361454854506184,-0.47664031028428855,0.5476973659344186
8387,-3.2928128902897273,-0.9961073159024854,3.677437287863395,-2.877154097307118
8388,-0.3861382379988093,-1.7198958105191862,-0.8178543236339034,1.3315059143832875
8389,1.9317648420478089,1.6978426113211529,-1.1487231530807196,0.7776651020850839
8390,1.1843472688190981,0.4042433064753596,-1.0668552209237432,1.3751644551364446
8391,0.19202745440970012,-0.03198385894505534,-0.4553909403846425,-0.039693614774542696
8392,0.520690474301956,1.0856364618226466,0.3256697701365567,-0.1866269418791068
8393,-0.9169955915283767,-0.8217470553253922,0.4799649459416622,-0.44625559420032407
8394,-0.08370023955248966,0.7574717208955309,0.718754219239631,-0.8610012380783866
8395,0.3019619125765909,0.9260244724752531,0.44033819499461674,-0.3806743306003782
8396,-1.3456852088565496,-0.9422324347968155,0.8919929893233447,-0.9607911905334461
8397,0.39738128440753356,0.698770974595108,-0.04601266474553115,-0.34863284408820044
8398,-0.3372140399948294,0.39707857570778415,0.6270786677675269,-1.058416079866419
8399,-0.764906581937381,-0.861492409816145,0.07808374990792837,-0.5155696384200621
8400,2.71544949340928,1.1961904326795383,-2.587617485897695,2.2525274420741193
8401,1.2306169348959948,0.64830074308525,-1.1988755224361076,0.7180660516639951
8402,-0.9485392275246765,-0.009539007879957156,1.2979392565633838,-1.0779759189021498
8403,-0.08970331520545052,-1.2944349950642287,-1.029302133020462,0.9903720024497839
8404,-1.9829872243224822,-0.7251831040568121,1.8221640367516085,-2.122350133292037
8405,-1.2019515274810249,-1.3107364212520147,0.3056727542593954,-0.5911762918644624
8406,-0.7734878595082781,-0.9294391109227813,0.29005386588229304,-0.008124575711424298
8407,1.5370723536292121,0.638770755202083,-1.3367858393420247,1.5933344050725307
8408,2.4256878137950193,1.2068131536626052,-1.9970037409366228,2.2330038402203543
8409,-1.9704669389404121,-1.8486391053837816,0.7193616393592857,-1.3092566646267536
8410,1.58319589681005,0.4146709032526908,-1.476869241645252,2.052447661839217
8411,0.6598677494556079,0.3711414444687657,-0.5613991045508518,0.47192209549823344
8412,-1.4516548020227473,-0.6575393940724592,1.2665303730458761,-1.366582424626236
8413,1.6894677073261752,0.834893384835917,-1.4932082685799586,1.3883762497354895
8414,0.6112520430297023,1.6581333557878797,0.6569964349755041,-0.66133426745662
8415,0.7728915588688634,0.8105010368015797,-0.5907720734727554,-0.2372379062106146
8416,-1.3489333689824963,0.12087803837192958,1.8269055786629582,-1.8911646517739584
8417,1.6694044896445328,1.7962466831751303,-0.5708529067387148,0.6215569685548017
8418,-0.19212918141817584,-1.2751549615197348,-0.9612942310130864,0.6976154253027504
8419,-0.4273866365083607,-1.3481044314906143,-0.5622045430758245,0.7369263365206292
8420,-0.6155317310204426,-1.7084129745348817,-0.6435052879248212,0.7913010604466533
8421,-1.4633943625299184,-1.2637998785773357,0.847047992935874,-0.684058931581581
8422,0.3688658961578247,0.5059427270304659,-0.03645799794973042,0.03211196033401389
8423,-0.13816324698697668,-1.1578465756944467,-0.9613630998473587,0.6070292099699529
8424,0.6426815715491248,2.4426748313893825,1.2235600913169415,-1.4446571671237636
8425,-0.10222254186328848,0.6117285277211738,0.7415991200293712,-0.5348303376481193
8426,-1.9120102233674054,-0.7676469252728553,1.9014832740181888,-1.6260853032216989
8427,0.6589152212364234,1.3187648693425715,0.31821407285871667,-0.2688193777565467
8428,0.8830559414612782,0.6552168802321786,-0.6863008053218176,0.3631830041656028
8429,-1.743900042697995,-1.647551252266307,0.7184071072434377,-0.9867581950179295
8430,-0.7051897203669757,-0.36641817944706767,0.7481610094274055,-0.3158517388737334
8431,-0.791620341924704,-0.8958565747388102,0.13127079168589117,-0.4342160907520425
8432,-2.2417723123483944,-0.7630816605883526,2.3574078701334065,-2.011607115047427
8433,1.9990751987282005,0.2613451917054366,-2.4848911459951477,2.1311384994589093
8434,-0.44960259365286803,-0.9251498544644904,-0.28153688152114237,0.13092733863564343
8435,-0.0664511890035793,1.6956146040519124,1.6116011545569042,-1.4904220267365154
8436,-0.5789669479244421,-0.8590331083238791,0.3039059277699168,0.5416317195537808
8437,-0.5784393228358804,-0.9429605347866085,0.045220134425818403,0.2898674843212883
8438,-1.6133591902696667,-0.0668504882500082,2.1654534779119334,-1.7856633061536824
8439,0.013360796260180111,0.37732444186933833,0.19080869373720788,-0.5271204076372447
8440,-1.0381359104980397,-0.5832488497541299,0.7040363908859787,-1.0601526236237349
8441,0.06899331775299372,-0.820300708864104,-0.6330243302239867,1.1114585022399615
8442,-0.08262647935021683,-0.40535290735577584,-0.30103350158189135,0.15273986679122403
8443,0.45796718014125004,-1.4278367981134594,-1.8757793300739836,1.7770911643882352
8444,0.5363902953949866,0.9170014997959548,-0.07672921600411998,-0.4330709909668298
8445,-0.7401276660379426,-0.75344643269291,0.4128302246937014,-0.09740684890422707
8446,-0.18175739513856332,0.7598653430506163,0.8645420419897468,-0.9601190369159746
8447,1.082941413470324,1.292653792371484,-0.35078687393744634,0.1298101743428852
8448,-0.3875859324675396,-2.4122406371039204,-1.6287366299889934,1.5682346251650727
8449,0.05614269987165623,0.0496326054336324,-0.053966074923359524,-0.01440622379668097
8450,-0.2597262829675198,0.062182489149812885,0.3996343613439526,-0.37365038905705494
8451,1.3533223655072628,1.4481074956222924,-0.5465293709023864,0.3755183934666631
8452,0.9282945179699545,-1.5839404128172183,-2.8232041695459578,2.164053018562724
8453,-0.3511398632936361,0.6017400683660322,0.8804082152866518,-1.1556653215037451
8454,-1.1623816081482006,-0.5417968228598586,1.136192550352852,-0.8420090160399832
8455,-0.00039916225100330673,0.609445967285726,0.45190988533968124,-0.6764022696882394
8456,-1.0956390585702347,-1.0531759243345011,0.3632816636506953,-0.7316821541530757
8457,-2.329781911149465,-1.0914703979005198,2.1523709648558493,-1.8946722440544235
8458,-0.3039697347897079,0.8997638960397714,1.190866773318084,-1.159248872675395
8459,-0.10934190671421301,-1.9627810063812103,-1.2301750230721593,2.1803341683516564
8460,-0.9265986212586805,0.3428374317595518,1.4160864535983446,-1.6423522712067065
8461,2.654587121340197,0.966727950741667,-2.6576337322446473,2.4657463116870093
8462,0.4922109973815144,-0.6113200068893497,-1.0443924821385304,1.3938121610775422
8463,1.0348382606029771,1.8488943216239135,0.13142427928249745,-0.5351386551959227
8464,-1.2387695431115022,-0.9897294518510817,0.8010662193985515,-0.6242539285599149
8465,-1.2384662806363296,-1.3816994245920824,0.4144074284122451,-0.35844356839921754
8466,-0.38638852397882,-0.7603854927933413,-0.09345090075596907,0.29072205421125247
8467,2.143001654892437,1.4115282684099872,-1.355469456939099,1.859731649937444
8468,0.13245483476977638,1.9429060332839856,1.6229572761265119,-1.356707049623976
8469,-0.1139410499832869,-0.018063242686161666,0.14468801904276518,-0.10842310920987956
8470,-2.377237698437342,-2.269966048346318,1.1417705783279293,-1.000354912424549
8471,-1.430640705618814,-1.14794190759717,0.9013725363441776,-0.7510076016583315
8472,-1.0378023443631124,-0.7402512159156491,0.992158781888469,-0.17134397562720233
8473,-0.7825686206923694,-0.656776178961591,0.45698723676748354,-0.4047575864346124
8474,0.34180800736135075,0.15888268333482025,-0.3469914203588022,0.22592373470912072
8475,1.4973331003972186,-0.14367493033347464,-2.1848919190669442,1.845161814677238
8476,0.45646847828211407,0.6124147842538988,0.0002764270423100619,0.15288517000949173
8477,-0.7645972807039024,-1.1663162691828268,-0.18049990873511526,-0.23429947891930974
8478,1.0280303811707134,0.7255635452166789,-0.784725610021692,0.5378663921450766
8479,-0.04659177193535514,1.6398647608716095,1.3806253566129698,-1.692257858947836
8480,-0.2142290223648389,-0.5839660535671946,-0.39035041277383087,-0.04382598657813232
8481,-1.3594636759506271,-0.43924342625062296,1.3421779770924158,-1.430891608921497
8482,-0.6284155248558668,-0.8682500582022662,0.25055993800891213,0.2930033483163852
8483,-0.5301665629986927,-0.8268098552333114,-0.029960354803669938,0.04920572516171364
8484,-1.495539615606182,-0.4291648798916132,1.4281259319386013,-1.7900649904803057
8485,-1.8127179688534387,-0.8690382272814702,1.5866941459610504,-1.5815659024139643
8486,0.7674556904644052,-0.19075070416114479,-1.5241404831125465,0.5153786219532214
8487,-0.4725673608229292,-0.44847954096322823,0.4101788083034423,0.1176993516041899
8488,-0.45137795300249206,-0.4534961951039935,0.23002447972681841,-0.11227709263198773
8489,0.5988194606650071,0.04412607837478736,-0.7080248117358011,0.7849794176978907
8490,-0.48079234564265266,-0.9792411598559154,-0.2980421911689874,0.12097747356196975
8491,0.6230605344128894,0.5928003469685572,-0.24268266321917834,0.3671736427631276
8492,1.0758498588401018,0.3792384585846573,-1.023749047522571,1.1237503675192166
8493,1.4243409349950407,1.3963639222714843,-0.6122053978048986,0.638534116771786
8494,0.31083353904733807,1.3085559962012971,0.7531843440169036,-0.7211115091582118
8495,1.0083354032931164,-0.6473981699059292,-1.8465995694676662,1.9107502773864913
8496,1.8877336342499424,1.5271331640050236,-1.009959441806554,1.277471541496195
8497,-1.2248471506011893,-1.064670009722147,0.7259341194705128,-0.5259986878889464
8498,-0.21897496464330712,-1.6888232989758112,-1.1622223748820641,1.2464724058125394
8499,-0.35250136468696797,-0.724805306119969,-0.003738016141565878,0.4841937871111345
8500,-1.356101307187873,0.6088826168010417,2.185577911535662,-2.462889761817065
8501,0.06852397548654113,-0.15002866801518483,-0.3613830501085544,-0.03018464254347786
8502,-1.0040752758345095,-2.2031005161327197,-0.5515443487075483,0.7595765117755997
8503,0.706372840444324,2.1193554938303403,0.8270325727381194,-1.1354936452885473
8504,-0.36254170571414746,-1.6014804080208307,-0.8048874942576185,1.1526753017281144
8505,0.3282434288952536,1.688715947350353,1.0161172779216623,-1.1133576199144124
8506,0.5508421120966425,-1.0585268656399298,-1.5258278339650966,1.8343665021571545
8507,-1.6962276436970207,-0.6564832987353777,1.7087265959568334,-1.463300898155169
8508,1.8841583543849825,1.0807688755072298,-1.6531301076070144,1.2082560964060944
8509,0.839964977723022,0.43867867867082155,-0.768143313486658,0.5878464874985431
8510,1.8261108088513653,0.6790519306979634,-1.7945491140063234,1.7216887458934196
8511,-0.5368501521529172,-0.12003427675364634,0.42533714957638497,-0.878812095313203
8512,-1.3018777378066426,-1.735130538060278,0.25340541673561223,-0.015384377999226349
8513,0.30377664775576285,1.3371917436986778,0.6946650999850473,-0.9187624690976104
8514,1.248900957680409,1.1401078037133112,-0.7524493784725131,0.38296854944513725
8515,1.0618151547379224,0.8446721720908128,-0.4526016999033913,0.9568729211073852
8516,-0.9213917711494675,-0.39617105753126386,0.7709918889852457,-0.9766056538938895
8517,-0.9362413466666267,-0.3804060982646682,1.0118386733972315,-0.6428502763911648
8518,-1.6358218308646861,0.9230314694139052,2.875415225931783,-3.00470551103234
8519,0.13500904975627986,0.6221230884809963,0.47927209272137744,-0.17467514711026086
8520,0.17073566361574194,0.24556222615017786,-0.10972879241246786,-0.17644549171439036
8521,-0.7199075255706874,-0.18261334557587114,0.786843483055852,-0.7442495130451218
8522,-0.37029909379678017,0.022437688197130982,0.49260294614836714,-0.5089032824010599
8523,0.04229289000991216,0.1309268710384022,0.04935113375795575,-0.07802397836124597
8524,0.90635814184115,1.6134888246218437,0.18304168957511063,-0.33469416468146107
8525,0.37161742600342407,-1.7884401263504695,-2.00964746069114,2.1033460219886786
8526,-0.20032731338711104,0.7508507163838858,1.0141431441799396,-0.740786740204047
8527,0.5140782002032133,-0.9984106603014634,-1.5424660139748751,1.5283559583609707
8528,0.8082598530787921,0.8680046804687452,-0.4278446330097759,0.03773951022069893
8529,2.1959028355534858,2.283383299547149,-0.9088223410421027,0.7306704408277735
8530,-0.4231255312223074,-1.1951782761523426,-0.4343136271615592,0.6083634753966054
8531,-1.9480593204358363,-0.9940720948068745,1.5336269247804695,-1.8569775027356386
8532,-0.28067382999654644,0.6653576478959169,0.7493931562154683,-1.2885885553237586
8533,-0.045797993017934996,-0.3762621618553925,-0.263612025635086,0.28014592139249883
8534,0.2606083683839279,1.333412814736237,0.8598605282221436,-0.7725031370827163
8535,0.7079351751488322,0.863277880814796,-0.19476273282567114,0.10172979368809272
8536,-0.0971435226887037,-0.5814940712974234,-0.21701969968342183,0.6745843071427967
8537,-1.5638746647365667,-1.9183749360229392,0.38155207807146374,-0.28324364541981945
8538,-2.175331795822442,-0.737629324890869,2.2931879703640434,-1.94887609902893
8539,1.497108780139111,1.3023649020580186,-0.7704985914462767,0.8464781691784088
8540,0.44465148433101287,-0.15747674148328306,-0.6321715946297323,0.8546910254336456
8541,-1.3202355814189477,-1.0388261048442522,0.5835332575567447,-1.1806781902585122
8542,0.2598932695745159,0.7225778282634012,0.3826004572697053,-0.14145416468587432
8543,0.8124167985113377,-0.09308078040379038,-1.0466904724869328,1.2825300277190324
8544,0.9928581936815146,0.510780431954546,-0.9347787680232227,0.6662550620915069
8545,-2.559534490890974,-1.0049096869541752,2.6118233624303184,-2.114523387937033
8546,0.9053493802421442,0.9104358494858531,-0.5946574101522767,-0.011982701173994288
8547,0.22891763096041703,-0.3774079550631056,-0.4228542951396347,0.9840559981177102
8548,-0.1414332210274168,-0.7244550243670214,-0.3233764171848731,0.6739662887056096
8549,1.7014029355299942,1.884922600775289,-0.6419498033391023,0.3962928175104735
8550,0.13433556276076858,-0.014696897770992513,-0.28848873327626123,0.006765518763873393
8551,2.1673072691552515,2.268735160996139,-0.8289122368505157,0.804814975689386
8552,0.5341841984242566,0.139803787046032,-0.550720152020558,0.600309418154541
8553,0.2551186841638334,0.18238242781686317,-0.14232511140764287,0.2203372295296289
8554,-0.2818804495803204,-0.7609050586359724,-0.5693339298834713,-0.17401327719243276
8555,1.5519475591176135,0.5769452464456312,-1.5885084589044873,1.351753943259343
8556,0.8276842625824831,1.5796310032994585,0.3853480013065489,-0.17722701208034883
8557,0.2271274649367081,0.40077456684381674,-0.10338042136284645,-0.33860461740603454
8558,-0.5927489666107346,-1.4694538103869368,-0.6656850735289985,0.2563462102160188
8559,-0.48888300692633907,-0.39291668386022793,0.28444638820093127,-0.2966850949737599
8560,0.4169197349060071,1.072686315190375,0.6301777878684279,0.010926819281117627
8561,-0.463434023852575,-0.9672069295666734,-0.24592500956106955,0.2459110391988339
8562,-1.3266331937211362,-1.3467063643092363,0.4338961539531769,-0.7237866822768723
8563,0.8285559117658287,0.9642607616698877,-0.24957024292477184,0.19229407370814394
8564,-0.13987149751886088,0.7659659211179493,0.7350845012485197,-1.0535189166413677
8565,-0.27076517650794063,-1.2670461646098101,-0.7787213275122322,0.7190206649694905
8566,0.7656294672185099,0.9286458564501181,-0.20682856162474977,0.1287820570261694
8567,0.3672372105225529,0.2354217565123578,-0.175214905371777,0.4349966195393505
8568,-1.1016627954369147,-1.841349510370147,-0.14668363517686278,0.2510959880691737
8569,-0.6049158176848205,-0.8784723113455819,0.025778533352167367,0.005125951249037255
8570,-0.8771797280010831,-0.9585702124459288,0.4168921050691055,-0.08466246981105892
8571,0.12236199113871402,0.4914457380052125,0.12605335280063631,-0.5273856961579136
8572,-0.9416632800949453,-0.9124216581868483,0.3525434103036157,-0.540202415884695
8573,0.020904171289458397,-0.02682059362752761,0.0506525969654767,0.22889007907209133
8574,-0.14975217962073542,-0.08941450701380534,-0.06429412548198801,-0.4327853283296079
8575,0.8548500968279806,1.2281850012673479,0.08255400716954044,0.23468175174988481
8576,-1.0985007201131516,-0.07341823664747482,1.36579064072848,-1.340052435785554
8577,-1.0756284079962815,-0.554413720693345,0.7425645119819816,-1.1958700404428237
8578,1.4482436370035352,0.35949646411726155,-1.4679327346332263,1.7190560309253675
8579,-0.9032320742353032,-2.419561322857011,-0.9281156704517132,0.9786194446913228
8580,-0.01805114873689967,-0.28108712234503846,-0.27856461672630267,0.12303769824974282
8581,-0.9935283911400665,-0.07815633808669052,1.388448025074379,-0.9133614660605615
8582,0.3531862821675945,-0.1546161523373991,-0.46264023076937505,0.819901783067881
8583,0.04688559671109555,0.4051050310507651,0.22728766346553717,-0.4100226597315295
8584,1.1808605017200635,1.7218836011152212,0.035132384051493666,0.12382349507753584
8585,-0.5451211315556754,0.3011242668947429,0.8369774022290188,-1.1995445759287606
8586,1.3055286864905065,0.7310807758752185,-1.1025841754012686,0.9557810435148032
8587,0.8729464472501802,1.1119623333573803,-0.017554185917706227,0.4035213258787426
8588,0.5139512063487496,1.9859905927869312,1.13000205487396,-0.9666822250512435
8589,-1.0196754085111819,-1.9740549666679055,-0.4415526786421159,0.3445441909090065
8590,2.3270782208817904,2.6816120792536142,-0.8841594504678354,0.28109942324595216
8591,1.8434374509120373,1.7876870356985808,-0.975615096403521,0.5502709381801917
8592,-1.1828990258296983,-0.6998192716538967,1.0571622396365985,-0.673045191000461
8593,0.5991600819723064,0.36737835116283324,-0.5724681586320343,0.24445710879332078
8594,-0.3959140913017983,-0.04217565367308475,0.6231164518927294,-0.2141194792302956
8595,-2.3262152398226266,-0.7970291097308654,2.309879889366644,-2.3153304150733356
8596,-0.09709926567940125,-0.5003961617075369,-0.43655193397069186,0.09150760532601301
8597,2.1605041828951093,0.2858304782497629,-2.6018679881620814,2.4427051310342485
8598,1.1540432161363858,0.20635904709820638,-1.3508200130593417,1.2438722832604565
8599,-0.1272049521401815,-0.3657850382569908,-0.10656417017872628,0.24088996543408395
8600,-0.8064136502660649,-0.4021659416677886,0.6286021082540038,-0.8023014327440665
8601,1.4683271641506674,1.3851751076803014,-0.6427474883426514,0.768926642666925
8602,-0.7780597527518657,-0.25727550969644797,0.9388142217915023,-0.5036518477819103
8603,1.1217061570419784,-0.22789368893469775,-1.5497376939682963,1.8263726030285674
8604,0.6176574288221693,0.07145795491290766,-0.9500679838273016,0.35925943637142393
8605,-0.47020909290206137,-0.6349214831809825,-0.16863931228837417,-0.4446790074183113
8606,0.7716334785932343,-0.5851993527239363,-1.3498561510111917,1.7907008753033549
8607,0.34258812777523995,0.885740986394855,0.317708314958995,-0.35447825495669383
8608,-0.10249677026019043,-0.714087404198859,-0.5297078088247821,0.42408545900741296
8609,0.8064213084302382,0.41400470945011963,-0.5668438933732011,0.8826891558931607
8610,-1.0578200410119927,0.008125953215686982,1.341412143269107,-1.4346241831543696
8611,0.07607764810300238,0.4149567234475283,0.7294240888224973,0.5564579650626696
8612,-0.06357323021695915,-0.9539054622809716,-0.6294977728065544,0.9665203877542291
8613,0.6960601415599895,-0.24112237660101737,-1.0413430051278192,1.2336301734074564
8614,0.6521855828365406,0.8325658005593617,-0.16444097797798865,0.03011803350272451
8615,0.1859119685795192,0.6431656859505245,0.4086298498406335,-0.1681681471312855
8616,-1.0910162961815124,-1.620602875823972,0.04606970287915154,0.09595885888092995
8617,-1.242049684509626,-0.21283890574048273,1.3721183304415592,-1.5052600988373102
8618,2.926468102824513,1.3377838127610944,-2.8772170388461595,2.153909699888012
8619,-0.011958108570084117,-0.18173839791255564,-0.16247445222486565,0.1096344922493701
8620,-0.7472482046088408,0.2832433982273201,1.3946396979344402,-0.8950573643261133
8621,0.005296205253007078,-0.3075142867959504,-0.13799005938812986,0.5183609921343979
8622,-1.0533804941255205,-1.0750218073172322,0.33904295694850617,-0.5705998620761468
8623,1.7208315702071122,1.0744467694282631,-1.1563561835815341,1.5161033887503637
8624,-0.5447227868194513,1.039318586930179,1.8789579534877499,-1.143059432934371
8625,-0.16958647274200966,0.1892814201532352,0.3734310729621165,-0.40467758081313565
8626,0.5207981353358433,1.308334537381102,0.5922651831430797,-0.2538744063920888
8627,-0.2870062421151046,-0.10370196038012537,0.3536288167995653,-0.1516039183774195
8628,-1.6890703571774315,-0.9328848892283887,1.3127477153656697,-1.468617721404863
8629,-1.171611528480558,-2.153896084043548,-0.252571197733646,0.5692557522503252
8630,0.7561470062464067,-0.5428342729011948,-1.486665181120429,1.391620937013172
8631,0.3719873130361985,0.9213750668812803,0.31239053656047017,-0.3448436553939574
8632,0.06928731958501455,2.0471587630020114,1.734644769177211,-1.637327570502227
8633,0.6801162349770824,0.1849712846805607,-0.666952670187033,0.8078251266092619
8634,0.36038950243172485,1.2227587971812972,0.5827927715095786,-0.6373075552624873
8635,-0.8658755152198945,-0.7228242737789139,0.5558291181039995,-0.36863145134904196
8636,0.2935765835457105,0.9164571608278373,0.17917659330357733,-0.84830677986869
8637,-0.15105546196376018,-0.12668919888003954,0.09538784203282266,-0.06567031973080366
8638,-0.5016091602503367,-0.6613723850535981,0.041467566980039186,-0.12234141521202122
8639,1.5545987894384345,1.5063290522886978,-0.5868354712373383,0.88330871217931
8640,1.5505710234057009,-0.23504101397712215,-2.3026138428141856,2.0485069094002353
8641,-1.3139976525895087,-1.7201202530237039,0.2211170927240402,-0.15194011205206154
8642,-0.1626081810514465,-1.4006507192183795,-1.0539637285405417,0.9428231999123091
8643,-2.0447538799549942,-1.0509570055886492,1.8830940458311567,-1.4486691846547068
8644,0.3315838846364712,0.46854727454458794,-0.042189988665123,-0.02094336926178445
8645,-0.8519227326245067,0.9460548361813864,1.9818879939519967,-1.8343793668697668
8646,-0.8836118936032916,-1.1825410306595137,0.0900236825035621,-0.1432898307634786
8647,0.5588959601352826,-1.0768971285416549,-1.5995565599441535,1.77745719918644
8648,-0.2090719222061747,-0.23716546069411346,0.21944321946877343,0.21268019809082914
8649,1.2481486683979184,1.8662268111325075,0.10669081752285557,0.14192581926290598
8650,-1.0459567612505158,-2.6487413313792048,-1.0407755566986185,0.8232662961645464
8651,-0.3563816389657253,0.3265539752853509,0.42651975357035277,-1.310414495485455
8652,-0.63924693904409,0.11724109504200479,0.9824774855899934,-0.8351139575791621
8653,-0.593244510769371,-0.8720394541759532,-0.018956433601068842,-0.04761601666608757
8654,-1.4053229917247019,-0.3514465271253384,1.5238921462729036,-1.4863345692631826
8655,1.2019242345315124,0.2447229855082947,-1.320481236885735,1.375892691348466
8656,-0.7410146911898773,-1.6481960140308671,-0.5360470224448985,0.3868248112414128
8657,-0.2197415002006729,1.0069208857674148,0.9631274963676802,-1.5188047555797235
8658,-1.0411354609873946,-0.5623691225226665,0.8805947846425726,-0.8098142282634686
8659,0.1843344698182158,0.9019577316443965,0.5548561067776533,-0.5410021804982892
8660,2.336906473756927,1.2813881249123564,-1.9080137654315643,1.8924645596263752
8661,0.8940697223307943,0.07085966002838265,-0.8941561851685029,1.447509042659256
8662,0.6432462070320693,-0.849968674381738,-1.549858285929788,1.6184807773457581
8663,-0.21135384618475614,0.38163927574896866,0.6557873526160843,-0.5205242217118281
8664,-0.5582256842421179,0.4837132109002294,1.0354536672291719,-1.3373133556651708
8665,1.137056337694098,-0.12736694847966937,-1.8271674275880212,1.1489295343822163
8666,-0.2196220532872139,-0.28068722197951934,0.12990842525555815,0.12213619928606621
8667,0.6592730512986973,1.4086935003589054,0.3420504391513058,-0.44273244507518283
8668,0.6425251315149583,0.0030433602363189338,-0.7194282231356646,1.0203521267350424
8669,0.09378287629575077,0.7884348904607048,0.5646319611558656,-0.5732267158467008
8670,0.46594974625791963,0.772556497176562,-0.04783926602716235,-0.2849757602986691
8671,0.9229044524554507,1.4510481743814558,-0.001693780454829304,-0.20905201594825193
8672,0.2861103216739405,0.6843004542525176,0.24932221195070303,-0.19040336205991543
8673,0.5617527099273272,2.2826249663069462,1.2407023498307435,-1.3170858521004816
8674,-1.0432169544899912,0.4224669287879284,1.6725938286328799,-1.7990665454905865
8675,-0.2417513896187003,0.12314421376290809,0.3488826358108341,-0.5462019300434688
8676,0.554740078725462,0.8701507166494663,0.023062654640263112,-0.07822781905844906
8677,-1.4599853533794955,-2.4290596246852587,-0.21294709388183497,0.2729753691799437
8678,1.2258947025053117,2.3849395498178136,0.5645247293906318,-0.38296387055432984
8679,2.837881427049391,0.3147347371628195,-3.6106604340575124,3.014651908130647
8680,-1.7196075700868452,-2.0376762156234847,0.4160031957844142,-0.49099385945298707
8681,-0.43400022475335315,-0.9199200965991318,-0.18288554984846067,0.34812176977018855
8682,-1.5032801070778645,-1.3447402923957528,0.9033049978982447,-0.5318606506328564
8683,1.2814205262796778,1.0426368190890956,-0.6139970690660186,0.9789632642928551
8684,0.30269006458011627,1.012485642499892,0.6751747806959092,-0.17261883101283604
8685,0.45040066032412435,0.9681108680769276,0.18062316807321996,-0.40990045037642636
8686,-1.4741579270168659,-1.3882574048678695,0.63158575886329,-0.802017839125419
8687,0.6841825742116767,-0.9660376009974456,-1.8096659385519365,1.5868427796144986
8688,0.5433199296441472,0.1737877081067312,-0.4921732303971562,0.6541663090097172
8689,1.786039499732942,1.0381126577259188,-1.463272116031001,1.295500794072743
8690,-2.1627673583750826,-1.577490203094947,1.5532542996877692,-1.1805152723204295
8691,-1.5350702782554928,-1.5771252229809047,0.7106355167338982,-0.4240476032636122
8692,0.7332468695522127,0.7704618758265647,-0.3318969267050918,0.17449372366453045
8693,-1.4974898567708994,-2.1929481658687644,0.010159011440713381,-0.03786543343878983
8694,1.6012040428832734,0.47896193990990277,-1.5494770096828252,1.833411528093738
8695,0.117671539954621,-0.6273978139205878,-0.6374100509819094,0.8117339733788999
8696,-0.2316194294689083,-0.8644304861551273,-0.31818009432891986,0.6988718271475084
8697,0.07266180790978888,0.17869915914277398,-0.0618934420203194,-0.2811325440794945
8698,-0.07357764173347764,0.44124775946731476,0.523156559494082,-0.40598272512435474
8699,0.8974549723277846,-0.12874899272806062,-1.4789214538840647,0.9101171964229777
8700,0.5064948120616525,0.8924111446157892,0.08998043924060664,-0.1864150074080488
8701,-1.2611430728643134,-0.9451628362544309,0.8739282135314462,-0.6833501701405578
8702,0.6140972406136933,0.5473822143461258,-0.4415230968354069,0.09403550104281723
8703,0.36595519507263063,-0.08972236102595972,-0.44176698807258546,0.7456082960109183
8704,-0.37379109203152494,0.2985040954330144,0.8520719475279037,-0.5540879166625666
8705,1.1088235867424718,1.536155347935662,0.22679545851201488,0.6531234067612213
8706,0.19954178498445901,-0.7705639022633564,-0.9929539212527361,0.8229851753705913
8707,0.850656848284581,-0.12912672661883606,-1.1510014448950903,1.3222787629831878
8708,-1.5908933827085614,-0.2519459978566243,1.696683988937401,-2.0852520487957826
8709,-0.4915104730167719,1.5003058811948164,2.046561535229146,-1.7707638173573161
8710,0.5943640239486233,-0.013114471904011386,-0.734121523900822,0.861288972426918
8711,-0.9170696000573546,-0.9282687734168413,0.6184617574941942,0.05516181011044783
8712,-0.7074650470580774,-1.8201042862208388,-0.7716263993057318,0.5064205527785399
8713,-1.3527560402865328,-0.29936867563231495,1.4401297225164293,-1.5720007917700158
8714,1.1311730245937242,3.1465303354216503,1.2227124678874093,-1.4001744545474843
8715,-0.3078404773773325,1.4296383298918167,1.4733607539307048,-1.9547361708959647
8716,-0.6185228416219364,-0.28934852699800195,0.4841683412184859,-0.6579674455337544
8717,2.3068109633109772,2.0150183968428528,-1.1950180710670761,1.2705329795969342
8718,0.29063813740007804,0.9048083626568223,0.34264079042504914,-0.5422706717212699
8719,-2.797274256434289,-0.33538023916462123,3.282527015471467,-3.398535042394647
8720,1.4826625757239604,1.2076643747453808,-0.8071398614206533,0.9589621069091393
8721,-0.6203032796416904,-1.2632151648881773,-0.06884572735268965,0.7126207391437476
8722,0.00795618704718068,0.5795853244102119,0.6279973599690435,-0.26372457254577086
8723,0.4434215319928628,-0.2747019333236711,-0.7503793413333584,0.9249288261607841
8724,-1.1233842623352541,-0.09992087465553694,1.3881870523733342,-1.3254714498296902
8725,1.0710151215844859,0.5806649148251307,-0.9298316306771353,0.7855653258252782
8726,-1.0663247087421526,-0.0679074360022727,1.296868320656172,-1.3599374833102291
8727,-0.3235357858828382,-0.5329005780553634,-0.050420275793911874,0.04178522195516597
8728,-0.06096794363971218,-1.0548391946957787,-0.7688337314393319,0.973836048317303
8729,-0.5238602634922978,-0.3224082537633804,0.2606758969047177,-0.6339973244924698
8730,0.21644127551098039,0.7426560618096895,0.30089781837210966,-0.4894451011246127
8731,0.2976873100416115,-0.10646644038989377,-0.6842362884902166,0.11421515693986337
8732,-0.3457316927087382,-0.8826655631327408,-0.5010522582403728,0.012336665519879407
8733,0.5184848714503542,-0.24747712606879177,-0.8994534238189337,0.8644957774141496
8734,-1.7345260683443218,-1.5430696088642024,0.8086421812152523,-1.0464483663309525
8735,1.6311998709369435,0.5158189320979495,-1.7051275586225525,1.576992468279772
8736,-3.23280516354455,-2.1473679729853865,2.3783962019138065,-2.173350164382019
8737,1.8547676217969664,2.1266336080258466,-0.5811305588007025,0.46794875341637204
8738,-0.5599889856173345,-0.19825242060524684,0.6049513929720192,-0.455681484630714
8739,-0.07832371581293486,0.26296767553593514,0.45637615944808035,-0.110087007509849
8740,-1.090875335885096,-1.788559166816778,-0.3541492538525815,-0.20390056554370722
8741,-1.1837947017952792,-0.9170704351500345,0.7773437746058125,-0.6451026964904931
8742,-1.0073852041847473,-0.41871002357600207,0.8959059771982433,-1.0091925220011377
8743,-1.0269712054962887,-1.6039712794401524,-0.14928309515882188,-0.05992281143653641
8744,2.2559477324290116,1.3583881077221918,-1.7924143313526406,1.6209795972318721
8745,0.36206390879748845,1.2936818800740242,0.6588208995909117,-0.6685189151529917
8746,1.1868065974929427,0.8860467206057117,-0.8924508964148683,0.5277325729859857
8747,1.2656587398156598,0.6569890675267358,-0.8613300935650304,1.4178815338157287
8748,-1.0348201906690826,0.6297053757149133,1.7972268777714548,-2.0497985540561423
8749,0.26358408493067564,-0.24270099703956663,-0.6859311622465887,0.3184189129369553
8750,-0.7316139373817903,-0.9797241320015403,0.3202720691633776,0.3163634948290795
8751,0.51190306110774,-0.3852399017701431,-0.99955567020145,0.9971586090649769
8752,-2.466002423282119,-1.7112385898269087,1.7436047071388199,-1.6056235042141909
8753,1.1488186583876316,0.354528501910818,-1.3610749186192208,0.8491588330036127
8754,1.384667310166926,2.602745291179704,0.3936698145090712,-0.6429683444598339
8755,1.2224247753017579,1.9987966765321707,0.0865208376117039,-0.3058796947630586
8756,0.8038631480139431,0.6741162462364356,-0.5848539729290191,0.2133993726843501
8757,-0.276686081381137,0.6381786713762829,0.9758558674440826,-0.8091259075360555
8758,0.2454845578819219,1.0422416016090073,0.40782849049372594,-0.920688420598711
8759,-0.29325567704864464,-1.1506322534079032,-0.6997552365786396,0.4967092778582718
8760,-0.04183650304107188,-0.5152205658447992,-0.6579906365780118,-0.06580331047070241
8761,0.3760524198997307,-0.06104033054130321,-0.39149147590309924,0.8011172737655389
8762,0.2576305102315038,-1.385893693545453,-1.6959421747844312,1.2768605428382853
8763,-0.24969820733173967,-0.8234687465951868,-0.5885370534103469,0.05829580379384635
8764,-0.6708733214750433,-1.2457063264139552,-0.08947466945333908,0.4531425458102898
8765,-2.0079610665379226,-1.3228329711291211,1.3445555599943044,-1.6104916606976831
8766,0.18323200372520748,0.422298856467158,0.18805995805284476,-0.03333749344749774
8767,-0.021673446286462235,-1.3354658454691357,-0.9636701296315866,1.448490714011795
8768,1.6379134738865648,1.6746444209209037,-0.6204525664454844,0.7152324834481691
8769,-2.0403083394556987,-1.1845195513547417,1.4844993423172952,-1.8133616524040164
8770,-0.7812972969147779,0.13423272848751272,1.2663255873324035,-0.8831905243408822
8771,-0.15821715658885618,0.09774920123539525,0.22881793670791645,-0.39805334425075933
8772,-0.2013510528412333,-0.6985180444138211,-0.19052867593636472,0.6314890066371476
8773,-0.6276248476566127,0.349543612567897,1.249946296658152,-0.8828591950157983
8774,-0.9973120899176885,-1.0051021917804877,0.4709557201348848,-0.3063340093014869
8775,0.08573753595521624,1.3877750541123937,1.055665235143998,-1.1835249041267861
8776,-1.3178012013160896,-1.1480730111824864,0.601924278918207,-0.8756128093531826
8777,0.09246930131279853,2.4223872497827093,2.17290095639085,-1.6877024541989347
8778,0.08330730226815042,-1.3089367183394762,-1.4598933683074484,0.8842155535885626
8779,-1.1564483203461404,-1.017782772275117,0.6777179707688729,-0.4798131834257865
8780,-2.0125318234452734,-1.5365833849577637,1.1263355536196542,-1.4954661441329986
8781,1.8464846454003123,2.0606578624311958,-0.8129103623300752,0.18879027819716193
8782,1.0632390400974558,1.3178273021757572,-0.17148327919157982,0.3149074533001556
8783,0.45246805711069804,0.8118872772210869,0.12168649107424012,-0.129091611749207
8784,0.047646148305749966,0.1299358795449912,0.07557798158568471,-0.01022032270131766
8785,-0.24083400280463285,0.2249537623002453,0.44467205216625866,-0.6198692097853633
8786,0.024561780015104555,-0.015373438365917917,0.0394551929009253,0.1945565740824201
8787,-0.9131669208892041,-0.5297106755982012,0.4790079373662252,-1.1397491083215507
8788,-0.5065913424297979,-1.5820310782486702,-0.7621729834563795,0.666081909279562
8789,0.018098349181892025,-0.5856398187289239,-0.42660788177782255,0.7268060760267269
8790,0.5232812747121923,-0.22398644425205028,-0.9213037918992036,0.7863439451871572
8791,1.4992926142141698,2.1625027290353027,-0.16052771132530827,-0.1474363924157959
8792,-0.3152328492506957,-0.9375459276857758,-0.5015284410681431,0.2531065611053293
8793,-0.48712045446278124,-1.4287764696877079,-0.4946738369437991,0.8374107711880788
8794,0.7114069221862129,1.6866580241634381,0.6280366911110453,-0.423288726012592
8795,0.771104710955959,0.25500621638450566,-0.8533916509734127,0.6349812134513145
8796,0.7276659041361057,0.5159577830769179,-0.40715045964594626,0.6365952335951308
8797,0.8547980961297205,1.1728805451417466,-0.007487505452646555,0.20923825685816658
8798,0.91692000245788,1.2447998814439687,-0.38349134614139224,-0.40580393215103455
8799,0.0998257695382509,-0.10524646019449238,-0.29979010715642324,0.0822026574753659
8800,0.05565254730517023,0.30313783668933997,0.0949143811728052,-0.3658985449366876
8801,1.0800870876440625,0.6430111586932895,-0.9897088939808972,0.5617414336618306
8802,-1.3428609685810464,-1.0907326182223047,0.7479918341033743,-0.8460139817764598
8803,0.058684464937544874,0.07189124371274606,-0.0869334458518887,-0.11725570433200622
8804,-0.4203371472494333,-0.09030096185658998,0.47688238343397854,-0.44317192413169143
8805,0.561568845269472,-0.18725602435934882,-0.7467818251512739,1.142397070486975
8806,-0.8726023029063575,0.1530398319019079,1.426993862392326,-0.971567224459127
8807,-0.6637527154805365,-0.1385485902019995,0.8447251215590518,-0.5478287611339248
8808,-0.744145190320241,-0.011235658155320273,1.0227642799016528,-0.8286713332925741
8809,-1.3499260625738,-1.6329229079694791,0.3912520999308015,-0.19086137087181415
8810,-0.10268153752939069,-0.9528876229497659,-0.6818003263063794,0.731974009692695
8811,0.3599452336832781,-0.12527664311836254,-0.4563760643591328,0.7842390739325804
8812,0.3484550010542343,0.19170515149915443,-0.2705974957902885,0.30517681352559983
8813,0.27088558826202064,-0.7460806902154465,-1.1680762093974222,0.7099211303925222
8814,0.3223066219018051,-0.5591083468845214,-0.8621841117882435,0.9817524241523713
8815,-0.1690930866691412,0.7199584656472232,0.8480579470486082,-0.8475219436988042
8816,0.32841297872177855,0.62724294251595,0.15882213687961513,-0.06100526268940891
8817,-0.4233904069165441,0.47921654082848747,1.077507688349479,-0.7702256702084708
8818,-1.8624931637080573,-2.035881530827001,0.4014150810801271,-1.0318754776093721
8819,-1.805827897996198,-0.7757046152623642,1.660150524957662,-1.6528075306789358
8820,0.4819885339042416,1.442322149287394,0.6272409210156467,-0.6545919576717621
8821,0.915474141408001,1.2568706143560369,-0.14658703447320998,-0.022162284185753514
8822,0.48336043671684076,0.4351889042742987,-0.20838279702131207,0.3090214423623323
8823,-2.642234213532986,-2.1069464543770806,1.6372727824638993,-1.4673053556253657
8824,-1.7871507785704068,-0.8875619920494972,1.717947406484215,-1.2138451700545112
8825,1.1013863170556761,3.4263423158695665,1.7105789636334225,-1.3218777368418442
8826,0.9359587002879969,0.12068193628610299,-1.0125596710264182,1.2680012835869243
8827,0.4969222146739729,0.02577125931376956,-0.6156212160323228,0.6280710503392785
8828,0.4697151877415284,-0.21546013172337738,-0.8304190858723028,0.7345985424899318
8829,-1.276774252249459,-0.7120014131295979,1.1443992889955086,-0.8253023746677512
8830,0.055841262198437124,0.16383472198733065,-0.1632674892837692,-0.4842104903073728
8831,-0.5070287267088224,-1.210943498485659,-0.5817136262452235,0.08644117978589896
8832,1.8783225038645952,0.8633416130421855,-1.764944694949788,1.5153725130484939
8833,-0.854551990168789,-0.47165320035457725,0.5675209454759849,-0.9142937921715661
8834,1.3067134626793577,1.2207270994988482,-0.6426628847974052,0.5885840299599443
8835,0.51968753777429,0.37190465586783783,-0.1586861391853872,0.6794488521361403
8836,-0.15340739702538939,0.18220785752294694,0.18150229964381376,-0.6683703302437841
8837,-0.4102261914016391,-0.9069523915893112,-0.3231920466785622,0.15424273519392548
8838,0.6781744366147616,0.7875576161127731,-0.4115336447364963,-0.20418979273629712
8839,-1.2614249210508097,-1.5584344254034141,0.09940162060497261,-0.5693337901672212
8840,-0.0403988542177634,-1.222417852708168,-1.185407533615805,0.7172389404098255
8841,0.19207904521622168,-0.6668544921800899,-0.8062951760762264,0.8750905950109165
8842,0.0823358986246911,0.2810764457621343,0.010215393654727506,-0.36664632560146393
8843,1.669334303389068,-0.5505399452030172,-2.5985246900707133,2.7131756941879295
8844,0.22076949280378638,0.7405721159577602,0.3726248726736348,-0.3423894711907498
8845,-0.5443164184389794,-1.187195594622934,-0.32715074744945477,0.34489596088401747
8846,0.759620511426027,0.4056902710901588,-0.7264904526941729,0.45379992662664886
8847,0.5552284668566199,0.9335324826974868,-0.07065716379270397,-0.39494760219978836
8848,-1.2404110493679825,-1.505597992751398,0.16045695793265777,-0.5141309727091472
8849,-0.874433356969815,-0.1367308883894683,0.8821733626655751,-1.2393217084124415
8850,-1.2717482747891389,0.049599081096125014,1.6193345141296505,-1.809256590861297
8851,1.161952967645623,0.4018993292704504,-1.162593299154339,1.1318577121940925
8852,1.2885625755843713,1.3374331076909702,-0.5131571334622734,0.47024812055973575
8853,0.003929373331817263,-0.12486789551828989,0.09381637721099444,0.4812196407634715
8854,-1.797344712504505,-0.3424737671458769,2.1136256865457925,-1.8689992047905855
8855,0.4134289708498683,-0.6863623230081156,-0.9311045957779991,1.493329655682026
8856,-1.6698848273257763,-1.2845096892607972,1.0056963544232511,-1.092317500765465
8857,0.3869818517543165,-0.040111742619722786,-0.5276942085814261,0.5493281163789466
8858,0.7177486969998585,0.4127403690408809,-0.47689550081164295,0.7274398129600924
8859,0.3663359180314359,-0.04074230715130681,-0.5318484105791236,0.46971399683500153
8860,-0.947836200254296,0.9589486798422703,2.2195429164997558,-1.7891183215175852
8861,-0.772519249219141,-0.18329432134133913,0.9427153660345253,-0.6556836132296521
8862,-0.7861437466780722,-0.4188062206259106,0.6630045271654196,-0.6289422816492194
8863,1.8824087866910857,1.9199586268974111,-0.7465956101158552,0.7741132481542924
8864,0.6484440829077864,0.3498259695598329,-0.5870843139761561,0.4372600475371713
8865,1.35470021582289,0.38096949322919116,-1.5765907142224025,1.1410640663512637
8866,0.9617516121662192,-0.4793525323302353,-1.6902407441215597,1.6141203687445382
8867,-0.29003108642387965,-1.1493895352037669,-0.5192082914558692,0.8237740863276855
8868,0.9593145929859362,0.6989460133053315,-0.8110073086936965,0.3101440885816947
8869,-0.4679268373696912,0.5288902965028877,0.9889626929310188,-1.205661370343053
8870,0.4745356469519344,1.7957110948217114,0.7333432592706574,-1.3477451624946042
8871,-0.6270947271021984,-0.2659971196688261,0.5338698949907859,-0.6573345932753321
8872,-0.779883078781962,0.41764493089794774,1.537564761191017,-1.0842453995207662
8873,-1.964159452812818,-1.7513343454865884,0.9287932498275456,-1.1522730535654218
8874,0.28039952281152347,0.22250459186305466,-0.07258864166611344,0.3368251844114757
8875,-0.2463245684416001,-0.21165360262927957,0.11055136041796555,-0.1742448811585103
8876,-0.5577945425950672,0.9056027032236881,1.4102075099727078,-1.693780749762031
8877,-1.5871334505694201,-1.3952383987167096,0.8709843575267218,-0.7666634198931692
8878,-0.06310790556146606,-0.13502262377443122,-0.044394534564283696,0.022250783205395346
8879,0.5636351148954548,0.10498033642796643,-0.7391607357062504,0.45725425717383955
8880,2.1137888955176343,2.9239322741227274,-0.19978693659330538,0.1406516325493941
8881,0.7317831965695035,0.9322501560096436,-0.30721347586706754,-0.17803293813981225
8882,-0.19207807279216127,0.41936029665817065,0.4308252150056512,-0.939640670682536
8883,1.1191720011092774,0.6558653812934248,-0.9020623598764365,0.8250500132834026
8884,0.5028754850135891,-0.7493902213151885,-1.3328794043666525,1.2565049410668392
8885,-0.3004112490668491,0.2528299354107164,0.7438197451900594,-0.3724103389345962
8886,-1.5721952792818368,-1.0558163612789415,0.9226559456035585,-1.4420611344369676
8887,-1.8229026799813342,-0.3693637735706046,1.944431337196351,-2.193917432492225
8888,-0.4333973007580749,0.629781139654939,1.090440144390053,-1.146912294940045
8889,0.27393678762208645,0.29826175657946774,-0.198783148632579,-0.09193572210639535
8890,1.0353084141221698,0.21320380272739498,-1.2768978043961097,0.9332875358521159
8891,0.9491265157028965,2.0432682402600415,0.40264875397096145,-0.8325941900646239
8892,1.9993987100232151,0.4975140448680292,-2.2867558061713154,1.9113361004263507
8893,-0.01947555392981791,-0.8591000691658769,-0.7544806116812244,0.6746318670038457
8894,0.09529318739679946,0.3812485096744976,0.3096345707597491,-0.03405157127773853
8895,-1.3591162594403028,-0.2933106618836403,1.5054586213627574,-1.4941131078129195
8896,-0.40112438943048745,-0.7463188487039552,-0.28500202158501803,-0.13389357080505532
8897,-0.5453741630070987,-0.44529537665609537,0.4618594890261647,-0.05909290968639496
8898,-0.3420496057124295,0.07366645698932114,0.5529481217801462,-0.4252027145885415
8899,0.8845909387557376,1.339605663725857,-0.00880212608393546,-0.08934262984201491
8900,0.40630336949667417,1.0742247425854798,0.26462162250041404,-0.6756939034061322
8901,1.3869227550940144,0.19846213016873626,-1.6252904116545748,1.6112326326884645
8902,-0.8083182294466713,-0.419489436973411,0.6507670232573498,-0.7281549890406592
8903,0.8945581741456098,1.1420979851026611,-0.2726254356581322,-0.04204133730521812
8904,-0.819809424732278,-0.5841034248850856,0.44615329165525097,-0.7325664106428637
8905,-0.5941268586562688,-0.7334060951662915,0.1544047033641723,-0.0798152018543153
8906,0.290893742479324,1.2290585384497537,0.7022672212382932,-0.6901808910019039
8907,-0.46410299002182626,1.241489970667135,1.6820543050170529,-1.6906447975485241
8908,1.590490493020307,1.7689015249586015,-0.7439016188603311,0.1001931751039125
8909,-0.9727041588852814,-0.015038845066077881,1.128632736558199,-1.4497857331871504
8910,1.848827067447269,0.7680902394166761,-1.6913098441862089,1.7699473787087172
8911,1.9382553207340756,2.025190229551376,-0.6385035796871837,0.9102532142616222
8912,1.1660227357935258,0.38825312345308344,-1.3087891139168657,0.9214394172128426
8913,1.0099502253253443,0.8268209706903946,-0.7186034533683364,0.3452756837785372
8914,0.32974289672632756,-0.5313268619120166,-1.0082026937871222,0.6836023068430336
8915,-0.045731059829552,0.4735111950726175,0.6931864853022686,-0.08438975424993206
8916,-0.6547838557134233,0.743767324313548,1.5418058416487395,-1.4173762757476978
8917,-0.10841148785409217,0.18973238814226018,0.27886694199369744,-0.3539094330331614
8918,-0.468652936450535,-0.9190282781873694,-0.48724197123962565,-0.31489065836671243
8919,-0.04486118653225696,-0.4566005230123462,-0.3556458125737928,0.31519857156871883
8920,-0.5607494704881762,-0.15141917069424868,0.6029504429432999,-0.5750687968151822
8921,0.8367522973351454,0.11769478992934945,-1.1692617140266157,0.644090404345327
8922,0.812100783454513,-1.2649764725245272,-2.0855390905047675,2.2795872105619335
8923,0.8627581695104077,0.14390677568375204,-0.9397426179731783,1.078678768159955
8924,-0.6180762654339556,-0.012006376368724484,0.974460288186342,-0.46134262617382016
8925,-1.1235102247576003,-1.1871819814647226,0.5209266901257259,-0.22945903222076688
8926,-0.33335709481739356,-1.0635686405228688,-0.556729478263981,0.3953638632240321
8927,2.56366873397702,2.143417456334548,-1.310328959367108,1.6751600414408812
8928,1.7717033844420458,1.177389104323134,-1.1409434714146323,1.4764751901453501
8929,-0.3330114724587254,1.6769797286575578,2.1479203640655924,-1.452114161372075
8930,0.5873212872713598,0.5165554444975741,-0.41995572144669535,0.1108345536578133
8931,3.150889029745996,2.4072341773759094,-2.1432971891528183,1.6675133312265316
8932,-0.3598501422137704,0.8535184954977597,1.3783192160248767,-0.9165774269622519
8933,-0.7759173225795613,-0.5512447682099919,0.2957120401235474,-0.9204571167888249
8934,0.8757891945110647,0.5498269590476448,-0.5506389719261645,0.8311507713972064
8935,0.40015978417350306,0.5210211948470934,-0.19846770350137044,-0.17827415320119375
8936,-1.394538551586391,-2.4511711817088315,-0.3286386789723271,0.3562457209341231
8937,0.2869029752039447,-0.4149243283907202,-0.8098765478955616,0.5991574269145646
8938,0.19006574392780043,1.0083044489123918,0.705074447436803,-0.5123918864532621
8939,-0.4931169203787008,-0.5678627841745403,0.2505933220965773,0.05108118921690096
8940,-1.3974204331552442,-1.2826762142923298,0.7470710844261533,-0.5789942360207313
8941,-1.1521278035812241,-0.8840595171014924,0.7201786918528231,-0.7124985551744946
8942,-2.884430901983203,-1.9437626078395522,2.171302616206173,-1.785170137356089
8943,-0.041362466023421994,1.425763490730895,1.4221419222327354,-1.0830964696642489
8944,-0.07895052317521799,0.09601231841580844,0.030673246451593552,-0.4600705460988687
8945,1.0202666354492813,0.5159204321088519,-1.0493471369769645,0.5496885218075647
8946,0.20469806122153353,-0.3592295957917854,-0.7766824065385318,0.22929817396074045
8947,-1.6418864904884578,-0.5334661126964918,1.755470843226879,-1.4837443898942786
8948,-1.351021026971411,-1.2948271245914695,0.6526897251549175,-0.5502822767772816
8949,-0.012212677342785545,-0.008433428455093936,0.04282543320265162,0.052270528527803485
8950,-1.7087233459923492,0.05345453420377026,2.4039273058182964,-1.9964743779490244
8951,1.7068695718923563,-0.07618761883322032,-2.3401091218571555,2.1573596356643097
8952,-0.2861309925564157,-0.8300439697614009,-0.327048991832778,0.40527859979657305
8953,0.049666766103664564,0.9487550289336355,0.8560294985862472,-0.6041227501088801
8954,0.3159753279607773,-0.34924633860311044,-0.8193233077888886,0.5277597001597439
8955,-1.1314447426505316,0.21228313406631835,1.7476036050208859,-1.4743808472575461
8956,1.4134886138831455,0.28370076311839254,-1.690462253380772,1.3853044973601267
8957,0.20710374130550893,0.4121457566856144,0.17596914349830334,0.055198372411807875
8958,-0.07826284953816288,0.3925758494962624,0.47373625530406627,-0.3923442990569716
8959,0.6972045671135919,1.1704156894542146,0.09112943181114698,-0.1742055088002348
8960,-0.015520283652746604,0.01122498721367068,0.08921701008378327,0.0748045487271631
8961,0.5210301247654041,-0.3970713991900955,-0.8860761105545479,1.258581694374668
8962,-0.7684601947627109,-0.4966464288324626,0.567385241862325,-0.5463818536774777
8963,-0.0701257946770491,1.1573350968558815,1.0474166511622232,-1.1985911840272305
8964,-1.5463170419373715,-1.2852324229062841,0.8982250882486745,-0.8384350946982277
8965,0.3268356548504691,-0.7560804232271847,-1.1395357148351382,0.9844506455908434
8966,-0.6520228848569327,-0.6137705781856675,0.19410019623151412,-0.5057673246392012
8967,0.14710015719194738,0.5994566773785167,0.3549307186456218,-0.2960688706187794
8968,0.9940304095669749,1.008678271598168,-0.4282849848781781,0.3612473454590097
8969,-0.5074086374196647,0.6026547062516284,1.211572385027772,-1.1322537803319144
8970,-1.1396226640765026,-0.5607888196177439,1.1252635458865985,-0.734048764803072
8971,-0.7105495734831815,-1.0694169578905839,0.042101417127621193,0.1175676423417783
8972,-0.3503695704776475,-0.2322258411226184,0.1369477304651003,-0.44993113679708435
8973,-0.31964545220001606,-0.22461127629848524,0.1540795783958418,-0.32826336920888904
8974,-1.0404163599799097,-1.523944418167745,0.1088410989436654,0.15409398966368099
8975,-0.4140791664672715,-0.776243463715339,-0.16503515341186642,0.10374252922602152
8976,-0.7885660026030521,-0.2680441955784627,0.8945535248398648,-0.5932856075155216
8977,-2.4703476226880965,-1.3464449236365157,1.8799053915240471,-2.2619389426968457
8978,-1.491595384271736,-1.7621506680102519,0.4842300484445527,-0.22109604489317783
8979,1.537825082308868,0.15858718601748217,-1.9176580476299043,1.7312042115555926
8980,-0.7770830132233776,-1.0237362442529625,-0.05242213398711115,-0.39740791857725183
8981,-0.28596415203987147,0.8671817894590492,1.376266380080664,-0.6890681807049566
8982,0.03804054611599647,0.46918473482975215,0.43436436969138864,-0.23109925831868486
8983,0.8118654393036798,-0.4789549020598266,-1.4167307688075712,1.5598789258581114
8984,0.39368762192713175,-0.29770861678894356,-0.7443161452044652,0.8134089333406567
8985,1.331484785485047,0.4314328689115986,-1.552477842768379,0.9787047981805322
8986,-0.3534609391724989,0.5420720725449906,1.1096345674836192,-0.6153945160357973
8987,-0.06301336315246345,-0.003731269455566257,0.019861162261707824,-0.18121437894437822
8988,-1.2435432477592776,-1.5534821703377486,0.2740548382197812,-0.20923032138950065
8989,-0.2861346518877172,0.34467997119949517,0.689917977114016,-0.6383596652129191
8990,0.09482478429636736,-0.5106218940974356,-0.5015218640202528,0.6877021000624237
8991,-2.033848668452147,-1.578174894293189,1.0898639617257413,-1.5355441104683347
8992,-1.4501896820410338,-0.7066801470662357,1.2346878935785495,-1.2988117696112462
8993,-0.9132313732489897,-1.0555525357159603,0.3231503677040874,-0.14464696010631295
8994,-0.30581992475853553,0.0815392318109177,0.36786265988373473,-0.6412489278706516
8995,0.9722591087189352,0.23711926343992273,-1.3032664336159083,0.6035932206431193
8996,-0.2134754320101773,0.8131235936162159,0.9913037587195375,-0.9785229909702553
8997,1.1369882150607211,0.8557047635691382,-0.65222675748139,0.8467615092539992
8998,-2.168642638500031,-2.0082389808801384,1.121445787154278,-0.9227699258689698
8999,2.3880476371127433,2.232419603387316,-1.0903395236132851,1.2204432497932092
9000,0.42586041776074707,-0.2569346322308396,-0.747049243703669,0.8251024120925353
9001,-0.17674539941056333,-0.11867902959129605,0.16496941532504905,-0.054098296955679644
9002,-0.40258145324864925,0.08947753718021298,0.5879419087240214,-0.6180570874294915
9003,0.628722531676973,0.6896733304359949,-0.1225826504434236,0.3652848360267931
9004,1.0933767084127852,1.0330505750454535,-0.42528318750395055,0.6628231441074945
9005,0.5501144584914597,0.6871240854195352,-0.18562753555494851,-0.020806627784671655
9006,1.6039007127564306,0.9691565353884087,-1.2871634941958172,1.1216552823906145
9007,1.1351825328312912,1.0679688139849113,-0.5572952831925142,0.4950132160670343
9008,-1.335207242375723,-1.036736958745567,0.9882757058526371,-0.5251602382936403
9009,-0.15182645748098145,-1.307826959830034,-0.9699096589071586,0.9054231996060182
9010,-0.20774322594727332,-0.8211892122599928,-0.609872516957846,0.1651335164135488
9011,-1.2194136397275,-1.384084378068312,0.42919862033881334,-0.25847377594391674
9012,0.7530744980547386,0.4745523411197612,-0.45663324578358006,0.7401528928896562
9013,0.16455457065211618,-0.38300880059624304,-0.365783682499583,0.8681816811428305
9014,-0.02704704617536751,-0.272102609245739,-0.29873580330693356,0.033585245328097604
9015,-0.13068555696258757,-1.0586182077993793,-0.810734635402241,0.6598028206288516
9016,1.786347294974487,0.43300131734314007,-1.9097628750499878,1.97066592189066
9017,0.5269515719145056,0.24338256406224115,-0.6755976684456548,0.10390924257124189
9018,-1.0602650202267414,1.302109867816583,2.3267446250239976,-2.8309073179025472
9019,-0.5491492814312662,-0.5351120861432369,0.18222853350211915,-0.34896568556362684
9020,-2.2125658988739993,-1.4229757953168531,1.4929512612629876,-1.8382061946416217
9021,1.049621175614148,0.41533319718532435,-0.9315636687493303,1.1054304510774267
9022,-2.052248980915764,-1.0883942119733876,1.6496210727315528,-1.7969408462465464
9023,-0.9978582487510718,-0.0276648979384985,1.2714482906982478,-1.257238907182685
9024,0.8797103745603043,0.6420707389850896,-0.589819720427969,0.5532024871913253
9025,-0.27630125803725747,0.2251838874884506,0.805231418657355,-0.11108318252209298
9026,0.6684240143427392,-0.14288153330542888,-1.146678678150693,0.7116613327396552
9027,1.493139032575959,1.150381699076509,-0.967988671952465,0.8510108044867478
9028,-0.24168299629584106,0.7808966527696699,1.0963605887196737,-0.8161587709539873
9029,-1.1527288811688337,-0.29047802809604484,0.9352291502946898,-1.7691891469497911
9030,0.17527697803518585,-0.19710683745411733,-0.5983468678297935,0.04710595158692285
9031,-0.1377957141314997,-0.3228210439894922,-0.008941382144593966,0.2714734743390061
9032,-0.9833929368196267,0.19980769655565062,1.6689755423930668,-1.053689482038017
9033,0.9478099580881332,0.0954619839736863,-1.0091697635633081,1.3772753128127166
9034,0.2658530244477292,0.8180722118694637,0.42459152028358527,-0.2767557639865568
9035,0.4995009940233833,1.5097266997350305,0.4789229620666043,-1.0164973019294834
9036,0.7377052562929985,0.23088084910981882,-0.7439990576794439,0.7668628268682024
9037,-1.3048473056695775,-0.8116688491936207,1.0183016501789515,-0.907362804651008
9038,1.6647211965098683,0.7494128681394093,-1.5364844712488035,1.4300577163854438
9039,2.4265437892484525,1.7373541655896674,-1.6510299822034435,1.5648014854973773
9040,0.370299724251332,0.17178991370998023,-0.46468667145060727,0.0889492346522326
9041,1.3426049299846217,0.6126098452989069,-1.3228342937718403,0.9859373896719227
9042,-0.6317048091292433,0.2657119547172635,1.0702785345276116,-1.0119149719309974
9043,0.15165442462470613,0.057465883039784726,0.02961089487571881,0.4555745630818344
9044,0.563500818046408,0.6783942774847372,-0.12449889297825037,0.15598752631303237
9045,-0.85356554401826,-1.3650138170222432,0.10585539216035046,0.4328682239215655
9046,-0.9750168183421529,-0.8352481326785232,0.6825141706275607,-0.263704922485905
9047,0.687119083952861,0.42078117131898773,-0.7480211156479274,0.12016855404485682
9048,0.31243129385835194,1.513591874511282,0.8059367783291418,-1.1176477069684378
9049,-0.08262796753306377,-0.8065069770772522,-0.4602729284488899,0.8408836831239077
9050,-0.4091953350393926,-1.154894119834104,-0.39252155026395125,0.6345797484741934
9051,-1.3345582849072126,-0.4302830043896065,1.4273305801150755,-1.213267609944564
9052,-1.7469792482166673,-2.016806993655748,0.5175968962634323,-0.46001946684336453
9053,-0.08425499442923372,0.8014277897687057,0.8425096894992123,-0.7508302483118914
9054,-0.4979671023723969,-0.3335252321096201,0.35562560015891054,-0.3470547123704032
9055,-0.8580553335652176,-0.28609306143523155,0.9893440500544007,-0.630865313343926
9056,1.2429601229965563,0.40656817858842315,-1.2090413273259977,1.3282267402425028
9057,0.4402683858984714,0.4726356170975826,-0.23305725624294377,0.02097385041002888
9058,-2.2484018125725096,-1.9611863823694669,1.234313139752201,-1.122440842302507
9059,-0.1544084596354221,-1.265809088157019,-0.8675784433969246,0.9752303663029532
9060,0.19679258359531662,-0.47996281396414625,-0.5614303736371966,0.8724695703053092
9061,0.8447090073253848,0.7421871270520285,-0.09797041185769113,1.053986938589169
9062,-1.954085690873562,0.01874163388894428,2.7031076730800945,-2.261928709509289
9063,-0.02664457277874722,1.0767382282757774,0.9612989967556357,-1.0003823148853341
9064,1.72512729125566,0.6207049497993575,-1.8246571662516975,1.4485113161541916
9065,1.3238397985854005,1.2975371529975792,-0.7598963295937425,0.25741930509990923
9066,-0.3367480193574833,-0.5515674142855294,-0.011263096939447152,0.1087320008487058
9067,-0.9680123524291498,-1.1688551545208332,0.339471839093173,-0.037977055162257474
9068,0.25902824337896924,0.660299118620163,0.14460765959118146,-0.41398661765808414
9069,-1.0764002723073909,-1.290441524975905,0.1946493028878675,-0.3872440096187977
9070,-1.9728729840053552,-1.3859727234516175,1.3209346515101454,-1.374197076655067
9071,-0.3133863374088074,-1.0449497254554148,-0.3873130939751213,0.7206808424892112
9072,-0.1602059676698036,-1.14627993986786,-0.6567099490947166,1.0377853056745396
9073,0.9518450464138072,1.4041892002725194,0.05214804937262797,0.1026026909147942
9074,-0.6048111901575379,-0.2281891045652791,0.7461190228504295,-0.29453613885176533
9075,-2.5851139679309685,0.12147176927644628,3.4940265226559544,-3.3705734004623755
9076,1.2405385592801856,0.7145071526503338,-0.9249074392620342,1.0769582728671436
9077,-0.7817723760529759,0.1246756167113357,1.004425777982468,-1.3238713027761533
9078,0.012102601101013069,-0.7687822284542758,-0.8650624976763327,0.3742352056357928
9079,-1.3852973215455706,1.2451575104929002,2.8952483979505046,-2.852284278124363
9080,-1.351760931565002,-0.6486807385676385,1.3771042664158375,-0.8357820361460249
9081,2.4499164253311747,1.4163061020095058,-2.1011348914503545,1.6298145507921056
9082,0.0036975671446916217,0.019436893402659566,0.024850612513895403,0.01010758052199137
9083,-0.16201757847857193,0.4669152275114698,0.6482873961576157,-0.5633889116438592
9084,-1.1742724498344486,-0.2767059144267564,1.1615475755897502,-1.4801825182671857
9085,-0.023854188703876504,-0.4117996002483135,-0.2588033250936648,0.4529281635882671
9086,1.4957561731451539,1.2449111109418323,-0.7790247624556195,0.9653950052527767
9087,-0.6785542982507374,-0.8860109559094427,0.1750761859264609,0.023490047542435645
9088,0.6601226688482594,0.03654384433530507,-0.7133971274197946,1.012973582537372
9089,-0.9345698793487153,-1.7001834248851284,-0.3182476126646676,0.20472882652761534
9090,0.4187070949949756,1.0592029201088902,0.35131854055898326,-0.44210249432428084
9091,-0.7817622506044862,0.32405071359116033,1.2533186140213783,-1.3663573036877579
9092,0.4385839056541671,0.868027289074741,0.12263602611787446,-0.31267274178768273
9093,0.8441110900632588,1.9417730547245269,0.5305468155933873,-0.7371790409770096
9094,0.61337555586886,-1.2069110502007647,-1.7418248040937407,2.0352983027027114
9095,1.315769847997863,1.2555203766886978,-0.6165488436516366,0.5829806508672177
9096,0.03586817756389881,-0.06559671305575297,-0.1981565907309133,-0.06291464975448562
9097,1.1761909696536852,0.5453145505850777,-1.3022565048502615,0.5898917707938544
9098,-0.25253907962631167,0.7000370326157136,0.9577764027185728,-0.9041348336416096
9099,-0.5903089496293968,0.5106781552317531,1.4780544050539155,-0.7362691159424757
9100,1.0558554915917824,0.9161836283778536,-0.7843756774648494,0.17746297887706414
9101,0.7932460152660903,2.0188010731836927,0.7669408797541118,-0.6880304080690707
9102,-0.638322141092511,0.14613295843378687,0.9319645218165313,-0.9907240471581055
9103,0.764008732436824,-0.5626966803104549,-1.6027801005348428,1.2628474521651383
9104,-0.3737168155182344,-0.23915607421317436,0.24935044432588696,-0.3183421711300325
9105,1.2987853753486918,0.5028806546389674,-1.1416679230809168,1.4139972657704858
9106,-1.0469763519459379,-0.5921233821890389,0.8568720255969657,-0.8006698067881818
9107,0.5064583535982334,0.2942984668925974,-0.3664533356876033,0.4530698813019033
9108,0.9406906142815487,0.48224169356290236,-0.7872543252455825,0.808979410739295
9109,-1.1375353068655758,0.21456743897656883,1.6657667433246517,-1.6460575311744112
9110,0.6867746850032616,-0.6516417718063882,-1.6949173827713953,1.0390527976875596
9111,1.4353693745278118,1.0161757610341833,-0.9168152783654856,1.0589832841496947
9112,-0.6793975079208633,-0.8462850091903596,-0.14397473700752694,-0.6383950766209051
9113,-0.10640194402093668,-0.853879030241961,-0.7802111749209432,0.30586539212109337
9114,-1.7512888402490936,-0.18385557945251416,2.25744466641007,-1.8337968777833382
9115,3.890215851307794,2.082300967150533,-3.2582902512110294,3.128346145249707
9116,0.42814131497617874,0.11586416559801277,-0.42349639529618927,0.5035056130647426
9117,-0.2724789608909353,-1.0308310073541713,-0.8941468702241627,-0.061392721436594085
9118,-0.6965872439476872,-1.134343912075409,-0.0741021673023163,0.11931259594805446
9119,-0.7610598624795519,-0.018663177258353297,0.934019821904719,-1.0277691382111453
9120,1.9730765062006883,1.2383417990356052,-1.711249465703974,1.0429337816255169
9121,-0.54323388676783,-0.69806693409539,0.1564748310188419,0.02040543983903173
9122,0.07110781406591064,-0.8252518973791766,-0.8073740784009183,0.8233730627835485
9123,-3.1451266780186597,-1.6229457637087326,2.845338557973072,-2.302960073756713
9124,-0.8563762597569297,0.41177362797337247,1.4886860344800261,-1.429757465753745
9125,-2.5443287722163017,-2.1007710948654585,1.3740307329681805,-1.59665530622958
9126,2.3700468693938563,2.219820017712433,-1.1718419911656914,1.0427342129281219
9127,0.009418278922714069,-0.44987682939920126,-0.43817789538705526,0.3473903596337303
9128,0.6362548069161196,-0.20394526224157317,-0.8653500234407977,1.2405226273711945
9129,0.8923420472879326,0.5704918607272104,-0.9129941494568861,0.20110093183474012
9130,-0.31753604113145445,-0.2272532387102233,0.21506561134372684,-0.20674228565574784
9131,-0.04659894587057303,-0.4276178878031574,-0.35678757198399613,0.23695644471758867
9132,-0.29836072021714616,0.12805275904567667,0.4665744231401812,-0.5527912814190813
9133,1.0828700073364521,0.9011779148179077,-0.6961210839501506,0.46599649722693265
9134,0.8152893063566624,0.030959718689602102,-1.0041569570387707,1.0681878417859578
9135,-1.6955116541589543,0.02888633438213258,2.1771581114941565,-2.28998144474306
9136,0.7832034763431424,0.11498921240570269,-1.0716510912067174,0.6314069092932568
9137,-0.09246818032562415,-0.9599522817737571,-0.7487288193602891,0.6674707061344924
9138,0.46935606898701493,-0.03730809174810859,-0.8944624693343703,0.1899486602474905
9139,0.07393977261754005,1.1382715504356646,0.8811737073393882,-0.9308141779448788
9140,0.17541590655984654,0.5221714030336763,0.2546862339428416,-0.18499973511978374
9141,1.5059366636657243,1.1391234800026924,-0.8166375369164383,1.19098789643605
9142,-0.7528009624996065,-0.0691075516333673,0.9669975994315743,-0.8181993753842174
9143,-0.5973442027806952,-1.4206340968516327,-0.5448742017510962,0.33512818558108065
9144,-2.8422340631523184,-3.628868209972144,0.36533068092698257,-0.7497721273978114
9145,-2.4117203800309897,-1.0067997274553147,2.233864778866031,-2.248362930938908
9146,0.028480246005922392,-1.0711374693907314,-0.9215042875112135,1.0636244824998093
9147,0.28122899979751276,-0.05847897754699283,-0.38917451909340245,0.4600289197672319
9148,-0.3867719388938113,0.25096099020853124,0.8827814219954169,-0.4314597877295928
9149,1.060865430389332,0.5953303089168435,-0.7374487019556548,1.0532740489680354
9150,-1.2081162012372904,-0.8669786497625703,0.7061652142743947,-0.97864140234871
9151,1.3887983096294167,0.27978100565227865,-1.6139557688144117,1.4414876900864102
9152,-1.3306798673957618,-1.235796414233141,0.5696764994110123,-0.7666286997765016
9153,0.5148944014731308,1.268992143297414,0.3407973163831256,-0.6236029834129823
9154,-2.0563135376812265,-1.9641984175758822,0.7988241006301358,-1.1967932740311635
9155,-1.6994713319711718,-0.865882735153889,1.5044039806607932,-1.3295230015550494
9156,-0.08441221659453615,0.1122011070573031,0.42970310505281745,0.1853048046218644
9157,-0.42860358578709734,-0.2410037549038648,0.39556325652889235,-0.2521322908802205
9158,-0.21615124167079441,-0.16971798499043048,0.25332078983447764,0.08420474497378688
9159,1.5828180879100555,1.8386757416497501,-0.3342871187746103,0.6268898387668124
9160,0.4453745320834627,-0.3096539725362631,-0.9002699015063197,0.7518946657748008
9161,0.4379971143024219,-0.6363628896921116,-1.1674584919675026,1.043372751550759
9162,0.5107333800913444,1.5546437477328652,0.6148845383443593,-0.8449741300188128
9163,-0.9296283540694087,-0.4874162147060053,0.6716259193898044,-0.960935368132024
9164,1.4334818911052138,1.2766354414842727,-0.4888275551935775,1.1781245495608068
9165,1.3988483076952503,0.8959754483986059,-1.0276814855857288,1.023197175590812
9166,-0.8828775988370458,-1.2856368300435548,0.37440717027111425,0.6101290577113014
9167,-0.7110241834965628,-1.3830016452761018,-0.5215468877380932,-0.1210265601973029
9168,-2.172473652723247,-1.7594351371351022,1.2994248268784927,-1.2235095837518408
9169,-0.9852603514308582,-0.5936761656426761,0.6216623404622693,-0.9912680928682481
9170,1.7382448832100845,2.0606099432781484,-0.5522065961085347,0.2619148041670925
9171,-1.4675667032396313,-1.7666906970975778,0.3200724076953824,-0.4138506710094841
9172,-0.35599733170033826,0.35323953757187315,0.8464315056466364,-0.6326558721240202
9173,-0.19631738742958665,0.06374131970842664,0.40692570123279026,-0.13786864723994383
9174,0.12832779006128045,0.06148476142538596,-0.2749384839452718,-0.1748424779096396
9175,-1.5565254504574868,-1.1260589281896356,0.891815196460324,-1.27076494004568
9176,0.8594185073334422,0.06380364935090992,-1.1405282197007487,0.9060039581082174
9177,0.20470258296815572,-0.6111275380597605,-0.8854955085086962,0.6458623801531392
9178,0.6603624389925566,-0.22621329069735727,-1.0427781145845876,1.0674638325671892
9179,-1.274368751381026,-0.35550411025055606,1.3917860248102318,-1.24145306138279
9180,-1.8322116543297067,-1.8636861773460103,0.7378972856877708,-0.7459488271266418
9181,3.7925229269436964,2.2405946821769223,-3.304094136936392,2.315886366656425
9182,0.3605912753928974,0.9002807273719357,0.3986892461797938,-0.1823678514864071
9183,0.1663759594410904,-0.41112983636933076,-0.43909646993174417,0.8132810743271519
9184,0.4480235907437751,0.743334088819973,0.039074203085355856,-0.12512464516516478
9185,1.6896132439150797,0.12995103805276695,-1.9979998069273421,2.201269833812235
9186,1.1666687708221821,-0.8348957454521839,-2.3460698863103002,2.048517982415931
9187,-0.02049763823564275,0.7782615795733285,0.6399773206604069,-0.8242650859679194
9188,-0.9840318166514668,1.1001503790568692,2.238867540408293,-2.2255319646769873
9189,1.5970820722529737,1.2703283548208477,-1.0151870013858253,0.84956597681925
9190,0.5440207267357887,0.5535697883057259,-0.35252526882260504,-0.014413010480882029
9191,0.053089059496795724,-0.4498293396957176,-0.2581477499247357,0.8210237839798499
9192,2.2586511805309724,0.9305489790859724,-2.1023112350727637,2.117453232196918
9193,-0.5074780618888091,0.342703245086418,0.9064296450850425,-1.0428830976699284
9194,1.847286177481711,1.5689072436461369,-1.0332503572752247,0.9908653093845609
9195,-0.34475469783778967,-0.24410861125231728,0.17966485626786102,-0.3257863441384775
9196,-0.0013735260972559825,-0.5697157654405955,-0.3878806580438652,0.6870529159724875
9197,0.6284397313783154,-0.14653217421150203,-1.0520559245113956,0.7444819114645284
9198,0.2381025136383828,-0.006017570017569385,-0.24066861226066807,0.4411286223119416
9199,0.3776938234552341,1.2063400443978427,0.6557679852560035,-0.40703136232342413
9200,0.2346391297120859,1.1521702611107787,0.759881401608721,-0.6038950009730911
9201,-1.7789169420096496,-1.8686770928812149,0.7170723591355088,-0.5801076954792616
9202,-0.5942626742887237,-0.448845792339452,0.5593036411458329,-0.05336884779734126
9203,0.518977560296233,0.806877527215488,0.13746856273312913,0.14862294008263782
9204,1.8360881168407588,1.5107083599463318,-1.0252076700136332,1.1056176203601054
9205,1.8735514323603453,1.3423638553646078,-1.3490181111980302,1.0749291369274148
9206,0.2477922617683094,1.5179331624009347,0.8732473757338188,-1.2404601082158297
9207,0.7610699397775688,0.46743138208623286,-0.659100527289916,0.42872547119473364
9208,-1.8321742887468129,-1.389140021136191,1.2188303188516805,-1.04369817909918
9209,-0.5495093678702604,1.4790541364329874,2.1880479785132443,-1.6771427082898622
9210,-1.0526580324040316,0.041023237904084596,1.1144055292723685,-1.8961506067390221
9211,0.14371354713992468,1.1493268928667084,0.7297438878861108,-0.9752517497308687
9212,-0.5385092816375759,0.1623950152322153,0.922447800067508,-0.6899741791304717
9213,0.5853908829586004,1.1128604188760394,0.35063382554405276,0.022950848019100644
9214,0.18110683072441255,0.8588834748132643,0.39839757084574356,-0.7245233904138512
9215,0.4749535518817162,-0.05982680086691023,-0.8770154868513947,0.29514112216927313
9216,0.8712122743656632,0.40614989809295127,-0.855906888857917,0.6232944962255463
9217,-0.5623179242415514,0.5327299744585774,1.0816653699054304,-1.388824695977482
9218,-0.6943635195145484,1.223360386616336,2.0104765562513878,-1.8905809418859385
9219,-0.10809599145631468,-0.42600336719016413,-0.4144248517873019,-0.08848207073206575
9220,0.20057039863036294,-0.4036988097173439,-0.5748221010883947,0.678111788739953
9221,0.22317860342593698,-0.8109397380237298,-0.9479879135817297,1.0843578207438505
9222,1.319416806115312,0.31291371356888437,-1.4264007281091575,1.4443152566301307
9223,-1.2400257943869435,-1.7033395492524588,0.21030753228110477,0.05289569864601775
9224,-0.0452773259082544,-0.6451209994786306,-0.2522292749215518,0.9515907994268961
9225,0.16679667561530664,-1.1952991836811508,-1.1751843517829277,1.410476073021573
9226,0.9859911823027578,0.695902488352795,-0.7168868297589023,0.5789208487374241
9227,-1.4395860761028831,-2.0001673704918144,0.2972667085621006,0.209968075697956
9228,0.21550501453643864,0.8432339986662284,0.2558841912771696,-0.815182817622494
9229,-0.15863169463399174,-0.008044718674515774,0.29742298584603505,-0.022921653605012214
9230,-0.2348740946033394,0.16898429119318753,0.4111119607502597,-0.5225636774785208
9231,0.48513087218879564,1.5650518408740597,0.7184968587974434,-0.7788418712137279
9232,0.0292918129292537,-0.13026289111999761,-0.034235390350177565,0.3590001809634538
9233,-1.2862573400127717,-0.32129562383561266,1.500594997233613,-1.1746221191233344
9234,-0.7122920395904297,-1.9409833537554322,-0.8897974455143127,0.5726908462000021
9235,0.06729410975953641,-0.8550300771260312,-0.8114768806955686,0.8744378893648895
9236,-0.3235993874733789,-0.5517325895513759,-0.07890283059646942,0.03679978413868476
9237,-1.0464076225655243,-0.045358056944536616,1.5298854360796652,-0.9320966157001488
9238,0.4524484145268005,-1.0248156270636253,-1.328967637530829,1.748496618942735
9239,-1.5862608719666091,-0.33227808444599366,1.6872194910425726,-1.8913255599275105
9240,-0.87379449380536,-1.3676556348172235,-0.10613299089236082,-0.007078605304960954
9241,0.6480804095067972,0.7422890212135395,-0.11920873862035711,0.31333343384029094
9242,0.9119311343037524,0.38913948326217124,-0.9330896469872109,0.6737817649400965
9243,1.1059985337598506,0.8414684940613517,-0.7689087991298418,0.5645043287824396
9244,0.39682381197968797,1.4685565978846358,0.590208492932908,-1.0877639586381045
9245,-0.8895211055048127,0.5460984599729619,1.7718876563604427,-1.3730932298853784
9246,0.16358235261133605,-0.35726409659583785,-0.5055648353988358,0.5558966948027428
9247,0.6753324984081968,0.5845959767363659,-0.26775588742340284,0.5296260928633963
9248,-0.5439631800493085,-0.3808160455383941,0.41205255206826524,-0.29769032121962224
9249,1.1808195561774335,0.2602584260139611,-1.3859876946139187,1.1473414095287249
9250,-0.41494005920227833,-0.016728859623375,0.656228656539258,-0.28518989735568956
9251,1.862294206808126,1.2142129038497183,-1.3147395188470798,1.4047460092898765
9252,0.16566983344788563,-0.8924585478462602,-0.921039355004622,1.123243113792025
9253,-0.25754619614542135,-0.8697425396703158,-0.45288233292634517,0.381362275839846
9254,0.9689422200022944,1.9880627721683677,0.4516480694649023,-0.5419409338252343
9255,0.0861236218986225,0.12083613411614982,-0.1330272296946103,-0.21872502063668994
9256,-1.7466455759651862,-0.7537617365267564,1.5984235114596053,-1.6031479383103797
9257,0.33474640501385056,-0.8197949117047417,-1.0542347782801884,1.3171472598282408
9258,-0.17245253968292137,0.184456228812847,0.3514045527472657,-0.442128527375799
9259,0.44830160854884266,0.6721518788303784,-0.21454951331688868,-0.39963967157591335
9260,-0.8204309308427751,0.3059038971938832,1.3713599911235594,-1.2524966119314753
9261,-1.211249902893507,-1.2341134184812284,0.33562641880252875,-0.7566736930640825
9262,-0.6338357771601166,0.017675068121138234,0.8176279932413449,-0.8660850794432072
9263,-0.9021840416265255,0.17833003503912986,1.2861869548026994,-1.3868414925495873
9264,0.19860900036033924,-0.014239949228263398,-0.17265353634842692,0.43980390421504834
9265,-0.3574803804044768,-0.44055282867876405,-0.09615785079718904,-0.3833505659915399
9266,0.7219618906936238,1.2461156450791335,0.1633855545330734,-0.141091438515639
9267,-0.7710926103115122,-1.010897741657484,0.1566650137286554,-0.03811458559329145
9268,0.020320063166145708,0.18078628899869695,0.2060075792738313,-0.0006352582805383088
9269,-1.1783729128880347,0.1639667652684184,1.7194140574336105,-1.5751601009856266
9270,0.1173875329465771,-0.6821804165595203,-0.9144521857889317,0.45427488511380537
9271,0.5540824763681765,-0.3800023938483763,-1.0372020066364678,1.0688756406126494
9272,-1.1633561257562077,-1.0486788091244676,0.6411937455906014,-0.4943102558106135
9273,0.554635584908871,0.7459674194981673,-0.008887502708989605,0.1650269856926632
9274,-2.290728420568108,-1.6254049792034437,1.6646013492082232,-1.3257683041120722
9275,-0.581156741382225,0.17839710655352586,0.8638023259069907,-0.98456222231001
9276,0.4697590894360002,-0.22552533760956944,-0.8117725955981663,0.7919687478417251
9277,0.8162824591490506,0.29887615991732697,-0.7844304513226334,0.8121778739273617
9278,0.8368914067356451,0.6402233581394426,-0.5464237088614887,0.4811534590793235
9279,1.349616163451426,0.4790877682951729,-1.4629858953443424,1.0862909345116063
9280,0.6054021281029384,0.5752530718558947,-0.31256475142827095,0.22314281987515694
9281,1.6026896975767244,1.3461821416000923,-1.0341223299092877,0.652960162210502
9282,0.22814957333652588,0.47151187152160723,0.14518963933082019,-0.06728306989360917
9283,0.6114825366869463,0.7895419877449024,-0.1535397031018231,0.0077755768117158015
9284,1.16013974704877,1.2740694934510475,-0.25175627592361155,0.6254051784469307
9285,0.023985062230449952,0.9791055124535016,0.8888982150894662,-0.7112628132328924
9286,-2.0923733656204786,-2.223932788942308,0.8735927483843564,-0.5663325976915318
9287,-1.707384034516343,-1.4339916963310269,0.7581905033435815,-1.3019361034029926
9288,0.25935639289094686,1.3110775118074036,0.824178966116869,-0.7859750143459175
9289,-0.26347116545438626,-0.8943857989620865,-0.3580791997768043,0.586974594454353
9290,-0.5699353910422912,-0.412550592967383,0.21494429446857613,-0.6616346466178246
9291,0.646721254098502,1.5098181010885545,0.41198763225443713,-0.608507779140314
9292,-0.09652273375646492,0.08309835788860347,-0.0036203446428204862,-0.5521972781199327
9293,-0.40895862928476445,-1.3815047164133922,-0.3554999294707881,1.2481821409541
9294,1.8838177352576038,1.3388392099083206,-1.3125602124574451,1.1844680703810972
9295,-0.3495947384711085,0.6940503164773214,0.953379435503164,-1.2443985558789399
9296,-0.704125062126181,-1.4947895075417745,-0.3607261969129275,0.45742729251114034
9297,-0.2891612125544671,0.17723866513488337,0.4659114193663615,-0.6398950416565754
9298,-0.05891264837920234,0.7229919309850966,0.7833466851995573,-0.5751311644008521
9299,-0.36997748301627714,-0.9431300593290688,-0.3559652837020017,0.3277046826866084
9300,1.9559846696495937,1.021029313876962,-1.9076127319120044,1.1603640788053153
9301,-1.4837766538641481,-2.2222765312447077,-0.200231395354898,-0.2891830447303581
9302,0.0904147532732265,0.5426308202191179,0.5604652113175104,0.0011868226033491672
9303,-0.18988502492676382,-0.1422122671196381,0.09867957013966724,-0.16117616407451577
9304,-1.1230327147167953,0.7865587739557047,2.258688370697576,-1.9299178364096192
9305,-0.6954070903211872,0.7976974791900028,1.6843240333078202,-1.4414398496917868
9306,0.30874270492666267,0.04972517834617188,-0.4580357541232359,0.17550069542962618
9307,-0.9986128190131085,-0.4201468642811428,0.8693387652040915,-1.0212332190863636
9308,-1.5672392511394901,-0.06583871829060092,2.2002070213674934,-1.5619154811378917
9309,0.4005187935875483,-0.3801703505448591,-0.8661761313465766,0.8220407477489409
9310,0.26689037609694083,-0.06767529384240725,-0.4623192997962076,0.30193582652747836
9311,-1.0239420197579103,-0.6024161827988592,0.80451824915898,-0.7858261391266791
9312,-1.1660247588557175,1.0143917086447083,2.5722293895170067,-2.0808229150633424
9313,-1.6100113258283004,-1.1560053903013914,1.0166438683522405,-1.1693949280046207
9314,0.4649583717273535,0.8446032569141444,0.20384855840964128,-0.018514990654567944
9315,0.09118722803083451,0.03240852795517937,-0.004360136918249509,0.24000528148565858
9316,0.026530595696867748,-0.9859603980653013,-0.9164250851232854,0.8598477003087288
9317,1.0519900738532049,-0.42326422928867563,-1.853099774582441,1.5138891711496298
9318,-3.073044800955839,-1.9644041461951782,2.2654808210341932,-2.243430636529368
9319,-1.5648717090295114,-0.19717463268719893,1.8981392870493745,-1.769112997863638
9320,-1.3605452432975347,0.6364104678976896,2.363327941850203,-2.231672886675462
9321,-0.13142515789019577,-0.25845900700192814,-0.009077394634274717,0.1385241616341365
9322,1.7832396432244733,1.0815687796912403,-1.4424193765532836,1.2173020013338829
9323,0.40575007992871426,2.0905094066881893,1.0731334335542566,-1.7063220693151842
9324,1.3598147771997646,0.5948849701808723,-1.3570963021103322,1.0298323261938334
9325,-1.3275212067705782,-1.6059957592164604,0.41328540395032726,-0.13694157464353088
9326,1.4055601359025538,1.9958410283394528,-0.12827817004659947,-0.023010831297293758
9327,1.4669337666249298,1.85175988573563,-0.42963026013874356,0.012787363676245838
9328,-1.3515349618277535,-0.315344157580314,1.5587499234974902,-1.3197606747292145
9329,1.4399700202290369,1.4168924584693832,-0.6264998242946453,0.6195953734391435
9330,0.3310625278145529,1.003567475074824,0.4080345015556758,-0.520960627155224
9331,2.026930119435415,1.6089408463780213,-1.3060248297441572,1.0551143547412036
9332,0.7991895738808817,0.9000286407895725,-0.016764650141499467,0.6532202469912815
9333,-0.5519419723056331,-0.5124684777928542,0.2146332806576829,-0.35647940072904766
9334,-0.27895089424432173,-1.2637735736782434,-0.8205805217716224,0.6079991131793884
9335,0.42493835168215605,-0.4625086773677103,-0.8566252041596993,1.1251005089002712
9336,1.1224760013015687,-0.020264888384367023,-1.3593792364256603,1.6633911370901215
9337,-0.6234326529141156,-1.6181866109242882,-0.8230245983888647,0.22836345945206826
9338,0.6525368494337106,1.6067651567856236,0.3922009825071357,-0.8568286655392708
9339,-1.3835430725057996,-2.1570205055246237,-0.17678215428681351,-0.047125415258381376
9340,-0.5527986566637537,-1.9367823724307882,-0.7672365286514857,1.348956787553881
9341,0.25521398304807846,0.08000932606425738,-0.3858680980720614,0.03830436877274848
9342,-0.05770890693102178,-0.27228828133027405,-0.2463695657886091,0.016809176890853185
9343,-1.2713239886900876,-1.0131479696941244,0.9698909705063313,-0.38620276633262235
9344,1.5034659077285144,0.8083764671416866,-1.2797118309882916,1.1641607116909238
9345,0.7976357318631853,1.1585001851558372,-0.014353343084003014,0.02751210443908027
9346,-0.9682572620928604,-1.2831227316023512,0.18090210860009098,-0.04257333660981698
9347,1.5662106786741559,1.4126794383998043,-0.677878030251085,0.9904298874874145
9348,-0.6763997874420075,-0.9710932549051234,-0.06397111838257566,-0.1850200517239255
9349,-0.07387083870683052,0.1619772443079997,0.38405488893637396,0.02220478270001378
9350,1.1960892299046544,1.6758201328498294,0.07606966508777552,0.3617698049067483
9351,-1.0951301117858805,-0.6605653061011069,0.6557073689357752,-1.1623921051383992
9352,2.867887428908612,1.4568756506178988,-2.3780450107969617,2.537478507319898
9353,-0.8544018037467357,-0.44431996220912,0.76527472159588,-0.630890373264507
9354,-0.045827088760200176,-0.6253321266971499,-0.5675283591902619,0.3455373361378359
9355,1.970377705849752,1.676588820961987,-1.1195120534996759,1.0185854740327687
9356,-0.5452525443733134,-1.40370099344996,-0.5187045744711875,0.5266175985774876
9357,0.4027967581817351,0.007315210776792847,-0.3873526330199665,0.7388978802700239
9358,1.4593070614884642,0.4027655466521491,-1.4682889219329645,1.6534506772683828
9359,-1.5203968792506404,-0.9622062364137282,1.1159436228948687,-1.1420074160836182
9360,-0.20945339490552412,-0.7550399621439887,-0.2201077905992462,0.6868810213778104
9361,-1.5211553788815644,-0.21505282222527267,1.882470030981336,-1.5972853066005095
9362,0.4142450137526493,0.9967592857781004,0.41826610235722766,-0.18908911908427742
9363,-0.203687003043977,-1.373800951114181,-0.6950130671415716,1.3644029524811425
9364,-0.6967333110369623,0.5455456381139617,1.386578896344131,-1.362352666638401
9365,-0.23031912009007005,0.0854384534401291,0.3312091140549103,-0.4454251568300363
9366,-0.4508927871951838,-0.6922871412898246,-0.11731851278354255,-0.14649669000942242
9367,-1.768933178514673,-1.7512127330030287,0.7385832502441709,-0.7902313204739629
9368,0.10499611213370713,-0.11081773730381662,-0.4063997366285529,-0.07394617350037139
9369,-0.9467243966426877,-0.34556965676771845,1.0154495029420991,-0.7581127768984638
9370,0.04361144040765844,-0.34322339826116993,-0.37426093696489027,0.32474775939091477
9371,-0.8916444977662522,-0.6159366256692913,0.7305680506273317,-0.4106777998665357
9372,2.578331961602493,0.8573407096725739,-2.5388839939248298,2.6669028609058216
9373,-0.29106406652436967,-1.7275929139941235,-1.3550348820825788,0.7422368155077124
9374,-1.1333710726479023,-2.076829358329796,-0.3017359066005447,0.43304651478633677
9375,-2.5112957025249534,-1.109877432951275,2.2415674900390985,-2.3417375002418974
9376,-0.6256803146260231,-0.8260619924431626,0.1483473550827653,0.020531135560784834
9377,0.1815784286829183,0.4403860925120671,0.006010312158356084,-0.4041339718163387
9378,-0.3113860697036306,0.6335214171251969,0.946760015583823,-0.9732594679367789
9379,0.8721700363965224,-0.8117051647511322,-1.7869449838307723,1.9261428524978732
9380,-0.8554008245455307,-0.6881386600518693,0.4775303709571382,-0.5531200018744105
9381,0.46566933932361376,0.022137940110196843,-0.813205258571816,0.17652317754105049
9382,0.40056822822996296,-0.588831158299566,-0.8667457634844021,1.3252887464042802
9383,0.4350630105562416,1.3044643218673,0.54865171304811,-0.627970579045631
9384,-0.26067658700306584,-0.23693958352085775,0.18637199696717896,-0.03069688410263443
9385,-1.2735814279959419,-0.21945804683090592,1.6749704975991473,-1.0676715193496724
9386,0.8928117931810191,-0.03173465895213488,-1.221846036711405,1.112712456021517
9387,0.4995102970306536,0.525190016603222,-0.349027261043683,-0.09880479504507483
9388,0.9753973665295872,1.5330886498309495,0.11034084204400525,-0.02192063743523564
9389,-1.6956445423610123,-1.5450884214139484,0.8942391965938794,-0.7515531326526118
9390,1.9502829359740153,2.151703173363287,-0.6558562275491967,0.617010004291382
9391,1.519685278705477,0.6582776934474905,-1.4315106419604084,1.3169291901924445
9392,-0.4710005873714854,0.6336886382414472,1.2613650546387305,-0.98921850644601
9393,1.6975218827055543,1.2827814444585912,-1.0840033904787112,1.0571362954281647
9394,-0.007002323282781354,0.2199651974337475,0.05166979686392639,-0.46525691560310944
9395,-0.9793013776130626,-0.4021012437352556,0.8490712851800657,-1.0315478884497764
9396,1.0755482569651156,0.03128014404478372,-1.4655857311134042,1.1837258837418259
9397,-0.6442361761237304,0.02383142970193142,0.6386999057591793,-1.233821384541571
9398,0.663037752137177,1.199640439167062,0.19237705623262105,-0.1883189327854554
9399,-1.0454028646507854,0.05913564497942861,1.2305815663780502,-1.7089996024112504
9400,-1.0430280667739993,-2.041399124553428,-0.3986290532772611,0.49947788558285666
9401,-0.9184405593369642,-0.34656308536686603,0.9824486415980065,-0.7128231608121671
9402,2.8399713800643887,1.6600601686649756,-2.2677438972264516,2.1414378175384514
9403,0.5721450314021523,0.10587373959178184,-0.40972041260738473,1.066750561402038
9404,-0.2545678687436668,-1.903612046605712,-1.3625653575398537,1.284644255375404
9405,0.1743610204189506,0.022064337403043876,-0.16632140908694407,0.27658772205385584
9406,-0.8963154766120687,-0.4293775627356545,0.8032721747882857,-0.749787892568547
9407,1.6093185246554922,0.9979622685536302,-1.2880016819317341,1.06995682897693
9408,-0.6491212505409992,-1.4673444035002376,-0.6020744343811784,0.1619508776185652
9409,-1.8797978474740489,0.800286474854353,3.0986704124995215,-3.186493466186399
9410,-0.8217735020326562,-1.1616399813758536,-0.13340899758527233,-0.36691562106803577
9411,1.9245977054951329,1.3164504338165477,-1.3710329487125374,1.2811767819594966
9412,0.2486842089717647,0.1600836506405565,-0.22692997392741904,0.10193455507550557
9413,-0.22572933978582096,-1.1613649300329956,-0.5407883162862189,1.0445053968379017
9414,0.2552196375445123,0.8256803339439167,0.44955472381712525,-0.28910639176430186
9415,-1.239903456052725,-0.13735493348939865,1.663538804254646,-1.1657857124705313
9416,0.4447823810346915,0.756466523608342,0.0031210159853733823,-0.23186898772167486
9417,0.5486827965749865,-0.44000671875190084,-1.2110281899037725,0.887846856375791
9418,1.2349613827318067,1.705044533215736,-0.14188064502947997,0.045606118521848975
9419,1.003724574307148,-0.5042129534174434,-1.791069267085078,1.646336544471824
9420,-0.2070150906555143,0.8441280160548896,1.3297922523986958,-0.43313138072294
9421,-1.5202965081953768,-0.6319452586367705,1.194514997874499,-1.8008591761757404
9422,0.15161357065642822,-0.8804022403581845,-1.1507453170493696,0.6385968850103277
9423,-0.06608095257011541,0.3611846363457689,0.398319312127615,-0.40601903970556286
9424,-0.9128143424418956,-0.3504356722754647,1.1044526599719293,-0.4681026107491147
9425,-0.004114412790147849,-0.3092666271281821,-0.14995593257138565,0.46784041934693493
9426,-1.9871913606920186,-0.5360915416070937,2.11075161980081,-2.085025642667698
9427,1.556699368854825,1.4662133779163107,-0.6014274894130587,0.9619836874062313
9428,-1.6525799654760294,-0.5635588490645841,1.7490457702436015,-1.4606115852296069
9429,-0.20437227618734224,-0.3009822894489193,-0.026691170404761305,-0.050607449656894815
9430,-0.33890181138472125,1.1628180230918805,1.4381271420367014,-1.4833652396138122
9431,0.7471679490105604,0.015545391839887892,-1.0451937912134082,0.789493808736114
9432,-1.140061947628979,-0.6653813641618158,0.9101728863985269,-0.8624325617992603
9433,-0.0011687054911292817,-0.14136031546872616,-0.2706263652147544,-0.1401507098332503
9434,0.3360133878836703,-0.8885781720509414,-1.2727530165199135,1.1023090245268747
9435,-0.02447038240764865,-0.32225653634777957,-0.4428833242394222,-0.09036270908573445
9436,0.30103824160656845,-0.6689779478035918,-0.9963075362211307,0.9345045803396963
9437,0.9772453065261059,1.712460856577115,0.4242352142585087,0.10516813990367621
9438,1.8183639245756127,1.137692097105292,-1.4861434341181485,1.130146028739469
9439,-0.6762675135902895,-0.312905753254783,0.48167765256662143,-0.8118870772819403
9440,-0.2820333951087436,-0.42606339873704496,0.03722678129834236,0.08669587387476747
9441,-0.10397538655525349,0.12036232898625511,0.3231439188260419,-0.09235060630198702
9442,2.9221695630685387,2.67741190883469,-1.422107842888406,1.469562179760866
9443,-0.7086678883136177,-1.2011690740148504,-0.061367981729508775,0.26002600818615035
9444,-0.737813479484671,-0.955193444766371,0.0035709243183905184,-0.3238163903175341
9445,-0.40371426161259216,-0.34289533483574985,0.2322172966989672,-0.20519934497935285
9446,1.4167350365475144,1.0249726946782054,-0.9357766364951209,0.9376615275971729
9447,-0.26111464538405704,-0.43064058590579457,0.054709840780593044,0.20338205324642442
9448,0.23805793683552673,0.9268295814532774,0.6528540931532348,-0.23613039017618526
9449,-1.0626523195104844,-0.6209405765655809,0.6971283098013769,-1.068930853456343
9450,-1.7439553573737119,-0.14847472260004535,2.279455437247765,-1.8542184184490942
9451,-0.1119523008411321,-0.3191325295777781,-0.153392577909185,0.10009629434162172
9452,0.7444814477712358,2.358271384482942,1.1262730161369312,-1.0484726273678961
9453,1.5948830383431303,1.7385908580087361,-0.4363066494805676,0.7318101761075045
9454,0.8780443797312533,-0.7690427508883625,-1.7761952559060115,1.863046513381129
9455,1.6966657706046622,2.205572409506978,-0.24339556600078666,0.30791166356299715
9456,0.863685299058854,1.3173939136795223,-0.112930169334417,-0.2941340140861234
9457,-1.5244934584210912,-0.5627173518952893,1.331605780912115,-1.7412321892343579
9458,0.8676345080612818,0.5641778417208501,-0.6084245299487906,0.6653786455752002
9459,-0.2832783155768314,-0.15131528358530988,0.17418653902134204,-0.3398442803475728
9460,0.3799885601034923,0.6405060088547716,0.028038108929289873,-0.1394083083124001
9461,-0.9670373287243701,0.7931992323304528,1.8650826403023113,-2.0827238055109345
9462,-0.7025223991112836,-2.012545223607317,-0.8460034059333654,0.8577595936683459
9463,-0.8793984487177754,-0.0475829933242608,1.094304359852301,-1.0981693812973456
9464,-1.4839728872588045,-1.0112647457379271,1.0895100488576932,-0.9399163502959084
9465,-0.1542512606265393,-0.04525164934169086,0.07515872991344598,-0.3095197657423881
9466,-0.051916635685004195,0.5567371875420949,0.493977483500264,-0.6590223148888302
9467,-1.2578614258382594,-0.3414235273722647,1.2915996607875835,-1.3932147488629258
9468,0.7073114875519001,0.6175883152864688,-0.3860998863296536,0.35545293213333423
9469,-0.339308078716633,-0.7971623540720253,-0.15426212435477,0.44058715210606686
9470,0.5506013537206789,-0.8578089218995452,-1.4745108443100767,1.4391562999990541
9471,-2.078742316656195,-1.4116696533666633,1.4075613598576142,-1.537760708706824
9472,1.1102769281703613,0.9908078480140017,-0.8727660995709696,0.03579436279239174
9473,0.6541678539635373,1.289281040512701,0.25152065606866186,-0.33223219948758487
9474,1.1302859140624961,0.1874618267663746,-1.2291517911500036,1.4192519439227602
9475,2.0804546442982095,2.2367869539034504,-0.5357427837534189,1.088740302200559
9476,0.3512298685401112,-0.15190461318366422,-0.6780959538217064,0.426228464843487
9477,-0.6780369623248479,-0.3933296371961738,0.6135894721459747,-0.39119496874725024
9478,-0.46924264407039984,-0.10697067880357687,0.6676640059415663,-0.2411399198154364
9479,0.31530617811120754,0.6909067933192993,0.19298600710759967,-0.20138310716021499
9480,0.8525620716558041,0.07796317924672856,-1.2767962512172293,0.6068685749938186
9481,-0.7923741169092648,-2.353362416367779,-1.1840724275472654,0.7634244706460878
9482,-1.1423211717781598,-0.4549479005498292,1.1998007088922362,-0.8678770259028484
9483,0.16836049561480362,0.32877370749872986,-0.003862611914202652,-0.1991764274218967
9484,0.19970933177049505,0.020088208040572993,-0.20682157316214436,0.3005259312510641
9485,-0.9674855894897092,-1.541397585228959,-0.0777941967409866,0.12769941849526062
9486,0.25328978280474923,0.6953177073758844,0.31718656786697325,-0.2146168982376552
9487,1.925326075921262,1.0508064294658508,-1.6440309621333535,1.4438644317391045
9488,-0.706359149514513,0.6016830547477288,1.458195469877027,-1.4060262905486176
9489,0.8573006209813873,0.7874332462578661,-0.40843962943808937,0.4419357869622358
9490,-0.7737411480087988,-0.6320274557459813,0.39058532678047725,-0.5501401107689732
9491,-0.9366787112330186,-1.0502646922475485,0.2908716338041354,-0.2981935206113053
9492,-0.43318444288826224,0.4000230137408139,0.9453711267218027,-0.8470543152073823
9493,2.015367743141938,2.2453793874652956,-0.6514819540174925,0.6311020661196717
9494,0.9420489597584335,-0.16191295481204465,-1.5574790464255914,1.0110554958805948
9495,-0.2755580856817737,-0.4647966850240471,-0.06770422870758094,0.01828552684091407
9496,-1.2719077932367697,-1.1048429516023983,0.683028607480881,-0.6728877301755564
9497,-0.40330266680388105,-1.3500247414195667,-0.6963890928026886,0.5909222664441947
9498,-0.4562874094225318,-1.9316237096374764,-0.8612544962832912,1.515641045942222
9499,1.1550304960197622,-0.5011379495582499,-1.9920173203833966,1.8252855348397234
9500,0.2083615369384298,0.8098196016695498,0.33858304429232516,-0.6140932573941268
9501,0.28946263848288784,0.07918591459393608,-0.26902220413293126,0.36888210837394647
9502,0.3168313111726105,0.03964386841011742,-0.41730350014039985,0.30063514011907055
9503,0.4692061062165476,1.031374288984295,0.21452287207264292,-0.4356925146253409
9504,-1.457000203212718,-0.5347391579249156,1.5745163217280385,-1.138968914552231
9505,-0.3312866665583904,-0.7838049715336722,-0.5569364542159416,-0.2734439532311638
9506,0.12009261660438776,0.5962278884122072,0.33402050028625097,-0.42171130499503257
9507,0.5318445601613303,0.5346968023971291,-0.33930304646203524,0.01097865445676695
9508,-1.4536416064868596,0.6130046519579836,2.526293863871172,-2.220423263776028
9509,-0.08362390728748013,-0.9722770717585917,-0.760581199175006,0.7079512424932864
9510,-1.657671553969509,0.6215708929902645,2.796126810889883,-2.494446642682586
9511,0.46963519444820456,0.5123022786982658,-0.28966777026216406,-0.0697448163308922
9512,-1.2446854057974812,-0.17564155341695403,1.3745670984026948,-1.600222541077735
9513,-0.0253623906536429,1.51031447946253,1.4915293011742325,-1.1077324463811873
9514,-0.5664356752959124,-1.6759660136536498,-0.7882486154278706,0.6330615035464257
9515,-1.1999582062084406,-0.3429763132628199,1.3091201529607368,-1.151551261791259
9516,-2.374974505708689,-2.0593579420081207,1.312722977734157,-1.199432983644266
9517,-0.16062685875899657,-0.6054587126407793,-0.45041157431506956,0.09375414664222882
9518,-0.21583728800562607,-0.6381741213188604,-0.22734082265243089,0.3689767810200893
9519,1.6667802403035616,0.6924307567675871,-1.3955392889735232,1.8237440915868715
9520,-0.21221284905917362,-0.4974943783575023,-0.17560925306402594,0.13335433463544047
9521,-0.45970613719068015,-0.7881251098464291,0.034467716043231414,0.32131503372149406
9522,-0.11191547077949526,-0.29038566344844036,-0.18544324504202456,-0.02576490196256047
9523,-1.291910226810199,-0.8880127546874281,0.7925032479164764,-1.0750606649492023
9524,2.30090797000404,2.8586721271050046,-0.5354344999734413,0.3750620050268828
9525,-1.3392454490656114,-0.45793426011468963,1.2843892957838288,-1.4154164256378776
9526,-1.0496758980496261,-0.6431381325472495,0.7688272234342844,-0.8424182174296979
9527,0.20459429918077848,1.0305455920307802,0.6818881091941592,-0.5550901872836201
9528,0.8599587837301176,1.3785092457940766,-0.06375353205873821,-0.3683341799971029
9529,0.5840363306422028,-0.163014953651225,-0.9381399398983405,0.8265428544391966
9530,0.2620908916278292,-0.8875660040389537,-1.1265208429385871,1.0935925917706717
9531,-1.3589421635726182,-0.8237562813367257,1.155003028148409,-0.8303661282807708
9532,-0.6211166809399323,-0.4077542472073586,0.4992150045686112,-0.35465261607749315
9533,-0.8308403871871477,0.11555095829945988,1.192832081395621,-1.1448382291332966
9534,0.5678057694229283,0.7968041068297539,0.02443009604805476,0.1480823364638311
9535,0.3940770355265975,1.6766378594664901,1.0944637842966198,-0.7106014052805203
9536,-0.36610839782686644,-0.49555588630823466,0.041148180263283075,-0.03907135710938353
9537,-2.194704018457893,-2.4223539901317976,0.693262640064202,-0.7709759913736005
9538,0.722952261643112,1.9421491148329515,0.7875265774200766,-0.7178339394373958
9539,-0.5087120442959864,-1.4362884563224276,-0.5704644638765655,0.6446516946336864
9540,0.7703289351543439,0.7706492095581869,-0.5277993711747923,-0.03902352538343496
9541,-0.25175267608896906,0.05500669561794243,0.43566332746431896,-0.2642441441452968
9542,-0.8068227672078243,-0.971882822995334,0.43674342827942436,0.23404376967761925
9543,-0.6289494760175127,-0.1407844720077268,0.5114990887271803,-1.005918886014035
9544,-0.1501001819170755,0.6168793323432796,0.5916084374381694,-0.9830622438053399
9545,-1.8814928192589728,-0.19712628222308443,2.2370934509192213,-2.3031157195139578
9546,-0.5026265058031363,-0.4966403683343163,0.2035007446223839,-0.23805746239732942
9547,-1.0227515606263768,-1.2161885362261355,0.1329976935329037,-0.48360287441736105
9548,0.022063771531407927,0.6185275320481304,0.5138565980729418,-0.5087448051745705
9549,-0.35835771032085967,0.8307957546790222,1.1589229443595088,-1.2434302975761866
9550,0.38258180645800977,0.777871895110708,0.07037367461422558,-0.38728912586080333
9551,-0.22103427786128896,0.03271481251836944,0.3118694229288198,-0.3189852683029308
9552,-0.7393722572456268,-0.12059398859749218,0.8597792128500138,-0.8349787017540231
9553,0.9994189584570111,0.7146669027263203,-0.6743799270127263,0.6565888780426016
9554,-1.1566607303183691,-1.0861863634353615,0.4285335915515074,-0.7549616596542064
9555,-0.2873888858493684,0.9927827029724198,1.256267326693742,-1.2092988509318061
9556,-0.7527584707416023,-0.019356184426890084,0.7718544023159907,-1.2825267137759453
9557,1.1833167993796851,0.7226530347430522,-1.200674591946675,0.3661786272972413
9558,1.246634445043606,2.1368344480345787,0.347195686936376,-0.09288975387532426
9559,1.2617338992094715,0.9080528856467805,-0.9021832040907881,0.7252611555248859
9560,-1.3046612979030552,-0.37269423313878663,1.3092401021045752,-1.453855828244997
9561,-0.9864819341908844,1.3579780042295184,2.4284891286735877,-2.522593287762672
9562,0.3976412416260404,-0.44235214523360106,-0.8121838325963789,1.0572292274730002
9563,-0.7064740818951857,-0.3320143015137907,0.5752608506337908,-0.7086030639370204
9564,0.017159032180978185,-0.3933291915785409,-0.3360050196416059,0.4187208474949353
9565,0.1827666132640849,0.2203169728279337,0.10959428007548955,0.3145031798241702
9566,-2.091372729833897,-2.255195335349018,0.8455951477190455,-0.5366284739032566
9567,-0.4201432643890123,-0.5383743815988765,0.19738823934632746,0.1468510809348326
9568,-0.9666994075566475,-1.035564065865202,0.5607972098427527,0.035200901214533405
9569,1.0800607400906006,0.7462232234597304,-0.7819294024128185,0.6788964143024602
9570,-0.5545786123509558,0.20485087341093625,0.759829996847858,-1.1368915809345017
9571,-0.3478512121312956,0.19035801611536063,0.6006375814910359,-0.6437043672364192
9572,-0.06494781479867283,-1.4564599988135951,-1.0122792241638814,1.5003200385604603
9573,-1.7643169239983563,-0.793947932640915,1.5691948117552625,-1.6208097131234112
9574,0.09082400406851689,0.20193761718472816,0.10291506944038767,0.018429491041576568
9575,0.28085783300399325,-0.9314572541640759,-1.3760644314538246,0.8264443377280348
9576,-1.2611035834397957,-2.0554017566794083,-0.011583043365226128,0.43656277187312365
9577,1.100522535499509,2.030656201892518,0.3459527769428484,-0.36092271392169434
9578,-0.733084258714914,0.08392889946321552,0.732271315991118,-1.5315418719258502
9579,-0.006125959058837953,-1.20151854408307,-1.0202306717666196,1.080696630834355
9580,0.2881587635112965,0.6032853722005493,0.16210267437192352,-0.1412481237203402
9581,-1.3758363669785678,-2.3657430256576792,-0.3012825461703849,0.2649947783227285
9582,0.6866253756943151,0.13655276861323898,-0.8690264891771082,0.5915437387501546
9583,0.31753286517255935,0.15116516039052097,-0.15763762698975983,0.4918623594511253
9584,-0.4929722721607487,-0.8208682451204856,-0.24313333989389657,-0.20828166204727735
9585,0.34032459823592104,-0.4978453910705541,-0.7767415101414271,1.0489151379752846
9586,1.789027078232287,1.529103577645837,-1.2042527032282806,0.5770489502618656
9587,1.0181670523799136,2.4307579866816456,0.7895915760656396,-0.8391798692675801
9588,0.23850817747120934,0.47529598337950957,0.16827033510974412,0.0013281657774108786
9589,-1.1751181690939598,-0.35512521659758384,1.1336166099462885,-1.3430416930962377
9590,-1.6413852365528903,-0.4418556696234936,1.6702342437606381,-1.8536451425091183
9591,-1.3534294734876193,-1.2118335345093076,0.6183617813914385,-0.8199504866327029
9592,1.6726989935477434,1.3872072361460412,-0.9046456312948912,1.0325683857336394
9593,0.26865787168039457,-0.062140355160826,-0.46798344553125604,0.2848901663945558
9594,0.6017948216805364,0.605127824414243,-0.4144061752830429,-0.041602636465231366
9595,1.351621531152034,0.6844377798370983,-1.3445066950075815,0.8064148846110546
9596,1.3853690448177687,1.686938947831409,-0.5582959581242721,-0.10763785009872015
9597,0.6711775824952932,1.2823301093683774,0.3477365597796086,-0.08487759907319092
9598,1.045963547817319,2.304331486392919,0.7252167058476472,-0.54796843039935
9599,-0.3503812542107643,-0.5081320849941051,0.022854659627897882,0.015258207023838854
9600,0.9587799471634911,1.3521063871808,-0.03751750566629483,0.0950175569235985
9601,1.63810821965066,-0.09310854487308741,-2.0914480620848463,2.391131651585365
9602,-1.285985260643998,-0.5758849449779917,1.0399784230239932,-1.371287003373994
9603,-1.431517092414387,-1.4486065592441997,0.46070219956777564,-0.8052796712542093
9604,0.9295080274557922,1.365442275778906,0.16001349096286296,0.3066598446993138
9605,-0.7521458384994056,-2.365162533386129,-1.131794234857892,1.0279791643880607
9606,0.07709321668223636,0.8448364040060963,0.6508986683309521,-0.6169439412932708
9607,-0.8489771485629547,-0.11991178527941689,1.011910309743192,-0.9600531391869002
9608,1.3119297290447396,0.6267133817003985,-1.1704824398210945,1.1109989172793033
9609,-0.17750762950170484,0.08089753139215951,0.3504068860652907,-0.21178643411804324
9610,-0.9276271137212385,0.9739344403878606,2.009071081712624,-2.1244098680204533
9611,0.6580537654197465,-1.2922087121023682,-1.7998573561965057,2.298692939233578
9612,-0.050053611156485066,-0.3283553427055492,-0.15959704837567423,0.33271431574753335
9613,-0.8631196067955978,-0.05994525993173752,1.1638994403697125,-0.887322284477065
9614,0.7160473544366999,0.1385629820840319,-0.8601798408725098,0.7074775779927539
9615,1.7368928196516669,0.7645599801328696,-1.9233174561313588,0.9689853949533226
9616,0.7609154529068326,1.880960055876232,0.697202609188771,-0.5936576951262319
9617,1.1021355942314939,0.8370504817724266,-0.6029023715992419,0.8542528902067619
9618,0.08037714798261764,-0.0655087093271112,-0.173767882389477,0.1390188668418119
9619,-0.64539798487817,-0.1834407248638675,0.729568802443147,-0.5769330157641379
9620,-3.28398351845147,-0.6279519586678564,3.684764403628242,-3.722040513124219
9621,-0.3746037672457663,0.14766720241032003,0.7907947840416883,-0.3007175372578285
9622,-0.6839826221683151,0.7275584270165188,1.5898759634450668,-1.397793108392413
9623,2.0650847153509786,1.7779971282938862,-1.002358101583312,1.3188737059632303
9624,0.1127331933488687,0.1600980209637259,-0.1171417680140396,-0.19041820725876013
9625,-0.3673112428548934,-1.0699651028638197,-0.5728992282289218,0.260903719785039
9626,-0.26733143706699286,0.5255445704012995,0.6667378941612399,-1.0489629121739532
9627,-1.3317429205899907,-0.9616247801962545,0.8415067389349006,-0.953173843652908
9628,-0.011764926415271755,-0.32710064096726943,-0.34363565808058066,0.14186364951937958
9629,-1.2071852767267441,-0.33936710596894903,1.1883667943964615,-1.3991520306111926
9630,-0.46622137767460053,0.23820171227336837,0.8243439023904371,-0.7877651629448469
9631,0.4626011744356319,0.7408460749559853,0.12280245947254247,0.08072180219808933
9632,1.5260822147959403,1.5667643018838888,-0.4175092392395438,0.9341084265018338
9633,-0.5606314419915915,-1.1889011314914066,-0.39899295377845606,0.16393947780998563
9634,0.6920720940223357,0.27781020213932844,-0.6730458856634673,0.6155389684728317
9635,2.080850002612615,1.2779421168789622,-1.4618834836287506,1.7725097492974964
9636,0.12480759380050165,0.8362577062693177,0.5282317432841629,-0.6420648987980444
9637,-0.500052741790193,0.3853605304697883,1.035110032479951,-0.8923571488264647
9638,-0.4403622087606969,-1.587026935060424,-0.9829741219366651,0.5253564914940546
9639,-1.4718418313079324,-0.036119992651947076,1.8671697500921758,-1.8802467094353548
9640,-0.6984087807766874,-0.2782197952480084,0.742376184249898,-0.5148833404808876
9641,-0.1906545187281778,-0.6053816207937245,-0.12403702946036452,0.5620437707683287
9642,-0.6266624811141907,-0.8867865389638612,-0.11109723210999504,-0.294022015148313
9643,0.6107086196966197,2.3191689620747966,1.3351572864850048,-1.063706007255827
9644,-0.21931383093983853,0.12732432534241558,0.4315553145947421,-0.33022747248812223
9645,-1.2432700785191555,-1.03506146097414,0.6094320446492845,-0.8689319293415944
9646,-1.5592623769654077,-1.977372793116765,0.2950126316879815,-0.2769114956231288
9647,0.83588609423728,1.1727504349452993,-0.10525299891177622,-0.03054459729876619
9648,0.8945203064442082,1.1797754894417367,-0.09784486465748743,0.1751688496128185
9649,-1.7259855129544521,-1.0596561717803632,1.31431016542535,-1.291580677869777
9650,0.3998638621216672,0.7757966405374809,0.2836431656129213,0.05577833490472646
9651,0.18206095768983302,-0.6030670804134755,-0.7276096779107238,0.8240059047716944
9652,1.0460920023094893,2.1058980046158657,0.3101150337488882,-0.800504291270947
9653,2.1210773054056045,1.5827846184583005,-1.204133152274693,1.634640408416948
9654,-0.7155792605369198,-1.4709434084752624,-0.309334644442971,0.4495426740746617
9655,0.4046397495360053,2.442394779341412,1.5547337085128157,-1.7106770370235012
9656,0.06756835882109469,-0.07492054167967961,-0.04755388893535788,0.3386445532078692
9657,-0.2634825375608325,0.5289828737752974,1.0644123181142857,-0.3418918357227359
9658,0.32912416151061286,0.6795140871878608,0.059911849399936414,-0.35924535528586615
9659,-1.6990574227496031,-1.854904828136122,0.6355165296373113,-0.47177387634426177
9660,0.10807180097699015,0.30612042891159097,0.15236014966282913,-0.0843561653534575
9661,2.2063386843929407,2.3658978600030247,-0.9737525189362078,0.4540855642016476
9662,1.8800657795831324,0.42086104961447024,-1.881484450897681,2.384924146736838
9663,-0.5568371876497786,0.7050127275588618,1.4579521105844955,-1.1215433881346921
9664,0.00481969848581774,0.22750197360503885,0.1856193738430814,-0.20487351757063998
9665,-1.3833673487089422,-1.9639493872698297,0.12188577781873679,0.014027862792749124
9666,-1.9157151124163219,-0.8671838306170552,1.7143311687000649,-1.7290647050008443
9667,-0.030134818262129402,-1.7292337104378226,-1.426403735071303,1.5530923344946619
9668,0.9597237423031576,0.5886503358640442,-0.5556546263236712,1.028574792924235
9669,-0.6356766993136728,-0.5159340892108412,0.40142383016915956,-0.3178994919124678
9670,1.292640288825499,1.7157169605360154,-0.1632274450459464,0.18836081169208307
9671,2.3948878626308576,1.692509132760066,-1.5270506711899703,1.778705439274658
9672,-0.7552625881126929,-1.0074197536186031,0.06486710720294073,-0.1518843164282109
9673,1.6283537733498137,0.9669086673190963,-1.2567434615359576,1.2681740968570212
9674,1.381462344793146,1.8615996819109908,-0.34929495210239353,-0.17480330084163054
9675,-0.2129855106355902,1.3092261317163583,1.5067112445734148,-1.2659064257674921
9676,-0.6573923721203833,0.01652227663092832,0.5434681958724129,-1.431214233734292
9677,0.9012918093689506,0.06437762331033312,-1.1496025758195312,1.0383022137459625
9678,0.4738940178710135,0.07230329452302021,-0.5037740022086402,0.6306680711661098
9679,-0.91544463457054,0.008989262446467626,1.2734290092150276,-1.0476681615578691
9680,-0.36798838098590936,0.6528592623287178,0.8165930960976632,-1.451979100208978
9681,0.5952584583336556,0.8967088249081832,-0.040707485678793495,-0.11004482771978409
9682,-0.6834249506460195,-0.6954157693951732,0.4022978852035603,-0.053468557802097666
9683,1.0522141075749196,1.7447639809293625,0.15252915298492445,-0.18423083485166303
9684,0.4746474804362262,-0.25337705899172286,-0.9883715352174903,0.5651539956194372
9685,-1.1399597519281048,-0.3085003136908613,1.1700371184588911,-1.2657305073251575
9686,0.4730667386070418,-0.14463676686923693,-0.9143506954291375,0.4274065830888218
9687,-0.3825918028768271,-1.0073838222374751,-0.23758909809292117,0.6466827303748655
9688,-0.7823602855803163,-0.6122805040587526,0.6098836746033013,-0.24174871283744073
9689,-1.280266192264629,-1.2279759939947381,0.6590652053431664,-0.44758625218981934
9690,0.30373288611709176,0.11191442577035857,-0.2101905385071679,0.4446297442021294
9691,0.8190109198802585,-0.22479976600677776,-1.4797736196526665,0.8602170127764746
9692,-0.04039485824864277,-0.16845883624347704,-0.22557391179405029,-0.13543222266379706
9693,-2.2586447842962256,-2.621004255841993,0.5265879634548507,-0.8137320328031915
9694,-0.8177422226359411,1.0508009884317573,1.9780920436896017,-1.9719256069327387
9695,0.677367049272713,-0.05740960088705403,-0.8933165781606818,0.9841589601927829
9696,-2.4082220939395342,-1.159541436224316,2.3005169705976045,-1.7492735895206597
9697,-0.40532451432970795,-0.36142232999150914,0.1819379026100157,-0.25490695824503984
9698,-0.7591554151114591,-0.4726446673074539,0.660770286302023,-0.406341082452671
9699,-0.7791393990704419,-0.4268265199627588,0.5976558262431448,-0.6998217160877722
9700,0.8948734106812014,2.1172144353791857,0.6600834383817505,-0.7509906366664313
9701,-0.1458077483121661,-0.13993414935421222,0.11678166786506082,0.022831821713469716
9702,-0.41417438438995313,0.022568669666920223,0.48101306339660826,-0.6865195173181764
9703,-1.023822056222182,-0.07989927022276817,1.2718316595993684,-1.223195594015144
9704,0.6534409174068692,-0.1255310380706181,-0.878661828409841,1.0890453564611988
9705,-1.4082719723555301,-1.12168059996976,1.1012713313477986,-0.3818001311913701
9706,0.4586818525911506,-0.342634392277262,-0.974817319351925,0.7476165131897884
9707,1.6395145284304231,1.2754448903108537,-0.9561673742734845,1.0930277842039569
9708,-1.7898988201489954,-0.3040075782976418,1.952562565539899,-2.2194699965894107
9709,-1.0158727239251795,0.16172720876668492,1.3058345238671623,-1.718499506727006
9710,-3.1725172905977423,-3.7746790347128947,0.9520866210670935,-0.543057070082703
9711,-0.4821566360582222,-0.14486030669706287,0.5502011047344006,-0.40301415257671974
9712,0.8295025054975098,1.4252825833237983,-0.01685536956845931,-0.5074648481493261
9713,0.9951945620786554,0.5024112534537982,-0.9397891595150935,0.6859856475025442
9714,1.038414830642557,1.1532840879496533,-0.38684183826669766,0.24370323819204068
9715,1.4604399009790072,0.6683491829539584,-1.2888363493287778,1.3325202963665554
9716,-2.06386908141539,-2.5438583308890377,0.35865466016286396,-0.600071165884734
9717,0.4542540381844949,1.365990325801635,0.684143365246778,-0.4689481716770096
9718,-0.48621923763654745,-0.2874383890908715,0.36636764381548254,-0.3974396426756522
9719,-1.9305509517495323,-0.7230668571878849,1.8253119216554614,-1.9344518483261262
9720,1.413831835458828,-0.4582629497939509,-2.585373052669226,1.6000518095214966
9721,0.543888192706415,0.6404036531030476,-0.05774565428629053,0.29542280638301605
9722,-0.3072207141434748,-0.8676161395856969,-0.3418280051463469,0.39457501128008776
9723,-1.004477300848599,-0.5746993772074835,0.8467443661228449,-0.7086985686833579
9724,-0.0614669493061366,1.1799311932433902,1.1452681131156146,-1.0495837241667547
9725,-1.0256146147799983,-0.3833389653152115,0.848663884638104,-1.2431592639414728
9726,0.8924204539479927,0.7465282088080682,-0.46680451493507097,0.5633311554389742
9727,0.13706812627172174,-1.2162026861858688,-1.082819361578773,1.5176558601786658
9728,-0.6609947444925901,-1.1512648149788263,-0.2855372188789548,-0.08560439601133951
9729,-0.30007045932685117,0.13437470331968648,0.3207237969206161,-0.8315003098372872
9730,0.7194181417068816,1.4746093136501752,0.3142240350332984,-0.4360485325502678
9731,0.8033501117766413,0.7728764167338121,-0.24339550704322643,0.5754191369118077
9732,1.700545060577293,1.3794925601021624,-1.2136397583552216,0.6055946602429508
9733,-0.7960031218508185,-0.10857638640628778,0.8262910816155299,-1.125545833189568
9734,0.5272433928691057,0.34407330316722917,-0.4990369255298745,0.17321329806223054
9735,0.050258309876951145,1.1745083326008252,1.0432295941895446,-0.8170983280720425
9736,0.46527920248709176,-0.11141277211924329,-0.792168997376868,0.5348704225657482
9737,-0.06744754868218002,1.6983270497259197,1.621789492009135,-1.4825612584714654
9738,0.05316092557239753,1.5082246222456885,1.326319441400557,-1.1134472064372412
9739,-0.0687543644416254,0.1585533933726271,0.38000319351000195,0.041618770196648204
9740,-0.6543702046447221,0.7990307112564995,1.40365010741536,-1.7931494518567823
9741,-0.7946579583719158,0.26282104704546244,1.090558658695291,-1.5516996021859737
9742,-0.27183383231179936,-0.5169727556139483,-0.23257203096827056,-0.13323167238793093
9743,-0.792490766409409,-0.4581651251679083,0.6332683960267905,-0.6090140330222725
9744,0.3807977838007367,0.2282850818523683,-0.32234460761225814,0.24113433459475594
9745,-1.0541428262773538,0.2432185114639781,1.697597764959002,-1.360988783852078
9746,-0.713203267774981,-0.26707591884361703,0.8034260017180502,-0.48698356026185513
9747,1.2079438205026063,1.7053259863169905,-0.20025056776941702,-0.15464226272505865
9748,-0.3061552922339474,-0.9153714318430805,-0.45743998987824985,0.309775140792168
9749,1.2390079205586022,1.8610513820244865,0.029805623170706945,-0.013897839356026205
9750,-1.101571497447882,-0.47323251967394486,1.0116819125457048,-1.0099260016183285
9751,-1.3993685242813523,-0.09128055395017184,1.580468954266665,-1.9937299885198518
9752,-0.09870296932717591,-1.0274958959658762,-0.6678454315630807,0.9510541364290378
9753,-0.16706959544501793,0.27589473045296364,0.47278684309615393,-0.4296240741837057
9754,0.9759425612484993,0.4171807640737294,-0.9415276194960484,0.819990769030993
9755,1.2803246857337538,1.0300021127620114,-0.8200909141500545,0.6419565734554317
9756,1.498902927209739,0.6909239110496329,-1.2592431555295582,1.4676994855772802
9757,2.1538388045679393,1.3695044157279388,-1.6437876201263024,1.4913136323692706
9758,-1.818153837800966,-0.27925680230085037,1.985526614045743,-2.322113757148964
9759,1.429212487657672,0.33729444657904656,-1.823225488714693,1.0778121386650712
9760,-1.1757540876047543,-0.29353714076313886,1.5151767151718678,-0.8209105516910178
9761,0.078330529396387,1.1874522733949395,0.9273939728119017,-0.9523802372889625
9762,-1.6138693861010551,-0.756394354329362,1.294898511783767,-1.6576300351632636
9763,1.2914757489961641,0.7048869481602416,-1.0825291798299908,1.0042038598675027
9764,1.150442486969947,0.14771106151276744,-1.601668704501214,0.9301071317405882
9765,-0.9220939870755397,0.47237462425732696,1.661387572419326,-1.506395229907577
9766,0.32924697930386454,-0.17199192329624233,-0.5905928328842194,0.5505489853823661
9767,0.5604551188144048,1.5474289453986034,0.7985133549089043,-0.3258156967600683
9768,1.615433908080978,1.245449360083888,-1.1195967703879768,0.7910644663126986
9769,-1.8096293227918991,-1.2120260901143967,1.3697290770021975,-1.1247365935392786
9770,0.9198010115936297,0.37464229252876247,-0.9825844187299232,0.6496142686150992
9771,1.1221989606272214,1.0831108676801562,-0.4492384705967894,0.602662763287929
9772,0.4092497044155904,2.0858231361205894,1.2974981084651356,-1.2866431902954267
9773,1.1828656720476445,1.2036598687435682,-0.39762502916845616,0.6193860635177557
9774,-0.2764237638730698,-1.557066329242578,-1.1254889614387147,0.7876105392381295
9775,0.7546822495376846,0.33364926911525655,-0.8303051522059715,0.42701991058529776
9776,-0.685355284509872,-1.225819634270732,-0.2334217173652501,0.09936262805488809
9777,-1.5746632042521238,-1.3119794096182218,0.947915392824543,-0.7874878481383055
9778,1.9737218388765423,1.2226929544492957,-1.4986967612941429,1.4580518628914132
9779,-0.6398237121841166,-0.6472126124914256,0.2997227394675104,-0.1950176579962457
9780,-1.0662804944040993,0.2425228929435256,1.5485534584221032,-1.6656589111504894
9781,1.1386203087498263,0.37100644387222165,-1.1939728181681304,1.0677119111431985
9782,-0.5390453541430253,0.19085999833368497,0.9783536019065872,-0.662020747192876
9783,0.933551063337828,0.38078220038866273,-0.8702655499087018,0.8821017699106032
9784,-0.22834689549265882,-0.6712390164756412,-0.37108893311415647,0.15051781331678543
9785,-0.717998840812077,-0.7606670811388765,0.1545186443741741,-0.4565935252481548
9786,0.06833779989391271,-0.5941460948474984,-0.5226523622718217,0.757507192166985
9787,1.231004366685073,1.534926695152469,-0.39003684461184246,0.004603074776187929
9788,0.5462268909373575,0.29956154786074485,-0.466085236220626,0.4067451142750125
9789,1.1425647765158198,1.7287366108358895,0.07698206470135954,0.044198500442983124
9790,-1.7041772661454,-1.6528418150859487,0.859837020864348,-0.5824456402003094
9791,0.13987285251710266,-0.33755047226336826,-0.2535104783972521,0.8682128596264643
9792,0.7743210332512668,-0.5129500988341216,-1.3349243172709062,1.652115490849217
9793,0.05063665016996116,0.07479355890371016,-0.007419487050465277,-0.012750875964884284
9794,0.9198844426121944,0.6400583502160287,-0.521297851681808,0.822577335510592
9795,1.7149774004664406,1.3178160894158848,-1.3372036096949698,0.5881816384077904
9796,-0.9234758131800677,0.6281096791391151,1.908167121748047,-1.4521615396988137
9797,0.6492217296290537,0.895737114149988,-0.00698193233741502,0.14472039210276594
9798,0.7184835846411843,-0.029689898802896672,-0.7088893986858054,1.3895690800569862
9799,2.0026645712737503,0.3462828121423605,-2.423332576806058,2.0473885168625587
9800,-1.0715959152066903,-1.5369442180292707,0.047880809659172796,-0.033519071616066126
9801,-0.4357235130341694,1.226633235879545,1.6601423923320766,-1.5919585313389015
9802,-1.0689100548520407,-0.4518393171635717,0.9786811707311179,-1.0030673926943574
9803,-1.2037923463296993,-0.4881210722535669,1.0221386117407167,-1.3209438616160436
9804,-0.16332492341714344,-0.2219124364848289,-0.19695005055954445,-0.3952679095267785
9805,-1.6256866696145666,-1.2921613290511258,1.1048448704902674,-0.7408990061333998
9806,-0.40776994448157644,-0.07494391480122618,0.18852958257223826,-0.944085200333209
9807,1.4942216565619983,1.4607799401448824,-0.4352913046910875,1.044869462315364
9808,-0.4993941881306341,-0.08339377944739407,0.6784009502442361,-0.38694316997902006
9809,0.8465831190340041,1.9159892710243795,0.5882929596034938,-0.5641723907526375
9810,1.0116409590653308,1.6870189388621066,0.12755561091434892,-0.23383973110073483
9811,0.055437840274920026,0.7969068158675618,0.5584096459984025,-0.7417524125295776
9812,-1.3522964667648714,-0.47752854418300605,1.4223560167058376,-1.1713229871087105
9813,0.36972262237441506,1.0159605775829794,0.24099847330154642,-0.7073936606518701
9814,-1.6713131474771272,-2.123376660754451,0.2804644944749412,-0.35044259110517784
9815,-0.2808025460880283,-0.3274482086888447,-0.05175067693068688,-0.3041184551563814
9816,-0.727741467288788,-0.851513767505683,0.00026630490825554513,-0.5441059279339429
9817,0.6620697943329299,1.6217182912637396,0.39157222667835506,-0.8599815090081769
9818,-0.1734540703492769,0.2568302436229374,0.4941753100164289,-0.36865712530278416
9819,-0.6528257358168628,0.4979119543687547,1.2508968958574584,-1.329697446356308
9820,-1.2634213027344283,-1.6433161374330238,0.2788073369457531,-0.05489042713198217
9821,-1.2106983670640674,-1.1146586500446882,0.6949686311364681,-0.4092890250109362
9822,-0.45555132869563136,0.11488158462716869,0.6437662061429061,-0.7703009414284565
9823,0.03798023364787737,0.08075385416413627,0.11581007424571196,0.14501847640084617
9824,-0.46861947091783046,-0.5128694329429511,0.0784334121228152,-0.2979349205697201
9825,0.7459519290708081,0.7080550044449194,-0.3205270869764373,0.3907340313290377
9826,-0.32315235355351435,-0.8928619172464523,-0.20756846312854502,0.6354825214300894
9827,1.289794210761959,1.410689602048462,-0.5177075942888346,0.2896519241965936
9828,0.04990173291158165,0.6921262679338717,0.6978686452399228,-0.2623703872602058
9829,-0.7993908881895883,-0.6874323813184351,0.42947440159325634,-0.4393788909683547
9830,2.5569566964362433,1.24843665201205,-2.175817265650352,2.2862492667080647
9831,-0.32151779005389697,-0.5030232588588811,0.03490053986518287,0.1273543681197397
9832,0.955630880241204,0.8446192301886369,-0.48625476633336123,0.5180235954952815
9833,0.3329786141115158,1.1592469660573153,0.6708586835119194,-0.4264953040575437
9834,-1.4401094843570945,-1.7654686437329223,0.3575601552526518,-0.2525050757691094
9835,-0.45007101233520247,-0.2144718378594629,0.27954584414954864,-0.5976618821406422
9836,1.2468101961583942,1.691125388709614,0.08041803995183626,0.5137923606547435
9837,-2.1709779559409657,-0.47836370500578373,2.340387508212146,-2.476362924343131
9838,-0.45896569322642533,0.24490309343239364,0.7082631663149441,-0.9828169117990633
9839,2.0615170245383405,1.2224308677364009,-1.458207278550067,1.8439837055364272
9840,1.6411271006662334,0.38319759577482615,-1.9054781281459356,1.5793855181001106
9841,1.3363305962200906,-0.36227184130785883,-2.1807202388694975,1.8050263171732324
9842,-0.7070417257173255,0.8611766651750918,1.5631015604722522,-1.8502570462364714
9843,-2.40284140568644,-0.7921512695443269,2.5779618656239327,-2.1280711731525543
9844,0.6797347771637631,1.099473958456294,-0.0008829914615357231,-0.22761788435527355
9845,0.5212447567298736,-0.0968983264268943,-0.6353607632185134,0.9765376935868532
9846,1.0912225179591768,1.0385751429529693,-0.6941062176654758,0.16749110433442296
9847,-1.38813074159995,-1.074160148616897,0.9320205986091596,-0.7232040821121289
9848,-0.3630913150343099,-0.47822741578294964,-0.11171710049274246,-0.33984753408317764
9849,-1.0161971792026103,0.24367823920026194,1.5794111516398701,-1.4349625059435063
9850,1.4164077740405774,1.8164886783823326,-0.32602219685111666,0.1001626492515187
9851,0.7331153108173651,-0.08231553791321905,-0.9954214771622675,1.0634791171390385
9852,0.5425885222979033,1.3634539508857648,0.5325366723670006,-0.4145098966898168
9853,0.709739062763718,0.657323739833311,-0.3734437211498785,0.29046904284095615
9854,-0.9812885710198702,-0.4488276788556399,0.9272702436241436,-0.7878051241331374
9855,1.488807208153499,1.2085373927642167,-0.7959652288618266,0.9985352638387339
9856,1.7272546231966524,0.6410934272365981,-1.6436651503746584,1.7261870053270747
9857,-0.556770293337381,-0.823184931907655,-0.09374448501764021,-0.16719260098859387
9858,-2.0875792416840318,-2.7008722752685657,0.7051801186051743,0.30585107217836444
9859,-1.555021752928526,-1.5416357917905545,0.6123831469651851,-0.7544540569700434
9860,-0.02305786578651928,0.6985319992575514,0.5215048496047964,-0.8498306717934042
9861,0.5168681364640095,-0.5578307980510275,-1.2650355683216719,0.963461629560965
9862,-0.3310932148020175,-0.07152315545658329,0.5410367376690676,-0.05630489712845146
9863,1.110275343043306,1.1472380147948975,-0.39683710614932377,0.49757187176396506
9864,-0.5277772450476885,-0.40915543872644583,0.348808393199843,-0.2829468180779058
9865,-0.09342816197385216,-0.2586002997057662,-0.12956518798978164,0.06212591411318896
9866,-1.7293286218284272,-1.0958497946305472,1.4359908007847588,-1.0014153248216298
9867,1.6689498572214674,1.7032234220171394,-0.9662748151790157,0.1470108719534942
9868,1.4583371820128987,1.1657876848784308,-0.9831174183598094,0.6626870796357397
9869,-1.1131503145240411,-0.383187568934711,1.0072638565944343,-1.276642229573293
9870,-1.4856955471447548,-1.9339577593900765,0.21852904300123135,-0.25373487418881335
9871,0.4581878847207267,0.22739907577636956,-0.5198924653583042,0.17140613108791478
9872,-0.08697107872721563,0.044959421440726344,0.025546300549071747,-0.3744571007719454
9873,0.10555278003546713,0.4983106698111001,0.40366618698369733,-0.11426905571243172
9874,-2.0619417995635443,-0.9482518935639794,1.7587254789093278,-1.9776505127457713
9875,-1.325257118633484,-1.0736418844063502,0.7369096446266417,-0.8439208177275936
9876,1.0953385283364658,0.8426186120906504,-0.7148677952304157,0.6189616182761976
9877,-1.9889105699628837,-1.9471540756996808,0.9245416994017717,-0.7752027906772857
9878,-0.8961092463931625,-1.1868243835054983,0.10776735798641823,-0.14631435126219006
9879,-1.2895737100038334,-1.1911655944207575,0.6739781526931587,-0.543474578209795
9880,-1.1781581376949657,-0.15365383108493255,1.3404244639226504,-1.4757463210550936
9881,0.07000644727151666,0.7257952690554669,0.34006100816177737,-0.9031141892610134
9882,-1.7156512866619147,-0.827427563658334,1.43007413657285,-1.6114045138744642
9883,0.244198273449799,-0.9217286965786035,-1.1614936700784015,1.0504540353971983
9884,1.0824090700021196,1.0960191564365418,-0.35985829044854073,0.5869261757621479
9885,0.17483739036167442,-0.18030847309749984,-0.3977539489865495,0.35885987018585275
9886,-1.881584311902812,-0.603306893796368,1.932945125191034,-1.8588137079420515
9887,0.6848130008034378,0.27765871688594845,-0.6729932582491186,0.5900470050874366
9888,1.285663754142514,0.03875602517231058,-1.6486213358727326,1.5938873797320308
9889,-1.702066148801276,0.23110399055567046,2.5097327368281777,-2.2151626243673257
9890,0.3394886095813164,0.43515931341040587,0.18528460642156014,0.48930694033584304
9891,0.03421073469032562,-0.1559314926948139,-0.15070858955379704,0.23310054662466845
9892,1.176997963227371,1.937295220367247,0.24263393834305486,-0.04427425509188414
9893,-0.640922503188641,-0.17586309625386862,0.6466653115275404,-0.7255060173682883
9894,0.8750216039282861,0.7066603103676883,-0.5134735849866597,0.5151045595077847
9895,-0.7919331725286194,-0.6120808698468876,0.37050554851642875,-0.698788670925907
9896,-1.8737377699704918,-0.3854562313833871,2.0630281692493826,-2.127533953093989
9897,1.8335193811400894,1.271989342361566,-1.311365338838386,1.168256099551465
9898,-0.008380234530664736,0.2558302550883403,0.17213251857264267,-0.34429195795050455
9899,0.5722554338197618,0.9821579275826801,0.2435924643769789,0.10288612770187025
9900,-1.118047617121266,-1.913757531974459,-0.060656532113119464,0.5192199171469173
9901,0.5550153121385697,1.4675904253432839,0.6566789685136898,-0.40262996998136213
9902,1.9551391193516074,-0.4784895070855371,-3.0384644627525845,2.78466877542527
9903,0.07898836196529205,0.9745381250613062,0.7214809432934964,-0.7989697851061164
9904,-1.7214307074236632,-0.8039965445921439,1.46942817270863,-1.6192370964896439
9905,0.5026973537035077,0.5941115763771143,-0.273807838445858,-0.12120011871135686
9906,-0.019947374260635062,-0.395054072460829,-0.3617434190191735,0.24482410849136096
9907,-1.3094633537666485,0.15949138123322068,1.9380529205117518,-1.647244977231209
9908,1.7138755797057783,-0.22879484939807182,-2.5383552197128254,2.2013036501841534
9909,-0.6128680902310868,-0.24266910753037466,0.7609328996601402,-0.26222262232814
9910,0.021343883294122287,0.6239038404572971,0.4243291720579749,-0.6822596571201407
9911,-0.6417578619299595,0.37173157043637206,1.1407018326808096,-1.179725064345931
9912,0.27416918584429995,0.446516202710304,0.0002007312141478703,-0.09818582112036243
9913,1.2087858645674414,1.7364483814746259,-0.0255152887233617,0.08146923553583867
9914,0.40644716285192983,0.930615237083595,0.21441126282864648,-0.4168386590789543
9915,0.107826799190964,0.2548878210730816,0.22329439696615394,0.16368356224744593
9916,-0.6794322037510909,0.036994623344859055,0.7739881238387563,-1.1527552876772111
9917,-0.9353443801732181,-0.9003936961422006,0.1824184881534727,-0.8468211233531022
9918,-0.6568088903059179,0.10322370825677359,0.8095670220569988,-1.1691004106641156
9919,1.221054727400546,1.8806013933069285,-0.05123842887929726,-0.26829395638276354
9920,-0.9034207401589334,-1.1865517554911336,-0.06945886375907206,-0.48579172500193757
9921,-0.11637845425095607,-0.6529186957031655,-0.41368145961426134,0.4313951522967515
9922,-0.2080186723186055,0.6174892522494302,0.9095747279561993,-0.6306027268243772
9923,-0.8121244427275591,-0.12772757884432087,0.9509296536300192,-0.9170138258437284
9924,0.6595688732632393,0.7425846571059528,-0.20017662780740852,0.21083807279431543
9925,-0.9490456540665482,-0.7885443919485876,0.7875102954057117,-0.09844008705085164
9926,0.6788104694592441,-1.2380404613326916,-1.8259414724760983,2.196018844773829
9927,0.5368965795136919,0.7107718531632907,-0.03638169626345657,0.1381273112983406
9928,-0.49444781998538073,-0.9559950237609035,-0.28926927294699867,0.031480680033082825
9929,2.8768873755141344,1.7871776261708878,-2.20859451075009,2.070681469191094
9930,0.16988648218875516,0.1867446615029113,0.01504863976366852,0.18275339903438373
9931,0.21410459216215408,-0.6951360245552249,-0.7929772393197082,1.0456492843992762
9932,-1.1678834672479923,0.06456602774243705,1.712175139493078,-1.3103034063740258
9933,1.385260765498144,1.4169691923968253,-0.6810447877986928,0.3275936230386153
9934,-0.2503179602857243,0.3582882692550152,0.8631218911550023,-0.23760742642754784
9935,1.1439745505424124,0.8943156471083582,-0.5803313750323631,0.9053074675207644
9936,0.4202355015581286,0.8147909976528598,0.20206213745381085,-0.10952908172630677
9937,0.31317851973936295,0.8445773350716936,0.03934917609329964,-0.8512836329741689
9938,0.8113962405726709,0.018260929443752877,-1.1336719498069088,0.8564442176025168
9939,-0.7729334645477194,-0.387697901634832,0.6809313710088729,-0.6252384431824266
9940,0.32731460394234396,0.8888630658315192,0.1300829044451012,-0.7476503029338164
9941,-0.12199056650410045,-0.9329752755370903,-0.7317066913659158,0.5267917253620233
9942,0.15572618035163405,0.6373410366429643,0.32110156201336393,-0.41643597571138335
9943,-1.6819514952651198,-1.8832115656423571,0.657223233483144,-0.3039414659082284
9944,0.18744605192765926,0.9478856333493135,0.7337931754112486,-0.32513074556429833
9945,0.4592743908163967,1.1764900325070113,0.564603044344657,-0.20411700989785397
9946,-0.30606327072706085,1.0738290558733965,1.3892736726986792,-1.2371847148783601
9947,-0.7613607257366493,-2.2405141899756633,-0.9266531293494626,1.0558456669286813
9948,1.0734885340653668,0.9252635411095255,-0.6715146457364545,0.41768610491018343
9949,-1.0174238968675418,-1.6031372920334257,-0.09313374156372585,0.07125795101731802
9950,-1.7622908102393777,-1.448075289204639,1.2090341877077697,-0.6687778717220616
9951,0.6241711694282153,0.6808101027995215,-0.285265226035961,0.0834043873068845
9952,-0.7743318320868764,0.36560004917981365,1.4768571665556043,-1.0457781266485067
9953,-0.6384067636997265,-0.09017190602275497,0.8075132258328431,-0.639738227973181
9954,-0.25498743737151336,-0.05145183515142571,0.30063694564645443,-0.2568562620694902
9955,-2.037865841426967,-2.102737762423164,0.6231966240250115,-1.1060245590276796
9956,1.519074633500818,1.0918687097014925,-1.1465191109396788,0.7701015200637127
9957,0.8793415600026926,1.1977297521275003,-0.13349069910262723,0.014642305929299252
9958,-0.5435032485658065,-0.394989661191399,0.4299070848696794,-0.2303051545609952
9959,1.4141955720688617,2.2924098983404537,0.33102707042338964,0.10177152141161332
9960,0.9701112157176361,1.5649249318865412,0.13847711404963567,-0.06808666315104628
9961,0.01152656385919362,-0.7114556116190144,-0.8343570458182178,0.2878618145817434
9962,0.05797098104603052,0.019527187416785524,-0.048489666860280604,0.07451956591470756
9963,0.6543810793513819,0.8396600293667075,-0.07189906288663205,0.184100674360533
9964,0.14088849087397354,0.960576895028937,0.4326039733169832,-1.0536192058709302
9965,-1.9364470093884494,-0.2915972389276175,2.2308173647588108,-2.282426904729684
9966,1.0729243298838689,-0.04176437100838359,-1.475799493585572,1.3327839748212997
9967,-0.09563552772829823,-0.24465041755395212,-0.15577856586038832,-0.02571330965840367
9968,1.854100163376128,0.7621023464779355,-1.7148786223583057,1.7616813847290818
9969,-1.006468080851266,-0.8207282889953166,0.7802135696808421,-0.23884691866148228
9970,-0.24605515542779072,0.7654981260790539,1.0319140124232222,-0.9082929027786937
9971,0.579015558080758,-0.3372544740408279,-0.9937040795362329,1.1314844070559102
9972,-0.23713507708433604,0.16543067223033278,0.3965295397240862,-0.5477895740653216
9973,-0.929859957465477,-0.7107689342311191,0.7295287105970114,-0.32003684159055473
9974,-1.3438645608446989,-0.5777103999322645,1.0702722512834666,-1.5203450559077876
9975,1.8541336404085007,-0.5634488195743409,-2.888700645783405,2.8930502360482664
9976,-0.5541886058646327,0.9658891899273007,1.6230830870906408,-1.4509512495264707
9977,1.275625658305752,-0.43880104003664533,-2.037370760193703,2.0257980405653138
9978,0.1802456678139147,0.47750511687393055,0.135433346892074,-0.270228257662628
9979,1.0841818398014393,-0.3256746151506327,-1.781191541516957,1.520086873708682
9980,0.41175539891594365,1.0153260411670566,0.36619378863614743,-0.3347135994019064
9981,-1.024025010025857,-1.4159731349379192,0.24403435974242974,0.19038020300511016
9982,-0.32640857654789585,-0.5754421160080729,-0.1106659322450649,0.02799416818556858
9983,-0.48266372935544005,-0.9092920022144373,-0.18361985377634896,0.14718189197073672
9984,-1.8921885253711108,-1.26361096453295,1.3480073750046437,-1.3335877782996854
9985,-0.8576380808088291,-1.405525860802248,-0.07278953599108724,0.20099331621650943
9986,0.17686378517274975,0.47139617473684325,-0.0010202983568043977,-0.5083058321310027
9987,0.594432845890537,0.7957855883641666,-0.05173755856867012,0.11135046175373396
9988,1.3806912370246,1.1242497597928056,-0.7851662023056285,0.8346987458668654
9989,0.5790031370412192,1.1077221578220813,0.1124225473006287,-0.40774865213573525
9990,0.19008561340479305,-0.5763776803620726,-0.6098841565218477,0.9959214777235481
9991,0.7182687865695697,-1.6330671791280618,-2.1661106152879985,2.6912125084836984
9992,0.09585767373217281,0.9483253414804641,0.6407547650816354,-0.8177642559231924
9993,1.445971700926873,0.5318937272102571,-1.4156528897183869,1.3866994677412763
9994,-0.6303090712196013,-0.48535623966022706,0.32606925412616206,-0.505527710447404
9995,1.330379534115023,-0.8221873226805385,-2.405134695160597,2.4988663319270867
9996,0.2984076940455462,-0.5111437063557168,-0.8842848453674662,0.7414512372672571
9997,-1.3839995607932563,-1.3301810178292561,0.6375118994115753,-0.6095501953369606
9998,-0.7254712473875448,-0.07513575317056231,0.9700428514657619,-0.7005615603577123
9999,-0.6398236683634972,-0.34748486917782484,0.495779200245635,-0.5731877697513761
