Paste volume per aperture,Stencil thickness,Paste viscosity,Ambient RH,Ambient temperature,mech causes,root causes,board_number,hour_of_day,stencil_batch,Defect
0.04066235607679706,102.28781278971118,196.18977813947183,43.88621090766116,21.101894421220454,,,0,6.0,0,No Defect
0.03968778414043992,103.03110171395727,227.31325106374496,37.89466122656388,20.939916147958957,,,1,6.005,0,No Defect
0.03938204393197014,100.67832359951836,199.52455596385192,39.04332210694389,22.31145825072442,,,2,6.01,0,No Defect
0.039250203442679966,99.99810754793046,193.47458624084777,41.050917109287646,22.095938585564824,,,3,6.015,0,No Defect
0.04195440649850652,103.48781273879639,182.50133565897568,41.478894610281756,22.668842291320185,,,4,6.02,0,No Defect
0.04014791253863615,100.75523426584374,185.11557162346182,42.74267684796335,22.125984261137095,,,5,6.025,0,No Defect
0.03919763906737302,102.80936827099045,231.01249553073177,34.47882674663335,21.71858651461333,,,6,6.03,0,No Defect
0.03837203509206407,100.33868786751383,205.85763519367703,32.054514218636335,23.965242442808155,,,7,6.035,0,No Defect
0.040984726977893134,102.91187813341492,194.32598889606643,40.21980326402948,22.310447896473576,,,8,6.04,0,No Defect
0.03904010549551098,100.33460795567106,206.03122934747714,42.58333643149268,20.88822331770031,,,9,6.045,0,No Defect
0.0404321579830569,101.80073732111258,188.33375136041306,40.23347011350945,22.67249575690937,,,10,6.05,0,No Defect
0.04124183907858762,102.1547093706856,177.82102415437987,42.618312529102774,22.6304272176114,,,11,6.055,0,No Defect
0.03936103296763874,100.92755711339932,197.09082244901919,36.0159755206092,23.36571123380504,,,12,6.06,0,No Defect
0.04180851264066756,103.48683103455204,190.10557511449838,44.79594685109021,21.250381208066557,,,13,6.065,0,No Defect
0.04048191212991436,103.77072995960795,216.95843592667626,38.8588562654378,21.325893160653713,,,14,6.07,0,No Defect
0.04109598672598189,102.93172484711233,191.47965722689835,40.44397633937725,22.43577806920409,,,15,6.075,0,No Defect
0.03970707295347116,101.81255959835833,214.0232929470581,41.90684417133875,20.618395032865696,,,16,6.08,0,No Defect
0.039330919352953436,101.99416770621957,218.97192154241256,37.73438322626817,21.532086466000507,,,17,6.085,0,No Defect
0.04012945051865632,102.84467248261112,208.78306715754772,36.32777914360143,22.57589019532455,,,18,6.09,0,No Defect
0.03804843889890789,100.09052189531063,219.98057955341864,37.852195463676765,21.429226150437525,,,19,6.095,0,No Defect
0.038112638010746096,99.43650693811256,206.96174993561803,37.20481364161295,22.42095521781343,,,20,6.1,0,No Defect
0.04053879185588681,104.1689436818295,222.22475021450884,37.53502415781796,21.40818794431712,,,21,6.105,0,No Defect
0.037441365890760414,99.15785241561282,219.261809046144,39.582272565488424,20.965947937609965,,,22,6.11,0,No Defect
0.04040210594650029,102.10827451578564,190.9672708826501,38.86250576183658,22.939778893176985,,,23,6.115,0,No Defect
0.041054821598877855,101.88455086551662,186.38084091860347,44.91609217709996,21.466207612518872,,,24,6.12,0,No Defect
0.042920918572410253,103.66774803851992,161.87369157053138,43.98174508361858,23.256555217104026,,,25,6.125,0,No Defect
0.03793222854551842,99.73966331011175,211.52918194863963,35.546361214489636,22.63499513601307,,,26,6.13,0,No Defect
0.042066799316219566,103.01935623304372,172.2819511477385,43.83598074911673,22.657237596099016,,,27,6.135,0,No Defect
0.04030331221488166,103.34716682779653,207.7595280746244,34.23688841536861,23.272497959509348,,,28,6.14,0,No Defect
0.041042541524056224,101.53951825983602,169.17509323272998,41.020382884953776,23.666613817580203,,,29,6.145,0,No Defect
0.04033402604015806,102.41460585869964,198.93917881293942,38.33648513584801,22.621646014659824,,,30,6.15,0,No Defect
0.039047429996045116,102.64772009398803,234.6338790072866,35.28642548818191,21.3172388604007,,,31,6.155,0,No Defect
0.03870028602304962,101.22037844293123,225.92809295214707,38.931445645012694,20.7861366020254,,,32,6.16,0,No Defect
0.04055043318915885,103.10382498240725,215.9093010727482,43.1467804694769,20.186270862301946,,,33,6.165,0,No Defect
0.03881385443863564,99.72806036285839,197.5822992456865,40.412870723045145,22.095742179575815,,,34,6.17,0,No Defect
0.0411030284687929,102.84467493032335,198.7123186182167,44.310871373844776,20.910338030696273,,,35,6.175,0,No Defect
0.040834311982723547,101.70438512346082,177.0572457690894,40.5823683372746,23.325676259669258,,,36,6.18,0,No Defect
0.04095210205554039,103.15231353393605,198.85139411056264,39.193483105551614,22.40001728139659,,,37,6.185,0,No Defect
0.039404583320025416,101.98776567636835,217.076396825797,37.01685469611813,21.90823338911017,,,38,6.19,0,No Defect
0.040513811226057704,101.35428940365543,184.90847691381975,42.71361991019051,22.227230661631395,,,39,6.195,0,No Defect
0.040477100623952836,102.76208974395871,209.08795499455036,42.88452492553583,20.694564524595307,,,40,6.2,0,No Defect
0.038749433430888824,100.9882969631753,218.83439054279344,39.249155240058855,21.147415523816054,,,41,6.205,0,No Defect
0.04076126842098426,103.6192718588544,214.09222834430705,41.40969118012373,20.825783013437103,,,42,6.21,0,No Defect
0.0410120667435145,101.95945519236771,180.79619266425203,41.65630817280685,22.80236604601602,,,43,6.215,0,No Defect
0.04308654013188928,102.93705936913715,154.70476287115054,47.21517319572264,22.801014420982348,,,44,6.22,0,No Defect
0.04145208877351398,103.23491223725321,184.7994566651973,38.35690628151354,23.528495520399268,,,45,6.225,0,No Defect
0.0390260741034357,100.96108001537968,210.49826276963435,38.00327032184333,22.038366102248776,,,46,6.23,0,No Defect
0.040845315387299,100.53570796735421,167.14627555695233,44.7428949659624,22.746976464813752,,,47,6.235,0,No Defect
0.03894319313450946,100.54483918372877,208.82419790329914,40.99939006327646,21.267797521162002,,,48,6.24,0,No Defect
0.03955395084896974,100.79394475239863,193.86822813177426,40.53570141804394,22.32605345038943,,,49,6.245,0,No Defect
0.03831864233336868,100.95173326189153,235.13368821672955,42.15533673828523,19.31612801130391,,Ambient temperature low,50,6.25,0,No Defect
0.039354285802386035,102.33524246069994,218.6420435964107,35.56811507075249,22.262045946394853,,,51,6.255,0,No Defect
0.038763961069166034,100.41691839638808,193.2124085351443,30.34100808256637,25.34777027384218,,,52,6.26,0,No Defect
0.03833611189033123,101.68116857126907,227.85612070947403,31.248822688620365,22.955832787294664,,,53,6.265,0,No Defect
0.04192190239708477,102.19451872254072,171.58606806918485,47.646731697990155,21.650890705124144,,,54,6.27,0,No Defect
0.04061620358999593,102.52420136180567,195.19381609805026,38.976019613936685,22.72564672936774,,,55,6.275,0,No Defect
0.04015137258117816,102.52189053144865,215.29594008848176,41.39769356540714,20.786843107615734,,,56,6.28,0,No Defect
0.037396939047102444,98.95309693243976,220.40260343149703,39.01068354704455,21.14800601290943,,,57,6.285,0,No Defect
0.039722474110300415,100.93533822535404,192.65332474190828,40.073207085803155,22.55974107528809,,,58,6.29,0,No Defect
0.03907602213806559,101.6815549059478,220.58331675733845,38.65323250238053,21.258423864751094,,,59,6.295,0,No Defect
0.038894555591400155,100.03851168214916,204.32208259504648,42.14536543573253,21.237752403895477,,,60,6.3,0,No Defect
0.04015645317299327,103.13786779480118,213.27433748011597,36.801557460867556,22.261027686546747,,,61,6.305,0,No Defect
0.03970972748231963,102.51131643414182,220.93378736185687,40.162285313569946,20.808600069548387,,,62,6.31,0,No Defect
0.04002800810497789,102.41140655292185,207.53049169494403,38.272919310885484,22.187954008486148,,,63,6.315,0,No Defect
0.040129341727929924,102.42485468249305,203.19111130181824,38.99385708426861,22.24366169415933,,,64,6.32,0,No Defect
0.038380909420071316,101.23936803593244,231.61706134862197,38.3163484943348,20.688999130373194,,,65,6.325,0,No Defect
0.03998366923034681,100.78394222856899,188.36534593374705,41.30133196762888,22.488027251057083,,,66,6.33,0,No Defect
0.039803902607394394,100.67504296867341,188.81494854501716,41.03663204056702,22.536687133480584,,,67,6.335,0,No Defect
0.03890358937395209,100.84388616149113,212.73425972395924,38.404436591098886,21.83477411653001,,,68,6.34,0,No Defect
0.040309432870389204,100.55542713224774,171.45255919728453,39.289910987899674,24.122266360008485,,,69,6.345,0,No Defect
0.04041458757345165,103.58471330898827,220.84504088220487,39.39706926779945,21.063756932901978,,,70,6.35,0,No Defect
0.03866315180912446,100.33818360486653,208.4875581520957,38.17632014854141,22.16554199506082,,,71,6.355,0,No Defect
0.040692535772507435,103.9179734781484,214.95043329077947,37.87807283889916,21.87464080816987,,,72,6.36,0,No Defect
0.039464982392633866,101.3804613940664,207.1286851705653,39.08241915396136,21.995973614542997,,,73,6.365,0,No Defect
0.040032683713088,102.22101682832624,213.33875488602257,43.27504550726053,20.396662650534136,,,74,6.37,0,No Defect
0.03897676094346598,101.53903571302398,220.37898301576558,39.56292191030287,21.040123873952584,,,75,6.375,0,No Defect
0.03888025162638143,99.96897828848095,190.32607574529806,34.55782581302729,24.350834814859414,,,76,6.38,0,No Defect
0.0402005464063811,102.22948149081772,211.96983559486912,44.73976949244347,20.061598226608005,,,77,6.385,0,No Defect
0.038801986185729324,100.98070014398934,209.45411129062288,36.32462615993646,22.661826214892194,,,78,6.39,0,No Defect
0.03937436583521359,99.34550522115623,187.99467507021023,45.68035471403496,21.257646583918007,,,79,6.395,0,No Defect
0.03787387002682835,98.9589933910626,207.9976183164107,38.86377245841518,22.010595959452477,,,80,6.4,0,No Defect
0.0408305550287263,101.44504212863717,178.63344331190433,42.80111607392776,22.6882132873014,,,81,6.405,0,No Defect
0.04094892089541631,101.50530799470391,170.38902938230729,40.89080004591782,23.75273060793095,,,82,6.41,0,No Defect
0.03900191165706969,102.23541012454898,229.03588970475423,37.18390657473887,21.224714604667042,,,83,6.415,0,No Defect
0.04274795655110242,106.1833537487797,201.7611608793137,39.924968512126064,22.13017198450221,,Stencil thickness high,84,6.42,0,No Defect
0.0418250364390307,102.53790671213737,176.42186444488556,46.46875510459583,21.769144006481728,,,85,6.425,0,No Defect
0.03842215394601752,98.06036131595035,183.11211213252818,42.27675381912068,22.558254326299313,,,86,6.43,0,No Defect
0.04009880356291936,103.40539829349404,214.72113371393561,32.185167438907634,23.585322525084074,,,87,6.435,0,No Defect
0.0405121418072156,102.15528714537224,185.913756478541,35.789878166845774,24.30281020539033,,,88,6.44,0,No Defect
0.04089299183341715,102.93452307320133,193.7587307829033,37.6420086462295,23.287237781488002,,,89,6.445,0,No Defect
0.03991641896910858,102.54621051179157,208.8693985344101,36.2199068040817,22.768310360127476,,,90,6.45,0,No Defect
0.038942723626068335,100.50908049524342,201.64981439228555,36.144120169410215,23.229777349265753,,,91,6.455,0,No Defect
0.04261991252541106,104.32626246690145,177.36983123259785,41.43020353423668,23.2063929877201,,,92,6.46,0,No Defect
0.03970534248691937,101.99103607469826,214.10172191308317,39.72957881736622,21.43035586525536,,,93,6.465,0,No Defect
0.039633225343112755,99.00013205918194,164.5230568438013,41.86085393114344,23.84753379163209,,,94,6.47,0,No Defect
0.03966791658111278,101.91399226596056,211.76681859771284,42.01612072235114,20.904164840293195,,,95,6.475,0,No Defect
0.039829425045505774,100.54143557078012,180.79039699373044,38.16891997313646,23.935916257860857,,,96,6.48,0,No Defect
0.03810345974321801,99.12427082898495,200.48709620480315,38.19968122877051,22.704820994507937,,,97,6.485,0,No Defect
0.039989368679365846,103.13624521793274,220.43118056448156,36.478972604129055,22.00589009939459,,,98,6.49,0,No Defect
0.040718623256691115,101.34554477246998,179.66271697198476,41.60064232693196,23.019686876230242,,,99,6.495,0,No Defect
0.04123503492518101,104.80916899102861,209.83947050354394,34.91782533446008,23.123417025946136,,,100,6.5,0,No Defect
0.039350430310586805,100.42098273668518,192.8241963730173,38.49272140397985,23.111859532842512,,,101,6.505,0,No Defect
0.04036064750919724,101.97229616392282,195.4665331351624,39.12418701554251,22.77768442333231,,,102,6.51,0,No Defect
0.04100729557583907,103.16918221264012,194.5306686415195,37.97657117077266,23.1758313584269,,,103,6.515,0,No Defect
0.037773889215991736,99.97846189415307,221.02697887848458,35.44745440327034,22.26469008698715,,,104,6.52,0,No Defect
0.03759323421724538,97.62468725122558,196.43657903357345,40.86111082832545,22.194271534819567,,,105,6.525,0,No Defect
0.04085154729959628,100.84677530214415,170.81556705325858,42.95493575538945,23.185633632670527,,,106,6.53,0,No Defect
0.04006320495960948,100.85931081361167,186.08528911861703,41.78794887698514,22.58184875795346,,,107,6.535,0,No Defect
0.041114374827860393,101.63963184546881,178.82825492018804,45.989329570370344,21.81064803280711,,,108,6.54,0,No Defect
0.038937359823891154,101.17022615332883,214.86292917148486,37.554181665922364,22.04960754964848,,,109,6.545,0,No Defect
0.04011546534676644,101.61370481277837,202.54631060057488,43.35603559478046,21.12358097711035,,,110,6.55,0,No Defect
0.03945077222029995,100.61613658004953,195.52073168767336,39.707455605522576,22.616344297977044,,,111,6.555,0,No Defect
0.040386407627414626,104.11494375396013,229.2246093832781,38.06818244803693,21.03883711826679,,,112,6.5600000000000005,0,No Defect
0.03945584155097361,99.0677678647123,171.82332249738585,39.369546377328945,24.177425839280026,,,113,6.5649999999999995,0,No Defect
0.04002456045455318,103.35203322462428,223.9985533934211,37.291602427614464,21.58783738420028,,,114,6.57,0,No Defect
0.03705150557989277,98.93742255150117,229.1074533621819,36.68619944818961,21.432172247073197,,,115,6.575,0,No Defect
0.04045137661393117,101.68372519935772,193.97272521690644,44.84054748971618,21.22978014805221,,,116,6.58,0,No Defect
0.040330996032074885,101.5182908861778,187.2776060374082,40.067041837579936,23.03783017635063,,,117,6.585,0,No Defect
0.04009543181290164,101.26350801809477,195.09314103557477,42.450611234159055,21.86418846584813,,,118,6.59,0,No Defect
0.039319905706330954,100.69517953325423,196.8675063636855,37.11320930666122,23.31094486539199,,,119,6.595,0,No Defect
0.041009425657114115,101.73038658962633,184.03049622781052,46.16997611837994,21.467401532322466,,,120,6.6,0,No Defect
0.04250266094456743,103.37052338283928,164.75413993983872,39.819470323718186,24.523359146429712,,,121,6.605,0,No Defect
0.040872580469684346,102.45868657058818,193.97912446562077,40.70206209634949,22.461509114333733,,,122,6.61,0,No Defect
0.04017231326027921,101.92276025237106,203.60644685069815,42.08682815478339,21.460789206936667,,,123,6.615,0,No Defect
0.038945921802423046,101.05811862492496,223.23008637906477,43.46106660526724,19.847166426611537,,Ambient temperature low,124,6.62,0,No Defect
0.039318306499250374,99.96742500125654,191.19316971427907,40.94380762232054,22.554628504382386,,,125,6.625,0,No Defect
0.037743140143159284,100.91249830331229,236.9625357274381,33.73346296027438,21.8427787252717,,,126,6.63,0,No Defect
0.037793289427745264,100.25483082316482,228.13834526794648,34.92349311018972,22.041052460031366,,,127,6.635,0,No Defect
0.039552239382103414,102.85846988247759,224.6946678757315,34.26113428086563,22.46248182100758,,,128,6.64,0,No Defect
0.03963632984360711,98.57303611327816,166.07292885100142,44.55216060135877,23.0549796132603,,,129,6.645,0,No Defect
0.042465537367505427,105.22589292756498,195.3102045256848,38.90853566063233,22.935673708617557,,Stencil thickness high,130,6.65,0,No Defect
0.04007896632175692,101.72592646115945,199.47730719617277,40.18515216470588,22.288510904223877,,,131,6.655,0,No Defect
0.03923503585718016,100.32019368570482,198.24108700794804,39.651727851799514,22.517091590076625,,,132,6.66,0,No Defect
0.040141922084642165,101.51779282290757,202.59500179336115,41.71264663212882,21.661984878378497,,,133,6.665,0,No Defect
0.041661623882577326,101.21643278157295,157.82435141388845,44.791343273840845,23.519794001040566,,,134,6.67,0,No Defect
0.03896280062378588,99.48101039887973,201.1252704568918,45.912755601972414,20.51520612437284,,,135,6.675,0,No Defect
0.04096233190493145,101.46030166307654,175.00135826936648,42.52358473001985,23.125984069226476,,,136,6.68,0,No Defect
0.040950765828008856,102.33699239512443,187.79781381167803,41.313165127121216,22.696406739697977,,,137,6.6850000000000005,0,No Defect
0.03951866051732374,102.30491023302314,214.18177118138007,35.25846236276952,22.83668041205262,,,138,6.6899999999999995,0,No Defect
0.039587227454890184,101.5387613539033,201.6082231670795,36.85821103836681,23.14337516626695,,,139,6.695,0,No Defect
0.039302961739617136,101.97690682008191,216.10308187276996,34.26165020800434,23.0166576626972,,,140,6.7,0,No Defect
0.04080809932924177,101.14965999261236,184.89895710232204,45.56201336488653,21.647772256653568,,,141,6.705,0,No Defect
0.040281386589982704,101.80656258637731,193.99130819575603,39.61056739848082,22.821059850965465,,,142,6.71,0,No Defect
0.041471225858303144,103.20601930970491,191.1353658060304,41.429501537550806,22.478642199663632,,,143,6.715,0,No Defect
0.040410446070116166,100.31916309262637,167.43031894899204,41.38262215509779,23.938260979210348,,,144,6.72,0,No Defect
0.03975466275699248,101.39225235801797,203.74621384662237,40.000616930758795,22.113803375726263,,,145,6.725,0,No Defect
0.040261154819204205,100.90015687421433,186.7447948831171,41.6028493222408,22.69750739071118,,,146,6.73,0,No Defect
0.040630197091139034,102.50319335409324,203.34115991997788,43.97807174929456,20.985633498726607,,,147,6.735,0,No Defect
0.037545239598369064,97.88188215870962,198.3167691967472,38.36198329366306,22.913881327806536,,,148,6.74,0,No Defect
0.039032238518017036,100.83453270693178,206.26391925692135,36.25943146281489,23.05566055808843,,,149,6.745,0,No Defect
0.03876889122817324,99.03092255836125,186.4364022071005,39.99156246092995,23.179767344908104,,,150,6.75,0,No Defect
0.043510216583374055,105.61555667109846,181.0095976239091,42.58540551891689,22.79927481008514,,Stencil thickness high,151,6.755,0,No Defect
0.03923240115077974,100.96682466279208,219.5519314165948,44.717079891713944,19.780061311528137,,Ambient temperature low,152,6.76,0,No Defect
0.039062331573563945,100.63872790501684,214.9853942860911,42.534437980017316,20.699316969505748,,,153,6.765,0,No Defect
0.040943769756653606,101.99066689042313,188.2625467614329,44.49611622228608,21.780363301292958,,,154,6.77,0,No Defect
0.03790614404914515,98.78841747550895,204.8334137908632,38.45762525836141,22.506699391005117,,,155,6.775,0,No Defect
0.04023695990361362,100.50878818247736,181.97447377062548,44.31550992526975,22.21873232209972,,,156,6.78,0,No Defect
0.04144119445140925,103.88211974186777,202.5413422454855,40.96232697638307,21.949368554995615,,,157,6.785,0,No Defect
0.040572885303187166,102.38653249040823,199.75940585418584,39.6948615310142,22.487686105397845,,,158,6.79,0,No Defect
0.041404353364953204,102.96929817104835,192.07547204872805,43.23716221070379,21.931785927113985,,,159,6.795,0,No Defect
0.04125117832234271,102.33840919300859,184.03091004750686,42.20674260850433,22.728110924093485,,,160,6.8,0,No Defect
0.03958772659584139,101.4131994941388,203.8516884892042,39.14409255282055,22.392492811418858,,,161,6.805,0,No Defect
0.03975081126973941,100.91296612051885,202.78608698172584,44.098089560377176,21.017532721496536,,,162,6.8100000000000005,0,No Defect
0.038019041868316394,99.88804871844965,222.7819864953706,39.394948602996585,21.15277502426803,,,163,6.8149999999999995,0,No Defect
0.03931020860528377,102.32070247176416,235.1132135510348,41.433118887416526,19.81513333243084,,Ambient temperature low,164,6.82,0,No Defect
0.04193805236775617,105.11688188582914,204.21293668197475,37.471331805975666,22.8903525722151,,Stencil thickness high,165,6.825,0,No Defect
0.03820720839030266,98.8867402787683,196.39492371525827,36.79477651998939,23.540681392966924,,,166,6.83,0,No Defect
0.04031231957138828,103.46067258508346,213.85762508459908,35.900104821338424,22.746912430436858,,,167,6.835,0,No Defect
0.039934041362681943,102.20533750288081,204.30307293658288,36.36334770441522,23.198278733903045,,,168,6.84,0,No Defect
0.040656671619410875,102.54081643641324,210.55089619247272,45.240761841270086,20.23395570953692,,,169,6.845,0,No Defect
0.03916905747123613,100.20761687211262,195.76466758269203,39.77767809080354,22.722804109417826,,,170,6.85,0,No Defect
0.03923892388875456,99.99941462190587,196.74002165364362,41.3699129248846,22.204421599112276,,,171,6.855,0,No Defect
0.04027059284533782,100.34590191235843,184.80308017443437,48.474446739644414,20.869328564973966,,,172,6.86,0,No Defect
0.03948300952841686,101.36029121488406,209.34836501830182,40.23294407954268,21.767741207844615,,,173,6.865,0,No Defect
0.03976404523468365,100.5554166620575,184.4816852931452,37.461074018481845,24.10924668382857,,,174,6.87,0,No Defect
0.04239299866705845,103.46323195526435,175.9848382579402,44.180741606527484,22.691195528666253,,,175,6.875,0,No Defect
0.04336960208962491,104.42520220341649,165.0537709499572,44.61536311941841,23.243171039412264,,,176,6.88,0,No Defect
0.04246253868920711,104.63293732201114,187.57772269791687,41.30526182530389,22.82395315162194,,,177,6.885,0,No Defect
0.041094092760041584,103.18730730973981,203.6254400206327,43.74378764737834,21.11844208482532,,,178,6.89,0,No Defect
0.0408650386414772,102.2825481517963,191.8999666997348,42.726372890085855,22.13519860577257,,,179,6.895,0,No Defect
0.0404916167679227,101.68191229056175,191.10923327324855,42.548155502527386,22.23511635507314,,,180,6.9,0,No Defect
0.04006192199209594,100.284289909741,184.6968563654309,45.0438658388967,21.900162819645015,,,181,6.905,0,No Defect
0.03958958531181136,101.3910722999826,207.23986379084943,41.12222425108989,21.65925656739285,,,182,6.91,0,No Defect
0.0403720683254761,102.56123687869344,206.27960481413703,39.24529900308315,22.278414830938257,,,183,6.915,0,No Defect
0.04143166146857465,101.98405161448821,175.94789479581868,43.27799311497613,22.973109371255486,,,184,6.92,0,No Defect
0.03796886781589569,98.98943251958075,209.58462993902495,41.128242378916376,21.508310043401192,,,185,6.925,0,No Defect
0.0392596551193262,102.72025694335322,224.1516331752201,30.14825694286698,23.839404410016165,,,186,6.93,0,No Defect
0.03933052306972605,99.88599025118546,194.61746459215425,43.11241047793014,21.8654328426942,,,187,6.9350000000000005,0,No Defect
0.038292745649648345,100.74241483663216,227.7570427368173,37.794993877201364,21.379798084935,,,188,6.9399999999999995,0,No Defect
0.038573068346518295,98.62222996662761,186.91121521871173,39.76922525642703,23.313439782605073,,,189,6.945,0,No Defect
0.03967831766440508,101.60475497183754,201.2679129828702,37.380462276819586,23.13879859814217,,,190,6.95,0,No Defect
0.04148988644504293,103.40530582400612,195.5288276581327,42.55683547013217,21.998427509929773,,,191,6.955,0,No Defect
0.04085705495426947,103.75872379588924,212.4013072863881,39.443597883282436,21.86950998857454,,,192,6.96,0,No Defect
0.04192036080141941,102.8138971229525,184.86886217205483,47.578308111619734,21.19610948094609,,,193,6.965,0,No Defect
0.04017082407893212,101.05935727705314,193.4866927886576,42.86997187243067,22.031517753949007,,,194,6.97,0,No Defect
0.03748034402098259,98.59777137353917,201.47286127323105,31.057035645933517,24.972491199216066,,,195,6.975,0,No Defect
0.04104784513804401,103.04121220724703,193.2552590357435,38.060439353064965,23.46052457885322,,,196,6.98,0,No Defect
0.03845534924587409,101.52727164312489,236.12244589717878,37.15054186452458,21.07903837752191,,,197,6.985,0,No Defect
0.040277873336822305,99.80087754918578,169.16011054915865,43.126202726850245,23.45978259947379,,,198,6.99,0,No Defect
0.0396251596898262,102.9891038881256,230.13823533276624,37.01205008111719,21.50152227429252,,,199,6.995,0,No Defect
0.0418660059742666,104.35453647771479,198.66707145259463,39.81217635025866,22.635001786999794,,,200,7.0,0,No Defect
0.04052470306027103,102.9832808961374,211.12655040255234,41.24551293834779,21.441199593744297,,,201,7.005,0,No Defect
0.04175671250681988,103.51581973310752,199.2047905938216,45.72281378422097,20.881030825079453,,,202,7.01,0,No Defect
0.0402639091503543,101.17305848197003,186.92124516207,40.16590297892733,23.24638397854166,,,203,7.015,0,No Defect
0.04069718823304323,101.68293836803609,186.86913971041795,43.79423341862699,22.192060351163587,,,204,7.02,0,No Defect
0.0405818268561646,102.17868602227026,196.68393763572945,41.40775116312381,22.291035370768732,,,205,7.025,0,No Defect
0.03965679473283806,99.54540456430772,181.94857150846525,44.40061807918491,22.316316739466483,,,206,7.03,0,No Defect
0.04209887254297686,102.42864306415856,160.66322558360054,41.572394126816576,24.470153620442833,,,207,7.035,0,No Defect
0.04224547606014909,103.34152671451966,181.93449887036988,45.850859460526266,21.92084043186522,,,208,7.04,0,No Defect
0.04117833874043683,103.3856562661931,192.45148191174027,37.742683404339445,23.6337702650274,,,209,7.045,0,No Defect
0.03916582756047813,101.11623193876805,213.9842837627774,39.669874896081446,21.739211822966997,,,210,7.05,0,No Defect
0.0391044067973988,100.63222728475384,211.96724147018085,42.24938481135763,21.11153073627153,,,211,7.055,0,No Defect
0.041029041204796966,99.73047713810037,159.18843943578855,47.8000948803439,22.75049182375712,,,212,7.0600000000000005,0,No Defect
0.03850694780042723,98.76311466842002,199.2876468119583,43.12746749567188,21.635049816610675,,,213,7.0649999999999995,0,No Defect
0.03993743256486843,101.96483168818547,207.27793671720488,38.00439129424206,22.655774871167107,,,214,7.07,0,No Defect
0.03934158776968038,99.33338480336087,181.93145530865314,42.699959544834975,22.832557092790424,,,215,7.075,0,No Defect
0.039535080974614216,100.73384399298276,197.2763045749159,41.31539317626592,22.29858446534284,,,216,7.08,0,No Defect
0.04057344993406375,103.15117960899791,210.70838572525983,38.93130088803099,22.185674124326418,,,217,7.085,0,No Defect
0.03990452148586522,101.41336552517338,203.65899835182893,41.690458345560394,21.809315410211187,,,218,7.09,0,No Defect
0.03989236643045284,101.51614105649286,192.42803109019974,35.95531180716678,24.173075158937905,,,219,7.095,0,No Defect
0.041330821876048876,99.97640313797754,160.70597548724342,51.84985968755345,21.495195585412297,,Ambient RH high,220,7.1,0,No Defect
0.038613311084547866,100.77002238342176,213.77338202912264,34.25921725339859,23.356607234691104,,,221,7.105,0,No Defect
0.03974572971976299,101.50543942259802,208.97122796228794,41.7456858422314,21.475489782137156,,,222,7.11,0,No Defect
0.04048666649885449,104.43237381547475,228.50548854250127,35.87568385142271,21.99976048018122,,,223,7.115,0,No Defect
0.0414741915754007,104.20142160948605,207.90922400627028,39.74413093885938,22.146707546345937,,,224,7.12,0,No Defect
0.038471376680992084,100.3138194161541,212.07215728410856,35.907972959979396,22.98774601830083,,,225,7.125,0,No Defect
0.04042852192389867,102.38858336962615,210.08873625006802,43.77966864642423,20.828971996042938,,,226,7.13,0,No Defect
0.04128558646981702,104.0123291727606,200.54363771951728,36.81209245835963,23.45730784996306,,,227,7.135,0,No Defect
0.03960320640455144,102.5159293685143,220.86649028521686,36.62709430141106,22.25479565292637,,,228,7.14,0,No Defect
0.040020774275856125,100.45889477266076,178.23063343739568,40.3066140415451,23.799049980532565,,,229,7.145,0,No Defect
0.038678002744291354,98.05788823346235,177.8899284615412,40.07828607493613,23.88368559355454,,,230,7.15,0,No Defect
0.041346566192094154,102.19055363898896,191.1807425083446,48.93218318969896,20.50384853869225,,,231,7.155,0,No Defect
0.036667104100836116,100.49271052400996,249.55304269178254,27.095557234650364,23.26745665019912,,Ambient RH low,232,7.16,0,No Defect
0.04325334968295641,106.16826883975682,196.7742834738979,42.746007753099455,21.98748341981367,,Stencil thickness high,233,7.165,0,No Defect
0.041012012563469105,102.82304159376861,196.6422583322284,40.75812841141216,22.56167060201903,,,234,7.17,0,No Defect
0.039625726704904295,99.46096107092684,179.5018104808478,41.77976976375652,23.307916193895096,,,235,7.175,0,No Defect
0.04023988441536124,103.1606726837904,221.32641061061503,38.22302671109125,21.789329637495822,,,236,7.18,0,No Defect
0.041254495184930816,101.79800603135075,176.19055780123813,43.30739981260946,23.08045449574641,,,237,7.1850000000000005,0,No Defect
0.0401405156394643,100.3316998900436,178.0803870382896,41.67951371528434,23.433787770585628,,,238,7.1899999999999995,0,No Defect
0.04058736220338192,102.09254388680762,197.9083295644235,42.16909159387458,22.081056922877643,,,239,7.195,0,No Defect
0.04016698378693239,101.26131350920213,193.51768209928605,41.80444058544134,22.455419822380936,,,240,7.2,0,No Defect
0.04005412801945217,100.87475274722017,186.9772175837681,38.63484873109099,23.786911192704615,,,241,7.205,0,No Defect
0.038341339042442725,99.17070078743681,199.78070093376343,38.67164679713071,22.97562865719533,,,242,7.21,0,No Defect
0.0416638332914426,102.51036963349092,179.6510209381697,43.05719973711831,22.962370491813637,,,243,7.215,0,No Defect
0.03841636678787974,100.24701974164572,219.14740765894976,39.465402316638084,21.562693098531852,,,244,7.22,0,No Defect
0.03982688729757105,101.38984225518982,201.20479992991773,40.25920101357379,22.44431697519056,,,245,7.225,0,No Defect
0.039256598449378136,99.40431697800013,186.7026355490986,44.00305969454988,22.236099756178806,,,246,7.23,0,No Defect
0.04218572184844007,105.38064483333534,203.5211909883001,38.383337554842164,22.87446044257601,,Stencil thickness high,247,7.235,0,No Defect
0.039494442504601386,100.80698440763712,198.32115630550132,37.573518747057335,23.413713229572984,,,248,7.24,0,No Defect
0.03836790582991853,99.91767657331133,209.15334481618888,36.55454193109081,23.038083349213625,,,249,7.245,0,No Defect
0.0404412206319684,102.78912915236064,198.49558797309098,34.602159243290245,24.28051267112067,,,250,7.25,0,No Defect
0.03838697352468034,101.57419590395537,236.75667782659033,35.246178803977244,21.73393648947679,,,251,7.255,0,No Defect
0.04074451517257198,102.33233746798648,197.94738196902208,41.08377702483607,22.43211095233216,,,252,7.26,0,No Defect
0.038114846572813624,99.51531708967102,208.4701908990473,35.3677892782771,23.436385037983342,,,253,7.265,0,No Defect
0.04145523514009756,103.57423804792104,192.06452784970259,37.62043158488858,23.813568630018022,,,254,7.27,0,No Defect
0.04018897601037793,104.01865963694804,231.75155125841016,36.739982788660946,21.62794251684244,,,255,7.275,0,No Defect
0.04017807350414177,101.53349868544517,199.9432330750236,42.99904789057798,21.753025529766965,,,256,7.28,0,No Defect
0.03822483367732518,97.89526235686225,191.02031269881113,41.79375086735697,22.64281011118368,,,257,7.285,0,No Defect
0.040518159988927445,104.5184924042177,229.72094452997925,36.43340647763188,21.851152894061673,,,258,7.29,0,No Defect
0.03986813308554543,102.29285562925774,212.0352541093851,37.62402961481898,22.586770712544155,,,259,7.295,0,No Defect
0.03910911785150892,101.60613534857443,219.30149970491993,35.97095011560447,22.62197783694972,,,260,7.3,0,No Defect
0.038801915097568355,100.33361655990166,209.3911327670071,39.577335622612615,22.17395726613499,,,261,7.305,0,No Defect
0.03996662716754072,102.28694245783272,217.867957068222,42.06849587939296,20.93972026111019,,,262,7.3100000000000005,0,No Defect
0.03825069872683891,98.68666581975528,197.39284686807463,38.884880665141154,23.115787116869072,,,263,7.3149999999999995,0,No Defect
0.040075541278174226,102.10557147501696,206.24877238993722,39.32469716771981,22.459408124464897,,,264,7.32,0,No Defect
0.037365764037924826,97.92591717858538,206.54045736406115,37.47820593409838,22.964491455834583,,,265,7.325,0,No Defect
0.04204121849502056,104.7579852791833,200.02385726326182,40.745035073056755,22.445661933989786,,,266,7.33,0,No Defect
0.03955050416820311,100.43396005801182,193.68337198062176,39.65330617233117,23.13929506555634,,,267,7.335,0,No Defect
0.04021412144485738,101.71314096190473,200.48884356213003,42.32198857765524,21.947958226059555,,,268,7.34,0,No Defect
0.038019925168501986,96.96029041814037,184.8924085731973,43.716623417999664,22.48714380243478,,,269,7.345,0,No Defect
0.03843968312831166,98.13127607636503,190.01715718389386,43.73681406097597,22.169027852172825,,,270,7.35,0,No Defect
0.03654490898429959,97.49269494750199,220.5853885262781,36.78276530253084,22.315457267652064,,,271,7.355,0,No Defect
0.03997958469358462,102.0512791390592,208.54234308667984,38.23105343161742,22.660453958890557,,,272,7.36,0,No Defect
0.03978860472283728,101.25241599174518,196.8163910763285,37.26479261537669,23.661797623300654,,,273,7.365,0,No Defect
0.03976938069299226,102.9722416270192,218.37136772131248,31.75591823854088,23.952264776219153,,,274,7.37,0,No Defect
0.03972087203729041,100.54056072652145,197.99073278624286,42.84734896138756,21.96519732968218,,,275,7.375,0,No Defect
0.0409039974355016,101.90350905074509,196.77940825139706,46.38356591963261,21.01933611543476,,,276,7.38,0,No Defect
0.04039909927706052,103.18851314802785,221.94531334812154,41.516772516910216,20.89377954899563,,,277,7.385,0,No Defect
0.0406133615122221,101.42106628439636,195.7321491989784,46.77588480814788,20.97056529453914,,,278,7.39,0,No Defect
0.04024626663466864,100.38330250290375,175.35386153795483,41.77080815516469,23.679114896067667,,,279,7.395,0,No Defect
0.0386039700156696,100.62551862073924,223.40228652375697,40.77833910155117,21.0121449465169,,,280,7.4,0,No Defect
0.038990832407803745,99.05161256833654,195.5241534007858,44.83211749693954,21.546319521032096,,,281,7.405,0,No Defect
0.041771114142181646,103.80905863895602,196.28270505154123,43.89979664683724,21.792227076288064,,,282,7.41,0,No Defect
0.04123725193535379,102.77488512489643,192.69010097029943,43.27459258963163,22.194539132561573,,,283,7.415,0,No Defect
0.0407178045499873,103.2707287291209,207.33330603838658,37.090488382239926,23.104195830384914,,,284,7.42,0,No Defect
0.03737791196762281,100.91537626029431,242.36564891013992,30.302589281009748,22.91164986026257,,,285,7.425,0,No Defect
0.040409919252567324,102.70403728225749,211.98617628020932,40.30791806124442,21.881939608465927,,,286,7.43,0,No Defect
0.04037681339710629,101.60488547219505,201.39349848498463,45.057445017755924,21.145683075758615,,,287,7.4350000000000005,0,No Defect
0.04088393582875597,103.53382371902735,210.02262065919285,37.91907608641902,22.709899787122374,,,288,7.4399999999999995,0,No Defect
0.03913143164101282,100.07788155162062,202.19744706262986,42.54743801353423,21.822909680422324,,,289,7.445,0,No Defect
0.04041182120817451,103.5889410018516,221.01278019339202,40.03903960802781,21.411419274880334,,,290,7.45,0,No Defect
0.03765206627140654,99.8797905627762,229.7180027233286,37.95871010143173,21.467643952765762,,,291,7.455,0,No Defect
0.03981537235892191,100.06247129115961,183.8741293262996,40.94180695200161,23.432417761766295,,,292,7.46,0,No Defect
0.04078485479118347,103.9265045096165,218.48522645533433,37.41866247557776,22.348902278464536,,,293,7.465,0,No Defect
0.04159567858508054,102.45498603020545,179.07369602798397,42.67778746210095,23.237970546163087,,,294,7.47,0,No Defect
0.040864465975495166,102.21217296340326,193.8176191154356,41.35930042566717,22.71690058506801,,,295,7.475,0,No Defect
0.040963277730705835,102.05791339345001,195.85083800272707,45.41964213113619,21.409526696471076,,,296,7.48,0,No Defect
0.041243586881733955,101.29096548043995,163.12409378699886,38.72342441274607,25.37820767867389,,,297,7.485,0,No Defect
0.039264110768243904,103.29015390366793,237.4390158111293,33.02843077535988,22.46619238932015,,,298,7.49,0,No Defect
0.042675075407125555,106.2018440230776,213.33636562126114,42.64849720513555,21.164819572089396,,Stencil thickness high,299,7.495,0,No Defect
0.04103792530495826,101.95007471094348,180.84510183351256,40.349003722705554,23.82021622226629,,,300,7.5,0,No Defect
0.03939563157033698,101.55571123330888,218.4876080711695,40.24200999564799,21.531999536171746,,,301,7.505,0,No Defect
0.03847758571408721,99.74643740545395,205.5003824177106,35.33586211147028,23.759402969939323,,,302,7.51,0,No Defect
0.039837652699195904,102.81311182184739,224.64672951295205,37.3712989435308,22.002893190387407,,,303,7.515,0,No Defect
0.04162821832899715,103.67009965607745,194.48569535656392,39.27617127057084,23.313553354490857,,,304,7.52,0,No Defect
0.04145181944181318,104.79602681962538,221.77444446505706,41.0293374323603,21.128434252471187,,,305,7.525,0,No Defect
0.04018786833677489,99.87636373037097,176.22733574409327,44.289785719696894,22.96222471000101,,,306,7.53,0,No Defect
0.03787350277642043,99.84526023137263,220.48659869623606,34.33317433733094,23.139821645990924,,,307,7.535,0,No Defect
0.039963309552481445,103.19267639507541,232.06382077535147,39.893274601889786,20.824805423513467,,,308,7.54,0,No Defect
0.04062509891307706,101.08093937489012,183.22095979924023,44.047201038965824,22.613725604945415,,,309,7.545,0,No Defect
0.039866447008263535,101.11675534468598,194.10785737033206,37.47606734668514,23.863447930466908,,,310,7.55,0,No Defect
0.04048987284612328,102.85686609428187,204.83778694738672,38.25966042914589,22.980011568556833,,,311,7.555,0,No Defect
0.039971507239786506,100.67591632874787,178.66354873214848,36.653046983698154,25.053896566072826,,,312,7.5600000000000005,0,No Defect
0.039624856638575574,101.14308066031283,206.1788112891169,39.218522035537426,22.62168172042912,,,313,7.5649999999999995,0,No Defect
0.041059132368070225,101.25375387875287,176.4464177557205,43.083164915231855,23.33092047082864,,,314,7.57,0,No Defect
0.039952472962079544,99.78545532066913,184.0552606148153,45.13201749213014,22.258846787757882,,,315,7.575,0,No Defect
0.04026745407957244,102.86472296727474,208.6873495913535,35.759386324100554,23.48751598460633,,,316,7.58,0,No Defect
0.04092423923910716,102.54748945547163,193.6631038599062,39.08449643952454,23.447896886301788,,,317,7.585,0,No Defect
0.03857032906057783,97.09384014458442,173.4180357377677,45.96882334829986,22.660836278064224,,,318,7.59,0,No Defect
0.038653548999683776,100.71862927510234,228.26343168915844,42.045324653669645,20.447033894284502,,,319,7.595,0,No Defect
0.0397561121050086,102.57594658895852,217.3552110073909,34.815338427482544,23.23931991948161,,,320,7.6,0,No Defect
0.03872875980473551,100.29503391339108,218.94429712980664,42.38102597037133,20.925889313972693,,,321,7.605,0,No Defect
0.0396108768673646,99.48895964697182,186.0065360739131,44.598174115780445,22.309301621372658,,,322,7.61,0,No Defect
0.04425793021722269,105.99630850224955,168.30363839990315,42.034577113733434,24.183709089589517,Paste volume per aperture high,Stencil thickness high,323,7.615,0,Solder Bridging
0.04015104329982579,100.15190938960097,183.78218546100817,44.50082635070109,22.484730354521776,,,324,7.62,0,No Defect
0.041440217467576014,102.43114064658933,189.13243018533933,45.49452467486736,21.878098105293034,,,325,7.625,0,No Defect
0.04064637926101271,101.23733048451187,180.64368800655512,41.83446023186557,23.461616053752163,,,326,7.63,0,No Defect
0.03946174472602136,99.94331185238444,193.1723025238458,44.12675400177494,22.015376774135,,,327,7.635,0,No Defect
0.040032296048354316,102.88139274538132,218.44993246962636,37.49263019050192,22.411491993344928,,,328,7.64,0,No Defect
0.04057113695442533,101.81871912822784,197.81724511448698,44.354168324150834,21.679750141738765,,,329,7.645,0,No Defect
0.04077292654590917,102.53267692802753,199.47769882687504,40.347922062741105,22.75428352701592,,,330,7.65,0,No Defect
0.03960608950255625,101.20785091733849,211.481007942395,41.35121472931025,21.719691322457795,,,331,7.655,0,No Defect
0.04175634046947278,103.06959284524397,175.1014566941792,36.745578517684066,25.31438781211349,,,332,7.66,0,No Defect
0.03996950600272528,100.40067606795961,184.34942797326318,41.528509877439305,23.336817509790134,,,333,7.665,0,No Defect
0.03968138993651074,100.7445207392781,195.60192490712038,38.62357600686131,23.498061904034476,,,334,7.67,0,No Defect
0.0395701936009595,102.21728685495192,226.87695256708724,41.5460667950289,20.725052244746003,,,335,7.675,0,No Defect
0.040538364121696834,101.94200375556167,191.33237531411663,38.85972807352839,23.70081139218205,,,336,7.68,0,No Defect
0.04158374118286164,102.54530466183549,182.70888006242967,43.39617087372002,22.9166130184644,,,337,7.6850000000000005,0,No Defect
0.04078234171961983,101.73291460980188,191.79430922183886,42.58634380019457,22.594895125762957,,,338,7.6899999999999995,0,No Defect
0.04258551401690228,103.0086690207309,163.74909906933627,43.7475037690501,23.98974288586826,,,339,7.695,0,No Defect
0.04046755659276845,102.38090952956,206.07358990731277,42.032269886635845,21.8790980455616,,,340,7.7,0,No Defect
0.03967828886565513,101.77443421863799,220.49587284934557,42.57874971259898,20.833557691372906,,,341,7.705,0,No Defect
0.04147626477796415,102.77730864265918,176.94645877993986,37.64469488760635,24.96001577621817,,,342,7.71,0,No Defect
0.039879276100101,101.63255076409617,206.29598043467388,40.298267549958425,22.37545124268332,,,343,7.715,0,No Defect
0.040684213931496425,101.84430824209687,194.81762654072523,43.53300602053753,22.144484795967102,,,344,7.72,0,No Defect
0.04144813037756384,102.33035655545672,185.63954195753305,44.859892004245154,22.32926625661821,,,345,7.725,0,No Defect
0.03970201362195115,100.77065463577416,197.442862794404,40.03322721072309,23.004054561461846,,,346,7.73,0,No Defect
0.03784468965299382,98.20824768614023,197.00997855325048,38.07200001856791,23.588592457459132,,,347,7.735,0,No Defect
0.039860719542224456,101.10790269354345,199.10395584738632,41.39429805234398,22.508740403227527,,,348,7.74,0,No Defect
0.04031785916160667,102.70856667659673,213.13610166098803,39.76718992368539,22.13104186078343,,,349,7.745,0,No Defect
0.036395306384149693,98.4889930799279,233.30155215616446,31.484456607157306,23.286796581020333,,,350,7.75,0,No Defect
0.041831739803098206,103.10657231897068,188.8068711682036,45.970913808640944,21.8271954729055,,,351,7.755,0,No Defect
0.04218685226739694,104.34064769319275,193.85266538396596,39.695388993625,23.360717348461765,,,352,7.76,0,No Defect
0.038875551454976405,102.45925514354823,236.98191882905545,34.19474304334254,22.294076841253563,,,353,7.765,0,No Defect
0.04005814278724077,103.16422765451189,219.50666848202067,35.48086820235348,23.00242305494827,,,354,7.77,0,No Defect
0.03823978252579372,99.03736665882997,204.8652252207719,38.76491990081135,22.931083457502464,,,355,7.775,0,No Defect
0.0381247103342598,99.45031427035218,205.9348293748423,35.29948067285201,23.876557336867513,,,356,7.78,0,No Defect
0.03805639101067969,99.15478333447409,206.95583911822624,37.00006727813032,23.320414163534995,,,357,7.785,0,No Defect
0.037499503743183435,99.02159210833474,219.69197180112002,37.231863944262614,22.4691301907281,,,358,7.79,0,No Defect
0.03899726743556074,100.08345467742424,199.50546969159754,38.65418223513236,23.305931478558456,,,359,7.795,0,No Defect
0.04253519090652927,103.87759161175285,176.67365642989017,39.93283575968545,24.368597997155348,,,360,7.8,0,No Defect
0.03788759377609562,99.55872656854646,221.97547501171508,36.857960795300585,22.453212918030427,,,361,7.805,0,No Defect
0.039355849997213053,100.90502487799813,214.47235314622472,43.524994664864025,20.97724146777716,,,362,7.8100000000000005,0,No Defect
0.03881161713931522,98.0600279449768,176.5223610591722,41.050482888990715,24.02741932957403,,,363,7.8149999999999995,0,No Defect
0.03982497207045845,101.30198771864605,201.29736524524364,38.54508962872759,23.250661889642018,,,364,7.82,0,No Defect
0.040589316960371206,100.89710279451161,187.49267535234472,45.9570287703602,21.941614577544453,,,365,7.825,0,No Defect
0.040944386472733935,102.57543728388642,200.51909100864899,43.051002594608896,21.995645227255217,,,366,7.83,0,No Defect
0.04048205603817052,100.73452357705824,181.42566029810567,43.000990771116065,23.180822605136413,,,367,7.835,0,No Defect
0.03982859839752539,99.34175230319406,173.28860307657288,42.32214032355116,23.875222519119486,,,368,7.84,0,No Defect
0.038629620536400976,101.29164613049119,223.35255417796486,34.87648930704913,22.96937038885744,,,369,7.845,0,No Defect
0.039138271814740146,102.30901052745583,224.8422236760436,33.642575247995836,23.244936722065937,,,370,7.85,0,No Defect
0.039105744485008094,101.89242323260329,224.37927329756158,35.95830715198666,22.600885932584994,,,371,7.855,0,No Defect
0.03982090260456506,102.02431063944346,216.05400341403907,38.44751361457203,22.39693191112964,,,372,7.86,0,No Defect
0.03778310792187767,100.20815271207731,236.0229473631838,37.10930247033444,21.54792921364124,,,373,7.865,0,No Defect
0.038525570085179414,99.7011295457466,206.78335302614033,38.77948552971825,22.858974874995813,,,374,7.87,0,No Defect
0.0418611099517897,102.68696048132995,177.35531408922714,41.16222347746207,24.002102230884297,,,375,7.875,0,No Defect
0.04128660586479244,104.29071275452698,206.2582526890071,34.87938438641997,24.059327597324458,,,376,7.88,0,No Defect
0.04037358799805021,100.95041686359889,188.24894651987725,42.55076935157599,22.919828193158022,,,377,7.885,0,No Defect
0.04072845657634317,102.1206606093191,192.51875153617513,39.69332220590933,23.49679615154912,,,378,7.89,0,No Defect
0.039506599414092354,100.63288835067712,207.79195171599318,44.151958132910615,21.250254049593018,,,379,7.895,0,No Defect
0.04092937151534661,101.97905670576813,194.01542245167033,44.72890317513571,21.941139767455088,,,380,7.9,0,No Defect
0.04059701948232715,100.40804092335665,168.94824634795572,40.06536495386046,24.842631328347714,,,381,7.905,0,No Defect
0.042310266037507184,105.92406914477112,215.68970629221994,40.11925655783404,21.973297549359906,,Stencil thickness high,382,7.91,0,No Defect
0.03927635786741062,99.86943270584908,191.89496498992455,39.1568291039663,23.693251397697686,,,383,7.915,0,No Defect
0.03736065250152835,99.49005197833684,224.9729679913947,33.33968804913361,23.348996857449617,,,384,7.92,0,No Defect
0.03877402331409495,97.62175212300353,173.74346028498957,43.94259844150897,23.408577903926805,,,385,7.925,0,No Defect
0.038360425929738914,100.23608908977651,216.89740124225602,36.03138317140156,23.07246452707438,,,386,7.93,0,No Defect
0.037995826122080155,99.62752323322984,220.78281478858986,39.33571264112482,21.86721608734814,,,387,7.9350000000000005,0,No Defect
0.040410777799594004,101.39479501692408,192.87943587139853,41.5338555402703,22.961499676976086,,,388,7.9399999999999995,0,No Defect
0.03950713372944707,101.25969533867124,208.67847759217057,39.66792980200539,22.529880767268775,,,389,7.945,0,No Defect
0.0376357049168906,100.27331630322394,230.62522465100508,32.20990210569644,23.35160458388772,,,390,7.95,0,No Defect
0.04183277931114732,101.06820289138173,172.14490917367414,54.421400852572205,20.4881749102585,,Ambient RH high,391,7.955,0,No Defect
0.039926800203562804,101.58460322925039,206.87305243598664,41.145627293544855,22.221360452991075,,,392,7.96,0,No Defect
0.040119453629886184,101.29300574749932,195.7172700475696,39.994442626233806,23.247278507871133,,,393,7.965,0,No Defect
0.04079149325531214,99.21911828267494,157.41306283335757,48.339580121287426,23.168052194224483,,,394,7.97,0,No Defect
0.03948192022153757,101.975945845995,223.57473512895456,38.697514809343815,21.9184152861716,,,395,7.975,0,No Defect
0.03870431970020864,98.69242525788896,188.19790544483513,40.60501574861998,23.5249028908447,,,396,7.98,0,No Defect
0.04068418675783077,102.77650639976002,207.06179573712618,39.94477147301258,22.581756146988194,,,397,7.985,0,No Defect
0.04106732636818748,103.18771451984446,207.74133916140858,43.091642422188755,21.62478199088953,,,398,7.99,0,No Defect
0.04142701895876656,102.76499683750397,184.6887776390498,39.46070483268233,24.105581525928958,,,399,7.995,0,No Defect
0.03909966641651034,100.31945366887979,201.10562045458562,37.17533621336358,23.750045423700822,,,400,8.0,0,No Defect
0.04028442190013024,101.64857330312545,194.00387605008015,39.031272039850926,23.654228543474535,,,401,8.004999999999999,0,No Defect
0.03785635855446269,98.45604206456956,202.2628953470468,36.48308216448138,23.87757659925587,,,402,8.01,0,No Defect
0.0397415376226347,100.83801590224496,188.9071744349874,36.19223387782427,24.79646056165172,,,403,8.015,0,No Defect
0.04007991868485059,101.71748205875588,209.57475460936044,41.48934496893746,21.99148594781375,,,404,8.02,0,No Defect
0.04024515883520884,103.40569582793833,228.31891983124208,39.78499707215447,21.34051228811909,,,405,8.025,0,No Defect
0.04107627808340475,101.45980254460692,180.97223900091782,44.665985347864336,22.828485717678824,,,406,8.03,0,No Defect
0.04367993862382539,105.42825312076398,175.0842798190136,42.131227749982045,23.953847172295948,,Stencil thickness high,407,8.035,0,No Defect
0.039073617167503696,100.02049373807398,198.9957538880631,38.70277150150008,23.453515656446257,,,408,8.04,0,No Defect
0.0414948667564168,102.849563225163,188.66241407896177,41.34432571359147,23.339071128227783,,,409,8.045,0,No Defect
0.04110024819354192,101.58624260270196,176.86449677654755,41.13405727690835,24.123484243783977,,,410,8.05,0,No Defect
0.03890753984246144,99.78450090915568,205.95864541384972,41.97157649973333,22.07865221133633,,,411,8.055,0,No Defect
0.041134651454079754,102.34882331071921,191.4166698700648,42.338642738216365,22.88448342927095,,,412,8.06,0,No Defect
0.03922290569770337,98.1339899382364,172.30388937152418,44.90511700286585,23.292226533256212,,,413,8.065,0,No Defect
0.04128733374430161,103.87376364239776,207.38365212280203,39.39132363712923,22.771367967875168,,,414,8.07,0,No Defect
0.03957852463910892,101.54387139427166,217.1921334041044,40.969346379486865,21.698748876492978,,,415,8.075,0,No Defect
0.04000070402011871,101.95031873267739,201.28698376635927,33.40604532455491,24.891799609139508,,,416,8.08,0,No Defect
0.03837221007610864,99.21143456438145,204.7403131811137,38.432074689629,23.19924310350213,,,417,8.085,0,No Defect
0.04043570608786554,102.08224654305026,203.7067486955797,40.293335224736914,22.73967890356029,,,418,8.09,0,No Defect
0.039898970191836226,101.91493809882304,204.7499887016378,34.68913512495309,24.310580731294248,,,419,8.095,0,No Defect
0.04050193282285909,100.94321058652187,179.91410895930326,41.34878617212343,23.892584698656254,,,420,8.1,0,No Defect
0.042190463883872154,102.63153730284438,174.30341322981224,45.378162088743814,23.079295679292457,,,421,8.105,0,No Defect
0.03927443739304414,100.45387376247402,203.47804965441367,38.69444733627575,23.2213564159536,,,422,8.11,0,No Defect
0.0393156423621385,100.42821724751529,197.38341154233188,35.065278887392914,24.660239298657476,,,423,8.115,0,No Defect
0.04321716318287284,105.34107246696888,186.19271341391686,41.75883330656518,23.42244935772591,,Stencil thickness high,424,8.120000000000001,0,No Defect
0.04072956985113314,100.88683559879689,183.80953717748957,46.347482550362756,22.21023549717438,,,425,8.125,0,No Defect
0.04058469658729884,101.9421569679689,199.0276612185474,42.70102332901883,22.342892550803636,,,426,8.129999999999999,0,No Defect
0.0392351161777119,100.67437321785818,214.47908943295963,41.39057281167223,21.772843420059463,,,427,8.135,0,No Defect
0.0402197045196913,101.60659193525434,199.8464558234783,40.76600808508905,22.860429324179538,,,428,8.14,0,No Defect
0.04198669616352472,101.71914856000836,159.45142354149172,43.35068713163899,24.60092683028655,,,429,8.145,0,No Defect
0.03976550248729378,102.76209682924717,224.30716858237372,36.73649191586106,22.537958866620894,,,430,8.15,0,No Defect
0.039178097258467076,100.13604070993969,199.64221874937027,40.25474590448418,23.019850961920366,,,431,8.155,0,No Defect
0.038517898216874374,100.09715951575184,216.8842551507808,40.05095873120923,22.019410970967343,,,432,8.16,0,No Defect
0.038646396921846154,99.16662162707283,193.3334953885887,36.973760678572624,24.3681944302809,,,433,8.165,0,No Defect
0.041316586235624106,102.57014668633695,187.51298697860057,41.01599488195357,23.56853978763755,,,434,8.17,0,No Defect
0.042786348368829316,102.50573851546783,158.1078119260784,48.52309758616237,23.191807779794136,,,435,8.175,0,No Defect
0.03974658763214456,100.71707841806379,196.23520362801688,41.25220758833692,22.955119402737107,,,436,8.18,0,No Defect
0.04204479603462407,101.94627811615221,164.05817555139006,44.06617596674672,24.131508095311304,,,437,8.185,0,No Defect
0.037868940577733816,99.65824186827535,231.91579600623737,40.144672492514786,21.085134201622306,,,438,8.19,0,No Defect
0.039117263086753604,100.86878723831556,212.512344769683,37.64214646631875,23.016966921755223,,,439,8.195,0,No Defect
0.04240605371908439,103.53818299090925,182.64289552623023,43.53564863184126,23.158772519072915,,,440,8.2,0,No Defect
0.04062994212460878,103.43775174045415,216.96233533402525,38.32366857159173,22.56181428854808,,,441,8.205,0,No Defect
0.03833261211493978,100.26016567607473,224.93499863870215,38.5790477534892,21.982801313805243,,,442,8.21,0,No Defect
0.04035454206414387,101.23848261514937,191.11069937621707,43.00898001170128,22.77848710761116,,,443,8.215,0,No Defect
0.03952216224198011,100.1944694565396,198.38500631914582,42.288494919485125,22.542706353447095,,,444,8.22,0,No Defect
0.04176192635093426,104.50075837504578,203.01696496669436,36.09503523688209,24.0899469335816,,,445,8.225,0,No Defect
0.039087063006561056,101.1965528324065,208.26105267865566,33.70468751113939,24.442310658349633,,,446,8.23,0,No Defect
0.040974455936144856,102.3054227549386,188.31887783084508,38.48885393557939,24.28901902776819,,,447,8.235,0,No Defect
0.04014120764245345,102.04196572266096,216.16913049155573,42.14155843552321,21.512710783562007,,,448,8.24,0,No Defect
0.040139156069842835,100.55483991921356,180.52177260267524,38.681572713303446,24.709159193520897,,,449,8.245000000000001,0,No Defect
0.039829916392637464,102.65608225788496,214.83085213734984,33.49069955163426,24.11983109797341,,,450,8.25,0,No Defect
0.04048489415031497,102.68517623427788,206.32290823483225,35.46162580012516,24.07887760323747,,,451,8.254999999999999,0,No Defect
0.0405823800911622,102.29874715088846,206.90124370252389,41.72824632241902,22.214871763735736,,,452,8.26,0,No Defect
0.041590179367202496,101.12099233297835,165.47668611048167,45.538623221399966,23.653033421751694,,,453,8.265,0,No Defect
0.04046361801900547,101.28597875821526,186.7223775813065,39.94650295150881,23.974878935313388,,,454,8.27,0,No Defect
0.03855207896111673,100.54145212524836,214.68451775344855,35.01387822994859,23.685841921026736,,,455,8.275,0,No Defect
0.03769867927607481,98.32963271507928,213.88642677554247,40.626268820209184,22.09536133882849,,,456,8.28,0,No Defect
0.040616146809267076,102.7068213093473,204.73350643609692,38.02577245231364,23.441014204042038,,,457,8.285,0,No Defect
0.042318779829957125,104.60339625497046,196.09923933329802,40.1223461777149,23.375203045989867,,,458,8.29,0,No Defect
0.040696759677043316,102.42019546836605,207.01130916902366,43.77560830308881,21.62660526471438,,,459,8.295,0,No Defect
0.04140274621298178,101.70761876604324,174.10662567403952,42.86319739906527,23.920073258221322,,,460,8.3,0,No Defect
0.044146999720918935,106.05557224257134,175.98896036725233,43.49065415117047,23.645478522364048,Paste volume per aperture high,Stencil thickness high,461,8.305,0,Solder Bridging
0.03957239762722226,102.67088506306104,228.56144921192944,36.98387731422469,22.286412512027454,,,462,8.31,0,No Defect
0.0405621753512436,102.70245305437557,204.16245402215466,37.04971677869187,23.776097531688276,,,463,8.315,0,No Defect
0.04058606405534514,102.66529324425233,208.25421774286477,41.70159345054244,22.16607430842078,,,464,8.32,0,No Defect
0.04089175051023563,101.09811985880343,176.68881709693332,42.87582363000753,23.76617579034653,,,465,8.325,0,No Defect
0.039608002322900494,100.83456068600579,194.81907928600253,35.88212952616632,24.689817280577625,,,466,8.33,0,No Defect
0.040767021707581015,102.5647472321571,201.20004478615957,39.992624167030556,23.109840473629006,,,467,8.335,0,No Defect
0.04093187046906869,102.6487939498729,200.9690244303826,40.866660648461945,22.873772235275045,,,468,8.34,0,No Defect
0.04146302609136244,102.2784064632471,178.39893167494472,41.211390640868274,24.162114040433014,,,469,8.345,0,No Defect
0.04141339903591533,103.32429018796645,200.88304796469788,40.69556795592113,22.9395582656019,,,470,8.35,0,No Defect
0.040348371142396845,101.27179653704763,193.0586584704521,39.82746868728189,23.667693070584832,,,471,8.355,0,No Defect
0.03862735847248805,98.56645684948191,184.90891623234302,38.630498222690555,24.50059402076786,,,472,8.36,0,No Defect
0.04204518808787043,102.79935145267815,169.2373427657379,38.37927558167932,25.569032591629597,,,473,8.365,0,No Defect
0.039792113623314446,100.5336324191108,194.9234695966494,41.66950281779201,23.014918523839825,,,474,8.370000000000001,0,No Defect
0.0419315380110253,102.85988120334652,174.27609040664476,39.42525892444036,24.957711194835067,,,475,8.375,0,No Defect
0.03871485123290101,99.04567015204975,198.41170165519625,41.1952273895077,22.93701025243485,,,476,8.379999999999999,0,No Defect
0.03898856517150731,100.04546139072845,200.16225101989275,38.00614698649387,23.763599221668603,,,477,8.385,0,No Defect
0.037538154002560276,97.8950725591059,198.97625192070586,35.04380207731488,24.694820845880805,,,478,8.39,0,No Defect
0.03806693383982274,98.43030879934011,197.41249893367106,37.53209888919385,24.06970453427564,,,479,8.395,0,No Defect
0.03903758076670959,100.49892116359969,207.07595873348106,37.07484593631125,23.62168849841283,,,480,8.4,0,No Defect
0.04178747176415372,101.76950031038976,172.86584345464004,47.1900231379161,22.790021957918764,,,481,8.405,0,No Defect
0.041091819801386535,103.91230318991191,207.21021455503663,34.776877790450975,24.30697644903731,,,482,8.41,0,No Defect
0.04036203230340249,102.19475100454824,206.32154712676268,40.46095254115937,22.69677883083476,,,483,8.415,0,No Defect
0.04139657234067616,103.84638097436552,204.15590787726464,38.69174003583957,23.357664494318676,,,484,8.42,0,No Defect
0.04068574603845141,102.53693615725129,202.2489436165682,40.52020239750345,22.935739992001654,,,485,8.425,0,No Defect
0.040752888082097385,101.01038891464562,180.4297517845117,42.62634500044113,23.664716466181602,,,486,8.43,0,No Defect
0.03950724495090561,100.65293248014447,205.85369350893478,41.21537886992901,22.510339800003567,,,487,8.435,0,No Defect
0.04233302700112628,104.99047240334959,194.91519011969206,37.53654934029252,24.278183200242378,,,488,8.44,0,No Defect
0.04035135370549612,101.920672002906,200.20982255491418,38.56094022082402,23.643869427142747,,,489,8.445,0,No Defect
0.038778280668967345,99.22047859111808,197.68181591208037,39.46632591701065,23.5245694302156,,,490,8.45,0,No Defect
0.04198320608081713,102.67511481905954,178.31218109548436,44.35237681693963,23.312393887787014,,,491,8.455,0,No Defect
0.040101284477126284,102.11642072010015,211.54374794261344,38.64088539226461,22.931999530484166,,,492,8.46,0,No Defect
0.04118318045577551,101.69004920901105,180.93094641795656,43.52403369721443,23.392039649188582,,,493,8.465,0,No Defect
0.041430789772949325,105.06557497286582,217.39332917844655,33.887379088346776,23.976789037013628,,Stencil thickness high,494,8.47,0,No Defect
0.04096218581081663,101.99987269997816,196.48216713901655,43.655263110029594,22.406992235353446,,,495,8.475,0,No Defect
0.03919209953271891,102.18085187459651,238.74383299842032,39.620063038587745,20.980182403116657,,,496,8.48,0,No Defect
0.0411462392545705,102.02550004095762,185.8956160252693,41.95435066490197,23.556992442599014,,,497,8.485,0,No Defect
0.03998154770674617,100.55747094634867,188.49399107731017,41.50969234401704,23.51815770217436,,,498,8.49,0,No Defect
0.04108438906735405,102.06990489964254,186.715724792762,41.82900390118018,23.546599854149868,,,499,8.495000000000001,0,No Defect
0.04076089836360912,102.99342188046415,205.75795485290672,37.62712527238336,23.607688738475527,,,500,8.5,0,No Defect
0.03889933540836418,103.11364247112354,254.02652863998787,34.62644956693922,21.512114065485328,,Paste viscosity high,501,8.504999999999999,0,No Defect
0.04064255651313058,102.45195557965353,205.12959817942647,40.67426967992943,22.760400362039842,,,502,8.51,0,No Defect
0.04043721926175791,101.78405077276557,187.3633664225973,34.995923221796204,25.508435328491398,,,503,8.515,0,No Defect
0.04023364010736304,104.48063056842273,240.28454536112787,34.96360358774551,22.27311893652348,,,504,8.52,0,No Defect
0.04064365239716076,102.32280546582852,203.6780773430358,43.160819522468444,22.12725472410084,,,505,8.525,0,No Defect
0.040631576697261904,100.962461651096,185.3439060945267,42.96546383141293,23.316644824120853,,,506,8.53,0,No Defect
0.03960650487466062,101.8400997882887,220.49324700828737,38.63021941516073,22.421205197440425,,,507,8.535,0,No Defect
0.03905379275803471,99.05095162807993,189.1295173294348,40.635542564702305,23.756027435509928,,,508,8.54,0,No Defect
0.04057734125270669,100.45374315613905,174.36372906249625,42.97380551287948,23.991515566695057,,,509,8.545,0,No Defect
0.037885130354770105,97.25894209742742,199.44095803962097,45.999458352333306,21.552509014627212,,,510,8.55,0,No Defect
0.04071291470532679,99.32839055758623,159.03566345129587,46.271884945536755,23.97648681861054,,,511,8.555,0,No Defect
0.038647994744724516,99.98629422811261,206.99866804974934,36.426604498381096,23.894693085361244,,,512,8.56,0,No Defect
0.03945580759250555,99.71066005172997,193.7434200178517,43.62918812263131,22.613283407913045,,,513,8.565,0,No Defect
0.04005098942354022,99.85157365882802,178.63618282942508,42.16326785143692,23.97673646500343,,,514,8.57,0,No Defect
0.0385172193861309,101.23187419920978,235.6902301649304,38.02790223360856,21.674199459545775,,,515,8.575,0,No Defect
0.04049619347364363,102.13344847814344,201.25439392517058,40.77919511632834,22.99990154760269,,,516,8.58,0,No Defect
0.03916567476288995,99.09301325067804,187.53015018650083,40.46459602747714,23.929106368646995,,,517,8.585,0,No Defect
0.041650093244172,102.43795170330236,181.15274232333792,42.68867718220891,23.69194607512794,,,518,8.59,0,No Defect
0.03700382846908424,97.64294993995549,215.447558576966,39.432873838083225,22.50227869910737,,,519,8.595,0,No Defect
0.03749766323197824,99.36273640445485,224.2742934651962,33.45199625644988,23.717490523143187,,,520,8.6,0,No Defect
0.039753939984947965,100.3919823715899,183.26538680154022,36.64691535263771,25.317005433406035,,,521,8.605,0,No Defect
0.040868788512496604,100.97215449518613,177.11889103993605,42.7296451575515,23.931622610227365,,,522,8.61,0,No Defect
0.040891215564099144,101.39732382878907,183.7386964187542,43.037762574924486,23.43759447343193,,,523,8.615,0,No Defect
0.04093944210159363,102.96866435966888,203.95250575719325,40.97347103780901,22.801595888237237,,,524,8.620000000000001,0,No Defect
0.038851760501482945,101.49544604113159,230.9276120082404,37.17273904789139,22.245755576434814,,,525,8.625,0,No Defect
0.04039547617752084,102.0968385376193,204.1990485718561,40.269086166400484,22.994881670366752,,,526,8.629999999999999,0,No Defect
0.04142887637513522,102.85613895022044,196.22698056361583,42.446567416383004,22.861510425078997,,,527,8.635,0,No Defect
0.0424126654098099,103.42963402087314,174.81599403364797,40.56809228138177,24.732789604427325,,,528,8.64,0,No Defect
0.03895353934343103,99.81825843507018,196.2592542054988,36.337683064281975,24.62616384241371,,,529,8.645,0,No Defect
0.03878952951405675,101.54422106246393,232.0785366403972,37.785087294630856,22.006182006266307,,,530,8.65,0,No Defect
0.041139488322393655,101.27953119448426,180.8526868624386,45.618867228429046,22.884359012445152,,,531,8.655,0,No Defect
0.038432373577106736,98.76941671719378,202.5828984921008,40.52458984021165,23.021511222267684,,,532,8.66,0,No Defect
0.03817695544119625,100.25737075241159,219.40286637827487,33.9683715158201,23.90140154735506,,,533,8.665,0,No Defect
0.03907087195869104,100.88364537138834,216.11221474342545,37.93339839361398,22.957561155985108,,,534,8.67,0,No Defect
0.03738288702772687,98.96278217159738,217.10047914860752,32.88137011854354,24.359540833384777,,,535,8.675,0,No Defect
0.040905620147115344,101.83110708265825,187.5200245357164,41.50757400294576,23.685482187646524,,,536,8.68,0,No Defect
0.04042158617423343,102.11802509483338,195.89113747202668,36.6988020898186,24.574345819909052,,,537,8.685,0,No Defect
0.038644278113866316,99.62661615697078,206.7630373643009,38.756636529785936,23.296861676390158,,,538,8.69,0,No Defect
0.04190869231392706,104.2154327981801,193.98049598094684,37.54469182463758,24.461891885835104,,,539,8.695,0,No Defect
0.040515799625765,102.83128391615594,220.34846077724026,44.000768700412316,20.950907502053997,,,540,8.7,0,No Defect
0.04139359971404911,102.76110073819501,191.53840824991684,41.00277554319951,23.60508723949658,,,541,8.705,0,No Defect
0.038908645551923034,101.66438377938996,231.30341713305003,35.65696553213636,22.711149198170432,,,542,8.71,0,No Defect
0.03719966642716843,99.04765184688657,233.79363146271257,37.155555524242914,22.108466999315578,,,543,8.715,0,No Defect
0.04260582075911449,103.3188455025756,168.4723943440624,42.80150196352216,24.50888076879564,,,544,8.72,0,No Defect
0.04000492808729413,102.23604034546167,219.96379440395566,40.43619393191984,22.026930688937064,,,545,8.725,0,No Defect
0.041641340816685406,104.5447866449451,213.01224335895805,39.01762562984953,22.883244396414398,,,546,8.73,0,No Defect
0.039291963398594386,100.17394627236293,202.44334278185983,42.07153807030196,22.619500869838117,,,547,8.735,0,No Defect
0.04055321291642751,102.23261965879688,202.28142482041832,40.31468070616384,23.156673136342288,,,548,8.74,0,No Defect
0.039604481266041616,101.06114737510173,200.80581359663873,36.7854593314832,24.272626085650888,,,549,8.745000000000001,0,No Defect
0.04234088356331277,105.12800504957335,201.35008350410504,38.309115590881014,23.81988509941706,,Stencil thickness high,550,8.75,0,No Defect
0.03939772322398365,100.80614285540811,203.59983551323214,36.171373255846966,24.28672158610577,,,551,8.754999999999999,0,No Defect
0.040839462179817154,101.24640645697959,187.02804836167715,44.00150982670803,23.030777567641284,,,552,8.76,0,No Defect
0.041093908515640085,102.27091636244869,193.42960136195043,41.86196646188183,23.267044544006765,,,553,8.765,0,No Defect
0.0397254915242842,100.18862698638152,191.15690393680845,39.343697920267445,24.13499625740673,,,554,8.77,0,No Defect
0.039620125553056884,100.57298958715353,198.26943685867676,39.467173226933845,23.661758489940652,,,555,8.775,0,No Defect
0.04116614695756688,101.72361020246501,176.72470949993348,38.85352388312043,25.178974076763296,,,556,8.78,0,No Defect
0.03953072159913889,99.96749884262623,187.02041299369415,37.58738732767328,24.905520781082803,,,557,8.785,0,No Defect
0.040793457122532566,101.44145758228836,184.52400577203724,40.18292076241023,24.314517353824815,,,558,8.79,0,No Defect
0.038868641333897724,100.64758689845254,207.84559682388698,33.17393638999467,24.91613354224051,,,559,8.795,0,No Defect
0.04024513879516637,104.14372660438086,236.16786655548503,34.8811040157989,22.695420781479985,,,560,8.8,0,No Defect
0.03763141930680323,98.75471635524734,212.87190680950715,36.43414178792341,23.64917651957364,,,561,8.805,0,No Defect
0.03984429553009333,100.41047246627036,200.8151523639409,44.78801801989906,21.972710388348435,,,562,8.81,0,No Defect
0.04108565130227298,102.7686468064042,200.04906121978445,41.47049158952345,22.99922908013841,,,563,8.815,0,No Defect
0.039628115869633045,101.67396655186336,213.99202550943667,36.536838749816255,23.57829778452919,,,564,8.82,0,No Defect
0.042272382692042365,104.71820891987127,199.3728409939713,40.805677606012914,23.248341096609547,,,565,8.825,0,No Defect
0.03772792924708349,98.001824180207,212.07479150899448,42.63616245331854,21.903466926063253,,,566,8.83,0,No Defect
0.039600173157630876,102.70263984306828,236.42204058505624,41.58243702203137,20.730732513001108,,,567,8.835,0,No Defect
0.04039420796726771,100.07257150648893,183.52316390927237,45.75590911354805,22.772039177851223,,,568,8.84,0,No Defect
0.038536774132856354,99.14316222050999,199.1468322365148,37.044498594729994,24.34326406828955,,,569,8.845,0,No Defect
0.0392688970792652,101.29705200818867,211.5544391646611,35.20566022151604,24.125898454412606,,,570,8.85,0,No Defect
0.03931566530052564,99.79063155070246,194.38676974604834,41.18864641744332,23.433687335000332,,,571,8.855,0,No Defect
0.03929163883496824,100.96812107690744,206.675693143795,36.34175185980906,24.09797471210508,,,572,8.86,0,No Defect
0.03958954499260294,99.94166974557685,187.58542157080785,39.63204859039983,24.31364878096098,,,573,8.865,0,No Defect
0.039150165831846516,100.79919632543525,202.74487110746554,32.81404287351844,25.375024019268487,,,574,8.870000000000001,0,No Defect
0.03878695959125247,99.03940811026116,193.3630236243766,39.214308175346716,24.080350143929607,,,575,8.875,0,No Defect
0.037015373832852645,96.08259488865815,191.04727621073832,39.856485607144855,24.023047775676506,,,576,8.879999999999999,0,No Defect
0.039333622130703794,99.99436611058536,204.49314378793215,43.139340017002624,22.26270110629246,,,577,8.885,0,No Defect
0.04018836291368124,99.24251664649695,173.43754642873714,46.356467361663675,23.236709409335827,,,578,8.89,0,No Defect
0.04523554118207067,104.33327485540481,140.44647740576596,53.63124207736766,23.18049857489757,Paste volume per aperture high,Paste viscosity low; Ambient RH high,579,8.895,0,Solder Bridging
0.039939310542972846,100.69889828952222,192.0356706826063,39.7516877162481,24.026776621155364,,,580,8.9,0,No Defect
0.041000878814729635,101.76711339406388,181.473486745969,38.918099898768084,24.9303384182312,,,581,8.905,0,No Defect
0.03928614385988745,100.8271308947628,206.77913928590496,37.50695389823239,23.77681796375897,,,582,8.91,0,No Defect
0.04246507430265814,103.46953027007825,182.16242821489413,44.71888878367527,23.21068186315575,,,583,8.915,0,No Defect
0.039041454733583135,100.96731444739017,216.38353040542677,36.96385311485383,23.350882063169504,,,584,8.92,0,No Defect
0.04033635634977192,101.39898415729672,196.90380790739883,42.53251981325104,22.930135678265106,,,585,8.925,0,No Defect
0.04115899622051512,101.88080283109474,180.8859154038765,41.00430961024851,24.368877235668176,,,586,8.93,0,No Defect
0.0419637700381419,102.53574454891566,175.9187957391395,41.35171544104445,24.585767962430182,,,587,8.935,0,No Defect
0.04132890220590134,102.03768248026621,186.68633140039782,43.69743147706625,23.23552132765846,,,588,8.94,0,No Defect
0.0384695818274482,99.73047051827449,198.57404878674316,31.067208072121282,26.172736569592157,,Ambient temperature high,589,8.945,0,No Defect
0.04160816395461284,103.55947809784155,200.55183113782732,42.723500476643544,22.673595667341775,,,590,8.95,0,No Defect
0.04233006574403917,104.43498380740601,193.86199984048605,41.25277356220939,23.52219444235392,,,591,8.955,0,No Defect
0.03890053069359445,99.46404719528626,197.58918735700203,37.79044038908905,24.28331938081775,,,592,8.96,0,No Defect
0.039654824039034905,101.17872003367066,204.67208413677696,35.95407735907854,24.39484570812467,,,593,8.965,0,No Defect
0.03745005513598472,98.55239328433173,211.87339293284376,35.95032128627803,23.932327716190375,,,594,8.97,0,No Defect
0.04014102007335275,102.57447402761032,211.99807421833555,36.22153635215277,23.872133180034325,,,595,8.975,0,No Defect
0.04035206426917305,102.7930906712835,217.98440873684893,39.84546766626748,22.4518558113667,,,596,8.98,0,No Defect
0.03871980193471461,99.76455491626271,208.45860224682536,38.002691759228156,23.56605824469193,,,597,8.985,0,No Defect
0.042022074086730164,103.78983953001895,193.19112852427656,41.042777033997645,23.64234314044705,,,598,8.99,0,No Defect
0.040103318361200783,101.52623690682664,196.82904137188194,37.052108763710244,24.570277831551415,,,599,8.995000000000001,0,No Defect
0.0374559856576286,97.76010193244147,205.65056660659877,39.61970763414166,23.25835851210269,,,600,9.0,0,No Defect
0.0382191682532473,99.86921537445998,212.70534932016565,34.48311390268283,24.335049957274578,,,601,9.004999999999999,0,No Defect
0.03987513845087055,102.3638192774493,212.7614803836144,33.023039982050854,24.77800387939679,,,602,9.01,0,No Defect
0.04138465259711381,101.02493794362697,155.62927682396415,37.58744629977413,26.96272242370095,,Ambient temperature high,603,9.015,0,No Defect
0.04160051945141294,102.29653340764236,179.70552720849133,42.79236940059166,23.968121772944777,,,604,9.02,0,No Defect
0.039481917125082304,100.83170122586091,208.61036383527986,39.62085885371585,23.109612756856972,,,605,9.025,0,No Defect
0.03668187682271225,97.18254093030768,218.32958796072754,37.74887724459647,23.040928213013665,,,606,9.03,0,No Defect
0.040595893462398426,101.40996938385979,191.6771218077284,40.85284067512631,23.803350197444946,,,607,9.035,0,No Defect
0.04081370821756734,102.12651994845776,193.1976803683464,39.450473343505045,24.121546239340603,,,608,9.04,0,No Defect
0.03726645384531209,99.58229599973697,234.71914928201133,34.29423761552773,23.053758948047033,,,609,9.045,0,No Defect
0.038170906942684324,98.61578729060774,202.87763645580745,37.978049115372265,23.943381302041733,,,610,9.05,0,No Defect
0.03885751553617704,99.45512258258562,202.09778945503155,39.19574594010877,23.644533827787345,,,611,9.055,0,No Defect
0.040423316097222904,101.24215155435543,191.86464198717943,40.427924930901995,23.926319278178376,,,612,9.06,0,No Defect
0.04042883661859824,103.33569933653388,220.54485220190645,37.280965753182365,23.08701210682931,,,613,9.065,0,No Defect
0.03830737907757479,101.16159143287585,236.73801392297258,36.72483725468219,22.239193920129896,,,614,9.07,0,No Defect
0.042424340750307314,104.34809427619584,194.76207735589853,42.66517655680014,23.11772496927057,,,615,9.075,0,No Defect
0.04160087936805665,102.88877167354578,180.49784627857477,35.95874848277917,25.94852063679036,,,616,9.08,0,No Defect
0.04041337600117863,101.50365065635911,201.875159194397,41.60538066468682,22.983707189040864,,,617,9.085,0,No Defect
0.03757576952433092,99.4828969995363,228.1319389438059,35.974063996395216,22.992582786354635,,,618,9.09,0,No Defect
0.04170613494178628,103.89288595599598,203.93336604405633,41.08209152489195,23.022272944959013,,,619,9.095,0,No Defect
0.03905737618867786,101.05784569156857,226.47509973316505,42.04573585360837,21.33762224565792,,,620,9.1,0,No Defect
0.040481941082017275,100.33090488172971,181.6017628071742,44.80277187921378,23.300134709476954,,,621,9.105,0,No Defect
0.03845078988735279,99.31011926718776,206.46116339746598,37.03757643465672,24.031273000034773,,,622,9.11,0,No Defect
0.04033533385756389,101.28187576573285,191.26927440855263,39.96697400981773,24.121474444911897,,,623,9.115,0,No Defect
0.03935518268326147,99.88294862181509,198.9284625382311,41.289484109347164,23.262896064601122,,,624,9.120000000000001,0,No Defect
0.04098630924203976,100.21450375325729,172.9956070171982,47.94844244286151,22.92453306703117,,,625,9.125,0,No Defect
0.03988100845536993,100.98151273651595,192.2069625113252,37.31209885838447,24.84197877685599,,,626,9.129999999999999,0,No Defect
0.04059073241895168,102.67967529450411,203.55769358256106,36.86827686345424,24.285349960965636,,,627,9.135,0,No Defect
0.04112914795203372,100.13628835960071,162.27282861544407,44.654951079692836,24.553409326768268,,,628,9.14,0,No Defect
0.040626792335146975,101.05356381786285,182.3406673474806,40.34494793305798,24.578217063365397,,,629,9.145,0,No Defect
0.04112276449919104,101.88696818679168,172.78590429200145,34.93591643475923,26.75002544521131,,Ambient temperature high,630,9.15,0,No Defect
0.03782473391838667,97.72044648215913,200.24520552992516,41.46675516177626,23.132653268530884,,,631,9.155,0,No Defect
0.039191242684857394,100.77977372831792,210.0975988599804,36.515433236665416,23.99065931880378,,,632,9.16,0,No Defect
0.0376639794766752,98.40575720001615,213.13459816637535,38.44054447202864,23.231695874772086,,,633,9.165,0,No Defect
0.03873887094496536,100.47800455622729,211.51659448863504,35.073352527296805,24.323287507608246,,,634,9.17,0,No Defect
0.03899664616191086,98.65842298617159,185.4042278355487,41.492964427905804,24.055241027987034,,,635,9.175,0,No Defect
0.04130470176387288,102.95471430063569,191.9736023249883,37.58429792636232,24.81648734448618,,,636,9.18,0,No Defect
0.04177428882986547,101.70317577997778,174.65598674540107,47.1951831090376,23.07736623891543,,,637,9.185,0,No Defect
0.03945369302935024,101.29269496721126,224.53481485068244,42.689198879637935,21.320035536265834,,,638,9.19,0,No Defect
0.0374930529705078,99.33218351387006,219.66563592440042,31.132775907221333,24.978279215052833,,,639,9.195,0,No Defect
0.0402469270129508,101.79658305525044,204.9301530948272,41.115303630116934,22.989768520524713,,,640,9.2,0,No Defect
0.039097243673848106,99.44751923785424,200.3130477952335,43.2427591255013,22.645965796798794,,,641,9.205,0,No Defect
0.04157815962634277,101.52087932830777,180.04839142659432,49.29547146710945,22.14332618175575,,,642,9.21,0,No Defect
0.04237598491546945,101.83853846825608,157.19471872905018,44.019168698895854,25.098058947916154,,,643,9.215,0,No Defect
0.03859966321444458,100.47818656565613,227.2909316290977,40.744435302342765,21.724397016325955,,,644,9.22,0,No Defect
0.03868269525544076,98.95489152718676,204.42682483098167,43.783075052595315,22.242794093631176,,,645,9.225,0,No Defect
0.03944272792407573,98.53398313014904,171.79199332807707,42.625941124612936,24.588686566118,,,646,9.23,0,No Defect
0.040252666670066405,102.37766417237354,205.7619943607784,35.580987672540225,24.573578242420258,,,647,9.235,0,No Defect
0.04001666753759868,104.00281460521228,230.71983930513449,31.50817199563142,24.230647696414845,,,648,9.24,0,No Defect
0.04102933649516251,102.58556950797214,194.71462542025796,38.79911257744995,24.32290360186563,,,649,9.245000000000001,0,No Defect
0.04080441566924118,102.21649997974498,200.96699753197666,42.744350370858825,22.78703634513473,,,650,9.25,0,No Defect
0.040197473590229106,100.42886167183612,183.24256841034185,41.38712973724166,24.26770741241652,,,651,9.254999999999999,0,No Defect
0.03968248560367371,100.84068752482061,198.74371853329708,38.538533186233224,24.146826286689713,,,652,9.26,0,No Defect
0.04258856559176217,102.81979991607275,166.79074485306228,43.945194145666235,24.555855246792323,,,653,9.265,0,No Defect
0.039712412522509885,99.94909535515089,194.55201381531157,44.07947577627202,22.79258130682723,,,654,9.27,0,No Defect
0.0418074495574978,104.08671250501838,202.77867362684972,40.09788871565663,23.470545695241576,,,655,9.275,0,No Defect
0.038850940200679154,99.98947461403657,198.912586218708,34.499672437891824,25.319164557816954,,,656,9.28,0,No Defect
0.04200477327513278,102.78075498446701,179.39167666643954,41.82131126916861,24.40971047166547,,,657,9.285,0,No Defect
0.041891576575561466,100.50763512123063,158.1478657681028,50.23755189213645,23.25589274763585,,Ambient RH high,658,9.29,0,No Defect
0.03856609743516763,101.3490752466372,229.00337677569485,31.88646487658081,24.245139274507576,,,659,9.295,0,No Defect
0.04045145191367242,100.61685343403411,184.94696367443368,41.909390048238265,24.03899891395041,,,660,9.3,0,No Defect
0.0414153120140786,103.05015237943074,198.19882367147446,42.966830875515136,22.922691547620133,,,661,9.305,0,No Defect
0.03842399999227731,99.97638594085039,227.84172519433199,41.246703369203644,21.59024948425986,,,662,9.31,0,No Defect
0.0405553205245358,101.60222694258175,190.43142962388393,39.48110126125365,24.41576357675602,,,663,9.315,0,No Defect
0.04026153646508361,100.456886848577,178.49187775141897,38.73104830899428,25.368672692345562,,,664,9.32,0,No Defect
0.04063362447492424,101.73003289255547,192.3933689062588,38.359208131490114,24.6324406096358,,,665,9.325,0,No Defect
0.04121849192852726,100.76944053304294,177.43521889081612,48.57501990114584,22.57212279639688,,,666,9.33,0,No Defect
0.0382103057368954,97.94139954728769,194.37607068838352,40.80161050033804,23.78062371829254,,,667,9.335,0,No Defect
0.04094153882354373,101.79441159294299,184.75529556763564,40.278378095271705,24.546382505201294,,,668,9.34,0,No Defect
0.042171522668696684,102.98120408663242,187.2699784087266,47.258012882761,22.36813417644054,,,669,9.345,0,No Defect
0.03930739774363225,100.060601292047,202.65528577309092,40.95486308262216,23.244992020988118,,,670,9.35,0,No Defect
0.03977913459790249,100.95089367944061,192.66577216587066,35.11192342633125,25.568717269253465,,,671,9.355,0,No Defect
0.03846205967516895,97.86634814376781,180.35486075758556,36.232901107648566,25.991802485721625,,,672,9.36,0,No Defect
0.042604622903247215,103.16850320860345,174.05631974706736,44.70567345234501,23.937361839869183,,,673,9.365,0,No Defect
0.039896731054452364,99.79082098349329,191.49901127793905,47.21713948151334,22.112759910193034,,,674,9.370000000000001,0,No Defect
0.03863448312097485,99.44407383460522,201.98020004490053,37.266565672140324,24.36909466982205,,,675,9.375,0,No Defect
0.04288704888802637,105.1652671189529,195.26524444412064,42.30193733251774,23.346636118295784,,Stencil thickness high,676,9.379999999999999,0,No Defect
0.0392479899285226,99.51862512841542,195.03010388160058,41.728079949221936,23.50225719342236,,,677,9.385,0,No Defect
0.03789711407107185,98.18065882770034,204.70007688550442,38.99482846908923,23.70031884355499,,,678,9.39,0,No Defect
0.038151819249662766,99.74345626566038,227.83409664829924,42.44687611499183,21.27404803676639,,,679,9.395,0,No Defect
0.040655309059250654,102.30921219834107,203.66617150807159,39.972053350075626,23.50544156489366,,,680,9.4,0,No Defect
0.036623312276642776,98.39010974373153,235.324126340451,34.99037006925149,22.988311794134777,,,681,9.405,0,No Defect
0.03909999212610946,99.77906888508336,210.7738631521898,43.62077359083534,21.998265818523095,,,682,9.41,0,No Defect
0.03980394522269455,101.72630356854825,213.81722436374847,37.435101690530864,23.626028094123033,,,683,9.415,0,No Defect
0.039190107837336695,100.19319848569931,207.0907374354713,40.61130598923618,23.10594587943256,,,684,9.42,0,No Defect
0.04141873907597003,102.74997538539388,199.2354183376337,44.67796466895823,22.420911888576345,,,685,9.425,0,No Defect
0.040622126670373286,103.04696733389302,215.94717342625623,39.165154640245404,23.002099264699073,,,686,9.43,0,No Defect
0.041185509083786744,102.83619893699043,192.75495302088416,36.08174818203298,25.333665033928163,,,687,9.435,0,No Defect
0.04019404892947031,100.65554209056839,190.90709234117054,43.19078969588152,23.361281569651332,,,688,9.44,0,No Defect
0.038478493283248996,99.4425438937652,206.18614662141113,36.317525875407945,24.42268971291743,,,689,9.445,0,No Defect
0.03936307139171475,99.18148530046554,187.26035505671632,40.94987298862801,24.241156495742928,,,690,9.45,0,No Defect
0.04273758757965626,104.89902291958117,192.23615979378545,40.06157947496839,24.223579211165156,,,691,9.455,0,No Defect
0.04226120465034629,105.23081706867272,209.27419628485947,40.08637724402066,23.168145345872905,,Stencil thickness high,692,9.46,0,No Defect
0.038217509583567955,98.87716618536797,208.5324316917862,38.714100803853555,23.58700573274084,,,693,9.465,0,No Defect
0.03987812094347279,100.86729282338293,200.07590961567848,39.178836056882815,23.9868030384538,,,694,9.47,0,No Defect
0.03828703855248309,100.335130477077,216.19364858319065,32.37168844975866,24.970906223593907,,,695,9.475,0,No Defect
0.039597049637372594,98.06057575247218,166.1842205552665,43.76873949550485,24.726583208216653,,,696,9.48,0,No Defect
0.0393129689743131,101.91138109526617,228.999082986162,36.92346778558334,22.873663244857926,,,697,9.485,0,No Defect
0.03956393046941868,100.41656393316656,202.75874807373276,40.58976387381697,23.41665941117996,,,698,9.49,0,No Defect
0.042580480202148135,104.46054432653919,191.2849321399116,40.99542788949135,24.02785272484717,,,699,9.495000000000001,0,No Defect
0.04157435554863325,102.01013010661751,179.8455203539868,43.1346250408826,24.09903391239189,,,700,9.5,0,No Defect
0.03816985102936039,99.55675841684999,217.90307780563273,37.64294390421134,23.34220529917103,,,701,9.504999999999999,0,No Defect
0.04162793510321783,101.81208147694672,183.9524209462013,45.88822356495638,23.05189892141492,,,702,9.51,0,No Defect
0.040633975093639335,100.89876064709959,186.47250901603573,44.408498214248525,23.31827293055884,,,703,9.515,0,No Defect
0.040670397805862755,99.23545093031572,156.69946350143366,44.89579008302323,25.00421357827621,,,704,9.52,0,No Defect
0.03843466000889447,99.29624706667668,218.93280434197945,41.744252068261396,22.097894611068707,,,705,9.525,0,No Defect
0.04199678823107752,104.91289046166496,209.50793255153354,37.2125907632763,24.028484599845765,,,706,9.53,0,No Defect
0.04212614961920368,103.86175000674021,189.26063194410864,39.11852447470535,24.715309172079955,,,707,9.535,0,No Defect
0.040441182057728495,102.94892858047176,220.4180526094512,38.6902259886843,22.920125597051587,,,708,9.54,0,No Defect
0.04041755398858846,102.15992155913115,213.05631612159038,41.484656462792096,22.558265899351465,,,709,9.545,0,No Defect
0.039291318458513365,98.77685022449869,185.82230639193125,45.37062007870154,23.081250946841532,,,710,9.55,0,No Defect
0.03995695460102814,101.65094526358631,209.55702628820157,38.87580479665583,23.533722427556008,,,711,9.555,0,No Defect
0.04031041538246792,100.60513886410237,177.08131954767595,37.8714352781517,25.821622105182136,,,712,9.56,0,No Defect
0.040068888638954914,101.3491253253485,207.6520575886016,42.306464774980206,22.654278723973317,,,713,9.565,0,No Defect
0.03960331481941224,101.96627694708546,222.23123238405418,37.89936770665554,23.045203187525374,,,714,9.57,0,No Defect
0.04038264855695571,100.59910938127749,182.85603074741337,39.846435411584665,24.902354715082044,,,715,9.575,0,No Defect
0.042833330280728006,105.21244255381228,205.64662204231755,43.85446846111728,22.357308494644617,,Stencil thickness high,716,9.58,0,No Defect
0.03827513947258538,98.62673482192758,199.29903895247838,38.456710712764504,24.283751348958273,,,717,9.585,0,No Defect
0.041424657501113356,103.07465172522178,208.28343666188968,44.362857244043,22.041197304603507,,,718,9.59,0,No Defect
0.04152875063574292,101.59927212689865,180.06468766422114,46.23836097111234,23.224479755861168,,,719,9.595,0,No Defect
0.0389013023418475,99.22623340279792,208.28306973648017,44.91129696400204,21.86311063060537,,,720,9.6,0,No Defect
0.03894535517378203,99.20849018981782,202.55414123483516,41.62163399047145,23.1798834974728,,,721,9.605,0,No Defect
0.04004537471373572,101.19884849718999,200.3143511500135,39.779317160615015,23.86303727047105,,,722,9.61,0,No Defect
0.04097962105474224,101.03391705848641,177.94153085291555,43.457066071310614,24.170162501054158,,,723,9.615,0,No Defect
0.03816932576862534,99.56175562439586,209.227623177108,32.75682876580389,25.356568844710758,,,724,9.620000000000001,0,No Defect
0.03873600843135108,98.94071995836913,201.89732521301127,40.58713008913766,23.53035644916424,,,725,9.625,0,No Defect
0.040795339552002034,101.19843100939019,184.3087944618037,42.263330424017184,24.13456843965358,,,726,9.629999999999999,0,No Defect
0.04035579575318344,101.05339106131025,194.48143825759655,41.80171037227318,23.64581903145763,,,727,9.635,0,No Defect
0.03933735339612013,100.19097829256145,197.86170674968497,37.30775053506795,24.74432453790646,,,728,9.64,0,No Defect
0.03851444652497692,99.80887268934366,215.72477808035455,39.0405742278806,23.137253322745213,,,729,9.645,0,No Defect
0.040544128410914336,102.12909941801911,205.4288882467651,39.79884777055314,23.568889857142644,,,730,9.65,0,No Defect
0.04048557210708878,101.52562427098702,186.5629858430468,35.865203446199665,25.87433389470038,,,731,9.655,0,No Defect
0.03951989651170386,99.82362161479935,195.561288748903,42.03848919118016,23.514906387247258,,,732,9.66,0,No Defect
0.038322663826216935,100.08616115812652,225.34323527789283,37.9283317761714,22.8816069149929,,,733,9.665,0,No Defect
0.04137275617094294,103.27512319199354,196.00199750888552,37.92899456981051,24.706017059356704,,,734,9.67,0,No Defect
0.0400971758130286,101.1994318760003,199.54378015977127,40.702207169791215,23.67083181394314,,,735,9.675,0,No Defect
0.038507112839660844,99.14196469970356,206.8120983461746,40.63971479189559,23.23288594287744,,,736,9.68,0,No Defect
0.038865832175320275,102.37997274183951,243.3823214120752,35.63042896510184,22.45719309000969,,,737,9.685,0,No Defect
0.04071122140310456,102.57697128233265,211.7210180791705,42.912939132632374,22.290911259383112,,,738,9.69,0,No Defect
0.039579839612261226,100.03296573253925,197.02677544709024,42.26913589362312,23.373645352137,,,739,9.695,0,No Defect
0.0414203805549886,103.89737451098739,204.55025460434948,35.85854225357829,24.80363224688028,,,740,9.7,0,No Defect
0.04041019390899108,100.90821421916311,196.20956066246936,44.987264494230864,22.642647083949733,,,741,9.705,0,No Defect
0.03808525005156522,97.79142890741782,198.02928009079037,39.15814426332682,24.220904568286407,,,742,9.71,0,No Defect
0.03978910574773485,104.05525024071231,256.29968193120317,38.55364300427457,20.835837204074863,,Paste viscosity high,743,9.715,0,No Defect
0.04132758340334858,104.05131649318501,205.22285506148268,32.73722051044509,25.683870639728465,,,744,9.72,0,No Defect
0.040777066200053516,102.2929935655999,205.89534113924188,41.26384725775219,23.15069489127266,,,745,9.725,0,No Defect
0.04114414077551694,101.33307564145271,170.62692142541107,38.3803511496282,26.15837382164993,,Ambient temperature high,746,9.73,0,No Defect
0.039837239823574906,100.39623406728566,194.29375323696098,40.01302969622539,24.223079058704528,,,747,9.735,0,No Defect
0.039046990937334256,100.58499072428137,215.7618772035112,38.810005357913944,23.25257495105676,,,748,9.74,0,No Defect
0.03975797000816338,98.59475976378474,173.27386205747734,45.7133610368672,23.849272786137718,,,749,9.745000000000001,0,No Defect
0.039218679893389716,100.56232812832444,216.27178212971103,40.96320882874854,22.59998310464562,,,750,9.75,0,No Defect
0.037374489532420965,98.49203017681312,230.89193724714218,41.83105004433981,21.436273539227088,,,751,9.754999999999999,0,No Defect
0.040429488820626636,101.43028082314676,192.76083240968208,39.37548992099308,24.51751058357503,,,752,9.76,0,No Defect
0.04002348683720746,100.05858694371838,192.81405101261856,45.547982292137405,22.711949106508346,,,753,9.765,0,No Defect
0.04133590874288526,101.8475925239316,179.48843825652037,39.97110746048014,25.172481340981374,,,754,9.77,0,No Defect
0.04062879013864194,99.80537682106578,164.7128005063304,39.575367430702514,26.193311298140664,,Ambient temperature high,755,9.775,0,No Defect
0.03979955137230456,100.48078962015329,192.17390522491934,36.94968003371564,25.26951323626892,,,756,9.78,0,No Defect
0.03926585257265414,100.58972703567723,205.63455146870928,36.68684119665352,24.516275858277133,,,757,9.785,0,No Defect
0.04078163764319393,101.37473762768798,189.74011541665445,42.05327735674203,23.939936052741793,,,758,9.79,0,No Defect
0.0395658056897405,100.40658909801606,202.06469813066605,39.424299378836814,23.94537643300912,,,759,9.795,0,No Defect
0.0381484127383006,97.55194413227164,186.6269908906427,38.41910166823148,25.174580960688296,,,760,9.8,0,No Defect
0.04068489222513987,101.72242089331559,185.9863598794918,36.754621321451644,25.721405380003215,,,761,9.805,0,No Defect
0.03867470862630372,100.09770043802419,211.63979320958757,35.815312210128745,24.40943856987015,,,762,9.81,0,No Defect
0.03760893675370384,98.22784593337025,212.31428235049907,37.442281738053985,23.887887478974527,,,763,9.815,0,No Defect
0.03946674445996305,100.73645182582787,207.45399444843045,38.940376249075804,23.764822723341535,,,764,9.82,0,No Defect
0.04156245695114444,101.38405120406702,174.61498406080167,46.24590397376964,23.663819006441408,,,765,9.825,0,No Defect
0.039729938936344376,100.1994832342057,199.80519403094337,41.829042786291346,23.400427135136056,,,766,9.83,0,No Defect
0.03946986652130819,101.70550493383965,222.5147865480986,36.975659505659,23.423634428907818,,,767,9.835,0,No Defect
0.03918081523318291,99.466966987713,201.233534510134,41.488609632187405,23.412357594946762,,,768,9.84,0,No Defect
0.04110442387226507,103.19056762334019,204.19628803854732,37.88602895421838,24.297668898360328,,,769,9.845,0,No Defect
0.03930037561547032,100.78863855120008,218.08080883417435,40.23157663057225,22.751075431092747,,,770,9.85,0,No Defect
0.03979824622002788,99.39475912353649,185.471798130909,43.21841522781911,23.88489087355326,,,771,9.855,0,No Defect
0.03939733665514525,99.5998102509059,193.86173139854938,40.665625697930054,24.11363281162482,,,772,9.86,0,No Defect
0.03902861438735268,100.33974643337119,219.47348075815847,42.22865641481153,22.085256978801198,,,773,9.865,0,No Defect
0.03814617333804646,99.29477878231809,210.95119236709053,33.75481550302602,25.079570029506613,,,774,9.870000000000001,0,No Defect
0.04158936837674795,103.52840025068588,201.96729421786407,39.07129320376393,24.108661400338473,,,775,9.875,0,No Defect
0.04040230952360496,101.56585047127473,190.6130522596953,35.045606233055224,25.971793178965882,,,776,9.879999999999999,0,No Defect
0.04071513070585226,99.50448587325636,164.17305329276172,44.86231267675681,24.731012154674705,,,777,9.885,0,No Defect
0.04092390850651726,102.49252901849377,197.1031975322346,36.307129772788386,25.216110022651616,,,778,9.89,0,No Defect
0.04133565134417503,103.71447997585332,212.08323210678256,40.78027093508917,22.99303814597701,,,779,9.895,0,No Defect
0.039258429362029,100.112623749639,211.73870898020996,42.41792430691367,22.52434699718208,,,780,9.9,0,No Defect
0.03957058339543079,101.88001418315234,214.49232424265642,34.21247168988763,24.75257981699696,,,781,9.905,0,No Defect
0.03811277609228644,99.31420269345651,221.98508784918067,39.027356227720375,22.880843112971217,,,782,9.91,0,No Defect
0.039877527271146886,100.77113866246141,202.33716179454998,42.16218120344421,23.184057452841955,,,783,9.915,0,No Defect
0.04247426792375547,103.67775577813202,182.6926405704247,40.05096330454394,25.032818488293483,,,784,9.92,0,No Defect
0.039551436301749135,101.49153085250036,218.5441500767418,37.609118603793256,23.524831048108165,,,785,9.925,0,No Defect
0.040895470261229555,103.40212118821357,218.06352697068994,40.73529444560374,22.6513356249714,,,786,9.93,0,No Defect
0.04051780448559044,102.74490633450966,206.65908671416557,34.736016379006855,25.103219043148876,,,787,9.935,0,No Defect
0.04050559133598741,102.71240364576198,209.96976255151372,34.599476999608854,24.94588543405341,,,788,9.94,0,No Defect
0.04121809470039911,102.73063638377191,200.07961979765665,41.03311331769314,23.678747589285518,,,789,9.945,0,No Defect
0.04068713227355788,100.82615013943455,193.86750766724404,47.95325626790197,22.03635744815611,,,790,9.95,0,No Defect
0.039184732846010185,100.06509305026962,203.77336833219746,39.73857777711818,23.815875236302073,,,791,9.955,0,No Defect
0.03902438711418658,101.88836666667923,233.1340057586902,36.016927534304166,23.103008327288947,,,792,9.96,0,No Defect
0.040484205737159905,101.76636985146877,191.608157281485,37.40762306941676,25.25571431887343,,,793,9.965,0,No Defect
0.03947034983857472,99.33767945918582,190.76071650766448,42.452953306289686,23.832672497875812,,,794,9.97,0,No Defect
0.04025546373457823,101.73096051357685,211.74841414238426,43.142316446761484,22.35187062694229,,,795,9.975,0,No Defect
0.041816943970774303,104.42589765786548,223.32694236660518,45.04417974443654,21.10436748411813,,,796,9.98,0,No Defect
0.03722357271241815,98.7451474343642,225.8587793362217,36.30952741925199,23.458746849731963,,,797,9.985,0,No Defect
0.03774751606484862,98.24287413966582,201.31782918671016,34.548406161342164,25.486562535638615,,,798,9.99,0,No Defect
0.04003794748290006,98.92394375995785,170.14029886102801,44.876225678919354,24.40316975371246,,,799,9.995000000000001,0,No Defect
0.03884855256678989,99.78181666349612,208.36507149685715,39.25057370471237,23.695642252579294,,,800,10.0,0,No Defect
0.040790173850220386,99.04693607545893,154.53090291343003,44.291350709987476,25.545657401407432,,,801,10.004999999999999,0,No Defect
0.040030177684092054,99.58582358975232,176.13442267717056,40.70302419620924,25.262980844211818,,,802,10.01,0,No Defect
0.03922775227782115,99.70797708497177,202.63396584481038,41.21691149172364,23.484806666576397,,,803,10.015,0,No Defect
0.04289355694148484,102.42799400213971,150.15340249633672,42.46134478057037,26.369594606530896,,Ambient temperature high,804,10.02,0,No Defect
0.03957563810274512,99.75323150948327,191.42984194517422,41.91563340648862,23.971535110776678,,,805,10.025,0,No Defect
0.041149753795404184,100.69030768092011,166.74441773457806,38.82490787086391,26.41056427692355,,Ambient temperature high,806,10.030000000000001,0,No Defect
0.041275740111998215,102.74956445165292,196.2930079629389,39.87532000917223,24.289810472714308,,,807,10.035,0,No Defect
0.040273040921453125,101.99532206155592,200.6393563691993,35.350564686071074,25.337629929233056,,,808,10.04,0,No Defect
0.03944647399876105,101.102850228976,226.9523941900576,44.39884495247351,21.079028283011038,,,809,10.045,0,No Defect
0.03901581907537235,100.15160058210256,212.06096309992242,39.78622848743429,23.337028335548002,,,810,10.05,0,No Defect
0.0402751783343144,102.6911885120737,219.78700484608842,39.34562505541511,23.002686345356228,,,811,10.055,0,No Defect
0.040999973480849515,102.23108232144124,191.71883561427518,38.66410229636283,24.93234306674941,,,812,10.059999999999999,0,No Defect
0.039156069756793394,100.29688036186879,210.33941877762445,38.29214837239118,23.889080098452208,,,813,10.065000000000001,0,No Defect
0.0407627562695799,101.00737571372945,177.44991251496162,38.55773489952167,25.84199222497023,,,814,10.07,0,No Defect
0.04015087001005782,100.73653392133868,184.46542491042155,35.90211190552101,26.18464727537211,,Ambient temperature high,815,10.075,0,No Defect
0.04084497135393494,101.0940924561836,192.12282601611238,44.440027645262454,23.2333858623021,,,816,10.08,0,No Defect
0.03970087618280808,101.50813489986733,214.24547966460892,39.20041482027975,23.39350845355702,,,817,10.085,0,No Defect
0.03853501674897226,100.9029660548223,229.71645059982288,35.52143780633803,23.513050551309448,,,818,10.09,0,No Defect
0.0386239131270166,100.1653271944104,215.65133871761705,35.819992184568896,24.29215786006785,,,819,10.094999999999999,0,No Defect
0.0379994911349935,98.16499893012853,210.9877782529307,43.21985877169291,22.413661875048387,,,820,10.1,0,No Defect
0.04032419913783751,100.97271268742288,199.99040241192935,43.88175257420021,22.917723106708706,,,821,10.105,0,No Defect
0.041528202942403246,101.69184801910323,185.3238481456682,45.426540478297454,23.380613006671492,,,822,10.11,0,No Defect
0.039503046296933485,100.20144341546222,191.5422864785223,35.15470056274705,25.981576389515396,,,823,10.115,0,No Defect
0.039189718579666605,99.99268388400407,208.79720599738846,41.76287625136596,22.992935562164405,,,824,10.120000000000001,0,No Defect
0.03853915190446679,98.59747905169152,207.64982643153016,43.577513133702055,22.53236531538569,,,825,10.125,0,No Defect
0.03967588388384682,100.61634760365007,207.5407166478599,43.25753135792674,22.640136141095777,,,826,10.129999999999999,0,No Defect
0.039482287460070785,100.36358125999035,204.7549221221244,41.12258960094703,23.43552841056466,,,827,10.135,0,No Defect
0.04082526962007624,103.40034067070822,217.69066805793088,38.865822589671,23.31483783318484,,,828,10.14,0,No Defect
0.03649198622189758,97.81696554285358,231.30564496326954,34.64544030351621,23.680775918690742,,,829,10.145,0,No Defect
0.039919453116340195,101.98198363889132,216.24525739571567,37.21634233007016,23.88406558055995,,,830,10.15,0,No Defect
0.03971046106481922,101.1704708358648,207.04116811737487,36.953429929391085,24.525700792192175,,,831,10.155000000000001,0,No Defect
0.0400171066798816,101.4292636501422,205.08015644929648,36.78839837247268,24.700946314752926,,,832,10.16,0,No Defect
0.04105853735473195,101.69163887593922,186.82023203040032,42.09151344074314,24.278413081802952,,,833,10.165,0,No Defect
0.037942709945528515,98.71281099693374,211.08827421529668,36.03033309117387,24.540004751825343,,,834,10.17,0,No Defect
0.04065541066277331,101.57492207825732,196.37312394052668,43.10447332504121,23.3965279939813,,,835,10.175,0,No Defect
0.04037117104174982,100.78956879021266,186.31728246911428,38.930517100355026,25.235885167573237,,,836,10.18,0,No Defect
0.040479352113329904,103.7566902201804,224.7140201336982,33.89534781758373,24.353333882526847,,,837,10.184999999999999,0,No Defect
0.04052778800652827,101.7173483731741,205.64160963492031,40.822336836633525,23.507415039600616,,,838,10.190000000000001,0,No Defect
0.03933875868325719,101.36200982767052,212.41256047735794,30.767888818030478,26.020668077643755,,Ambient temperature high,839,10.195,0,No Defect
0.04032491090055842,100.15798711084591,178.163124170789,39.34844925284156,25.62314438292485,,,840,10.2,0,No Defect
0.03916482402070541,100.58254732752344,199.48677892645102,30.74419581293131,26.81950065028156,,Ambient temperature high,841,10.205,0,No Defect
0.03965817602534378,100.04199087007994,199.08943495165627,40.822501902027234,23.910056801190546,,,842,10.21,0,No Defect
0.04074452785484259,103.52304623726616,217.1680556805735,36.370669665649636,24.107592672517537,,,843,10.215,0,No Defect
0.03681038537405371,98.57691357563569,235.4847665915446,35.8499915247608,23.10537904373122,,,844,10.219999999999999,0,No Defect
0.04069327668512975,103.48199198032232,221.98173254208177,38.32319683206535,23.24648155040485,,,845,10.225,0,No Defect
0.037905268306233204,100.18048502907259,231.2469764490688,34.05903945683914,23.902387798868332,,,846,10.23,0,No Defect
0.038427219616377475,100.78080127007478,229.62250480768694,35.95427001875453,23.45346533925104,,,847,10.235,0,No Defect
0.03754387473084543,99.35344787135985,227.81793573147317,34.79114706531569,23.900140166939984,,,848,10.24,0,No Defect
0.03794228988786001,99.02250932145317,228.15177239837539,42.89507634329775,21.519942930635416,,,849,10.245000000000001,0,No Defect
0.04143394391444623,102.55824931311237,192.99947060886416,40.673115835088396,24.35745027074288,,,850,10.25,0,No Defect
0.04138073826744324,101.45671347994764,185.0107344878571,46.3766043213911,23.182591775882884,,,851,10.254999999999999,0,No Defect
0.04133031777844439,101.95490503674748,189.66508656702686,43.52854594768623,23.730572122835326,,,852,10.26,0,No Defect
0.04065815036399541,101.8600240608181,189.5201404551325,34.544452932089875,26.36012660678835,,Ambient temperature high,853,10.265,0,No Defect
0.03982379911646247,100.20987650700589,187.83593553931786,36.71938473209127,25.824020355557586,,,854,10.27,0,No Defect
0.03986494465863787,100.17525605107045,188.36943536294294,38.73496488279259,25.203645309337382,,,855,10.275,0,No Defect
0.04279122783583526,102.18545044741875,163.97227856314205,49.63078557796672,23.543294983988936,,,856,10.280000000000001,0,No Defect
0.040271010134757854,100.72005625635873,192.6500950675184,43.00009825782483,23.700876633316057,,,857,10.285,0,No Defect
0.040678216726217215,101.15344957086509,182.04756994946888,37.99062926181126,25.82189296366241,,,858,10.29,0,No Defect
0.03796355931481096,97.81366479198826,201.73810670845975,39.19850369099986,24.24351507392935,,,859,10.295,0,No Defect
0.039435141734880406,98.97298106543911,181.22181226342715,40.446228103428936,25.14852828822934,,,860,10.3,0,No Defect
0.03786927690340363,98.14273389796314,211.05422642838886,40.3713471414722,23.33192172900769,,,861,10.305,0,No Defect
0.0400591513628427,99.21444062849446,178.31800249642555,44.98005285857721,24.013123864842502,,,862,10.309999999999999,0,No Defect
0.04134137553590586,101.11375911453851,179.97046684425862,46.44523426616301,23.496901579612654,,,863,10.315000000000001,0,No Defect
0.039973498997211074,100.76623306426912,204.52109723724078,42.01334809378991,23.27818351000928,,,864,10.32,0,No Defect
0.04138188435703995,101.68452873425684,185.77291144802984,46.327638428029466,23.17717765174294,,,865,10.325,0,No Defect
0.04090857986383474,100.65191477250703,181.12294318269485,45.19582568777972,23.793815322173334,,,866,10.33,0,No Defect
0.03913914555820309,98.37445546855643,186.4534664788447,41.58405131324706,24.513209908167287,,,867,10.335,0,No Defect
0.041255042814494484,102.34263375841346,202.31875937256922,46.44211525473317,22.135576612242474,,,868,10.34,0,No Defect
0.04003642171863393,100.88406160228314,191.60476361385747,35.632873683937284,25.943769535790366,,,869,10.344999999999999,0,No Defect
0.03728475016145778,98.22734683021395,219.982375077377,34.78837006758139,24.431250371924023,,,870,10.35,0,No Defect
0.04095459865555456,102.07446030851786,194.3199942188834,40.408555198694664,24.392106657266403,,,871,10.355,0,No Defect
0.04040991508133721,100.47671264883358,187.07458125448906,43.79909937517058,23.843530714461107,,,872,10.36,0,No Defect
0.04279755038506934,103.16160691045411,171.91460187419966,43.60929097626194,24.853316673822416,,,873,10.365,0,No Defect
0.0376767903264908,98.02135271845252,205.01892797266706,36.09168871551486,24.977000657275685,,,874,10.370000000000001,0,No Defect
0.04086143332355207,99.37709793859179,171.11823313990857,50.58662501408411,22.852609938109094,,Ambient RH high,875,10.375,0,No Defect
0.040209526206062766,101.27379374837105,197.6431371598862,38.53110168790578,24.741710385059353,,,876,10.379999999999999,0,No Defect
0.03946079325209414,99.66136332164766,188.03374331098522,37.578081534400624,25.605511889024463,,,877,10.385,0,No Defect
0.040686584581165725,102.3927889197717,207.41726182235425,39.418263754111244,23.892643681956464,,,878,10.39,0,No Defect
0.03818978382954882,98.17431348876698,196.95823997321523,38.512670549509345,24.777753538180136,,,879,10.395,0,No Defect
0.04064980951932828,102.60618149591188,205.40765106124942,36.91115058635142,24.7500594884107,,,880,10.4,0,No Defect
0.04112929640606831,101.89663094580742,188.09019464186434,41.08847196629769,24.598490671661825,,,881,10.405000000000001,0,No Defect
0.039108778160394236,99.93005437392365,200.90586347865684,34.41700577981493,25.751247746707538,,,882,10.41,0,No Defect
0.04081196028030313,101.95492872774187,188.18584805238987,35.578838819824625,26.20413014514576,,Ambient temperature high,883,10.415,0,No Defect
0.04182646265774893,101.61912956884369,177.46715988145274,47.917480717981235,23.267902186864845,,,884,10.42,0,No Defect
0.03848945919574094,99.71965812745846,212.15438236919812,35.7784983099512,24.660626924254082,,,885,10.425,0,No Defect
0.037624869167895765,96.27202780454017,188.90005094364147,41.74404755701747,24.342029118393953,,,886,10.43,0,No Defect
0.040927917273250465,102.97875699768265,207.54543611750023,37.7927361314083,24.37985356427836,,,887,10.434999999999999,0,No Defect
0.03819055987238547,99.29057892163995,219.29626321016562,39.437692495843855,23.157392876083495,,,888,10.440000000000001,0,No Defect
0.03898475151854993,98.981403135004,196.28428178518286,41.26044002241047,24.045570159125987,,,889,10.445,0,No Defect
0.039339975735059936,99.71640965427332,203.70398185077053,43.16013976980808,23.04125371560435,,,890,10.45,0,No Defect
0.04038501167356655,100.10011742790351,175.1620792092601,38.216710545660604,26.248549454774434,,Ambient temperature high,891,10.455,0,No Defect
0.04158496455931577,104.30687677055282,216.9824715921242,41.13571275711356,22.83829092848137,,,892,10.46,0,No Defect
0.038457948019235924,100.18016373772747,225.1071258134856,37.67502160411293,23.329144648324768,,,893,10.465,0,No Defect
0.040430959872878716,102.58542670319248,220.2024025324477,41.439178848766375,22.548306599588486,,,894,10.469999999999999,0,No Defect
0.04068548973969875,101.09284116502921,192.16922223956828,42.14308939165965,24.06984523054629,,,895,10.475,0,No Defect
0.03840713311019824,99.56175790148545,211.90067351681046,36.22170765582241,24.56841284666405,,,896,10.48,0,No Defect
0.0378734322477139,99.16223426147481,219.01881694078634,36.27657517104781,24.11304611920842,,,897,10.485,0,No Defect
0.04052728413510481,100.43500208575814,180.29819701796492,40.69118986284195,25.225040761875814,,,898,10.49,0,No Defect
0.04223674099168056,102.29530246335693,177.31560297619606,44.578224319309044,24.292200753355218,,,899,10.495000000000001,0,No Defect
0.038721492566886756,98.23271717887573,183.91026248641518,37.957573866511126,25.7895838646037,,,900,10.5,0,No Defect
0.04050592774365273,102.05967093381497,206.75669661592025,40.41855656434784,23.685864279920334,,,901,10.504999999999999,0,No Defect
0.03841717358143315,100.33826247477893,223.46050764813734,33.953694759381364,24.536648975462313,,,902,10.51,0,No Defect
0.03878278914402288,99.2266224924401,205.18791188630377,40.573421458167914,23.72782829209789,,,903,10.515,0,No Defect
0.03934965690930923,101.2849231705967,221.7691378353213,40.198628995716454,22.82371561927906,,,904,10.52,0,No Defect
0.041525886594941226,100.9956740962976,173.33893131608679,46.134021740328045,24.084932545992697,,,905,10.525,0,No Defect
0.04022404431426445,102.02778332070392,213.43887042229198,38.74961875736542,23.774031949702806,,,906,10.530000000000001,0,No Defect
0.03914979273204933,100.22397670574804,207.9167228523818,37.730206814753075,24.402582198541534,,,907,10.535,0,No Defect
0.038612927320090654,101.41584865613186,228.13975733022244,29.89914061960783,25.44648654763144,,Ambient RH low,908,10.54,0,No Defect
0.040779168534962766,101.53339219811164,192.48382600461403,41.305834767514014,24.32144878409593,,,909,10.545,0,No Defect
0.04185777285925671,103.55097141116535,201.42228039110387,41.55366836470035,23.714025852403307,,,910,10.55,0,No Defect
0.0395993360652213,99.44634268853767,191.15097877946582,41.86808924264239,24.235483802777505,,,911,10.555,0,No Defect
0.03857292593592764,101.14557400610268,229.76017391909204,33.17205403514867,24.398202579125403,,,912,10.559999999999999,0,No Defect
0.03923906505518762,100.94337727921442,211.45049616158025,35.96853098689528,24.71009314550321,,,913,10.565000000000001,0,No Defect
0.039204700091703765,99.75569312736218,205.79425442258164,41.03384739495735,23.58394485193599,,,914,10.57,0,No Defect
0.039704586408998065,99.37609121449944,194.94605482427514,45.660148377158976,22.904944176912522,,,915,10.575,0,No Defect
0.0402793231921623,100.14215348375632,184.56598276622944,42.942280592107025,24.339111767130063,,,916,10.58,0,No Defect
0.0415909866976788,103.45955985015273,206.1161998577609,41.46599716759661,23.46301596100187,,,917,10.585,0,No Defect
0.03918179605594969,100.22451369610664,211.4134324174383,37.98647471337071,24.139644558444072,,,918,10.59,0,No Defect
0.04021080808435628,100.77807247824589,200.76399345516427,44.13806814657815,23.002810078481012,,,919,10.594999999999999,0,No Defect
0.0397120219705135,101.49421521784565,222.5661879970833,42.799897823676424,22.052641164009103,,,920,10.6,0,No Defect
0.039661729204856305,100.15953994091696,200.20829508166634,42.05216950689287,23.644954339670594,,,921,10.605,0,No Defect
0.040090460985783005,98.9113562350956,178.85677431263733,46.92078305112617,23.54104623256901,,,922,10.61,0,No Defect
0.0395870897406585,101.57500357885945,205.18081121172386,30.738585614371885,26.647018761380107,,Ambient temperature high,923,10.615,0,No Defect
0.03939508706132877,101.96261563827396,223.68686961601014,34.59655410132547,24.3849398401707,,,924,10.620000000000001,0,No Defect
0.04168220482111868,101.85303951289288,174.81286419777223,42.49025039968209,25.098190853425994,,,925,10.625,0,No Defect
0.03793986413787785,98.23906821119114,210.1120674048159,40.416714625925756,23.51100469611532,,,926,10.629999999999999,0,No Defect
0.036113911487128864,97.47596049491189,230.6624581425316,30.00018805390747,25.283631382605915,,,927,10.635,0,No Defect
0.04108542340877546,102.04976049839418,192.4676387559205,41.699455627535485,24.24694623451532,,,928,10.64,0,No Defect
0.04215529625788616,101.5959768796734,164.74210748569925,43.582748245588625,25.413725726111924,,,929,10.645,0,No Defect
0.039668476888503876,101.12963866743448,211.18241787330996,39.07320696716924,23.859766256351367,,,930,10.65,0,No Defect
0.042873544262582525,103.39003094924979,169.57842771797158,41.87375221723546,25.622334844113045,,,931,10.655000000000001,0,No Defect
0.04197615814769541,102.52408045393669,178.56804242303676,41.024253903767544,25.31506389538774,,,932,10.66,0,No Defect
0.03978964828703519,99.97873321202174,200.79812032242123,44.08332140947303,23.043939489317857,,,933,10.665,0,No Defect
0.04086983417088453,100.06725810515833,173.6680139706017,44.316638767325536,24.650822515318165,,,934,10.67,0,No Defect
0.038716328609293825,100.23904358472477,224.28377796848804,40.542643819093705,22.62930022277244,,,935,10.675,0,No Defect
0.039691565895214366,99.94297363119202,201.5016982623024,43.54085837725135,23.16406889604775,,,936,10.68,0,No Defect
0.04088725307052206,100.91736314449197,178.05246307094637,39.048267823600646,25.92653047607863,,,937,10.684999999999999,0,No Defect
0.03988970155493231,100.95903107172242,208.6138411496288,42.07119679132801,23.160197539426736,,,938,10.690000000000001,0,No Defect
0.03973571095196468,101.07132230185665,214.90284504243715,41.75155807303051,22.869253436057758,,,939,10.695,0,No Defect
0.03867603766617592,98.05452795297825,193.63900819099453,43.42264199053763,23.67839712200271,,,940,10.7,0,No Defect
0.039828435800324975,102.0593203460256,218.00677259079987,36.80146737472053,24.126984628098498,,,941,10.705,0,No Defect
0.03918877925388935,100.60401821287414,216.06842247224552,39.20251974658532,23.542988658692956,,,942,10.71,0,No Defect
0.03994947050976592,103.16032767218876,238.23324088365868,38.64290227129649,22.35427554367581,,,943,10.715,0,No Defect
0.04134301929602966,102.68086717509628,196.96992488007623,40.263120638434906,24.42715414853234,,,944,10.719999999999999,0,No Defect
0.03577231544649561,96.80368571925585,232.4822635569215,35.20268541998779,23.68021964522449,Paste volume per aperture low,,945,10.725,0,Open Circuit
0.03841454659335914,99.18328644434106,206.36146224321,36.352910649320705,24.971663749270842,,,946,10.73,0,No Defect
0.041277255533017324,101.30247682870363,179.82881035645573,41.81097511200545,25.034008865148472,,,947,10.735,0,No Defect
0.04069190192660285,102.0037921685745,201.47440293796592,40.17837209203233,24.177030373783005,,,948,10.74,0,No Defect
0.039619833837093325,100.57375663291525,199.61003861345998,36.01254439721879,25.503066886005392,,,949,10.745000000000001,0,No Defect
0.04147206816758773,102.02913350723664,184.29969491972787,41.2282880086102,24.93561510680582,,,950,10.75,0,No Defect
0.04039333716381138,99.70809741012228,182.86487998893068,45.72219772672628,23.705714400794946,,,951,10.754999999999999,0,No Defect
0.03830648818156678,99.7884144637847,225.00636167493718,38.69957103911323,23.154252401769902,,,952,10.76,0,No Defect
0.040332766358341016,99.95993687080217,180.31441841778033,43.04588825632168,24.6437208508599,,,953,10.765,0,No Defect
0.04002024607954968,99.8549071892634,189.73553920038754,43.440514787231194,23.951983826959818,,,954,10.77,0,No Defect
0.04104361757803919,101.82802965085057,197.47137487384637,42.98387727846916,23.62293798176946,,,955,10.775,0,No Defect
0.040372151444427885,101.47179988086769,193.13171641534598,35.05694315041644,26.19928165939004,,Ambient temperature high,956,10.780000000000001,0,No Defect
0.03959247578070546,101.13107329270767,209.8741648330687,34.711692115331026,25.27090787993458,,,957,10.785,0,No Defect
0.03964582286720843,100.05189367387878,196.73451435192075,40.36656398196865,24.42435109952149,,,958,10.79,0,No Defect
0.038314478938493296,99.60663874951031,210.08618961199957,30.81317507143599,26.389466198507673,,Ambient temperature high,959,10.795,0,No Defect
0.04067609903255677,101.42246737523685,187.51830232188746,37.00642109241405,25.98428184155645,,,960,10.8,0,No Defect
0.03787191473888821,97.93630253692002,209.1858584681712,41.881900998132465,23.20793163869439,,,961,10.805,0,No Defect
0.04100875856963178,99.89523785737117,169.64748230586528,45.66739641310432,24.55903822706026,,,962,10.809999999999999,0,No Defect
0.039669628258491504,101.79200066966905,216.19311426760552,35.597137026829586,24.632279703697574,,,963,10.815000000000001,0,No Defect
0.0397889035480179,100.40507268171828,195.11423857252169,38.164474334917514,25.179799605264957,,,964,10.82,0,No Defect
0.04032168792359056,101.20517426912458,202.48302790427502,42.87083375097665,23.358603143244245,,,965,10.825,0,No Defect
0.04115848671037859,100.7690640183764,178.00464916831962,45.53589851992004,24.09121692120896,,,966,10.83,0,No Defect
0.040123985532889324,100.45221773931503,189.14919158039672,40.537723956246936,24.85894674879598,,,967,10.835,0,No Defect
0.038924716245848125,99.79691336152898,212.38925887047324,40.10504509770748,23.55487841789122,,,968,10.84,0,No Defect
0.04070804295428502,99.32332789839751,162.7318099666632,43.3318232127333,25.67562710762981,,,969,10.844999999999999,0,No Defect
0.03649987116890016,99.84576048127468,263.38203410041996,32.45988487267641,22.642796452950467,,Paste viscosity high,970,10.85,0,No Defect
0.043125204897786325,104.78834216783888,192.6278022040261,44.07582204333267,23.646712255882292,,,971,10.855,0,No Defect
0.03936553850592239,99.33122882497976,190.3906367896257,38.10352561045676,25.50175320203131,,,972,10.86,0,No Defect
0.03775353732042011,98.73646536804769,219.38242908616678,37.17409679243069,23.981209086288004,,,973,10.865,0,No Defect
0.04410291744515482,106.25234538114438,181.47794456628827,39.24346847747629,25.754462538708374,Paste volume per aperture high,Stencil thickness high,974,10.870000000000001,0,Solder Bridging
0.03864721629593495,98.09591286537363,194.16994602954324,41.499642251888204,24.277464328873428,,,975,10.875,0,No Defect
0.04132518408186405,103.48746494714707,204.5091165583815,37.247773120516854,24.905600366812852,,,976,10.879999999999999,0,No Defect
0.039367695094128824,99.38275680164388,201.96584434258494,44.72574974930579,22.8655735026916,,,977,10.885,0,No Defect
0.03890378190610767,98.47024094066079,189.12649604417285,39.74730493845561,25.10505386189566,,,978,10.89,0,No Defect
0.03998687219038364,99.08242478662281,172.0023261129263,41.328343034169514,25.702976088680607,,,979,10.895,0,No Defect
0.03947744199488575,99.2433243982855,185.34763121531023,38.708743718416926,25.64880367545026,,,980,10.9,0,No Defect
0.041237792743966155,101.5235531999204,178.48756474617858,39.93842209798623,25.725424081623053,,,981,10.905000000000001,0,No Defect
0.0393089228833428,101.41729611853505,227.02924999476318,38.67929677095237,23.102387169756543,,,982,10.91,0,No Defect
0.040281892110843605,102.1261246059145,210.44389755778496,38.59188573414151,24.152658287796022,,,983,10.915,0,No Defect
0.04221854671314768,103.30318722358457,190.13397027477774,44.51063336050677,23.687964719979846,,,984,10.92,0,No Defect
0.03933161667494244,99.66211242749313,200.12160625280148,39.511939430223855,24.518166214426856,,,985,10.925,0,No Defect
0.04146221854732954,100.04716916759884,166.6145967610585,50.4842330781354,23.385134030865487,,Ambient RH high,986,10.93,0,No Defect
0.04072459827193315,101.50452727693703,200.3820866937829,44.52822693033574,23.048780429078317,,,987,10.934999999999999,0,No Defect
0.04078309994968818,101.35310775439325,191.6971068989914,40.80400855932878,24.673957772105698,,,988,10.940000000000001,0,No Defect
0.041386896794626864,101.42121767476497,173.21982609069707,39.57009999334977,26.17349080604832,,Ambient temperature high,989,10.945,0,No Defect
0.040320308570745214,102.34811488116165,218.23633557627775,40.599346750265966,23.10293918913901,,,990,10.95,0,No Defect
0.038147404395741324,98.72534017612365,216.3689576278767,40.716982888528726,23.16950449060605,,,991,10.955,0,No Defect
0.03957495698020241,99.31674798209698,188.72230973595842,41.54447480656133,24.636266818229185,,,992,10.96,0,No Defect
0.03968568486632858,99.51683624903943,194.98041180641764,43.80455838896971,23.596578229382104,,,993,10.965,0,No Defect
0.04203854756816907,102.72673812394979,178.73285486948652,38.208196836562315,26.25050451357136,,Ambient temperature high,994,10.969999999999999,0,No Defect
0.038168025132220326,100.31705312902349,233.00622414786483,35.8764763308807,23.568808899876345,,,995,10.975,0,No Defect
0.03840254130191258,100.05880023655185,225.40656601448927,37.007518461222766,23.709489052051637,,,996,10.98,0,No Defect
0.042181296044690814,102.72635346265234,180.85940857984258,43.19737956071569,24.666403301414753,,,997,10.985,0,No Defect
0.03720056017999459,98.65129442527436,229.83823454616567,35.79337355782357,23.784907876200013,,,998,10.99,0,No Defect
0.039934706338559035,101.4116149755866,224.8176580909392,46.43838470703704,21.008918750172224,,,999,10.995000000000001,0,No Defect
0.039434926911609505,99.74550959536657,189.65772087230542,35.82318910300872,26.263798987982685,,Ambient temperature high,1000,11.0,0,No Defect
0.038300842884778,100.11363854233593,229.3049568535878,36.50679326673635,23.626061702659115,,,1001,11.004999999999999,0,No Defect
0.04213132272465035,103.62655431022344,193.84131983279354,40.73759977943742,24.597792786333162,,,1002,11.01,0,No Defect
0.039317575912763046,97.97288989736833,186.38969983021565,48.21691072525673,22.850372654206907,,,1003,11.015,0,No Defect
0.039922781443226266,99.94731092346989,189.77753757842868,39.47360510576398,25.20449933751901,,,1004,11.02,0,No Defect
0.038353808686390586,98.08090394208108,196.42286053979566,40.34929814914582,24.525420220589865,,,1005,11.025,0,No Defect
0.03835164339231416,100.36539748055718,232.85086579536733,37.87723944055049,23.015883137105202,,,1006,11.030000000000001,0,No Defect
0.043192822562610304,106.13506063905284,202.1331358353866,39.161621656451764,24.56355389940548,,Stencil thickness high,1007,11.035,0,No Defect
0.04066553196585753,99.7280610617453,171.31284765657026,42.929989152150775,25.339989007950873,,,1008,11.04,0,No Defect
0.04142825944032359,100.1070594721971,161.08904032884033,46.63056389927589,24.89132962780601,,,1009,11.045,0,No Defect
0.04097218839590465,102.0772478912126,199.0108000383803,40.93376365727741,24.22896949575738,,,1010,11.05,0,No Defect
0.038504467199183545,99.96785527465299,220.9724839406234,36.86176488659722,24.05243121925718,,,1011,11.055,0,No Defect
0.039593038198832475,101.39277534458914,215.62776028553483,35.50044398702871,24.790280653093838,,,1012,11.059999999999999,0,No Defect
0.039726802019869896,100.50937172032455,210.08887961238648,43.31941930185639,22.848233676485922,,,1013,11.065000000000001,0,No Defect
0.038427934590133196,98.95877959374258,211.7951418663558,38.67055425516023,24.094752602699568,,,1014,11.07,0,No Defect
0.04013440241041747,100.92471602723033,204.44543507668507,42.76242341028585,23.3631982783547,,,1015,11.075,0,No Defect
0.03867507287741674,99.55962930512946,212.24707393051958,37.48027815863708,24.41918876852084,,,1016,11.08,0,No Defect
0.043099894539676414,103.82876312117767,178.73273356582177,44.725208491583956,24.395093487017412,,,1017,11.085,0,No Defect
0.037572061059501186,97.61283666231054,202.23575255935873,37.0244302044695,25.156096268091154,,,1018,11.09,0,No Defect
0.03953872510318672,101.17363135267315,210.1893446532352,34.45962704654564,25.438868625705922,,,1019,11.094999999999999,0,No Defect
0.041371838086269125,102.6173557245646,197.5820562797168,41.18610913193639,24.263648633446305,,,1020,11.1,0,No Defect
0.04026889917733655,99.98126827395816,184.27716986521108,41.450226200807506,24.99767015840649,,,1021,11.105,0,No Defect
0.0393590678201643,102.64224638659014,238.9464018222246,32.93425928918104,24.125438074134717,,,1022,11.11,0,No Defect
0.04069255208277339,103.10769805805994,214.57665308542855,34.69010924791163,25.120381216380522,,,1023,11.115,0,No Defect
0.03815900566366567,98.46333782601927,206.80422418017534,38.149245961748605,24.566251472589116,,,1024,11.120000000000001,0,No Defect
0.03908839053923849,99.55389497150767,203.12496418200126,39.62534651169413,24.36987196413113,,,1025,11.125,0,No Defect
0.04058140295175112,102.16357532163806,208.8579190639847,40.30859191262434,23.831973512203476,,,1026,11.129999999999999,0,No Defect
0.04006697739849819,101.2837959076954,209.41543295597376,40.183451078001355,23.834050837629473,,,1027,11.135,0,No Defect
0.039234450903679434,100.50752303433569,217.91684335685974,40.10654295885071,23.329697602322582,,,1028,11.14,0,No Defect
0.040164657281186955,100.77528825862045,196.07797616705815,40.61919794565474,24.526651671443002,,,1029,11.145,0,No Defect
0.04303475709841024,102.91493724086646,168.00807849290692,45.763645431660244,24.77367091357521,,,1030,11.15,0,No Defect
0.03998550894068779,100.85600052980345,215.7610271265901,46.270410170381396,21.673682028324748,,,1031,11.155000000000001,0,No Defect
0.04036405306083365,99.02010016501438,168.79838018990307,44.27917114399875,25.1397475941842,,,1032,11.16,0,No Defect
0.04129830126543378,101.5249968804331,182.6767460810479,41.389908779249744,25.14251529543082,,,1033,11.165,0,No Defect
0.04041323704800053,99.86879429743604,177.71854655148294,41.09890784027065,25.526677613481663,,,1034,11.17,0,No Defect
0.04240216262399775,101.8279517036392,155.50997014658796,40.84570694482517,26.978800831709208,,Ambient temperature high,1035,11.175,0,No Defect
0.04029157679462307,100.57293460012116,190.8209381055854,41.07242664633915,24.730886336159145,,,1036,11.18,0,No Defect
0.037392990665547556,97.75186715013339,215.7293802372331,37.47912275862542,24.232937090923574,,,1037,11.184999999999999,0,No Defect
0.039152696590433425,99.83775095623966,208.47408643189692,39.880989986101135,23.992070406575305,,,1038,11.190000000000001,0,No Defect
0.03942839975662358,101.18371733538149,216.62816411274946,35.79746555925815,24.688302579499496,,,1039,11.195,0,No Defect
0.03955891983124582,99.7726755148121,197.15058966067048,41.55533096893306,24.20216046076105,,,1040,11.2,0,No Defect
0.041103098954461334,102.98626233190281,204.93435366955558,36.85343757170138,25.11449998241356,,,1041,11.205,0,No Defect
0.04014290843977706,99.78575579276458,183.52714536845687,42.23479517596099,24.848242638245,,,1042,11.21,0,No Defect
0.040672455419518645,101.68439144072669,196.4504865448595,38.54219990564602,25.14105052516368,,,1043,11.215,0,No Defect
0.042379953512001536,103.11256773815549,181.13372191289943,41.260650898761604,25.303123740486487,,,1044,11.219999999999999,0,No Defect
0.038568743531406116,98.85923320121451,206.9906102084496,40.75196765600167,23.83425536786363,,,1045,11.225,0,No Defect
0.04241040137941057,103.63400308460241,183.62742173305557,39.023659440080955,25.805639671416927,,,1046,11.23,0,No Defect
0.042757928435251016,102.07530905886222,165.96863772514203,48.748000864329036,24.054012444428935,,,1047,11.235,0,No Defect
0.03986399255999562,99.73716482924199,193.2016572421642,43.8269156832803,23.79788998579853,,,1048,11.24,0,No Defect
0.03998225859674184,100.09714053880683,184.66438583582527,38.31100025550473,25.933930493915824,,,1049,11.245000000000001,0,No Defect
0.038712152669972265,98.88779762293359,200.25237659881688,37.19884232145706,25.298221021483258,,,1050,11.25,0,No Defect
0.03848806517322916,98.78896383504639,202.36284550412927,35.94437082101544,25.535140271001644,,,1051,11.254999999999999,0,No Defect
0.04167023218405109,101.60217485107182,178.14653765164397,44.3956488254269,24.577024926689578,,,1052,11.26,0,No Defect
0.038908410379253563,100.71262714323575,220.4062336089721,34.16425346975014,24.95433683508858,,,1053,11.265,0,No Defect
0.04172119453555242,105.0200394467669,216.26806765835616,34.709461908621606,25.069510732793134,,Stencil thickness high,1054,11.27,0,No Defect
0.04104458952715963,100.2818884084376,166.27866126889685,40.43354064773289,26.463735523362253,,Ambient temperature high,1055,11.275,0,No Defect
0.03914513393661479,100.51295275061808,220.2148904342137,40.66620317037411,23.071766447856856,,,1056,11.280000000000001,0,No Defect
0.04055449455837743,100.0437209960578,185.82276915434736,45.596213662449706,23.75728708339379,,,1057,11.285,0,No Defect
0.042098535778132246,103.26075602416826,183.235229068257,37.15804334552018,26.393602415886548,,Ambient temperature high,1058,11.29,0,No Defect
0.039774479068332036,100.55923699854928,206.3663895377166,41.97438891290608,23.549275105250747,,,1059,11.295,0,No Defect
0.03972174587159369,100.11304949724516,201.9364876342484,42.78382705172821,23.586250193068313,,,1060,11.3,0,No Defect
0.04144297009042888,102.01636842281438,183.32675259458418,39.207287208195496,25.78942018765462,,,1061,11.305,0,No Defect
0.03963674795899412,101.57339170782673,215.59876470964832,35.491032073512244,24.88035313399806,,,1062,11.309999999999999,0,No Defect
0.03965288431125607,98.84313232659227,181.18892626667207,41.892435412364556,25.124856127984682,,,1063,11.315000000000001,0,No Defect
0.04029773959294481,99.79857828049013,186.69298353817248,45.37242891331761,23.77760696459769,,,1064,11.32,0,No Defect
0.03998775555814733,100.16874858371634,194.1305104647988,41.936732059226834,24.323013203123885,,,1065,11.325,0,No Defect
0.039281575706282754,99.72480077225559,203.1973444141968,41.37590080569693,23.925363381638807,,,1066,11.33,0,No Defect
0.03933598015427311,99.52044510965727,194.30713161930424,38.10395628203172,25.430576672538827,,,1067,11.335,0,No Defect
0.03859473634872807,99.71938564783161,208.35011239913877,33.164136641439605,26.007295012222453,,Ambient temperature high,1068,11.34,0,No Defect
0.04223338408098847,102.65263021496442,169.00467328561342,36.136240785982984,27.586299699029624,,Ambient temperature high,1069,11.344999999999999,0,No Defect
0.04081844830397692,101.8878704765073,199.67752483298582,41.61759948744647,24.089740799093875,,,1070,11.35,0,No Defect
0.041193341162881654,100.25296306623731,164.6650815960993,40.80274942700719,26.485058845330453,,Ambient temperature high,1071,11.355,0,No Defect
0.03993831180732292,100.74455642342505,202.29955944284725,39.00641771998279,24.69118078320328,,,1072,11.36,0,No Defect
0.03800319178622621,100.05903219606597,232.0629233423502,33.95748007376668,24.32483457378065,,,1073,11.365,0,No Defect
0.03834349487449011,97.90791776623485,192.13525726303072,37.77699507883254,25.66250577825847,,,1074,11.370000000000001,0,No Defect
0.04098633900039984,104.24853763024569,216.64345700540184,31.421937407395077,26.03583426180611,,Ambient temperature high,1075,11.375,0,No Defect
0.039218029856734234,99.28623774303884,193.24329862164134,39.783745317585186,25.01594034777618,,,1076,11.379999999999999,0,No Defect
0.040030931265520805,102.06978744365487,210.85924528607939,32.688162029968886,26.020190360342415,,Ambient temperature high,1077,11.385,0,No Defect
0.039067347954467486,99.91554584201592,209.71773249280852,39.01709886383878,24.234147731458073,,,1078,11.39,0,No Defect
0.04107098704789018,101.99540535515577,198.60845536180878,40.68977629799072,24.448614520350386,,,1079,11.395,0,No Defect
0.03841614433633846,98.70323481900326,209.1298632628221,40.33027026274375,23.885109990390056,,,1080,11.4,0,No Defect
0.04000836509911034,99.15897239046387,184.69335429248568,45.478244652482246,23.89615087773255,,,1081,11.405000000000001,0,No Defect
0.039297882976637506,99.45631386794139,194.62245792547932,39.281841914618525,25.089846876615933,,,1082,11.41,0,No Defect
0.04085955211694192,101.15760190987862,178.99784372951385,36.636163631365704,26.837128184049355,,Ambient temperature high,1083,11.415,0,No Defect
0.0400452084461754,99.53413136910446,187.96107463084093,44.43695231063614,24.004681661167602,,,1084,11.42,0,No Defect
0.0408746159950413,102.51781641974304,206.31220353712425,38.334595399749816,24.669829507313956,,,1085,11.425,0,No Defect
0.03908516956321331,99.14598889032624,199.08455695793327,40.125378940148366,24.576999286792088,,,1086,11.43,0,No Defect
0.03918260192056195,99.80288721994333,211.0043653309899,42.240667518388115,23.2296483435113,,,1087,11.434999999999999,0,No Defect
0.03919732192732394,99.24007037794918,193.4929869295359,37.89705697171056,25.574882869537298,,,1088,11.440000000000001,0,No Defect
0.039704117460778086,99.0287091912882,192.36835234848945,46.68417750157097,23.08311100242412,,,1089,11.445,0,No Defect
0.039410805349092595,100.19603164609633,214.00890560896565,42.04603975803948,23.111486983839487,,,1090,11.45,0,No Defect
0.04186618064671729,101.90950363141806,176.09629613345405,41.729530945362704,25.550297407157764,,,1091,11.455,0,No Defect
0.03995120817132154,101.28331937174754,214.4308120477403,40.48266893646487,23.5488426357325,,,1092,11.46,0,No Defect
0.039971670610614726,100.9364449160661,205.35720098758796,39.6700078164778,24.343589179222846,,,1093,11.465,0,No Defect
0.04202080828939046,103.07205960218032,188.11882782125684,40.18569413411811,25.26864709239264,,,1094,11.469999999999999,0,No Defect
0.04218255238608147,102.66737342597098,180.9380206513365,42.30547404295765,25.09320101659231,,,1095,11.475,0,No Defect
0.042613394660377314,103.73134241948569,186.727478953343,42.2496355402627,24.758518427261993,,,1096,11.48,0,No Defect
0.04099364030619532,101.79456421762812,196.3281729551122,41.18289219181268,24.471061766151283,,,1097,11.485,0,No Defect
0.03945190838079091,101.14039490521526,216.14701560483422,38.406425116907926,24.050170989451853,,,1098,11.49,0,No Defect
0.03829890862422498,98.83597932668906,208.0379000608451,34.86108861058809,25.58248465086733,,,1099,11.495000000000001,0,No Defect
0.04093762324441643,102.13484536871732,200.8969647292078,39.12181013776855,24.798002448880144,,,1100,11.5,0,No Defect
0.04112249390948302,100.73328115386981,165.35208219977625,37.27280810104919,27.518805033050093,,Ambient temperature high,1101,11.504999999999999,0,No Defect
0.04018077047353958,101.57170461782556,211.4863273593137,40.47607376208761,23.747401561716863,,,1102,11.51,0,No Defect
0.03797449124673918,99.14118703237234,225.0823901291372,37.0708886789918,23.894112756136433,,,1103,11.515,0,No Defect
0.03900530456518146,99.00379853825783,202.1453734925512,41.36768016583328,24.055430750020406,,,1104,11.52,0,No Defect
0.03918440149164711,100.96305555120853,221.33091082821318,36.76382243722989,24.2247489776344,,,1105,11.525,0,No Defect
0.041722930600711625,101.63071878124335,183.0829386728872,46.61082108769245,23.717556680834512,,,1106,11.530000000000001,0,No Defect
0.043334889155522194,102.93442099087702,158.8714499119069,43.84879378799587,26.025797023440127,,Ambient temperature high,1107,11.535,0,No Defect
0.0422524917969012,104.57860699500254,211.31554034317148,41.87123678202177,23.377484586677166,,,1108,11.54,0,No Defect
0.03777153631024892,100.4645067070372,246.54960591137078,34.15691241677075,23.434497645516785,,,1109,11.545,0,No Defect
0.03870284249993181,99.76424617348387,214.47718859555073,37.94094206077853,24.304074444653864,,,1110,11.55,0,No Defect
0.03806522342911755,98.79462564855604,220.60018583165058,40.087574636167254,23.299625290920137,,,1111,11.555,0,No Defect
0.03860581220786949,99.2321133579763,207.22837713458398,37.73972152222442,24.809565100765617,,,1112,11.559999999999999,0,No Defect
0.04092019623396739,102.65925626741803,211.0044975130357,40.731984712340626,23.725439019454747,,,1113,11.565000000000001,0,No Defect
0.039996284790115876,100.11293257191947,191.2025750575245,39.908607195139155,25.175654858619446,,,1114,11.57,0,No Defect
0.037389937248611164,97.37143416118403,211.6154440008409,37.62453886550782,24.572849330019107,,,1115,11.575,0,No Defect
0.04253396109363421,104.20472113495799,202.43707641135697,44.956186114649846,23.03524527199194,,,1116,11.58,0,No Defect
0.039034610880915976,99.03730517300114,185.64385282218598,34.957259774209184,26.95600465193992,,Ambient temperature high,1117,11.585,0,No Defect
0.03926235178164264,99.65457994175479,198.5807599066347,38.28813919141853,25.19509468195175,,,1118,11.59,0,No Defect
0.03767605654001648,98.73166513203736,221.78254083082822,36.07476093541987,24.407462599616572,,,1119,11.594999999999999,0,No Defect
0.03974903668793511,100.28953539173393,199.48647843221136,40.313544359137786,24.55425781116199,,,1120,11.6,0,No Defect
0.040294142709194014,99.66538020394833,178.82451185432672,42.7665741783852,25.11154403344921,,,1121,11.605,0,No Defect
0.04087946895427274,103.28874751724136,222.11925769342247,39.99040638834615,23.274095633502178,,,1122,11.61,0,No Defect
0.03659490457017028,97.06875490054863,221.91643085397308,36.14311349796472,24.37631337261126,,,1123,11.615,0,No Defect
0.039572774422177284,98.43253544798917,174.7555500414986,41.283890708912985,25.79348744482574,,,1124,11.620000000000001,0,No Defect
0.03986995230521564,100.83705875618631,209.9126666694838,40.66898905509055,23.82286180197285,,,1125,11.625,0,No Defect
0.03901257469962586,100.51633534379245,219.85611446359871,37.82380526090832,24.03614917854929,,,1126,11.629999999999999,0,No Defect
0.040942810220005496,103.66545440377223,216.26190978921454,34.327559795761005,25.295193914480414,,,1127,11.635,0,No Defect
0.0410486532952376,101.12443314238018,171.1252861002498,36.974330235471335,27.290341810177836,,Ambient temperature high,1128,11.64,0,No Defect
0.037675822439611144,97.70382178242892,216.7729360745963,43.53438933564365,22.550204203748166,,,1129,11.645,0,No Defect
0.03976515841128007,100.48233575697755,202.2763079813589,40.300116354922146,24.402158919767977,,,1130,11.65,0,No Defect
0.038925486026806545,100.56981572146938,221.55282655496433,37.972607174137714,23.893583288298576,,,1131,11.655000000000001,0,No Defect
0.03992695440702174,99.6360752618235,188.1306047799852,40.40103408753995,25.249321413120065,,,1132,11.66,0,No Defect
0.038084790881251815,99.41089861971615,227.23147868445568,36.58335027129493,23.952700615627897,,,1133,11.665,0,No Defect
0.04333024149853783,104.0050730775803,172.42419248537885,44.70905319565626,24.977611580761437,,,1134,11.67,0,No Defect
0.04002681147785488,100.83558232445438,208.58266977999438,43.10379787156352,23.20799241275167,,,1135,11.675,0,No Defect
0.03873161909307103,99.01812503352394,200.20835237251453,36.98207487656622,25.5002086165112,,,1136,11.68,0,No Defect
0.038007737437415944,99.89142896873446,229.65160053567416,33.0188488333461,24.84924529287628,,,1137,11.684999999999999,0,No Defect
0.04009117179755051,98.96968926002887,177.2948612449925,43.34043363173065,25.065456412808306,,,1138,11.690000000000001,0,No Defect
0.040698688424865306,100.9233408891035,185.79687983176115,39.7502984748178,25.596555000242986,,,1139,11.695,0,No Defect
0.039966004208076854,100.37278200533252,197.60036986186464,39.97358696971766,24.80395801721763,,,1140,11.7,0,No Defect
0.03721864720690808,98.81704981814995,235.57993227970746,34.97750595587031,23.91267704705048,,,1141,11.705,0,No Defect
0.04011603433125467,99.70128605650531,189.18168297897816,44.498405994614686,24.00191460855736,,,1142,11.71,0,No Defect
0.039432265397992376,100.50429398359199,209.1361611125898,38.3863777432994,24.557795784021966,,,1143,11.715,0,No Defect
0.039421440434054336,101.76488522668275,224.00132410171872,33.6598839276943,25.029146384930307,,,1144,11.719999999999999,0,No Defect
0.03838008596824098,96.79016051736285,181.3307295372486,42.122069996112195,25.168106464622753,,,1145,11.725,0,No Defect
0.03980680800955227,100.46799947306164,206.8769881248368,41.88389187860029,23.684217591375685,,,1146,11.73,0,No Defect
0.03962512609691246,100.82200934757294,217.33217204560805,41.1278223646928,23.264450652779963,,,1147,11.735,0,No Defect
0.040451191306785095,100.07390814374565,183.28326714841296,41.16418630536387,25.35175888800113,,,1148,11.74,0,No Defect
0.04048904729297181,100.7198134566733,192.0769047840781,41.74757463702541,24.641276209383964,,,1149,11.745000000000001,0,No Defect
0.039939654504053144,99.31989834381625,190.3806371735888,44.32420051823701,23.992706660921623,,,1150,11.75,0,No Defect
0.03861015653403296,99.79449121882104,216.6387342358323,36.097872503183105,24.772701570831238,,,1151,11.754999999999999,0,No Defect
0.04003924496840524,101.16823280448054,202.0405874123964,35.49123687058763,25.859591191242007,,,1152,11.76,0,No Defect
0.03957482624594803,100.8128442290964,211.29448452241658,38.29973983921969,24.46707783735471,,,1153,11.765,0,No Defect
0.04251818410049059,102.96294872575653,182.05076622066795,43.97288079685234,24.631600303870215,,,1154,11.77,0,No Defect
0.03826268862883735,99.3247307987284,217.55021108456464,36.38496282760315,24.635020787123608,,,1155,11.775,0,No Defect
0.03835643788266362,98.28021238795986,205.3389139677727,42.47521809780927,23.60476507724332,,,1156,11.780000000000001,0,No Defect
0.040788265439080984,101.28798608131063,201.78136994655185,43.97351242452686,23.413406780180892,,,1157,11.785,0,No Defect
0.03783237710823457,95.93119059357623,183.93810061725708,43.317549516864794,24.67371133700716,,,1158,11.79,0,No Defect
0.03985839279909511,103.56363194833455,241.68868498653757,33.63153702987018,23.97581632252577,,,1159,11.795,0,No Defect
0.04039368536000255,100.75921472139538,191.86703314485874,41.61419350420229,24.70486724840206,,,1160,11.8,0,No Defect
0.040182348282885465,98.47975603607172,165.79932242604946,46.35118372274394,24.919171093958955,,,1161,11.805,0,No Defect
0.04147111343304629,103.51540761753624,209.3902014218913,38.547243517450454,24.541553482057555,,,1162,11.809999999999999,0,No Defect
0.04091231477097224,100.69778518383856,182.9362292407692,41.88377441625657,25.187877206455347,,,1163,11.815000000000001,0,No Defect
0.04004496352838382,100.91375151248984,198.01656112173387,38.04295761720111,25.37411592544547,,,1164,11.82,0,No Defect
0.037767136257707536,98.2579416902726,215.56358588065834,37.95314603527125,24.30919795432854,,,1165,11.825,0,No Defect
0.03968470130574264,100.16318198093744,195.55161108753114,38.088180055127175,25.512726627743408,,,1166,11.83,0,No Defect
0.039439903381230504,98.1313645353424,185.34093660019022,45.32543595030699,24.029653359170897,,,1167,11.835,0,No Defect
0.04047784357071197,99.87644970138855,173.16969315556312,37.5073339565746,27.06949295660808,,Ambient temperature high,1168,11.84,0,No Defect
0.039273007583956486,102.79733664560972,240.32219995256716,30.317249714838134,25.039084712000353,,,1169,11.844999999999999,0,No Defect
0.0403242140682617,100.44766261949624,194.09541040502418,41.80451212675214,24.531241534044288,,,1170,11.85,0,No Defect
0.037602124979098955,95.9711901146796,185.64392723644985,40.22625050749086,25.488727374438113,,,1171,11.855,0,No Defect
0.041658050974989994,103.47823592942464,202.47076344832172,37.033352172055594,25.42510480134228,,,1172,11.86,0,No Defect
0.039200152959513394,99.13398262856715,193.87166488400237,38.197113859945276,25.592545445106794,,,1173,11.865,0,No Defect
0.03915252161368303,99.95133900012499,210.9211713539634,38.649730154124164,24.41618644770327,,,1174,11.870000000000001,0,No Defect
0.038693111083450124,97.6638974224939,189.82950801793146,41.85350869883774,24.772222288882958,,,1175,11.875,0,No Defect
0.036794767181700966,98.77730703056096,246.20344023566665,33.8832211024121,23.628482617667036,,,1176,11.879999999999999,0,No Defect
0.04222992535421972,102.0783213705726,169.24746213865822,39.94688570827672,26.624729978179378,,Ambient temperature high,1177,11.885,0,No Defect
0.039696341507931755,100.99842486270373,205.34200178848783,33.65171627402821,26.228205956961503,,Ambient temperature high,1178,11.89,0,No Defect
0.041342449729545955,100.35491403018543,173.75189975701468,47.10377322786036,24.250944776057164,,,1179,11.895,0,No Defect
0.039906362879164776,97.96667952136666,165.92846373214215,45.459319334061206,25.198848782254515,,,1180,11.9,0,No Defect
0.03948265827904763,99.88966772444434,187.82245199621647,34.6091011270964,27.01995009645021,,Ambient temperature high,1181,11.905000000000001,0,No Defect
0.04067438573054384,101.16943160001307,199.67884521220526,44.187870759168604,23.509963873627864,,,1182,11.91,0,No Defect
0.03880851965330119,100.18834377591445,210.9205238500059,33.378724628727646,25.96157665589681,,,1183,11.915,0,No Defect
0.0416698893887807,102.4107077685789,192.6044828311585,43.101357086759776,24.272254455016952,,,1184,11.92,0,No Defect
0.038852238881466994,100.10451090624252,218.54122420293123,38.86068908399368,23.896136979327455,,,1185,11.925,0,No Defect
0.03871092686230821,98.49292939172402,199.47785857401695,38.259491043554505,25.247376572087802,,,1186,11.93,0,No Defect
0.0405890583819107,102.39364978704882,204.64550802456813,35.73813244408835,25.676310297756835,,,1187,11.934999999999999,0,No Defect
0.038238641278711294,99.58721549199582,223.7324382319708,35.12312774309031,24.672754318639143,,,1188,11.940000000000001,0,No Defect
0.04111158932157311,101.08474058217143,188.99466505473583,43.5876855492861,24.357144125891107,,,1189,11.945,0,No Defect
0.04018214925927592,100.78153330062909,195.57847412992228,39.238280119171996,25.212335976440805,,,1190,11.95,0,No Defect
0.04114430729409329,101.59371929334011,192.53878828681596,42.498752536294624,24.458354570094432,,,1191,11.955,0,No Defect
0.03891649024845912,101.59549437019574,236.7825927884231,33.491744227629795,24.358980469171925,,,1192,11.96,0,No Defect
0.040167886397387796,101.5905034255208,216.0110545861595,41.64388832463006,23.261689727496673,,,1193,11.965,0,No Defect
0.041301089733387954,101.87140795843604,193.42076685148837,41.068633663865356,24.830019614422845,,,1194,11.969999999999999,0,No Defect
0.03914846154618891,101.37212294701331,231.7069482629523,37.46131357676217,23.514539455100312,,,1195,11.975,0,No Defect
0.03866860373875763,100.861375149038,241.39636003474322,40.27777811125118,22.095367811136217,,,1196,11.98,0,No Defect
0.039241054909139414,99.0108077079066,195.16452201762473,41.209055582266025,24.66493664244426,,,1197,11.985,0,No Defect
0.04071710062344583,101.5894537109261,193.99861633387317,38.36887122363813,25.57841511402588,,,1198,11.99,0,No Defect
0.040228650107515,101.946946739323,208.08169256192087,35.61334964144147,25.516456866659617,,,1199,11.995000000000001,0,No Defect
0.038514399975924755,98.44770758446748,198.2524107249279,36.91513235702142,25.728806451728833,,,1200,12.0,0,No Defect
0.041116324867890304,101.35760758480956,179.73062642417756,39.25665018354218,26.200393855152175,,Ambient temperature high,1201,12.004999999999999,0,No Defect
0.03992169775817926,100.93058043101584,207.56544074697737,40.491588843228705,24.12455702323896,,,1202,12.01,0,No Defect
0.03885146491063846,101.59280163859238,239.01717448361939,34.7599178948692,23.86350559750935,,,1203,12.015,0,No Defect
0.040332636686307224,101.29202825459294,214.66018162738874,45.07878081413751,22.358802806176353,,,1204,12.02,0,No Defect
0.04015545457158268,101.78659857995687,206.17224595758373,32.8117161308471,26.462958510033932,,Ambient temperature high,1205,12.025,0,No Defect
0.037821204017662306,97.95499421548776,213.10358764804545,38.75548301120375,24.283628933665725,,,1206,12.030000000000001,0,No Defect
0.04009245939567376,101.51253098046716,202.93542402008492,35.25105244570209,25.946527694198103,,,1207,12.035,0,No Defect
0.04127224896122638,103.04702358613139,217.2509519615264,43.77509007020892,22.59324554696338,,,1208,12.04,0,No Defect
0.03944468961634875,100.00192914351534,211.47028007294213,41.68638485797041,23.545945517255834,,,1209,12.045,0,No Defect
0.04183643682510941,103.41043776368954,198.1800715476632,39.983398821033234,24.874581599975713,,,1210,12.05,0,No Defect
0.04200057920256937,102.62743169899801,190.7372395590039,46.847104935944344,23.327002518200928,,,1211,12.055,0,No Defect
0.04006577789292573,101.3406800985512,207.53180192927292,39.985705241515696,24.285982358343777,,,1212,12.059999999999999,0,No Defect
0.03963605014651621,99.35105589078064,196.65272120000043,44.55138148523348,23.621149124427365,,,1213,12.065000000000001,0,No Defect
0.04076868365659603,99.80899751178984,174.69429851605176,44.654075429253034,24.949030205354422,,,1214,12.07,0,No Defect
0.0389721321307202,98.24246229257072,186.27115485132788,38.08548807667017,26.146425860528517,,Ambient temperature high,1215,12.075,0,No Defect
0.04206507231897353,102.93275295283233,194.49295360142685,44.60658335787876,23.76201299127752,,,1216,12.08,0,No Defect
0.0395559025458707,99.79254744146706,191.84666658700309,36.788791222513936,26.187246942029027,,Ambient temperature high,1217,12.085,0,No Defect
0.04099392014905537,101.63317697704849,192.98283621564184,39.75590437286324,25.2662743695523,,,1218,12.09,0,No Defect
0.0409844211464171,100.38508690715638,177.53492430920414,43.75314140410248,25.046193127416856,,,1219,12.094999999999999,0,No Defect
0.039216108110713584,99.99120307998504,203.67920835898119,36.38149846134522,25.581287953561553,,,1220,12.1,0,No Defect
0.041417289195524135,104.29901931428647,216.7901380974432,35.493032833621484,25.054962927643093,,,1221,12.105,0,No Defect
0.041388086726545585,100.66360885249544,174.69669715532743,44.34167287629927,25.057445794235143,,,1222,12.11,0,No Defect
0.03862515321501272,99.98956067752566,217.5372755995439,35.42910097994975,25.007963902752454,,,1223,12.115,0,No Defect
0.03984735391446631,100.53530712808832,199.5469985824616,37.97615594573425,25.37953267283866,,,1224,12.120000000000001,0,No Defect
0.03896242978663677,100.67437674286971,230.74754852827078,39.254693137596554,23.088706341343798,,,1225,12.125,0,No Defect
0.0404026574156814,100.39282653520794,198.3995466926084,45.85947790328484,23.156068444066143,,,1226,12.129999999999999,0,No Defect
0.03847029107472007,100.09846973486603,223.5772226325252,34.881919853019085,24.80184204475592,,,1227,12.135,0,No Defect
0.039354253426852004,99.84459298706932,204.18122609033753,39.95444456339571,24.51799042653542,,,1228,12.14,0,No Defect
0.039706483766167595,100.30533340797012,201.3198360470924,37.347879631482314,25.462250191381678,,,1229,12.145,0,No Defect
0.042523191062012605,102.1720507529544,165.34429034205886,41.970469225612895,26.342102501325538,,Ambient temperature high,1230,12.15,0,No Defect
0.040598044295982405,100.97223984089575,188.99954882999424,38.94583264200727,25.75820297837749,,,1231,12.155000000000001,0,No Defect
0.04019125579079292,101.59527638008937,204.40822058747662,34.22615676276595,26.19164676523964,,Ambient temperature high,1232,12.16,0,No Defect
0.03918423360335401,100.85221348781697,220.77625982964412,36.360519970120144,24.55543250460629,,,1233,12.165,0,No Defect
0.038821209319086156,99.4842812496676,208.89348929205477,36.34764271370511,25.288407989976417,,,1234,12.17,0,No Defect
0.039648885531252925,100.02095235102017,194.81137622674711,38.57628419649002,25.504168249489084,,,1235,12.175,0,No Defect
0.04128567810075367,101.50762066648173,177.98434424152202,39.822866144018185,26.18599098497837,,Ambient temperature high,1236,12.18,0,No Defect
0.03900149393329837,99.94597068117757,218.691956198619,40.73848446012553,23.408495054541504,,,1237,12.184999999999999,0,No Defect
0.041444153717180805,100.89264375171592,171.36585878150277,43.03853731126553,25.65876289029832,,,1238,12.190000000000001,0,No Defect
0.03980070451792118,98.8941537530171,179.93111792092367,41.21611579632066,25.655704740024163,,,1239,12.195,0,No Defect
0.0392635732360377,98.69010986746179,201.58512650983346,48.312043229637055,22.249347355298337,,,1240,12.2,0,No Defect
0.042109713681552044,102.23226941811558,179.27374079678432,43.37292247292324,25.08686016483281,,,1241,12.205,0,No Defect
0.0413119428438026,101.95946207497903,189.53280091957882,38.92920896681666,25.751756814912593,,,1242,12.21,0,No Defect
0.037811260083265,98.34536763612839,211.0472687186784,34.54042768051234,25.684589655321062,,,1243,12.215,0,No Defect
0.04159923641234914,102.08639038082862,187.06729836772186,43.3529403510623,24.610647859180816,,,1244,12.219999999999999,0,No Defect
0.03956287816766189,98.65523291733291,185.90857929784107,43.97336931910359,24.487432037774173,,,1245,12.225,0,No Defect
0.0403883116945157,100.54242926564673,191.2858590794861,38.45919722920457,25.780890711722925,,,1246,12.23,0,No Defect
0.04129263006543721,101.17741920953358,181.95377559734666,42.11173552577571,25.292393709034144,,,1247,12.235,0,No Defect
0.03971127165435858,99.28763523194901,195.7985354126581,45.43670077903137,23.458220862529522,,,1248,12.24,0,No Defect
0.04066378843788238,101.71632088017725,205.27776596042415,39.62349008255436,24.587131188840058,,,1249,12.245000000000001,0,No Defect
0.039240320478586596,99.39661922081152,213.38020806835925,46.208650996979344,22.15423406504363,,,1250,12.25,0,No Defect
0.03705929432437938,98.96404113404948,234.62963389803804,29.986681387607497,25.572042760632428,,Ambient RH low,1251,12.254999999999999,0,No Defect
0.04188875020329545,103.17378882640807,195.42263042242917,40.50227753555898,24.944716287163697,,,1252,12.26,0,No Defect
0.040186224751942286,100.7705871097556,204.16328132492558,43.17511338669067,23.614815455717878,,,1253,12.265,0,No Defect
0.0395168184655133,100.76931422354282,213.23400554716767,36.810470048420626,24.91574069543085,,,1254,12.27,0,No Defect
0.04011271464890514,101.53247912279238,210.57202771691868,36.816773835129005,25.083301037412767,,,1255,12.275,0,No Defect
0.040151290832212486,100.84523382717119,205.7152887392156,42.849851212279034,23.617625199207346,,,1256,12.280000000000001,0,No Defect
0.039178387889406,98.64493525429832,195.4658984682651,44.05418012106273,23.887327171271885,,,1257,12.285,0,No Defect
0.03967805829429119,101.65188271977833,224.63037966966135,38.324796381934235,23.777847598425822,,,1258,12.29,0,No Defect
0.04090506714667699,100.48009224463019,175.25210788151037,39.90277843949413,26.35815829646842,,Ambient temperature high,1259,12.295,0,No Defect
0.03970450227096915,98.76683130070724,187.30726109585152,45.733408890640696,23.90575379917126,,,1260,12.3,0,No Defect
0.04130474936045983,100.9963018321462,183.2466124621105,44.955465688623704,24.397939387158825,,,1261,12.305,0,No Defect
0.03975317684798842,101.46816888482394,212.3730940463385,35.04335282204967,25.492254487161176,,,1262,12.309999999999999,0,No Defect
0.04095522183638787,103.78198939733211,221.6733509495748,36.15362526765493,24.607840451831468,,,1263,12.315000000000001,0,No Defect
0.04164471659379541,102.13645588458694,185.63354803698192,42.14044547348022,25.07680870779173,,,1264,12.32,0,No Defect
0.03811616503056567,98.09877412274226,210.1830080716561,41.60906018289083,23.6989868576936,,,1265,12.325,0,No Defect
0.041757783289655466,100.89619464957909,166.28039907524692,43.3385491999613,25.920101422436975,,,1266,12.33,0,No Defect
0.04011213779342581,101.30046784137477,206.37962129462397,37.87065012073897,25.043875900813315,,,1267,12.335,0,No Defect
0.03876534864052188,99.14813206324644,207.11586636099352,38.36727468515177,24.84466005413939,,,1268,12.34,0,No Defect
0.040100908800713986,100.1633720626543,199.41699074075774,42.82942757811086,24.027979873628908,,,1269,12.344999999999999,0,No Defect
0.04370701295426465,103.16106320500744,151.56951492883138,43.71312472590325,26.7311705027757,,Ambient temperature high,1270,12.35,0,No Defect
0.039686268041614424,102.3265337003941,224.0436249174647,30.077774867617038,26.239949775090803,,Ambient temperature high,1271,12.355,0,No Defect
0.04119794033577688,102.81498398773932,203.7128539769195,38.56692487155476,25.01737936836027,,,1272,12.36,0,No Defect
0.04238338237749439,102.62705588684605,167.78171711858712,37.087812951609756,27.666181016428915,,Ambient temperature high,1273,12.365,0,No Defect
0.03965471149877154,99.95692329908525,205.36241723990065,43.72121019785622,23.400511062003833,,,1274,12.370000000000001,0,No Defect
0.04146480249961013,102.31117618842326,194.06558589421695,41.902135731490596,24.640555238427044,,,1275,12.375,0,No Defect
0.042744040470336225,101.79179660025783,157.40397652557667,44.57579478245384,26.1218996805623,,Ambient temperature high,1276,12.379999999999999,0,No Defect
0.041690794048609064,102.1527965209096,180.16942214009896,39.41976960700342,26.221514185336368,,Ambient temperature high,1277,12.385,0,No Defect
0.03741057935328884,97.89380065912097,211.99839530220646,32.85622813841735,26.154764156859354,,Ambient temperature high,1278,12.39,0,No Defect
0.041079134523082116,101.68067972782534,187.34476293037588,38.810588049954305,25.956426838122194,,,1279,12.395,0,No Defect
0.04044019860079967,100.10959261826235,183.95229628546056,41.70355808816776,25.316715889447075,,,1280,12.4,0,No Defect
0.041782815297271174,102.18289372870622,186.86572828344168,42.454341322486066,24.932356566886664,,,1281,12.405000000000001,0,No Defect
0.04058604380970674,100.9695073714744,185.71593002490127,36.99098274936245,26.587695876560524,,Ambient temperature high,1282,12.41,0,No Defect
0.03909300543863292,98.28925209235777,196.48746513507652,45.35797359537614,23.473646370997997,,,1283,12.415,0,No Defect
0.03848379468330997,98.14211683181992,206.51840505239724,43.0509494323494,23.52863276046092,,,1284,12.42,0,No Defect
0.04067965802370048,100.34357409751841,190.96216645286415,47.04314806971519,23.33386873431128,,,1285,12.425,0,No Defect
0.03916168372514044,97.02036883977676,163.9752044458494,39.572478327126596,27.163480949485297,,Ambient temperature high,1286,12.43,0,No Defect
0.039564975398259164,98.6960597475633,183.79077976421107,41.96742064543977,25.24999187435019,,,1287,12.434999999999999,0,No Defect
0.03746683651591221,97.81550361139864,210.87030832371016,35.06413392562327,25.587669943342583,,,1288,12.440000000000001,0,No Defect
0.03880250283411643,98.51150757497886,196.52382409793188,37.0583528228032,25.90289216852203,,,1289,12.445,0,No Defect
0.03963616852430369,101.08110728832908,210.65744628825178,34.5972740995752,25.759128896986475,,,1290,12.45,0,No Defect
0.038660803293870886,97.95167840163944,198.86747389007414,42.48810235416159,24.17239326692177,,,1291,12.455,0,No Defect
0.03949226138848495,98.69428825923839,185.89841458687403,42.0828966312883,25.091441379672105,,,1292,12.46,0,No Defect
0.04107893195816193,100.69935399603378,178.08867583108167,42.238535182171354,25.5388301679051,,,1293,12.465,0,No Defect
0.04005010514853468,100.20526151237962,195.9834380514832,38.80618889824312,25.441194676027475,,,1294,12.469999999999999,0,No Defect
0.04082137681619953,102.32791514047702,203.49438258958824,36.559496231088005,25.639629640551853,,,1295,12.475,0,No Defect
0.04092438858087247,99.36321519137115,161.4439000582047,42.66425365152159,26.43883874783843,,Ambient temperature high,1296,12.48,0,No Defect
0.04333159545246643,103.56925220718502,165.09282587271593,41.28091926954694,26.637721410031993,,Ambient temperature high,1297,12.485,0,No Defect
0.04014403416729108,99.70284702705032,191.1975118474676,44.75022599153422,23.999053584686557,,,1298,12.49,0,No Defect
0.040508621657120825,101.97133831940053,215.21126042350463,41.27199967437212,23.54668406922042,,,1299,12.495000000000001,0,No Defect
0.0416365393839122,100.88909844749449,173.36462219554275,43.96135339710064,25.3406703427312,,,1300,12.5,0,No Defect
0.03965590266691794,101.38841879281767,222.05446045265083,37.147257848089524,24.32821354618206,,,1301,12.504999999999999,0,No Defect
0.04206854731759141,103.41262927307866,192.68204648162478,38.53873087612359,25.742190011392008,,,1302,12.51,0,No Defect
0.03906161953212572,101.216373686441,230.62683237514184,33.50820776120138,24.864550630695184,,,1303,12.515,0,No Defect
0.039535740694993694,99.9209970027102,200.7537311432905,39.51479938384893,24.94197615605847,,,1304,12.52,0,No Defect
0.04037744441333525,100.49684254746732,192.37025792229792,41.00866715558202,25.029250033152287,,,1305,12.525,0,No Defect
0.04077198707966832,101.69006328952011,207.66161841792837,44.64767685780594,23.031086858372966,,,1306,12.530000000000001,0,No Defect
0.04109384765835427,100.59897169207565,182.18267817433286,44.21757007456457,24.726101238789262,,,1307,12.535,0,No Defect
0.04037343356010664,98.15319491501789,152.78251021123282,41.46845210488469,27.32638726969058,,Ambient temperature high,1308,12.54,0,No Defect
0.0395075225253669,98.38238912848902,178.52608460222734,41.022406935171176,25.870663086434046,,,1309,12.545,0,No Defect
0.03997836687265881,101.58994593299961,217.66411268595317,37.94165095642069,24.37619269883867,,,1310,12.55,0,No Defect
0.03812931256633925,98.47486653269746,217.93397177644243,41.31495698724792,23.358633722227072,,,1311,12.555,0,No Defect
0.03959610999488093,101.39521108721777,220.31583185325968,37.80179057629177,24.249258814048392,,,1312,12.559999999999999,0,No Defect
0.04094307560052592,102.86975827587605,211.87867270667783,37.90830232051525,24.749627818924182,,,1313,12.565000000000001,0,No Defect
0.039822643560026925,98.95108852863157,193.63485953482336,46.90487600237509,23.235843329017058,,,1314,12.57,0,No Defect
0.04154150639293655,101.38112400646534,175.36902488902217,40.81897416925442,26.145945551139413,,Ambient temperature high,1315,12.575,0,No Defect
0.03961608434467952,100.30946501276775,204.93386278180634,37.06601776771516,25.41688458757048,,,1316,12.58,0,No Defect
0.04013806557560891,102.0170652017433,217.05342144519938,35.9458550119368,25.00442745176435,,,1317,12.585,0,No Defect
0.03971225318716691,98.97995528646577,193.2189807974619,44.811276715192136,23.87564818087173,,,1318,12.59,0,No Defect
0.04177107668767053,101.71086539640866,176.93261434783128,39.95550163573728,26.31134593721524,,Ambient temperature high,1319,12.594999999999999,0,No Defect
0.03828050942846628,98.78369352691396,218.09788993154814,40.45707800002158,23.609241097234776,,,1320,12.6,0,No Defect
0.037730870531709496,97.36457343005507,207.10079166647776,38.779317674802684,24.772186038884506,,,1321,12.605,0,No Defect
0.040909088027606164,102.31387058848439,200.33056174121342,38.29603491448987,25.349424074753763,,,1322,12.61,0,No Defect
0.03999771421834392,101.52894895683785,225.91361660586418,42.00092149497785,22.69910071818458,,,1323,12.615,0,No Defect
0.036828420020623046,97.46243256354497,228.2960862575666,36.89701278480081,24.015856309276252,,,1324,12.620000000000001,0,No Defect
0.03726702292243641,98.08085948228744,232.57783063414925,39.03998636827196,23.133147712097866,,,1325,12.625,0,No Defect
0.037908918219882036,98.80524191401187,220.1162037197103,35.17485428866301,25.032015168148252,,,1326,12.629999999999999,0,No Defect
0.039475128659659166,100.29503840268862,202.9269722413887,35.28073201254677,26.068157650160988,,Ambient temperature high,1327,12.635,0,No Defect
0.038534458290358925,100.7687913884841,231.3016312228365,32.26732215679035,25.201303610687113,,,1328,12.64,0,No Defect
0.042398228855555664,103.38561039096571,184.9153730141277,40.43332075048248,25.69134548710398,,,1329,12.645,0,No Defect
0.04034304109459547,100.43228310764232,189.2127762534392,39.638428523450955,25.645675391862962,,,1330,12.65,0,No Defect
0.04242259884082086,101.5846962184615,171.8152270797358,48.626172641973156,24.107623460015603,,,1331,12.655000000000001,0,No Defect
0.04111099534070492,100.91200684356477,187.17963683515248,42.00257043819131,25.093732535843593,,,1332,12.66,0,No Defect
0.03876778502872524,97.94505348539944,191.36807559648435,40.94342532463433,25.122609501158237,,,1333,12.665,0,No Defect
0.04032120321702863,100.08504705634401,190.32791521115723,42.62719336349575,24.708699345755615,,,1334,12.67,0,No Defect
0.04103602593836645,101.49518250348015,188.34041988523413,38.43256649329393,26.062967161335255,,Ambient temperature high,1335,12.675,0,No Defect
0.03957960011645926,100.27601991192746,210.1778576604752,40.60721740699774,24.07700802265344,,,1336,12.68,0,No Defect
0.04019109542457096,100.1018650894867,187.2140556029827,37.496508167770955,26.402292909959723,,Ambient temperature high,1337,12.684999999999999,0,No Defect
0.04063092779676388,100.35341496928756,184.61582130912086,41.95810258005462,25.259748906025084,,,1338,12.690000000000001,0,No Defect
0.03856046955698872,99.98371368765187,229.67241723377495,38.010568353422585,23.635717065761597,,,1339,12.695,0,No Defect
0.041588290060219794,101.86480370130973,175.51970316824426,35.669174859685846,27.6660832217821,,Ambient temperature high,1340,12.7,0,No Defect
0.03844911130009066,98.45907931649131,206.29007932190908,40.48904036731834,24.342597401620804,,,1341,12.705,0,No Defect
0.04143020804673911,103.28132759576621,215.26729099339997,42.352335720609815,23.27490128965372,,,1342,12.71,0,No Defect
0.04061449859660539,102.08433996768487,209.13059564291723,40.02671914921988,24.321836040961657,,,1343,12.715,0,No Defect
0.0407577785379323,102.26456924644964,210.5201487210118,37.212836455716634,25.06759552787955,,,1344,12.719999999999999,0,No Defect
0.041596394048745426,101.20677569638865,175.97416653128417,41.897044703894686,25.824113137028952,,,1345,12.725,0,No Defect
0.042242228735596445,101.77504441225264,171.81662753052237,43.95141268628624,25.484818277451147,,,1346,12.73,0,No Defect
0.04067964981751677,101.90863222156712,207.39449736312017,42.598268985338564,23.679514099708832,,,1347,12.735,0,No Defect
0.03771895260094425,97.74254124926635,204.5159289080578,33.261655575624374,26.566523446547166,,Ambient temperature high,1348,12.74,0,No Defect
0.03877028383072135,98.23061618256108,198.85169754620335,41.23775650029217,24.593254450808256,,,1349,12.745000000000001,0,No Defect
0.04119243735792725,100.83926440640278,179.38988873126,42.55455100049165,25.421174790594442,,,1350,12.75,0,No Defect
0.0368197873024881,97.58035973690357,231.0323547768716,38.79093363244819,23.31516643373963,,,1351,12.754999999999999,0,No Defect
0.041093102702683654,101.30915496146018,190.5052412428479,43.80175815789302,24.373916373533305,,,1352,12.76,0,No Defect
0.040551547081966205,103.09924256452359,226.00429077683,38.5743025278291,23.71899626660824,,,1353,12.765,0,No Defect
0.03995726545664791,100.40087844649598,190.29118573807375,33.71483036432563,27.329021016282592,,Ambient temperature high,1354,12.77,0,No Defect
0.041096204847421075,102.37751366540768,205.025687600833,41.005126811803514,24.303661158504465,,,1355,12.775,0,No Defect
0.04160274624829614,102.01898854000035,188.28061634986628,41.65900793708832,25.14667434850195,,,1356,12.780000000000001,0,No Defect
0.03943834176249658,100.82261503906336,212.0773506930431,33.85064727232974,25.951347524349593,,,1357,12.785,0,No Defect
0.039881928472867666,99.8338651962546,198.9709979528019,42.25766175440927,24.30476530136273,,,1358,12.79,0,No Defect
0.041865835974142174,103.81023896139834,214.1187935838677,42.42335561431574,23.343390784796938,,,1359,12.795,0,No Defect
0.038734594800136246,98.23168406694023,186.20303517875195,36.476655680372964,26.763647534048694,,Ambient temperature high,1360,12.8,0,No Defect
0.03983127192450589,99.32352461835413,192.26873843978058,42.858554094867266,24.54205777985306,,,1361,12.805,0,No Defect
0.040588946140368565,99.55619793291504,172.22932859452916,39.623640217202826,26.72536632461974,,Ambient temperature high,1362,12.809999999999999,0,No Defect
0.040238064246273283,98.67332798132439,164.66939447801067,40.70537878037723,26.867506305675203,,Ambient temperature high,1363,12.815000000000001,0,No Defect
0.0426563317413671,104.89036565538254,200.58801190693194,37.86579397054366,25.51241157694859,,,1364,12.82,0,No Defect
0.03920327667337218,98.10620229892113,185.76685356569493,41.86215512438176,25.2295013463347,,,1365,12.825,0,No Defect
0.040589818638592255,100.23647482070452,179.95857500894132,39.57485311305505,26.264737861749662,,Ambient temperature high,1366,12.83,0,No Defect
0.03843097297691232,99.7572563131274,216.019100691716,31.82683141369629,26.29935916496424,,Ambient temperature high,1367,12.835,0,No Defect
0.03915161136496173,98.98258830995054,207.62675313246962,43.701408388558384,23.355059467971795,,,1368,12.84,0,No Defect
0.04058289778362535,101.06984020123879,199.0898617304902,43.86649425640756,23.836588495620383,,,1369,12.844999999999999,0,No Defect
0.038505950328451694,98.14525239362061,201.24854859286472,38.32237484358134,25.314326096884326,,,1370,12.85,0,No Defect
0.04225830334883454,102.80200208573058,183.59526715021363,40.98070949291955,25.649866372761252,,,1371,12.855,0,No Defect
0.03889877235738838,101.13872838787876,242.39601046448573,39.838678788538935,22.34910141900158,,,1372,12.86,0,No Defect
0.04137435944387888,102.86034068156243,200.5876974268074,37.04592872126298,25.750491356290997,,,1373,12.865,0,No Defect
0.04054547800997337,101.60234738537905,198.49776117353198,35.77493229389868,26.243685587536604,,Ambient temperature high,1374,12.870000000000001,0,No Defect
0.03880147261250762,99.74231963578119,213.0301244738652,35.62074159993016,25.38392469485572,,,1375,12.875,0,No Defect
0.04024934683451608,100.59300573281111,194.07145270907097,38.513056109484616,25.714615407211493,,,1376,12.879999999999999,0,No Defect
0.03891339341360329,97.82371863281891,196.81243902485068,45.27125674182001,23.564742111440783,,,1377,12.885,0,No Defect
0.04134792986489251,105.26461869522896,231.586298128708,32.1173594537787,25.289640759872537,,Stencil thickness high,1378,12.89,0,No Defect
0.03928153641245723,98.94622103013624,190.38165550262968,37.982274563361344,26.090118205461682,,Ambient temperature high,1379,12.895,0,No Defect
0.04126254454686816,101.70115683076702,193.19917139423882,41.84708942722558,24.80653463788424,,,1380,12.9,0,No Defect
0.04038345937779382,99.6016275985623,179.69049124685398,41.10458879111661,25.84623810664636,,,1381,12.905000000000001,0,No Defect
0.037186582723151035,98.9098141868292,236.10074145393315,33.71561063964656,24.514707269044298,,,1382,12.91,0,No Defect
0.03828515109705125,97.5777938494112,210.36665494627448,47.718400075024405,22.01426062051688,,,1383,12.915,0,No Defect
0.040343200692000036,100.09190393520399,190.93170198676737,41.96394871435377,24.90755883041741,,,1384,12.92,0,No Defect
0.0382377379409962,98.63855930390662,208.2543691889509,35.32933049025556,25.764415244048283,,,1385,12.925,0,No Defect
0.03895675033289521,100.18886597050185,220.57476529023623,37.72567504334765,24.31564902538802,,,1386,12.93,0,No Defect
0.040640879710059925,102.4651102395602,212.5171303989841,36.42464439988791,25.204536958410813,,,1387,12.934999999999999,0,No Defect
0.039427964789692724,100.76957358902551,223.497098746214,41.338469421557726,23.08532787634184,,,1388,12.940000000000001,0,No Defect
0.041444347436669984,99.97924881700521,168.5043101602066,46.95070652746658,24.839310416774207,,,1389,12.945,0,No Defect
0.03822321297894203,99.76979548173183,222.31598793620716,31.740248287085446,25.954136905975233,,,1390,12.95,0,No Defect
0.037660704399792425,98.12922140061833,227.49302699398774,43.79668731264723,22.107666413762185,,,1391,12.955,0,No Defect
0.04148906694907429,102.09279044069105,194.24025634044733,42.04073250171172,24.6964287348486,,,1392,12.96,0,No Defect
0.04071671460131926,100.50869483895802,186.4060706165254,41.701423932846254,25.269997092360526,,,1393,12.965,0,No Defect
0.03857847238163398,98.89748744910086,219.08587906391432,43.98241035155287,22.58124241928603,,,1394,12.969999999999999,0,No Defect
0.04003257925652239,100.72280690840529,208.8269669687179,43.134542046768345,23.469536561454646,,,1395,12.975,0,No Defect
0.038245891448608224,99.92482373031001,229.62899075743138,34.22856386205316,24.78367873545258,,,1396,12.98,0,No Defect
0.03925989891215505,98.22403061621918,196.541713351544,46.7254273537788,23.17296474643822,,,1397,12.985,0,No Defect
0.04078418574759478,102.11285754495741,211.54153034096223,42.14043241510254,23.602156290097835,,,1398,12.99,0,No Defect
0.03960280195934977,100.73749079793077,210.89306979910043,36.828905044733766,25.185504385764606,,,1399,12.995000000000001,0,No Defect
0.04104702494890842,99.63194966051519,171.46138852074293,46.0883780508888,24.91388558311151,,,1400,13.0,0,No Defect
0.04103601925688597,103.0075482326046,220.28311567721028,42.34127715440559,23.01093125587611,,,1401,13.004999999999999,0,No Defect
0.04038854669244634,100.78265682520498,201.62501394552856,43.046239757788804,23.946148171002033,,,1402,13.01,0,No Defect
0.04053982203492356,100.86555380651188,191.4094545142737,39.87604456017828,25.498927304436098,,,1403,13.015,0,No Defect
0.04273190195174578,101.46447080822854,154.7726593538036,44.97827770319168,26.277153663450196,,Ambient temperature high,1404,13.02,0,No Defect
0.04053268255964388,101.20219080023362,194.83767619988993,36.33439125151765,26.328114939534714,,Ambient temperature high,1405,13.025,0,No Defect
0.038180998288606355,98.00754319573242,208.93166589450362,39.279204477777924,24.58568456916652,,,1406,13.030000000000001,0,No Defect
0.04163208893949194,100.4161763373845,162.0381664112127,40.673762402761554,27.08535064744675,,Ambient temperature high,1407,13.035,0,No Defect
0.04102196013857791,100.96348760107668,188.86662966488777,41.6272219092886,25.155953793882446,,,1408,13.04,0,No Defect
0.039259775530502854,99.62728357957515,205.31897004606617,37.78155008700947,25.255506696404936,,,1409,13.045,0,No Defect
0.04129053006391888,102.04332465167307,200.60016818363238,43.36851186659191,23.928134640907224,,,1410,13.05,0,No Defect
0.03769840739395174,97.78179993075786,213.6121976751025,39.68116539156598,24.175384428361625,,,1411,13.055,0,No Defect
0.04204829971497584,102.99747195399452,189.2275661167852,39.57564489143861,25.740466186893133,,,1412,13.059999999999999,0,No Defect
0.03874765920213,98.7145683479053,203.30011445123958,40.346112197188894,24.624053000636348,,,1413,13.065000000000001,0,No Defect
0.04160792913516406,101.02002606115258,168.71178392069382,41.54036131968844,26.42113980823219,,Ambient temperature high,1414,13.07,0,No Defect
0.04167286976008301,102.82246791482675,207.90973844643992,45.54538687755213,22.85021290693949,,,1415,13.075,0,No Defect
0.04045728386947665,102.04936916920242,209.65133131202856,35.68046437775725,25.615966190052234,,,1416,13.08,0,No Defect
0.03719359072530142,97.67986029236705,214.15472130372592,32.3069837286229,26.29773741204064,,Ambient temperature high,1417,13.085,0,No Defect
0.03936409699688631,101.38849750032801,220.54799270736748,33.7193066636632,25.509264990509678,,,1418,13.09,0,No Defect
0.037711711971334404,100.77002518341507,253.59712329333635,31.187853975551413,24.212286462864803,,Paste viscosity high,1419,13.094999999999999,0,No Defect
0.03970661138455221,99.92329194931322,200.98188061912887,39.88902262738408,24.91510490584393,,,1420,13.1,0,No Defect
0.03948310517496666,97.89024270292978,177.0703001653723,40.72427397903527,26.140453095732124,,Ambient temperature high,1421,13.105,0,No Defect
0.038694127287084185,99.2001285659023,218.28699289417764,40.390300446762,23.70170086520704,,,1422,13.11,0,No Defect
0.03942208569783087,101.51758832554394,226.31580394661847,34.31048600292963,24.990114886410424,,,1423,13.115,0,No Defect
0.03941888513972858,98.91720876352748,190.7693372033595,39.86267370040784,25.548837252099016,,,1424,13.120000000000001,0,No Defect
0.03742094167541287,97.78405978512338,222.7555698208225,38.69894160092404,23.910891143562836,,,1425,13.125,0,No Defect
0.03990086233571459,100.0542913364648,201.05744745319336,41.70683784677677,24.384310631566986,,,1426,13.129999999999999,0,No Defect
0.040688265351510704,100.37214389595691,183.09766042746347,40.15842576602853,25.945828309720213,,,1427,13.135,0,No Defect
0.03570485410186893,96.43835728955852,237.96173484880129,32.991809394633904,24.635535026312922,Paste volume per aperture low,,1428,13.14,0,Open Circuit
0.04063440355167571,101.55920520655822,190.6309037821303,34.682067078868506,27.079600750064724,,Ambient temperature high,1429,13.145,0,No Defect
0.04091552116330485,101.99074112151622,198.94408986695828,38.145827794584164,25.562779637237387,,,1430,13.15,0,No Defect
0.03723786960013933,98.7403955127532,232.9776650261769,32.07032162573306,25.222687813902372,,,1431,13.155000000000001,0,No Defect
0.04036302096136135,100.63763225796312,199.07453236173754,40.56111243920962,24.850125411865807,,,1432,13.16,0,No Defect
0.03984532076391007,102.07544211453545,226.25971843558216,36.828236626065184,24.264402219299246,,,1433,13.165,0,No Defect
0.039355053131343104,99.43847793451104,200.74572208305577,39.927028501248515,24.92229403529364,,,1434,13.17,0,No Defect
0.04047962554263511,101.99627759664098,207.84437994404124,35.60457577616756,25.759958850446125,,,1435,13.175,0,No Defect
0.040419304109454705,100.38802764833272,195.43432096737922,42.00594952317198,24.653632149562902,,,1436,13.18,0,No Defect
0.04091590809019048,99.17609011930426,175.21975114482387,49.70335298195711,23.65003427087146,,,1437,13.184999999999999,0,No Defect
0.04021081431602474,100.57025052026687,198.4713507657052,40.881855544497455,24.791450200440813,,,1438,13.190000000000001,0,No Defect
0.040397210556739144,101.17253538965619,202.58383427415598,40.93319243831648,24.524853952884484,,,1439,13.195,0,No Defect
0.04018622206452348,100.5752673894247,203.31592253845653,41.18610372785219,24.409712330715823,,,1440,13.2,0,No Defect
0.04020911962557252,100.81349016930514,209.26006128793338,41.95769341362338,23.82140949202079,,,1441,13.205,0,No Defect
0.04315688868699205,103.0997634374431,164.9393123966118,40.911652583113835,26.867623759107726,,Ambient temperature high,1442,13.21,0,No Defect
0.040751797231408635,100.48082159682812,193.68543215191764,44.56714954593354,24.020117833695554,,,1443,13.215,0,No Defect
0.04147577106538532,99.51930005185274,157.1664809593089,48.47176556239918,25.1189404853433,,,1444,13.219999999999999,0,No Defect
0.03850548396977239,98.76766780827191,210.27849089445726,38.477713972938446,24.760672710829056,,,1445,13.225,0,No Defect
0.038614370875757,100.62149213550741,234.41831383556615,36.37146608772188,23.895246241007484,,,1446,13.23,0,No Defect
0.041715358864563915,101.77456052370549,184.878387030716,42.20514745021479,25.25920861224018,,,1447,13.235,0,No Defect
0.04091770480879118,100.78954206486347,183.03789516817886,39.340084557951194,26.20200451106126,,Ambient temperature high,1448,13.24,0,No Defect
0.03916119352070443,99.35883723897437,204.82093986333774,37.58782747631144,25.366217851077824,,,1449,13.245000000000001,0,No Defect
0.04044841827454547,100.02483607297378,191.65465278386634,45.25955832118616,23.940051414057997,,,1450,13.25,0,No Defect
0.04242662081280193,102.65562062220079,183.60830048240229,43.82837224644334,24.870411793893226,,,1451,13.254999999999999,0,No Defect
0.042645126570010225,102.96807005520805,181.99946240673117,45.04867676466828,24.611640970797684,,,1452,13.26,0,No Defect
0.03912440799033248,100.31029724865827,218.78981734481005,37.65721912671301,24.487145864894803,,,1453,13.265,0,No Defect
0.037709526538520395,98.25672382057661,224.77603907479173,38.86611573898816,23.757063266443712,,,1454,13.27,0,No Defect
0.039061344934769565,98.31542205505352,192.53272428581175,40.79457802191111,25.18280708788022,,,1455,13.275,0,No Defect
0.038966606180438394,100.64395184699069,235.58310742618056,40.661002911276015,22.580999795230483,,,1456,13.280000000000001,0,No Defect
0.03859118720373747,99.97462821676274,230.1172090177602,39.51971702802528,23.245240090453976,,,1457,13.285,0,No Defect
0.036060581872410076,95.72601104877472,218.1443208505017,34.54136418762727,25.41631821685162,,,1458,13.29,0,No Defect
0.039441322574735364,98.92148521840983,188.08045392924785,37.90590220416036,26.305180073370007,,Ambient temperature high,1459,13.295,0,No Defect
0.03911853938690222,98.90768022553716,197.54812559574785,39.285131226445685,25.31790834752693,,,1460,13.3,0,No Defect
0.03594002556943048,97.2668471358898,251.2674574140029,35.829205168593234,23.009438424686305,Paste volume per aperture low,Paste viscosity high,1461,13.305,0,Open Circuit
0.03939959820817376,98.94542517061487,195.3867909055277,39.56069250520141,25.377348500888438,,,1462,13.309999999999999,0,No Defect
0.04205248151828243,101.42399134045186,177.83394932133552,47.294745781439204,24.213943483524123,,,1463,13.315000000000001,0,No Defect
0.04084719581809162,101.02919209957574,189.85555321000248,40.34753207691739,25.495471827662115,,,1464,13.32,0,No Defect
0.0409435562492744,102.42120350156516,210.7103815436637,38.42768874294483,24.78089502094304,,,1465,13.325,0,No Defect
0.04392448239566982,104.94597644563979,191.32860304919123,49.67577874994356,22.705718412232333,,,1466,13.33,0,No Defect
0.04040191889650989,100.66221816016102,188.25270316937758,36.531739594500145,26.70580120370398,,Ambient temperature high,1467,13.335,0,No Defect
0.03920039485073541,99.90894523398067,215.63164538150778,39.4361074387423,24.171317265201722,,,1468,13.34,0,No Defect
0.03864264012355644,98.11555145456128,193.06721555479578,36.31649227178866,26.46184753903146,,Ambient temperature high,1469,13.344999999999999,0,No Defect
0.038779233952344505,99.20028019502847,208.55528829970962,38.30616890105589,24.92892343179978,,,1470,13.35,0,No Defect
0.04115221601796137,101.75115013261545,194.3345325711974,39.065793873562235,25.603071112421162,,,1471,13.355,0,No Defect
0.038986994760192024,99.9434678611091,221.62639066124225,39.506096252628105,23.782637471004694,,,1472,13.36,0,No Defect
0.04101905946535127,103.0387146660744,213.41445874859414,35.49293689763406,25.4756813257966,,,1473,13.365,0,No Defect
0.04027850104978804,100.62669567998711,196.8214028494931,37.553012173518724,25.88772920389639,,,1474,13.370000000000001,0,No Defect
0.04263007273567193,103.38266047450854,189.2741852219502,43.94136049869692,24.50066620058752,,,1475,13.375,0,No Defect
0.04124235359705189,101.92554571295423,194.47258233884853,39.16302929529783,25.568385578126904,,,1476,13.379999999999999,0,No Defect
0.04041888393880855,100.38950844000757,194.0523665874628,42.21027615451871,24.696321123790877,,,1477,13.385,0,No Defect
0.04171057546426702,102.07403709027498,181.94393913619115,38.42444814557739,26.55616665755666,,Ambient temperature high,1478,13.39,0,No Defect
0.037552047623614686,99.22750856536699,237.92425549999976,35.224322931619646,24.022658743278217,,,1479,13.395,0,No Defect
0.03915972007186709,100.01847065586051,213.58222555626935,37.517430065992244,24.86058400250106,,,1480,13.4,0,No Defect
0.04222104082082201,102.12753426098081,181.4522815434971,43.11607371912046,25.22495145036807,,,1481,13.405000000000001,0,No Defect
0.0414030976347196,101.78211326841367,189.63985973294635,41.211898874202134,25.268357667760416,,,1482,13.41,0,No Defect
0.037648767333746794,98.7131956146502,224.01823683857978,33.72905959292088,25.31514280441919,,,1483,13.415,0,No Defect
0.03942884816320292,99.6986443184941,198.8125555068031,37.707462559833516,25.712571932647343,,,1484,13.42,0,No Defect
0.0407197626702277,100.67181476181884,184.6154086154953,38.92836601508785,26.23916111127805,,Ambient temperature high,1485,13.425,0,No Defect
0.04005295740213837,98.90727062461698,182.56621899386963,43.073235437720484,25.152100580977617,,,1486,13.43,0,No Defect
0.04039197426164445,99.89587954821013,186.33153150772407,40.44208200670195,25.693321347049924,,,1487,13.434999999999999,0,No Defect
0.04235346904661912,105.42249663104289,220.35211174976888,38.067978539426996,24.311571235571044,,Stencil thickness high,1488,13.440000000000001,0,No Defect
0.04200385917495193,103.05484472759214,193.05139473036257,40.71803000497095,25.2092929242669,,,1489,13.445,0,No Defect
0.03938923471083596,100.1391334097634,206.00692550526045,36.86634765275316,25.51883721671201,,,1490,13.45,0,No Defect
0.03859977782635577,97.96312931066761,201.8876299927096,41.415096600574024,24.44078245802807,,,1491,13.455,0,No Defect
0.039192340652828464,99.43263587811329,200.08714808211084,35.39523587696972,26.314413119645675,,Ambient temperature high,1492,13.46,0,No Defect
0.038852457250831446,98.8007082436439,202.57316679377448,38.126923199434614,25.360922049155835,,,1493,13.465,0,No Defect
0.04126432524845582,101.22776582624357,180.46825980350712,40.318247266069655,26.093641977426756,,Ambient temperature high,1494,13.469999999999999,0,No Defect
0.04230734147987774,100.32860956338828,153.16349366960057,49.170671250604954,25.19194909823305,,,1495,13.475,0,No Defect
0.03969931007941284,100.26316230389746,203.6209120462681,37.514024586599945,25.483202876590237,,,1496,13.48,0,No Defect
0.03916334991939241,100.66030137135179,225.09669923723553,37.94733008213015,24.034589577685555,,,1497,13.485,0,No Defect
0.039647488013986376,99.1390110326716,189.359947746395,39.739922053687756,25.707893646254426,,,1498,13.49,0,No Defect
0.03933291426807127,99.0817957263736,208.11604377271786,42.64241991825344,23.713135555767373,,,1499,13.495000000000001,0,No Defect
0.04230117012658581,102.68627229085298,187.81794673759384,44.149680272603035,24.537006027116504,,,1500,13.5,0,No Defect
0.037010460374668354,97.48021608304775,221.69885460083583,33.753413580422325,25.453241844691444,,,1501,13.504999999999999,0,No Defect
0.04232672966703164,104.99416669410655,215.91904130741926,37.94922722766578,24.62519812508316,,,1502,13.51,0,No Defect
0.040624786753794176,102.66956475076381,218.1854431112214,34.46348915225785,25.493837960821043,,,1503,13.515,0,No Defect
0.04131400622067285,99.9867792480763,169.48956765146022,45.39195501007907,25.291378504313677,,,1504,13.52,0,No Defect
0.038945526475468215,100.22151461029704,219.78046355586463,34.552234529284675,25.355744850105864,,,1505,13.525,0,No Defect
0.04168131174929358,102.55575981233696,196.0379718078386,40.46413392110081,25.106625495958806,,,1506,13.530000000000001,0,No Defect
0.03856553170106171,98.39141331806916,194.99016659343252,33.69537883118884,27.122600396776743,,Ambient temperature high,1507,13.535,0,No Defect
0.040813260006635474,101.02905592788443,197.07347873286488,44.042335685223854,23.989155092816745,,,1508,13.54,0,No Defect
0.040627413281290166,100.89409900359445,190.78192416752134,39.088466335538214,25.820951640625445,,,1509,13.545,0,No Defect
0.040456189969417494,102.62846454958688,215.23049384978745,32.18098949475571,26.339998774945094,,Ambient temperature high,1510,13.55,0,No Defect
0.04035242447929407,101.91990394579298,215.00486668418958,36.98926894632562,24.94931251754622,,,1511,13.555,0,No Defect
0.037956203712343546,97.07976714628717,204.80174046116605,42.973434912479156,23.80643216961399,,,1512,13.559999999999999,0,No Defect
0.037704985558119984,97.59828662519524,206.71148257416482,36.395644074946816,25.607034882239077,,,1513,13.565000000000001,0,No Defect
0.03855218219624922,98.83259368809894,208.31667477851616,38.20402229636151,24.98724040839803,,,1514,13.57,0,No Defect
0.038134163613609294,96.22973082817711,184.88141776900522,41.565344514808494,25.444126806360792,,,1515,13.575,0,No Defect
0.041585804166290416,102.50089931610049,196.8934109237848,41.63204861048094,24.712284086752632,,,1516,13.58,0,No Defect
0.038902741942433185,98.11037225985285,198.12551429465884,43.06275327012668,24.199717786527277,,,1517,13.585,0,No Defect
0.03887121604986179,99.7260010098413,213.16777998355934,35.716786134749526,25.42225483283744,,,1518,13.59,0,No Defect
0.03911879383909061,97.79025772084675,180.4412722835708,40.58478463324131,26.008865153834492,,Ambient temperature high,1519,13.594999999999999,0,No Defect
0.039828145192927,99.56286710854354,196.71862290146564,41.15372341485148,24.853702507694535,,,1520,13.6,0,No Defect
0.03902489006121008,98.3701189449165,192.232834103316,38.865623066268135,25.789712605754666,,,1521,13.605,0,No Defect
0.04031397449773372,96.86535997024217,144.00148692224744,45.370410676951934,26.859844874552092,,Paste viscosity low; Ambient temperature high,1522,13.61,0,No Defect
0.03855984314865617,98.96433093715586,220.1496707425327,40.32757776627963,23.649241740674437,,,1523,13.615,0,No Defect
0.038930190289066254,98.66571313644738,197.4728057394286,37.283159594447866,25.93091050970685,,,1524,13.620000000000001,0,No Defect
0.041126061085762895,102.46707931616338,208.69444313994234,38.76450287269151,24.8296170660131,,,1525,13.625,0,No Defect
0.041430725188393,100.81433398782583,182.22798269953876,46.13231352569004,24.30084765215026,,,1526,13.629999999999999,0,No Defect
0.039442896653048024,98.58189813024701,187.67813477683643,42.00600305256447,25.154059573363426,,,1527,13.635,0,No Defect
0.03724187197825986,97.56841141210042,219.95731202561282,35.74099799564496,24.98818772773468,,,1528,13.64,0,No Defect
0.03926316240027628,97.62437773545479,189.94123253913372,46.658672565079534,23.66063142827026,,,1529,13.645,0,No Defect
0.041471783426624366,101.32056468415254,183.38621380682434,42.68619090403142,25.237408487516067,,,1530,13.65,0,No Defect
0.03955533838695168,101.3094099593308,213.78776978087575,32.29232489935788,26.39105901446856,,Ambient temperature high,1531,13.655000000000001,0,No Defect
0.041829889968021595,102.20338161930471,184.90863870671686,40.811078208812255,25.69436438867721,,,1532,13.66,0,No Defect
0.04085594998724774,100.05637416063374,177.33844827833596,41.85471997666887,25.847704672197406,,,1533,13.665,0,No Defect
0.04099976710689066,99.21334892680922,166.81653502684395,45.573608431414456,25.409442303417304,,,1534,13.67,0,No Defect
0.03900991218749099,99.02467280580868,187.55936117417104,30.383849071015298,28.556014052473607,,Ambient temperature high,1535,13.675,0,No Defect
0.04071045327412343,100.13223450483456,182.73644496917842,43.27873760079112,25.097691933253927,,,1536,13.68,0,No Defect
0.04120315666676649,100.92958749649057,186.72512582398437,43.35893715217585,24.83699230311838,,,1537,13.684999999999999,0,No Defect
0.04054630530529514,100.17480489961724,194.8686358538862,45.07403708938218,23.83173549978131,,,1538,13.690000000000001,0,No Defect
0.04194100735197488,103.19759304693267,192.60239219742445,37.29507696703552,26.251584782107827,,Ambient temperature high,1539,13.695,0,No Defect
0.04118927735160669,100.2989278916175,172.87264449329138,42.89947058416249,25.819041260312474,,,1540,13.7,0,No Defect
0.039600362697297185,101.40037421811695,224.07450068720848,35.69155021458406,24.773163025594496,,,1541,13.705,0,No Defect
0.04044367302297023,99.33162109049366,177.47514947386165,42.84325329122281,25.548804101941908,,,1542,13.71,0,No Defect
0.040890158907103416,100.39638815387953,189.20196832181804,44.83503849743347,24.25307092804701,,,1543,13.715,0,No Defect
0.03977058708901469,101.42974636874037,221.93578951471488,37.31451270536126,24.43123013643725,,,1544,13.719999999999999,0,No Defect
0.0380913236008035,97.0247347580364,189.4233544587884,37.01363083536532,26.499309036587988,,Ambient temperature high,1545,13.725,0,No Defect
0.04205720091036034,102.5180975813542,185.83121065665858,40.88312919797723,25.622677823155325,,,1546,13.73,0,No Defect
0.037770747558469805,100.7005756053095,255.9040130825301,33.58819251546824,23.419734904614675,,Paste viscosity high,1547,13.735,0,No Defect
0.04094598205243302,101.02104139382335,187.9689562397754,40.419840417655806,25.617205442572075,,,1548,13.74,0,No Defect
0.0389200315203068,100.55536625909855,228.71058647691015,37.35258863637419,23.99742370167012,,,1549,13.745000000000001,0,No Defect
0.04002918820336517,100.5603691810816,207.88922419689493,40.617622621180985,24.333101620701594,,,1550,13.75,0,No Defect
0.04016741594496058,99.42378074295146,196.78179584789495,46.12252045445558,23.4100456406188,,,1551,13.754999999999999,0,No Defect
0.041752488737090136,102.67756944802072,191.53806385687582,38.739992129433915,25.895736968926204,,,1552,13.76,0,No Defect
0.03995964495881524,102.77107377197031,227.24813802030224,31.51403504619162,25.80036983880169,,,1553,13.765,0,No Defect
0.04118858511714459,101.19371306961258,186.88532624015863,41.4591201572053,25.38353735657434,,,1554,13.77,0,No Defect
0.04080338347359594,102.0528067632171,203.1567774250696,36.298885595712264,25.89005388274425,,,1555,13.775,0,No Defect
0.03948512813250994,100.70919626223906,218.1107847359558,40.05418445782336,23.86125156893027,,,1556,13.780000000000001,0,No Defect
0.04007959765107909,100.39286578951462,197.81691072440157,38.358128472585456,25.61071522973402,,,1557,13.785,0,No Defect
0.040151977076057555,99.56404276110615,183.76304556410517,39.18538061134998,26.23265982856856,,Ambient temperature high,1558,13.79,0,No Defect
0.04159161821776793,100.45478891579963,168.3585038110483,43.79693186577244,25.841982055076922,,,1559,13.795,0,No Defect
0.03888841724162045,98.41259728437765,195.4556077958449,38.437123276155845,25.72295292180955,,,1560,13.8,0,No Defect
0.03925953967248758,99.89108688226996,219.52114752181726,43.79662680123724,22.68302205977347,,,1561,13.805,0,No Defect
0.04076951152971296,100.7931453567391,192.51449398281494,41.20136519063174,25.11283741971609,,,1562,13.809999999999999,0,No Defect
0.04020189802978707,99.82357986133161,186.41827282575775,38.88756068395246,26.157806862509304,,Ambient temperature high,1563,13.815000000000001,0,No Defect
0.04079874685367543,101.85235245442041,203.15112683440097,38.3342800461715,25.296579521585034,,,1564,13.82,0,No Defect
0.041554292055505176,101.69389127320912,186.4155140425763,41.51076912986559,25.402178374202474,,,1565,13.825,0,No Defect
0.039741826490381535,100.68500323594188,215.04084285910594,39.484690835277064,24.22434332249389,,,1566,13.83,0,No Defect
0.03890034910257138,99.80172422773232,217.44181998854438,36.96490462294303,24.80598856361148,,,1567,13.835,0,No Defect
0.03991613257910643,99.66407375004523,197.69727301891513,41.94239152733879,24.572560328481543,,,1568,13.84,0,No Defect
0.04195382208234727,101.25606725416422,173.52556973635768,43.493722006032975,25.619126307715746,,,1569,13.844999999999999,0,No Defect
0.04267018765923885,102.55548075442553,177.3715994268246,44.8987970186095,24.97678186645012,,,1570,13.85,0,No Defect
0.03885975126683417,97.8464968317877,188.14184960164118,36.46378135482389,26.75408693595178,,Ambient temperature high,1571,13.855,0,No Defect
0.04273921684217497,103.07814566085922,174.60051755379519,38.9120382124219,26.897099963448397,,Ambient temperature high,1572,13.86,0,No Defect
0.038643075787638745,99.69533106149419,225.70064722016602,37.61727105175982,24.109170363094833,,,1573,13.865,0,No Defect
0.042035967044064135,104.12893693135275,223.85293345648702,44.31456632106615,22.29434669173424,,,1574,13.870000000000001,0,No Defect
0.03952767451370803,99.1240886045484,197.11501397623707,40.8609530290149,24.92185232541355,,,1575,13.875,0,No Defect
0.03823970961600686,98.18953107153177,216.1561239554927,41.41874470251359,23.58002643203414,,,1576,13.879999999999999,0,No Defect
0.04063374563212312,101.99191386754701,203.1937622477501,35.12629833273297,26.2297957145167,,Ambient temperature high,1577,13.885,0,No Defect
0.04022220752502289,101.4687537777185,206.9883593689878,34.49502801514174,26.1809892602788,,Ambient temperature high,1578,13.89,0,No Defect
0.03926771009040193,100.7842581552043,222.9297088553825,35.077295385589466,25.02632827403962,,,1579,13.895,0,No Defect
0.03801597310089462,97.07492060846597,201.63675093668274,39.827251462474564,24.935626926875695,,,1580,13.9,0,No Defect
0.03990516284561358,100.17389628498091,200.55642091728652,39.78794152550947,25.025001639482117,,,1581,13.905000000000001,0,No Defect
0.04044678671767444,101.19379420592286,203.2478604997538,39.393596154521305,24.979832858493726,,,1582,13.91,0,No Defect
0.040002975813134015,99.90922071416392,194.1070772958183,38.8620906970727,25.694351243344112,,,1583,13.915,0,No Defect
0.04174766067239183,103.09884993747873,196.6668803919503,37.92505599382507,25.82127756806294,,,1584,13.92,0,No Defect
0.04080106266491928,100.0730615142676,182.38032577766353,43.28263576197287,25.12796253360228,,,1585,13.925,0,No Defect
0.04081110926979181,102.33558782961697,211.220302474179,39.09653579529515,24.57921303859521,,,1586,13.93,0,No Defect
0.041132900026061424,99.089642404759,172.9151451226487,52.54792348569437,23.004674546075208,,Ambient RH high,1587,13.934999999999999,0,No Defect
0.0373702679038566,97.83550964512146,216.93519571666053,33.58461240009779,25.811839312596693,,,1588,13.940000000000001,0,No Defect
0.038744662083968456,100.04181784966076,228.43244093481923,39.14615015940811,23.49336593291535,,,1589,13.945,0,No Defect
0.03811243355582104,99.26564800419233,226.19080037175658,34.092597119029264,25.10518682109674,,,1590,13.95,0,No Defect
0.042799508168729045,102.93023349088897,188.49568862480857,48.255604040472306,23.31792602337697,,,1591,13.955,0,No Defect
0.03915929919498713,100.96971967878949,224.77163464119974,34.72269957886275,25.012898370559604,,,1592,13.96,0,No Defect
0.039386192280744185,100.58833537461123,216.75407605318347,36.051138839111005,25.12078185144268,,,1593,13.965,0,No Defect
0.042130089907465515,102.94441134789818,189.5135146474022,39.13353620959873,25.913953288133502,,,1594,13.969999999999999,0,No Defect
0.04042795232520485,99.60839280139058,186.8444057539094,44.15866925117283,24.59623285286279,,,1595,13.975,0,No Defect
0.038761299437864695,98.42539126821183,202.20843729278133,41.160475194257586,24.51249607602322,,,1596,13.98,0,No Defect
0.03887885141363809,99.26708746374521,209.78705683228526,37.80291029330166,25.031477053484174,,,1597,13.985,0,No Defect
0.04161247925508557,101.75362336377238,195.235631281002,46.444996141394306,23.42221966678821,,,1598,13.99,0,No Defect
0.04294678804736977,103.43791851684969,178.1990630306579,42.21836281081406,25.710166021894036,,,1599,13.995000000000001,0,No Defect
0.03995596162505162,99.61608216385869,192.71656867664828,41.1921630638937,25.097102661905296,,,1600,14.0,0,No Defect
0.040760730790621695,101.02528001882986,202.7073647031553,43.814320325804836,23.727221002837343,,,1601,14.005,0,No Defect
0.03961587536044535,100.20935049388699,208.18634730349714,38.414062566087075,24.95784417729917,,,1602,14.01,0,No Defect
0.041793329693864,101.22034666257686,173.05106854150216,43.65836819966577,25.59552541187111,,,1603,14.015,0,No Defect
0.036819509686599354,96.41516667077492,207.83428593889607,32.52861379137929,26.67660760477071,,Ambient temperature high,1604,14.02,0,No Defect
0.03981732777555587,98.83383113906027,186.24294458226697,40.69752133723233,25.641604485157295,,,1605,14.025,0,No Defect
0.03944671937268355,101.10782216288317,231.13599376896008,40.40269749518236,22.966866424521484,,,1606,14.03,0,No Defect
0.04264745580850131,101.24955635602822,152.38579714521254,42.68518684711975,27.15779519797556,,Ambient temperature high,1607,14.035,0,No Defect
0.039730186056255085,99.70298631704671,192.74724640120408,37.597268149991926,26.14220475377624,,Ambient temperature high,1608,14.04,0,No Defect
0.04105221232680534,100.577275202245,180.21047881740895,39.60194472215337,26.340551117817284,,Ambient temperature high,1609,14.045,0,No Defect
0.03855930346331905,97.53578499592037,192.9841618949128,39.28536384322764,25.628113823093123,,,1610,14.05,0,No Defect
0.0406219923699241,100.85390502713479,195.00482058444894,40.03992560805877,25.299148810672612,,,1611,14.055,0,No Defect
0.0401403864493908,100.44307755824475,193.8666533177939,37.30325879856314,26.16241303774449,,Ambient temperature high,1612,14.06,0,No Defect
0.04012042589069805,101.43653388756258,219.19056704091838,40.013125872131894,23.819743480149988,,,1613,14.065,0,No Defect
0.04126348376964489,102.08815456671134,196.639589595865,37.93511712459611,25.82000840513376,,,1614,14.07,0,No Defect
0.04020539766330568,100.27162594531978,202.70286308723294,43.33533032921355,23.86128136974648,,,1615,14.075,0,No Defect
0.03907008199524623,100.35730866545931,219.89605893096842,36.21976652855076,24.873841388829153,,,1616,14.08,0,No Defect
0.04031354712455952,98.47461859560357,169.5665196271743,44.02871250999003,25.691883414425657,,,1617,14.085,0,No Defect
0.03859926732007761,99.59246660072152,221.52182166484127,36.09644608529666,24.808531604795416,,,1618,14.09,0,No Defect
0.04351593329500206,104.81384697318013,194.50409449960097,44.72575830634197,23.984350455553166,,,1619,14.095,0,No Defect
0.036804883342743094,96.27075691168183,212.70387298276944,34.96257743796499,25.668378549071612,,,1620,14.1,0,No Defect
0.03735860340257474,97.4643041500751,223.3140007396388,40.0273307907554,23.538244035985986,,,1621,14.105,0,No Defect
0.03871533473107522,96.92466212641659,175.3112632943026,37.15905896693471,27.33470356421404,,Ambient temperature high,1622,14.11,0,No Defect
0.03978697931644896,98.91334734983835,189.51718865329335,42.322718589465296,24.962787587199873,,,1623,14.115,0,No Defect
0.041520495999669844,100.47904525783056,174.55172997291928,44.96090974874689,25.123983762702146,,,1624,14.12,0,No Defect
0.041180467478315066,102.19860966773076,198.47470456633593,37.24299270525743,25.906975354851554,,,1625,14.125,0,No Defect
0.03963595223235914,100.3595093367682,211.98055831020744,40.76118626422039,24.035634318746936,,,1626,14.13,0,No Defect
0.03983673462627103,99.06480817135214,191.8215510198635,41.522128997452654,25.057686048569053,,,1627,14.135,0,No Defect
0.03915984595033154,98.56161830191706,189.5959657965419,36.74951240953124,26.57969311615237,,Ambient temperature high,1628,14.14,0,No Defect
0.039966411511528056,100.72952848085903,216.6001687209493,42.806139682068164,23.16057717055953,,,1629,14.145,0,No Defect
0.04062306930907243,100.21226862527048,185.5566132621527,39.217319960733946,26.120498807733235,,Ambient temperature high,1630,14.15,0,No Defect
0.03948527508207535,99.8007273455739,201.4508295785605,37.07916776419691,25.757034095610564,,,1631,14.155,0,No Defect
0.039811034913369535,100.82150409414142,217.02067012819617,39.86891615974451,23.99109225678497,,,1632,14.16,0,No Defect
0.043990839108901524,105.86728067067706,196.83467701539348,41.99745076902391,24.642457418965087,,Stencil thickness high,1633,14.165,0,No Defect
0.03927536225465675,100.67029162213275,223.7840374036667,36.60473580691097,24.5259191250298,,,1634,14.17,0,No Defect
0.041495076745774115,103.22461096870197,217.5353449893058,42.73448584038203,23.134790487416485,,,1635,14.175,0,No Defect
0.03567752123185453,96.10453763332846,236.66829502993951,34.7273676562245,24.253032989874686,Paste volume per aperture low,,1636,14.18,0,Open Circuit
0.038231462105382856,98.91691911199577,223.88072528978645,39.014312848319484,23.805317180375795,,,1637,14.185,0,No Defect
0.040805487975906427,100.52096479492451,188.04117377588074,41.621100449450225,25.26409303448645,,,1638,14.19,0,No Defect
0.04133109863367238,102.09969937187047,208.45460071985704,47.01189356896418,22.43879018101199,,,1639,14.195,0,No Defect
0.03488391441698716,96.24745842184424,252.80851177415155,29.902768081186043,24.66617936694813,Paste volume per aperture low,Paste viscosity high; Ambient RH low,1640,14.2,0,Open Circuit
0.039404412508837625,100.14032143375522,205.3959842479898,33.56227388706383,26.54245585905535,,Ambient temperature high,1641,14.205,0,No Defect
0.04083068050617711,101.59434136738886,198.66504332520915,36.962903570748516,25.97374768228056,,,1642,14.21,0,No Defect
0.04031986440122681,101.92715295922699,207.9626219939805,32.523037772687836,26.69385145114938,,Ambient temperature high,1643,14.215,0,No Defect
0.03779677512498064,98.8851863826432,232.28195362937507,37.31303502083488,23.782599746047712,,,1644,14.22,0,No Defect
0.03936030667839609,99.04670635972185,209.32556472862856,44.94848570042998,22.975482950592035,,,1645,14.225,0,No Defect
0.04000850962754082,98.27720616610026,165.31022447343702,38.398929474140644,27.592486928586066,,Ambient temperature high,1646,14.23,0,No Defect
0.04105116748918058,102.08244214656787,199.73354691521072,38.572029381894104,25.434847632745463,,,1647,14.235,0,No Defect
0.04028379608854541,100.38938312040182,196.89356119720665,41.15307968296325,24.849864931313242,,,1648,14.24,0,No Defect
0.03820033466536271,98.3360722056306,211.97940555874786,40.10742665199474,24.209331624458002,,,1649,14.245,0,No Defect
0.039454154435036755,98.511675650381,180.97344976982288,36.20007141497951,27.269343015912703,,Ambient temperature high,1650,14.25,0,No Defect
0.04190330756681492,103.13799612600569,201.84741759960698,40.15192559485481,24.853666262085582,,,1651,14.255,0,No Defect
0.03930840901711936,101.14010303860346,227.5364096528784,35.3435672907458,24.660247977102284,,,1652,14.26,0,No Defect
0.03973939245051203,100.68752225102166,208.21713325396212,34.92556859228883,25.971645084616434,,,1653,14.265,0,No Defect
0.03803091399869709,99.20013520161902,226.6485548036122,34.15242136388856,25.052370417050597,,,1654,14.27,0,No Defect
0.04050411536773575,103.0743059309861,233.10323918573968,36.74874341814348,23.91905341968635,,,1655,14.275,0,No Defect
0.03957771563307531,101.06122564338754,225.5659167976138,36.014562429544014,24.59180886965367,,,1656,14.28,0,No Defect
0.041259314411297265,101.51763946228257,187.69140193459862,38.16951784767455,26.294865166258774,,Ambient temperature high,1657,14.285,0,No Defect
0.03988215639988354,102.20025147177692,234.54912399480554,39.37737475402847,23.052050474081806,,,1658,14.29,0,No Defect
0.04137011837236237,103.44990188075107,218.08774723161414,38.35062299008081,24.37735468763473,,,1659,14.295,0,No Defect
0.04193866011248521,101.56173347551163,175.45704408792315,41.56410342387707,26.057833912240792,,Ambient temperature high,1660,14.3,0,No Defect
0.04106423473684746,99.74187558966055,181.7637471310774,47.8008742135255,23.84478803102922,,,1661,14.305,0,No Defect
0.03879633266545605,101.59876449635397,246.67838303635773,33.148637105670375,24.12220939456892,,,1662,14.31,0,No Defect
0.041025623599045144,100.93845147987757,193.6887872575157,42.69650902942743,24.602887265651614,,,1663,14.315,0,No Defect
0.037319425652040224,96.09575288406778,210.92426194756484,45.27115847407088,22.760003078654254,,,1664,14.32,0,No Defect
0.04221747808606976,102.15552594227641,179.93051373270987,42.27360571666692,25.577666027220104,,,1665,14.325,0,No Defect
0.039713041008092136,100.95527638042708,218.31867549545365,38.430667050816524,24.32347939710173,,,1666,14.33,0,No Defect
0.0405176361879755,99.64364788264757,176.5896905920082,39.49859750648269,26.578380395324714,,Ambient temperature high,1667,14.335,0,No Defect
0.04011653431587223,100.19647922498808,211.11736188934296,44.904082725805786,22.882086332033854,,,1668,14.34,0,No Defect
0.040443216312910854,100.16145633760668,193.06184565972757,42.491387179859515,24.692668688944956,,,1669,14.345,0,No Defect
0.037990151528430174,97.52791346931215,209.69727351558987,40.5433079616974,24.220817894150688,,,1670,14.35,0,No Defect
0.04127440768306844,101.31015779189399,185.39282720442344,38.96556149327008,26.200417933369998,,Ambient temperature high,1671,14.355,0,No Defect
0.040873737889159885,101.22261070280763,190.60977720952062,37.02233568017219,26.443974140019463,,Ambient temperature high,1672,14.36,0,No Defect
0.040468933080295304,101.12879001913807,205.94570136881885,41.76767448421708,24.1110483328544,,,1673,14.365,0,No Defect
0.039485248116241864,98.65919723142135,192.7037094138504,39.57927517989871,25.561230179095176,,,1674,14.37,0,No Defect
0.03972551762167551,98.44939480693074,179.2597831364566,40.969544831039315,25.975800404681774,,,1675,14.375,0,No Defect
0.04013573223345736,100.53026232937147,203.5491231529072,40.893720304708715,24.510404959185788,,,1676,14.38,0,No Defect
0.03805550876425065,99.77438844921073,238.45820555690628,34.95353632629707,24.089601499732947,,,1677,14.385,0,No Defect
0.04052794185257694,100.49655397641914,201.87051580265478,44.13002145356515,23.67418564526502,,,1678,14.39,0,No Defect
0.041194522171601924,102.2049541933323,204.26553098335148,40.517955191759285,24.584824552098794,,,1679,14.395,0,No Defect
0.04031185334636666,101.56146872396616,216.3317550904669,39.347915132508724,24.180482612070083,,,1680,14.4,0,No Defect
0.036846523664729965,98.98405184751209,243.47569950593527,27.961210039160292,25.81218153822645,,Ambient RH low,1681,14.405,0,No Defect
0.03980467163699297,100.89380433895549,210.06525103418014,35.607483780834706,25.65124755667474,,,1682,14.41,0,No Defect
0.040393563219390596,100.40965672210129,196.59062807622504,40.27928385648134,25.11993090839866,,,1683,14.415,0,No Defect
0.04038307081489287,101.40725300711243,207.0204910735786,36.40605952143469,25.610984424339545,,,1684,14.42,0,No Defect
0.039956656859975084,100.86671527710146,207.26003553218158,34.61671417922706,26.11653169099076,,Ambient temperature high,1685,14.425,0,No Defect
0.0389780876895922,98.97768991597744,203.64751926216454,38.223442069536034,25.27268877840272,,,1686,14.43,0,No Defect
0.040200654034240155,100.43535867058512,201.53410345344122,40.34131166449966,24.794971959481263,,,1687,14.435,0,No Defect
0.03893901349552973,100.41571178711347,225.79698336814232,34.33479176710637,25.05202148914041,,,1688,14.44,0,No Defect
0.03886497181209292,99.60618006163728,228.0085220826195,41.806296128097046,22.73368471671844,,,1689,14.445,0,No Defect
0.03765907657859025,98.18818458712755,219.63186301548077,33.893956457023435,25.546764508774036,,,1690,14.45,0,No Defect
0.04097630560911519,102.05689084324356,206.33537707934343,38.378057579206285,25.0800331001114,,,1691,14.455,0,No Defect
0.038999346595632214,96.90846374362127,180.53301684394978,43.179900379536356,25.24532670198343,,,1692,14.46,0,No Defect
0.03949176227824867,100.16707666692174,218.61925110091374,40.37912929933692,23.730662042934448,,,1693,14.465,0,No Defect
0.03989909449024493,101.50764631255456,218.41275803975432,34.812854814591155,25.369889545028173,,,1694,14.47,0,No Defect
0.039230279725555615,99.45223816879869,200.54086585411557,37.282762148129045,25.734380222039032,,,1695,14.475,0,No Defect
0.039570950701883906,99.60666439300277,211.84654552339066,42.78802642876584,23.442799719203204,,,1696,14.48,0,No Defect
0.041009676623117,101.49369088171483,193.3472854609144,38.556492291736696,25.82031314280025,,,1697,14.485,0,No Defect
0.04168906155222915,100.78284084014443,173.58795010526862,43.02040949834982,25.73638253939658,,,1698,14.49,0,No Defect
0.040988531698970807,101.58898741005241,205.47669103995227,41.216733637667105,24.303269527226565,,,1699,14.495,0,No Defect
0.0433409543446815,102.95183983146381,177.61414554210182,48.7331895554899,23.833922512928442,,,1700,14.5,0,No Defect
0.03959244667326826,100.70447697991804,213.27188447856176,35.01214274919685,25.622260074236742,,,1701,14.505,0,No Defect
0.04000408059022521,100.65110041776698,208.98829383036815,39.84148515385756,24.476348043300185,,,1702,14.51,0,No Defect
0.040309007497984994,99.4420214896501,191.23325294560803,44.55559651889061,24.193428135982735,,,1703,14.515,0,No Defect
0.039688490876994206,99.95077914126675,202.7416678192644,37.19235847600562,25.632203718998625,,,1704,14.52,0,No Defect
0.03859275125301564,98.32823307075739,207.2619942422869,40.47587926154645,24.38377200060799,,,1705,14.525,0,No Defect
0.03882392706515909,97.4388535997713,191.6747119522033,43.88570341294204,24.345324125699523,,,1706,14.53,0,No Defect
0.0409466778166112,101.6422948831188,209.49511669989968,44.0143719205263,23.233246009784864,,,1707,14.535,0,No Defect
0.03957224262898888,98.26560646734842,181.6064020766444,40.61258667689281,25.92599515536977,,,1708,14.54,0,No Defect
0.042568654695818234,102.70406479762869,187.2601566923218,45.02081916020057,24.31682757257037,,,1709,14.545,0,No Defect
0.03822780108179293,97.5397535218247,205.85930915699015,40.704602910999974,24.400100440920003,,,1710,14.55,0,No Defect
0.040241697671391075,99.94199661243934,203.57088207637165,45.82506645236871,23.061731274843233,,,1711,14.555,0,No Defect
0.03946499741468856,100.22727080269743,218.01281720211375,40.33965180289653,23.769958149126353,,,1712,14.56,0,No Defect
0.040024339206546175,101.30657080030429,218.9259708553352,39.23333009227827,24.04052783967656,,,1713,14.565,0,No Defect
0.03903929092572064,99.50130627091696,214.75506628740771,40.17336434926718,24.012323378056728,,,1714,14.57,0,No Defect
0.04054115641418604,100.60638885983386,191.46557529519112,36.24488572582482,26.605297250047247,,Ambient temperature high,1715,14.575,0,No Defect
0.04023195431383551,99.66137832133802,182.24415005332048,38.31342756098571,26.5590355028527,,Ambient temperature high,1716,14.58,0,No Defect
0.04074257871280522,102.65450330431224,209.4360612181212,31.598720302063438,26.857273177190155,,Ambient temperature high,1717,14.585,0,No Defect
0.04193997483519994,100.34792477569638,172.39461584174634,49.95494567482925,23.77883573974403,,,1718,14.59,0,No Defect
0.03973589218881375,99.34452273807962,201.05989890763928,42.00514787373031,24.325312299916366,,,1719,14.595,0,No Defect
0.03948770322058998,98.7693639395561,205.80566714987341,47.26444063255898,22.49403219006746,,,1720,14.6,0,No Defect
0.041517197285694085,100.13748684592206,177.6256329859127,46.23391729430272,24.544293864584844,,,1721,14.605,0,No Defect
0.03938789258101633,100.01224320139333,213.5151930607925,38.52917220610726,24.570342911493,,,1722,14.61,0,No Defect
0.03869583041080983,97.23925531496603,193.07168353073877,43.79082254665343,24.280911560033303,,,1723,14.615,0,No Defect
0.03894653167888033,99.68020615054779,215.97524948940116,37.89657033350744,24.597298662776204,,,1724,14.62,0,No Defect
0.04028164252660184,99.98085764685172,197.82984870054324,43.782197728664954,24.003489087037874,,,1725,14.625,0,No Defect
0.03822941320513917,97.97942877302417,216.6483145800479,43.12908670561204,23.022201374895307,,,1726,14.63,0,No Defect
0.03844282427638287,99.7559015523178,223.61137296715788,33.61155302901026,25.37561835701816,,,1727,14.635,0,No Defect
0.04215628953940145,101.42064883534039,178.70724503375374,46.715076585055066,24.33478230668561,,,1728,14.64,0,No Defect
0.03737264208375803,95.20446670247412,189.06363970628774,41.113940545010784,25.295758271182976,,,1729,14.645,0,No Defect
0.03854825417833099,99.14465833899708,221.21373817446167,38.45340713452065,24.110081176568542,,,1730,14.65,0,No Defect
0.03843423018803794,98.11172669357343,214.81663208006592,42.81404220847364,23.227890895072335,,,1731,14.655,0,No Defect
0.04307492292040774,101.7056465460748,161.63221886986474,49.517890947525814,24.566844539546494,,,1732,14.66,0,No Defect
0.041146296460496196,100.19431623493857,174.8297708154244,41.97118617659145,25.94664713484289,,,1733,14.665,0,No Defect
0.041494741203154696,103.09478825638617,209.5818063975741,39.514240796000365,24.533189974693688,,,1734,14.67,0,No Defect
0.041202916523384835,101.43912739254807,195.81881561759704,42.34417020304784,24.549902678897087,,,1735,14.675,0,No Defect
0.03850101121588135,98.63223031815397,204.7350491940511,34.99824147932643,26.124468339036145,,Ambient temperature high,1736,14.68,0,No Defect
0.04043627386603328,99.34136421744128,188.08856222429588,47.71842467079179,23.445385903916694,,,1737,14.685,0,No Defect
0.040680786340165774,100.90844033090846,200.0872090497887,41.47535206209931,24.53711862457481,,,1738,14.69,0,No Defect
0.041207752090240746,103.57936216597591,215.9290461461827,33.42158692404539,25.919991132793026,,,1739,14.695,0,No Defect
0.042122925951659444,101.55809278534352,169.19744521462746,40.772214360674816,26.646150832019682,,Ambient temperature high,1740,14.7,0,No Defect
0.04088489139704633,101.11252954184388,198.0129885656542,42.81276292713764,24.2714003271357,,,1741,14.705,0,No Defect
0.03985085464423631,99.42000505079297,189.49246127995647,37.732834368712744,26.271182040768046,,Ambient temperature high,1742,14.71,0,No Defect
0.04075554999558408,101.42100965005515,203.68369600201342,40.39029631383225,24.630292273323565,,,1743,14.715,0,No Defect
0.039587276197930225,99.79960189610873,207.02373958335284,40.09430436916595,24.502381851499596,,,1744,14.72,0,No Defect
0.03949671519978125,102.67559763367524,250.73269639399462,35.70805308525884,23.100453067953897,,Paste viscosity high,1745,14.725,0,No Defect
0.03939831081884885,99.28571177954996,204.16497883429182,38.55125984365796,25.129589587879536,,,1746,14.73,0,No Defect
0.03915073303637232,99.37536732434616,208.0836868596772,39.440963208854875,24.621015763701678,,,1747,14.735,0,No Defect
0.03899809934033735,100.53552062322464,228.71828391295605,37.00840203867291,24.064800327182212,,,1748,14.74,0,No Defect
0.039074828914135,98.99085661345043,204.36220398852646,36.759504429145196,25.636532067522264,,,1749,14.745,0,No Defect
0.04117487470471672,101.72939405838338,201.34872587679305,41.33214849373094,24.500063177984444,,,1750,14.75,0,No Defect
0.04169252114560176,101.2073244452645,181.88459940346254,43.68645598431277,25.009327793526037,,,1751,14.755,0,No Defect
0.04129535442926163,100.01089351413455,167.10559983982444,41.77430510709564,26.469485158907375,,Ambient temperature high,1752,14.76,0,No Defect
0.03939303964813438,100.42054969751527,219.18792418935695,37.810836169221275,24.41720448263274,,,1753,14.765,0,No Defect
0.03949980140337075,101.07948962327589,221.2352838748847,35.146897319010804,25.068448005520306,,,1754,14.77,0,No Defect
0.03816341042159933,97.82961613521343,214.6425700243925,42.31304618227419,23.36898561121325,,,1755,14.775,0,No Defect
0.0390203342095368,99.98525724796097,225.90768337763546,38.701097128761454,23.74283722216846,,,1756,14.78,0,No Defect
0.040300374231832296,100.93704661908724,204.81501296709507,39.02814733670154,24.94743605608254,,,1757,14.785,0,No Defect
0.03718010822236698,96.76307072471799,215.8839871403028,37.587021038309345,24.665457437464028,,,1758,14.79,0,No Defect
0.03757887685459913,97.07044803613073,215.59772351864467,41.52384896272605,23.533779047199097,,,1759,14.795,0,No Defect
0.03891200475072817,97.76207764973017,194.9902204341156,42.77445328905179,24.443901201681904,,,1760,14.8,0,No Defect
0.03731429627954453,96.45096250234495,208.44862095008574,39.08558633494619,24.682151051363476,,,1761,14.805,0,No Defect
0.04019235851546338,100.52531801980864,203.41449689293015,40.38413927977184,24.63394862799933,,,1762,14.81,0,No Defect
0.04008765954894335,99.82015121720298,196.0978766562636,41.252243515225715,24.828289770786615,,,1763,14.815,0,No Defect
0.04050782263977514,101.85120038870456,215.54815932900152,37.95124134712539,24.60369459717801,,,1764,14.82,0,No Defect
0.03817820819966735,97.09589323102196,200.7514333799717,41.33717485540832,24.501661895609892,,,1765,14.825,0,No Defect
0.0394895223272811,98.88132435052977,193.3721289472332,40.35782988749303,25.24926063180663,,,1766,14.83,0,No Defect
0.03997450104461303,99.42527788723527,186.43910335693323,39.224945332427254,26.007614865616244,,Ambient temperature high,1767,14.835,0,No Defect
0.039057674172298065,99.77410692264071,216.50637952295193,37.11581837722582,24.774288021848808,,,1768,14.84,0,No Defect
0.03901123036501646,98.66269514104971,203.4041248065847,39.39929690919147,24.910817879304236,,,1769,14.845,0,No Defect
0.04249235410173852,101.73072302642716,163.10730544392203,38.59814313571559,27.646154278099363,,Ambient temperature high,1770,14.85,0,No Defect
0.039115686369063915,99.31705534902841,210.1164188862168,37.45496615373953,25.068323137647464,,,1771,14.855,0,No Defect
0.04039461967991286,100.52203238774989,196.83354927715519,37.685402609313144,25.825477392983174,,,1772,14.86,0,No Defect
0.041696046685764376,101.9646071807193,186.93042575683634,39.43078174144827,25.930154080242428,,,1773,14.865,0,No Defect
0.04141076452840237,101.48217827014538,182.08474932152498,37.06279126912999,26.91630618176564,,Ambient temperature high,1774,14.87,0,No Defect
0.03955588920855462,99.26904979850146,193.84157659218337,37.741123872543845,25.980250992118215,,,1775,14.875,0,No Defect
0.037124433255865175,96.74209159302508,221.35539652208394,39.43560339765961,23.779828391673544,,,1776,14.88,0,No Defect
0.04057201818339541,100.89781375919007,199.64488764352973,39.614185613108994,25.08564344447398,,,1777,14.885,0,No Defect
0.03959693121796132,100.11431679359245,205.79021987735007,35.374824182813114,25.939579898948747,,,1778,14.89,0,No Defect
0.04272782990471957,103.2425116081484,187.98763884836157,41.73621444243496,25.199015192804996,,,1779,14.895,0,No Defect
0.03984455498351377,100.04296159815847,199.4494619120815,37.30225778562627,25.764419654753887,,,1780,14.9,0,No Defect
0.038979076397867206,99.69705417874783,210.3581630413586,34.39347691883628,25.936136850452613,,,1781,14.905,0,No Defect
0.0388270168458351,97.98869696154318,196.73191195197194,40.046415483411934,25.120535552057216,,,1782,14.91,0,No Defect
0.04057814485139641,102.32300267411792,217.03780446219207,34.45446170973493,25.52428536980456,,,1783,14.915,0,No Defect
0.042244658485705446,102.61686620760503,183.1987496079622,39.10955837685935,26.250810068780485,,Ambient temperature high,1784,14.92,0,No Defect
0.0408572319519132,99.48387111249582,173.85537595925425,42.00120220074132,25.96972122602275,,,1785,14.925,0,No Defect
0.03951149240551088,99.66659549256667,206.1842075481051,38.26340165641344,25.066483998469323,,,1786,14.93,0,No Defect
0.039934972205560394,98.9229348800966,197.7371730168736,47.46387177739561,22.89916424577615,,,1787,14.935,0,No Defect
0.041887140345184516,103.7053877380821,209.9238031199779,38.46792156279882,24.792713565652395,,,1788,14.94,0,No Defect
0.03980372209581581,99.57966798455118,199.66894413568207,40.900572999178735,24.69437511705518,,,1789,14.945,0,No Defect
0.04031689062321305,99.07936428470036,176.8185990037621,40.0695124941262,26.343495432664298,,Ambient temperature high,1790,14.95,0,No Defect
0.04140118161002064,100.21007879354006,172.01749819753428,43.885366677138975,25.52946562173499,,,1791,14.955,0,No Defect
0.040613952917743744,100.44614936434445,194.69015024385584,41.341244621045405,24.876658497274448,,,1792,14.96,0,No Defect
0.03793970537333021,97.54800669114222,212.06525433254888,39.5877170114868,24.299434827880162,,,1793,14.965,0,No Defect
0.03947857824725582,100.92918453221627,220.80331781555125,36.20616445164853,24.760729956346264,,,1794,14.97,0,No Defect
0.03878192550493296,99.0586576458864,213.10874619976082,38.492193038964984,24.56044759622625,,,1795,14.975,0,No Defect
0.039590294733084834,100.92840641578645,221.1174735276224,37.381363597255046,24.398908017474508,,,1796,14.98,0,No Defect
0.04222245436541602,101.5099334216984,171.14158699182732,43.777063155927166,25.616381393980298,,,1797,14.985,0,No Defect
0.04213499311356975,102.99260978373273,195.17846664842335,38.62154987649373,25.65159118775987,,,1798,14.99,0,No Defect
0.04013552117074778,101.26843113551088,222.24787435862515,40.89727199449124,23.308387536422863,,,1799,14.995,0,No Defect
0.041020644904429665,102.05836091508367,209.1402112486349,38.412347268115134,24.846313508518612,,,1800,15.0,0,No Defect
0.03845889244225079,98.21979956534135,213.54319613478032,41.2172068886532,23.732370896743955,,,1801,15.005,0,No Defect
0.04045572042749648,99.1185066388239,167.10549654066315,37.38237967519524,27.715468720039826,,Ambient temperature high,1802,15.01,0,No Defect
0.03869726694265153,96.95717605146916,183.40558701366186,40.01699795895193,25.932595864324945,,,1803,15.015,0,No Defect
0.040251534896664255,101.82051163670432,214.91822700767196,35.539723358536335,25.31644800491907,,,1804,15.02,0,No Defect
0.040926324150286145,100.44825432476404,192.1720456003475,44.625622656561546,24.065234069521328,,,1805,15.025,0,No Defect
0.03998396625389079,99.70232697578433,199.1989874215787,40.50635368800453,24.831054864998872,,,1806,15.03,0,No Defect
0.04052713247530177,100.5170291239179,202.83066180783217,44.32943396366576,23.49250793547976,,,1807,15.035,0,No Defect
0.0402889495691499,100.540733647759,203.71585604436115,39.01036427955212,24.992878032240636,,,1808,15.04,0,No Defect
0.03802053710068004,99.25537266469175,231.93253059590248,34.97163939778639,24.419340839312916,,,1809,15.045,0,No Defect
0.040563159705189,99.3876973215563,180.16808689813593,42.37358309084958,25.45355740591631,,,1810,15.05,0,No Defect
0.03907953366139961,98.8492837470125,203.9337944874597,37.72244609862052,25.343040361014907,,,1811,15.055,0,No Defect
0.039863848088269024,99.85352702407354,203.43016551859014,39.9810814057153,24.71895229963854,,,1812,15.06,0,No Defect
0.03951051500957982,98.56463545541725,194.30269773316144,43.89227219212094,24.129492689186346,,,1813,15.065,0,No Defect
0.041230767827556324,100.65941779320688,176.11544844977306,40.0662401232823,26.374782510972032,,Ambient temperature high,1814,15.07,0,No Defect
0.042057294795678796,101.66958752307285,174.46005076252803,39.31998653025148,26.70461723663843,,Ambient temperature high,1815,15.075,0,No Defect
0.039856813259717294,101.41154797435001,222.09522749312134,36.638259259186924,24.544966939484056,,,1816,15.08,0,No Defect
0.039461148864442894,101.44514056154495,240.97800433042323,39.87625578110662,22.438562873586083,,,1817,15.085,0,No Defect
0.04092974974479998,100.52772122708393,182.81308071183224,40.21763756007855,25.914850165245088,,,1818,15.09,0,No Defect
0.04020737088955652,98.88873282268467,175.56627695886468,39.97370572678799,26.4261376241391,,Ambient temperature high,1819,15.095,0,No Defect
0.03954516098446784,100.51195275620537,220.70401330322684,40.43078891830182,23.515920981142443,,,1820,15.1,0,No Defect
0.039542362504375796,100.24501819938239,215.82596065564357,40.427123557545286,23.81513610433797,,,1821,15.105,0,No Defect
0.042464407926102704,102.94586947858438,193.691100016381,43.83718713331687,24.203317476600944,,,1822,15.11,0,No Defect
0.04121472190363318,102.76924967480176,216.0498563380396,39.79179715549718,24.001610674980345,,,1823,15.115,0,No Defect
0.037077050504007704,95.59512743447577,206.1050738620672,41.119852472094955,24.18995770692248,,,1824,15.12,0,No Defect
0.04008588584322717,100.59618950345197,203.2106011256529,37.61766870733372,25.411996695402095,,,1825,15.125,0,No Defect
0.041627574138266774,103.57975964634579,216.04569579316507,38.67237998295273,24.328989199316155,,,1826,15.13,0,No Defect
0.03929137599826894,99.03549888997881,207.71333154930392,41.454198664650505,24.01024324254283,,,1827,15.135,0,No Defect
0.03999783748041197,99.7566176515856,198.80061321830505,40.56297136591985,24.821511489453336,,,1828,15.14,0,No Defect
0.037726710025287886,97.4145176579204,211.5612227704477,36.38038791383801,25.24102753980046,,,1829,15.145,0,No Defect
0.040878269470798916,101.04432295457346,201.20481530781439,43.339127699140995,23.86746091877229,,,1830,15.15,0,No Defect
0.039382792554494214,99.62908479231648,211.60113433795067,41.29220836353693,23.813088843011624,,,1831,15.155,0,No Defect
0.03927795909557366,99.10821674693705,207.25131461125048,41.913604798494596,23.897478071092873,,,1832,15.16,0,No Defect
0.039914820484795985,98.5911399469237,178.98662262864545,40.31234633137854,26.104189594810087,,Ambient temperature high,1833,15.165,0,No Defect
0.038534938142925454,98.51013832088725,214.6573884490106,38.6887158995865,24.38104098004467,,,1834,15.17,0,No Defect
0.039496571521240476,100.6841710448755,218.26493278215025,34.8088662502566,25.298924382086827,,,1835,15.175,0,No Defect
0.03987312232370663,99.4125125936282,194.69156076323728,40.427118594478294,25.104624778275067,,,1836,15.18,0,No Defect
0.03991184075263359,98.12868813362205,179.43683074877967,44.07727167992906,24.975091638913668,,,1837,15.185,0,No Defect
0.03874711301398447,96.86427153480747,187.97087625274938,43.89272688978383,24.494646589733478,,,1838,15.19,0,No Defect
0.03796011748371102,99.42424497187622,242.86159754245992,35.70783164634046,23.515083336965183,,,1839,15.195,0,No Defect
0.04221915907521678,101.66603117872928,174.4819947783587,42.017438005644756,25.896591354027333,,,1840,15.2,0,No Defect
0.03772672357548038,98.70380254971555,222.67906674202186,31.382219060310348,26.007150968346007,,Ambient temperature high,1841,15.205,0,No Defect
0.03806482550968677,97.06279124811101,207.8782226537604,42.9389627118589,23.543023797097202,,,1842,15.21,0,No Defect
0.04160316940512357,102.73086782178979,205.45017930131544,39.21856861869641,24.80790183815016,,,1843,15.215,0,No Defect
0.040381889662340034,100.11309169626473,199.00662558928985,41.5673876037058,24.508080143837333,,,1844,15.22,0,No Defect
0.04024118716787343,99.66831328465769,188.57501773681332,38.18039089816707,26.135004558508513,,Ambient temperature high,1845,15.225,0,No Defect
0.03992965236413225,100.50159701483851,209.68191319176108,38.67749534985368,24.68907228188652,,,1846,15.23,0,No Defect
0.038249857209087954,98.70427550655168,212.56788765391877,32.38600964494634,26.335514980689336,,Ambient temperature high,1847,15.235,0,No Defect
0.04104270109261606,100.89291173605065,191.17337834251364,40.25164450130899,25.373775283156064,,,1848,15.24,0,No Defect
0.03898193784089929,99.28105565584144,208.18569894432352,37.039932231200225,25.24612722455074,,,1849,15.245,0,No Defect
0.03892452568776943,100.51717645243285,228.71866015108586,33.31294832501847,25.07809376877139,,,1850,15.25,0,No Defect
0.0393660761655691,98.44300224182479,188.3217806054244,40.92726890423397,25.328579411622528,,,1851,15.255,0,No Defect
0.03743230339891341,98.8399168643535,242.46357794762338,34.920849678317914,23.751142391771225,,,1852,15.26,0,No Defect
0.04089805936953607,100.5617089573559,180.773418503346,38.67234930057418,26.46204052932434,,Ambient temperature high,1853,15.265,0,No Defect
0.04199430803801288,103.18280092134111,197.4606644698664,38.345020294774024,25.54334558168203,,,1854,15.27,0,No Defect
0.037510800790082864,96.99594122562516,214.95661807398395,38.55708171352369,24.37439787172186,,,1855,15.275,0,No Defect
0.041524917126853265,101.53895210830962,185.92759209518644,40.184337909685176,25.708972194683014,,,1856,15.28,0,No Defect
0.03663750216617797,96.97442752523668,233.0466869602985,36.336743914166874,23.903390620545526,,,1857,15.285,0,No Defect
0.039103379732834107,99.34646878374443,203.91128093700718,35.1013056077233,26.069116247659665,,Ambient temperature high,1858,15.29,0,No Defect
0.03867338358167917,97.81868372329005,196.40781041804232,38.49627885928906,25.53457469549867,,,1859,15.295,0,No Defect
0.04056172299383724,101.31290498841304,209.7171543094235,38.58647657254826,24.70955480791776,,,1860,15.3,0,No Defect
0.04124995633657418,101.9831906514416,203.527512017122,40.82192685219246,24.43772051550323,,,1861,15.305,0,No Defect
0.04256495781243913,101.51243941402906,172.8445642215675,47.13159707408752,24.488073799403868,,,1862,15.31,0,No Defect
0.037951074206784875,97.56794032248027,206.92261913005785,35.55801702261153,25.7391025869164,,,1863,15.315,0,No Defect
0.03940139173313386,98.89531880113377,199.49692393920105,38.88481123729549,25.236260750003506,,,1864,15.32,0,No Defect
0.04048260375720061,99.5835641644071,190.6647435689817,44.78278455895515,24.060843759510295,,,1865,15.325,0,No Defect
0.04188112342935513,101.4685730767022,178.88631765684482,42.17132621793306,25.554627351975604,,,1866,15.33,0,No Defect
0.039750199650390054,101.03962772457135,219.67437416101427,36.532160793531524,24.682550588856955,,,1867,15.335,0,No Defect
0.03875374208310623,98.72789516738113,217.06912122633773,42.08303636114033,23.212502865570315,,,1868,15.34,0,No Defect
0.03978428731885843,100.0104838006698,209.6428951169155,41.39211870212751,23.876684419712795,,,1869,15.345,0,No Defect
0.04043308824841519,100.80720130527403,198.4464289828774,37.37278939724031,25.74167891821388,,,1870,15.35,0,No Defect
0.040643446805414984,101.19699073017378,207.58911875439463,40.78367932436559,24.187104344205654,,,1871,15.355,0,No Defect
0.04189880734614663,103.20475100264863,204.60460481412943,39.399315485135084,24.782385511259363,,,1872,15.36,0,No Defect
0.03799871751418429,97.56725668762874,217.07489750077667,42.36987456985501,23.116901871595214,,,1873,15.365,0,No Defect
0.037992009613049806,97.83287852241001,211.71096196982984,36.804152835423714,25.070659950600817,,,1874,15.37,0,No Defect
0.038632223141507764,96.45570311225188,188.22875652601945,44.98058001712026,24.129812011607882,,,1875,15.375,0,No Defect
0.03999701552686134,98.81700319915082,179.65531917094023,38.27612259436912,26.62367951274629,,Ambient temperature high,1876,15.38,0,No Defect
0.04048886039189599,99.57953991441182,193.81763479128898,47.06387123027743,23.18933142408668,,,1877,15.385,0,No Defect
0.03984043780368351,101.24172736166454,220.62381309757043,36.320100046919606,24.676996032114225,,,1878,15.39,0,No Defect
0.04093586372146227,101.45784865502638,199.28229564575673,38.2127154109852,25.442238509380722,,,1879,15.395,0,No Defect
0.040953750350812355,100.4438594838976,179.9769066187598,37.988311386942215,26.690436525445715,,Ambient temperature high,1880,15.4,0,No Defect
0.04240747885303537,101.09095729423277,163.61325494138356,43.69427364689446,26.039567932749073,,Ambient temperature high,1881,15.405,0,No Defect
0.03995340637060394,98.92761261770781,190.74106325799983,42.64784533480382,24.660644880694402,,,1882,15.41,0,No Defect
0.03880950880563456,100.42607798479602,234.2291671026084,36.254984157163136,23.848351853137576,,,1883,15.415,0,No Defect
0.04038957327817924,100.54988071631408,202.221691368184,40.661442375367315,24.536951985223638,,,1884,15.42,0,No Defect
0.04003080907576568,98.9313320930002,183.66571772331673,38.74246217489301,26.235152462696796,,Ambient temperature high,1885,15.425,0,No Defect
0.04115046197757829,100.19751913093026,178.76445346297245,41.68119321679109,25.683545233356952,,,1886,15.43,0,No Defect
0.03810662880781866,98.09893814400148,215.34060184299318,38.1692289447356,24.437392092389242,,,1887,15.435,0,No Defect
0.03765547181075608,97.2811407763493,209.7298085193459,35.714891977696354,25.49470327122597,,,1888,15.44,0,No Defect
0.037680519321491135,96.7557489105118,204.10865092611897,37.36732085420456,25.357210641112886,,,1889,15.445,0,No Defect
0.03976858279783425,100.05877116978583,204.40517388134296,37.69370902712742,25.258352543511723,,,1890,15.45,0,No Defect
0.03902349660491124,99.67873740880852,218.1782553142207,38.45096215257911,24.18416988614386,,,1891,15.455,0,No Defect
0.04050838034825898,100.33961093645988,195.1550487116388,40.65951998100031,24.963917677432786,,,1892,15.46,0,No Defect
0.03833373599735838,99.63989821213636,223.15907633995133,30.42400913308061,26.217319167785043,,Ambient temperature high,1893,15.465,0,No Defect
0.04054986651834227,101.99681728772617,208.34353713286205,32.775957922731536,26.455897449570912,,Ambient temperature high,1894,15.47,0,No Defect
0.040042167122585084,100.18304799257626,210.87120984936234,43.28876317011209,23.226117007862168,,,1895,15.475,0,No Defect
0.04077853235401591,100.2107856126227,181.57785360652915,38.724732642428805,26.359602475456818,,Ambient temperature high,1896,15.48,0,No Defect
0.041727126698710884,101.43137046136795,190.4106062324258,44.55796716264643,24.12313659988664,,,1897,15.485,0,No Defect
0.04027916153986258,100.10003795354883,195.23660452241535,39.759272014867726,25.21370193603177,,,1898,15.49,0,No Defect
0.038387247806866975,99.49647020254088,232.40824011802866,37.50087933255044,23.577504988760992,,,1899,15.495,0,No Defect
0.03964294128240774,100.83061431094549,221.3899974632751,36.47942522432618,24.562439705973656,,,1900,15.5,0,No Defect
0.041321088488483995,101.06255055690762,191.82050322181433,43.01663771112182,24.479185900976635,,,1901,15.505,0,No Defect
0.03681155568406121,95.65440400439083,214.95292551427616,40.48039921624683,23.76339886964077,,,1902,15.51,0,No Defect
0.03820409452390794,99.9147841614632,244.15341967855574,36.93482413289404,23.017349391823835,,,1903,15.515,0,No Defect
0.04137295203156344,103.21613120251736,220.90525412045366,41.811024488107925,23.039949256157612,,,1904,15.52,0,No Defect
0.03890736786310963,97.57718685709513,194.2900158775633,42.29410710977862,24.514261744230428,,,1905,15.525,0,No Defect
0.041079126428728505,102.16983038408904,201.27340693260297,34.72515774632435,26.31294984212837,,Ambient temperature high,1906,15.53,0,No Defect
0.03937628199694205,98.43489070349085,198.74990293882317,42.045890686039286,24.317512811592188,,,1907,15.535,0,No Defect
0.04043823870585371,99.71996639724375,192.6421481088621,42.90099510810132,24.448683319030447,,,1908,15.54,0,No Defect
0.03983232041250258,100.35910341097905,213.859001840747,39.64418658483972,24.092236220979558,,,1909,15.545,0,No Defect
0.04048105890458832,100.407261190303,199.96877880321364,41.468371547451014,24.415143493214252,,,1910,15.55,0,No Defect
0.042678249242228704,101.05706716630667,163.34845964216362,47.03964496792307,25.0521514638372,,,1911,15.555,0,No Defect
0.03957715119077717,98.62545294420191,195.04653769825765,43.686664614801316,24.05734421805529,,,1912,15.56,0,No Defect
0.0401378573431165,99.0018333428783,188.08089944135247,45.24111226078677,24.03290263096382,,,1913,15.565,0,No Defect
0.039498635166624725,98.78745509312168,193.89792564191387,36.918459018517005,26.108103604848946,,Ambient temperature high,1914,15.57,0,No Defect
0.03887247701950464,97.11073775441618,190.33657316885922,42.65581596477554,24.642817091088723,,,1915,15.575,0,No Defect
0.04195546477423323,100.39273058429764,158.9470820808111,41.656320728655686,26.88092896895316,,Ambient temperature high,1916,15.58,0,No Defect
0.03790065413402606,98.15642829888611,224.11663786595963,36.328497212321224,24.409726080430378,,,1917,15.585,0,No Defect
0.041168932328482226,100.7025742440361,192.87720270675018,45.83230672398772,23.57097798700856,,,1918,15.59,0,No Defect
0.03939800870216602,98.26988404183962,191.23453851795085,41.67038904945682,24.87237367908473,,,1919,15.595,0,No Defect
0.037069686587790814,98.18430758829564,240.1757639011151,34.34080698185996,23.99210002371984,,,1920,15.6,0,No Defect
0.042033067979194164,99.07178438454314,148.85284306623075,47.4649504047744,25.802946367605497,,Paste viscosity low,1921,15.605,0,No Defect
0.040170587770384174,100.64867870500574,204.93533147718003,36.088501695125466,25.668714665640245,,,1922,15.61,0,No Defect
0.04054252129083033,101.3993626753956,204.07179906668784,36.84564180331744,25.497346568595965,,,1923,15.615,0,No Defect
0.04048331798108253,99.81299249452388,190.32336976647122,42.769558067201764,24.610159096088275,,,1924,15.62,0,No Defect
0.03909336224943397,99.11782817003565,220.70335998379588,43.37587508040083,22.56084221271006,,,1925,15.625,0,No Defect
0.042672849057378996,102.41252587956559,177.0781033454541,41.8505188947763,25.708975566114855,,,1926,15.63,0,No Defect
0.03812417431865837,97.88564907659777,220.22276066413303,40.95417556964572,23.286829589352976,,,1927,15.635,0,No Defect
0.037731571118347317,97.94276141643415,223.44380649984873,37.40762952201097,24.119031130007947,,,1928,15.64,0,No Defect
0.0396096145331196,99.9470112561159,209.59144783302045,38.80051456415628,24.575531768999188,,,1929,15.645,0,No Defect
0.04149806258979434,102.00894550964037,198.7333402368015,42.164745326287736,24.271331420931897,,,1930,15.65,0,No Defect
0.04174013557228802,102.17983435580344,186.33790815977207,37.68929213591844,26.339151380838977,,Ambient temperature high,1931,15.655,0,No Defect
0.039930719593923164,100.04431292637372,202.6918123726763,38.782388652463425,25.003434104673534,,,1932,15.66,0,No Defect
0.04169921064046575,101.41596760061125,183.81671312510989,40.392111386484345,25.70634911396035,,,1933,15.665,0,No Defect
0.040249502704983176,100.4681156125565,198.5031087990852,35.69254499318282,26.165866514373654,,Ambient temperature high,1934,15.67,0,No Defect
0.04197973331969657,100.7810787985862,178.69440540739038,48.13858251127378,23.757250453921298,,,1935,15.675,0,No Defect
0.039469878614524015,97.91279305749202,189.979438905254,43.69702206117213,24.342299315219623,,,1936,15.68,0,No Defect
0.04132270927877838,99.26516533176786,157.3735196530883,41.64082857265791,26.954643364718102,,Ambient temperature high,1937,15.685,0,No Defect
0.04064638170217195,100.1702134361976,203.00319740738954,46.93468266901032,22.604629368420447,,,1938,15.69,0,No Defect
0.038937237926451485,98.886670741064,212.61176268534,41.08508219127486,23.705388261861273,,,1939,15.695,0,No Defect
0.03967197128119689,99.9431152201631,211.2866274500679,40.1167470403996,24.076208391187038,,,1940,15.7,0,No Defect
0.03892126659339081,100.3035528915699,233.88262208314825,36.80570058317433,23.65207885623693,,,1941,15.705,0,No Defect
0.03860395565757387,99.10490513879742,213.63086963386084,33.85415545060272,25.750233971267086,,,1942,15.71,0,No Defect
0.03991176935757094,99.991895700511,199.12377040609252,37.479101457063095,25.589565709571684,,,1943,15.715,0,No Defect
0.03956712766752894,99.62521551417542,206.96878147837506,39.310839742103994,24.570873845935793,,,1944,15.72,0,No Defect
0.03960055824540945,99.42194593070741,196.5467751615569,35.96209165281919,26.187565131008302,,Ambient temperature high,1945,15.725,0,No Defect
0.03829656978334414,99.27253003991046,234.49343334202402,37.62662579555591,23.364139723191528,,,1946,15.73,0,No Defect
0.0398085374913859,100.04442425248315,204.75033561371572,38.66074028437608,24.8935720262149,,,1947,15.735,0,No Defect
0.038914346704875674,97.56491624057242,185.56515661603072,37.884110481538016,26.290003196249266,,Ambient temperature high,1948,15.74,0,No Defect
0.04086804668341337,100.56472113293304,186.37701535743165,37.91191974636715,26.24810239986581,,Ambient temperature high,1949,15.745,0,No Defect
0.03935375975738497,99.31155804613859,201.73468262351506,36.82683244176431,25.607799414596837,,,1950,15.75,0,No Defect
0.041395765597632236,101.9823078186446,197.55491220457907,38.77873626526404,25.31039790803561,,,1951,15.755,0,No Defect
0.038107220827835374,97.06203612792321,203.66166242790825,40.327697530289,24.4554913050854,,,1952,15.76,0,No Defect
0.03959764641162637,100.34246924248441,215.94098534239734,38.50702169290311,24.243838140638175,,,1953,15.765,0,No Defect
0.034769575969318206,94.86555445094449,236.62143274405435,30.14370191226975,25.378528176218353,Paste volume per aperture low,Stencil thickness low,1954,15.77,0,Open Circuit
0.042116759566739104,102.32524793234852,190.18975019756948,42.71520609827716,24.612468957036306,,,1955,15.775,0,No Defect
0.039389699013651344,100.27009142670632,213.83430829036,34.954992287059156,25.40535926544047,,,1956,15.78,0,No Defect
0.040271954105861964,100.27200789761666,208.47706310509514,42.36339227950227,23.58077426872547,,,1957,15.785,0,No Defect
0.04109702673300555,101.2381816134817,197.09054332012624,40.10927129329975,24.941418331085124,,,1958,15.79,0,No Defect
0.0416602314885913,101.4131187981675,188.53303280467904,42.70964092576271,24.709060662699788,,,1959,15.795,0,No Defect
0.0412452131805337,101.55232676936807,208.28651762685877,44.78751232222828,22.888113272807338,,,1960,15.8,0,No Defect
0.038251088456761825,98.21223926592651,219.95776273580736,38.10938244578962,24.098357356578394,,,1961,15.805,0,No Defect
0.039248973705313474,98.3489361167898,198.01741026111307,42.44805159600048,24.178654130386118,,,1962,15.81,0,No Defect
0.040274011084984365,100.18933663827566,199.48149618894809,39.09420800295236,25.078777640716673,,,1963,15.815,0,No Defect
0.04039363574554303,100.58865506163177,198.5447562413121,37.387517271929696,25.633016969076962,,,1964,15.82,0,No Defect
0.03795428254437661,96.06507188857672,189.8237378798045,40.12588030825245,25.346167769155652,,,1965,15.825,0,No Defect
0.03864144838715443,97.62484454823684,197.11205440796599,38.71514570244146,25.31678447435935,,,1966,15.83,0,No Defect
0.041406310606934345,102.22821396900827,208.7361501486345,41.3388725270798,23.86001877918456,,,1967,15.835,0,No Defect
0.038524015755582605,99.65592014480028,226.5877436117069,33.339103646771186,25.076392174676005,,,1968,15.84,0,No Defect
0.03968182540616071,99.7455697577813,207.21547699575302,38.944030200861086,24.635817610444544,,,1969,15.845,0,No Defect
0.03914765118174673,98.78565573400063,207.57766032994977,40.35630357228264,24.195557886770462,,,1970,15.85,0,No Defect
0.04078897475698069,99.7234890137604,180.6358657910991,42.18044976158224,25.32528169424143,,,1971,15.855,0,No Defect
0.040807291981150476,101.07195978901679,202.79150364587818,40.218307865495106,24.54097402459723,,,1972,15.86,0,No Defect
0.039960307121681554,100.07314932012926,205.19343886529396,39.93851068585952,24.46471697908379,,,1973,15.865,0,No Defect
0.04007815354634122,98.63962107843805,181.31642631572612,43.02426024843648,25.026381429440573,,,1974,15.87,0,No Defect
0.03997210231244756,101.65841084823006,219.3820835978699,32.103705143376544,25.881684108571925,,,1975,15.875,0,No Defect
0.040061287775076955,99.60659040333944,190.5913640381751,38.18843025437992,25.86813735224707,,,1976,15.88,0,No Defect
0.038540518754047445,98.18776221489097,207.54846642858803,38.110061307069984,24.837931362956603,,,1977,15.885,0,No Defect
0.04166944106444384,102.37123049079469,198.03453691157495,39.02799509035779,25.17811160334744,,,1978,15.89,0,No Defect
0.038962144733380846,98.30389609842754,200.57702744508416,40.55875297297844,24.54920436097012,,,1979,15.895,0,No Defect
0.04124633900878074,101.400066491414,190.29454272574685,38.04965712765646,25.93221822365562,,,1980,15.9,0,No Defect
0.03832213513863502,98.74274949134704,232.25623593841243,43.19979014998424,21.828684724082706,,,1981,15.905,0,No Defect
0.04029114934067999,101.04159693441842,207.47681158287173,37.49461301223591,25.02873296005244,,,1982,15.91,0,No Defect
0.04038658940296165,101.48428256108689,212.30258578853628,36.43648299131278,25.042882500083596,,,1983,15.915,0,No Defect
0.03862703915460496,98.63467492313562,205.31279798451754,35.017749060847905,25.868177961954117,,,1984,15.92,0,No Defect
0.03930540215500298,98.24984861432175,192.87256177600085,40.949431556847436,24.90459070795459,,,1985,15.925,0,No Defect
0.039059182541995655,97.99104877771632,198.790441127009,41.46928000912345,24.389195894268692,,,1986,15.93,0,No Defect
0.04016502376469621,100.25426080803821,207.02479648096136,40.40022608703651,24.204728683773848,,,1987,15.935,0,No Defect
0.039243323040615945,100.82225521877642,239.60632382665796,41.94685525156513,21.74072079289055,,,1988,15.94,0,No Defect
0.037623593475345087,95.05511487379871,183.41471962017985,40.3570576224179,25.640676983210945,,,1989,15.945,0,No Defect
0.04115719718498257,101.15835334557516,190.11908791215475,37.91814701698062,25.969668979152996,,,1990,15.95,0,No Defect
0.04092950029483333,101.09431576550756,193.37644904094932,38.47391050286065,25.60165759061795,,,1991,15.955,0,No Defect
0.03857229274409966,97.56009761096193,203.45260300737732,41.32254266967546,24.13365448984647,,,1992,15.96,0,No Defect
0.040668243534536,99.9521249279163,188.3305343241019,41.73307837511402,24.95622923363551,,,1993,15.965,0,No Defect
0.03878308613714384,99.25540193237667,222.66382927851225,39.765389641857155,23.40746460120094,,,1994,15.97,0,No Defect
0.03927755874693151,100.72214505807702,223.8091413046644,32.91341895308907,25.34280479626119,,,1995,15.975,0,No Defect
0.0394055429398764,98.66979868328492,200.17652442554356,41.76019225051238,24.20746915745306,,,1996,15.98,0,No Defect
0.03947630924353165,98.87187693862333,190.54463181783632,35.16181605070051,26.72570325513973,,Ambient temperature high,1997,15.985,0,No Defect
0.04191170361861066,101.8685999365416,191.26961408150163,41.91548116339531,24.728985778225,,,1998,15.99,0,No Defect
0.041734987523010456,99.49985847657682,156.56890191359167,44.6789464110345,26.044384326727982,,Ambient temperature high,1999,15.995,0,No Defect
0.03909524400484955,98.55395683847047,199.88728407252802,38.31618559319249,25.22303045218787,,,2000,16.0,0,No Defect
0.038971834293117805,99.73668684459629,217.58901134164114,34.31942987026862,25.303354299156513,,,2001,16.005000000000003,0,No Defect
0.041229379430184676,101.8428826381138,195.98629045742086,36.24263040640341,26.082994857672325,,Ambient temperature high,2002,16.009999999999998,0,No Defect
0.04005539502019828,98.7420980847625,187.24918708007377,42.57450551988696,24.760428627427583,,,2003,16.015,0,No Defect
0.04206000800282742,102.42373943520926,199.02526738983488,44.30287077881907,23.546940398282384,,,2004,16.02,0,No Defect
0.04197050358131739,101.974457710728,187.2180014023522,39.57393886651457,25.652605890500283,,,2005,16.025,0,No Defect
0.04109801451551975,101.80184647024447,206.85685401624428,40.03664868601489,24.302628407294165,,,2006,16.03,0,No Defect
0.03933964287609565,98.79241892855485,199.4008522198386,39.70354889185792,24.83970806379589,,,2007,16.035,0,No Defect
0.04016472314510331,99.7038533625469,194.60292489098592,40.12457026522116,25.017238503989233,,,2008,16.04,0,No Defect
0.04016028181465145,100.36635298156645,205.86788511750504,40.193051556884036,24.304353957095305,,,2009,16.045,0,No Defect
0.037637219459466596,98.02940893541562,223.28284479962727,33.57689390715585,25.148732595421208,,,2010,16.05,0,No Defect
0.040578117048809696,100.10824495813876,184.6735317714186,37.6398920732518,26.350151466338197,,Ambient temperature high,2011,16.055,0,No Defect
0.04018644833435713,100.17707055619239,205.9986053165412,43.40034399765251,23.353963317289097,,,2012,16.060000000000002,0,No Defect
0.03993002740665707,99.40460723784966,198.84786672331867,41.65986868230158,24.30000320477911,,,2013,16.064999999999998,0,No Defect
0.03941206780171429,98.0452298659532,194.03689182110875,44.22993965816433,23.838980231602015,,,2014,16.07,0,No Defect
0.039586094404674164,98.67807837377457,189.15981995722967,38.67004763585068,25.76120348618217,,,2015,16.075,0,No Defect
0.04246514662458711,100.90385379803493,165.00689581502348,47.36621351123888,24.723731346228067,,,2016,16.08,0,No Defect
0.04023425656445871,99.01216373561246,178.61862403470107,39.67800511310897,26.115246358742912,,Ambient temperature high,2017,16.085,0,No Defect
0.03941480435732828,98.0213413540493,177.41851869994156,35.02801113077417,27.541391684801603,,Ambient temperature high,2018,16.09,0,No Defect
0.04213239141605788,102.55017271582983,194.41829010948229,41.39229960601646,24.660341716840982,,,2019,16.095,0,No Defect
0.0418743964157259,101.81860010869836,178.6055093966896,36.2360094790465,27.1323376954213,,Ambient temperature high,2020,16.1,0,No Defect
0.039271570411632636,99.5781410057367,212.59811672574568,37.7668941712516,24.577361424843346,,,2021,16.105,0,No Defect
0.03907128630767547,100.67899150220319,229.01826617463763,33.84221172980442,24.71255068480972,,,2022,16.11,0,No Defect
0.040164576371685426,100.3504218976148,206.81117947455613,39.62543577743549,24.395408797930536,,,2023,16.115000000000002,0,No Defect
0.04333791786870198,102.59244210328963,171.54610891204462,44.81505396307156,25.069057334608953,,,2024,16.119999999999997,0,No Defect
0.039830382757497736,100.04259394406051,194.79523425717758,32.76182132643173,27.12872916341576,,Ambient temperature high,2025,16.125,0,No Defect
0.04043250700929426,99.13345379546712,178.69251371994235,40.29526275449952,25.921656423162407,,,2026,16.130000000000003,0,No Defect
0.03936588653934658,97.90909554960237,180.0096344857581,38.33790633023017,26.39997461039275,,Ambient temperature high,2027,16.134999999999998,0,No Defect
0.03976173344166426,100.2512122879203,209.06014681927624,36.08998841204953,25.27942518686884,,,2028,16.14,0,No Defect
0.041490737190497465,100.05522058886514,172.23457056840024,42.03277287391466,25.817494966027322,,,2029,16.145,0,No Defect
0.04004561110353183,98.92451573468173,185.95394406760093,39.39419025720746,25.73268877259851,,,2030,16.15,0,No Defect
0.0414077422532626,100.04247102995275,171.60231575927077,42.7427212732441,25.6415624975295,,,2031,16.155,0,No Defect
0.038008868199280656,97.57278588675088,214.10593507095362,38.67383209368335,24.19486514626551,,,2032,16.16,0,No Defect
0.04066819117328524,101.9192275531713,216.01917715807693,37.0935519765672,24.56028505509738,,,2033,16.165,0,No Defect
0.04236013543938155,102.99979999471698,197.47894880674332,42.640881440675535,24.087823395344607,,,2034,16.17,0,No Defect
0.03973254327557946,99.38372750141546,203.5671664228355,42.4936661329875,23.732915987463958,,,2035,16.175,0,No Defect
0.038107285955769975,98.06017878395696,220.81099162955007,39.713472887710935,23.474008731108338,,,2036,16.18,0,No Defect
0.04388589279329601,102.33364092820531,148.26825860823587,44.549326736506025,26.557221561843235,,Paste viscosity low; Ambient temperature high,2037,16.185000000000002,0,No Defect
0.03888495478255924,98.34544140548623,209.92974548416603,41.746033016033266,23.552637633319794,,,2038,16.189999999999998,0,No Defect
0.04075425752926462,100.75170507903164,202.8520610238046,43.85371196193626,23.38267233129209,,,2039,16.195,0,No Defect
0.04038901839676495,100.32716193768005,202.26414590677177,41.19011715863157,24.194095179736134,,,2040,16.2,0,No Defect
0.041595672763369326,102.83513771604512,201.28783404142783,35.337151276428344,25.970682829759596,,,2041,16.205,0,No Defect
0.03958532721628956,99.7102902333883,211.73416136811386,40.18886596346955,23.896543777509887,,,2042,16.21,0,No Defect
0.03871313551102636,99.33170292538392,208.87448472425962,31.573893488278422,26.575822306136043,,Ambient temperature high,2043,16.215,0,No Defect
0.041755088355045586,101.27579289038948,174.309640587475,37.985620838919694,26.848519866713424,,Ambient temperature high,2044,16.22,0,No Defect
0.041233093729090314,100.28859784914502,182.14301352363807,42.388639638089096,25.07900213495893,,,2045,16.225,0,No Defect
0.04127398710503246,99.79331839648701,169.9755041616826,40.704953765228666,26.31664931697814,,Ambient temperature high,2046,16.23,0,No Defect
0.04019523984839968,101.07440925158224,213.33538968479195,36.14273967044745,24.979542977318665,,,2047,16.235,0,No Defect
0.04224784172885702,101.3164225247451,172.0241592198944,43.13723733048068,25.48300213349885,,,2048,16.240000000000002,0,No Defect
0.0393068139829309,97.6888889068086,190.23022729612273,44.024452480790295,24.081942369997172,,,2049,16.244999999999997,0,No Defect
0.03925574305874811,99.96504309162961,221.5486997557947,37.73779575992683,23.997027749956253,,,2050,16.25,0,No Defect
0.03819753133173029,98.59755907302262,221.64330728326496,35.646749787147485,24.59107641919769,,,2051,16.255000000000003,0,No Defect
0.04005374932329036,100.66124123693612,214.4734904881392,39.523332869466,23.912152026470583,,,2052,16.259999999999998,0,No Defect
0.04053437324781765,99.81837215294567,189.6114274764493,41.009938787362515,25.005478565239997,,,2053,16.265,0,No Defect
0.03951058439203095,98.8301807957958,207.73437410334896,45.611926374083836,22.53905453339167,,,2054,16.27,0,No Defect
0.0407613357391522,100.58852143890735,197.6961274600531,41.642471696816166,24.323346914464736,,,2055,16.275,0,No Defect
0.040460876208492896,100.10662950683515,200.6061425903195,43.248372021644016,23.672076707650994,,,2056,16.28,0,No Defect
0.04041874139834224,100.03197158388289,195.6151890365662,40.13759660679088,24.885863528924098,,,2057,16.285,0,No Defect
0.038668431008887984,96.98217764308818,187.1059816101564,39.06359915615774,25.70506462993002,,,2058,16.29,0,No Defect
0.039638232721726105,96.98632338998287,178.36698750803248,48.83588922222598,23.392623816539565,,,2059,16.295,0,No Defect
0.04254359178360434,101.26874338059436,176.50476168311002,48.2212334771077,23.711662882902278,,,2060,16.3,0,No Defect
0.038301369332766996,98.01976428795585,214.86038500386346,38.82898137616799,24.063847493110835,,,2061,16.305,0,No Defect
0.04013203332723865,99.31131197033055,189.26778543535318,40.60369900954196,25.126910200830952,,,2062,16.310000000000002,0,No Defect
0.041220667292331134,102.14469542910275,199.39761838796144,36.14530275412217,25.81358636050303,,,2063,16.314999999999998,0,No Defect
0.04033604080253384,100.63540538522028,210.45341303354516,41.33728833136026,23.61398687234816,,,2064,16.32,0,No Defect
0.03824754732819137,98.08597685578522,217.47005923585786,39.39388458774989,23.731292304664787,,,2065,16.325,0,No Defect
0.03896682039782334,98.13233987496614,209.57694959395144,44.12540234760218,22.83977262825559,,,2066,16.33,0,No Defect
0.03991064376145908,98.78556254660809,197.25515383367542,44.77365302093092,23.41301400095131,,,2067,16.335,0,No Defect
0.039398948952996886,97.0923367875263,174.43193762562964,40.87775005109505,25.945232742087686,,,2068,16.34,0,No Defect
0.03910201871424416,99.6857387676817,225.38654449398666,41.19062444457738,22.721625886758975,,,2069,16.345,0,No Defect
0.040188172702248316,98.35626651886174,177.3522430669309,42.11127009381357,25.409156856425593,,,2070,16.35,0,No Defect
0.043430701881111256,103.62257950424228,171.4105836877955,37.92272402627348,27.0196486615176,,Ambient temperature high,2071,16.355,0,No Defect
0.040116488972830155,99.0772517127989,190.41057575134647,40.99894701377363,24.930000771927812,,,2072,16.36,0,No Defect
0.04086115523325495,99.53561876156236,182.32157088869144,42.94644815365308,24.862332463367924,,,2073,16.365000000000002,0,No Defect
0.03896753014771876,98.43417241876853,206.3448871954312,39.536944842497846,24.3659970643387,,,2074,16.369999999999997,0,No Defect
0.040767224007010196,101.4171692312963,210.91638079940307,40.63655150726871,23.776779170346288,,,2075,16.375,0,No Defect
0.04313247834600892,103.76980214822662,184.7974581365818,39.59069743699204,25.70089776695112,,,2076,16.380000000000003,0,No Defect
0.03981953513566259,98.27643250220252,182.8132100079855,42.91021168437636,24.82260725547505,,,2077,16.384999999999998,0,No Defect
0.03667809768059072,97.58284500145302,246.68511843295764,36.09759243948899,22.870920064607922,,,2078,16.39,0,No Defect
0.038854012340440613,98.06896225743569,209.39462451680498,42.85243064766803,23.20210760219345,,,2079,16.395,0,No Defect
0.039915586713130946,99.52103594155186,205.2423645478995,42.83434325178963,23.468483561506357,,,2080,16.4,0,No Defect
0.04139355660431995,101.1969457795932,187.5543073773085,40.63689483236341,25.20297853576373,,,2081,16.405,0,No Defect
0.04000390170442876,99.86396628460118,197.311004326337,36.70849882030787,25.74161484601607,,,2082,16.41,0,No Defect
0.03974042076202236,100.6947524761673,220.1722315813296,38.49247093220906,23.8125795568956,,,2083,16.415,0,No Defect
0.041408534650801805,101.48581952252407,194.78761845103023,40.807005780767426,24.707264576277183,,,2084,16.42,0,No Defect
0.04067595961504372,100.31452881672628,191.97563659457484,40.68118388189812,24.907043414375426,,,2085,16.425,0,No Defect
0.03943661213986959,100.14320379893921,219.62739655249672,38.03945090313133,23.972776285821432,,,2086,16.43,0,No Defect
0.040239244373725384,98.39864627368142,176.05991786251624,43.90802660102249,24.93382070116197,,,2087,16.435000000000002,0,No Defect
0.039575553445247005,98.70982429120697,195.48205606733418,39.8594524579419,24.921425734623778,,,2088,16.439999999999998,0,No Defect
0.04026311257062382,100.7120713258643,203.48893432377318,36.04406519013007,25.547492181623497,,,2089,16.445,0,No Defect
0.04060759392085242,99.48772666463664,189.02601884997694,45.42174396696412,23.69574775412784,,,2090,16.45,0,No Defect
0.0393454330968895,98.48648561178955,210.20882900988985,45.98914893812535,22.222170352789014,,,2091,16.455,0,No Defect
0.038310977462714925,96.99342921757906,196.15326363987762,37.71040788762947,25.491654114270574,,,2092,16.46,0,No Defect
0.039054861741249274,97.90644348822158,201.55499100846393,44.33765943370005,23.22655396442343,,,2093,16.465,0,No Defect
0.04069873968833487,100.46132680798625,193.62226546169597,38.58394326546348,25.408020397649278,,,2094,16.47,0,No Defect
0.03843499280681961,97.11012535877904,203.85543027955077,44.5928542067216,23.001646990220834,,,2095,16.475,0,No Defect
0.04147543333342738,100.89693608783857,179.20618606319434,39.59987788804793,25.995895045312086,,,2096,16.48,0,No Defect
0.040095568249646316,99.52006566669732,200.55398897972358,41.90249744348837,24.004717516915182,,,2097,16.485,0,No Defect
0.038655714827605644,98.40729678156926,206.16255623139813,35.207715315919074,25.601234029458986,,,2098,16.490000000000002,0,No Defect
0.03965248521400307,97.82941356278229,182.9530001227548,43.86710370733711,24.50007102172832,,,2099,16.494999999999997,0,No Defect
0.04205531374607693,103.05337976908658,206.159638047355,41.530461052869974,23.778458361093875,,,2100,16.5,0,No Defect
0.04101850816533825,100.28927441648561,178.11394589243906,38.01266547615927,26.51479798419471,,Ambient temperature high,2101,16.505000000000003,0,No Defect
0.03871700839332744,98.37976807851163,209.2485998348029,37.06769157685934,24.864472964413658,,,2102,16.509999999999998,0,No Defect
0.041288323418059505,99.81988100780644,181.04348158649702,45.16150559260535,24.25110004643928,,,2103,16.515,0,No Defect
0.03945159435537415,99.25755646126625,197.16531902686233,34.6878560643919,26.300466083395136,,Ambient temperature high,2104,16.52,0,No Defect
0.03988510495846767,98.98078618993428,188.7892073115128,39.82429167841313,25.314640043432416,,,2105,16.525,0,No Defect
0.042054555307592195,101.18503976877192,175.30890527856752,43.0606270216589,25.213066390532525,,,2106,16.53,0,No Defect
0.03838187652657909,99.13767298866544,221.5074505376037,31.690242161230458,25.672238082389235,,,2107,16.535,0,No Defect
0.03814137853044912,97.98235934232208,216.8581935534611,35.17234044362739,24.939260684938155,,,2108,16.54,0,No Defect
0.04059794801277202,100.60729424643904,204.53771452148078,41.699802498843766,23.803254045722678,,,2109,16.545,0,No Defect
0.03908079668278475,97.32389292181824,181.76390911049947,37.424640663615996,26.43614489648967,,Ambient temperature high,2110,16.55,0,No Defect
0.03798035356673622,97.90836770106688,217.70541435193607,36.50754090746207,24.486541831808683,,,2111,16.555,0,No Defect
0.03941536791502979,99.67960406930023,212.85456481094096,38.09720248636094,24.329978227357298,,,2112,16.560000000000002,0,No Defect
0.038078006317661214,99.0196775461366,235.0358648877385,36.40663532753742,23.45125497080255,,,2113,16.564999999999998,0,No Defect
0.037535590729376796,96.66449581748057,205.86361617656277,35.87043321186016,25.38945150097587,,,2114,16.57,0,No Defect
0.04057748009600069,100.03976814875325,190.85215451839326,40.25782626899267,25.052223446660708,,,2115,16.575,0,No Defect
0.03854833227653802,100.99996267105139,246.49623698656285,29.747223324445315,24.69414543389029,,Ambient RH low,2116,16.58,0,No Defect
0.038310117780139145,98.78444129729833,225.44704285831557,37.60104143277615,23.684474708525936,,,2117,16.585,0,No Defect
0.0396274933327927,98.90253531381144,197.42206285343966,40.885778847837216,24.45266819961055,,,2118,16.59,0,No Defect
0.0406668881282633,100.81154390139527,205.88798717591374,42.062045466509275,23.597718889339077,,,2119,16.595,0,No Defect
0.04158524381319722,100.56325946225309,174.99406337281877,40.01982970036906,26.097011372874135,,Ambient temperature high,2120,16.6,0,No Defect
0.037528093759192034,97.63450485395092,224.4043494282042,37.12123504397424,23.87432902528043,,,2121,16.605,0,No Defect
0.0397288800791082,100.49390216536185,223.74222461935068,40.064209385048215,23.075104263933888,,,2122,16.61,0,No Defect
0.04039260044798642,100.40737950374275,200.83756235629494,40.26427354614836,24.421652105105043,,,2123,16.615000000000002,0,No Defect
0.039438433214651805,99.52689296770262,212.45416797775482,40.77951025641706,23.54936402206084,,,2124,16.619999999999997,0,No Defect
0.03961923728254131,100.55907374776753,217.05482122772327,36.22671864472784,24.596644007533655,,,2125,16.625,0,No Defect
0.04162009801264101,101.36337311764561,187.6169517017283,39.44161885394429,25.48253495216073,,,2126,16.630000000000003,0,No Defect
0.03851288532163367,97.35689365466398,194.89771685451933,36.73843773653957,25.79661187523361,,,2127,16.634999999999998,0,No Defect
0.04036485829815139,99.3999111107659,194.18906788919122,43.858926479487515,23.77434185689708,,,2128,16.64,0,No Defect
0.040301755159244446,101.90140899822609,225.81995995809902,36.92504126441593,23.85632504599064,,,2129,16.645,0,No Defect
0.03970741907948673,99.57664882079695,203.55099863020905,36.805634638602555,25.252954356068216,,,2130,16.65,0,No Defect
0.04193959117666264,103.00676280264317,200.5156286048011,37.91453870962779,25.12737824050082,,,2131,16.655,0,No Defect
0.04187262113931223,101.74934914817634,193.65039464740863,42.23190733433732,24.290346918068618,,,2132,16.66,0,No Defect
0.03998976682527699,100.47325639381695,215.9070857765343,40.48454626201911,23.41536947598896,,,2133,16.665,0,No Defect
0.04103970563591002,100.60917625293884,187.2044216496011,38.42787622147101,25.78461579825222,,,2134,16.67,0,No Defect
0.0393195393197005,100.05219275361266,220.87353218439884,37.00645405361801,24.118330028074922,,,2135,16.675,0,No Defect
0.038889912949234,98.61379014336949,208.8270428500943,38.87164929347952,24.30528159521958,,,2136,16.68,0,No Defect
0.038866282267163904,96.85454623092687,185.21719538022825,42.456145193359305,24.704433178780185,,,2137,16.685000000000002,0,No Defect
0.039319015559077714,99.81756484767199,221.96972121780803,39.91260016710092,23.196949845981482,,,2138,16.689999999999998,0,No Defect
0.03856390767152439,99.56829096631517,239.61911521962531,41.12172852796406,21.75268569823637,,,2139,16.695,0,No Defect
0.039255613707985436,99.4931345206731,211.908013183343,38.15455002420358,24.320877707670704,,,2140,16.7,0,No Defect
0.03905793233753522,98.71362343772135,203.32879939129683,36.66232829954545,25.281981839737682,,,2141,16.705,0,No Defect
0.041566515897435694,103.30524281584675,209.97015716560526,32.545231701136835,26.09783698084194,,Ambient temperature high,2142,16.71,0,No Defect
0.037975230101405064,97.64328406682276,219.4656894167923,40.7393957838505,23.087111576145876,,,2143,16.715,0,No Defect
0.039742432269810266,97.3830256160406,175.35422594211838,43.72064162535091,24.937413976784466,,,2144,16.72,0,No Defect
0.03905524858403704,98.2393466567125,194.2765896883666,34.312640697851855,26.51998666326446,,Ambient temperature high,2145,16.725,0,No Defect
0.037906009242305104,97.86176193374396,217.92114374762195,35.32453082479663,24.760361969936113,,,2146,16.73,0,No Defect
0.03568945369305736,96.81733326258812,248.212917254045,29.56114642576141,24.565078325593575,Paste volume per aperture low,Ambient RH low,2147,16.735,0,Open Circuit
0.041296045150512946,101.05512316044633,188.2359561235049,38.900861323404726,25.560543546150342,,,2148,16.740000000000002,0,No Defect
0.039902697061611814,99.33594494390574,193.83046061899307,36.356267050503845,25.950012816214848,,,2149,16.744999999999997,0,No Defect
0.04043402637260934,101.1481505964436,200.93827271213883,32.12166032916933,26.7512294028936,,Ambient temperature high,2150,16.75,0,No Defect
0.03999535837424625,99.4632929246922,197.50122433322497,40.37021062783409,24.546378959439405,,,2151,16.755000000000003,0,No Defect
0.041245654582420285,101.2909467560969,194.92802188069908,41.25538394286935,24.45193232227359,,,2152,16.759999999999998,0,No Defect
0.04124399295607426,97.83423313508055,157.3020623618596,51.66919674355823,23.7197081704063,,Ambient RH high,2153,16.765,0,No Defect
0.04165012852399509,102.83883629702811,212.99828708673303,41.99103094279274,23.129097876657873,,,2154,16.77,0,No Defect
0.04028877040457665,98.32455275865578,175.1329026973155,43.052996786350604,25.13068079407708,,,2155,16.775,0,No Defect
0.03833774035149928,96.31438568167795,187.0314357956439,40.376906908068186,25.163950226105147,,,2156,16.78,0,No Defect
0.041222220315448324,101.88686552177927,204.66125773192329,37.5152219490921,24.943817195488172,,,2157,16.785,0,No Defect
0.03965494403647764,98.76377963729615,196.1539496174291,41.11867425039057,24.39560248168662,,,2158,16.79,0,No Defect
0.03962913401777612,97.32943972486181,174.81135640686472,42.25008197954393,25.373146726506025,,,2159,16.795,0,No Defect
0.0392428422414709,99.36002680995998,214.01453752010653,38.85950363827825,23.953496956795746,,,2160,16.8,0,No Defect
0.03911878455684549,98.14664189642116,198.835629965317,39.53796273274168,24.684935048006356,,,2161,16.805,0,No Defect
0.03904897564553366,98.87782437750957,209.76909437555668,38.46172209328765,24.324630882398207,,,2162,16.810000000000002,0,No Defect
0.03954783411930379,99.24512288099685,205.66881031211656,39.769924855192755,24.196886363331004,,,2163,16.814999999999998,0,No Defect
0.038678876744990515,98.21518491225957,201.6765613423643,35.367776234563564,25.717312693559258,,,2164,16.82,0,No Defect
0.03962888013539122,98.85578770151783,199.1081649704946,40.4613513356708,24.39556881692907,,,2165,16.825,0,No Defect
0.04191467919452281,101.79674558600325,186.72134659826935,40.05256800237774,25.29055962383722,,,2166,16.83,0,No Defect
0.039686413432726705,98.59389925719302,189.8232038150158,38.92578720359887,25.41018689380302,,,2167,16.835,0,No Defect
0.03829362114331534,96.7654506588995,193.79273960782803,38.933427208925764,25.14954393649462,,,2168,16.84,0,No Defect
0.03972375499506277,100.58975124369636,225.3613182725788,39.927244797250616,22.934448302079826,,,2169,16.845,0,No Defect
0.03884730348882105,99.13497587238336,217.0980633829182,36.53398995161741,24.423138506610186,,,2170,16.85,0,No Defect
0.038973668819330516,98.88735539797457,205.8586116844793,36.103224499763996,25.234976301672347,,,2171,16.855,0,No Defect
0.03980046415754093,98.05482228285084,183.39493787516727,42.07434809807567,24.87705966062857,,,2172,16.86,0,No Defect
0.04196248753170569,101.73060391006334,183.81245285446568,39.358474540273406,25.660353217644115,,,2173,16.865000000000002,0,No Defect
0.041731775484894644,101.60326043223337,193.97645534963965,43.51626883366124,23.817328428548684,,,2174,16.869999999999997,0,No Defect
0.03740026957085778,97.65791504344604,233.30669051320632,36.84521769761954,23.319401429826314,,,2175,16.875,0,No Defect
0.03886550218033506,97.72476025054954,196.4541545650305,39.27774106896288,24.876744324765166,,,2176,16.880000000000003,0,No Defect
0.041441909503845964,100.19009972382344,173.79623630100642,42.49996677630723,25.34275163228662,,,2177,16.884999999999998,0,No Defect
0.04011049822364034,100.17012581476561,205.41598176060654,39.60260470167759,24.238096096889336,,,2178,16.89,0,No Defect
0.04035844475282111,98.43192187066958,173.64125353277572,41.162893411343106,25.73388327137131,,,2179,16.895,0,No Defect
0.03876451741748034,97.81517567144631,194.97142195929698,36.68118994709817,25.71704616692129,,,2180,16.9,0,No Defect
0.037726147696086544,96.47473243769522,207.50097524207462,39.38821273387219,24.150281196952623,,,2181,16.905,0,No Defect
0.039900532504255536,99.82642324308155,198.60069458631963,36.40592820053453,25.58025118925801,,,2182,16.91,0,No Defect
0.039976093496344144,99.52171373951076,197.21044961281058,37.8975342730187,25.231767583610196,,,2183,16.915,0,No Defect
0.04216733789543147,100.38409280940418,173.23492304083885,48.74807772895176,23.549427918643264,,,2184,16.92,0,No Defect
0.03855089792533966,97.35877013034924,198.1577245848789,37.79033555742993,25.189995979337674,,,2185,16.925,0,No Defect
0.03945725434305253,100.88738783031279,223.5816658036174,33.17082141929473,24.982380850119466,,,2186,16.93,0,No Defect
0.03857275393660009,98.83757793818097,218.17704711985655,33.878644334001294,25.103059823437647,,,2187,16.935000000000002,0,No Defect
0.03851058686867828,97.03880505124846,200.35843142357282,41.667001604548204,23.9164239603422,,,2188,16.939999999999998,0,No Defect
0.041613726652119085,100.54286093883256,182.84675818948458,44.20290453983992,24.273967035921235,,,2189,16.945,0,No Defect
0.03907595891897214,99.67705415019385,224.82832648831356,39.1892421025148,23.138487705212437,,,2190,16.95,0,No Defect
0.03979811517712692,97.21638064205953,173.5047376961765,44.83631282994071,24.64192636802918,,,2191,16.955,0,No Defect
0.036035169525984345,94.34232965130356,209.3335058846797,36.61083308807017,24.81356957047848,,Stencil thickness low,2192,16.96,0,No Defect
0.0397730107701904,99.97977018378808,205.44168793987836,36.691205521649465,25.05624250017025,,,2193,16.965,0,No Defect
0.040503459927812895,99.89117444833612,202.39269800036263,45.58439618251128,22.651626264598818,,,2194,16.97,0,No Defect
0.04033110923004442,100.65296566633403,204.87885592297874,38.52766483257028,24.554638604814794,,,2195,16.975,0,No Defect
0.036876362889375895,96.74544116905028,225.73180381758834,35.48716351123935,24.134709386381495,,,2196,16.98,0,No Defect
0.04026024377823922,101.49343607522707,219.6759295470636,37.178475918074184,24.037476837527645,,,2197,16.985,0,No Defect
0.039870191550498583,100.21552809232415,208.68591461410165,36.57280550811172,24.885256507256663,,,2198,16.990000000000002,0,No Defect
0.04032191310485629,100.21228840504445,207.5349349828491,43.15672826935985,23.03364333644545,,,2199,16.994999999999997,0,No Defect
0.03842892643438114,98.42667717677554,222.96895901650646,40.64740458393352,22.802560931164813,,,2200,17.0,0,No Defect
0.039717450534179445,98.81371412466355,192.35001427106718,38.852398361839064,25.214383851236235,,,2201,17.005000000000003,0,No Defect
0.040275599522121515,99.70817406491753,195.53955235907264,39.54631812646899,24.820108588299444,,,2202,17.009999999999998,0,No Defect
0.040102034949486755,99.48850166647176,193.3395215083884,37.522499675429195,25.543534787086838,,,2203,17.015,0,No Defect
0.04073959704294889,98.674491691534,176.08977859918616,46.60738932303188,23.94891344656145,,,2204,17.02,0,No Defect
0.042131041478845936,101.90613906381908,180.1241613434758,39.01511051261018,25.927825750591055,,,2205,17.025,0,No Defect
0.03919551852614176,99.32777224612015,205.94011039916347,35.03732404692587,25.47907783857437,,,2206,17.03,0,No Defect
0.038686598625519285,98.13025353385339,210.4350688546112,39.90769940975659,23.777332290894105,,,2207,17.035,0,No Defect
0.039325142407578464,97.74773590012708,188.73699004055766,41.93205068021318,24.518862318551303,,,2208,17.04,0,No Defect
0.04114600772028548,102.15689126363348,208.21340722163382,36.89547840034071,24.80935589396671,,,2209,17.045,0,No Defect
0.04192599633029799,99.80592871840648,164.69198616313267,46.31870730389943,24.732173502771158,,,2210,17.05,0,No Defect
0.03900658918064421,97.71991033404818,192.97263032472097,38.46370614321923,25.26625011184901,,,2211,17.055,0,No Defect
0.03842489735754061,97.35456053559723,195.03680188948317,36.2620778494435,25.772910145738063,,,2212,17.060000000000002,0,No Defect
0.0395638556437779,98.81694653507108,201.4151412596401,42.48429914592888,23.57186781931386,,,2213,17.064999999999998,0,No Defect
0.03906984501726335,97.00046689052067,179.89637391333375,39.63835469237532,25.71910057519122,,,2214,17.07,0,No Defect
0.04025998462910567,99.25568772960253,185.56593226752216,37.86602140719512,25.89855747196594,,,2215,17.075,0,No Defect
0.04118544324598016,102.46459140402501,216.96343934782297,38.77700683213133,23.711067309307854,,,2216,17.08,0,No Defect
0.039955904635459415,99.72394608765677,203.11298290591833,36.7387718705307,25.14834152324752,,,2217,17.085,0,No Defect
0.04065474165647359,100.53056568266823,199.21408445074266,40.08805723660578,24.407935065984873,,,2218,17.09,0,No Defect
0.04082219336484072,99.05906394092818,177.0155954846792,44.41982016751262,24.50378541041409,,,2219,17.095,0,No Defect
0.04049454305769688,99.04648791619826,178.30963447122988,40.485941981576794,25.568746906442883,,,2220,17.1,0,No Defect
0.03749991287228015,97.56623655870665,223.37380798268208,34.76515145097158,24.449585928839042,,,2221,17.105,0,No Defect
0.03886438940641571,99.3735667187154,221.78344164591223,36.56735932654301,24.030416224654147,,,2222,17.11,0,No Defect
0.040652351906912645,100.63391378021956,200.66399349205952,40.683065726951256,24.134134190589204,,,2223,17.115000000000002,0,No Defect
0.04055122140936108,100.1457102394688,199.6797264021551,42.3068570850421,23.71922433339896,,,2224,17.119999999999997,0,No Defect
0.041199542917636715,99.7192867829041,172.05058298865725,40.19386305393577,26.035688573581538,,Ambient temperature high,2225,17.125,0,No Defect
0.037898030815929476,97.83186596590261,222.9289922408002,38.77773895184189,23.296834766178982,,,2226,17.130000000000003,0,No Defect
0.038208863393824025,96.78666755069487,194.99189388519235,36.67575322872441,25.627509774250235,,,2227,17.134999999999998,0,No Defect
0.038445912458172506,99.4540827206426,225.33789265995645,33.55451445364728,24.673904194157245,,,2228,17.14,0,No Defect
0.04119786430280227,100.0382881737147,183.1984654014203,42.322384810299646,24.724013623598477,,,2229,17.145,0,No Defect
0.03990134311787983,99.02587011381863,189.43240346808184,35.62063931965185,26.287722284394178,,Ambient temperature high,2230,17.15,0,No Defect
0.04148388895835698,100.61331048984867,182.54614949460887,42.64870304111305,24.663728663429936,,,2231,17.155,0,No Defect
0.041766861040031175,100.325337295322,164.33363582060696,41.54549560561447,26.10005238360998,,Ambient temperature high,2232,17.16,0,No Defect
0.04025129822460761,98.51101560726411,185.49841350110515,44.89400630149114,23.814955874749753,,,2233,17.165,0,No Defect
0.04119273881483733,101.05691457643562,189.89571112952314,37.64433791886379,25.66733011973923,,,2234,17.17,0,No Defect
0.04068040875855922,100.47137649245109,202.8096336815909,42.065059035814514,23.578948382540595,,,2235,17.175,0,No Defect
0.03549874849315758,94.57857994204703,231.55464984155168,37.27572296585721,23.17060917073254,Paste volume per aperture low,Stencil thickness low,2236,17.18,0,Open Circuit
0.038611248165319176,99.1427834388472,226.6369590667282,38.49919847797473,23.135829385690702,,,2237,17.185000000000002,0,No Defect
0.03978604382312227,99.03189994023158,196.50772179651784,39.10475597923333,24.81705792249925,,,2238,17.189999999999998,0,No Defect
0.04113298037016461,98.7436223005761,174.01009577558594,49.55006931917339,23.154878270651004,,,2239,17.195,0,No Defect
0.04120924097663792,99.28014368812683,168.11392345396106,42.55373694951512,25.55842561091414,,,2240,17.2,0,No Defect
0.0399379979554181,99.91139473534601,203.75859334535798,38.13216938394285,24.649612769672483,,,2241,17.205,0,No Defect
0.041327510299125916,100.76755841233589,192.0619203747882,43.71945809924448,23.745125581276426,,,2242,17.21,0,No Defect
0.04148276239204351,102.10838772926758,203.10865482075664,39.77432634437647,24.21829961624023,,,2243,17.215,0,No Defect
0.03876910571740964,98.01996841690536,205.30176770718592,37.47147969971419,24.736499123604442,,,2244,17.22,0,No Defect
0.036309839776008504,98.54670604659678,271.64717180357206,33.78703261982863,21.718606577310872,,Paste viscosity high,2245,17.225,0,No Defect
0.04040400552380594,99.33239655481974,189.90170941830007,41.91878131522844,24.389328167514847,,,2246,17.23,0,No Defect
0.04024197385431806,98.44462971921446,180.62075057821022,43.08680949649677,24.61382367868238,,,2247,17.235,0,No Defect
0.03971219500882713,100.36688708905533,215.86841092298275,36.83862456793396,24.269415284003724,,,2248,17.240000000000002,0,No Defect
0.03989415387426265,99.6238363072787,203.24026079630246,40.36457250243554,24.01243052131142,,,2249,17.244999999999997,0,No Defect
0.04171132168833719,101.12108022524775,181.60563093438265,40.746287172637615,25.241496178157266,,,2250,17.25,0,No Defect
0.0408274226508039,97.60914328614675,156.91426811160022,45.871243247263266,25.253023208228274,,,2251,17.255000000000003,0,No Defect
0.03926226676393174,98.20055424210213,197.60078905400923,38.9503197919739,24.764869575828474,,,2252,17.259999999999998,0,No Defect
0.041821813732717567,101.61327465620666,193.85133947609984,44.33650695761651,23.436688298804544,,,2253,17.265,0,No Defect
0.042493783839526476,101.50339936353664,171.01689033244173,42.81327866918645,25.285780672541243,,,2254,17.27,0,No Defect
0.04103434388814407,102.433407442777,217.7501529174661,37.8579955331805,23.85285102701601,,,2255,17.275,0,No Defect
0.042847398073528636,102.01763376478164,172.4808977230673,42.80518122686898,25.199251405649864,,,2256,17.28,0,No Defect
0.03902731367927375,98.0107181142666,193.8210386148382,36.083656627204654,25.820629377290068,,,2257,17.285,0,No Defect
0.0409809779968296,101.41311310565041,210.65596606680054,43.65567478247474,22.58677158895724,,,2258,17.29,0,No Defect
0.03835998118792941,97.06145184925794,199.31905458634284,38.39556811846133,24.798417340136254,,,2259,17.295,0,No Defect
0.04029244302870808,99.83170150524472,194.84922882320996,36.61233069602823,25.609894607570624,,,2260,17.3,0,No Defect
0.03926760379701685,98.52370631648853,196.8571180660467,36.62025631601522,25.471219752925297,,,2261,17.305,0,No Defect
0.0398322229967246,98.26061199638903,182.76340788581308,38.77286345753228,25.711307737762624,,,2262,17.310000000000002,0,No Defect
0.03884461326061259,99.25342183625649,222.89497959096238,37.80575440449089,23.520052090883677,,,2263,17.314999999999998,0,No Defect
0.0405074144455981,100.6983854140825,206.16735411004043,40.99682917295691,23.622842887815448,,,2264,17.32,0,No Defect
0.04121827270008985,100.85051064403255,195.79186098378275,41.92641770546673,23.995876986555466,,,2265,17.325,0,No Defect
0.040465867685181976,100.30604654136815,203.49913509912844,42.01769612200739,23.485086842957337,,,2266,17.33,0,No Defect
0.03870059155241052,98.42784187671981,209.49481191943116,39.505755770775096,23.830355323931467,,,2267,17.335,0,No Defect
0.03989554774416024,98.87586502984755,191.55832515398308,39.81633159927579,24.853384068582518,,,2268,17.34,0,No Defect
0.03939100295024425,98.61297074606692,207.2690350361145,44.21438796828694,22.59755758739863,,,2269,17.345,0,No Defect
0.03821146322182947,98.24501117011471,228.13595768086594,41.77881295053725,22.017222432740457,,,2270,17.35,0,No Defect
0.04189676594173447,101.44251971460605,189.3569978615381,42.835106633009154,24.118473089574582,,,2271,17.355,0,No Defect
0.04177290113532107,100.6745133714119,174.5702220681415,41.234447735117506,25.488213938629396,,,2272,17.36,0,No Defect
0.04086562248162925,99.90282094568761,195.46242618658036,44.639639104797176,23.206109733244137,,,2273,17.365000000000002,0,No Defect
0.038980092411033125,96.6734830588835,184.57906368430466,42.7052768163844,24.419312458383203,,,2274,17.369999999999997,0,No Defect
0.03775792536841896,97.23945649009553,221.44363236631563,40.30045285888218,22.84691019049834,,,2275,17.375,0,No Defect
0.04063853143313417,100.09911302463422,188.047707348461,36.17796447497828,26.12311478647582,,Ambient temperature high,2276,17.380000000000003,0,No Defect
0.03978577280345869,100.1243922570071,216.69090919132915,40.38676517097059,23.125320249763387,,,2277,17.384999999999998,0,No Defect
0.03815893437045912,98.05799524385658,221.96007383022973,36.17928090615303,24.020641225159526,,,2278,17.39,0,No Defect
0.03907849602535143,98.68231572829136,204.76363726615958,36.85611933011224,24.878879564756957,,,2279,17.395,0,No Defect
0.039787778103456475,98.55509202456388,188.90855025186684,38.71481770960893,25.31430840315422,,,2280,17.4,0,No Defect
0.040761551274971844,99.47324265535234,191.0281182608822,45.57758891303264,23.185493295379548,,,2281,17.405,0,No Defect
0.03914373924502557,96.59833671058406,181.00537380438192,44.17618641806377,24.193315848055843,,,2282,17.41,0,No Defect
0.03914359882392119,98.59038105622403,203.58762857174574,37.661403566565646,24.708803932778928,,,2283,17.415,0,No Defect
0.04024564913379309,100.33592139875165,205.2841737641858,38.23129202308173,24.44523037350949,,,2284,17.42,0,No Defect
0.039506565300211204,95.66272302489666,156.09021701049352,44.533399856647605,25.61456199921371,,,2285,17.425,0,No Defect
0.03964172467444155,99.46779131709324,197.09663191441285,33.84486687810117,26.218331563985664,,Ambient temperature high,2286,17.43,0,No Defect
0.03838875705199786,97.67913995752625,215.68237439177904,41.851485787175854,22.728521841288774,,,2287,17.435000000000002,0,No Defect
0.039973956707157775,98.73596753867942,187.98813394515494,40.506711619464944,24.830149837480086,,,2288,17.439999999999998,0,No Defect
0.04079082295459615,99.87684038193999,192.6806578153259,44.419057887030505,23.40387153113934,,,2289,17.445,0,No Defect
0.03922447639082451,97.84278673433741,185.73716742084142,35.69974708232085,26.36385422561214,,Ambient temperature high,2290,17.45,0,No Defect
0.04081276641943223,102.20393552679995,223.66886235086577,38.37815365816007,23.265649139266554,,,2291,17.455,0,No Defect
0.040784665138745506,100.69418711262209,197.2488986248814,37.31161093535956,25.19650621006134,,,2292,17.46,0,No Defect
0.0398117803919067,98.95697192019277,197.5594143270313,40.47001962968486,24.24344258435027,,,2293,17.465,0,No Defect
0.04171611247698314,101.06089621676337,179.85265001997743,39.3291816445339,25.675461443977188,,,2294,17.47,0,No Defect
0.041898734127289894,102.5388835914069,201.9747107007976,38.900681942165676,24.44510626217028,,,2295,17.475,0,No Defect
0.04002016649646642,99.82473330127866,202.6181208372399,38.062638226676505,24.631756263434692,,,2296,17.48,0,No Defect
0.03996880473078129,97.05169600460025,162.852170796485,41.533275993082874,26.055504915675396,,Ambient temperature high,2297,17.485,0,No Defect
0.03891479957266332,98.56183564567543,211.70873559472128,40.13997820241853,23.451668110856495,,,2298,17.490000000000002,0,No Defect
0.039923321208819425,98.91263623383998,191.02002433446822,39.09895905593171,25.03320383657109,,,2299,17.494999999999997,0,No Defect
0.040738248500967404,100.62258139304355,202.894989611912,42.50596699297037,23.312119637393593,,,2300,17.5,0,No Defect
0.04016623556159426,100.72933988860824,211.92826644313868,38.29505576315559,23.98068282477417,,,2301,17.505000000000003,0,No Defect
0.04134469783391864,100.90036920422544,187.948791857111,38.50438897765107,25.402315314909185,,,2302,17.509999999999998,0,No Defect
0.042044234429418174,101.19448846954988,184.07997421073657,45.46054182693691,23.608644729460547,,,2303,17.515,0,No Defect
0.041755313386996985,98.3043220480124,141.67611243732281,44.012125593457114,26.631003260137682,,Paste viscosity low; Ambient temperature high,2304,17.52,0,No Defect
0.040448398355008526,100.19749129500363,202.39092468917767,41.37996957921443,23.660173239077874,,,2305,17.525,0,No Defect
0.03837559224844492,98.23081073520493,214.6475478222294,34.53333123380061,24.89215673888658,,,2306,17.53,0,No Defect
0.041860333996768674,102.87476826635012,207.85375620421846,40.01573956868581,23.730359017220362,,,2307,17.535,0,No Defect
0.03914468785779495,99.71239751727602,222.76396813789222,38.33369203592215,23.282537475126826,,,2308,17.54,0,No Defect
0.04172852636387659,101.40658371050142,182.94026841276445,39.387239958011506,25.43512837033121,,,2309,17.545,0,No Defect
0.04167092222982567,101.03404889657202,191.71455741086845,45.7790632277073,23.029274238714688,,,2310,17.55,0,No Defect
0.04067811930836735,100.55379502135006,191.06164556645072,35.393383591405154,26.092599372887182,,Ambient temperature high,2311,17.555,0,No Defect
0.04022827383564991,98.53662109035754,177.23847927997653,41.22645879795215,25.229445118647025,,,2312,17.560000000000002,0,No Defect
0.03999447596511037,99.630408415384,201.36473318914884,39.578348095040745,24.228646944690794,,,2313,17.564999999999998,0,No Defect
0.04132512814035643,100.52144470114982,184.58362489757303,41.024432350080204,24.845308898713434,,,2314,17.57,0,No Defect
0.040438289809551706,99.34949638711223,191.64654181584567,43.72787479494752,23.61166602113361,,,2315,17.575,0,No Defect
0.03982588084697064,99.73560257421877,205.4848857029168,38.31890835298705,24.336082476989386,,,2316,17.58,0,No Defect
0.04144450287140153,100.28466236260738,176.44362237114328,40.34553864111194,25.5379499110912,,,2317,17.585,0,No Defect
0.040752744437671434,99.0360742548173,189.65363783774208,49.671770240860795,21.994971170750787,,,2318,17.59,0,No Defect
0.041156649171227695,98.9634950822653,181.0863439087525,49.776892138591236,22.494262715861414,,,2319,17.595,0,No Defect
0.03752515871865766,97.45671841321916,220.03802883405575,33.833686993755414,24.726499953591446,,,2320,17.6,0,No Defect
0.03856285503401764,97.20161106133438,201.06567652984253,39.33307734758338,24.29359396621141,,,2321,17.605,0,No Defect
0.04088445870123681,102.9301983085123,230.717989133773,36.14397620148412,23.421518880203408,,,2322,17.61,0,No Defect
0.040042123160893034,99.13352784865243,199.2326100909558,43.011041646649254,23.33732722769442,,,2323,17.615000000000002,0,No Defect
0.03958069695809529,100.34719208733095,220.2809248491528,35.66523148357632,24.186848236497415,,,2324,17.619999999999997,0,No Defect
0.037566437168357156,96.26723013358936,205.44957741904696,39.57667132451985,23.930328389280316,,,2325,17.625,0,No Defect
0.04199211634748241,101.0985639370303,191.95141827560343,48.791843868510284,22.10546987243707,,,2326,17.630000000000003,0,No Defect
0.04023961936040379,99.62708559709165,196.33087619357198,39.593094964754,24.506799621960784,,,2327,17.634999999999998,0,No Defect
0.040489651878536335,99.89402978993877,203.0116328227716,41.386762739463414,23.57832094586026,,,2328,17.64,0,No Defect
0.040957086869834534,101.5394205242892,207.9492820352894,38.854516732461946,24.01048604340771,,,2329,17.645,0,No Defect
0.041988433636132486,101.12102312107216,182.17761087164175,44.94537143884465,23.816755358758215,,,2330,17.65,0,No Defect
0.03907988521006892,99.97998780809002,231.9130331199819,39.09147634196697,22.45169777546688,,,2331,17.655,0,No Defect
0.038824116772404826,97.66504644513833,208.2209547777709,42.846053503195954,22.806798343205667,,,2332,17.66,0,No Defect
0.038994949437868576,99.26965325978645,216.42870140040264,35.89718666536122,24.329949954257916,,,2333,17.665,0,No Defect
0.037848613233821986,97.28715366837775,210.09606026874022,36.45091254798828,24.541463753266406,,,2334,17.67,0,No Defect
0.038932985967160307,98.3791509737902,206.56244225502252,36.93377063993953,24.629547255550822,,,2335,17.675,0,No Defect
0.03867898721174437,97.82064571861885,215.33921561891853,43.660019919687514,22.121603302652932,,,2336,17.68,0,No Defect
0.04067604045790908,101.21735990883255,196.69496463338245,31.838841551429145,26.730090319026758,,Ambient temperature high,2337,17.685000000000002,0,No Defect
0.0392376043762296,100.42746034679692,236.57720704826198,38.68486305624967,22.272329744902066,,,2338,17.689999999999998,0,No Defect
0.03864838159917441,97.44397613453624,195.8844069415859,37.280666345946244,25.169577419750695,,,2339,17.695,0,No Defect
0.04080506309234874,100.85726268536168,194.54387965283476,37.24589172293901,25.27498750434217,,,2340,17.7,0,No Defect
0.04099970382816032,99.66326532867636,185.14300126306992,45.06020388954234,23.57082343774366,,,2341,17.705,0,No Defect
0.04266951424299294,102.13465179394873,185.81553453855517,45.780619673468806,23.33196394574341,,,2342,17.71,0,No Defect
0.037771319626985024,97.56448482247964,218.3775160702897,34.32731093999174,24.638696653163,,,2343,17.715,0,No Defect
0.039714942644609307,98.13120662884118,186.9076839493345,39.6412730555057,25.031948366186676,,,2344,17.72,0,No Defect
0.03907232687932093,99.02134189945924,220.56935460145394,40.59811187488574,22.67931203117037,,,2345,17.725,0,No Defect
0.03862640564205058,100.49219270993893,247.8345460800085,35.65351676833885,22.44402109470547,,,2346,17.73,0,No Defect
0.03984798840731737,98.92491303593363,205.79086007127685,43.88297143886706,22.63008169817586,,,2347,17.735,0,No Defect
0.03997554664025997,99.27412839588366,198.08576465085102,39.84735430288222,24.277467722575437,,,2348,17.740000000000002,0,No Defect
0.04081206574518531,100.64597179907632,185.1760467228708,33.36436104360097,26.96534552246004,,Ambient temperature high,2349,17.744999999999997,0,No Defect
0.04086185200283552,101.7509499115263,209.01952648096554,35.69396215902556,24.822175925423142,,,2350,17.75,0,No Defect
0.041647417814008186,101.15493377133936,197.0053436604738,46.006151311930935,22.551909634843305,,,2351,17.755000000000003,0,No Defect
0.04009095206299616,100.32144645811,202.14325599847535,34.570033965276274,25.56085133173664,,,2352,17.759999999999998,0,No Defect
0.04096732812117007,100.19020339264873,185.24439123921093,39.0587590083623,25.292070018520032,,,2353,17.765,0,No Defect
0.037432710305908626,97.57128256112568,231.95722999740144,37.47372631548209,22.858408639513293,,,2354,17.77,0,No Defect
0.03911319637031426,97.09062145736688,187.0446494718957,41.343576330482435,24.49620790771766,,,2355,17.775,0,No Defect
0.03989352312246568,98.68964839024603,183.86517383532728,36.45018420977145,26.1237591424816,,Ambient temperature high,2356,17.78,0,No Defect
0.04030889699232376,99.05940989106955,194.06232317736618,45.65116595021082,22.810097100769998,,,2357,17.785,0,No Defect
0.03793174482611379,98.84466320833134,243.40523795859542,38.39112245733674,21.88451680818603,,,2358,17.79,0,No Defect
0.039264354804694264,96.80233358831991,176.76295880998353,42.664155937778844,24.73006575455057,,,2359,17.795,0,No Defect
0.03999936164125821,99.43757833240666,198.04062882032042,38.34701496368186,24.69273761154257,,,2360,17.8,0,No Defect
0.03925037037686641,97.23080480127562,187.47807211127457,43.427549246348974,23.84671732600342,,,2361,17.805,0,No Defect
0.03892023771786584,97.07072819638195,189.91945980961782,42.02420189838536,24.100874656610547,,,2362,17.810000000000002,0,No Defect
0.04093871954060184,101.22980200371703,206.91217094176196,40.37811051839361,23.555641254516804,,,2363,17.814999999999998,0,No Defect
0.039271700965482256,97.25672733732554,189.82103861611785,44.75624820895661,23.308453416145596,,,2364,17.82,0,No Defect
0.041096012032731236,102.17641218727361,214.40396939896794,37.17294774500941,24.03023373392172,,,2365,17.825,0,No Defect
0.03926587652654889,98.04711020967707,199.2673828336565,39.93240055044093,24.13776661555772,,,2366,17.83,0,No Defect
0.040025723913371475,99.4004448256322,201.12863546500358,42.56942375646623,23.251476956427478,,,2367,17.835,0,No Defect
0.040797647814830945,99.2172893144847,184.4295135823554,44.09302891266911,23.839258272041587,,,2368,17.84,0,No Defect
0.03985485304207965,100.28354576134362,208.8526645533779,32.716614420488725,25.655373259830796,,,2369,17.845,0,No Defect
0.040624774879675016,100.17095140579622,203.16062673393301,43.63361963760564,22.81695851909207,,,2370,17.85,0,No Defect
0.03689910955654624,96.05587719033261,225.08821599655334,39.0250803895917,22.78677347881455,,,2371,17.855,0,No Defect
0.04056187351068793,98.93782084424807,184.99017466503142,45.54277880603833,23.367065873810315,,,2372,17.86,0,No Defect
0.038494420430015275,97.81939942450677,199.96140847359476,33.635758486264265,25.90797516133735,,,2373,17.865000000000002,0,No Defect
0.04223441968585342,101.42952077574499,182.42650513026027,43.02631248175621,24.272251943324452,,,2374,17.869999999999997,0,No Defect
0.03796620282290863,97.1611163035598,211.29511752483404,37.6865053086305,24.021870512973678,,,2375,17.875,0,No Defect
0.040111138970686605,99.16557205533636,193.09092195057292,40.08724677778024,24.45294925097156,,,2376,17.880000000000003,0,No Defect
0.04101500681470337,100.28096239416303,189.0464305420496,40.396256504661906,24.616277828759543,,,2377,17.884999999999998,0,No Defect
0.039520067430160045,100.93866160259088,226.74035095483876,33.123574620060644,24.413191963038695,,,2378,17.89,0,No Defect
0.039670402748966764,98.72414385767804,199.33787896892667,39.37106822823071,24.271868752019362,,,2379,17.895,0,No Defect
0.04084353356730471,98.98366088248056,166.1140537326424,37.26148421435174,26.931198364098943,,Ambient temperature high,2380,17.9,0,No Defect
0.043440755631075,103.366090507741,172.78895846405942,37.97289786249259,26.332127588522035,,Ambient temperature high,2381,17.905,0,No Defect
0.040338280765213105,98.40467856985923,179.05119377284188,41.99292633844539,24.747683543992167,,,2382,17.91,0,No Defect
0.04034616439466992,100.50142162057188,211.8108114269368,41.32697515225341,22.928285578607706,,,2383,17.915,0,No Defect
0.040952834490038253,100.64176531825238,197.6063256670054,40.206701310672415,24.131242637523517,,,2384,17.92,0,No Defect
0.04009852640767598,101.9188603867635,233.62757100305052,35.46006923288843,23.298345391525874,,,2385,17.925,0,No Defect
0.0393442413462872,100.90112298490412,232.46981550356765,34.90217730945347,23.521198689994637,,,2386,17.93,0,No Defect
0.04034828314641983,100.5174182518048,205.3558843210648,36.933360179925664,24.599886071220187,,,2387,17.935000000000002,0,No Defect
0.04131293035068942,101.47962851631647,204.4777598538438,42.14211193239513,23.13683604826002,,,2388,17.939999999999998,0,No Defect
0.040058550638015576,100.0111850062044,200.49313542559875,34.83919571020493,25.502928437117767,,,2389,17.945,0,No Defect
0.04169893237720704,98.51829367216287,150.79012716621946,43.25090962071084,26.11087803206945,,Ambient temperature high,2390,17.95,0,No Defect
0.039345331679637725,100.10432148136431,225.52359674065056,36.709651265117394,23.41156390249669,,,2391,17.955,0,No Defect
0.04002377887176996,99.43341135737334,194.6415422622562,36.281388874485195,25.434136670829677,,,2392,17.96,0,No Defect
0.040061954962271246,99.51091580318636,207.88383954882923,43.82396603462652,22.41590539935675,,,2393,17.965,0,No Defect
0.040350226615517716,98.26927235345899,173.20551668578273,40.27109319864968,25.58211685530443,,,2394,17.97,0,No Defect
0.038166272189346956,97.73961769140796,209.93484370910355,34.632898026979944,24.95329050462704,,,2395,17.975,0,No Defect
0.038227332469605954,97.3113737987407,197.62313136308777,32.49683324579418,26.331325761624214,,Ambient temperature high,2396,17.98,0,No Defect
0.040960954648008696,100.40505456108029,197.9872856659021,45.282530890064805,22.591408754872138,,,2397,17.985,0,No Defect
0.039303231223129065,97.21758305397795,183.74951552899353,40.274745702869986,24.917188094211447,,,2398,17.990000000000002,0,No Defect
0.0384249075369172,97.71768762620232,214.88128778944025,40.22843875820384,23.010465496303848,,,2399,17.994999999999997,0,No Defect
0.04156658558132708,99.04995464571984,161.23823536561255,44.6382690310206,25.03613443035924,,,2400,18.0,0,No Defect
0.04024068704073853,100.2144498963502,206.25710799533059,38.65377707834576,24.009491325665806,,,2401,18.005000000000003,0,No Defect
0.039184558754603534,99.33492775778495,213.7403561126865,36.827162164132645,24.07079304052102,,,2402,18.009999999999998,0,No Defect
0.03930491956633854,99.28500700547431,210.1642075873598,36.91691544803713,24.262999900908284,,,2403,18.015,0,No Defect
0.03920481572918818,99.09411533302523,215.73189589015826,40.38937099789248,22.903929129224377,,,2404,18.02,0,No Defect
0.040655101794518866,98.88564896037961,191.39920448653626,47.307165279377756,22.391037936149587,,,2405,18.025,0,No Defect
0.04057510633672725,98.75810465684529,179.21082691341334,42.586360115783265,24.511251321551747,,,2406,18.03,0,No Defect
0.03904881750080616,98.14412806027046,192.6059956361628,35.650322681996215,25.696497393011043,,,2407,18.035,0,No Defect
0.040435927577636185,99.69034786689674,194.87304293670206,41.19509528210793,23.94944909878511,,,2408,18.04,0,No Defect
0.040335360608414764,100.34575242505255,207.86682499948552,40.77108712141362,23.272792593307027,,,2409,18.045,0,No Defect
0.041434006791088475,101.89867621947825,209.27768858975134,41.31125091964216,23.038101184737968,,,2410,18.05,0,No Defect
0.04031932332559775,98.30060188211719,186.61575196605713,46.70915337726972,22.840106794718427,,,2411,18.055,0,No Defect
0.039230578805384775,97.2552579645165,185.04053762143747,40.55476784022699,24.72172685831852,,,2412,18.060000000000002,0,No Defect
0.04021574503050278,99.91364537142628,201.45837844457756,39.23462190316457,24.10516800044345,,,2413,18.064999999999998,0,No Defect
0.040939819345254924,101.0995387882767,205.22003397083492,38.768151902020044,24.01770180713163,,,2414,18.07,0,No Defect
0.040606565665445835,99.94444401175845,197.348100187664,43.23486372220568,23.18605020009045,,,2415,18.075,0,No Defect
0.0416786937181371,101.12085119400601,184.77661029598463,39.77076922429701,24.977634667897952,,,2416,18.08,0,No Defect
0.04207794790585944,102.21507650714248,197.4316535477638,43.08587249068199,23.232365915718365,,,2417,18.085,0,No Defect
0.04078426745786318,98.81860277952728,176.34027975758977,43.14491472997169,24.498916779789084,,,2418,18.09,0,No Defect
0.040304282123983924,100.9951332697601,213.0192751174513,36.957342306273894,24.04736377538518,,,2419,18.095,0,No Defect
0.03781938074213783,96.24509422086068,203.36497630676072,40.041019447492744,23.716544353604217,,,2420,18.1,0,No Defect
0.03844316643551433,97.64640589906112,219.4097740162003,43.292218950644724,21.787942999929594,,,2421,18.105,0,No Defect
0.040655722687349155,100.76137301343262,203.1969356154758,38.63809184831894,24.155487392558378,,,2422,18.11,0,No Defect
0.04095920562237092,100.46969027610271,197.3216747967712,41.15499211790684,23.783575829972982,,,2423,18.115000000000002,0,No Defect
0.041260797344991745,100.52093141224019,190.7478469081691,41.93763249311979,23.957615874916247,,,2424,18.119999999999997,0,No Defect
0.03918950037688691,98.39317650136982,208.00970180309042,42.24141202849792,22.788697011847752,,,2425,18.125,0,No Defect
0.04261319027489232,102.263685438615,179.55181055448605,40.22751737508932,25.148439812908034,,,2426,18.130000000000003,0,No Defect
0.04057881962591346,99.87277233419651,195.3984031669957,40.070618110722606,24.206058052120575,,,2427,18.134999999999998,0,No Defect
0.03845833265965637,96.68554447246862,198.41422513884288,42.76342556793428,23.21131062481834,,,2428,18.14,0,No Defect
0.04093472931019749,101.34340511381221,211.28245764720126,40.528488606850004,23.09530877994173,,,2429,18.145,0,No Defect
0.037056289747177985,96.12845479995127,224.26549097663806,38.9302436630405,22.733705693267307,,,2430,18.15,0,No Defect
0.03873299502671968,98.17265997551462,214.3532427936758,39.4121651021518,23.211225978567846,,,2431,18.155,0,No Defect
0.039446485936349765,99.4843128418961,214.81761797571875,38.59355555490733,23.42377365815153,,,2432,18.16,0,No Defect
0.04088316891201556,99.52312808053799,183.59765503536244,42.07115110262703,24.33293300633525,,,2433,18.165,0,No Defect
0.043366370879820086,103.06622664763684,169.94349195027672,37.83591637753552,26.424961189076466,,Ambient temperature high,2434,18.17,0,No Defect
0.03956022215524338,96.90095353726451,172.36606513417112,40.01891397161527,25.608235006974738,,,2435,18.175,0,No Defect
0.04000071922676789,99.63191294711193,203.59144071311044,37.89733694993143,24.313285661723018,,,2436,18.18,0,No Defect
0.042563239059617106,102.29878073287841,184.14237414095226,39.77075548698187,24.97753429495425,,,2437,18.185000000000002,0,No Defect
0.04060411721256867,101.00369526478401,211.15945115188532,39.895312553854886,23.262127108944565,,,2438,18.189999999999998,0,No Defect
0.04067545112255654,99.34138567232911,186.82605812134565,41.67334092981195,24.23681433120927,,,2439,18.195,0,No Defect
0.040441198361399915,101.44486208246546,213.1438898645809,34.617148183863165,24.675665764521916,,,2440,18.2,0,No Defect
0.041011904786727164,101.1680144858993,206.37981003703982,42.02697854555224,22.928432044039983,,,2441,18.205,0,No Defect
0.03815190096026977,97.46831153141387,203.66250462664357,34.094627965231155,25.38542178021594,,,2442,18.21,0,No Defect
0.03942213771883983,98.37241765218926,199.01788325190554,39.9648102561953,23.96677798854572,,,2443,18.215,0,No Defect
0.040744388751583864,99.89143217325224,196.50295682447648,43.74625993422509,23.024770195197107,,,2444,18.22,0,No Defect
0.041780339825969834,99.73966057640192,167.76877705881367,45.31458626302289,24.33436693142174,,,2445,18.225,0,No Defect
0.0404127848230216,100.27434291271801,200.14944574818406,37.34479114118529,24.663244803873607,,,2446,18.23,0,No Defect
0.03926427117740733,100.88463796979187,233.03353999023128,33.81992393771955,23.661749314417346,,,2447,18.235,0,No Defect
0.03855099743260289,97.97047067161579,215.4070450504676,40.51763811532435,22.779974522040856,,,2448,18.240000000000002,0,No Defect
0.04392741331402809,103.49164883397293,170.5692332894556,42.765236762640285,24.91542487155238,,,2449,18.244999999999997,0,No Defect
0.04123475300491791,99.25040811249708,184.34956698881282,50.15547839069371,21.88851739479132,,Ambient RH high,2450,18.25,0,No Defect
0.03905452743952225,99.18450003363141,223.72663897998729,38.899173761698464,22.743042903654892,,,2451,18.255000000000003,0,No Defect
0.03740327029051323,96.62691198732057,223.6741909382456,39.34473895569949,22.599372712505307,,,2452,18.259999999999998,0,No Defect
0.040194973826115504,98.90087590370567,193.33700851432616,42.0490895182468,23.691238930165007,,,2453,18.265,0,No Defect
0.0373050432319309,96.78615598449676,221.89943781699384,35.21445593870416,23.909470783045258,,,2454,18.27,0,No Defect
0.04136957292399526,100.4624138507861,188.00725223929206,42.81431370371125,23.79735393383315,,,2455,18.275,0,No Defect
0.042742406487800505,101.57829731538955,176.01988460820823,46.188611171699996,23.55537463113129,,,2456,18.28,0,No Defect
0.04080914620568378,100.36185850809804,190.50256116520885,36.850046011454545,25.37711773013626,,,2457,18.285,0,No Defect
0.039384274371462094,97.38578356074268,192.3693787125286,45.92563216622554,22.59632918855016,,,2458,18.29,0,No Defect
0.041694219396126365,100.65379474538011,179.53506224238288,40.38856516048276,25.020091826468235,,,2459,18.295,0,No Defect
0.0403027829832397,99.52945385850943,202.7924171416289,43.84098565265768,22.570295481536405,,,2460,18.3,0,No Defect
0.03909202486382023,99.07781621617653,220.99614423093672,40.55268511450894,22.401314482485844,,,2461,18.305,0,No Defect
0.0421802417452044,101.92276977427646,185.51536659628889,38.43850116739196,25.22024543296876,,,2462,18.310000000000002,0,No Defect
0.041004391560688455,102.13279394553635,219.05055012262034,39.5585071272353,22.820258169348307,,,2463,18.314999999999998,0,No Defect
0.0408304472744241,100.95403103307433,195.48377419135687,34.371865510061575,25.77872541990683,,,2464,18.32,0,No Defect
0.04036599675868938,98.46768792404836,169.587300758148,36.82372748486988,26.645224733583255,,Ambient temperature high,2465,18.325,0,No Defect
0.038821310539089986,98.26297649249578,213.23345761577886,40.18357321913078,22.97095513630139,,,2466,18.33,0,No Defect
0.0382474332251263,97.24034273353261,211.8353538126704,40.40972468184054,22.98406868806309,,,2467,18.335,0,No Defect
0.03948872162736543,98.45713917513957,195.99585109283862,39.09422808591171,24.346581617562098,,,2468,18.34,0,No Defect
0.041133502575755564,100.636104246772,194.0282164350428,40.15311477804169,24.1715095159105,,,2469,18.345,0,No Defect
0.03913637101693042,98.1005464467563,190.86946346306485,34.04824630445736,26.12804857374808,,Ambient temperature high,2470,18.35,0,No Defect
0.04075637109241727,99.55263893592351,187.80543503311281,41.41818810379479,24.17596934306532,,,2471,18.355,0,No Defect
0.042053695812360875,102.31404670508603,200.02140758449627,41.13770854774161,23.51644617504391,,,2472,18.36,0,No Defect
0.037750591174466566,96.78998793309174,216.35028096731003,40.00900657598107,22.805431377163515,,,2473,18.365000000000002,0,No Defect
0.040393149455155326,99.48721287729376,196.9294685210084,41.19472534135237,23.672254003406394,,,2474,18.369999999999997,0,No Defect
0.04008232166902169,99.54464317388123,193.08550188291792,35.959457295083354,25.428737436222015,,,2475,18.375,0,No Defect
0.03989694204126826,101.56090504831543,229.6145804894504,33.323866567422805,23.95516859745266,,,2476,18.380000000000003,0,No Defect
0.03989840569871156,98.85657691094299,189.6774457862722,36.79355950584019,25.389866575965367,,,2477,18.384999999999998,0,No Defect
0.041638270581588546,103.12725273338313,223.67277989426032,39.87428656663442,22.41747654527829,,,2478,18.39,0,No Defect
0.03978753927005909,100.85828689670656,224.92197128063398,34.67308963543962,23.842865074004706,,,2479,18.395,0,No Defect
0.04100951551358238,100.98353629522947,200.74159663349297,39.93032636357325,23.79515227611501,,,2480,18.4,0,No Defect
0.040138453725057324,100.2826488222519,206.63870120218215,35.785643567095455,24.63664181306581,,,2481,18.405,0,No Defect
0.04212008657758523,100.68076008973495,175.39364038990325,44.87827320749774,23.909813759569,,,2482,18.41,0,No Defect
0.03979478111266417,98.53616164959828,195.08461884053455,42.39662797832267,23.404268980194853,,,2483,18.415,0,No Defect
0.03872670562153575,96.46556771747392,183.04162850629803,39.578038294028374,24.95546477385613,,,2484,18.42,0,No Defect
0.03918988584475031,97.75285229455521,196.85558918732102,40.48116649622812,23.847874073809514,,,2485,18.425,0,No Defect
0.04179929019081706,102.61559151305316,199.5604168153482,35.573610190775774,25.13185009566757,,,2486,18.43,0,No Defect
0.03966896326017549,99.25560175795589,205.67234063299662,38.744002404398934,23.812344824383445,,,2487,18.435000000000002,0,No Defect
0.04039281090087422,99.02149609122205,185.3220075925941,38.94760891994628,25.007468945159452,,,2488,18.439999999999998,0,No Defect
0.042616369786760123,101.09796423789011,163.89132458630422,42.00859817133811,25.4406043786394,,,2489,18.445,0,No Defect
0.03973918124091672,100.42321187598131,223.59480248967708,37.72778333311727,23.004432501224684,,,2490,18.45,0,No Defect
0.03932981327473037,99.47837547843258,215.42000695388379,35.19650451108527,24.241282279724114,,,2491,18.455,0,No Defect
0.037950413722116876,99.40876162812835,240.4184584932303,31.0596905393567,23.899159928357193,,,2492,18.46,0,No Defect
0.03961508145945939,98.5960767067136,200.98654559426646,42.500509826279924,22.986060427204944,,,2493,18.465,0,No Defect
0.04197156180504449,100.19363288005411,172.46827931352664,45.1213330454071,23.989082460979628,,,2494,18.47,0,No Defect
0.0418351714025194,100.88261265738043,181.2332894833716,42.02786657489141,24.350256678558164,,,2495,18.475,0,No Defect
0.03968416363196649,98.81805781531843,196.22318816843332,38.75251677258127,24.36637921394266,,,2496,18.48,0,No Defect
0.039818816639890134,99.3792679903904,211.72687290941192,42.331787973823054,22.37130858261807,,,2497,18.485,0,No Defect
0.04093422668943371,100.32345778101558,189.45632625349478,36.982927374253805,25.30758331313889,,,2498,18.490000000000002,0,No Defect
0.03927632709857568,99.46145727314905,221.40859271049487,38.94095046279014,22.758390499745364,,,2499,18.494999999999997,0,No Defect
0.04068105326346723,98.9262970613956,177.5211891960925,40.117570146794996,25.116967751282996,,,2500,18.5,0,No Defect
0.04156042262696597,100.81784336143451,186.04464723378376,39.3385718886411,24.827156095474436,,,2501,18.505000000000003,0,No Defect
0.03895934969848635,98.33938120492506,207.77624006584492,38.556904408780966,23.694985049733656,,,2502,18.509999999999998,0,No Defect
0.03992142315904383,99.66853978646846,217.11460634771245,44.62177110418245,21.35712143489928,,,2503,18.515,0,No Defect
0.040004264441640604,98.73914503176177,188.3886624256309,38.34317558853643,24.95249189892,,,2504,18.52,0,No Defect
0.04087125063131529,99.05814585823686,185.25403281377183,46.82779269472204,22.67032496528948,,,2505,18.525,0,No Defect
0.04000042486053346,98.70086585556902,193.7482262242768,42.70590569978799,23.342494325697622,,,2506,18.53,0,No Defect
0.03795525945445552,97.91671650676798,226.48146309460395,36.07202875087828,23.256418500775787,,,2507,18.535,0,No Defect
0.03885440563134797,97.3859283290621,197.34267214963188,39.15809304686046,24.146039262034655,,,2508,18.54,0,No Defect
0.03898900723885335,98.01552061865574,205.34320753984787,39.422028756600064,23.577028520665916,,,2509,18.545,0,No Defect
0.04067752244052713,98.3395320330635,175.87354666269084,45.63351791599779,23.580839870976614,,,2510,18.55,0,No Defect
0.038006190880693215,97.26806576024836,215.13930737931145,36.726428922631676,23.751753985777853,,,2511,18.555,0,No Defect
0.039883249504394015,98.90213066472786,195.7620300538667,39.29013695047292,24.202600852275488,,,2512,18.560000000000002,0,No Defect
0.03942017743303163,99.20508890918921,209.9289750167594,35.98093372330008,24.296338391664513,,,2513,18.564999999999998,0,No Defect
0.03857297007314479,98.09085435916042,215.89859001161625,37.112966504216566,23.590546194350782,,,2514,18.57,0,No Defect
0.03851692698765192,99.32664320060157,232.0317621503752,34.04319760461667,23.493439081123043,,,2515,18.575,0,No Defect
0.04046417648948002,99.32052247728889,190.75125949818633,42.52873989261234,23.556451053903878,,,2516,18.58,0,No Defect
0.040079958992382425,100.74766618134873,219.84819014524243,36.464942662915455,23.542073205714132,,,2517,18.585,0,No Defect
0.038449164362409895,99.10344113959042,226.82637601326243,36.31744061784839,23.133420149970334,,,2518,18.59,0,No Defect
0.038937736778492646,98.2032148944752,211.8607038911479,41.22714040285682,22.62363258926601,,,2519,18.595,0,No Defect
0.0416697232044284,100.79010488549916,183.98787885087137,40.93997042373204,24.43841096517381,,,2520,18.6,0,No Defect
0.04048695991388443,100.02128492919293,204.0133716279917,39.93746558776999,23.493971978811828,,,2521,18.605,0,No Defect
0.04029145622460452,101.20319471717215,213.10602889892394,34.94404240560837,24.3833010220381,,,2522,18.61,0,No Defect
0.040652055483338514,101.56977306608522,220.35523035881775,39.093409246916394,22.73003760264936,,,2523,18.615000000000002,0,No Defect
0.0393552938269009,98.56708302285479,201.1043556136253,37.64900403205736,24.320379912732534,,,2524,18.619999999999997,0,No Defect
0.04057211368559156,99.68914122023192,192.4431945635635,40.30111355606271,24.08426865525916,,,2525,18.625,0,No Defect
0.0425726339752905,101.70688900440393,178.4818189523927,41.851985182893614,24.503548301616803,,,2526,18.630000000000003,0,No Defect
0.041849476818864695,102.12236194820969,204.0524699701992,42.491951130452584,22.73744781313096,,,2527,18.634999999999998,0,No Defect
0.03806624316981703,97.10186611896987,210.7830362594334,38.651866654518784,23.411955663528648,,,2528,18.64,0,No Defect
0.042149977671710734,102.58241758570236,197.7655925948127,37.35950913831972,24.62286527316206,,,2529,18.645,0,No Defect
0.041812706680203336,99.6790559256703,174.9879954199066,48.52406039236219,22.75201911095392,,,2530,18.65,0,No Defect
0.042153273657850966,102.73099609623226,204.96606952228848,41.68976796365203,22.90829914358606,,,2531,18.655,0,No Defect
0.03946653327513715,98.64365249270861,199.0211848526726,37.132321489665046,24.580741164926234,,,2532,18.66,0,No Defect
0.03915283595275129,98.52103484557647,206.71672823678503,38.49873787462625,23.70343083127373,,,2533,18.665,0,No Defect
0.03984884417676468,99.21058296975795,201.4501057345435,38.701073884534175,23.971706081758267,,,2534,18.67,0,No Defect
0.04047535343030888,100.35221605836652,207.4864477281935,41.34024105104241,22.83148458943067,,,2535,18.675,0,No Defect
0.04063830955274868,100.02230460552117,200.53490432417883,40.55408855652322,23.490873490154357,,,2536,18.68,0,No Defect
0.04211609156842217,98.88045458476299,150.12083242240251,47.92739446486867,24.435159106524527,,,2537,18.685000000000002,0,No Defect
0.0394599277215695,98.81568178177912,204.15941602799833,38.359179195356106,23.892004790013612,,,2538,18.689999999999998,0,No Defect
0.04147839000518779,102.1269929118688,207.4171120998278,37.2848080975414,24.02199646557653,,,2539,18.695,0,No Defect
0.039754655657902725,99.48463854600182,203.91502976700482,35.71278698292374,24.678309648447875,,,2540,18.7,0,No Defect
0.04125201177918875,99.85263053931085,175.84156889693713,42.528765947201116,24.412835008166798,,,2541,18.705,0,No Defect
0.03964395706653024,99.7356892180182,213.83746536983176,38.40015220572161,23.276541833842344,,,2542,18.71,0,No Defect
0.04012170882594265,99.22906622566079,190.7034494967992,38.786214524941244,24.58217004035243,,,2543,18.715,0,No Defect
0.038186442091702966,97.1941916577037,206.2845467461931,36.13621910896445,24.385689733041175,,,2544,18.72,0,No Defect
0.041327211879151664,101.3609773096627,199.52759960993544,39.2198475423491,23.92245865620187,,,2545,18.725,0,No Defect
0.03765603380755864,97.44589150100417,218.52810986684017,34.76853918446761,24.021002261295315,,,2546,18.73,0,No Defect
0.039753473509217686,98.20045598776174,188.4904729076621,41.85267725631531,23.809393237007242,,,2547,18.735,0,No Defect
0.03793417673422057,98.65611052028592,241.56528058833857,37.2416779169736,21.887609030373454,,,2548,18.740000000000002,0,No Defect
0.03998007243853093,101.16887985874578,223.02340969416113,34.40507134716613,23.865917753378824,,,2549,18.744999999999997,0,No Defect
0.03808907595134926,99.49678366632703,238.4499087237538,31.049512212521844,23.88149308379936,,,2550,18.75,0,No Defect
0.03946784927480743,99.10332066841526,205.82036398374382,37.21293115805949,24.091623505709578,,,2551,18.755000000000003,0,No Defect
0.041546941429019116,102.12097809987478,203.92513959780007,37.76802913152888,24.06087383987804,,,2552,18.759999999999998,0,No Defect
0.04082588701570956,100.05101878817545,194.8524403656109,41.108193274380184,23.634719098559575,,,2553,18.765,0,No Defect
0.041730771248001265,101.58663736076004,198.96100517571864,42.932508164950626,22.853224548230227,,,2554,18.77,0,No Defect
0.04042514800208918,98.54822416527892,188.13188483860787,42.995195508741276,23.49253271930324,,,2555,18.775,0,No Defect
0.04152135665730006,99.36416068885958,171.97594344506714,44.67219697859558,23.996419835566883,,,2556,18.78,0,No Defect
0.041261388949303014,100.66614033878137,183.52432500947629,35.44053042055883,25.978709704643876,,,2557,18.785,0,No Defect
0.0405986540462482,101.55365127693446,227.0381088297426,40.80171605122915,21.736038374866993,,,2558,18.79,0,No Defect
0.04003264303621329,98.27444470301867,183.75775691219542,38.41309059604695,25.084256041408157,,,2559,18.795,0,No Defect
0.042126575794316605,100.31371856666237,169.13914651300757,43.92237006751588,24.382759966055833,,,2560,18.8,0,No Defect
0.037659614712478265,96.65306647636638,213.32715447367548,36.714011409693526,23.739298040910963,,,2561,18.805,0,No Defect
0.041906229220539506,100.80429142107961,182.30789364197446,43.77091031683764,23.611398455117214,,,2562,18.810000000000002,0,No Defect
0.039180681378458954,98.47847650678497,210.08159073154198,39.134008572521935,23.24048189487765,,,2563,18.814999999999998,0,No Defect
0.04190898850998185,100.38511370244557,176.72942727436902,44.57413141469292,23.71428489725854,,,2564,18.82,0,No Defect
0.04064222018927231,100.00438289811588,190.4113458652664,37.43014653021755,24.948095174887765,,,2565,18.825,0,No Defect
0.041252403847106434,99.7783760589092,180.70931306459175,43.587982863463786,23.746481586921902,,,2566,18.83,0,No Defect
0.038560548142146524,96.74262533180313,194.338873339518,39.367039053759676,24.120351466427554,,,2567,18.835,0,No Defect
0.0388757438630052,96.90431926508487,194.06515851709526,41.522100172484194,23.509157207441234,,,2568,18.84,0,No Defect
0.040048810073581693,101.05917080463539,218.59727379473583,32.36680285809469,24.686212600474782,,,2569,18.845,0,No Defect
0.04158567524615762,102.53627143265865,208.0335944868699,36.09838717591108,24.25267883967536,,,2570,18.85,0,No Defect
0.037584222928958064,97.4970221745639,229.0113352121404,36.423920397439545,22.835716300651562,,,2571,18.855,0,No Defect
0.042186841802892186,100.8744157422119,179.20009101375632,43.32917949769649,23.912149337469202,,,2572,18.86,0,No Defect
0.040388540653700074,99.9067154792305,202.21183173171588,40.59683041518286,23.277919096335975,,,2573,18.865000000000002,0,No Defect
0.04026319150322916,99.56696973610023,200.64260589504696,40.66937934278593,23.350246246229354,,,2574,18.869999999999997,0,No Defect
0.038242746520268184,95.2168818465312,187.2430945469718,45.02496997313084,22.880745861169625,,,2575,18.875,0,No Defect
0.040409096851186536,97.46261319214895,163.24890767485883,42.43079270956601,25.125592330250246,,,2576,18.880000000000003,0,No Defect
0.03970297074950955,99.25927055867412,207.2815091225089,39.082034503160216,23.394308148610996,,,2577,18.884999999999998,0,No Defect
0.04130948743899471,100.06401994337723,177.99622967635764,38.5362407134032,25.361728551099752,,,2578,18.89,0,No Defect
0.041325478211639434,100.46773827684268,188.53275706850172,39.99421362773812,24.288393460617325,,,2579,18.895,0,No Defect
0.03913063787616989,98.21493061065921,212.21693046844902,43.10143212019962,21.90558411396614,,,2580,18.9,0,No Defect
0.03764040172622956,96.75999433289401,211.22890152720785,35.29469016131273,24.230231613622518,,,2581,18.905,0,No Defect
0.04022053651201309,98.69534425297502,197.0226647838675,48.229835432990356,21.340054467112623,,,2582,18.91,0,No Defect
0.04047076913375217,99.74911916625454,196.53024379130048,38.97792148392337,24.076901747265996,,,2583,18.915,0,No Defect
0.03848570904401442,98.07181167749474,214.45857781430027,33.9765844056447,24.421909792204765,,,2584,18.92,0,No Defect
0.039948979523147174,100.47552124790742,220.33499460417676,36.815458845529825,23.240032235154384,,,2585,18.925,0,No Defect
0.03904060131372354,97.5935375805834,203.26770867347352,42.32348114972424,22.666687684025767,,,2586,18.93,0,No Defect
0.038233367783328684,98.37692132891196,229.7936848591993,35.96455050622506,22.89050884984315,,,2587,18.935000000000002,0,No Defect
0.04012462459459723,99.69290657242054,200.26326641571546,38.53647957223377,23.957654077423886,,,2588,18.939999999999998,0,No Defect
0.04110957419168172,101.10530183181488,198.09086033036812,39.18437893294428,23.90584975314039,,,2589,18.945,0,No Defect
0.04087194967439534,98.5176488163183,182.80106057759107,47.73315641318389,22.34970135950317,,,2590,18.95,0,No Defect
0.038673496439746095,97.22769322208782,205.3944663652286,42.48957881921541,22.47037275917015,,,2591,18.955,0,No Defect
0.041454117752381885,101.67122145112381,198.6883443961691,38.861239476109276,23.95940797839875,,,2592,18.96,0,No Defect
0.03916688116432715,98.81753348591053,208.72858531057614,36.405746104383866,24.04195726194717,,,2593,18.965,0,No Defect
0.039750541073282276,99.75358065783963,212.04612784444106,37.77323660262125,23.441517322774658,,,2594,18.97,0,No Defect
0.04105436056708939,101.00949834362058,197.2135619588957,37.461024554956445,24.449745899673037,,,2595,18.975,0,No Defect
0.03829126471712281,97.38821189201529,207.66887300564542,36.873741772521804,23.95483969913184,,,2596,18.98,0,No Defect
0.03746289482203383,95.80210995674472,201.0853940965677,35.01648921154782,24.893863989502123,,,2597,18.985,0,No Defect
0.03967691479457315,98.25298048840128,200.6244819785209,41.69704444936663,22.990617173618748,,,2598,18.990000000000002,0,No Defect
0.03927420498023764,98.3613754615908,201.93660934643177,39.53332360113002,23.529029572968746,,,2599,18.994999999999997,0,No Defect
0.04001565015966977,99.70744747862257,199.38762734454593,34.43400818247832,25.18163528826402,,,2600,19.0,0,No Defect
0.03881765403653923,97.16507717267955,196.26696093517762,40.068728838937865,23.713400668734458,,,2601,19.005000000000003,0,No Defect
0.04143805474226164,99.601217019742,169.740342746807,42.426524489284795,24.668256745756974,,,2602,19.009999999999998,0,No Defect
0.0382519311584608,95.67055679534943,194.76818448670684,43.63887281706968,22.755447467174374,,,2603,19.015,0,No Defect
0.03978770844263921,99.96138324520399,214.43415781952405,39.49409325683419,22.763960145161427,,,2604,19.02,0,No Defect
0.041415863808957114,101.38009936553557,200.00217907595209,39.37845456745521,23.698632803873178,,,2605,19.025,0,No Defect
0.040680204081831275,99.2650752293831,187.9141008057309,43.38846770953172,23.257870310082257,,,2606,19.03,0,No Defect
0.04113928042463008,102.15976598533508,213.56965673171726,36.80134795486605,23.609116246549316,,,2607,19.035,0,No Defect
0.03880476159913983,97.47538659425308,210.69138168141978,42.73948708560603,22.034222172505494,,,2608,19.04,0,No Defect
0.042037525756813236,102.38928228315369,202.80682841285758,40.87415492160943,23.08388055866642,,,2609,19.045,0,No Defect
0.0403759718719134,101.11062472246036,219.6203581143322,39.83892649073863,22.33502217591477,,,2610,19.05,0,No Defect
0.039973756199322585,98.75353893160838,190.0301627666902,38.06342695333989,24.6665910933482,,,2611,19.055,0,No Defect
0.040699048020328484,102.0225740317565,226.22299520047335,38.635313906660286,22.280712896929447,,,2612,19.060000000000002,0,No Defect
0.04223764577156708,103.7877243152921,217.98993231538515,38.1056616341069,22.953884842722267,,,2613,19.064999999999998,0,No Defect
0.04037595244237235,99.98263143816004,206.6255753768121,41.55050273685471,22.62537297576382,,,2614,19.07,0,No Defect
0.039151645063816985,98.7023926698696,220.5979162759778,43.46981112110916,21.194843114695946,,,2615,19.075,0,No Defect
0.041372902109450924,100.14915365124897,182.21142250235272,40.4055863723354,24.462033406983014,,,2616,19.08,0,No Defect
0.03943726554108651,99.79351982558603,218.32166067390943,35.17721687628846,23.755457234932862,,,2617,19.085,0,No Defect
0.03939810225778761,98.69800065589938,208.75545090324425,39.03465957900182,23.213989819634474,,,2618,19.09,0,No Defect
0.040849582532531424,101.55362136350922,211.41290666098305,36.41305303822717,23.82303223782103,,,2619,19.095,0,No Defect
0.04035188880117457,98.04033279861127,178.22185644779213,42.204282253041775,24.164605350817258,,,2620,19.1,0,No Defect
0.037161498873252985,94.45293750810428,200.31628537609586,41.86170315777959,22.879859777035186,,Stencil thickness low,2621,19.105,0,No Defect
0.04169464130362978,101.1638754915637,195.74129444228055,43.102011245267484,22.831384615939008,,,2622,19.11,0,No Defect
0.03919389567093577,100.08077984774917,229.35897780486448,34.033106507588876,23.396766224538883,,,2623,19.115000000000002,0,No Defect
0.04041972811538414,98.50767822268156,178.27110071799802,40.38308502572237,24.68099968936145,,,2624,19.119999999999997,0,No Defect
0.03670543142526981,96.89946956665851,236.77975596845303,31.914777400031817,23.534393488532235,,,2625,19.125,0,No Defect
0.03996850600673517,100.32345589849662,218.7315837279237,38.586088768537785,22.715176007533376,,,2626,19.130000000000003,0,No Defect
0.040643685565155636,99.36671940937697,185.52065467701865,40.11849817713667,24.30657946819783,,,2627,19.134999999999998,0,No Defect
0.040044761631106145,100.27082180875556,213.83425618838695,37.663408993247565,23.280346134378902,,,2628,19.14,0,No Defect
0.04057438108228333,100.05925207116651,204.64230712625005,41.501744486836124,22.72650186776396,,,2629,19.145,0,No Defect
0.04105629569200206,100.44231246806486,191.1391738578432,39.78145349969019,24.054734119175016,,,2630,19.15,0,No Defect
0.04104582438232191,98.91252182722097,183.92733275749538,46.587328062125124,22.513002894257962,,,2631,19.155,0,No Defect
0.03989114259358005,98.65641636305592,196.74857002097158,41.60004429393557,23.166665662031914,,,2632,19.16,0,No Defect
0.03891216718133331,98.69361867347632,208.9206695202009,33.048979678867134,24.907889837139045,,,2633,19.165,0,No Defect
0.03870917857760429,98.9881993622204,222.4840298033433,35.423353519688945,23.376792088559156,,,2634,19.17,0,No Defect
0.041505435972492774,100.43354890612207,195.32267953647153,46.115564078230946,21.943507785113685,,,2635,19.175,0,No Defect
0.04032707074192991,98.3323676254464,181.0258529224027,42.05406543297788,23.99258152864572,,,2636,19.18,0,No Defect
0.04325491192815507,101.54161816634351,169.6547217370923,48.76598569911921,22.75044140617489,,,2637,19.185000000000002,0,No Defect
0.038846265057992206,97.20404188887015,195.89520540493524,37.40554174278409,24.42401071112001,,,2638,19.189999999999998,0,No Defect
0.03802315411649278,98.4956227626166,236.03723275046923,37.29771421364049,21.979646060670223,,,2639,19.195,0,No Defect
0.04022264720921138,100.80816066988432,215.15481538673126,36.07135017611996,23.63463438694052,,,2640,19.2,0,No Defect
0.0382382000630844,100.4603379325285,255.26473260617874,32.1568426106727,22.298668413081483,,Paste viscosity high,2641,19.205,0,No Defect
0.04122007037879488,100.37976372594756,191.90960705574315,40.215546025301,23.856451916980514,,,2642,19.21,0,No Defect
0.04068968707168418,100.25463523664334,206.55597118291186,42.600831497895165,22.252600830940896,,,2643,19.215,0,No Defect
0.04140912397626973,101.96558498957604,212.99114979448177,40.67157805952877,22.424292090407178,,,2644,19.22,0,No Defect
0.04457236758432066,103.80491815580338,160.8008228778487,41.30937607801631,25.46261911865998,Paste volume per aperture high,,2645,19.225,0,Solder Bridging
0.03786003301707933,97.14839476738923,220.25709175056494,39.55740058301219,22.267336879084194,,,2646,19.23,0,No Defect
0.04115290250388769,98.1055613882911,166.43770137187266,48.29129464146802,23.044181674378233,,,2647,19.235,0,No Defect
0.03769279145256152,96.03247912578126,201.42904271034246,34.434503065743066,24.917389632557025,,,2648,19.240000000000002,0,No Defect
0.038936123870968516,100.67843656574125,242.69350065948464,34.45153290016064,22.382898037611202,,,2649,19.244999999999997,0,No Defect
0.039293138606160835,98.50441243690935,202.35648593849294,36.54645581226176,24.24881950363661,,,2650,19.25,0,No Defect
0.039688089468295704,100.65747600606254,229.19663047083412,37.319901888251664,22.375803744132394,,,2651,19.255000000000003,0,No Defect
0.04081692217017667,99.84573076114009,191.1909368594794,40.484908847437985,23.790020401805062,,,2652,19.259999999999998,0,No Defect
0.04150181085743067,100.37175674411485,189.03504972860506,43.73600640292102,22.97683753900265,,,2653,19.265,0,No Defect
0.039368568245183824,98.29710576640431,208.6603062972294,42.827932805646306,22.01808157949282,,,2654,19.27,0,No Defect
0.03807017077180289,96.87052305403614,209.2664262506144,37.148117976697385,23.627509835352146,,,2655,19.275,0,No Defect
0.03942769599725995,98.61600711898357,205.97949537399094,38.61654780636746,23.408985141059404,,,2656,19.28,0,No Defect
0.04010317669843664,100.39519065556706,216.4267381428609,37.780368255772856,23.014576450540467,,,2657,19.285,0,No Defect
0.042276974345131564,102.29941814816297,197.76112254431376,42.65768750674871,22.748055492940246,,,2658,19.29,0,No Defect
0.04143432181077236,101.10592977073783,201.8669980284268,41.96324429124219,22.69288328071246,,,2659,19.295,0,No Defect
0.04020948717744349,99.382181981848,196.77287416738957,39.59636519345107,23.680404354644736,,,2660,19.3,0,No Defect
0.03928689438109418,97.90497271622732,191.10378430957707,37.74699955644428,24.556778177616227,,,2661,19.305,0,No Defect
0.03921546303881528,99.22632812694548,221.24429452973246,37.82540857079549,22.686797939308853,,,2662,19.310000000000002,0,No Defect
0.04038642045779678,101.82174384923395,230.49480992674694,36.65427853782336,22.466296301042547,,,2663,19.314999999999998,0,No Defect
0.03900756981911934,97.28173807184855,202.83084052991478,43.690864292119656,22.095262848288655,,,2664,19.32,0,No Defect
0.042019211841543835,98.75764339090534,158.9390325959031,49.873201222671355,23.004162579541298,,,2665,19.325,0,No Defect
0.03889534472767318,97.23824176669345,200.46171343361044,43.54691106624675,22.272273783858612,,,2666,19.33,0,No Defect
0.04168754361486571,100.59184539646336,181.8171138626387,40.16266358039333,24.42906584617826,,,2667,19.335,0,No Defect
0.037262665235709536,95.6344001841064,208.2469663445605,36.92426456305739,23.714277612265068,,,2668,19.34,0,No Defect
0.04048331929726415,99.56325538605438,193.3971178659754,37.44214935124599,24.500267163947463,,,2669,19.345,0,No Defect
0.03870326104993712,98.26414446804262,220.39191531557478,40.590264486612924,21.90364495986399,,,2670,19.35,0,No Defect
0.03982194672378552,98.39280160050012,190.7648652015453,37.73364965978658,24.56536637746126,,,2671,19.355,0,No Defect
0.039767027138335194,97.61208917547623,181.02250588127595,39.49360743168088,24.645017421147696,,,2672,19.36,0,No Defect
0.041423442061507304,100.1657627048358,173.89443706940278,36.905766662137125,25.846994348541955,,,2673,19.365000000000002,0,No Defect
0.03970007441734528,98.16240714437295,194.8213114991005,41.45849229851346,23.217771397333582,,,2674,19.369999999999997,0,No Defect
0.04055024708201414,99.20900490727796,187.73695149385932,41.59017846968216,23.61568201043914,,,2675,19.375,0,No Defect
0.041102712184318345,101.41717955156511,210.7108393100983,40.87784609624613,22.41716400535429,,,2676,19.380000000000003,0,No Defect
0.040272234154993286,99.176357338197,203.40722382689725,45.370744664424016,21.544481838724273,,,2677,19.384999999999998,0,No Defect
0.04049711181934186,99.75075751244334,200.6557973790948,40.344624759272435,23.183028968224306,,,2678,19.39,0,No Defect
0.039695765800683576,99.06354970066535,202.68842449621957,36.905912700561935,24.05232015486687,,,2679,19.395,0,No Defect
0.03859778725634186,96.70403458712059,197.14885201886588,39.53662160736553,23.61319404993454,,,2680,19.4,0,No Defect
0.04014011621700981,97.71715900913475,173.85136579026147,42.65519585014757,24.13647687311316,,,2681,19.405,0,No Defect
0.03900447617590076,98.50536614097524,215.85278168658996,40.28244462752007,22.243199032108304,,,2682,19.41,0,No Defect
0.04130213561157651,98.34304430976279,157.63891035936766,43.165167600836135,24.989506309684508,,,2683,19.415,0,No Defect
0.03878416079893824,98.12424466385052,209.74161282944843,36.4480010957046,23.732613842858704,,,2684,19.42,0,No Defect
0.04121204574269349,99.29299101811621,172.3780430730346,40.496160659642165,24.859692474386975,,,2685,19.425,0,No Defect
0.03912270858564962,99.24234982552233,222.3246863526648,38.150860857668214,22.460090711496115,,,2686,19.43,0,No Defect
0.04155655339265209,97.8111812245105,154.0973853567855,50.03856775283481,23.190737308757495,,Ambient RH high,2687,19.435000000000002,0,No Defect
0.041697394391723375,100.70967248441579,186.61623124651192,42.46631171894568,23.406094419039764,,,2688,19.439999999999998,0,No Defect
0.041792769470071156,101.56869277524355,191.60480603049487,38.64766060070751,24.213273643767508,,,2689,19.445,0,No Defect
0.041096264546112565,100.31045409187603,188.29601795769244,38.42777783459689,24.472358257201453,,,2690,19.45,0,No Defect
0.04020164310299197,98.41503365191332,187.00526494836242,42.65615963645582,23.30636556215451,,,2691,19.455,0,No Defect
0.03947876013288382,98.75440536183034,209.98011675093338,39.62014709156119,22.778391089155242,,,2692,19.46,0,No Defect
0.04175690819883807,101.4012953162191,194.74306777434822,41.545300624987675,23.16345442392602,,,2693,19.465,0,No Defect
0.04100490849939949,98.04945265874649,157.7305575603899,42.42513252129255,25.16751378330334,,,2694,19.47,0,No Defect
0.04053544187099376,99.25203448353773,186.48987395326233,39.30974069473236,24.30777910622216,,,2695,19.475,0,No Defect
0.04281408989710917,101.25590121256529,177.1057198931169,47.99783195332281,22.362975603556006,,,2696,19.48,0,No Defect
0.04106577544607048,100.69849974316995,199.7552990822577,40.40122481226845,23.17476035116331,,,2697,19.485,0,No Defect
0.03889883322784901,98.7251920690639,217.51799435440157,36.69489958115264,23.147871413473197,,,2698,19.490000000000002,0,No Defect
0.040353755467215396,97.98850200847967,184.10644533261978,46.27245180380307,22.410205981911535,,,2699,19.494999999999997,0,No Defect
0.04057452252559726,99.87504068293833,202.47926233475914,42.43210132800434,22.40270094902452,,,2700,19.5,0,No Defect
0.041801517065196594,101.74803845019419,197.5599360800199,38.88082241293068,23.751197101956556,,,2701,19.505000000000003,0,No Defect
0.03968300174259461,98.2717860227456,187.79568010560865,36.88181588577386,24.911425485150687,,,2702,19.509999999999998,0,No Defect
0.037979631586925744,97.49498729251755,219.03311909229942,38.15996281331187,22.60199588329241,,,2703,19.515,0,No Defect
0.03941968042099205,97.60465730744733,198.61407168985613,43.67571676810643,22.25880676989565,,,2704,19.52,0,No Defect
0.04094270707610058,98.62023430494531,177.19140352285808,46.81869977874631,22.661019922767604,,,2705,19.525,0,No Defect
0.040850621677663,100.77892887069638,213.40451346297365,44.27929085731363,21.178847338970478,,,2706,19.53,0,No Defect
0.04120531689774968,99.37545588999988,182.5982697205509,43.95457157309344,23.167327010016198,,,2707,19.535,0,No Defect
0.03588947933850256,95.34874726038458,233.4391267969059,34.16269954805034,22.85834735449777,Paste volume per aperture low,,2708,19.54,0,Open Circuit
0.04149895416155257,99.46920392626845,178.94924050619142,48.102963147248694,22.17180283299705,,,2709,19.545,0,No Defect
0.04105391091742463,100.27726436084416,191.84547678433188,40.32403087505354,23.64768481169589,,,2710,19.55,0,No Defect
0.03944293384046547,96.72409083901506,176.96662909216923,41.817845167379936,24.108990324088587,,,2711,19.555,0,No Defect
0.0400678921577444,99.29042079358683,192.8719260348517,35.05729320455673,25.111005975388963,,,2712,19.560000000000002,0,No Defect
0.03912116015149176,98.77247707299033,210.6695229851563,35.31236997871595,23.935212850732224,,,2713,19.564999999999998,0,No Defect
0.0396077939904309,97.56951257641683,188.64820659997537,41.015510281024326,23.6230899811426,,,2714,19.57,0,No Defect
0.039807065105206436,100.5292216571072,226.38787614118246,35.97660697162607,22.7797572842935,,,2715,19.575,0,No Defect
0.040073618518864935,98.19124476570104,172.85304433073023,36.29479968302101,25.96416606549855,,,2716,19.58,0,No Defect
0.0406947098163724,99.133817940291,188.5709677243725,42.310041692298405,23.25039321200963,,,2717,19.585,0,No Defect
0.03877242496487424,99.33612570972612,222.3285238342817,33.160617429906864,23.829088788525812,,,2718,19.59,0,No Defect
0.03934730782927977,98.55970780052073,210.65462877850695,41.87824268847187,22.00225577029496,,,2719,19.595,0,No Defect
0.03881227872997717,97.91244150343199,218.31614770124486,43.98004207881485,20.91201027893861,,,2720,19.6,0,No Defect
0.041061029024060614,100.80354584536738,206.90576952802488,42.06329906895747,22.189931857900707,,,2721,19.605,0,No Defect
0.04009201446698546,98.31596660211177,183.27611116493756,38.62095306719931,24.634154897981922,,,2722,19.61,0,No Defect
0.04018151884345416,99.58462488434463,197.7363111638144,34.998736571654774,24.804674287319926,,,2723,19.615000000000002,0,No Defect
0.04191779835487025,101.29160167199971,192.85168458391044,43.53017296990287,22.620632406031813,,,2724,19.619999999999997,0,No Defect
0.041850817886618874,100.25599090526136,184.11682323350183,46.944713623990395,22.157101909196346,,,2725,19.625,0,No Defect
0.039002547791424605,96.25498072040794,188.93370988699346,45.04982875423238,22.390258521627615,,,2726,19.630000000000003,0,No Defect
0.04050104920291839,99.0004305855058,181.94461440686572,39.71927698828352,24.381148469115907,,,2727,19.634999999999998,0,No Defect
0.039608716459422266,98.24525496890121,190.40847236263969,35.67507914534012,25.03813081054666,,,2728,19.64,0,No Defect
0.0393680888764901,98.42546000542497,195.40791407588898,33.34418575710529,25.407355267096253,,,2729,19.645,0,No Defect
0.04050366931981391,101.29194505575194,226.22063148539036,40.00445765945829,21.57792128789083,,,2730,19.65,0,No Defect
0.0395778171145911,100.66705464048769,236.370734082264,38.299407406662134,21.44234102149248,,,2731,19.655,0,No Defect
0.04192667223598693,101.53791979780425,200.63607515824037,42.603890464252196,22.39806113419267,,,2732,19.66,0,No Defect
0.03931268031574075,100.10140922252627,236.22309600563534,39.38095365803256,21.128619038714348,,,2733,19.665,0,No Defect
0.0423777392505975,101.48134670102888,194.72364150083897,48.16823555807481,21.131008063949903,,,2734,19.67,0,No Defect
0.04115461974921392,99.82923703308722,186.9006787859816,43.458249240393236,22.970648822681653,,,2735,19.675,0,No Defect
0.03773973556289841,97.13617609411423,218.74864310745494,35.945296259827195,23.181348368069578,,,2736,19.68,0,No Defect
0.04196207608762732,101.89645889953896,202.5827538020846,42.307106536074144,22.34978469353762,,,2737,19.685000000000002,0,No Defect
0.04262488126316245,100.96088735371713,179.37373147044698,47.92090597991591,22.137144326327356,,,2738,19.689999999999998,0,No Defect
0.04039497598853726,100.1362137582045,210.9934748473974,40.26091672756316,22.413981282642055,,,2739,19.695,0,No Defect
0.039085829880937915,96.62042294333409,182.4109696789826,39.081185599505964,24.497972520603355,,,2740,19.7,0,No Defect
0.04153644851244025,99.0848434404032,170.15931478802887,44.34235177453374,23.731456951446454,,,2741,19.705,0,No Defect
0.03916960412334805,97.14001790115643,195.8587722878252,42.44716828303165,22.685821909949144,,,2742,19.71,0,No Defect
0.03703969928448392,97.00897834370636,239.03370663257425,36.74294334930227,21.68205122789102,,,2743,19.715,0,No Defect
0.04161266398290644,99.96545111469575,176.67285448449195,44.161132312359975,23.371340197411108,,,2744,19.72,0,No Defect
0.04098971868607374,100.57082323037412,201.9560246673487,41.15436567017847,22.694339716100075,,,2745,19.725,0,No Defect
0.04036262607345754,99.32859273897992,203.70374395335728,42.793845780786995,22.103854537347324,,,2746,19.73,0,No Defect
0.04109657318085447,100.8120250225084,206.42546879572856,42.33975536583649,22.07051287016668,,,2747,19.735,0,No Defect
0.03990359952061075,97.92790722473158,183.88333690320874,39.0215647435365,24.411595406938627,,,2748,19.740000000000002,0,No Defect
0.03920441701353715,95.8407918016726,177.21609040290414,47.41242036787954,22.356886820254083,,,2749,19.744999999999997,0,No Defect
0.039729405906952064,98.68878137370575,199.31517131727858,38.91808100580676,23.48628804154706,,,2750,19.75,0,No Defect
0.038878482653699746,99.57584200709248,224.16962229601523,32.675780023754946,23.77338895012759,,,2751,19.755000000000003,0,No Defect
0.042534712361315584,101.88687634182457,183.74710778506093,41.09871861896602,23.822413039196,,,2752,19.759999999999998,0,No Defect
0.038476116783165475,96.72041965171466,192.72096460722182,34.85620736208979,25.060338705381973,,,2753,19.765,0,No Defect
0.040400276027552535,97.4296762490625,169.59775511794905,44.526028100504845,23.666127088518277,,,2754,19.77,0,No Defect
0.03915485846660301,97.75182402540148,198.2641187623148,38.042810414227105,23.789894350519138,,,2755,19.775,0,No Defect
0.04307724535676566,101.3399984623957,165.19886467853038,44.10553174206427,24.075919106068252,,,2756,19.78,0,No Defect
0.04146447036753428,98.09868228504605,154.40625433651658,45.80364350444289,24.225155978761826,,,2757,19.785,0,No Defect
0.03890543148575442,98.35291377720691,218.50844959089474,40.1962118124171,21.908312559722322,,,2758,19.79,0,No Defect
0.04060833587862014,99.21087179309966,193.4968239102002,44.53216802736506,22.18544261350695,,,2759,19.795,0,No Defect
0.04014810573719239,97.41534089649977,186.98601374578075,48.77119159004816,21.344678882291294,,,2760,19.8,0,No Defect
0.03995290583845003,98.15241595852068,185.1517470028653,40.84116657701815,23.76399930704912,,,2761,19.805,0,No Defect
0.042591721462407126,101.64828375697591,182.52495723909755,43.19714998985967,23.259214121340335,,,2762,19.810000000000002,0,No Defect
0.038610669462751906,97.6963050421279,207.9019131285242,36.871733181467405,23.51339273795378,,,2763,19.814999999999998,0,No Defect
0.04038361691258212,101.05964629199745,219.54358735449026,37.7412635792509,22.556525906541946,,,2764,19.82,0,No Defect
0.041742341647903,101.89459002830353,200.95580758647145,39.17923487355092,23.286042057665863,,,2765,19.825,0,No Defect
0.04066529005319659,99.93771445099834,198.78938645957703,41.19021952595064,22.819281170211664,,,2766,19.83,0,No Defect
0.04218004930528188,102.07857898722933,195.3692151734818,40.35967361791711,23.283077991235572,,,2767,19.835,0,No Defect
0.04202801762211707,101.12497394897106,186.72773457125098,42.40691343637699,23.211397024203382,,,2768,19.84,0,No Defect
0.03950810347686516,98.4738160377063,210.2376186333555,43.01572704884479,21.56876995996134,,,2769,19.845,0,No Defect
0.03878483051128203,97.57392652562719,213.42873993370898,41.85496575942685,21.704953828084225,,,2770,19.85,0,No Defect
0.04034228342694552,98.34546680100689,182.09952600277592,41.47115465847887,23.746926768925256,,,2771,19.855,0,No Defect
0.04170731785333624,102.24109676818792,203.8664089141414,37.004808625082894,23.723838999461556,,,2772,19.86,0,No Defect
0.04202201196084139,101.73121829055825,195.79789467431831,42.11783627268996,22.725169207712764,,,2773,19.865000000000002,0,No Defect
0.03876291586357892,97.94634709571503,218.85065245682924,41.417671133537596,21.488562643250756,,,2774,19.869999999999997,0,No Defect
0.039676610293680976,96.35055527040012,171.29495365083665,44.502413466354916,23.508701626398917,,,2775,19.875,0,No Defect
0.03846032009566896,96.56782465332536,203.35638571647976,43.56842667656438,21.79952803609962,,,2776,19.880000000000003,0,No Defect
0.03820734774674878,98.05020852801091,221.95220016466786,34.26952331611861,23.373192761491666,,,2777,19.884999999999998,0,No Defect
0.04094152286989843,100.88704178080101,205.37530697048805,38.866309502796256,23.066473288727057,,,2778,19.89,0,No Defect
0.04075740671482924,100.91909574247418,204.08775763145076,35.59412855697362,24.096290430487578,,,2779,19.895,0,No Defect
0.039932069726825815,98.68983848820214,197.23805642025812,39.533150210469785,23.3589226869283,,,2780,19.9,0,No Defect
0.03720711919545397,96.05996571719196,217.296085097722,35.54007834523281,23.26962546889909,,,2781,19.905,0,No Defect
0.03885396036693474,99.25411716003129,235.47052569853315,37.91081967579216,21.475746013174668,,,2782,19.91,0,No Defect
0.03946701458379083,95.53474010713754,157.87681688666555,42.49679291381813,24.893648211716176,,,2783,19.915,0,No Defect
0.0412036990482033,100.50712204823701,195.17333728458695,42.18627918618365,22.706347957017243,,,2784,19.92,0,No Defect
0.03921745975517247,96.19563640965286,168.9858903840955,39.4212899072138,25.10177824701656,,,2785,19.925,0,No Defect
0.04024434856985742,97.4305979137876,170.41171549189758,41.78181281415398,24.33380960210703,,,2786,19.93,0,No Defect
0.03946848734319941,97.40779965067124,186.2992353223685,40.735060896637634,23.653378202398695,,,2787,19.935000000000002,0,No Defect
0.04081629600964989,98.89263498808812,167.72781683151055,35.3913132814773,26.363485030984112,,Ambient temperature high,2788,19.939999999999998,0,No Defect
0.04046539925548952,102.72794499129533,244.1398870443225,38.16042025433929,20.857257574450884,,,2789,19.945,0,No Defect
0.03916006223173253,98.48255297944601,219.4640903159365,44.14865268553489,20.611416680512185,,,2790,19.95,0,No Defect
0.04033761421609538,97.88042646378968,182.04692312119946,46.49337019342705,22.229244641882705,,,2791,19.955,0,No Defect
0.03911005981753677,98.44279150315434,213.5619717517758,39.338087457258105,22.375087782778984,,,2792,19.96,0,No Defect
0.03976822218221884,99.73590631216334,218.68158206844163,38.58973778726727,22.28407108659064,,,2793,19.965,0,No Defect
0.039660797986371364,99.36825139104079,213.21347087727415,37.932623249613385,22.807169253414752,,,2794,19.97,0,No Defect
0.039558872328187895,99.40909849372146,216.79819215147793,38.26168728204441,22.487230918448923,,,2795,19.975,0,No Defect
0.041753584165511656,100.15100872919426,180.95997727799843,43.933876664064414,23.04414166893099,,,2796,19.98,0,No Defect
0.03912715378835916,98.20493565131315,213.32352328023413,40.51194921023832,22.0359565652038,,,2797,19.985,0,No Defect
0.038277875844959126,96.07322135467854,200.01981788640327,40.472899656326604,22.854772123367766,,,2798,19.990000000000002,0,No Defect
0.0408244735423458,100.20612103843183,197.57327998868325,39.385635747930806,23.337022703848156,,,2799,19.994999999999997,0,No Defect
0.039700980214327095,98.45418566898455,209.98133054304088,45.96732483501556,20.64215906666452,,,2800,20.0,0,No Defect
0.03933731191463241,98.21559697967473,197.56231228709134,35.623379243092124,24.420554230501445,,,2801,20.005000000000003,0,No Defect
0.039303880144994974,100.18661210922883,225.2998250159235,31.635848079692384,23.880773821463915,,,2802,20.009999999999998,0,No Defect
0.03991499105116382,99.79970912874886,215.23887814842553,38.753911025637294,22.42127608933861,,,2803,20.015,0,No Defect
0.03957453746280665,97.6195549034942,186.6655535729511,40.21008180709762,23.740813860662396,,,2804,20.02,0,No Defect
0.04215670794785885,100.7717506761999,175.41810307004877,41.967226923196066,23.936287914534322,,,2805,20.025,0,No Defect
0.04149033530620008,100.94997541373161,200.65334555644822,41.61759402719871,22.487051881904886,,,2806,20.03,0,No Defect
0.03878497718940707,98.9678508456013,223.90608484840166,36.12937987195272,22.633988024341754,,,2807,20.035,0,No Defect
0.038850134960379624,97.21931476238866,206.8800543443861,42.14727833140658,21.922525026208344,,,2808,20.04,0,No Defect
0.038956500487854664,97.59780785393855,203.42768456720853,38.63591173636834,23.15744871966704,,,2809,20.045,0,No Defect
0.04038173843666424,98.49040954593622,181.87533004018724,39.360869337509136,24.276775556312522,,,2810,20.05,0,No Defect
0.041258402862972,101.71840163421263,207.40250845157394,38.727873517557555,22.894667984027034,,,2811,20.055,0,No Defect
0.04144488524150118,99.67426968863005,175.21794842924666,40.34096999598489,24.40191993972945,,,2812,20.060000000000002,0,No Defect
0.04077337859114436,100.3944041967165,198.73854796904328,36.47154228088219,24.081215197213552,,,2813,20.064999999999998,0,No Defect
0.039851511649807006,98.59133992093219,193.7918724473568,38.30303497944165,23.837774943917964,,,2814,20.07,0,No Defect
0.03932697437515459,97.8425117891959,201.8778128440111,40.88260789713716,22.58356915349718,,,2815,20.075,0,No Defect
0.03904184101582759,99.82345839344241,233.61147227908677,35.568450267526615,22.183579337580145,,,2816,20.08,0,No Defect
0.039314860697244325,99.63573337354417,217.71649031214068,33.01267722898837,23.904134897446102,,,2817,20.085,0,No Defect
0.03997908048310874,98.6538705333803,189.44671939900275,36.70926364927991,24.56124112716537,,,2818,20.09,0,No Defect
0.03916244702236467,98.79499686972338,219.95022322342015,39.76684708336667,21.78814541070254,,,2819,20.095,0,No Defect
0.03711828510730871,95.64207085291092,220.84066613343785,39.54791038742366,21.779122563790306,,,2820,20.1,0,No Defect
0.04303724202756073,103.79930433770917,203.82347699813158,41.92509803431328,22.170797060421506,,,2821,20.105,0,No Defect
0.03894981957061549,97.42203141973445,200.47404765900336,38.76366438638106,23.266709718817104,,,2822,20.11,0,No Defect
0.04051475431180053,99.99958871057761,211.02512582130413,42.480170851236885,21.54517360618777,,,2823,20.115000000000002,0,No Defect
0.0364263067616673,95.07396458177968,227.30171873206416,38.11697066146449,21.784864375765185,,,2824,20.119999999999997,0,No Defect
0.03965783711269429,98.74409763561792,198.12606587230962,36.45118221331845,24.082111556048233,,,2825,20.125,0,No Defect
0.04092502912022774,100.58759003934883,209.21890545010217,41.81256797195257,21.846665556363853,,,2826,20.130000000000003,0,No Defect
0.040751835481321615,100.13114808266111,196.20005060631547,35.80009082269571,24.398617819138074,,,2827,20.134999999999998,0,No Defect
0.03979664543877837,98.16576834917873,197.49626139913374,42.60488154084595,22.31839673913105,,,2828,20.14,0,No Defect
0.03742445599149752,95.23084690386304,215.5312726666916,45.51872203096431,20.338780074905905,,,2829,20.145,0,No Defect
0.03975775963235865,98.44436383832793,204.00812879088085,42.45883168562659,21.956888677711706,,,2830,20.15,0,No Defect
0.0395353799186061,100.4099123736569,233.22020997284457,38.5185032079486,21.307814180868203,,,2831,20.155,0,No Defect
0.04141099841828263,100.02975683502191,185.6365722480852,43.9249090548027,22.659892780812445,,,2832,20.16,0,No Defect
0.04027102583872279,99.64024063325532,206.32521102822952,40.23037721659274,22.461413687860723,,,2833,20.165,0,No Defect
0.03827324025680824,98.6636919857866,238.4941231953856,39.74295622623646,20.607835069266635,,,2834,20.17,0,No Defect
0.03884143463151258,99.26374958021658,220.02775307926544,29.996614320130952,24.59354979957721,,Ambient RH low,2835,20.175,0,No Defect
0.040256018983615256,100.77714248339532,218.69069197221614,36.18054430668356,22.87741072019231,,,2836,20.18,0,No Defect
0.040626195332802484,99.99451282558887,200.3849413784002,37.643176795346704,23.576016707713737,,,2837,20.185000000000002,0,No Defect
0.041893896476118284,101.00641512962184,186.68952482524858,42.01538489072656,23.141776228855637,,,2838,20.189999999999998,0,No Defect
0.03969950381954124,98.76250930296821,202.04429705548606,38.469797492419,23.216627298904683,,,2839,20.195,0,No Defect
0.03813401054589293,97.24035105294314,210.27131113432304,34.65637072457765,23.809902256105932,,,2840,20.2,0,No Defect
0.03962526249492125,97.37627940507242,186.41181539978763,40.832381664354166,23.481676526802502,,,2841,20.205,0,No Defect
0.03980266065376815,100.4355626724316,230.07822441794656,38.96549735205654,21.345941593616338,,,2842,20.21,0,No Defect
0.03947562894343183,98.43085578773665,202.71230807063804,39.21384535148062,22.945031885452636,,,2843,20.215,0,No Defect
0.04106497769401019,100.90711123900557,208.76591306214323,42.00462790948867,21.769601112191857,,,2844,20.22,0,No Defect
0.042268203584524724,102.99188051969618,206.12051391289924,38.10853702356823,23.077735928227572,,,2845,20.225,0,No Defect
0.04073449533569735,99.45020541239656,185.8125503869063,38.61199597576043,24.160275130103994,,,2846,20.23,0,No Defect
0.040967864606145904,100.23405192626602,196.12106755400583,40.671532205342785,22.924864184490712,,,2847,20.235,0,No Defect
0.039380036622793164,98.11556216820017,193.99070886627325,35.47574054132683,24.558956669689934,,,2848,20.240000000000002,0,No Defect
0.04045309228283918,100.88953829094446,215.8676976315814,37.35771014418281,22.672571816218852,,,2849,20.244999999999997,0,No Defect
0.04312414205856269,102.18186883273847,173.40960727046578,41.559631792698546,24.06826151012693,,,2850,20.25,0,No Defect
0.03956988924719279,99.32468301577002,220.4174212127932,41.62664239406573,21.134231865347427,,,2851,20.255000000000003,0,No Defect
0.03906860246395014,97.89967797398191,208.1089933402581,41.00511183167532,22.06415821985744,,,2852,20.259999999999998,0,No Defect
0.03949340209306242,98.96035366873419,215.3944292163084,40.673019545837136,21.715979250164775,,,2853,20.265,0,No Defect
0.03975809952518129,99.61662482327574,208.08857673189323,32.780553602886854,24.471763622293487,,,2854,20.27,0,No Defect
0.040681959633879806,100.19784426402981,197.948760337994,37.75841923151047,23.64035442092039,,,2855,20.275,0,No Defect
0.03788733823575727,98.221312863796,235.94861549927236,34.85825407620784,22.13332028680061,,,2856,20.28,0,No Defect
0.03731275127341199,96.81450363698153,229.5574034145365,36.270540060834605,22.105525868952284,,,2857,20.285,0,No Defect
0.03815465811653331,96.46427980474283,201.86738934895496,36.90448783494905,23.623086630058474,,,2858,20.29,0,No Defect
0.04057341243223026,99.13106995034728,186.83331512404726,40.83121796321051,23.412172982226675,,,2859,20.295,0,No Defect
0.04019106924429218,98.33782127979065,195.31236642988506,43.781503639586745,22.030944555772205,,,2860,20.3,0,No Defect
0.03907174507445363,96.81492512737273,190.032440782975,39.81077076426067,23.501204074399354,,,2861,20.305,0,No Defect
0.04003624008305151,98.31657925933807,189.58398749796388,40.19598803152325,23.42021721107036,,,2862,20.310000000000002,0,No Defect
0.03980207305313487,99.52838987228536,215.40204860838767,40.03080521831469,21.87898155393645,,,2863,20.314999999999998,0,No Defect
0.03850731985989105,96.93447124107529,213.2266926888769,43.09527679638631,21.10646635080954,,,2864,20.32,0,No Defect
0.03972934671849709,98.76352041749722,191.4941353956218,34.6171277161925,24.91837432378201,,,2865,20.325,0,No Defect
0.04043813081354036,99.10990281619421,187.5463460548145,36.9892780862442,24.47548551884767,,,2866,20.33,0,No Defect
0.041447716724188816,100.1965982422708,184.6002388719915,39.84900708928678,23.826663608667502,,,2867,20.335,0,No Defect
0.04195247629774714,102.03323841819922,203.57239315090493,41.24718170944576,22.254126826495394,,,2868,20.34,0,No Defect
0.03967220625508061,97.88311705694258,184.6115048828101,37.73231265911782,24.42083502250956,,,2869,20.345,0,No Defect
0.04159475904820478,101.37047905183489,202.48784587630047,41.88539515142164,22.125706147391686,,,2870,20.35,0,No Defect
0.04247739737236332,101.41266752719397,183.2886537184359,42.779028510149416,23.049141593360325,,,2871,20.355,0,No Defect
0.04063646246024875,99.74591732528792,194.39571598338281,37.154912218717115,23.993641533357668,,,2872,20.36,0,No Defect
0.041595014821651816,99.87184955186605,178.0631427663449,43.517456207084564,23.13806344254669,,,2873,20.365000000000002,0,No Defect
0.039030570323606587,97.15176592209744,204.5944232733133,45.97020483113758,20.77080456158778,,,2874,20.369999999999997,0,No Defect
0.04104462421569416,99.35258454522,193.475612898093,47.032079300835306,21.15939878721681,,,2875,20.375,0,No Defect
0.039859285095814455,98.47919919567767,205.30649778924217,44.69185087070114,21.10429311133567,,,2876,20.380000000000003,0,No Defect
0.040340473822031375,98.37852919837442,183.21286336798747,40.79346301780061,23.59930740893127,,,2877,20.384999999999998,0,No Defect
0.038523227515511946,98.61196431831848,224.80745166735278,34.86848328115851,22.760407988021342,,,2878,20.39,0,No Defect
0.03921571230801139,99.55271833153247,220.2365013617804,33.94384489250851,23.313356595756794,,,2879,20.395,0,No Defect
0.03992765282470124,97.51405210388016,187.15040791965558,45.14700601206652,22.074785481315924,,,2880,20.4,0,No Defect
0.04094341674805882,100.20124335347451,191.87895400982936,36.58751522125611,24.291575287888868,,,2881,20.405,0,No Defect
0.040412598854382885,98.72985880506513,185.20301150163633,39.120050759121845,23.95436629537441,,,2882,20.41,0,No Defect
0.03887192915279187,96.01061125878782,190.3937812627765,45.67131573252066,21.70616925726073,,,2883,20.415,0,No Defect
0.040181767751946124,98.15897935189722,185.206006018908,41.05666001553532,23.38155120916519,,,2884,20.42,0,No Defect
0.04267088055493935,101.10834053801675,170.04920019007452,41.281994117572594,24.26342826985852,,,2885,20.425,0,No Defect
0.03779696227245884,95.9127700775228,213.18989562421055,42.599096833176326,21.189662367140937,,,2886,20.43,0,No Defect
0.042843164737578106,101.96563993952952,178.493225733406,40.793913339466144,23.883294120295336,,,2887,20.435000000000002,0,No Defect
0.04167476107835021,101.12508442754321,200.41907687544384,44.43102267290434,21.46223599400248,,,2888,20.439999999999998,0,No Defect
0.03874019536426359,97.56397851239903,204.69546929732982,36.83798313058321,23.392138725427664,,,2889,20.445,0,No Defect
0.039775789927393806,98.80001060468584,203.27614434301563,39.96985454921229,22.569548534277395,,,2890,20.45,0,No Defect
0.03707109306240247,96.41639621554847,233.1620918314432,38.496943073973654,21.142901178675384,,,2891,20.455,0,No Defect
0.03848648935023457,97.8539020317908,218.7838504323325,37.55607254986697,22.30913828842108,,,2892,20.46,0,No Defect
0.03873746541730039,99.3850810663524,233.66096055606798,33.51494211139552,22.578714977502244,,,2893,20.465,0,No Defect
0.041279464362240954,99.78376365191953,178.42911557307363,38.59335239019267,24.498654832356614,,,2894,20.47,0,No Defect
0.040655822378408354,100.29848532689009,200.49411243817107,36.13693983652962,23.855719703811996,,,2895,20.475,0,No Defect
0.0388547523292721,96.64043733385964,188.46833715704523,38.45287889370292,23.898428695534854,,,2896,20.48,0,No Defect
0.03908784148330838,97.96032581432162,214.18174573075964,41.607115794710545,21.40228595311275,,,2897,20.485,0,No Defect
0.04060683206055836,99.36218931823748,190.56654044372044,39.84940993714887,23.37035670308503,,,2898,20.490000000000002,0,No Defect
0.037055315704499624,95.26849299836125,224.39665972786315,43.87223932810431,20.090372588979562,,,2899,20.494999999999997,0,No Defect
0.041564025603422844,100.44456776397706,192.17807818536298,44.196506248300665,22.004972633337054,,,2900,20.5,0,No Defect
0.039570604976228635,98.60597983269908,202.78663122292184,37.84033282348414,23.192370263169906,,,2901,20.505000000000003,0,No Defect
0.038945722400083614,97.52569270019733,199.6929363553041,36.746552474831226,23.69473217902807,,,2902,20.509999999999998,0,No Defect
0.04053640691902946,100.34707643138033,206.57247025669113,38.88012669777284,22.656801925178833,,,2903,20.515,0,No Defect
0.04067219669671147,99.68573593090174,198.50396877433263,42.261747167557225,22.16337279974805,,,2904,20.52,0,No Defect
0.041780118549843814,100.67985168178774,189.72988024795134,44.401431819996446,22.08294028416809,,,2905,20.525,0,No Defect
0.03957539897597774,98.44965741037221,207.67836276732098,42.40079886029476,21.54663003198374,,,2906,20.53,0,No Defect
0.03798830648660963,97.09244624035982,214.18474584290078,33.80624158656211,23.64530141473124,,,2907,20.535,0,No Defect
0.040435221027198646,100.65295246404575,215.27435579553548,38.095618361277715,22.34032210113442,,,2908,20.54,0,No Defect
0.03794050745651412,97.31681988097993,222.5328051303884,37.17432912003451,22.14090069836452,,,2909,20.545,0,No Defect
0.038909300789058354,97.90435604195544,217.9367691527064,43.092648387467776,20.69990966995288,,,2910,20.55,0,No Defect
0.03821184685102574,95.38250975331677,197.02054494503818,43.473582829890326,21.86671007349532,,,2911,20.555,0,No Defect
0.0417618024628132,98.99833439816489,171.94762518869385,48.33612441664637,22.009693100927656,,,2912,20.560000000000002,0,No Defect
0.03967016363696252,97.79831570013201,194.81875042744502,41.47694776179265,22.59046058948453,,,2913,20.564999999999998,0,No Defect
0.039705885298226544,97.19870037128955,184.86987975452737,41.72563705805721,23.12674275309318,,,2914,20.57,0,No Defect
0.040243476335307206,98.87985248269412,196.47507085254543,41.883692444088624,22.367151979334714,,,2915,20.575,0,No Defect
0.03991412746726668,95.43073746944107,156.8569090658975,46.73426947405954,23.377812105885347,,,2916,20.58,0,No Defect
0.04042100406572516,100.44128958659594,210.40402978102574,36.21148696465412,23.167660709360096,,,2917,20.585,0,No Defect
0.03821900143875331,96.40495234375932,210.32026146034414,42.18594078878482,21.40693717819943,,,2918,20.59,0,No Defect
0.03760375594229918,96.6118925095661,224.37399807064372,37.52978664737566,21.899577123137135,,,2919,20.595,0,No Defect
0.041773980268271914,102.50634091850033,213.6538654815497,39.49458588552865,22.010457476905184,,,2920,20.6,0,No Defect
0.04279996825438512,101.06613507585479,166.65649530562456,41.86391461577324,24.208392324914684,,,2921,20.605,0,No Defect
0.042944374966108756,101.91080118248517,184.1622568090765,45.37104603527853,22.109027931987676,,,2922,20.61,0,No Defect
0.04196920127660646,100.18701614524761,183.97775210089588,48.13218693216423,21.30176449777496,,,2923,20.615000000000002,0,No Defect
0.042438892744991075,103.51169390911723,210.88667892965128,37.1954963521912,22.848600857910913,,,2924,20.619999999999997,0,No Defect
0.04299322844607798,101.39121106861076,176.8096317930729,46.13644127714077,22.3306356127321,,,2925,20.625,0,No Defect
0.03906641045236943,96.71238988049755,189.97627509864685,40.33506716057636,23.18212493353232,,,2926,20.630000000000003,0,No Defect
0.03993146613170545,99.39661825344135,207.6184335520174,37.41652242814664,22.95651656955094,,,2927,20.634999999999998,0,No Defect
0.04272687547021292,101.78720491791121,173.05527952755574,37.55046129628362,25.056792105190112,,,2928,20.64,0,No Defect
0.04246079497752482,102.32422807849981,190.93797597255977,40.79691422031492,23.00236689259012,,,2929,20.645,0,No Defect
0.04166195007541923,99.3396842203448,160.50563912845715,37.31056114679347,25.8844746218701,,,2930,20.65,0,No Defect
0.04281641904536699,101.86307045460505,177.24232678514767,40.99602518846184,23.78547943232387,,,2931,20.655,0,No Defect
0.04082799937424343,100.86998722167091,208.70568731487995,37.080214832840994,22.982637296260016,,,2932,20.66,0,No Defect
0.04106989097818846,100.00133577158513,203.5705518750963,45.612487503164964,20.805669956091382,,,2933,20.665,0,No Defect
0.0405575146107413,98.71201957549621,189.01539633815202,42.32927695550914,22.65077536214564,,,2934,20.67,0,No Defect
0.04252138908238058,100.94366426493139,171.69248134194362,42.827297809235716,23.57738143209435,,,2935,20.675,0,No Defect
0.039075977286773804,98.48128009463697,219.20517481023495,41.11190076101213,21.13377110781118,,,2936,20.68,0,No Defect
0.04079476287112596,99.15513174621628,184.83638779763774,41.49837018350896,23.140117211646583,,,2937,20.685000000000002,0,No Defect
0.040370978969796335,99.35256314490164,194.23513955055893,38.51932394769618,23.42767498239045,,,2938,20.689999999999998,0,No Defect
0.037351330440090036,96.45496577843623,220.10723212962864,35.72340541707399,22.630017485833456,,,2939,20.695,0,No Defect
0.03952464675109704,98.71111699674893,208.73781610839694,39.57941762422077,22.217197109936677,,,2940,20.7,0,No Defect
0.042202787041076203,101.55046519006044,196.87405044236115,45.349965739882606,21.27909203015149,,,2941,20.705,0,No Defect
0.03828755334702597,96.54636393738727,212.84567647298869,44.121659832684,20.623267661066343,,,2942,20.71,0,No Defect
0.03624186071825704,94.85151299011335,224.16714688378946,35.34306320063579,22.475300976912436,,Stencil thickness low,2943,20.715,0,No Defect
0.04116840787193475,100.9789058714422,206.65075617594002,38.74678692336684,22.595692266194412,,,2944,20.72,0,No Defect
0.043072446920161156,102.26478023289002,183.57452343555045,43.86089580113136,22.527030989459007,,,2945,20.725,0,No Defect
0.036822178660982,95.40176187982871,220.60049474623048,38.01004121869174,21.909754007843798,,,2946,20.73,0,No Defect
0.03780441765989567,97.05264075232913,218.59909948098982,33.752830149712985,23.284917000545832,,,2947,20.735,0,No Defect
0.040723416015082364,100.79870223555604,213.8147328303509,40.02281943289732,21.765617783158895,,,2948,20.740000000000002,0,No Defect
0.04013511729217167,99.64746192544034,196.95460671408395,33.31093576329201,24.75252024766034,,,2949,20.744999999999997,0,No Defect
0.04155070190969598,100.21692774634302,186.44079741722908,40.717800821239244,23.247033289271457,,,2950,20.75,0,No Defect
0.040836526581918504,100.20654140345212,197.35565689587517,37.261639435319,23.576811469386612,,,2951,20.755000000000003,0,No Defect
0.039073903492451344,98.32145506349539,202.6545918673934,32.69328584290423,24.5681080360012,,,2952,20.759999999999998,0,No Defect
0.040586043516325165,99.56376751755424,207.2096327902814,42.77474189021327,21.35889348853034,,,2953,20.765,0,No Defect
0.039465045466202324,99.13415864296482,219.77363909748107,38.94995122275212,21.690545347474533,,,2954,20.77,0,No Defect
0.039462189701303954,99.48380147456496,215.54382394490088,34.532183802594005,23.235551286510898,,,2955,20.775,0,No Defect
0.041408190464572864,99.69262171818775,182.09829477599197,42.956858178948245,22.839661393008488,,,2956,20.78,0,No Defect
0.041182729434684665,100.20058603892868,191.93593816560298,39.620846253280554,23.20720663943748,,,2957,20.785,0,No Defect
0.04033282541326531,98.99149362964751,195.58830059022688,39.323723499918515,23.062676527313403,,,2958,20.79,0,No Defect
0.04024150877199955,100.04893361819288,211.7049081844338,36.72225189305813,22.830629965394582,,,2959,20.795,0,No Defect
0.03973339837669563,99.28089420749323,202.2587975431101,33.512830862122144,24.33697008905738,,,2960,20.8,0,No Defect
0.03911792221363594,97.9959789935424,204.70891545408452,36.763231187537436,23.23185178167145,,,2961,20.805,0,No Defect
0.039052309749807175,98.53874203608055,212.91828633164673,35.088853664661336,23.214300220724198,,,2962,20.810000000000002,0,No Defect
0.04128112311919434,98.21907763143139,161.56535011570935,43.53776234145273,23.911004204610656,,,2963,20.814999999999998,0,No Defect
0.03801246451090923,97.97251679568365,234.56614079011658,37.853218853000314,21.063746201912547,,,2964,20.82,0,No Defect
0.04060311755410575,99.85078914209691,208.86445647043422,44.381691787602875,20.75154841558281,,,2965,20.825,0,No Defect
0.04084435015964294,98.97742339137697,187.03276318575857,43.83865269183809,22.24957657937008,,,2966,20.83,0,No Defect
0.03983752188136042,98.90004946904415,202.74710587621058,38.579568726588164,22.810522597334284,,,2967,20.835,0,No Defect
0.039959204903105255,98.98000504298858,209.88189388647663,43.131640624123285,21.04234520830551,,,2968,20.84,0,No Defect
0.03872242476822468,98.189381556256,220.27677122689983,39.1889724563315,21.54172056678147,,,2969,20.845,0,No Defect
0.037578053401229605,94.67189075973218,198.82206224939213,41.81609310983799,22.08244756282246,,Stencil thickness low,2970,20.85,0,No Defect
0.04015232641509416,98.77838295693799,196.14032618739503,39.48793520938758,22.945023550860526,,,2971,20.855,0,No Defect
0.03922059241776711,97.64046146322114,199.3327360244947,38.91084242706831,22.90652615981848,,,2972,20.86,0,No Defect
0.039826927129184675,99.64235298037504,222.40264402222533,42.119256391594156,20.555392113168914,,,2973,20.865000000000002,0,No Defect
0.04043582269345871,100.09158183604917,208.81479901090145,39.888437082052945,22.0420189319606,,,2974,20.869999999999997,0,No Defect
0.03952016161723914,99.20577587857028,216.15605168473985,37.82204460155815,22.187014714340464,,,2975,20.875,0,No Defect
0.04022138204052761,100.00640346850523,215.98600269844323,40.66063253597717,21.37111067665991,,,2976,20.880000000000003,0,No Defect
0.04169577631843568,100.33213486065009,179.88666878828326,40.795714160769975,23.55331336289368,,,2977,20.884999999999998,0,No Defect
0.0390794511324682,96.0685892072861,185.4016326241167,42.34141023038873,22.74571944967971,,,2978,20.89,0,No Defect
0.040784399262796645,100.29150474453675,200.74005342305713,37.83314039380746,23.129252178105155,,,2979,20.895,0,No Defect
0.03926872640390718,98.31942704101333,206.74932390461348,37.285493257413904,22.906084563143274,,,2980,20.9,0,No Defect
0.041510769113291324,100.80362093050299,199.2200663413363,43.68162176293954,21.513508071959002,,,2981,20.905,0,No Defect
0.039522089792922044,96.40836614108906,192.8712587540191,50.28577192747675,19.95939888190485,,Ambient RH high; Ambient temperature low,2982,20.91,0,No Defect
0.038348942640283414,98.1275951178687,234.7143020396555,40.43160048910582,20.257255971152237,,,2983,20.915,0,No Defect
0.03981491842129621,96.36696083019453,171.14948041790856,44.82292713749397,22.881732824849784,,,2984,20.92,0,No Defect
0.039621106909143396,98.92818237980893,212.8432067747089,38.4249474434797,22.192373639920504,,,2985,20.925,0,No Defect
0.043248326105143176,100.68934841358508,157.02123602870043,47.80553546275952,22.89798845127087,,,2986,20.93,0,No Defect
0.039315398183728076,98.29896579651928,207.94705311834431,38.148056870261726,22.564330616658722,,,2987,20.935000000000002,0,No Defect
0.03962667206432996,98.51568070957607,200.80546556066543,36.47775854615878,23.490793698593386,,,2988,20.939999999999998,0,No Defect
0.04228706785854432,101.14351033106956,182.2594143538276,42.30689865169659,22.941871900717203,,,2989,20.945,0,No Defect
0.04249097584999891,101.26017510604566,184.4352093493148,43.708782155402076,22.401035440383485,,,2990,20.95,0,No Defect
0.04036683036920997,99.08320496951949,194.09263947530172,38.78298094935987,23.22679221226027,,,2991,20.955,0,No Defect
0.040838674796595476,99.48317317271885,193.30326735360524,41.81069803217025,22.391597454655983,,,2992,20.96,0,No Defect
0.039732711557472496,98.52184779996294,215.01851051290123,46.166912447539616,19.77618599922755,,Ambient temperature low,2993,20.965,0,No Defect
0.040584093678448216,99.09095361942451,198.15486435834993,43.88264061943679,21.482605298670308,,,2994,20.97,0,No Defect
0.039554343207787744,97.3630226447943,192.13188583647658,41.224824542989055,22.61851988524149,,,2995,20.975,0,No Defect
0.038407618873497244,96.85707414798937,200.95642640565484,38.1227914233134,22.963958332848186,,,2996,20.98,0,No Defect
0.040013086380865655,99.92411484810121,220.24009442004538,40.93315084226539,20.974738457851515,,,2997,20.985,0,No Defect
0.04180164379950616,101.48094929882903,199.72342373098158,40.921495940324036,22.249358533191653,,,2998,20.990000000000002,0,No Defect
0.03878700145057546,98.79039399515584,232.0767227053996,38.44105624439466,20.964445551531416,,,2999,20.994999999999997,0,No Defect
0.03980874867688096,98.5401978262995,201.3082427655936,40.86041684557334,22.147742075520817,,,3000,21.0,0,No Defect
0.038871417153087166,98.87224635338805,223.04037648613075,34.102159128971884,22.78145933960861,,,3001,21.005000000000003,0,No Defect
0.03955988281484017,99.87798412181147,228.69642992846906,39.633074700842236,20.818758099683055,,,3002,21.009999999999998,0,No Defect
0.041261792606926154,99.33388024408373,180.23411032075322,41.3972367874451,23.29111957736064,,,3003,21.015,0,No Defect
0.040912237139139,99.80660882791604,201.12430860611258,42.73518923375077,21.61426176432267,,,3004,21.02,0,No Defect
0.0383354189899996,97.18933054288075,217.35085507127303,39.47253400632347,21.546591216927673,,,3005,21.025,0,No Defect
0.038720220593229514,95.81408019258032,189.83825339102205,44.70934483906858,21.702497953190935,,,3006,21.03,0,No Defect
0.041629765806575326,100.42965338921108,181.9556037256985,37.62282161738281,24.28034142891697,,,3007,21.035,0,No Defect
0.03946065951087222,96.90322485545231,178.33702546709392,37.30270581143525,24.575370820820503,,,3008,21.04,0,No Defect
0.03999146475421113,98.24498565104706,194.25031414077964,42.38511169094133,22.11415894141723,,,3009,21.045,0,No Defect
0.03983823787750769,99.52097253026383,209.21697899733,35.58263284257337,23.180301996497747,,,3010,21.05,0,No Defect
0.03835055332634138,96.68410425618774,196.98446776566374,35.945749388915026,23.80633442275999,,,3011,21.055,0,No Defect
0.042115044089385614,100.90440682099445,187.2019217709628,43.13704918327365,22.33913271664373,,,3012,21.060000000000002,0,No Defect
0.04086741189742207,100.28308331381254,206.08222863635163,41.11180728344785,21.759579866119765,,,3013,21.064999999999998,0,No Defect
0.037874205173889786,97.14858696276704,228.247057902076,40.569937617920445,20.528300052648017,,,3014,21.07,0,No Defect
0.03897791812000868,96.02925471380614,189.73106759856358,42.958674770205164,22.205839289995914,,,3015,21.075,0,No Defect
0.0397008923751118,98.37956113295056,201.49164975335987,40.01140115728056,22.344564160056898,,,3016,21.08,0,No Defect
0.04001954329447756,96.5356929133248,173.20611965966128,45.579113699181086,22.455552516785716,,,3017,21.085,0,No Defect
0.038914278136522935,97.09032664257651,206.13579403877569,42.83208518670881,21.22498073697936,,,3018,21.09,0,No Defect
0.041575129926794074,100.22338777538758,190.36442740956122,44.3020146872426,21.78109693540378,,,3019,21.095,0,No Defect
0.0419641872850829,99.2863572653128,170.31456073408998,45.70792575111593,22.60502750735285,,,3020,21.1,0,No Defect
0.04248281758541663,101.01183001095826,177.14977803719896,43.146799030124654,22.931158271233365,,,3021,21.105,0,No Defect
0.04242462982267287,101.35807491145684,182.7591858685071,41.09336242849869,23.185588048227547,,,3022,21.11,0,No Defect
0.03916290420214969,97.55339087930864,199.28480903578003,38.03400558391234,23.036665829568793,,,3023,21.115000000000002,0,No Defect
0.03862639361198933,97.51368273451507,215.16154432134329,40.121143569774766,21.444555958791288,,,3024,21.119999999999997,0,No Defect
0.03967902905484527,98.87001708314509,209.7832550513855,39.1351074482314,22.069741534081796,,,3025,21.125,0,No Defect
0.039376035252698116,96.96709376342024,186.07801140925923,40.04825987753751,23.251690262527386,,,3026,21.130000000000003,0,No Defect
0.04237418984766052,100.57262342298347,178.46394634725593,45.76098448779824,22.072145653468308,,,3027,21.134999999999998,0,No Defect
0.040768386790944765,98.49507131676675,172.42867086494428,39.14762699362451,24.35735228117744,,,3028,21.14,0,No Defect
0.03869277578892869,96.15999247713,193.52222941230565,42.77405629762045,21.98385448429367,,,3029,21.145,0,No Defect
0.040787110906994405,99.41853988892122,186.57494061693217,38.77455412759762,23.59298401207676,,,3030,21.15,0,No Defect
0.04002883857870257,98.42015748500619,199.39255377134862,41.797610771206706,21.919107716468748,,,3031,21.155,0,No Defect
0.038880150862093024,97.10121725678898,184.37382414657012,33.283218488079726,25.308183340343135,,,3032,21.16,0,No Defect
0.03897676104607675,96.58287738536619,190.20178819894878,40.57767338250511,22.82230729767935,,,3033,21.165,0,No Defect
0.0398112006675653,100.3130141272468,219.976192216347,33.775668332084884,22.98686904430235,,,3034,21.17,0,No Defect
0.04084295861280477,99.69769180613632,197.72570240159575,41.4941681867651,22.10524001138614,,,3035,21.175,0,No Defect
0.039467503259748106,96.23541483743473,175.7173028797851,41.47090936527815,23.449438224468604,,,3036,21.18,0,No Defect
0.03965451779480618,99.57983228349039,222.06790232511193,39.10700369256215,21.29335050064924,,,3037,21.185000000000002,0,No Defect
0.03858803895081189,95.13215675484162,181.75048705291675,43.69155072247319,22.416035297592522,,,3038,21.189999999999998,0,No Defect
0.03928678494713451,98.47688306271304,211.26824397825283,39.63552790313465,21.790983322684212,,,3039,21.195,0,No Defect
0.04127948033784084,100.76123340076403,194.4638716190522,37.56802053979126,23.440407764798827,,,3040,21.2,0,No Defect
0.04080865242420585,100.02430126449168,202.681935060525,43.433194887658246,21.214456595746107,,,3041,21.205,0,No Defect
0.04124858281239778,99.49889624880282,187.94254095577745,44.99033283910362,21.668169409161628,,,3042,21.21,0,No Defect
0.042225899643195744,100.06131408823151,168.93460689742432,43.28411813632605,23.33865403877888,,,3043,21.215,0,No Defect
0.040239264842900094,100.24574720443889,212.42633824806535,35.18144271717743,23.02030989611643,,,3044,21.22,0,No Defect
0.03989708200464418,99.15935818345775,207.97896771877728,38.4477618626436,22.333021043010582,,,3045,21.225,0,No Defect
0.04003846928995138,98.45134531309394,194.63047013260177,39.80623152118811,22.75397457765787,,,3046,21.23,0,No Defect
0.04025872222601593,101.23376547144112,229.2796932459721,35.72884155433195,21.81848610358825,,,3047,21.235,0,No Defect
0.04055156057692692,100.2581160578641,212.00191880948648,40.60197302376047,21.453525745069513,,,3048,21.240000000000002,0,No Defect
0.03853039740422465,97.61374990423461,209.8048178803119,34.4314540560799,23.372214585793284,,,3049,21.244999999999997,0,No Defect
0.04047667767957745,99.5248745100565,203.18464886785094,41.244919082001736,21.801702229274674,,,3050,21.25,0,No Defect
0.03965195828186235,99.28608271060882,220.10772277687025,39.2237840801795,21.347212310325585,,,3051,21.255000000000003,0,No Defect
0.03903071092859717,98.78895466236736,227.18293497316915,38.82789291327161,21.020980490865018,,,3052,21.259999999999998,0,No Defect
0.04244616895573898,101.5718572341294,193.8437938571904,46.09204395790189,20.966797293828577,,,3053,21.265,0,No Defect
0.03974666445566531,98.49158727550751,202.87605666488378,40.72303213782086,21.956094120296527,,,3054,21.27,0,No Defect
0.0360846484320637,93.48155815019508,201.5174016825163,33.33662498037234,24.165068973483326,,Stencil thickness low,3055,21.275,0,No Defect
0.04037767349953518,98.12608768600988,187.38396082280394,44.50689392239807,21.80226799851909,,,3056,21.28,0,No Defect
0.03804507420281957,96.75273113768174,223.24250837540365,43.49783195776108,19.874587652869042,,Ambient temperature low,3057,21.285,0,No Defect
0.03902656743615728,98.62035406437178,217.19289400582693,35.43549364360032,22.60875869427942,,,3058,21.29,0,No Defect
0.04013652413731379,98.21128486180066,190.91854214785738,39.519012368493726,23.03748648700732,,,3059,21.295,0,No Defect
0.0367581598659418,96.55201755799423,241.65683655457667,35.204685673865114,21.151729148443604,,,3060,21.3,0,No Defect
0.038695762084678606,97.47172405017432,214.5908031042994,37.422891098522136,22.182402434513293,,,3061,21.305,0,No Defect
0.03996980461074305,98.47545851700635,204.4664233670849,42.68662953925352,21.271094437850625,,,3062,21.310000000000002,0,No Defect
0.037445235888227325,97.65843118736288,238.53621762192637,33.22569261656436,21.919151243656266,,,3063,21.314999999999998,0,No Defect
0.04084840479113005,99.8957065967161,210.7983753704968,46.77659515072557,19.68815317821698,,Ambient temperature low,3064,21.32,0,No Defect
0.0392514446304864,97.55778748632179,193.25241831343044,36.513273419744614,23.745609693752066,,,3065,21.325,0,No Defect
0.03918209476074717,97.0725972004848,202.44512793539832,42.86914676260229,21.32619795891885,,,3066,21.33,0,No Defect
0.038462633682377255,95.61892052872835,192.64170766332316,41.8729833029287,22.208126633074357,,,3067,21.335,0,No Defect
0.04153740929997012,99.54113846180184,182.7108848636684,46.22868211578197,21.564553714497038,,,3068,21.34,0,No Defect
0.04098280180694792,99.43552290935493,193.67667966021168,42.26870402672283,22.046524251381406,,,3069,21.345,0,No Defect
0.03947825414868409,97.28305201241278,189.49582603502142,39.773297797790235,23.014431990202755,,,3070,21.35,0,No Defect
0.03945639466915362,97.32530277920677,191.3206491223953,39.50204113655372,22.980045621763693,,,3071,21.355,0,No Defect
0.03784908184723223,96.6114636134477,214.50352658092962,37.03733348248716,22.259155236424863,,,3072,21.36,0,No Defect
0.0392771449441474,99.78244993125075,225.50149122271526,33.25764972482247,22.698970676401487,,,3073,21.365000000000002,0,No Defect
0.038201905156524454,98.44086169273918,235.2912690591666,35.47733675381728,21.438917644429612,,,3074,21.369999999999997,0,No Defect
0.04047837279644974,100.32535203493657,217.4493407044746,41.517617322847705,20.784898807901406,,,3075,21.375,0,No Defect
0.04041754235692283,99.77341756483234,197.3758500625415,34.000655398609716,24.210500384353978,,,3076,21.380000000000003,0,No Defect
0.04116818544471377,98.30529806204245,174.01905699676934,46.25790611972732,22.06665444830316,,,3077,21.384999999999998,0,No Defect
0.03915388145901235,98.48581791987966,219.09596611000754,39.41655387923663,21.281102461641847,,,3078,21.39,0,No Defect
0.039135212396037726,99.47320710990714,228.27000807826042,34.68043271575033,22.099279349377415,,,3079,21.395,0,No Defect
0.040169045471156115,99.60681124782397,202.5798790589124,37.31252376764745,22.907495485987734,,,3080,21.4,0,No Defect
0.04062200753971185,99.2075785219756,194.0782258529405,40.792769825575704,22.41785845170368,,,3081,21.405,0,No Defect
0.03998942742410636,99.43898802436308,208.38691223396015,37.661352052908406,22.446165045555055,,,3082,21.41,0,No Defect
0.041622210405198874,99.46841094517043,174.9459592655536,42.40703509900784,23.12353215046998,,,3083,21.415,0,No Defect
0.0409634302957739,99.32627454128824,195.03370920174402,44.161327406152104,21.372618245510644,,,3084,21.42,0,No Defect
0.0389655085098741,98.06617248940485,213.42682381007015,37.84434796827455,22.068771194405176,,,3085,21.425,0,No Defect
0.03912745124742539,98.39269459620077,210.87839788499278,36.208354570146525,22.700978740638327,,,3086,21.43,0,No Defect
0.039116549719434734,97.71174316068576,214.14621675813578,43.45024544389473,20.38421611431715,,,3087,21.435000000000002,0,No Defect
0.04029379567750732,98.58242398275159,199.83055369300058,45.03086664713153,20.807243828204705,,,3088,21.439999999999998,0,No Defect
0.04062749543940214,99.00954347885286,181.90308355719276,37.541259853849155,24.092277521055927,,,3089,21.445,0,No Defect
0.04245085038343687,101.54637315776264,186.00407665774236,42.08668959589698,22.526288888200423,,,3090,21.45,0,No Defect
0.04218460756669468,100.81218300611748,182.10587137370692,41.48763306918495,22.938478064271475,,,3091,21.455,0,No Defect
0.037935431237045,97.38480801066184,228.86096603819263,38.06487705888366,21.031171088744642,,,3092,21.46,0,No Defect
0.04204418869825711,101.5869807086913,193.45762869167297,38.63027723729884,23.070054387726,,,3093,21.465,0,No Defect
0.040735122732636506,98.40416723225324,186.06115125199068,46.48044238515192,21.216005207590985,,,3094,21.47,0,No Defect
0.0397525756037284,98.43835196603725,206.2735364336877,43.192262810356546,20.92529761283938,,,3095,21.475,0,No Defect
0.039575713857767446,97.97775185419785,192.99180206890966,36.38124786674852,23.72792289556972,,,3096,21.48,0,No Defect
0.0396283885537549,96.75004536965587,195.53801306581005,49.4813549661191,19.744611792277837,,Ambient temperature low,3097,21.485,0,No Defect
0.0385359422636852,97.46340655600602,213.8077701490971,35.762447510629585,22.621200361684632,,,3098,21.490000000000002,0,No Defect
0.04106001424605776,101.66983572766625,219.97745930950344,39.214569755118525,21.247486971323042,,,3099,21.494999999999997,0,No Defect
0.03988459282848549,99.64031347429683,223.46599082486816,42.745024451874315,19.990858658210225,,Ambient temperature low,3100,21.5,0,No Defect
0.03991071197060317,98.85148691281375,203.19468280521951,39.110428802963064,22.294517051085535,,,3101,21.505000000000003,0,No Defect
0.04133722208045039,101.68563883988647,211.10319036283985,36.18103124064589,22.6766453397479,,,3102,21.509999999999998,0,No Defect
0.042512015565649416,100.6948635174269,177.82346852524472,45.94810453630387,21.870168869334332,,,3103,21.515,0,No Defect
0.0400092339447862,97.74530698529914,176.67291727141412,35.55416003545835,24.95548513901462,,,3104,21.52,0,No Defect
0.04146338609726095,100.01869812744334,185.0949657211151,39.82552261919073,23.200958198840027,,,3105,21.525,0,No Defect
0.04181133579180659,101.5327710901025,203.53844380498631,39.984476576572256,22.024767931443286,,,3106,21.53,0,No Defect
0.04259668217939526,102.37537107253408,188.2590197237855,37.09647096743374,23.806195595380505,,,3107,21.535,0,No Defect
0.03898368048019702,95.32954468965458,176.96403291067426,42.911125191016524,22.77179419857266,,,3108,21.54,0,No Defect
0.03952704248450237,98.0485179334613,201.72595433716143,38.91084822267567,22.422788259131693,,,3109,21.545,0,No Defect
0.03765651926397776,96.62267750242292,208.40538968703834,29.936217179366103,24.614303065373743,,Ambient RH low,3110,21.55,0,No Defect
0.03858739531104324,97.95783402917787,225.81353868317507,36.67577428022837,21.58985074858848,,,3111,21.555,0,No Defect
0.036165227035038786,94.70044538885693,227.34843589404127,33.688066694630294,22.34456319826198,,Stencil thickness low,3112,21.560000000000002,0,No Defect
0.04038139502790154,98.18277770613204,192.58083697606378,43.83393792404334,21.545543763941158,,,3113,21.564999999999998,0,No Defect
0.03693373275113248,97.38705137491002,249.06364090717352,34.41723717826982,20.795514116115953,,,3114,21.57,0,No Defect
0.040765105163524024,99.49199325258934,196.553486572217,41.420716466609356,22.00111243332857,,,3115,21.575,0,No Defect
0.03993782702509692,98.85965931636818,204.68709054923133,38.304623222267615,22.4056560479032,,,3116,21.58,0,No Defect
0.04144394235520392,99.78327504767816,187.70729053742218,42.56407465866165,22.212738003369488,,,3117,21.585,0,No Defect
0.038875084715649016,97.29886396076508,202.35056760897882,38.82856173921751,22.377761452593976,,,3118,21.59,0,No Defect
0.04246551406317892,101.51428527757108,175.4234882703695,37.353341886924554,24.486606591290432,,,3119,21.595,0,No Defect
0.04030741096153201,98.17620488643298,197.3461239774943,48.10857984959309,19.98234908143866,,Ambient temperature low,3120,21.6,0,No Defect
0.03983017168950124,98.71803086280089,208.66849594914083,41.346773661200956,21.257944315334473,,,3121,21.605,0,No Defect
0.039043153245682465,97.68108155343153,213.0065221361257,42.176776337970075,20.740215662748785,,,3122,21.61,0,No Defect
0.04086458911376369,99.11810188526135,192.4503839278256,46.0717623899557,20.872469855773787,,,3123,21.615000000000002,0,No Defect
0.0410689207173137,98.9627358719719,181.32587471707512,42.421061722602296,22.62412806115564,,,3124,21.619999999999997,0,No Defect
0.043284368029588995,101.61540870579364,173.81502591659384,43.855196720982185,22.68502204845674,,,3125,21.625,0,No Defect
0.0415229016421068,99.6324707110737,169.49911413425744,36.9121328542704,24.956487884764293,,,3126,21.630000000000003,0,No Defect
0.040965536228452865,101.61431827472043,218.06187720337817,35.474539972416174,22.392197223377284,,,3127,21.634999999999998,0,No Defect
0.040264132952280644,99.3797238198634,201.89738007763958,38.80440828059599,22.40075035871466,,,3128,21.64,0,No Defect
0.04005764839228539,97.78973012119646,185.1000333350125,38.51502363916488,23.517222453678777,,,3129,21.645,0,No Defect
0.04003512545911317,98.85775513529295,204.66412107028165,41.18210435433162,21.531152198899672,,,3130,21.65,0,No Defect
0.04006489763567084,97.29277783862761,177.7860465160367,41.528986644834525,23.076907155044708,,,3131,21.655,0,No Defect
0.04114698987970073,99.11958823758984,183.4609689103928,43.17388701975856,22.254855776059898,,,3132,21.66,0,No Defect
0.04120118282200287,100.5262261657092,190.33815642816222,36.20919938214537,23.862086469045906,,,3133,21.665,0,No Defect
0.0393570991533947,98.22418065314642,203.84220662602877,34.99534391735288,23.376710190256595,,,3134,21.67,0,No Defect
0.03927973790773794,97.55400076721465,196.1173859498753,37.0180171508428,23.254929180158936,,,3135,21.675,0,No Defect
0.03897292130759051,98.14520658908046,218.32393972053055,41.52532395547733,20.56684468100483,,,3136,21.68,0,No Defect
0.04032417193469447,98.33047071570556,190.56309140059173,42.55192318461727,21.98199649238816,,,3137,21.685000000000002,0,No Defect
0.0410450864950574,98.27181957768437,172.0671887773732,43.8495506819665,22.740636254812287,,,3138,21.689999999999998,0,No Defect
0.039724298100455316,98.21158687062196,196.27216676969462,39.10578984061156,22.626678571280603,,,3139,21.695,0,No Defect
0.040424257619039165,99.46204291793366,197.89488570554184,37.54148429952893,22.988963147578076,,,3140,21.7,0,No Defect
0.041854920845018254,99.33781746961927,167.51315596034846,41.67993684971009,23.655823142506872,,,3141,21.705,0,No Defect
0.042121846359760254,101.2861954474734,191.95850474037437,41.02344325518734,22.346861791607026,,,3142,21.71,0,No Defect
0.03890091969790283,98.31649511662454,214.8976641063671,34.622466544845466,22.78019532076155,,,3143,21.715,0,No Defect
0.04115189246619291,100.36933754054277,194.4008921053136,37.28530502291124,23.275345560760677,,,3144,21.72,0,No Defect
0.03886750477589779,98.85875799185831,215.71534537694072,29.806422521713195,24.131057792230163,,Ambient RH low,3145,21.725,0,No Defect
0.03620767123906077,93.43009639977659,212.75958500809958,39.98575505311606,21.316059266800387,,Stencil thickness low,3146,21.73,0,No Defect
0.0420605213687885,101.11010030680856,191.75782218129152,42.22605170133568,21.99456832617545,,,3147,21.735,0,No Defect
0.03814038927115938,96.8578771660164,218.3247086436,39.414754442447084,21.151652971898528,,,3148,21.740000000000002,0,No Defect
0.0412500081663817,101.34791123523351,215.0074355944711,41.54385282730156,20.754865263081477,,,3149,21.744999999999997,0,No Defect
0.041434731625994294,100.194088478871,193.54489577448604,42.82237153886929,21.698314168388972,,,3150,21.75,0,No Defect
0.03885320790236294,97.38450692118377,212.22218626262384,40.756373032886195,21.134302763493146,,,3151,21.755000000000003,0,No Defect
0.04098286556715338,99.29543334931628,195.1019076475887,44.55740242654238,21.089378159929854,,,3152,21.759999999999998,0,No Defect
0.04057889762669743,99.17385661166546,191.2137304285299,38.54988512131362,23.075336691979143,,,3153,21.765,0,No Defect
0.03832209279294714,96.71503290901937,205.94067848243802,37.239824235819846,22.532892772688278,,,3154,21.77,0,No Defect
0.038363938194663556,98.68692811331829,234.87849842740928,33.63537804021976,21.810925810831904,,,3155,21.775,0,No Defect
0.039404663960362726,97.93115548901439,201.48369839286616,37.82329355953475,22.64243821736834,,,3156,21.78,0,No Defect
0.03961822413786104,96.78791807097905,186.08990251486074,42.5673495041199,22.201928959564412,,,3157,21.785,0,No Defect
0.041590310971217154,98.99871623228967,160.8752180611188,39.347570936851696,24.698378566014213,,,3158,21.79,0,No Defect
0.03970976226214241,98.00023736957125,199.04158281382712,40.14321073437429,22.11037403319634,,,3159,21.795,0,No Defect
0.03803148305024469,97.08141512788242,223.9191094745871,37.723871048164504,21.274996119209096,,,3160,21.8,0,No Defect
0.041356376736665354,98.96747089075289,173.50139682933278,42.86377834857275,22.88827526019341,,,3161,21.805,0,No Defect
0.03760355322691084,97.95460154353904,239.19581088822213,32.31605884248061,21.907776802050883,,,3162,21.810000000000002,0,No Defect
0.04083352449784358,101.39652804600875,212.33525253378485,34.00602855171995,23.083200390166493,,,3163,21.814999999999998,0,No Defect
0.03981709397308286,99.20495493296251,216.43058883203224,39.14720984543136,21.324897618296767,,,3164,21.82,0,No Defect
0.037921428965957876,95.3852759089994,199.1384265190784,41.06110630932593,21.803430766097634,,,3165,21.825,0,No Defect
0.039957416944931615,99.98841164974402,218.24061125276657,35.37868805270035,22.30997754445776,,,3166,21.83,0,No Defect
0.04182791711418077,100.49518789227695,196.27163555269192,47.015534244367956,20.269905232373084,,,3167,21.835,0,No Defect
0.04006810899274299,97.81041250591589,184.80326065780056,44.28360219324566,21.74761769512272,,,3168,21.84,0,No Defect
0.041148252938392506,99.1193235717626,190.32827768566227,47.11758037683445,20.593931946568304,,,3169,21.845,0,No Defect
0.04244441252236055,99.55757931117252,156.30737981286364,42.15404083199536,24.141196685659846,,,3170,21.85,0,No Defect
0.04043131575318209,98.4570666674009,198.88552198237127,48.100036675904676,19.770504331541517,,Ambient temperature low,3171,21.855,0,No Defect
0.04260737930162847,102.68746506264505,198.2613321108164,37.11706540996279,23.03671422714582,,,3172,21.86,0,No Defect
0.039140412281048816,97.938416269679,209.70622944058465,38.900608194457384,21.780430593901226,,,3173,21.865000000000002,0,No Defect
0.038383131877696854,97.38539702334377,215.6948852899852,36.561559925807536,22.087262499763693,,,3174,21.869999999999997,0,No Defect
0.03836729308938466,96.67550025594335,207.97906013486664,37.99333950944683,22.14143488890876,,,3175,21.875,0,No Defect
0.03903937988436065,97.07206489544022,196.40273004097028,39.37784776009486,22.447496556338155,,,3176,21.880000000000003,0,No Defect
0.04061345918655011,101.17715507857419,221.69025349003738,37.645021056641006,21.412527899695498,,,3177,21.884999999999998,0,No Defect
0.0413697346204106,99.93845977314868,192.4581007608134,41.86662789578559,21.98126786991256,,,3178,21.89,0,No Defect
0.03919368055326338,100.02097505689059,232.50846681897133,32.080649847569184,22.360738623620374,,,3179,21.895,0,No Defect
0.040746495182650694,99.4729721666967,201.42287971363712,43.66567597118381,20.89318823271456,,,3180,21.9,0,No Defect
0.038923514996728005,98.87310976867876,225.61091481026676,36.73388934624015,21.415171341539523,,,3181,21.905,0,No Defect
0.03870965400997112,96.98875209260552,201.07887136993395,36.413680094950166,23.01244071333882,,,3182,21.91,0,No Defect
0.04068221277463492,97.67187552153827,173.28871507370008,43.30653194289306,22.718459841501854,,,3183,21.915,0,No Defect
0.040176931668339855,98.2061396589467,197.76425999029865,45.54214425908957,20.555196679984927,,,3184,21.92,0,No Defect
0.03934004945608142,96.95628179892618,192.37742920293263,41.20622461959919,22.14464060786814,,,3185,21.925,0,No Defect
0.038432187102524794,96.9692874437704,209.376610610811,38.0309255822401,22.017798157502526,,,3186,21.93,0,No Defect
0.041467889400852775,98.78434785479334,173.79816657453262,44.36793548471458,22.37475627814416,,,3187,21.935000000000002,0,No Defect
0.03942846948400649,99.07407470318647,216.99038490002982,37.83240008206886,21.61055617691206,,,3188,21.939999999999998,0,No Defect
0.039474490062386555,99.21047546650253,221.74215634152552,37.31657961545387,21.47225631421207,,,3189,21.945,0,No Defect
0.04034600861326291,98.93873794807324,193.59426307034119,39.44993374018724,22.57684220625258,,,3190,21.95,0,No Defect
0.040839073599865494,98.9039781203249,190.74913480816787,44.68121116054526,21.226525251256202,,,3191,21.955,0,No Defect
0.03811047858393117,97.2649598490763,214.6909886637586,33.268599476693076,23.066602521332356,,,3192,21.96,0,No Defect
0.041625060012994944,99.80242382121256,187.64984378809805,44.66374663851402,21.425998009478555,,,3193,21.965,0,No Defect
0.04274741465199783,100.24775277547681,166.19620861610332,48.32757848143317,21.67320236687456,,,3194,21.97,0,No Defect
0.04008239313499179,99.44038014365404,210.2194269687696,37.08643117480199,22.23873388992575,,,3195,21.975,0,No Defect
0.03732911767181993,95.48113767705293,220.263547466771,40.30183205589879,20.657456764129083,,,3196,21.98,0,No Defect
0.04117247673971998,98.88746885204952,173.86792023742873,40.40921315553927,23.499015591973652,,,3197,21.985,0,No Defect
0.038341592564378836,97.54559915765601,223.3296489889849,37.64664234900428,21.247966173312445,,,3198,21.990000000000002,0,No Defect
0.040627257124167246,100.38313925526457,209.99748660612397,38.30634713340708,21.887268888409025,,,3199,21.994999999999997,0,No Defect
