Paste volume per aperture,Stencil thickness,Paste viscosity,Ambient RH,Ambient temperature,mech causes,root causes,board_number,hour_of_day,stencil_batch,Defect
0.04086394270886572,102.94721814215487,195.0301453993111,45.068970749123245,20.47855794072233,,,0,6.0,0,No Defect
0.03959276192231294,103.91712978247585,235.625979648363,37.25390594769202,20.265386557854004,,,1,6.003125,0,No Defect
0.039193970346048004,100.84869311146858,199.37985560502426,38.752159269926814,22.052457415103678,,,2,6.00625,0,No Defect
0.03902200449045213,99.96185913113652,191.48859074893187,41.37076144689693,21.76944598124289,,,3,6.009375,0,No Defect
0.042549225867617196,104.51405285835297,177.1756552073596,41.92899296993272,22.51481113738406,,,4,6.0125,0,No Defect
0.04019292939822106,100.95022441537125,180.5855282045154,43.57740458430002,21.804833183303856,,,5,6.015625,0,No Defect
0.038953442261790906,103.62993398730174,240.45108112704145,32.798469669521765,21.27154084458828,,,6,6.01875,0,No Defect
0.037876567511387925,100.40771172189746,207.6403937308831,29.636322893873476,24.200055940037426,,Ambient RH low,7,6.021875,0,No Defect
0.04128442649290409,103.76445119915972,192.59911595139098,40.28669990960367,22.039720888054077,,,8,6.025,0,No Defect
0.03874796368979693,100.40319879340689,207.86682088801365,43.369569258468715,20.182736269660133,,,9,6.028125,0,No Defect
0.0405636843257264,102.31594579180886,184.78315394836486,40.304526235012325,22.508137372398732,,,10,6.03125,0,No Defect
0.04161979010250559,102.77805281299104,171.0709010709303,43.41519025535144,22.451352900889834,,,11,6.034375,0,No Defect
0.039166564740398355,101.17782378174807,196.20542058567722,34.80344633122939,23.408504860393343,,,12,6.0375,0,No Defect
0.04235892953130552,104.51641150499076,187.09422841021527,46.2555828492481,20.647462910839035,,,13,6.040625,0,No Defect
0.04062858103901873,104.88711879854193,222.1196990347951,38.51155165057104,20.74403925696202,,,14,6.04375,0,No Defect
0.041429547903454635,103.79316865180854,188.88650942638915,40.57909957310076,22.189796047909272,,,15,6.046875,0,No Defect
0.03961792124365803,102.3337922403903,218.29125167007578,42.48718804957228,19.817375591322996,,Ambient temperature low,16,6.05,0,No Defect
0.03912728611254796,102.57107672890493,224.74598462053814,37.04484768643674,21.007224519040875,,,17,6.053125,0,No Defect
0.04016884850259521,103.6808351328939,211.4561745533231,35.21014670904535,22.366783479017982,,,18,6.05625,0,No Defect
0.03745448552031464,100.08886914945849,226.06162550445907,37.198515822187076,20.86920890558271,,,19,6.059375,0,No Defect
0.03753822349227751,99.23621050963492,209.0805433942844,36.35410474992993,22.160841089859378,,,20,6.0625,0,No Defect
0.040702771985939315,105.40935843622223,228.98880462762023,36.78481411889298,20.837911184355008,aperture overfill,Stencil thickness high,21,6.065625,0,Solder Bridging
0.03666265116186141,98.87355678463527,225.12409875584,39.45513812889794,20.259145638271075,,,22,6.06875,0,No Defect
0.04052448601717429,102.72233778486067,188.21817941215232,38.51631186326511,22.831775363191028,,,23,6.071875,0,No Defect
0.0413758542594059,102.43092867581412,182.235879459048,46.41229414404343,20.907791843765565,,,24,6.075,0,No Defect
0.04380989379010033,104.7572423797315,150.27003248330178,45.19358054385032,23.24109219938917,,,25,6.078125,0,No Defect
0.03730290679850228,99.63405795137298,215.0380634112691,34.190905931943,22.42842438547555,,,26,6.08125,0,No Defect
0.042695825195068995,103.91232263345819,163.84602323618066,45.00345315102182,22.455497398014398,,,27,6.084375,0,No Defect
0.040395624628106516,104.34030601791838,210.12112357559704,32.48289793308949,23.256070409469736,,,28,6.0875,0,No Defect
0.04135983677050812,101.98290788579595,159.79359986877824,41.33093419776579,23.76819245646795,,,29,6.090625,0,No Defect
0.0404356861393366,103.12473084083547,198.61632019079053,37.83019800328001,22.40324725348059,,,30,6.09375,0,No Defect
0.0387575173861458,103.42919723468988,245.17462479211295,33.85185933241119,20.699901295814065,,,31,6.096875,0,No Defect
0.03830472089962994,101.56785160287666,233.81925167671355,38.60623345001656,20.005212301695533,,,32,6.1,0,No Defect
0.04071795633368546,104.02492535001929,220.751262268802,44.104496264535086,19.22083021832771,,Ambient temperature low,33,6.103125,0,No Defect
0.0384528536156117,99.62215845495555,196.84647727698237,40.53852703005889,21.70949488280018,,,34,6.10625,0,No Defect
0.04143873278538204,103.68771223860551,198.3204155889783,45.62287570501492,20.16136387808026,,,35,6.109375,0,No Defect
0.041088233020943755,102.20078205574136,170.07466839446445,40.759610874706006,23.309851787777617,,,36,6.1125,0,No Defect
0.04124187224635703,104.08978867810036,198.5018184050817,38.948021442023844,22.100515679282346,,,37,6.115625,0,No Defect
0.03922336954785924,102.57121755953376,222.27356107712652,36.10894090798018,21.457102026505243,,,38,6.11875,0,No Defect
0.04067018855572743,101.74534850816909,180.31540467019968,43.53950423068328,21.871227458477016,,,39,6.121875,0,No Defect
0.04062230516167761,103.58201416943426,211.85385434071787,43.7624238159163,19.870138187031962,,Ambient temperature low,40,6.125,0,No Defect
0.03836882621420281,101.26877575971676,224.56659636016536,39.02063726964198,20.458852319893328,,,41,6.128125,0,No Defect
0.04099295880997947,104.70088649321124,218.3811674056179,41.83872762624835,20.037369019130146,,,42,6.13125,0,No Defect
0.04132008705675804,102.53631258040251,174.95155564902439,42.16040196453068,22.613556618659015,,,43,6.134375,0,No Defect
0.04402592191115993,103.81185281097135,140.919255918892,49.41109547268171,22.60982790484145,Paste volume per aperture high; aperture overfill,Paste viscosity low,44,6.1375,0,Solder Bridging
0.041894028835018235,104.20076089981838,180.17320434590954,37.85683428023505,23.556749032694626,,,45,6.140625,0,No Defect
0.03872966187404656,101.23529713215726,213.69338622126222,37.39556998501304,21.611133169306896,,,46,6.14375,0,No Defect
0.0411025852877813,100.68086837386315,157.14731594385086,46.18638473821183,22.533437229988248,,,47,6.146875,0,No Defect
0.03862155626240365,100.69318300391694,211.5098233521293,41.30355225644755,20.602101540640838,,,48,6.15,0,No Defect
0.039418196759525743,101.01850765870371,192.00203669361858,40.698740980057316,21.98046199155439,,,49,6.153125,0,No Defect
0.0378069247826548,101.22472310586836,245.82654984790813,42.81130878906769,18.052497403080796,,Ambient temperature low,50,6.15625,0,No Defect
0.03915776409006874,103.02970466953151,224.31570903879657,34.21928052706847,21.89302266124663,,,51,6.159375,0,No Defect
0.03838777530760787,100.52794719434212,191.1466198284491,27.401314890303958,25.915902576895228,,Ambient RH low,52,6.1625,0,No Defect
0.037829711161301606,102.17737350940426,236.33407049061827,28.585420898200475,22.79400471148455,,Ambient RH low,53,6.165625,0,No Defect
0.04250682921358884,102.84736501106296,162.9383496554585,49.973997866943684,21.089925441331786,,,54,6.16875,0,No Defect
0.04080374381303817,103.27779019271289,193.73106447571774,38.66437340948263,22.48979873014667,,,55,6.171875,0,No Defect
0.0401974424971889,103.27518041398635,219.95122620236748,41.823078563574526,19.95894055758089,,Ambient temperature low,56,6.175,0,No Defect
0.03660470310491624,98.62063658919215,226.61209143238742,38.7095872352755,20.428037240833977,,,57,6.178125,0,No Defect
0.0396380097090875,101.20657305821078,190.41738009814125,40.095487503221506,22.267443954062333,,,58,6.18125,0,No Defect
0.038794811484433374,102.18030351115914,226.84780446609363,38.243346742235474,20.568085358329895,,,59,6.184375,0,No Defect
0.03855811598878281,100.03760800185657,205.63749903701716,42.79830274225982,20.539132792004892,,,60,6.1875,0,No Defect
0.04020406935607817,104.08065075748965,217.31435323493386,35.82811842721855,21.87184842549568,,,61,6.190625,0,No Defect
0.03962138367259082,103.26381420010786,227.3049400372046,40.2116764959608,19.975384902715323,,Ambient temperature low,62,6.19375,0,No Defect
0.04003653231084072,103.13390131156008,209.82238047166612,37.74728605767672,21.772548039852385,,,63,6.196875,0,No Defect
0.04016870660164773,103.1518466979573,204.16231908932815,38.68763967513297,21.843214612072604,,,64,6.2,0,No Defect
0.037888142721832156,101.60596411548694,241.239645237333,37.80393281869756,19.813396802813315,,Ambient temperature low,65,6.203125,0,No Defect
0.03997869899610453,101.0123348015346,184.8243642614092,41.69738952299419,22.157956704372324,,,66,6.20625,0,No Defect
0.03974422079225356,100.8706966364534,185.41080245002237,41.35212874856568,22.21942616123329,,,67,6.209375,0,No Defect
0.038569899183415766,101.09133123578087,216.60990398777292,37.91883033621594,21.301886054774215,,,68,6.2125,0,No Defect
0.040403608091812,100.71548467589821,162.76420764863198,39.0737969407387,24.283568771919683,,,69,6.215625,0,No Defect
0.040540766400154325,104.66713186295105,227.18918375939768,39.2135686101732,20.292204407227004,,,70,6.21875,0,No Defect
0.038256284968423204,100.43293224887923,211.07072802447263,37.62128715027141,21.72730969551426,,,71,6.221875,0,No Defect
0.04090330752935752,105.10262773576862,219.50056516188627,37.23226892030324,21.34586628703879,aperture overfill,Stencil thickness high,72,6.225,0,Solder Bridging
0.039302150946913736,101.79323371305296,209.29828500508518,38.803155418210466,21.502117980707332,,,73,6.228125,0,No Defect
0.04004263093011478,102.89001471426147,217.39837593829031,44.27179848773113,19.414050306786162,,Ambient temperature low,74,6.23125,0,No Defect
0.03866534036104258,102.00087847691069,226.58128219447684,39.4298981438733,20.251336258312264,,,75,6.234375,0,No Defect
0.03853945864310621,99.95338183620238,187.38183792864965,32.901511930035596,24.567642183436533,,,76,6.2375,0,No Defect
0.04026158226919274,102.90226862185904,215.61282903678583,46.18230803362192,18.970971678085274,,Ambient temperature low,77,6.240625,0,No Defect
0.038437373285733906,101.2738277346916,212.33144950950808,35.20603412165625,22.36055792819694,,,78,6.24375,0,No Defect
0.039183955437235116,99.14136913969186,184.3408805263612,47.40915832265431,20.52700242212005,,,79,6.246875,0,No Defect
0.03722678699151524,98.63762762217846,210.43167606488353,38.51796407619371,21.507092067633334,,,80,6.25,0,No Defect
0.04108333264616473,101.88070423640616,172.1305782329187,43.653629661644906,22.388921146481977,,,81,6.253125,0,No Defect
0.04123772290706475,101.95971623562362,161.37699484648775,41.16191310337107,23.775401020405763,,,82,6.25625,0,No Defect
0.038698145639656116,102.91242770933458,237.87289961489682,36.32683466270287,20.47596649835564,,,83,6.259375,0,No Defect
0.04358429115361185,108.06232374093989,202.29716636432224,39.902132841903565,21.654974159285313,aperture overfill,Stencil thickness high,84,6.2625,0,Solder Bridging
0.04238048231177917,103.3077971714064,169.2459101455029,48.437506658168466,21.18204304135048,,,85,6.265625,0,No Defect
0.037941939929588074,97.46792491551028,177.97232017286282,42.969678894505236,22.20929096094675,,,86,6.26875,0,No Defect
0.04012887421250351,104.4401166253499,219.20147875730734,29.80674013770561,23.546917376344737,,Ambient RH low,87,6.271875,0,No Defect
0.04066801105288992,102.80994121475624,181.62663888505347,34.508536739364054,24.480741773763754,,,88,6.275,0,No Defect
0.04116477195663107,103.82674025105506,191.8592140646565,36.92435910377761,23.154051654707093,,,89,6.278125,0,No Defect
0.039890981264054666,103.32064995356406,211.56878069705664,35.06944365749788,22.475158032611823,,,90,6.28125,0,No Defect
0.03862094386008913,100.66392819284908,202.15193181602464,34.97059152531767,23.075038400752497,,,91,6.284375,0,No Defect
0.0434172772070579,105.64326554718565,170.48238856425806,41.8654828707435,23.04250264048497,aperture overfill,Stencil thickness high,92,6.2875,0,Solder Bridging
0.03961566411337309,102.59772242692063,218.39355032141282,39.647276718303765,20.723896743099466,,,93,6.290625,0,No Defect
0.03952159827362533,98.69694762407325,153.7257263180017,42.42720077975231,23.874700465100712,,,94,6.29375,0,No Defect
0.03956684771449493,102.49803919813232,215.34802425788632,42.62972268132758,20.033485211277466,,,95,6.296875,0,No Defect
0.039777510928920574,100.70815220441871,174.94399607877884,37.61163474756929,23.98590391665503,,,96,6.3,0,No Defect
0.03752625183898001,98.86008080207716,200.63534287583022,37.65175812448327,22.378086520892705,,,97,6.303125,0,No Defect
0.03998613306004241,104.09349522244385,226.6493659536716,35.407355570603116,21.46439526667938,,,98,6.30625,0,No Defect
0.04093733468264058,101.75820333705764,173.47310909389319,42.087794339476474,22.78469533742304,,,99,6.309375,0,No Defect
0.04161091511980132,106.27637840474281,212.83409196114425,33.37107652320881,22.917950695519334,aperture overfill,Stencil thickness high,100,6.3125,0,Solder Bridging
0.03915273518772192,100.55306155125137,190.6402561387182,38.03398443997372,22.900829586021764,,,101,6.315625,0,No Defect
0.040470409794605096,102.57691819547439,194.08678235021182,38.85763523766414,22.462901613263913,,,102,6.31875,0,No Defect
0.041313863794572706,104.1384782590187,192.86608953241674,37.360745005355646,22.98017503540603,,,103,6.321875,0,No Defect
0.037096377238250086,99.97707349577472,227.4264941893277,34.061897047743926,21.78967996432774,,,104,6.325,0,No Defect
0.03686074028336354,96.90733700499973,195.35205960900888,41.12318803694624,21.69577848184036,,,105,6.328125,0,No Defect
0.04111071386903862,101.1104648975022,161.93334833033725,43.854264028768846,22.98680702402724,,,106,6.33125,0,No Defect
0.04008244125166454,101.12721991245984,181.8503771112396,42.332107230850184,22.19720782697481,,,107,6.334375,0,No Defect
0.04145353238416573,102.14543430183873,172.38468033068006,47.81216900483088,21.18923888076164,,,108,6.3375,0,No Defect
0.03861394759637977,101.53357035556917,219.3864293541107,36.80980217294221,21.498869006266613,,,109,6.340625,0,No Defect
0.040150606974043185,102.11242512876422,203.321274696402,44.37743773232234,20.288950819435232,,,110,6.34375,0,No Defect
0.03928361593952167,100.81165352085705,194.15747611435654,39.61842035502944,22.23397473728281,,,111,6.346875,0,No Defect
0.04050400994880169,105.37571939987086,238.11905571731927,37.48023797570034,20.174296772349706,aperture overfill,Stencil thickness high,112,6.35,0,Solder Bridging
0.039290228109965575,98.79285084867806,163.24781195311198,39.177669187820364,24.266047017981663,,,113,6.353125,0,No Defect
0.04003203537550414,104.38142740508499,231.30246094794055,36.46730751427974,20.88626059607018,,,114,6.35625,0,No Defect
0.03615413771290362,98.62364391840266,237.9662435158894,35.67765145416036,20.68115554702506,,,115,6.359375,0,No Defect
0.04058875210512761,102.20618215473729,192.1383372394432,46.31375759528198,20.41510107574705,,,116,6.3625,0,No Defect
0.04043173395488028,101.99080261580697,183.40557309227154,40.08744587510426,22.77136121634795,,,117,6.365625,0,No Defect
0.040124476277697795,101.65888148352474,193.59974917683667,43.19644943585964,21.23845701772427,,,118,6.36875,0,No Defect
0.03911292048651864,100.91798780764579,195.91413873524195,36.2346208347755,23.123462200471884,,,119,6.371875,0,No Defect
0.0413166421614532,102.26866222900073,179.1702124710572,48.047794937017315,20.71677088757132,,,120,6.375,0,No Defect
0.04326434036247925,104.40837543753933,154.02713905196356,39.76452650919764,24.700731796505423,,,121,6.378125,0,No Defect
0.041138148438718714,103.21942742155964,192.1466840855923,40.915733169151515,22.009290244972355,,,122,6.38125,0,No Defect
0.04022475642645114,102.52079744127646,204.7040611096063,42.72194976710877,20.701930286692935,,,123,6.384375,0,No Defect
0.03862511539446484,101.39340836199892,230.30011266834535,44.51443470252249,18.59513062513504,,Ambient temperature low,124,6.3875,0,No Defect
0.03911083456423962,99.97116885286621,188.51283006210312,41.2310534204181,22.124527435922506,,,125,6.390625,0,No Defect
0.037056269751946896,101.20427750772153,248.21200312274536,31.826256035140496,21.193951095549124,,,126,6.39375,0,No Defect
0.037121681862276434,100.34685470752918,236.70218947993018,33.3784692741605,21.450491222766857,,,127,6.396875,0,No Defect
0.03941596441143924,103.74331000228496,232.21043635964978,32.51452297504213,21.99810275145309,,,128,6.4,0,No Defect
0.03952564762209623,98.15401812941616,155.7472985013062,45.937600784381004,22.7688458668534,,,129,6.403125,0,No Defect
0.04321591830544186,106.83206180022503,193.88287546828454,38.576350861694344,22.611148232608873,aperture overfill,Stencil thickness high,130,6.40625,0,Solder Bridging
0.04010299955011772,102.2672924962178,199.31822677761667,40.241502823529416,21.764940458428004,,,131,6.409375,0,No Defect
0.03900222068327847,100.4341323543205,197.7057656625409,39.54573198060807,22.061005666438405,,,132,6.4125,0,No Defect
0.04018511576257674,101.99662253328057,203.38478494786239,42.233886911472375,20.943564442516134,,,133,6.415625,0,No Defect
0.04216733549901391,101.60394856632239,144.98828445289797,46.24957818327067,23.364707963463587,aperture overfill,Paste viscosity low,134,6.41875,0,Solder Bridging
0.03864713124841637,99.34075850193993,201.46774407420668,47.712289915616196,19.44359340747542,,Ambient temperature low,135,6.421875,0,No Defect
0.041255215528171456,101.922847107414,167.3930760035215,43.29163225654763,22.846867936932753,,,136,6.425,0,No Defect
0.041240129340881115,103.06676110573736,184.08410497175396,41.71282407885376,22.28446056193035,,,137,6.428125,0,No Defect
0.03937216589216141,103.02531915517045,218.49796241049575,33.81538569056894,22.465335995394135,,,138,6.43125,0,No Defect
0.03946160102811763,102.0263988780576,202.09768239184282,35.90201439786975,22.863281302919216,,,139,6.434375,0,No Defect
0.03909081966037018,102.59829731220364,221.0040198340478,32.51519592348392,22.695905176685233,,,140,6.4375,0,No Defect
0.041054042603358834,101.51968405898248,180.3029875247679,47.25480004115635,20.908308954466225,,,141,6.440625,0,No Defect
0.04036702598693396,102.37691787693677,192.1625759075079,39.492044432801066,22.43658947080272,,,142,6.44375,0,No Defect
0.041918990249960625,104.202700559538,188.43743366003963,41.864567222892354,21.987862061804492,,,143,6.446875,0,No Defect
0.04053536443928195,100.43764027639206,157.51780732477224,41.80342020230147,23.88961587545079,,,144,6.45,0,No Defect
0.03967999490042497,101.83772627472892,204.88636588689872,40.000804692294075,21.507790724494924,,,145,6.453125,0,No Defect
0.04034063672070114,101.19626694802854,182.71060202145708,42.090673029009736,22.267044876534836,,,146,6.45625,0,No Defect
0.04082199620583352,103.28758844352276,204.35803467823203,45.18878923821029,20.032065911859874,,,147,6.459375,0,No Defect
0.036798138606568345,97.26019557997888,197.8044815609746,37.8634564699953,22.545070741377938,,,148,6.4625,0,No Defect
0.03873770241480483,101.11188325157303,208.17032946554957,35.12099756019333,22.7278980830906,,,149,6.465625,0,No Defect
0.038394205949791184,98.75975262300277,182.30835070491372,39.98899451425646,22.887673361782134,,,150,6.46875,0,No Defect
0.044578543369618334,107.34881016135564,175.22990994422926,43.37226806815247,22.38927456721784,Paste volume per aperture high; aperture overfill,Stencil thickness high,151,6.471875,0,Solder Bridging
0.038998784109712706,101.28565102008646,225.5025192390367,46.15271290223558,18.449064779716114,,Ambient temperature low,152,6.475,0,No Defect
0.03877695422638775,100.85810307516225,219.5461664601188,43.305788669587805,19.645987639197614,,Ambient temperature low,153,6.478125,0,No Defect
0.041231004030417746,102.62190609960521,184.6902783844777,45.86449942037315,21.053940781680385,,,154,6.48125,0,No Defect
0.03726888354236323,98.44546338449977,206.30445277069114,37.98820685873227,21.99922736515036,,,155,6.484375,0,No Defect
0.040309078135148196,100.68982952402379,176.48844404864195,45.62892598948228,21.621508807607096,,,156,6.4875,0,No Defect
0.04187981884966424,105.09023155801127,203.31479423324197,41.255209099630086,21.2680544100454,aperture overfill,Stencil thickness high,157,6.490625,0,Solder Bridging
0.04074724169980935,103.13986992567276,199.68618154893807,39.601993301322864,21.968096371661613,,,158,6.49375,0,No Defect
0.04183176525863462,103.90040342215987,189.6636591939931,44.22238549222233,21.24089681091836,,,159,6.496875,0,No Defect
0.04163197172479483,103.07790910297754,179.17075223587852,42.87835992413608,22.277468216030687,,,160,6.5,0,No Defect
0.03946225208153224,101.87151819140827,205.02394150765764,38.883598981939855,21.83759108973713,,,161,6.503125,0,No Defect
0.039674971221399236,101.21944422581704,203.63402649790328,45.34533420918763,20.042049522592162,,,162,6.50625,0,No Defect
0.03741614156736921,99.88299978833548,229.71563455917905,39.210802525647715,20.216336175850266,,,163,6.509375,0,No Defect
0.03910027209384839,103.05643077091963,245.7998437622193,41.869285505325905,18.46946881001496,,Ambient temperature low,164,6.5125,0,No Defect
0.04252789439272544,106.70402565883046,205.49513480257576,36.70173713822913,22.478506029330077,aperture overfill,Stencil thickness high,165,6.515625,0,Solder Bridging
0.03766157616126434,98.57815834527284,195.2977265851195,35.819273721725295,23.32464172906236,,,166,6.51875,0,No Defect
0.04040737335398471,104.54456135351,218.0751631538249,34.65231063652838,22.28717065631248,,,167,6.521875,0,No Defect
0.039913966994802534,102.90757211585438,205.61270383032547,35.25654048401985,22.87378809756699,,,168,6.525,0,No Defect
0.04085652819923158,103.34555768133146,213.76203851192093,46.835776314700105,19.005157630914436,,Ambient temperature low,169,6.528125,0,No Defect
0.03891616191900365,100.302658249635,194.47565336872873,39.7100149010481,22.249358503020918,,,170,6.53125,0,No Defect
0.03900729202881029,100.0314944450175,195.74785433083952,41.786842945501654,21.571083325972644,,,171,6.534375,0,No Defect
0.04035294718957107,100.48383873691213,180.17793066230573,51.05362618214489,19.827532608536757,,Ambient RH high; Ambient temperature low,172,6.5375,0,No Defect
0.039325664602282866,101.8073595662934,212.19351958908933,40.30384010375133,20.9972492262059,,,173,6.540625,0,No Defect
0.03969223291480476,100.75792754086746,179.7587199475807,36.688357415411105,24.04925990916514,,,174,6.54375,0,No Defect
0.04312130260920667,104.5511344450503,168.67587598861766,45.45314122590541,22.197500143648565,,,175,6.546875,0,No Defect
0.04439513316038032,105.80628259481395,154.4179621086398,46.02003885141532,22.91533945238899,Paste volume per aperture high; aperture overfill,Stencil thickness high,176,6.55,0,Solder Bridging
0.04321200698592231,106.07764579298092,183.79702960597854,41.70251542430942,22.366403843122203,aperture overfill,Stencil thickness high,177,6.553125,0,Solder Bridging
0.04142707751309772,104.19244577697481,204.72883480952092,44.88320127918914,20.139693607031177,,,178,6.55625,0,No Defect
0.041128311271491996,103.012729484005,189.4347391735671,43.5561385522859,21.46376627080539,,,179,6.559375,0,No Defect
0.04064123926250787,102.22969575195995,188.4033477477155,43.32368109025312,21.59196137051792,,,180,6.5625,0,No Defect
0.04008076781577732,100.40711438567202,180.03937786795336,46.578955442039174,21.152932154820142,,,181,6.565625,0,No Defect
0.039464676493666986,101.85114793816105,209.4433005967601,41.463770762291155,20.836572412782743,,,182,6.56875,0,No Defect
0.04048530651149057,103.37785391039259,208.19078888800482,39.015607395325844,21.642035061370024,,,183,6.571875,0,No Defect
0.04186738452422781,102.62540791360315,168.62768886411132,44.275643193447124,22.54602240235598,,,184,6.575,0,No Defect
0.03735069715116828,98.71978735502822,212.50169122481515,41.47162049423875,20.633277729797914,,,185,6.578125,0,No Defect
0.03903433276433852,103.58648442951406,231.50213022854797,27.149900360261277,23.671697869386485,,Ambient RH low,186,6.58125,0,No Defect
0.03912676922138181,99.89001917886043,192.97930164194034,44.05966584077844,21.094813745448604,,,187,6.584375,0,No Defect
0.03777314649954132,101.00749907292135,236.20483835237042,37.12390505721917,20.459237636972922,,,188,6.5875,0,No Defect
0.03813878479980647,98.24244489465454,182.92767202440663,39.69898946490482,22.97923865212406,,,189,6.590625,0,No Defect
0.03958041434487619,102.13309924927617,201.65379954287417,36.58321166541685,22.749304616335323,,,190,6.59375,0,No Defect
0.04194333014570817,104.4820481868874,194.16803607582528,43.335002787128914,21.25972202801457,,,191,6.596875,0,No Defect
0.04111789776643844,104.94343249803927,216.17561819963663,39.27425810862927,21.08942585368866,,,192,6.6,0,No Defect
0.042504818436634006,103.71145422899136,180.26373326789763,49.88474971080835,20.20893363762061,,,193,6.603125,0,No Defect
0.04022281401599842,101.42332834303568,191.50438189824902,43.743441572735655,21.2964520371643,,,194,6.60625,0,No Defect
0.03671349220128164,98.21296846888701,201.92112339986656,28.335263886000238,25.130358959320915,,Ambient RH low,195,6.609375,0,No Defect
0.04136675452788349,104.00916520850596,191.2025117857524,37.47013828660648,23.156082359536722,,,196,6.6125,0,No Defect
0.03798523814679229,102.03486447269448,247.11623377892883,36.28331547546684,20.04764896181038,,,197,6.615625,0,No Defect
0.0403624434828117,99.78345043712172,159.774057238033,44.07765573067423,23.150819646129605,,,198,6.61875,0,No Defect
0.039511077856295054,103.94241087921714,239.31074173839076,36.102674018848504,20.59441836900387,,,199,6.621875,0,No Defect
0.042433920835999915,105.72381425694216,198.26139754686255,39.75501263077217,22.07072042012446,aperture overfill,Stencil thickness high,200,6.625,0,Solder Bridging
0.0406843952960057,103.93562436792818,214.5128918294161,41.62458209349712,20.51143683413266,,,201,6.628125,0,No Defect
0.042291364139330274,104.63064459006313,198.9627703397673,47.46453971854909,19.778630829677702,,Ambient temperature low,202,6.63125,0,No Defect
0.04034422932654909,101.57527339292727,182.94075455922172,40.21639518990521,22.861722191040503,,,203,6.634375,0,No Defect
0.04090937595614335,102.24073846170907,182.8727909266321,44.949000111252595,21.484364788803184,,,204,6.6375,0,No Defect
0.0407589045949973,102.88777018462322,195.67470126399493,41.83619716929193,21.611309185885474,,,205,6.640625,0,No Defect
0.03955234095587573,99.45345958728076,176.45465848930252,45.739936625023795,21.642130650799082,,,206,6.64375,0,No Defect
0.04273765983866547,103.21460980447752,148.69116380469637,42.0509488610651,24.449328096939944,aperture overfill,Paste viscosity low,207,6.646875,0,Solder Bridging
0.04292888181758577,104.40573195712243,176.4363028743955,47.631555818077736,21.121981205072796,,,208,6.65,0,No Defect
0.041536963574482826,104.46369658973995,190.15410684140036,37.05567400566015,23.35408096873752,,,209,6.653125,0,No Defect
0.038911948991928,101.50398224962035,218.2403701253618,39.5694020383671,20.88076048375027,,,210,6.65625,0,No Defect
0.03883183495312887,100.87307617916701,215.60944539588806,42.93398018872734,20.059887968820025,,,211,6.659375,0,No Defect
0.041342227658430826,99.69728468353208,146.76752969885462,50.17403680044856,22.19550449686866,aperture overfill,Paste viscosity low; Ambient RH high,212,6.6625,0,Solder Bridging
0.038052540609252915,98.43591189699247,199.0708436677717,44.079305429137236,20.73842059173809,,,213,6.665625,0,No Defect
0.0399183903020023,102.61246887929524,209.49296093548463,37.39703212292443,22.06764081007362,,,214,6.66875,0,No Defect
0.039141201438713545,99.18055120343706,176.4323330112867,43.521686362828234,22.296065294212298,,,215,6.671875,0,No Defect
0.03939358387993158,101.00764145076994,196.44735379336856,41.71573022991207,21.597417506273075,,,216,6.675,0,No Defect
0.04074797817486576,104.16109225426798,213.96745964164327,38.60604463656216,21.447980671384993,,,217,6.678125,0,No Defect
0.03987546280765029,101.89478257971425,204.77260654586382,42.20494566812225,20.954914803767345,,,218,6.68125,0,No Defect
0.03985960838754718,102.02924196839182,190.12351881330403,34.72431974847841,24.035915781298492,,,219,6.684375,0,No Defect
0.041735854620933314,100.02129250945882,148.7469245485784,55.4563387228958,20.540864758769203,aperture overfill,Paste viscosity low; Ambient RH high,220,6.6875,0,Solder Bridging
0.03819127532767113,101.05685239482084,217.9652809075513,32.51202250443295,22.966627669429652,,,221,6.690625,0,No Defect
0.03966834311273434,102.01649635896376,211.7016016899408,42.27698153334531,20.510830181713445,,,222,6.69375,0,No Defect
0.040634782389810206,105.83464121923777,237.18107201195818,34.620457197507875,21.19249480370956,aperture overfill,Stencil thickness high,223,6.696875,0,Solder Bridging
0.041922858576609615,105.53380355925252,210.31637913861343,39.66625774633832,21.38199747623706,aperture overfill,Stencil thickness high,224,6.7,0,Solder Bridging
0.0380061434969462,100.46342243751518,215.74629210970681,34.662573426060085,22.476836079438545,,,225,6.703125,0,No Defect
0.040558941639867827,103.1700406376961,213.15922119574088,44.930002582292474,19.658875096494057,,Ambient temperature low,226,6.70625,0,No Defect
0.041676851917152626,105.28837429395846,200.70909267763122,35.84185972829516,23.084969798055248,aperture overfill,Stencil thickness high,227,6.709375,0,Solder Bridging
0.03948244313637145,103.33695281015893,227.21716124158718,35.60055778444921,21.514305501480994,,,228,6.7125,0,No Defect
0.04002709688155146,100.65426855469778,171.60517404877697,40.39993135853709,23.52637948422018,,,229,6.715625,0,No Defect
0.0382756557534235,97.52292524269987,171.16077625418416,40.10211227165583,23.63460230873169,,,230,6.71875,0,No Defect
0.0417563906853402,102.91376272816935,188.49662066305817,51.65067372569429,19.223947084337276,,Ambient RH high; Ambient temperature low,231,6.721875,0,No Defect
0.035652744479351454,100.69958909993588,264.63440351102065,23.168118132152646,22.826480556299465,Paste volume per aperture low; poor paste transfer,Paste viscosity high; Ambient RH low,232,6.725,0,Open Circuit
0.04424349958646488,108.10289559873613,195.79254366160595,43.5817492431732,21.154776849210627,Paste volume per aperture high; aperture overfill,Stencil thickness high,233,6.728125,0,Solder Bridging
0.04132001638713362,103.73996006049062,195.62033695508055,40.98886314532021,21.90154260428799,,,234,6.73125,0,No Defect
0.03951181744117951,99.35504198721877,173.2632310619754,42.321438822291114,22.872731735702516,,,235,6.734375,0,No Defect
0.04031289271568858,104.1811571344321,227.81705731819352,37.68220875359729,20.88979134672321,,,236,6.7375,0,No Defect
0.04163629806730106,102.40417019646733,168.94420582770192,44.313999755577555,22.571691306974305,,,237,6.740625,0,No Defect
0.04018328126886648,100.49200131650147,171.40920048472555,42.19067006341435,23.03038423262087,,,238,6.74375,0,No Defect
0.04076612461310685,102.78915870358499,197.27173421446543,42.82924990505381,21.263775512340768,,,239,6.746875,0,No Defect
0.040217804939477034,101.70534951540391,191.5448027381992,42.353618154923495,21.749897155110197,,,240,6.75,0,No Defect
0.04007060176450283,101.20154417368832,183.01376206578448,38.219367910118685,23.48444663145103,,,241,6.753125,0,No Defect
0.03783652918579486,98.97927205223178,199.71395773969144,38.2673653875618,22.424073020239824,,,242,6.75625,0,No Defect
0.042170217336664255,103.33576619925887,173.45785339761267,43.98765183102389,22.404600164633536,,,243,6.759375,0,No Defect
0.03793439146245183,100.38397503598252,224.9748795551519,39.30269867387577,20.576753811284057,,,244,6.7625,0,No Defect
0.039774200822918764,101.87501744495307,201.5714781694579,40.3380882785745,21.724517223194553,,,245,6.765625,0,No Defect
0.0390303458035367,99.28560621383608,182.6556115857808,45.22138221028246,21.450748189302303,,,246,6.76875,0,No Defect
0.04285094154144357,107.08122080775159,204.59285781082622,37.89130985414195,22.28121062901162,aperture overfill,Stencil thickness high,247,6.771875,0,Solder Bridging
0.039340577179914855,101.11598112205824,197.81020387674084,36.83502445268348,22.982401323612564,,,248,6.775,0,No Defect
0.03787118151728504,99.95641872945937,211.93914541242026,35.50592425794453,22.490266232900535,,,249,6.778125,0,No Defect
0.0405755051721327,103.70219600648025,198.03772344316212,32.95933814342206,24.108642583079387,,,250,6.78125,0,No Defect
0.03789605242349609,102.11790481290817,247.94349281729174,33.79936365736162,20.784837284562936,,,251,6.784375,0,No Defect
0.04097110674683301,103.10718946164437,197.32267213350704,41.41362220630791,21.693314883245577,,,252,6.7875,0,No Defect
0.03754110422540907,99.43321940297203,211.0480750857139,33.957986015144044,23.001052312300903,,,253,6.790625,0,No Defect
0.0418981327914316,104.72786847895034,189.64938415178597,36.89621511072423,23.49084507702262,,,254,6.79375,0,No Defect
0.04024649044831904,105.30795316028988,241.41506685879585,35.74780363738384,20.63784203681687,aperture overfill,Stencil thickness high,255,6.796875,0,Solder Bridging
0.040232269788011005,102.06684322354701,199.92595618481343,43.91180159640606,20.7988068896616,,,256,6.8,0,No Defect
0.03768456566607633,97.32172192539537,188.28736438975366,42.33967504437866,21.95720804364261,,,257,6.803125,0,No Defect
0.04067586085512275,105.96112198716335,238.76644938692948,35.347921492563316,20.922423720643025,aperture overfill,Stencil thickness high,258,6.80625,0,Solder Bridging
0.039827999676798384,103.05852184591124,215.69815753398058,36.900908193242145,21.87973675277428,,,259,6.809375,0,No Defect
0.03883797980631598,102.16320408849823,225.17586918033035,34.744717542092786,21.923470106290843,,,260,6.8125,0,No Defect
0.038437280562045685,100.50380132066417,212.24930360913967,39.448698638190365,21.336905958584925,,,261,6.815625,0,No Defect
0.03995647021853138,103.05202205709601,223.30603095855045,42.69803810355604,19.724841611598126,,Ambient temperature low,262,6.81875,0,No Defect
0.03771830268718119,98.35641339873412,196.59936548009736,38.545496519749335,22.560999194208243,,,263,6.821875,0,No Defect
0.04009853210196638,102.81625990559716,208.1505726825268,39.11917021876497,21.702661699719698,,,264,6.825,0,No Defect
0.036564040049467166,97.36494125807772,208.53103134442756,36.710703392302236,22.359274574764584,,,265,6.828125,0,No Defect
0.04266245890654855,106.27673878059677,200.03111816947194,40.97178487790012,21.680348463030146,aperture overfill,Stencil thickness high,266,6.83125,0,Solder Bridging
0.039413701088960584,100.63711023124264,191.76091997472403,39.547790659562395,22.58289489987545,,,267,6.834375,0,No Defect
0.04027928884111832,102.3060114102334,200.63762203756093,43.028680753463355,21.0267843800948,,,268,6.8375,0,No Defect
0.03741729369804607,96.10704548358424,180.29444596503993,44.84776967565173,21.72787654380104,,,269,6.840625,0,No Defect
0.03796480408040652,97.63482242909465,186.9789006746442,44.87410529692518,21.310748862267467,,,270,6.84375,0,No Defect
0.03549335954473859,96.80229486970809,226.85050677340624,35.80360691634457,21.49954946096961,Paste volume per aperture low,,271,6.846875,0,Open Circuit
0.0399733713394582,102.74867859782621,211.1421866347998,37.692678389066195,21.947350401435894,,,272,6.85,0,No Defect
0.039724267029787756,101.70708753611225,195.84746662129803,36.4323381939696,23.25125564179707,,,273,6.853125,0,No Defect
0.03969919220825077,103.95074271255662,223.96265354953803,29.24684987635767,23.627930207042926,,Ambient RH low,274,6.85625,0,No Defect
0.03963592004863967,100.77938936408131,197.3792166777081,43.71393342789682,21.033907030902594,,,275,6.859375,0,No Defect
0.041179127089784696,102.55755239567733,195.79922815399615,48.32639032995558,19.797978507596127,,Ambient temperature low,276,6.8625,0,No Defect
0.04052056427442677,104.23404904430703,228.62432175841943,41.97839893510028,19.63201214061468,,Ambient temperature low,277,6.865625,0,No Defect
0.0408000367550723,101.92908791783117,194.433238085624,48.838110619323324,19.72997010560995,,Ambient temperature low,278,6.86875,0,No Defect
0.0403212173495678,100.5758873332756,167.85286287559325,42.309749767606114,23.26066311714079,,,279,6.871875,0,No Defect
0.03817909132478643,100.89222574784364,230.52472155272648,41.01522491506674,19.77980847533226,,Ambient temperature low,280,6.875,0,No Defect
0.038683694444961406,98.83970915775316,194.16193921841625,46.30276195252983,20.47435932667073,,,281,6.878125,0,No Defect
0.0423101488811065,105.04547794551769,195.1513544150538,45.08669127848336,20.792909315290835,aperture overfill,Stencil thickness high,282,6.88125,0,Solder Bridging
0.04161380687220059,103.69696031848343,190.46534909169492,44.27120772560647,21.315464776982928,,,283,6.884375,0,No Defect
0.04093626680433127,104.34411719355886,209.56518178919987,36.204984846399896,22.499773726132485,,,284,6.8875,0,No Defect
0.036579885175160184,101.2723226690024,255.25954205670425,27.351203410012715,22.246426633611453,poor paste transfer,Paste viscosity high; Ambient RH low,285,6.890625,0,Open Circuit
0.040534677285957374,103.60576313243266,215.6341429741861,40.40163225379707,20.901125747379993,,,286,6.89375,0,No Defect
0.04049149573535603,102.17249120626425,201.81760671954518,46.59666741446424,19.938590203867363,,Ambient temperature low,287,6.896875,0,No Defect
0.04115295977663822,104.68890196300202,213.07298346851243,37.28575141706828,21.976671562396984,,,288,6.9,0,No Defect
0.038867084749147164,100.1815556576889,202.8662352990824,43.32274523504465,20.817526268662792,,,289,6.903125,0,No Defect
0.04053715809761893,104.76160276668584,227.40797416529395,40.050921227862354,20.278597613607626,,,290,6.90625,0,No Defect
0.03693747774531288,99.92398480267443,238.7626122478199,37.337447958389205,20.34973175301978,,,291,6.909375,0,No Defect
0.03975918133772422,100.16266836143542,178.96625564299947,41.22844385043689,22.91027744975584,,,292,6.9125,0,No Defect
0.041023723640674095,105.20311603768356,224.11116494174044,36.633038011623164,21.494793286971,aperture overfill,Stencil thickness high,293,6.915625,0,Solder Bridging
0.04208131989358331,103.28414845584302,172.70482090606606,43.49276625491429,22.652244108760506,,,294,6.91875,0,No Defect
0.041127564315863264,102.96784010784019,191.93602493317687,41.773000555218054,21.970383859529306,,,295,6.921875,0,No Defect
0.04125644921396414,102.76703632094464,194.58804956877447,47.06909843191678,20.262909459012434,,,296,6.925,0,No Defect
0.04162206984573994,101.76707382571412,151.90099189608546,38.33490140792966,25.437245431741196,,,297,6.928125,0,No Defect
0.03904014448031813,104.37511524731585,248.8334988840817,30.906648837425927,21.636759857911393,,,298,6.93125,0,No Defect
0.0434892287919029,108.1733762726328,217.39525950599278,43.45456157191594,19.937111973418546,aperture overfill,Stencil thickness high; Ambient temperature low,299,6.934375,0,Solder Bridging
0.04135381561516295,102.6279945611535,175.01535021762507,40.45522224700724,23.398467429296154,,,300,6.9375,0,No Defect
0.03921169335261345,102.11401176423882,224.11427139717762,40.315665211714766,20.411631269234512,,,301,6.940625,0,No Defect
0.038014242235765924,99.75449372790631,207.17441184918775,33.916341884526446,23.314734093202095,,,302,6.94375,0,No Defect
0.039788242651125086,103.75490818407164,232.14790806037223,36.57125949156191,21.0214280803223,,,303,6.946875,0,No Defect
0.042123763037822365,104.87312275045869,192.80742872595295,39.055875570309794,22.72877822296691,,,304,6.95,0,No Defect
0.041893677532799795,106.34212774639077,228.40144930224835,41.34261404220909,19.876415991656287,aperture overfill,Stencil thickness high; Ambient temperature low,305,6.953125,0,Solder Bridging
0.0402450456566629,99.9255802386676,168.99217705751295,45.59537267786552,22.266109424891276,,,306,6.95625,0,No Defect
0.03722630796924404,99.88541480519154,226.72165047335136,32.60848826608383,22.495550161049124,,,307,6.959375,0,No Defect
0.039952142894541014,104.25201414915169,241.82237492437147,39.86079295898668,19.473756070023406,,Ambient temperature low,308,6.9625,0,No Defect
0.040815346408361375,101.49797890543174,178.11429539031334,45.278957876911946,21.804922238192233,,,309,6.965625,0,No Defect
0.03982580044556114,101.54509973560026,192.31459656999832,36.70791393045888,23.432786592547544,,,310,6.96875,0,No Defect
0.04063896458189993,103.8152137568123,206.31015688789572,37.72999186410334,22.278269792645585,,,311,6.971875,0,No Defect
0.03996283553015631,100.97090101915924,172.16984617236758,35.63440910917151,24.98112842636344,,,312,6.975,0,No Defect
0.0395106825720551,101.58065014728746,208.05931907276118,38.980680915918384,21.806465277957074,,,313,6.978125,0,No Defect
0.04138147700183073,101.72541086699184,169.27793620311368,44.021519454650246,22.72935005575534,,,314,6.98125,0,No Defect
0.039938008211408096,99.81064318253479,179.20251384541126,46.69393585930018,21.328783595849004,,,315,6.984375,0,No Defect
0.040348853147268396,103.82748359115081,211.33132555393937,34.46876477056593,22.92918587724641,,,316,6.9875,0,No Defect
0.04120552944231368,103.41410509749456,191.7344832955298,38.80586492111897,22.875298850528328,,,317,6.990625,0,No Defect
0.03813521181814499,96.3010538224243,165.32787270143612,47.78542175865199,21.846487892744236,,,318,6.99375,0,No Defect
0.03824375956480493,101.02944399266508,236.86534568151103,42.66781476565606,18.95670918421062,,Ambient temperature low,319,6.996875,0,No Defect
0.03968188535435904,103.45243614117311,222.63723174877072,33.23739794889027,22.59661079671611,,,320,7.0,0,No Defect
0.0383418606148724,100.47773699912864,224.70995277800867,43.10568604831043,19.576881813960597,,Ambient temperature low,321,7.003125,0,No Defect
0.03949244808786687,99.42674012988613,181.74765574858233,45.997618411887544,21.37912164568517,,,322,7.00625,0,No Defect
0.04555382202246438,107.91499081068315,158.6569196520476,42.65379623530448,23.82178975070948,Paste volume per aperture high; aperture overfill,Stencil thickness high,323,7.009375,0,Solder Bridging
0.04019701299977276,100.29226588114155,178.84632886218458,45.870643066131855,21.60351913740662,,,324,7.0125,0,No Defect
0.041878544522925235,103.26558056416982,185.82490893739913,47.166771315044386,20.810048100965602,,,325,7.015625,0,No Defect
0.040843103383929616,101.70884122232965,174.7526365302893,42.39277421547683,22.873294531435107,,,326,7.01875,0,No Defect
0.03929792790350612,100.02139518042432,191.09430763979884,45.38272261101079,20.984683530673447,,,327,7.021875,0,No Defect
0.04004212528046215,103.85407895389852,224.0651293082083,36.729517639785115,21.499143443149375,,,328,7.025,0,No Defect
0.04074496124490261,102.4683872793505,197.15292841020042,45.67934998802282,20.542485270010587,,,329,7.028125,0,No Defect
0.04100816505988153,103.40004093126315,199.3187376002718,40.45381138618405,21.941838113286963,,,330,7.03125,0,No Defect
0.039486203698986415,101.67241135210352,214.97522775094998,41.762453994752505,20.590157421420226,,,331,7.034375,0,No Defect
0.042290878873225364,104.10117473632805,167.52363916632072,35.75510241437052,25.276679222114858,,,332,7.0375,0,No Defect
0.03996022522094602,100.62038328769627,179.58621039990848,41.9937085357904,22.69502679928196,,,333,7.040625,0,No Defect
0.039584421656318355,101.06928068506822,194.26338031363528,38.20466435677562,22.903132534319628,,,334,7.04375,0,No Defect
0.039439382957773265,102.99068431420798,235.0568946527225,42.01660886308117,19.283950236477867,,Ambient temperature low,335,7.046875,0,No Defect
0.04070221407177847,102.63202374978593,188.6944025836304,38.512688791558766,23.16316190243044,,,336,7.05,0,No Defect
0.04206574936894997,103.41934232318658,177.44636529882132,44.42978809615654,22.138081022587834,,,337,7.053125,0,No Defect
0.041020445721243255,102.36010747270795,189.29692507196373,43.37349191329727,21.71623543090204,,,338,7.05625,0,No Defect
0.04337240958726384,104.02453931305016,152.71621617739513,44.88804839441317,23.53338839996113,,,339,7.059375,0,No Defect
0.04060985642535015,103.20612693326203,207.9220737921471,42.650786808655454,20.778159604515487,,,340,7.0625,0,No Defect
0.0395803767812893,102.41547652771155,226.73374719479858,43.363586581650836,19.412197423335876,,Ambient temperature low,341,7.065625,0,No Defect
0.04192556275386628,103.72397795034789,169.93016362600852,36.92786289687785,24.792320060914495,,,342,7.06875,0,No Defect
0.03984253404361,102.23121984787441,208.2121483930529,40.38904463038055,21.41893483870472,,,343,7.071875,0,No Defect
0.040892452954125774,102.50782960178836,193.2403824444242,44.60826872244025,21.115460072872732,,,344,7.075,0,No Defect
0.04188886570986588,103.1422100105186,181.26896777069527,46.33898957075455,21.354265099606806,,,345,7.078125,0,No Defect
0.03961132211558846,101.10822055006308,196.66460364487477,40.04333984007359,22.23220940676058,,,346,7.08125,0,No Defect
0.03718872563433977,97.76635496358405,196.0999720259789,37.485217415523366,22.992435712800223,,,347,7.084375,0,No Defect
0.03981832983768407,101.5489180167187,198.8312467574604,41.81864963349214,21.581718534004832,,,348,7.0875,0,No Defect
0.040414598906443486,103.63714495113601,217.134045644767,39.69633468306791,21.08685369543514,,,349,7.090625,0,No Defect
0.035298225718456124,98.13375765113317,243.43680716021453,28.892769487596485,22.592145225035395,Paste volume per aperture low,Ambient RH low,350,7.09375,0,Open Circuit
0.042389225830128094,104.157091441189,185.4002667411351,47.788148446053405,20.686103009107295,,,351,7.096875,0,No Defect
0.042852416000952534,105.76715932060907,191.98173745734692,39.60268129603261,22.684134198807957,aperture overfill,Stencil thickness high,352,7.1,0,Solder Bridging
0.038533327984751835,103.31357338629014,248.23728542920276,32.42792570870766,21.290649190783906,,,353,7.103125,0,No Defect
0.040075838418140136,104.23350709624273,225.44348062872263,34.10548026393932,22.212364212251007,,,354,7.10625,0,No Defect
0.03770406416407877,98.85104927578806,206.34594594013723,38.38902595758002,22.117097704715743,,,355,7.109375,0,No Defect
0.037553970001208435,99.39008094299093,207.74108179327257,33.8688878341548,23.348109614025905,,,356,7.1125,0,No Defect
0.037464857840016984,99.00501015706301,209.072833632469,36.087044275822144,22.620490558908116,,,357,7.115625,0,No Defect
0.036738483143282735,98.83168681862038,225.68518061015652,36.38938775338602,21.507905222521842,,,358,7.11875,0,No Defect
0.03869208795942706,100.21712930004146,199.35496046730114,38.244585524085686,22.597170210055193,,,359,7.121875,0,No Defect
0.043306770747646876,105.16640791003529,169.5743344737698,39.91239446915494,23.981042009328313,aperture overfill,Stencil thickness high,360,7.125,0,Solder Bridging
0.03724468753403777,99.53351002759219,228.6636630587588,35.901687993870325,21.480498675182037,,,361,7.128125,0,No Defect
0.03915980434419094,101.28995564861609,218.87698236464092,44.597819128083515,19.553103551694623,,Ambient temperature low,362,7.13125,0,No Defect
0.03844993539910681,97.57949443163174,169.37699268587676,41.37019507259659,23.529381448055467,,,363,7.134375,0,No Defect
0.03977170270059798,101.80854196250469,201.6922155372743,38.10229082007946,22.514004612205255,,,364,7.1375,0,No Defect
0.04076867429613635,101.28083553972063,183.68609828566701,47.77003752655679,20.804336652966235,,,365,7.140625,0,No Defect
0.04123180844269644,103.47037183020952,200.67707522867258,43.97956860166378,20.872596489261575,,,366,7.14375,0,No Defect
0.0406287687454398,101.0695843865206,175.77260038883347,43.91433578841226,22.416265125738423,,,367,7.146875,0,No Defect
0.03977643269242442,99.25333055104556,165.15904749118204,43.02887868289282,23.3197892734389,,,368,7.15,0,No Defect
0.0382125485257404,101.79707467360704,230.45985327560635,33.31715996571626,22.13602818043344,,,369,7.153125,0,No Defect
0.038876006714878446,103.12447606095222,232.4029004470134,31.70770684521196,22.493247731396096,,,370,7.15625,0,No Defect
0.03883357976305404,102.58150567636194,231.79905212725424,34.728226719982594,21.650966732032877,,,371,7.159375,0,No Defect
0.03976639470160661,102.75393707658827,220.94000445309445,37.97501775813743,21.382725044843426,,,372,7.1625,0,No Defect
0.03710840163723174,100.38543978002373,246.98645308241362,36.22952496130579,20.273115573927104,,,373,7.165625,0,No Defect
0.03807683054588619,99.72450956307061,208.8478517732265,38.40802460398032,21.980960543732945,,,374,7.16875,0,No Defect
0.0424275347197257,103.61947600078803,170.46345315986147,41.51594366625488,23.469781701512193,,,375,7.171875,0,No Defect
0.041678181562772754,105.71173113974069,208.16293829000924,33.32093615619996,23.542209029725093,aperture overfill,Stencil thickness high,376,7.175,0,Solder Bridging
0.04048728869310897,101.35522780374752,184.67253893897032,43.32709045857737,22.053691079732832,,,377,7.178125,0,No Defect
0.04095016075175196,102.88203703729562,190.24184982979364,39.599985485968695,22.80404368244764,,,378,7.18125,0,No Defect
0.03935643401838133,100.94186887384957,210.16341528173024,45.41559756466602,19.87155716086595,,Ambient temperature low,379,7.184375,0,No Defect
0.041212223715669495,102.69814498918565,192.1940292847874,46.16813457626398,20.770498320249594,,,380,7.1875,0,No Defect
0.040778721063904975,100.64939831647503,159.4977126277683,40.08525863547016,24.552838500269644,,,381,7.190625,0,No Defect
0.043013390483705026,107.8446220835374,220.46483429419993,40.15555203195744,20.808015293479766,aperture overfill,Stencil thickness high,382,7.19375,0,Solder Bridging
0.03905611895749211,99.94767455450864,189.4282152042494,38.90021187473865,23.049219531716755,,,383,7.196875,0,No Defect
0.036557372828080456,99.45323447514484,232.57343651051485,31.312636585826453,22.59797815579466,,,384,7.2,0,No Defect
0.038400899974906456,97.01672596818835,165.7523395021603,45.14251970631605,22.673478964643927,,,385,7.203125,0,No Defect
0.03786142512574641,100.42713505528356,222.0400885768557,34.82354326704551,22.23285673280461,,,386,7.20625,0,No Defect
0.03738586015923498,99.63375785109224,227.10801928946503,39.13353822755411,20.65858019635244,,,387,7.209375,0,No Defect
0.040535797129905224,101.93929930808473,190.7123076583459,42.000681139483,22.083693393674704,,,388,7.2125,0,No Defect
0.039357130951452705,101.76348668427667,211.31975338109203,39.56686495913746,21.518499118483774,,,389,7.215625,0,No Defect
0.03691613684811817,100.47730968151932,239.94594519696312,29.83900274656058,22.58809984408019,,Ambient RH low,390,7.21875,0,No Defect
0.042390581710192145,101.5145226225947,163.66727283522715,58.81052285118114,18.850978771282826,,Ambient RH high; Ambient temperature low,391,7.221875,0,No Defect
0.03990452200464713,102.18849262851033,208.96485100346084,41.49429646984112,21.1094429137597,,,392,7.225,0,No Defect
0.04015580908246024,101.80855243492199,194.41383049682992,39.99275125160931,22.44538440149497,,,393,7.228125,0,No Defect
0.04103238250692887,99.1038861764554,144.45182108698816,50.877713201679256,22.339833395177212,aperture overfill,Paste viscosity low; Ambient RH high,394,7.23125,0,Solder Bridging
0.03932424376722291,102.70015256339461,230.7496545160277,38.301106273057144,20.70766004000975,,,395,7.234375,0,No Defect
0.03830998221766345,98.41770397021283,184.60596362369802,40.789150976460846,22.800866654689393,,,396,7.2375,0,No Defect
0.040892417510214045,103.74517067700118,209.21103791799067,39.92796279088597,21.568463425233137,,,397,7.240625,0,No Defect
0.041392164828070635,104.28193344232871,210.0973989061851,44.03257707242012,20.31802462140965,,,398,7.24375,0,No Defect
0.041861329076652035,103.73096690014546,180.0288403987606,39.29657152089,23.55163864397812,,,399,7.246875,0,No Defect
0.03882565184762218,100.5415323323748,201.44211363641602,36.31565593047423,23.085684634846444,,,400,7.25,0,No Defect
0.0403709850871264,102.27557098573867,192.1789687609741,38.736441791109904,22.95849502419422,,,401,7.253125,0,No Defect
0.03720394594060351,98.11180415283971,202.95160262658277,35.41271586671485,23.247607704900524,,,402,7.25625,0,No Defect
0.039662875159958304,101.21913089763372,185.531097089114,35.03334853629252,24.443941339324002,,,403,7.259375,0,No Defect
0.0401042417628486,102.36666501482183,212.48881036003536,41.94262387252712,20.7830683461859,,,404,7.2625,0,No Defect
0.04031977239375067,104.56908732245114,236.9377215190114,39.719561398462346,19.931762031023133,,Ambient temperature low,405,7.265625,0,No Defect
0.04140384097835401,102.03136999636669,175.18118130554498,46.08606784504044,21.870386922938465,,,406,7.26875,0,No Defect
0.044799919944120074,107.20801422613678,167.50123454653948,42.77986228258528,23.33603989976308,Paste volume per aperture high; aperture overfill,Stencil thickness high,407,7.271875,0,Solder Bridging
0.03879167456630917,100.15481937914983,198.6901137670388,38.307962828043586,22.681224015857687,,,408,7.275,0,No Defect
0.04194982620402192,103.84531436230941,185.21184445081974,41.75346832207584,22.529739221611816,,,409,7.278125,0,No Defect
0.041435106339402505,102.1979092025776,169.82325666506205,41.4792051437935,23.55067768225665,,,410,7.28125,0,No Defect
0.03857505196842797,99.84821568925638,207.7721461919779,42.5716215213913,20.881296630951013,,,411,7.284375,0,No Defect
0.04147998015749533,103.19338838694796,188.80435200443233,43.050403571586564,21.930172244546494,,,412,7.2875,0,No Defect
0.03898639873613483,97.6961839880573,163.8746383106837,46.397978699390244,22.45980274852349,,,413,7.290625,0,No Defect
0.04167913097082819,105.18324968913736,209.63085059495916,39.206074309299005,21.778213945207384,aperture overfill,Stencil thickness high,414,7.29375,0,Solder Bridging
0.0394502495292725,102.14466414810332,222.4245218314405,41.26436484280896,20.37693776576953,,,415,7.296875,0,No Defect
0.04000091828711136,102.67521719819773,201.67867447785991,31.39918955376728,24.539579019639334,,,416,7.3,0,No Defect
0.03787679575144605,99.10316393520304,206.183017192757,37.954880029950864,22.329689369712234,,,417,7.303125,0,No Defect
0.04056831228852027,102.84810564651019,204.83488960293008,40.38261116270032,21.72805083491653,,,418,7.30625,0,No Defect
0.0398682219893516,102.6302815888225,206.19563743691887,33.07278494559098,23.774846535920425,,,419,7.309375,0,No Defect
0.04065469498633795,101.36321526842968,173.80101168604773,41.759286311465345,23.227427928137885,,,420,7.3125,0,No Defect
0.04285712680505063,103.56578489841556,166.48271290845074,47.01499402879628,22.16441006919201,,,421,7.315625,0,No Defect
0.03905361399092714,100.72575854141073,204.53658650575696,38.29710522122924,22.347500889450686,,,422,7.31875,0,No Defect
0.03910735960278935,100.69269786972544,196.58705853347638,33.56340724442554,24.222099163542858,,,423,7.321875,0,No Defect
0.04419629980374718,107.10117424292578,181.99049575728287,42.294130399867626,22.605385370841486,Paste volume per aperture high; aperture overfill,Stencil thickness high,424,7.325,0,Solder Bridging
0.0409516128493041,101.29170441487535,178.88200501411686,48.27932506569055,21.022031999884877,,,425,7.328125,0,No Defect
0.0407626477225637,102.66861489640407,198.73173202419227,43.52307390741587,21.192858404148232,,,426,7.33125,0,No Defect
0.03900232544918944,101.01538826582485,218.8857688255995,41.813790623920305,20.447111851426016,,,427,7.334375,0,No Defect
0.04028657111264082,102.2317300711242,199.7997249871456,40.99914098055093,21.863498284893044,,,428,7.3375,0,No Defect
0.04259134282198876,102.37894740775988,147.110552445424,44.37046147605086,24.131508884095503,aperture overfill,Paste viscosity low,429,7.340625,0,Solder Bridging
0.03969413367907885,103.73971906328876,231.70500249874834,35.74325032503616,21.438477908297926,,,430,7.34375,0,No Defect
0.03892795294582662,100.31483282071379,199.53332880352644,40.3322772667185,22.064829965239312,,,431,7.346875,0,No Defect
0.03806682376114049,100.26452256742529,222.02294150101844,40.066467910272905,20.757705740107692,,,432,7.35,0,No Defect
0.03823443076762542,99.05118184306137,191.304559202507,36.05273131987734,23.819134198616815,,,433,7.353125,0,No Defect
0.04171728639429231,103.49096670297108,183.71259171121812,41.32521071559161,22.77390462551142,,,434,7.35625,0,No Defect
0.043634367437603454,103.40736039314179,145.35801555575443,51.117083808037876,22.280313638988407,aperture overfill,Paste viscosity low; Ambient RH high,435,7.359375,0,Solder Bridging
0.039669462128884204,101.07472983131046,195.08939603654375,41.633314245656855,21.969388630152423,,,436,7.3625,0,No Defect
0.04266712526255313,102.67843813316489,153.1193594148566,45.30370778271311,23.501608002531615,,,437,7.365625,0,No Defect
0.037220357275304976,99.69444737506466,241.62929913857047,40.18870325110624,19.52587655781987,,Ambient temperature low,438,7.36875,0,No Defect
0.038848604026200356,101.2738239446823,216.32044969958653,36.924538869111416,22.04345847507516,,,439,7.371875,0,No Defect
0.04313833093793616,104.75604883936974,177.36029851247423,44.61171560674948,22.226222798499887,,,440,7.375,0,No Defect
0.04082166364079406,104.62545590399351,222.1247852182938,37.813480745554436,21.445382526569652,,,441,7.378125,0,No Defect
0.03782514623687797,100.4811827765421,232.52391126787236,38.146584026290256,20.687949512522767,,,442,7.38125,0,No Defect
0.04046244617062244,101.75765269707422,188.40526005593532,43.92475653700167,21.72360225630432,,,443,7.384375,0,No Defect
0.039376733359104486,100.39630075106147,197.89348650323367,42.98499337324147,21.413864263138652,,,444,7.3875,0,No Defect
0.042298164805566425,106.01360368824345,203.9351716956883,34.90656770028098,23.429806688841673,aperture overfill,Stencil thickness high,445,7.390625,0,Solder Bridging
0.03880921261725355,101.70417471958353,210.77528610259432,31.788722840616597,23.887214508445783,,,446,7.39375,0,No Defect
0.041271029481928075,103.15093114027758,184.76375369240662,38.028939915973126,23.685072292220312,,,447,7.396875,0,No Defect
0.040184183881461014,102.807695880785,221.09017020637702,42.79333708981288,20.061604490922324,,,448,7.4,0,No Defect
0.040181507917186304,100.86837091976666,174.59361643827202,38.28031223474362,24.228689284958435,,,449,7.403125,0,No Defect
0.03977815181648364,103.60952614412066,219.34458974436936,31.50960811082729,23.457805166741732,,,450,7.40625,0,No Defect
0.04063247063084561,103.64787915680705,208.24727161065076,34.08038147842413,23.40219271475778,,,451,7.409375,0,No Defect
0.040759626205863736,103.1442455697774,209.00162222068334,42.25423433359002,20.968686352845552,,,452,7.4125,0,No Defect
0.04207414700069891,101.60844798119899,154.96959057888915,47.22429115834778,22.842355445531446,,,453,7.415625,0,No Defect
0.04060471915522453,101.8240520141167,182.68136206257367,39.93022124109845,23.25996046483414,,,454,7.41875,0,No Defect
0.03811140734058704,100.85333466676856,219.15371880884592,33.49636290862859,22.880762654829752,,,455,7.421875,0,No Defect
0.03699827731661932,97.9687571752437,218.11273057679455,40.81687237418589,20.80403022915575,,,456,7.425,0,No Defect
0.04080366975121793,103.6785379503759,206.17413882969166,37.42492058997431,22.557037560648876,,,457,7.428125,0,No Defect
0.043024495430378853,106.15273570553653,194.91205130430174,40.15958197093248,22.469005344752752,aperture overfill,Stencil thickness high,458,7.43125,0,Solder Bridging
0.0409088169700565,103.30548685344381,209.14518587263956,44.92470648228976,20.186034543066743,,,459,7.434375,0,No Defect
0.0418296689734545,102.37644332867492,166.22603348787766,43.73460530312862,23.17532394061995,,,460,7.4375,0,No Defect
0.045409130070763824,108.04809134153768,168.68125265293784,44.553027153700604,22.814966797894236,Paste volume per aperture high; aperture overfill,Stencil thickness high,461,7.440625,0,Solder Bridging
0.03944225777463773,103.63368632478512,237.25406418947318,36.065926931597424,21.040082408890118,,,462,7.44375,0,No Defect
0.04073327219727427,103.67526631345623,205.42928785498435,36.15180449394592,22.980960740988106,,,463,7.446875,0,No Defect
0.040764431376537145,103.62720134373026,210.76637096895402,42.219469718098836,20.87874187799951,,,464,7.45,0,No Defect
0.04116315283943778,101.58346649314477,169.59410925686953,43.75107430000982,22.963642713796645,,,465,7.453125,0,No Defect
0.03948869868204412,101.24009800688695,193.2422773295685,34.628864599347374,24.166204953108288,,,466,7.45625,0,No Defect
0.0410004630968448,103.49726741491041,201.56527580803422,39.99037934830072,22.10317863727487,,,467,7.459375,0,No Defect
0.04121548322052438,103.60729791627884,201.2639449091947,41.130426932776444,21.793077074496196,,,468,7.4625,0,No Defect
0.041908294901777096,103.12458815111474,171.82469348905835,41.58007474895862,23.47133697620119,,,469,7.465625,0,No Defect
0.041843563959889564,104.48918866161824,201.1518016930842,40.90726255120147,21.874513621098476,,,470,7.46875,0,No Defect
0.04045439714225675,101.8124273778111,190.94607626580708,39.774959157324204,22.822069831336094,,,471,7.471875,0,No Defect
0.038209598007593104,98.28412778533406,180.31597769436047,38.2136933339442,23.90627808851726,,,472,7.475,0,No Defect
0.042667636636352736,103.80569900689437,159.87479491183205,37.88601162827738,25.29770988740862,,,473,7.478125,0,No Defect
0.0397288438564971,100.85081765876308,193.3784386043253,42.17761237103305,21.964073590416632,,,474,7.48125,0,No Defect
0.04251939740568518,103.88545955124442,166.4470744434497,39.250337727530905,24.495968390512285,,,475,7.484375,0,No Defect
0.0383237189994361,98.91080600607474,197.92830650677772,41.55899224718396,21.85808948551309,,,476,7.4875,0,No Defect
0.03868073718022693,100.21528588261216,200.2116317650775,37.39932215629634,22.934067565248675,,,477,7.490625,0,No Defect
0.03678889652507862,97.4108352326697,198.66467641831198,33.53539401388897,24.146523604306548,,,478,7.49375,0,No Defect
0.03747860935629053,98.10937380688824,196.62499860913618,36.78099855112241,23.32897422839472,,,479,7.496875,0,No Defect
0.03874467056527337,100.80796819505292,209.22951139149703,36.18458165605815,22.742425805423217,,,480,7.5,0,No Defect
0.042331484909765724,102.46564969086604,164.60762189735658,49.37829104945578,21.655464279040295,,,481,7.503125,0,No Defect
0.041424112784417225,105.26101431632972,209.40462768048255,33.18723190058822,23.631922092829186,aperture overfill,Stencil thickness high,482,7.50625,0,Solder Bridging
0.040472216047916294,103.0211332049858,208.24549625229915,40.60124244499048,21.52948645927103,,,483,7.509375,0,No Defect
0.04182161609653412,105.17583751344313,205.42074940512776,38.29357395979075,22.389333980334673,aperture overfill,Stencil thickness high,484,7.5125,0,Solder Bridging
0.040894451354501836,103.46827036068544,202.93340471726287,40.67852486630885,21.83682103386418,,,485,7.515625,0,No Defect
0.0409820279331705,101.4775261311998,174.47358928414567,43.42566739187973,22.78548389742265,,,486,7.51875,0,No Defect
0.039357276022920364,101.0116829557635,207.6352524029584,41.58527678686393,21.277599814894614,,,487,7.521875,0,No Defect
0.043043078697121234,106.66974807298755,193.36763928655486,36.78680348733807,23.581307756637287,aperture overfill,Stencil thickness high,488,7.525,0,Solder Bridging
0.04045828744195146,102.6660649419742,200.27368159336635,38.12296550542264,22.75176784970676,,,489,7.528125,0,No Defect
0.03840645304647915,99.14447788312036,196.97628162445267,39.303903370013884,22.593985685418467,,,490,7.53125,0,No Defect
0.04258679054019626,103.65092948478316,171.71154055932743,45.67701323948648,22.315062153541387,,,491,7.534375,0,No Defect
0.040132110187556025,102.92260239918396,215.0570625338436,38.22724181599731,21.81672342945367,,,492,7.5375,0,No Defect
0.041543278855359356,102.36686999341555,175.12732141472594,44.596565692018814,22.414604245385952,,,493,7.540625,0,No Defect
0.041866247529933905,106.77013403322613,222.6869511023216,32.02701620219145,23.17514998865289,aperture overfill,Stencil thickness high,494,7.54375,0,Solder Bridging
0.04125502497063038,102.77179628598135,195.411522355239,44.76773449134295,21.125418761716965,,,495,7.546875,0,No Defect
0.03894621678180728,103.0082604267879,250.53543434576562,39.50443005033184,19.26219295075417,poor paste transfer,Paste viscosity high; Ambient temperature low,496,7.55,0,Open Circuit
0.04149509467987456,102.80603194812849,181.6029774242643,42.54915304117648,22.62108069418358,,,497,7.553125,0,No Defect
0.03997593179140804,100.89161573776899,184.9921622747524,41.969163926978744,22.56825853835112,,,498,7.55625,0,No Defect
0.04141442052263572,102.86476002467401,182.67268451229825,42.38565726240893,22.603189539079974,,,499,7.559375,0,No Defect
0.04099247612644668,104.06975173878918,207.51037589509573,36.90494600745655,22.680703927378545,,,500,7.5625,0,No Defect
0.038564350532648936,104.22696555269272,270.4693851825929,32.991021174268546,19.945179591276748,poor paste transfer,Paste viscosity high; Ambient temperature low,501,7.565625,0,Open Circuit
0.04083811719103989,103.36430004207965,206.69078023403452,40.879482191212304,21.571213744707684,,,502,7.56875,0,No Defect
0.04057028599359728,102.4935242070084,183.51743446425732,33.47294333277766,25.153442523549135,,,503,7.571875,0,No Defect
0.04030474796612571,106.01120654916994,252.54505916668853,33.43078728836371,20.931300678457546,aperture overfill; poor paste transfer,Stencil thickness high; Paste viscosity high,504,7.575,0,Solder Bridging
0.04083954660499229,103.19705641535138,204.79749218656843,44.12280807278493,20.73887978567253,,,505,7.578125,0,No Defect
0.04082379569208074,101.42309926570029,180.8833557754696,43.86799630184296,22.288095675692514,,,506,7.58125,0,No Defect
0.03948674548868777,102.56824900986467,226.73032218472264,38.213329671948784,21.117969172005523,,,507,7.584375,0,No Defect
0.03876581664091483,98.930634018288,185.82110956013236,40.828968562655184,22.85688061626381,,,508,7.5875,0,No Defect
0.040753053807878296,100.76076644619121,166.56138573369074,43.87887675592976,23.16187874609501,,,509,7.590625,0,No Defect
0.03724147437578709,96.59403897830649,199.27081483428822,47.82538045956518,19.978406292950428,,Ambient temperature low,510,7.59375,0,No Defect
0.040929888746078426,99.29372392633971,146.5682566756033,48.180719494178376,23.137957660896838,aperture overfill,Paste viscosity low,511,7.596875,0,Solder Bridging
0.03823651488442328,100.15226349659149,209.1286974561948,35.33904934571447,23.029112124537328,,,512,7.6,0,No Defect
0.03929018381631159,99.79314500565765,191.83924350154567,44.733723638214755,21.3555508971488,,,513,7.603125,0,No Defect
0.04006650794374811,99.97734971056812,172.1341515166414,42.82165371926555,23.13181139075102,,,514,7.60625,0,No Defect
0.03806593832973596,101.77814606758783,246.55247412817008,37.42769856557638,20.12634648367894,,,515,7.609375,0,No Defect
0.0406472088786656,102.95451686619694,201.63616598935292,41.01634145608044,21.853368123591387,,,516,7.6125,0,No Defect
0.03891174969072602,98.98913613472033,183.7349785041315,40.60599481844845,23.06322019302885,,,517,7.615625,0,No Defect
0.04215229553587652,103.35250368162163,175.4166204217451,43.5069702376638,22.75172724363029,,,518,7.61875,0,No Defect
0.0360919501770664,97.09855790334309,220.14898944821653,39.260270223586815,21.19783453957159,,,519,7.621875,0,No Defect
0.03673608247649336,99.34216198747268,231.6621219111255,31.459125551891148,22.780741584804865,,,520,7.625,0,No Defect
0.039679052154279956,100.68506107504015,178.1722436541829,35.62641132952746,24.86491432277584,,,521,7.628125,0,No Defect
0.04113320240760427,101.44221167103524,170.1550752694818,43.560406727241094,23.055742993660484,,,522,7.63125,0,No Defect
0.04116245508360758,101.99718471486516,178.789604024462,43.96229901077106,22.40920901958126,,,523,7.634375,0,No Defect
0.041225359262948215,104.04716366818664,205.15544229199116,41.269744831924804,21.57749701230208,,,524,7.6375,0,No Defect
0.0385022963062821,102.12597890487713,240.3403634890092,36.312268323336596,20.850340092160373,,,525,7.640625,0,No Defect
0.040515838492418486,102.91080824812198,205.47701987633408,40.35098195617454,21.825314088906037,,,526,7.64375,0,No Defect
0.041863751793654626,103.90160443847128,195.07867030036846,43.19117489093435,21.649205427118787,,,527,7.646875,0,No Defect
0.04314695488236074,104.6500458349748,167.1512965656278,40.7409899322371,24.08785902112896,,,528,7.65,0,No Defect
0.03863505131751873,99.93996028827527,195.1207663549984,35.22306486645475,23.946637441978005,,,529,7.653125,0,No Defect
0.0384211254531175,102.19162023704975,241.84156953095288,37.110983427779374,20.52712617360974,,,530,7.65625,0,No Defect
0.04148628911616564,101.84677693098932,175.02524373361555,47.32895725447267,21.67043163374735,,,531,7.659375,0,No Defect
0.03795526988318269,98.57311891713215,203.36899803317496,40.68424761766737,21.8471838638397,,,532,7.6625,0,No Defect
0.037622115792864674,100.51433287611192,225.30808658035852,32.132658498895786,22.99272579703482,,,533,7.665625,0,No Defect
0.03878809385916223,101.33161716173377,221.0159322740332,37.30443268732258,21.759489396901063,,,534,7.66875,0,No Defect
0.03658637438399157,98.82654777070208,222.30497280253152,30.71483058940462,23.586019170852122,,,535,7.671875,0,No Defect
0.04118124367015045,102.56824548078148,183.72177113354314,41.966400873407515,22.704673743081365,,,536,7.675,0,No Defect
0.04054989500986969,102.94289071405339,194.64061409394785,35.69408968237208,23.861923467841088,,,537,7.678125,0,No Defect
0.03823166710504302,99.69363122988477,208.82135308387078,38.37822156059035,22.19350306252881,,,538,7.68125,0,No Defect
0.04248959867033964,105.67944858798388,192.14847301862633,36.797424119092504,23.71097183044603,aperture overfill,Stencil thickness high,539,7.684375,0,Solder Bridging
0.04067278212056304,103.87444135056106,226.54147057900903,45.21839395705954,19.129292020629542,,Ambient temperature low,540,7.6875,0,No Defect
0.041817738757455356,103.78330242278594,188.96314119554373,41.307968099825445,22.589131526427295,,,541,7.690625,0,No Defect
0.03857649419816048,102.35320638956196,240.830544086587,34.33517243322134,21.420992222348183,,,542,7.69375,0,No Defect
0.03634739099195883,98.94048212977494,244.0786497339729,36.289855031621194,20.63275274972454,,,543,7.696875,0,No Defect
0.04339889664232325,104.5120086371954,158.87703610095093,43.65413299589847,23.761595886352826,,,544,7.7,0,No Defect
0.040006427939948866,103.10005843226419,226.03973183124654,40.56894860685196,20.522139266283865,,,545,7.703125,0,No Defect
0.0421408793261114,106.11187099680781,216.97249133777137,38.718642125890696,21.636940681412323,aperture overfill,Stencil thickness high,546,7.70625,0,Solder Bridging
0.039076473998166585,100.41117920648321,203.18696884590412,42.70200617865473,21.290798804417395,,,547,7.709375,0,No Defect
0.04072158206490544,103.09680971052751,202.9757715048935,40.41045309499632,21.989330632137975,,,548,7.7125,0,No Defect
0.03948410599918471,101.5692067317947,201.05106121300705,35.80712086715201,23.442794721311284,,,549,7.715625,0,No Defect
0.0430533263869297,106.87420804632289,201.7609784836153,37.794498596801326,22.850137226841547,aperture overfill,Stencil thickness high,550,7.71875,0,Solder Bridging
0.039214421596500404,101.23740083654215,204.69543762595495,35.006139029365606,23.45692955599466,,,551,7.721875,0,No Defect
0.041094950669326724,101.81206205598323,183.08006308044847,45.21936064353221,21.816617829242787,,,552,7.725,0,No Defect
0.04142683719431316,103.14878367181247,191.42991481993536,42.428651906802386,22.122669225394215,,,553,7.728125,0,No Defect
0.039641945466457655,100.43315839868139,188.46552687409797,39.14395380904449,23.252658195718304,,,554,7.73125,0,No Defect
0.03950451159094376,100.93490526925359,197.74274372870883,39.305008556870234,22.63327054786758,,,555,7.734375,0,No Defect
0.04152106124900028,102.43611911531202,169.64092543469584,38.50459636928752,24.610127376086837,,,556,7.7375,0,No Defect
0.039387897738007244,100.1459434285658,183.07010390481844,36.8531139056608,24.251330115558464,,,557,7.740625,0,No Defect
0.04103494407286856,102.06890265421207,179.8139205722225,40.23859229879595,23.478338011529566,,,558,7.74375,0,No Defect
0.03852431478334485,101.03382350138271,210.2333871615917,31.09643876955826,24.260937695757196,,,559,7.746875,0,No Defect
0.04031974625456483,105.5944100743327,247.17547811585004,33.32317915104204,21.36223974073452,aperture overfill,Stencil thickness high,560,7.75,0,Solder Bridging
0.03691054692191725,98.56567061894116,216.78944366457452,35.34888059294357,22.604153866188252,,,561,7.753125,0,No Defect
0.039796907213165214,100.72575685071031,201.06324221383596,46.24524089552052,20.415344814186803,,,562,7.75625,0,No Defect
0.041416066916008236,103.80204077262403,200.06399289537103,41.91803250807406,21.752169144849663,,,563,7.759375,0,No Defect
0.03951493374299962,102.37460131017944,218.25046805578697,35.482833151934244,22.50536406688368,,,564,7.7625,0,No Defect
0.04296397742440308,106.34575657279845,199.18196651387558,41.05088383392989,22.072874709215526,aperture overfill,Stencil thickness high,565,7.765625,0,Solder Bridging
0.037036429452717595,97.58565908627983,215.7497280552102,43.43847276519809,20.31658095893762,,,566,7.76875,0,No Defect
0.03947848672734462,103.71756212479455,247.507009458769,42.06404828960614,18.784818351523754,,Ambient temperature low,567,7.771875,0,No Defect
0.040514184305131797,100.28744255534322,178.5084746642683,47.507707539410504,21.445284266338177,,,568,7.775,0,No Defect
0.038091444521116985,99.07557392145766,198.88717248241062,36.14499816703912,23.49260107480585,,,569,7.778125,0,No Defect
0.039046387494693746,101.8853997314733,215.07100760607966,33.74651333241223,23.206974786289866,,,570,7.78125,0,No Defect
0.03910738952242475,99.92090783040433,192.67839532093262,41.550408370578246,22.301985838869143,,,571,7.784375,0,No Defect
0.039076050654306395,101.45716808197606,208.7074258397326,35.2283719910553,23.166343805323987,,,572,7.7875,0,No Defect
0.03946462390339514,100.11872286719702,183.80707161409723,39.52006337878239,23.44555503214833,,,573,7.790625,0,No Defect
0.03889152065023459,101.2376401452732,203.58026666191157,30.627012443719703,24.827855799486112,,,574,7.79375,0,No Defect
0.038417773379894535,98.94266856026353,191.34307429266514,38.97518457653919,23.13705009078585,,,575,7.796875,0,No Defect
0.0361070093471991,95.08636001034655,188.32253418791956,39.81280731366721,23.06020828579453,,,576,7.8,0,No Defect
0.03913081147483104,100.18907464764291,205.86062233208543,44.09479132652516,20.762005422150114,,,577,7.803125,0,No Defect
0.04024569075697553,99.20880578144065,165.35332142878758,48.29104438477871,22.030353600673646,,,578,7.80625,0,No Defect
0.04682896675922261,105.84932953219001,122.3214922683904,57.77988097047955,21.95493876983563,Paste volume per aperture high; aperture overfill,Stencil thickness high; Paste viscosity low; Ambient RH high,579,7.809375,0,Solder Bridging
0.03992083983866023,101.10924270712577,189.6117443686169,39.67611441249752,23.056684436478722,,,580,7.8125,0,No Defect
0.041305494106169086,102.50297110435403,175.8349827121335,38.588825954914896,24.23314913171897,,,581,7.815625,0,No Defect
0.03906888329550536,101.27731132265697,208.8423555903108,36.748200736824856,22.726464161686117,,,582,7.81875,0,No Defect
0.043215314307814966,104.7243235513293,176.7336020194271,46.15507232653296,21.985933799181797,,,583,7.821875,0,No Defect
0.03874972356554322,101.4609681304318,221.36982226794797,36.039808410678916,22.166712762220012,,,584,7.825,0,No Defect
0.04043872567361555,102.02441992596208,195.961488574868,43.30328671293615,21.61582337887844,,,585,7.828125,0,No Defect
0.0415117342006719,102.6532834135247,175.06858530940414,41.30996905684588,23.490354167790397,,,586,7.83125,0,No Defect
0.04256143918018508,103.5079595672042,168.5897335727907,41.76310709701449,23.771167603881924,,,587,7.834375,0,No Defect
0.04173335070334957,102.85871773853097,182.63434530486674,44.822736709216855,22.0078899560631,,,588,7.8375,0,No Defect
0.03800380238362809,99.84971517941135,198.14006363488238,28.348532267984275,25.836955018196647,,Ambient RH low,589,7.840625,0,No Defect
0.04209760515819066,104.8444772397162,200.71977974499217,43.5523919260568,21.27077407223648,,,590,7.84375,0,No Defect
0.043039216187877184,105.98684555653941,191.9939128354166,41.63405247244703,22.375559064051245,aperture overfill,Stencil thickness high,591,7.846875,0,Solder Bridging
0.03856590960034058,99.50341954073104,196.85546177000268,37.11796572489876,23.36624889351971,,,592,7.85,0,No Defect
0.0395497704856977,101.74035367775419,206.09402278710039,34.7227095987981,23.509637337739054,,,593,7.853125,0,No Defect
0.036673984959980074,98.315114439486,215.48703426023098,34.71781037340613,22.90427347796662,,,594,7.85625,0,No Defect
0.040183939226112284,103.56171106115373,215.6496620239159,35.07156915498187,22.823680503854057,,,595,7.859375,0,No Defect
0.04045921426413876,103.84726755290136,223.45792443936818,39.79843608643584,20.969067609430233,,,596,7.8625,0,No Defect
0.03833017643658427,99.89740787243946,211.0329594523809,37.394815338123685,22.420299105410233,,,597,7.865625,0,No Defect
0.04263748793921325,105.14818345559978,191.11886329253466,41.36014395738823,22.51772629285403,aperture overfill,Stencil thickness high,598,7.86875,0,Solder Bridging
0.04013476307982711,102.19606264274023,195.86396700680254,36.154924474404666,23.726002219535694,,,599,7.871875,0,No Defect
0.03668172042299382,97.28411702397696,207.37030426947663,39.50396647931521,22.012730621720788,,,600,7.875,0,No Defect
0.03767717598249648,100.03553890487069,216.57219476543347,32.804061612195,23.415039471858975,,,601,7.878125,0,No Defect
0.03983713710983115,103.28977443050893,216.64540919601882,30.899617367892418,23.990735356079668,,,602,7.88125,0,No Defect
0.04180606860493105,101.54381182117544,142.1251436834315,36.85319082579234,26.838299338208447,aperture overfill,Paste viscosity low; Ambient temperature high,603,7.884375,0,Solder Bridging
0.042087634067060356,103.20281894815206,173.52894853281478,43.64222095729347,22.930230791885485,,,604,7.8875,0,No Defect
0.039324239728368224,101.29257262408929,211.230909350365,39.505468070064154,21.808369934624125,,,605,7.890625,0,No Defect
0.03567201324701597,96.53320267336767,223.90815820964463,37.06375292773453,21.716716124606226,Paste volume per aperture low,,606,7.89375,0,Open Circuit
0.04077725234225881,102.04764413452261,189.14407192312402,41.11240088059954,22.70911552669068,,,607,7.896875,0,No Defect
0.04106135854465306,102.98267965356344,191.12740917610398,39.28322610022397,23.122091009855676,,,608,7.9,0,No Defect
0.036434505015624466,99.66453102479718,245.28584688958,32.557701237644864,21.72726337371636,,,609,7.903125,0,No Defect
0.03761422644697955,98.40427183897646,203.75343885540101,37.362672759181216,22.885579986317694,,,610,7.90625,0,No Defect
0.03850980287327441,99.49946135025196,202.73624711525855,38.95097296535927,22.493719800031005,,,611,7.909375,0,No Defect
0.04055215143116031,101.8307730525604,189.38866346153836,40.558162953350426,22.859208149527944,,,612,7.9125,0,No Defect
0.04055935211121509,104.56189189888012,226.79763330683448,36.453433591107434,21.762403022591084,,,613,7.915625,0,No Defect
0.03779223357944538,101.7265033288914,247.91914859518164,35.728048593063725,20.65449782366425,,,614,7.91875,0,No Defect
0.043162183587357364,105.8832157332218,193.1679269859546,43.47631724800018,21.798353754755286,aperture overfill,Stencil thickness high,615,7.921875,0,Solder Bridging
0.042088103523552155,103.98015581672172,174.56240818944534,34.7288023688424,25.48864305875936,,,616,7.925,0,No Defect
0.04053918608849386,102.17388057691305,202.4458598187787,42.09397478002629,21.619443479194594,,,617,7.928125,0,No Defect
0.036837960249127284,99.538519285405,236.6938334049642,34.74877912573289,21.62897001259558,,,618,7.93125,0,No Defect
0.04222539340232993,105.29108314165676,205.1304774487691,41.411423728119935,21.66564725014015,aperture overfill,Stencil thickness high,619,7.934375,0,Solder Bridging
0.038770490680884166,101.59360888370797,234.53273878238917,42.668351113402224,19.466228997669063,,Ambient temperature low,620,7.9375,0,No Defect
0.04062861880263123,100.64582956652684,176.00229931370546,46.264485059844056,22.02398137435351,,,621,7.940625,0,No Defect
0.03797929115741668,99.31477441712433,208.42760443147736,36.13596926259572,22.97559481578826,,,622,7.94375,0,No Defect
0.040437391988126806,101.88703506740052,188.6120970546339,39.95692262150139,23.09120497142914,,,623,7.946875,0,No Defect
0.039158933934688875,100.06275183620343,198.60234244117098,41.68193579480065,21.96927752496321,,,624,7.95,0,No Defect
0.041286490315704034,100.49561939895412,164.77687871808465,50.36753362112371,21.525893187165657,,Ambient RH high,625,7.953125,0,No Defect
0.03984479363743904,101.49647024668282,189.83516849303285,36.49404198919714,24.02486934279883,,,626,7.95625,0,No Defect
0.040770520546458716,103.71186923536303,204.64046989029703,35.91514373494031,23.296793083887383,,,627,7.959375,0,No Defect
0.041472801676565724,100.39481236374989,150.79064602014444,46.07167532133848,23.644398381390353,,,628,7.9625,0,No Defect
0.040817555219756926,101.59166296148312,176.9660878445399,40.449932086597364,23.67472026934283,,,629,7.965625,0,No Defect
0.041464475433727443,102.6791164861729,164.50335342434974,33.394673610555515,26.505479110498662,,Ambient temperature high,630,7.96875,0,No Defect
0.03716269641528696,97.2449273062174,200.3198332999024,41.913158906664684,21.7851342090493,,,631,7.971875,0,No Defect
0.03894509915416182,101.2357584968593,213.17078112171356,35.45491291738967,22.90224050734237,,,632,7.975,0,No Defect
0.03695301670870678,98.13961954690048,217.13208456483744,37.96592757221127,21.91025750415244,,,633,7.978125,0,No Defect
0.03835504905865046,100.842955228915,215.02164498517615,33.57393807908279,23.332043340552246,,,634,7.98125,0,No Defect
0.03869127760249243,98.46999231145105,180.96203630723747,41.947344905964094,22.98038951348484,,,635,7.984375,0,No Defect
0.04170178490939941,104.07425489553464,189.53078564128907,36.84908425177694,23.97129286498177,,,636,7.9875,0,No Defect
0.04231428977808539,102.44221769467651,166.94259140704486,49.38502144657079,21.700848767374886,,,637,7.990625,0,No Defect
0.03928742569045684,101.9072122867202,232.00193241393362,43.50765071257122,19.406654388447578,,Ambient temperature low,638,7.99375,0,No Defect
0.036730069091966695,99.35042778236208,225.65082946660922,28.434055531158258,24.17625405275185,,Ambient RH low,639,7.996875,0,No Defect
0.04032207871254452,102.56526631459737,206.43063447151374,41.45474386536991,21.58052330231498,,,640,8.0,0,No Defect
0.03882249174849753,99.50167437886321,200.40832321117415,44.22968581587126,21.13006519942584,,,641,8.003125,0,No Defect
0.0420584690778384,102.2064614533678,173.97616273034043,52.12452800057754,20.47242992867097,,Ambient RH high,642,8.00625,0,No Defect
0.04309911075930798,102.62120380982212,144.16702442919586,45.242393955081546,24.32441219807787,aperture overfill,Paste viscosity low,643,8.009375,0,Solder Bridging
0.038173473757971185,100.84723611077871,235.59686734230138,40.97100256827317,19.921967996356937,,Ambient temperature low,644,8.0125,0,No Defect
0.03828177642014013,98.86073388668822,205.7741193447587,44.934445720776495,20.59612390212931,,,645,8.015625,0,No Defect
0.03927312337922922,98.31212728185642,163.20694781923095,43.425140597321224,23.653970858761774,,,646,8.01875,0,No Defect
0.04032956522182574,103.32602864127969,207.51564481840663,34.23607087722638,23.632252969202565,,,647,8.021875,0,No Defect
0.040021740266433056,105.44619442324324,240.06935561539282,28.923702602997505,23.182942291062382,aperture overfill,Stencil thickness high; Ambient RH low,648,8.025,0,Solder Bridging
0.041342612819777184,103.59801820945175,193.1060331568582,38.43362510102167,23.30126753397598,,,649,8.028125,0,No Defect
0.04104923782944502,103.11702752045981,201.2613011286652,43.57958744025065,21.295955293573392,,,650,8.03125,0,No Defect
0.04025757424812492,100.78572972753521,178.14248053522851,41.80929965727173,23.225259687002534,,,651,8.034375,0,No Defect
0.03958585078740049,101.32329823142803,198.3613719999527,38.09373893856507,23.065584392431916,,,652,8.0375,0,No Defect
0.04337638990229848,103.90515352436562,156.6835802431247,45.14590540739074,23.597097604365807,,,653,8.040625,0,No Defect
0.03962488589892594,100.16116061881534,192.89393106344988,45.32105536035481,21.29517369373843,,,654,8.04375,0,No Defect
0.04235754290108409,105.5584569012512,203.62435690458662,40.12768093346517,22.177475137147955,aperture overfill,Stencil thickness high,655,8.046875,0,Solder Bridging
0.038501226348711934,100.21463791301406,198.58163419831476,32.82565970159803,24.586718651191525,,,656,8.05,0,No Defect
0.04261492166321667,103.85584274401027,173.11957826057332,42.37562339456776,23.39847716724269,,,657,8.053125,0,No Defect
0.042467273794210614,100.89130813978893,145.41025969752542,53.3533285549606,21.891501965024634,aperture overfill,Paste viscosity low; Ambient RH high,658,8.05625,0,Solder Bridging
0.03812969230674038,101.9892430859714,237.83049144655848,29.41712809988801,23.179829425906803,,Ambient RH low,659,8.059375,0,No Defect
0.04058885032218142,101.0345755043152,180.3656047927396,42.49050875857165,22.90895806980869,,,660,8.0625,0,No Defect
0.04184605914879817,104.20884804178908,197.65063957148843,43.86977940284583,21.450913834020277,,,661,8.065625,0,No Defect
0.037944347816013885,100.19999181755384,236.31529373173737,41.62613482939606,19.710956256377738,,Ambient temperature low,662,8.06875,0,No Defect
0.04072433111895975,102.32105834155125,187.51925603115296,39.32317555815693,23.394421236640717,,,663,8.071875,0,No Defect
0.04034113451967428,100.82754082763202,171.94592750185083,38.34484562042732,24.63535947589309,,,664,8.075,0,No Defect
0.04082646670642292,102.48857045021263,190.0783072690332,37.85983669324797,23.67307155961227,,,665,8.078125,0,No Defect
0.04158933729807903,101.2360282421528,170.56767681410795,51.184808566711965,20.983716798268098,,Ambient RH high,666,8.08125,0,No Defect
0.037665616178559215,97.54768347812421,192.66444002832634,41.045578913484405,22.558040151754245,,,667,8.084375,0,No Defect
0.04122809411766574,102.57375571158765,180.11560291430735,40.36310186339787,23.554875272415842,,,668,8.0875,0,No Defect
0.04283242087221307,104.12215026857388,183.3956240113825,49.46697332534043,20.711702624906994,,,669,8.090625,0,No Defect
0.0390966057525638,100.31307271041898,203.46341622577074,41.2454735860289,21.853452590827583,,,670,8.09375,0,No Defect
0.039711914692916295,101.4747279983237,190.43361586852694,33.62424794738859,24.88242243190306,,,671,8.096875,0,No Defect
0.03799399088065515,97.45181208222871,174.37590533598117,35.08639274910683,25.432298106476587,,,672,8.1,0,No Defect
0.0433973342216268,104.36807086244913,166.16041706139222,46.13783493784132,22.75061984026894,,,673,8.103125,0,No Defect
0.039865301375372655,99.96280274274022,188.91175384079006,49.413660193278275,20.3687327403291,,,674,8.10625,0,No Defect
0.0382188910273585,99.5109282007123,202.5828696237833,36.434650876704765,23.309808080614665,,,675,8.109375,0,No Defect
0.04376571594090396,106.97375857160058,193.8242318836356,43.00252695545792,21.97419803909447,aperture overfill,Stencil thickness high,676,8.1125,0,Solder Bridging
0.03901911729807296,99.60897771437779,193.51752680208773,42.254017325072084,22.175215147998045,,,677,8.115625,0,No Defect
0.03725710531009371,97.86420862648853,206.13053506804923,38.68890669881204,22.431591083741477,,,678,8.11875,0,No Defect
0.03758932945608187,99.90304441513209,236.30534345430334,43.19157754129369,19.26492624411141,,Ambient temperature low,679,8.121875,0,No Defect
0.04085475094684868,103.25008693601994,204.7819628366151,39.96354784792473,22.17347731875839,,,680,8.125,0,No Defect
0.03559562470866449,98.13861851696402,246.07494740058823,33.46570009032803,21.496999572583555,Paste volume per aperture low,,681,8.128125,0,Open Circuit
0.038826076686229734,99.95070870133596,214.05286498111712,44.722748161959146,20.203676176357533,,,682,8.13125,0,No Defect
0.039744276377427674,102.49098437542061,218.02246656141105,36.65448046590982,22.32488686001922,,,683,8.134375,0,No Defect
0.038943618918265255,100.4916864412698,209.24878795931042,40.79735563813415,21.644562834939798,,,684,8.1375,0,No Defect
0.041850529229526125,103.82701718000187,199.00271957082657,46.10169304646726,20.749085906783396,,,685,8.140625,0,No Defect
0.04081146957005212,104.21480233021815,220.80066099076902,38.91107126988531,21.505203658194052,,,686,8.14375,0,No Defect
0.04154631619624358,103.94029137773647,190.5499387228924,34.88923675917346,24.544425258312216,,,687,8.146875,0,No Defect
0.040253107299309095,101.09636070849034,188.13968566239635,44.16189960332372,21.969801633571613,,,688,8.15,0,No Defect
0.03801542602162912,99.51459349526883,208.06888689749277,35.19677288096688,23.352299103004672,,,689,8.153125,0,No Defect
0.03916922355441054,99.17448663444316,183.38307181310824,41.23896476777567,23.11357032168575,,,690,8.15625,0,No Defect
0.043570766408247294,106.63254874633311,189.87325190493755,40.080321054306594,23.08869871993099,aperture overfill,Stencil thickness high,691,8.159375,0,Solder Bridging
0.0429493973700169,107.06572807123513,212.09677776286017,40.112665970461734,21.710102763251285,aperture overfill,Stencil thickness high,692,8.1625,0,Solder Bridging
0.03767501250030603,98.77876170170718,211.12925872841677,38.32274017893942,22.25450093391891,,,693,8.165625,0,No Defect
0.0398410273175732,101.37498340346583,200.0990125421893,38.928916595934105,22.774035845260038,,,694,8.16875,0,No Defect
0.037765702459760554,100.68126295176243,221.12215032590083,30.050028412728686,24.05571049394229,,,695,8.171875,0,No Defect
0.03947441257048599,97.71485678923442,155.89246159382589,44.915747168049805,23.73509173681311,,,696,8.175,0,No Defect
0.039103872575191,102.73805071461788,237.82489085151562,35.987131894239134,21.31630469047412,,,697,8.178125,0,No Defect
0.0394312136557635,100.78869354666185,203.5983670526949,40.76925722671779,22.02262728690626,,,698,8.18125,0,No Defect
0.04336584374193235,106.06385492932183,188.63252018249338,41.29838420368437,22.817904336351333,aperture overfill,Stencil thickness high,699,8.184375,0,Solder Bridging
0.042053507237347715,102.8680668163805,173.71154828780888,44.088641357672955,22.908819399745532,,,700,8.1875,0,No Defect
0.03761284916873094,99.66842113407505,223.3518406160427,36.925579005493056,21.919723340836825,,,701,8.190625,0,No Defect
0.042123393612892815,102.61055121246207,179.06837514721911,47.68029160646484,21.539136211466047,,,702,8.19375,0,No Defect
0.04082692403518175,101.41966752135714,182.3554465426553,45.75021506206329,21.88465560504281,,,703,8.196875,0,No Defect
0.04087443192069055,99.25053745598686,143.52103934969608,46.385813151769426,24.081785332675725,aperture overfill,Paste viscosity low,704,8.2,0,Solder Bridging
0.037958252185514525,99.33024111210986,224.69496218519058,42.27511139338443,20.2890128943769,,,705,8.203125,0,No Defect
0.04260450638836198,106.65670206209457,212.4016511541742,36.364248821664745,22.805253821991716,aperture overfill,Stencil thickness high,706,8.20625,0,Solder Bridging
0.04277323863374393,105.28605364262748,185.99212862275039,38.85024931483307,23.699193721140617,aperture overfill,Stencil thickness high,707,8.209375,0,Solder Bridging
0.04057545485790673,104.09582134749473,226.63224253406676,38.29159911567517,21.355733382407717,,,708,8.2125,0,No Defect
0.0405446356372893,103.06708610226788,217.0299775499005,41.936508429728825,20.88182762504003,,,709,8.215625,0,No Defect
0.039075632771973956,98.65478870926898,181.5073561633886,47.005156624393315,21.56206888993961,,,710,8.21875,0,No Defect
0.03994385382742801,102.40401267329634,212.46568646287162,38.533658430420644,22.150337644317194,,,711,8.221875,0,No Defect
0.04040488962930598,101.04032171744772,170.1060689752295,37.22361123237179,25.132644888841014,,,712,8.225,0,No Defect
0.04008985474646293,102.01114318863831,209.9809446807847,43.00843231519158,20.999419424914752,,,713,8.228125,0,No Defect
0.03948258454705945,102.81652791264304,228.99725963137502,37.260044834768095,21.507414609603142,,,714,8.23125,0,No Defect
0.0404991068134205,101.03367021811091,177.63830097488702,39.799698362936525,23.92788160298692,,,715,8.234375,0,No Defect
0.043695648192253925,107.05146566054759,207.36515918563157,45.027567557979054,20.60635326352319,aperture overfill,Stencil thickness high,716,8.2375,0,Solder Bridging
0.03775018192076354,98.46181644504581,199.08570298149357,37.987013973171095,23.117203712375495,,,717,8.240625,0,No Defect
0.04185824891449568,104.26385153629913,210.8044826024648,45.690683361795216,20.19023385831559,,,718,8.24375,0,No Defect
0.04199402256836033,102.33984771239939,173.99741869246233,48.13699257101611,21.73174813319962,,,719,8.246875,0,No Defect
0.038566916098061954,99.2449841592245,210.80400400410457,46.40603951826353,19.954153404002305,,Ambient temperature low,720,8.25,0,No Defect
0.038624376313628736,99.22224518577222,203.3314885671763,42.11517477018015,21.66978911260303,,,721,8.253125,0,No Defect
0.0400591844092205,101.81876906495329,200.41002323914802,39.712152818193495,22.558966890492318,,,722,8.25625,0,No Defect
0.04127776659314205,101.60404544925298,171.2280837211942,44.50921661475297,22.95767441800081,,,723,8.259375,0,No Defect
0.03761216404603305,99.68423923087401,212.03603023101041,30.552385346700724,24.503272119849004,,,724,8.2625,0,No Defect
0.03835131534524054,98.87459705779565,202.47477201697123,40.76582185539695,22.119368888886594,,,725,8.265625,0,No Defect
0.041037399415654825,101.81984190695356,179.53321016757008,42.95217011828329,22.905586197328322,,,726,8.26875,0,No Defect
0.04046408141719579,101.63106371380582,192.80187598816943,42.35005700731284,22.266203460916103,,,727,8.271875,0,No Defect
0.039135678342765386,100.50658184152478,197.21092184741516,36.48837026313211,23.697155005890284,,,728,8.275,0,No Defect
0.03806232155431772,100.0085875764581,220.5105801048103,38.74857507984426,21.59909522424691,,,729,8.278125,0,No Defect
0.040709732709888265,103.03537461386087,207.0811585827371,39.73762752680844,22.160221256792266,,,730,8.28125,0,No Defect
0.04063335492228971,102.24863746555813,182.47345979527842,34.6067871037387,25.16544583011152,,,731,8.284375,0,No Defect
0.03937377805874417,100.0290383487916,194.21037662900392,42.658898945017604,22.086057146735175,,,732,8.2875,0,No Defect
0.03781217020810905,100.37188557921834,233.05639384072975,37.29782405587573,21.25814162012209,,,733,8.290625,0,No Defect
0.04179055152731688,104.53180562339273,194.78521414202459,37.29868856931806,23.635936100088458,,,734,8.29375,0,No Defect
0.040126751060472095,101.82478651557545,199.4049306431799,40.91592239537985,22.2838253653844,,,735,8.296875,0,No Defect
0.03805275587781849,99.14153802475361,208.88534566892338,40.834410598124684,21.710724330218678,,,736,8.3,0,No Defect
0.03852065066346123,103.3654311231918,256.58563662444595,34.300559519698055,20.697085578003172,poor paste transfer,Paste viscosity high,737,8.303125,0,Open Circuit
0.04092768009100595,103.62279008905243,215.28828445109195,43.79948582517267,20.478332596746338,,,738,8.30625,0,No Defect
0.039451964711645075,100.30492632845235,196.1218810179438,42.9597424699432,21.888732653274342,,,739,8.309375,0,No Defect
0.041852670289115566,105.3458638655586,205.9351147013254,34.59809859162386,23.752072985022707,aperture overfill,Stencil thickness high,740,8.3125,0,Solder Bridging
0.04053503553346662,101.44736348491826,195.05594869017742,46.50512760117069,20.931538562112216,,,741,8.315625,0,No Defect
0.03750250006725898,97.38239568698961,197.42949577059613,38.9019272999915,22.988279004144253,,,742,8.31875,0,No Defect
0.03972492054052371,105.55300177389545,273.434367736352,38.11344739687987,18.57111932103456,aperture overfill; poor paste transfer,Stencil thickness high; Paste viscosity high; Ambient temperature low,743,8.321875,0,Solder Bridging
0.04173163052610684,105.54827514668594,206.8124196454122,30.526809361450113,24.89278862386363,aperture overfill,Stencil thickness high,744,8.325,0,Solder Bridging
0.04101356460876546,103.25521480635754,207.68957539901115,41.64849642315503,21.5867956336375,,,745,8.328125,0,No Defect
0.04149235753328297,102.0035522966003,161.68728881575356,37.887414542993305,25.50800626298983,,,746,8.33125,0,No Defect
0.0397877041177064,100.78198937377373,192.5570694395143,40.016995255946156,22.981861770075053,,,747,8.334375,0,No Defect
0.038756944700870766,101.02859805681163,220.5589702654494,38.447833075539926,21.714141744491332,,,748,8.3375,0,No Defect
0.03968430870630007,98.43304897790297,165.13982007497046,47.45221004808766,22.490600043847603,,,749,8.340625,0,No Defect
0.038980886817464845,100.9998468446939,221.22406364744916,41.25635934184592,20.85925042131531,,,750,8.34375,0,No Defect
0.03657542112924474,98.29986256011391,240.29383119192457,42.38832614479106,19.33952892390831,,Ambient temperature low,751,8.346875,0,No Defect
0.040560202809513,102.13276775098386,190.5576074908897,39.18542163607793,23.356696200001856,,,752,8.35,0,No Defect
0.04003063500505321,100.34400616912076,190.62702305993727,47.23649864191836,20.999780343784384,,,753,8.353125,0,No Defect
0.04174248966463295,102.6778960563554,173.24578903024394,39.96231407888714,24.207336446139383,,,754,8.35625,0,No Defect
0.04082016105040253,100.0145407917478,153.97321805173533,39.446131431351105,25.537021917328133,,,755,8.359375,0,No Defect
0.03973854526822334,100.895918355775,189.79205029337305,36.021321783107354,24.330237968220928,,,756,8.3625,0,No Defect
0.0390424163991141,101.03841498471927,207.34941495918602,35.67848851737415,23.345926389634634,,,757,8.365625,0,No Defect
0.04101952736068774,102.06274619168981,186.61754184781014,42.67818785662004,22.59235269281599,,,758,8.36875,0,No Defect
0.0394336595953137,100.80034810950905,202.69308451826006,39.24908614630889,22.597624638708005,,,759,8.371875,0,No Defect
0.03758488618039209,97.07730250201635,182.55694463996872,37.937958697693226,24.199112616419384,,,760,8.375,0,No Defect
0.04089333768496505,102.51745914685625,181.72133897325017,35.766897375806494,24.910541514118083,,,761,8.378125,0,No Defect
0.03827135907778746,100.39866290082401,215.18233896902726,34.541711578428796,23.19746204782826,,,762,8.38125,0,No Defect
0.03688122185265718,97.9601265904058,216.06210741369446,36.66384574528781,22.515361546313052,,,763,8.384375,0,No Defect
0.03930444929560398,101.23262558056793,209.7226014544745,38.617882064011916,22.353027773992725,,,764,8.3875,0,No Defect
0.0420379873275797,102.07772476957552,166.88910964452393,48.146831270134314,22.2194712180385,,,765,8.390625,0,No Defect
0.03964774643871005,100.53304046106075,199.7459052577522,42.38570798211914,21.874105978737735,,,766,8.39375,0,No Defect
0.039308521549532426,102.49782093884416,229.36711288882427,36.05520805085957,21.9025676945749,,,767,8.396875,0,No Defect
0.038931498130238586,99.57839318302679,201.60895805669654,41.94166473763574,21.886052074954137,,,768,8.4,0,No Defect
0.04144055287686747,104.43566792514923,205.4734191807139,37.24264646202398,23.039001209168315,,,769,8.403125,0,No Defect
0.03908744645496128,101.30312130931429,223.58366369674914,40.30205647465946,21.019902612815713,,,770,8.40625,0,No Defect
0.03973684289568854,99.48542205584005,181.05017147509872,44.19793290585101,22.4969915255759,,,771,8.409375,0,No Defect
0.039213917376276414,99.7532843958871,191.99356269376005,40.868207432082684,22.793551759481975,,,772,8.4125,0,No Defect
0.03873297528785132,100.71882289475485,225.4001922932502,42.90694314975417,20.146047319099367,,,773,8.415625,0,No Defect
0.037581965223538856,99.35622595859866,214.28416395707458,31.854107177860033,24.04987819281234,,,774,8.41875,0,No Defect
0.04207308918706254,104.87874526516534,202.56603593634443,38.7886433092573,22.78168278053188,,,775,8.421875,0,No Defect
0.04052475155252821,102.31930207462904,187.75615512134172,33.537747260506805,25.21006380965025,,,776,8.425,0,No Defect
0.040932779181546426,99.63096999025727,153.26919994708052,46.342146969682794,23.58986492270849,,,777,8.428125,0,No Defect
0.041205098051979035,103.52882191882782,196.22156199856687,35.183212747115284,24.2208144221147,,,778,8.43125,0,No Defect
0.041742153927184826,105.1230753414707,215.76073753058594,41.0177446979424,21.31937061187395,aperture overfill,Stencil thickness high,779,8.434375,0,Solder Bridging
0.03903273395047261,100.42540635075636,215.3113595394043,43.15381431336566,20.706251503967042,,,780,8.4375,0,No Defect
0.039439891385344504,102.73110256838245,218.9030316208562,32.45105003028821,23.610861329761136,,,781,8.440625,0,No Defect
0.03753840359863449,99.38479627747485,228.6762015424096,38.73133421007006,21.16768684255819,,,782,8.44375,0,No Defect
0.0398402529623655,101.28555188922037,203.04847190593478,42.82023635231854,21.56140704807513,,,783,8.446875,0,No Defect
0.04322730598750714,105.07719595313857,177.42518335272786,40.06647387549209,23.97105975717378,aperture overfill,Stencil thickness high,784,8.45,0,Solder Bridging
0.039414916915324956,102.22600257187986,224.18802183922844,36.88145904842598,22.002346924753336,,,785,8.453125,0,No Defect
0.041168004688560286,104.71848127063623,223.56112213568252,40.959079711657054,20.8612344151481,,,786,8.45625,0,No Defect
0.04067539715511797,103.86164885276159,208.6857652793464,33.13393440740025,24.057574612141334,,,787,8.459375,0,No Defect
0.04065946695998358,103.81965838917763,213.00403811067008,32.955839564707205,23.850590300139327,,,788,8.4625,0,No Defect
0.04158881917443362,103.8438445691906,200.10385190998696,41.34753911003453,22.196037298572193,,,789,8.465625,0,No Defect
0.040896259487249405,101.36013642440273,192.00109695727483,50.3738125233504,20.052026836923435,,Ambient RH high,790,8.46875,0,No Defect
0.038936608060013284,100.36785761244849,204.92178478112712,39.65901449189328,22.37137660509807,,,791,8.471875,0,No Defect
0.038727461453286836,102.74644493820014,243.21826838090024,34.80468808822282,21.439791877252247,,,792,8.475,0,No Defect
0.040631572700643354,102.58772300531693,189.0541181932413,36.61863878619577,24.245913002570376,,,793,8.478125,0,No Defect
0.039309151963358324,99.42027031973046,187.94876066217105,43.19950431255177,22.388017315968316,,,794,8.48125,0,No Defect
0.04033321356684117,102.54234560806658,215.32401844658816,44.09867362621063,20.454784512131162,,,795,8.484375,0,No Defect
0.04236992691840127,106.05788536148657,230.42644656513718,46.579364884047656,18.825856479739105,aperture overfill,Stencil thickness high; Ambient temperature low,796,8.4875,0,Solder Bridging
0.03637857310315411,98.64861550474575,233.72884261246307,35.18634011206781,21.895038153925192,,,797,8.490625,0,No Defect
0.037061977475889504,97.99388077253049,201.71890763483933,32.8892254278376,24.53826929354858,,,798,8.49375,0,No Defect
0.040049496716826165,98.88263679899835,161.05256373177565,46.36029436380786,23.123404527055424,,,799,8.496875,0,No Defect
0.03849811204363898,100.00200580361347,210.9109628219876,39.02248744092918,22.198800922129152,,,800,8.5,0,No Defect
0.04103066154376572,99.04387025399976,140.69248206099567,45.59741396954888,24.6101246167223,aperture overfill,Paste viscosity low,801,8.503125,0,Solder Bridging
0.0400393621966418,99.74717135959983,168.87098610065726,40.916988082012054,24.23967862901838,,,802,8.50625,0,No Defect
0.038992720362375416,99.90690635336432,203.4356076236657,41.58727585876997,21.918585683591516,,,803,8.509375,0,No Defect
0.04377420470628458,103.45515885401815,134.9826989082653,43.21044971378744,25.679619356028336,aperture overfill,Paste viscosity low,804,8.5125,0,Solder Bridging
0.039446484481841466,99.9667425592489,188.82153297196638,42.49865226933298,22.549984581048562,,,805,8.515625,0,No Defect
0.04149967886357067,101.18942017416651,156.62315356684098,38.46727113590944,25.729598011944443,,,806,8.51875,0,No Defect
0.0416640088417368,103.87581161425278,195.1647929951377,39.837373925007256,22.96167056739523,,,807,8.521875,0,No Defect
0.04035614033233016,102.89242154021323,200.83394309025996,33.935519155744885,24.326666900869448,,,808,8.525,0,No Defect
0.03927800956360136,101.72873219336984,235.1552967696403,45.737623851052405,18.77024654250197,,Ambient temperature low,809,8.528125,0,No Defect
0.03871628575048568,100.48837613223057,215.73169099989877,39.721167592305605,21.713743585426297,,,810,8.53125,0,No Defect
0.040358928262149214,103.80128647567119,225.8091367557675,39.14646746358493,21.275927066701456,,,811,8.534375,0,No Defect
0.04130431323589067,103.20155231397668,189.19848123601108,38.257524734386294,23.791154496167145,,,812,8.5375,0,No Defect
0.038899221421904426,100.6790845406213,213.4861984055971,37.77236744224937,22.428662745934382,,,813,8.540625,0,No Defect
0.04099489948206073,101.60622195609173,170.5868424108195,38.11878465155,24.97422762608551,,,814,8.54375,0,No Defect
0.04019678696964064,101.25335440079941,179.73751075272375,34.65492857241871,25.41945935265079,,,815,8.546875,0,No Defect
0.041102136548610786,101.72013944624932,189.72542523840747,45.79134040686407,21.568280468059605,,,816,8.55,0,No Defect
0.03960983849931488,102.26059915540199,218.58106043209858,38.95706280906054,21.77543071711039,,,817,8.553125,0,No Defect
0.038089152281268156,101.47165283577804,238.7605877388994,34.15839713870177,21.929652063348705,,,818,8.55625,0,No Defect
0.03820510407871731,100.50991953958862,220.4147896316744,34.54781589291595,22.94417803858043,,,819,8.559375,0,No Defect
0.03739064061086109,97.90120006443836,214.3318846777357,44.19981578916467,20.492267119008897,,,820,8.5625,0,No Defect
0.04042286844065762,101.56383974786577,199.9874814068644,45.06315553156549,21.148041713757213,,,821,8.565625,0,No Defect
0.041993308185743365,102.50224670223145,180.85719323348025,47.07809627604016,21.750116763899005,,,822,8.56875,0,No Defect
0.03935179951773932,100.55864504530838,188.9681997545943,33.68004421227876,25.140985510011724,,,823,8.571875,0,No Defect
0.03894311119086948,100.28675435210208,211.47461651833277,42.29940380612951,21.241068356597655,,,824,8.575,0,No Defect
0.03809454596234798,98.46732630995531,209.9780344759089,44.666321478741814,20.638636774037526,,,825,8.578125,0,No Defect
0.03957723984849585,101.10103746468384,209.8357173667738,44.248953945121826,20.777521842902967,,,826,8.58125,0,No Defect
0.039324722774005366,100.77174658164944,206.20207233320576,41.46424730558308,21.813306660309657,,,827,8.584375,0,No Defect
0.04107643863488205,104.73314146519448,223.0747844233881,38.520638160440434,21.654203025268245,,,828,8.5875,0,No Defect
0.035424329854649016,97.45088260277537,240.83344995209072,33.01579170023854,22.129834650274884,Paste volume per aperture low,,829,8.590625,0,Open Circuit
0.03989493884740025,102.88391924978112,221.18946616832477,36.36914216965673,22.393318383138944,,,830,8.59375,0,No Defect
0.03962234051932942,101.82582863713785,209.1841323270107,36.02621295137968,23.228559410694643,,,831,8.596875,0,No Defect
0.04002231306071513,102.16378882967358,206.6262910208215,35.810954398877406,23.45546829511895,,,832,8.6,0,No Defect
0.041380700897476454,102.50642173288708,182.80899830052215,42.72806100966497,22.902667997361224,,,833,8.603125,0,No Defect
0.0373165781898198,98.62139841244516,214.46296636777828,34.82217359718331,23.242206771743785,,,834,8.60625,0,No Defect
0.040854883473182585,102.35499112721503,195.26929209633914,44.049313032662454,21.749049843034662,,,835,8.609375,0,No Defect
0.040484136141412816,101.33102162106984,182.15297713362733,38.6050223048109,24.14654811879076,,,836,8.6125,0,No Defect
0.040625241886952046,105.20158435581038,232.23567843525854,32.03741019684834,22.993733268247503,aperture overfill,Stencil thickness high,837,8.615625,0,Solder Bridging
0.040688419138949924,102.54197759884563,207.35862126293952,41.07261326517416,21.88870212259209,,,838,8.61875,0,No Defect
0.03913751132598764,102.07889688731922,216.19029627481473,27.958115849604972,25.165201780082555,,Ambient RH low,839,8.621875,0,No Defect
0.04042379682681533,100.50883682189581,171.5171184836378,39.15015119935856,24.645038400824227,,,840,8.625,0,No Defect
0.03891064002700705,101.06301536538822,199.3305812084144,27.9272119299104,26.20385115609544,,Ambient RH low; Ambient temperature high,841,8.628125,0,No Defect
0.03955414264175275,100.35834607307063,198.8123064586821,41.07282856786161,22.407274730177853,,,842,8.63125,0,No Defect
0.04097112328892511,104.89925742157439,222.39311610509588,35.26609086823865,22.663282827421778,,,843,8.634375,0,No Defect
0.0358396330965918,98.44818438466507,246.28447816288426,34.5869454670793,21.354402555568583,Paste volume per aperture low,,844,8.6375,0,Open Circuit
0.040904273937125764,104.84651708643025,228.67182505488927,37.812865433128714,21.5368064868398,,,845,8.640625,0,No Defect
0.03726774126899983,100.54060801958278,240.7569258031332,32.25092103065975,22.390695850961492,,,846,8.64375,0,No Defect
0.03794854732570975,101.32403355132477,238.6380497491569,34.722960894027636,21.803506586959323,,,847,8.646875,0,No Defect
0.03679635834458099,99.46267259647921,236.2842639975737,33.20584399823785,22.384489997234358,,,848,8.65,0,No Defect
0.03731603028851306,99.03141796616615,236.71970312831573,43.7761865347362,19.278251279809506,,Ambient temperature low,849,8.653125,0,No Defect
0.04187036162753856,103.64365708572163,190.86887470721413,40.87797717620225,22.97771649144959,,,850,8.65625,0,No Defect
0.04180096295753467,102.2072755642024,180.4487841145962,48.317309984423176,21.443663360500047,,,851,8.659375,0,No Defect
0.04173519710231877,102.85749498611526,186.5196781309046,44.60245123611248,22.156793643336133,,,852,8.6625,0,No Defect
0.04085845699651575,102.73414153925084,186.3306179849554,32.884069041856364,25.585022946426697,,,853,8.665625,0,No Defect
0.039770172760603226,100.58217951253926,184.13382896432765,35.720936607075565,24.884131875315745,,,854,8.66875,0,No Defect
0.03982384085909287,100.53742674392782,184.82969829949081,38.349954194946854,24.073327312558842,,,855,8.671875,0,No Defect
0.04364073195978512,103.15982378264299,153.00731986496788,52.5618942321305,21.90603558722937,,Ambient RH high,856,8.675,0,No Defect
0.04035349148011894,101.24884440299948,190.41316747937182,43.91317164064109,22.109961817017304,,,857,8.678125,0,No Defect
0.040884630512457235,101.81454437844258,176.58378689061158,37.37908164584077,24.87489214466045,,,858,8.68125,0,No Defect
0.03734377301931865,97.45870771034235,202.26709570668663,38.954570031738946,22.81452800753285,,,859,8.684375,0,No Defect
0.03926322834984401,98.9712637191913,175.50671164794846,40.582036656646444,23.993372006323217,,,860,8.6875,0,No Defect
0.037220795960961256,97.88873697900524,214.41855621094197,40.484365836702864,21.622279522150173,,,861,8.690625,0,No Defect
0.04007715395153396,99.2870196710026,171.71913369098985,46.495721119883314,22.509200735431783,,,862,8.69375,0,No Defect
0.04174962026422503,101.76479595714703,173.87452197077212,48.40682730369088,21.834266368278534,,,863,8.696875,0,No Defect
0.03996543347462314,101.31190545679564,205.89708335292275,42.62610620929119,21.547383342117026,,,864,8.7,0,No Defect
0.041802457857008625,102.51008676547528,181.4429279756911,48.25344142786452,21.41404035100365,,,865,8.703125,0,No Defect
0.04118510417021923,101.16360333710595,175.3777519774281,46.777163940582234,22.216756508532885,,,866,8.70625,0,No Defect
0.0388771463802649,98.19340859282259,182.33060845066697,42.06615388684399,23.15350580156516,,,867,8.709375,0,No Defect
0.04163701236673194,103.36969766654911,203.0244687468294,48.40275902791283,20.05065588954467,,,868,8.7125,0,No Defect
0.04004750658952252,101.46761659333568,189.0496916702489,34.30374828339646,25.01627734348586,,,869,8.715625,0,No Defect
0.0364583697758145,98.0027408036802,226.06396749223086,33.20222182728008,23.041841940992274,,,870,8.71875,0,No Defect
0.04124512868115812,103.02111925364181,192.59129680723922,40.532898085253905,22.9892029946761,,,871,8.721875,0,No Defect
0.04053467184522245,100.93750491492321,183.1407581580292,44.95534701109206,22.2720896249982,,,872,8.725,0,No Defect
0.04364897876313392,104.43994525616738,163.36687200982564,44.70777083860253,23.587624614594326,,,873,8.728125,0,No Defect
0.036969726512814084,97.73567022312182,206.54642779043527,34.902202672410695,23.747376822110347,,,874,8.73125,0,No Defect
0.04112360868289401,99.50443790156436,162.32813018248942,53.808641322718415,20.974860086226265,,Ambient RH high,875,8.734375,0,No Defect
0.04027329505138622,101.97879330562427,196.92583107811242,38.0840456798771,23.437334239681093,,,876,8.7375,0,No Defect
0.039296686850557566,99.8760275316372,184.39183910128506,36.8409759144356,24.562464361506812,,,877,8.740625,0,No Defect
0.04089554510586834,103.43916092049467,209.67468933350554,39.24121359231901,22.326723366888526,,,878,8.74375,0,No Defect
0.03763884847332455,97.93720601048852,196.03248692158508,38.06000506457741,23.47965183497142,,,879,8.746875,0,No Defect
0.04084757763390645,103.71830775893838,207.0534579059775,35.9710659821975,23.441968940188215,,,880,8.75,0,No Defect
0.041472995312263006,102.7932113892369,184.465471271997,41.41974604299699,23.24271269387829,,,881,8.753125,0,No Defect
0.038837536730949,100.22851586069287,201.18156105911763,32.71783362584556,24.744753524455373,,,882,8.75625,0,No Defect
0.041059078626482344,102.87006067002098,184.59023659007374,34.2332680258582,25.333916781403452,,,883,8.759375,0,No Defect
0.042382342597063825,102.43246611493639,170.6093389758079,50.32714876258422,21.50250375545053,,Ambient RH high,884,8.7625,0,No Defect
0.03802972938574905,99.95529901747742,215.8535422206932,34.49369344776244,23.31755321449535,,,885,8.765625,0,No Defect
0.036902003262472734,95.45879424845354,185.5218055786628,42.274844639588,22.900445285594678,,,886,8.76875,0,No Defect
0.04121032687815278,104.20710623950895,209.84187319673944,37.120960171402125,22.948238400905325,,,887,8.771875,0,No Defect
0.03763986070311148,99.39684353162716,225.16903896978124,39.266555429361546,21.35218380020877,,,888,8.775,0,No Defect
0.038675762850282513,98.99397511427593,195.15341102415155,41.64405220314409,22.509137711726105,,,889,8.778125,0,No Defect
0.039139098784860785,99.95308361767069,204.83128067491808,44.121921438880115,21.197624011780814,,,890,8.78125,0,No Defect
0.040502189139434625,100.453976365884,167.6027120120784,37.673970276948616,25.379519977201493,,,891,8.784375,0,No Defect
0.042067345077368395,105.94145811716568,222.15104990277067,41.4813644658003,20.929825896885287,aperture overfill,Stencil thickness high,892,8.7875,0,Solder Bridging
0.03798862785117729,100.55919329174132,232.74842497411163,36.96741948362556,21.568541572448098,,,893,8.790625,0,No Defect
0.040562121573320065,103.69689715973918,226.35095982493178,41.877189802738755,20.548531336393882,,,894,8.79375,0,No Defect
0.040894117051780976,101.75045080561317,189.7859420516108,42.79533398912128,22.531623603382865,,,895,8.796875,0,No Defect
0.03792234753504119,99.75379002707783,215.52261763062234,35.07179259455097,23.18040834093007,,,896,8.8,0,No Defect
0.037226215975278996,99.23307658358569,224.80715253146045,35.14335891875801,22.58493338498185,,,897,8.803125,0,No Defect
0.0406877619153541,100.89361287612915,174.301996110389,40.90155199501124,24.033845322475372,,,898,8.80625,0,No Defect
0.04291748825001812,103.32049597734496,170.4116560559079,45.97159693822918,22.81558412946409,,,899,8.809375,0,No Defect
0.03833238160898273,98.02187604106514,179.01338585184587,37.3359659128406,24.767181684955304,,,900,8.8125,0,No Defect
0.040659905752590514,103.01395919968154,208.81308254250467,40.54594334480153,22.021691276658768,,,901,8.815625,0,No Defect
0.03793544380186933,100.76904816615627,230.60066214974432,32.11351490354091,23.129904616442467,,,902,8.81875,0,No Defect
0.0384123336661168,99.31948731962736,206.76684159083098,40.74794103239293,22.073417804923427,,,903,8.821875,0,No Defect
0.039151726403446815,102.0046316824403,228.39452761128865,40.2590812987606,20.89263961477989,,,904,8.825,0,No Defect
0.04199028686296682,101.62775462900672,165.22469302098276,48.00089792216702,22.536206905035385,,,905,8.828125,0,No Defect
0.04029223171425798,102.97438839997149,217.52896142038082,38.36906794438967,22.129188650113864,,,906,8.83125,0,No Defect
0.03889103399832521,100.62200151089858,210.32616024223714,37.03940019315618,22.94754359487141,,,907,8.834375,0,No Defect
0.03819077476533563,102.17702144618183,236.70403130029013,26.82496602557543,24.307667293277476,,Ambient RH low,908,8.8375,0,No Defect
0.041016306784734044,102.33074345745982,190.19629478862703,41.70326274023567,22.838738601906744,,,909,8.840625,0,No Defect
0.04242318199033483,104.96277286579073,201.85514833622244,42.02652395395698,22.044962234735703,,,910,8.84375,0,No Defect
0.039477394867679955,99.60931366236332,188.4577984079989,42.43663814257704,22.723641739330557,,,911,8.846875,0,No Defect
0.03813859904686214,101.82610668527421,238.8176181553374,31.09398352410696,22.93440313327414,,,912,8.85,0,No Defect
0.039007476158940374,101.56277617194166,214.93542977597426,34.74156215681994,23.339738982165564,,,913,8.853125,0,No Defect
0.038962652293526655,100.01402727822139,207.55772315988912,41.34849660211828,21.869374528950004,,,914,8.85625,0,No Defect
0.03961467792478009,99.51929869622651,193.40789759688062,47.38280223107692,20.982248662390255,,,915,8.859375,0,No Defect
0.040364334598472565,100.51891469960503,179.86867317334276,43.83775729405264,22.851431794994685,,,916,8.8625,0,No Defect
0.042075200040450615,104.84637082968732,207.97765198838377,41.912170218604274,21.707230458896575,,,917,8.865625,0,No Defect
0.038932777464282205,100.62714975919242,214.88708576187602,37.37366266961397,22.58832439688052,,,918,8.86875,0,No Defect
0.04027496706655167,101.34958730111316,200.99651320238817,45.3974801911889,21.10403428969367,,,919,8.871875,0,No Defect
0.03962437648327848,102.28409087450416,229.43415825706518,43.65204063957795,19.86322358834646,,Ambient temperature low,920,8.875,0,No Defect
0.03955877722372562,100.5436144263363,200.2716892369561,42.676742835077654,21.938696459165335,,,921,8.878125,0,No Defect
0.040117992590151745,98.91595307091713,172.4218795382226,49.02710832755588,21.801709376030214,,,922,8.88125,0,No Defect
0.03946142140085891,102.39068004104392,206.75757984137897,27.9198942796155,25.85152571486712,,Ambient RH low,923,8.884375,0,No Defect
0.039210983123472314,102.89666533593241,230.895916890448,32.95202708868539,22.89953841080311,,,924,8.8875,0,No Defect
0.04219418020145915,102.75414430282665,167.14721417100725,43.248152695237515,23.828418838636708,,,925,8.890625,0,No Defect
0.037312866266797196,98.04067303973741,213.1896531367164,40.5435408164249,21.75673164770625,,,926,8.89375,0,No Defect
0.03493118889625504,97.04571949676449,239.99451062069338,26.956767026835827,24.067411643081766,Paste volume per aperture low,Ambient RH low,927,8.896875,0,Open Circuit
0.04141576966362017,103.01194993608921,190.17518098598327,42.21668125330716,22.71377446537247,,,928,8.9,0,No Defect
0.04281125598854716,102.42046260732297,154.01144454656423,44.67314988555039,24.234224215162218,,,929,8.903125,0,No Defect
0.03956757855022244,101.81259972179394,214.58576244344775,38.791139522394666,22.20588663392654,,,930,8.90625,0,No Defect
0.04374810121206416,104.76134182850954,160.319688327789,42.444024631176696,24.503457836949835,,,931,8.909375,0,No Defect
0.042577597583950536,103.63224553027507,172.0452727257001,41.33598335274028,24.101240966178793,,,932,8.9125,0,No Defect
0.03972562820048069,100.312631736473,201.04102650750596,45.32607140366048,21.13747873723139,,,933,8.915625,0,No Defect
0.04113456630984939,100.42850333621637,165.65393126600222,45.63039839216374,23.231989705206527,,,934,8.91875,0,No Defect
0.038325646012122384,100.65297570086824,231.6744930023757,40.70779628577439,20.593800720810105,,,935,8.921875,0,No Defect
0.039597694645931776,100.26720184843423,201.9587368638727,44.61851092684959,21.289906941243192,,,936,8.925,0,No Defect
0.04115728661372443,101.53854903969501,171.3727779186257,38.758610204696495,24.891702206181407,,,937,8.928125,0,No Defect
0.039856132462955184,101.5933028578217,211.2354449777767,42.70156103216697,21.28202901046136,,,938,8.93125,0,No Defect
0.03965527515473654,101.740174027562,219.43849353361367,42.28464096482241,20.90112650987669,,,939,8.934375,0,No Defect
0.03827309260805555,97.80562922467712,191.70305416216678,44.46431563983169,21.955123781170993,,,940,8.9375,0,No Defect
0.039776220609119534,103.02967582430409,223.487094683652,35.828000923548515,22.53883304213423,,,941,8.940625,0,No Defect
0.03894188598333393,101.13185999845436,220.95881192032024,38.95980836511128,21.775696954261438,,,942,8.94375,0,No Defect
0.0399340919692599,104.466581032343,249.86944463085916,38.229872527778035,20.223802038445346,,,943,8.946875,0,No Defect
0.041751764299169124,103.84160212309195,196.04772810444726,40.343200832741175,22.926159862002788,,,944,8.95,0,No Defect
0.034485628843255144,96.17611761547398,242.36816985685414,33.7426331565058,21.950503261563203,Paste volume per aperture low,,945,8.953125,0,Open Circuit
0.037932017295685835,99.28034899601992,208.29755944766524,35.24292693389657,23.633604043607644,,,946,8.95625,0,No Defect
0.04166598547784869,102.0449147147537,173.68975263885528,42.36214145044189,23.713534913253838,,,947,8.959375,0,No Defect
0.04090248077382981,102.9600782015418,201.92313426691206,40.23265925047696,22.59435071880843,,,948,8.9625,0,No Defect
0.03950413109186086,101.09521880720364,199.49135471320866,34.79897095289408,24.322580086710573,,,949,8.965625,0,No Defect
0.04192008891424486,102.99394081718806,179.52134119964506,41.60211479383939,23.581044809689217,,,950,8.96875,0,No Defect
0.040513048474536587,99.96690677747367,177.64984346382263,47.463736165295145,21.975448410408173,,,951,8.971875,0,No Defect
0.03779107154117406,100.07207249964205,232.61699348904853,38.30378831188683,21.254774762639165,,,952,8.975,0,No Defect
0.04043404307609698,100.29620172618658,174.32315445797434,43.972897725636976,23.196187010582193,,,953,8.978125,0,No Defect
0.04002640792984741,100.15961083722297,186.61157287007072,44.487627983345035,22.292551347691894,,,954,8.98125,0,No Defect
0.04136124031918155,102.73365317842362,196.70179331371264,43.892013841481514,21.861993844989676,,,955,8.984375,0,No Defect
0.04048541492751463,102.26941000018509,191.0413692374078,33.55253454402144,25.22107756358082,,,956,8.9875,0,No Defect
0.03946844667048538,101.82538836345462,212.87934543443745,33.102207106953514,24.008793402841963,,,957,8.990625,0,No Defect
0.03953802982679361,100.4181671215039,195.74067089380966,40.478126933002585,22.90322978736924,,,958,8.99375,0,No Defect
0.037801494267599954,99.83780417667546,213.1558994939125,28.01718487578607,25.46506699945623,,Ambient RH low,959,8.996875,0,No Defect
0.04088186830333492,102.20668064501442,183.71952476767927,36.0953318596705,24.935211996573862,,,960,9.0,0,No Defect
0.03722423661594114,97.65991346460117,211.98155452370156,42.454653475824955,21.312534708401074,,,961,9.003125,0,No Defect
0.0413157720473458,100.21545083910267,160.40975952938948,47.392256191005636,23.073499447801645,,,962,9.00625,0,No Defect
0.03956908033716284,102.68989363775208,221.12145339252893,34.25713525238642,23.167686344901465,,,963,9.009375,0,No Defect
0.03972465680176249,100.88126147955543,193.62726770328916,37.605836089022844,23.880500016275974,,,964,9.0125,0,No Defect
0.04041959294381378,101.92527659356365,203.23873204905436,43.74456576214346,21.503686393482415,,,965,9.015625,0,No Defect
0.04151106962223294,101.3568414838921,171.31041195867778,47.2207371998957,22.4579323542796,,,966,9.01875,0,No Defect
0.04016172026029042,100.94396807642075,185.8467716266044,40.701379073365565,23.457984610417046,,,967,9.021875,0,No Defect
0.038597455972845376,100.08962758365634,216.15990287453033,40.13701534483585,21.75569419831194,,,968,9.025,0,No Defect
0.04092353428819785,99.4723117621805,151.38931734782156,44.34585636443474,24.520559181223245,,,969,9.028125,0,No Defect
0.03543461456813065,100.15414991375941,282.6722183918521,30.165067225230096,20.563366912583543,Paste volume per aperture low; poor paste transfer,Paste viscosity high,970,9.03125,0,Open Circuit
0.0440763542145039,106.60139993971272,190.3840898313384,45.316289621738264,21.87149887680784,Paste volume per aperture high; aperture overfill,Stencil thickness high,971,9.034375,0,Solder Bridging
0.039172441529463996,99.4838303620704,187.46604798646828,37.526337752769685,24.289796841232548,,,972,9.0375,0,No Defect
0.03706983128750449,98.70845628781117,225.28142924282625,36.31403929447481,22.305160541820964,,,973,9.040625,0,No Defect
0.04535163145020194,108.51218239185036,175.84079726037598,39.01321975322995,24.616784716921142,Paste volume per aperture high; aperture overfill,Stencil thickness high,974,9.04375,0,Solder Bridging
0.038235499516436885,97.87376171910589,192.3955817776651,41.95605511115853,22.68895298251742,,,975,9.046875,0,No Defect
0.04172850097634442,104.90662530402776,205.88145638049758,36.410138852848064,23.506951311696056,,,976,9.05,0,No Defect
0.03917525447060281,99.55306250554533,202.56414479467603,46.16402141213799,20.84473994727991,,,977,9.053125,0,No Defect
0.03857015031231436,98.36322877382825,185.81716875326893,39.67039774581168,23.764497317157694,,,978,9.05625,0,No Defect
0.03998287677006561,99.16213379030044,163.48129492990387,41.73262134891676,24.543094699912512,,,979,9.059375,0,No Defect
0.03931840260202489,99.37240719681701,180.88821462866554,38.31575267619599,24.471136654315767,,,980,9.0625,0,No Defect
0.04161451227473846,102.34702302503644,171.94030184284162,39.91968099737335,24.569780739587618,,,981,9.065625,0,No Defect
0.03909859506522974,102.2088311797512,235.2555434714302,38.2773436142857,21.147135475559374,,,982,9.06875,0,No Defect
0.04036768536196992,103.13379442415919,213.62247507537168,38.163329218445455,22.515764362997785,,,983,9.071875,0,No Defect
0.04289375658236654,104.66949783851145,187.13126557579704,45.88343481805231,21.908355167394586,,,984,9.075,0,No Defect
0.0391281956629684,99.92067419143567,200.1586168514802,39.36339925681372,22.98994234625442,,,985,9.078125,0,No Defect
0.041907241583473316,100.42332646113877,156.4538218622502,53.67508662365486,21.510792763524126,,Ambient RH high,986,9.08125,0,No Defect
0.040945128180782366,102.3246326907103,200.49837394841245,45.906382952611835,21.070791978868204,,,987,9.084375,0,No Defect
0.04102143471698458,102.1275333134793,189.17013943346703,41.048706816515796,23.18931264315181,,,988,9.0875,0,No Defect
0.041808995819078515,102.2167766878772,165.06933837917012,39.439260860891004,25.143952254704992,,,989,9.090625,0,No Defect
0.040417793787928535,103.42617739187284,223.7865246647101,40.78175663078169,21.13761471898151,,,990,9.09375,0,No Defect
0.03758357095096694,98.7012234287798,221.3508142972305,40.935195071993995,21.22317165142408,,,991,9.096875,0,No Defect
0.03944559606113357,99.4730292626581,185.28996922081532,42.01453235638435,23.135075369928643,,,992,9.1,0,No Defect
0.03959002373868945,99.73441830649604,193.4527110518491,44.96246746387354,21.77769812663901,,,993,9.103125,0,No Defect
0.04265897508891618,103.92165118681392,172.26024548193894,37.66286543899432,25.238082259084468,,,994,9.10625,0,No Defect
0.03761046756376564,100.77898814995352,243.0515967146063,34.62149086636613,21.738962417275456,,,995,9.109375,0,No Defect
0.03791635821988597,100.44254089890354,233.1389991493338,36.09676321029056,21.921205122532704,,,996,9.1125,0,No Defect
0.042845168753944535,103.92236249816506,175.034011191099,44.17049507919438,23.16810385386253,,,997,9.115625,0,No Defect
0.03634855675651468,98.60747244941118,238.91943636456392,34.51309594498727,22.017079781896665,,,998,9.11875,0,No Defect
0.03991483435464222,102.20829490634019,232.3708583794859,48.39789309613527,18.394979832301427,,Ambient temperature low,999,9.121875,0,No Defect
0.03926294814557762,100.03551832344449,186.51007070300707,34.55198578653311,25.24792974493768,,,1000,9.125,0,No Defect
0.03778370811058,100.51609086296978,238.22385676554933,35.44364339139524,21.806164018412932,,,1001,9.128125,0,No Defect
0.042779986162587415,105.09855925586649,191.9669389123394,40.96208666883142,23.072403384943286,aperture overfill,Stencil thickness high,1002,9.13125,0,Solder Bridging
0.0391098816253431,97.72461871735985,182.24743456115084,50.71770964163922,20.79192665030976,,Ambient RH high,1003,9.134375,0,No Defect
0.03989928014333861,100.30035483836187,186.66635336316784,39.31339796403998,23.86129646729236,,,1004,9.1375,0,No Defect
0.03785279393877033,97.86631529741994,195.3341659214726,40.45560628149454,22.974313775294206,,,1005,9.140625,0,No Defect
0.0378499696421489,100.84649382586704,242.84895538526175,37.2311818789789,21.004127925928817,,,1006,9.14375,0,No Defect
0.04416455116862214,108.37254577173093,202.78235108963472,38.90646303015448,23.021607373397597,Paste volume per aperture high; aperture overfill,Stencil thickness high,1007,9.146875,0,Solder Bridging
0.04086808517285765,100.01599414915587,162.58197520422206,43.821724981066225,24.033130165096306,,,1008,9.15,0,No Defect
0.04186294709607424,100.51074424974517,149.24657434196564,48.64856160775116,23.44670651963866,aperture overfill,Paste viscosity low,1009,9.153125,0,Solder Bridging
0.0412680718207452,103.08095957889583,198.70973918049603,41.2179525964488,22.58154566222681,,,1010,9.15625,0,No Defect
0.038049305042413314,100.32998225294853,227.35541383559573,35.90664985208333,22.35006838849117,,,1011,9.159375,0,No Defect
0.0394691802593467,102.18897799634351,220.38403515504544,34.1310138961244,23.311273642756287,,,1012,9.1625,0,No Defect
0.039643654808525955,101.03711674730275,213.15940819006934,44.32967735024747,20.776964749032928,,,1013,9.165625,0,No Defect
0.037949479900173735,99.01500962567405,215.38496765176842,38.26594033281769,22.40165777138859,,,1014,9.16875,0,No Defect
0.040175307491848875,101.57967888674504,205.79839357828487,43.60316096993806,21.446258165216488,,,1015,9.171875,0,No Defect
0.03827183418793488,99.7995353361787,215.97444425719942,36.71340629387445,22.82244167083879,,,1016,9.175,0,No Defect
0.04404334070392575,105.36837509624158,172.26008725976754,46.16331542380516,22.78982057042005,Paste volume per aperture high; aperture overfill,Stencil thickness high,1017,9.178125,0,Solder Bridging
0.0368331231210885,97.26104928032792,202.9161989904679,36.11882200582979,23.781243346676863,,,1018,9.18125,0,No Defect
0.03939833709111311,101.90596844167048,213.29044954769807,32.77342658245084,24.148890238473246,,,1019,9.184375,0,No Defect
0.04178935402556843,103.78949153544193,196.84616036484798,41.54709886774312,22.61481091026013,,,1020,9.1875,0,No Defect
0.0403507380573955,100.35152094769441,179.49196069375358,41.89159939235762,23.57104953975652,,,1021,9.190625,0,No Defect
0.03916400150456213,103.822766311997,250.79965455072772,30.783816464149186,22.43217770439873,poor paste transfer,Paste viscosity high,1022,9.19375,0,Open Circuit
0.040903328803617474,104.43028153565324,219.01302576360246,33.0740555407543,23.728754758402015,,,1023,9.196875,0,No Defect
0.03759870303956392,98.37282471125238,208.87507501762,37.58597299358514,23.0048049060141,,,1024,9.2,0,No Defect
0.03881094418161542,99.79569490101986,204.07604023739293,39.51132153699235,22.74748874355401,,,1025,9.203125,0,No Defect
0.04075835167619711,103.20003014032035,211.55380747476264,40.40251119037957,22.044716041021815,,,1026,9.20625,0,No Defect
0.04008736182412807,102.05289612213429,212.28099950779188,40.239284014784374,22.046262524446632,,,1027,9.209375,0,No Defect
0.039001457700451436,101.04077063514335,223.3697956828605,40.138969076761796,21.38725036475242,,,1028,9.2125,0,No Defect
0.040214770366765594,101.39043397116693,194.88431673964106,40.80764949433227,22.94733765013607,,,1029,9.215625,0,No Defect
0.04395837882401336,104.18168481757479,158.2714067298786,47.51779838912206,23.268382473255517,,,1030,9.21875,0,No Defect
0.03998109861828842,101.49651954227522,220.55786146946534,48.178795874410525,19.223767488964697,,Ambient temperature low,1031,9.221875,0,No Defect
0.040474851818478666,99.10227124037642,159.30223503030837,45.5815275791288,23.743574324573476,,,1032,9.225,0,No Defect
0.0416934364331745,102.36993217353127,177.4044514100625,41.81292449467358,23.746039093192397,,,1033,9.228125,0,No Defect
0.040539004845218087,100.21007228266555,170.93723463236904,41.433358052526934,24.245978078108934,,,1034,9.23125,0,No Defect
0.0431332555965188,102.76589933423489,141.96952627815818,41.10309601498935,26.138912521677412,aperture overfill,Paste viscosity low; Ambient temperature high,1035,9.234375,0,Solder Bridging
0.040380317558204,101.12932485138526,188.0273105725027,41.3988173647902,23.20571380016829,,,1036,9.2375,0,No Defect
0.03659955304201855,97.45007600357515,220.51658291813015,36.71189925038098,22.555081435124528,,,1037,9.240625,0,No Defect
0.038894821639695765,100.17119835936592,211.05315621551773,39.84476954708843,22.239777139145403,,,1038,9.24375,0,No Defect
0.03925443446516119,101.92721102781178,221.6889097122819,34.5184333381628,23.146778693275653,,,1039,9.246875,0,No Defect
0.03942467804075542,100.08712604446042,196.28337781826582,42.02869256817356,22.511555906397692,,,1040,9.25,0,No Defect
0.041438824723210435,104.27916537110046,206.43611348202901,35.8957881370018,23.700442606069338,,,1041,9.253125,0,No Defect
0.04018640231275269,100.10499597222451,178.51366787190025,42.91495022951433,23.35203204819216,,,1042,9.25625,0,No Defect
0.040877115764589536,102.58188160000118,195.3701998411211,38.098521616060026,23.73284001447136,,,1043,9.259375,0,No Defect
0.04310428718956722,104.44512459664743,175.3918111907384,41.64432725925426,23.943127504530892,,,1044,9.2625,0,No Defect
0.03813314373661667,98.89770128759397,209.11818722841252,40.98082737739348,22.02610289146744,,,1045,9.265625,0,No Defect
0.04314400179923118,105.12606635288255,178.6444631300725,38.72651231314907,24.596367392465623,aperture overfill,Stencil thickness high,1046,9.26875,0,Solder Bridging
0.04359729795902306,103.09339153669968,155.61126659801133,51.4104359099944,22.310532914914194,,Ambient RH high,1047,9.271875,0,No Defect
0.039822598991298634,100.04404254154286,191.13259640282286,44.99162915210474,21.9753598517829,,,1048,9.275,0,No Defect
0.039976859039228485,100.51398042358396,179.99702500325037,37.796956855006165,24.760402377981055,,,1049,9.278125,0,No Defect
0.038320199134746435,98.93698096809713,200.329186868022,36.34631607146572,23.93012186968941,,,1050,9.28125,0,No Defect
0.0380279110955163,98.80847167954862,203.08197239669033,34.71004889697666,24.23805576803757,,,1051,9.284375,0,No Defect
0.042178563718327504,102.47828170045136,171.49548389344866,45.73345498968726,22.98725192508584,,,1052,9.2875,0,No Defect
0.038576187451200304,101.31840642936082,226.6168264464853,32.3881566996741,23.47831275244064,,,1053,9.290625,0,No Defect
0.04224503635072054,106.93717465135796,221.21921868481238,33.09929814168035,23.627457474815394,aperture overfill,Stencil thickness high,1054,9.29375,0,Solder Bridging
0.04136250807890386,100.75738199266758,156.0156451333437,40.565487801390724,25.444932491219515,,,1055,9.296875,0,No Defect
0.03888495730862798,101.05917461290298,226.36724839245264,40.86896065700971,21.019548988702837,,,1056,9.3,0,No Defect
0.040723253771796655,100.44753754173739,181.50795976654004,47.2994091249344,21.91263337525215,,,1057,9.303125,0,No Defect
0.0427372205801725,104.64407453492497,178.13290748033523,36.29310001589589,25.35023563553991,,,1058,9.30625,0,No Defect
0.03970584226304179,101.12075841455237,208.3039863535434,42.57528988639923,21.639176633366237,,,1059,9.309375,0,No Defect
0.03963705983251351,100.53917906502528,202.5258534359762,43.63107876312375,21.686341208612138,,,1060,9.3125,0,No Defect
0.04188213490055941,103.02217331576773,178.2522859929359,38.96602679329847,24.55898046210969,,,1061,9.315625,0,No Defect
0.039526192989992326,102.44478194839252,220.3462148386717,34.11873748718988,23.37218315121543,,,1062,9.31875,0,No Defect
0.03954724040598618,98.88397840765192,175.46381686957224,42.46839401612768,23.690045490972857,,,1063,9.321875,0,No Defect
0.04038835599079758,100.13061660838828,182.64302200631195,47.00751597389254,21.93171243437267,,,1064,9.325,0,No Defect
0.039984028988887824,100.61385178650941,192.34414408452017,42.526172251165434,22.64206340957858,,,1065,9.328125,0,No Defect
0.03906292483428185,100.03519377156061,204.17044923590888,41.794653224822085,22.122344338820923,,,1066,9.33125,0,No Defect
0.039133887157747536,99.769047255128,192.5745195034403,37.52689949830224,24.084623710829845,,,1067,9.334375,0,No Defect
0.038167047411384436,100.02893926144237,210.8914509553984,31.083656488834265,24.835825793463098,,,1068,9.3375,0,No Defect
0.04291310967085453,103.85531478378952,159.57131298123488,34.960314068673455,26.894360978844205,,Ambient temperature high,1069,9.340625,0,No Defect
0.04106754126605685,102.85820642928023,199.57938021693803,42.109912374930175,22.332598921430517,,,1070,9.34375,0,No Defect
0.04155653195158476,100.7261228506672,153.91097599491215,41.04706447000938,25.4558968410412,,,1071,9.346875,0,No Defect
0.039919537139986416,101.36773592525992,202.99942536023556,38.70402311302103,23.115029017335846,,,1072,9.35,0,No Defect
0.03739546754725157,100.47397823740023,241.82120435958723,32.11845227013045,22.636162359017575,,,1073,9.353125,0,No Defect
0.03783934114063928,97.66858115501182,189.74163990830095,37.10042836369462,24.379930209732894,,,1074,9.35625,0,No Defect
0.04128652913095632,105.93935923850424,221.70885696356763,28.81122270529793,24.865862831348892,aperture overfill,Stencil thickness high; Ambient RH low,1075,9.359375,0,Solder Bridging
0.038980038943566386,99.46719851606049,191.18691124561914,39.71792867511111,23.534551952922506,,,1076,9.3625,0,No Defect
0.040040345128940176,103.09831986469011,214.1642329818427,30.46282003908985,24.843431913271672,,,1077,9.365625,0,No Defect
0.03878349733191411,100.28884386255234,212.6753032514894,38.717955039789715,22.512802843964533,,,1078,9.36875,0,No Defect
0.041396939627682844,103.00210844490866,198.18494177627232,40.899708214770506,22.79153699909481,,,1079,9.371875,0,No Defect
0.037934101308267555,98.70837731079669,211.9085172993332,40.430787299230985,22.055529072937652,,,1080,9.375,0,No Defect
0.04001091099883957,99.30322196922359,180.03480994672046,47.145536503237714,22.068931332960005,,,1081,9.378125,0,No Defect
0.03908419518691848,99.69146302680295,192.9858146854078,39.0632720625459,23.624930339774334,,,1082,9.38125,0,No Defect
0.04112115493514164,101.91093873367761,172.60588312545286,35.61238734525961,25.903000266297497,,,1083,9.384375,0,No Defect
0.04005896753848965,99.79377281092871,184.29705386631426,45.787329100829744,22.207515282126202,,,1084,9.3875,0,No Defect
0.041140803471793004,103.68594026828336,208.2333089614664,37.827733130108456,23.074113041471232,,,1085,9.390625,0,No Defect
0.0388067429085391,99.2883087081745,198.80594385817383,40.16353774801961,22.95204689196423,,,1086,9.39375,0,No Defect
0.038933828592037326,100.14553696419678,214.35351999694336,42.922609806593194,21.19365250245581,,,1087,9.396875,0,No Defect
0.038953028600857316,99.41183238768267,191.51259164722072,37.257030832665954,24.251677082864404,,,1088,9.4,0,No Defect
0.03961406625318881,99.13654823116838,190.04567697629057,48.71849239335344,21.000566032870115,,,1089,9.403125,0,No Defect
0.03923148523794687,100.65954708526593,218.27248557691172,42.66874751048627,21.03660749664335,,,1090,9.40625,0,No Defect
0.04243414866963124,102.89491489220731,168.82125582624442,42.25590992873396,24.2166970336183,,,1091,9.409375,0,No Defect
0.03993635848433245,102.07855716220229,218.8227983231395,40.629568177997655,21.605139468413626,,,1092,9.4125,0,No Defect
0.03996304862254095,101.6265165678352,206.98765346207125,39.569575412797136,22.640804164301702,,,1093,9.415625,0,No Defect
0.04263583689920495,104.41250528885374,184.50281889729155,40.24220974015405,23.846443369468243,,,1094,9.41875,0,No Defect
0.04284680746010627,103.88505810249372,175.13654867565631,43.007140056031716,23.61664574938007,,,1095,9.421875,0,No Defect
0.04340877564397041,105.27324809403464,182.68801602609958,42.93430722642961,23.17915149222387,aperture overfill,Stencil thickness high,1096,9.425,0,Solder Bridging
0.041296052573298235,102.74742000465521,195.21066037623328,41.5429028588861,22.803259437888563,,,1097,9.428125,0,No Defect
0.03928509788798814,101.89456003194277,221.0613247019577,37.92142406553208,22.253326053790374,,,1098,9.43125,0,No Defect
0.03778118516203258,98.8892049295173,210.48421747066752,33.297072100767075,24.251053804094457,,,1099,9.434375,0,No Defect
0.041222986840543166,103.19247802781504,201.16995399461888,38.8545349623068,23.226877080932496,,,1100,9.4375,0,No Defect
0.04146412249063002,101.36475513888351,154.80706373883856,36.44279317528155,26.774814125661692,,Ambient temperature high,1101,9.440625,0,No Defect
0.040235787574182065,102.45875530926058,214.98216612084397,40.62096577663601,21.854659495433285,,,1102,9.44375,0,No Defect
0.037358032060964136,99.28891932823463,232.71616103800503,36.17942001607626,22.045092394674786,,,1103,9.446875,0,No Defect
0.038702571171975814,99.11012129243309,202.7983132511537,41.78393065108689,22.25458082666303,,,1104,9.45,0,No Defect
0.038936175858670145,101.66607826584705,227.82292716723458,35.77889883116942,22.47450753452208,,,1105,9.453125,0,No Defect
0.0422473007835369,102.53734769632725,177.93426783420068,48.62281011438145,21.812032401705554,,,1106,9.45625,0,No Defect
0.04434985542024634,104.23823318715377,146.35406510248725,45.0201658104294,24.821863905526353,Paste volume per aperture high; aperture overfill,Paste viscosity low,1107,9.459375,0,Solder Bridging
0.04293803277856678,106.38322797514358,214.75940044761498,42.44074362872404,21.366629763387017,aperture overfill,Stencil thickness high,1108,9.4625,0,Solder Bridging
0.03709330823075946,101.01741455605836,260.716877275701,32.37858141317924,21.4400842497432,poor paste transfer,Paste viscosity high,1109,9.465625,0,Open Circuit
0.03830805543469367,100.10443559924967,218.88328947245748,37.31427225318939,22.57340768651044,,,1110,9.46875,0,No Defect
0.037476378385805496,98.84011752325686,226.86980760650076,40.11422778630512,21.26235265055947,,,1111,9.471875,0,No Defect
0.03818149418417759,99.41115801380502,209.42831800163128,37.05181068116229,23.230938600865972,,,1112,9.475,0,No Defect
0.041200255957348775,103.88174876525075,214.35369240830744,40.954762668270384,21.815963555722888,,,1113,9.478125,0,No Defect
0.03999515407406419,100.56086133633958,188.52509790111893,39.88079199365976,23.70665509824441,,,1114,9.48125,0,No Defect
0.036595570324275434,96.98539819190204,215.1505791315316,36.90157243327107,22.919495898661626,,,1115,9.484375,0,No Defect
0.043305166643870706,105.89878554899852,203.17879531916125,46.46459058432588,20.913037487954682,aperture overfill,Stencil thickness high,1116,9.4875,0,Solder Bridging
0.03874079680119475,99.15908212035916,181.27459063763388,33.4225127489685,26.026186782833186,,Ambient temperature high,1117,9.490625,0,No Defect
0.03903785014996866,99.96462747090739,198.14881726952353,37.7671380757633,23.7284662365487,,,1118,9.49375,0,No Defect
0.0369687694000215,98.7612298930151,228.41200977934116,34.8801229592433,22.700241813869198,,,1119,9.496875,0,No Defect
0.03967265654948059,100.79363892740194,199.3301892594061,40.4089709032232,22.890838829954713,,,1120,9.5,0,No Defect
0.04038366440329654,99.97992781289896,172.37979807086094,43.60857501528504,23.61686213556839,,,1121,9.503125,0,No Defect
0.041147133418616616,104.70646343893335,228.8512056870728,39.98748659349498,21.219321777331878,,,1122,9.50625,0,No Defect
0.035558571178482976,96.59383393889935,228.58664893996487,34.96927847560616,22.656131794382297,Paste volume per aperture low,,1123,9.509375,0,Open Circuit
0.039442749246318194,98.37308247903917,167.07245657586773,41.67464005510389,24.503757659884194,,,1124,9.5125,0,No Defect
0.0398303725720204,101.50982157668763,212.92956522106581,40.872594419683324,21.932517574532604,,,1125,9.515625,0,No Defect
0.038712053956033735,101.09189103878259,225.89927973512874,37.1614851229239,22.20986293380289,,,1126,9.51875,0,No Defect
0.041229752460876734,105.19984198658231,221.2111866815842,32.60116495099262,23.851242879375693,aperture overfill,Stencil thickness high,1127,9.521875,0,Solder Bridging
0.04136780864596209,101.88587077607096,162.337329695978,36.05347422018,26.45276063182085,,Ambient temperature high,1128,9.525,0,No Defect
0.03696846405166671,97.42460813265627,221.87774270599516,44.61007304649172,20.26912663478261,,,1129,9.528125,0,No Defect
0.039693684884278345,101.04916114293707,202.96909736698987,40.391456115115844,22.683877183816623,,,1130,9.53125,0,No Defect
0.03859846003496505,101.16366979227425,228.11238246299695,37.35557457496224,22.019678364235215,,,1131,9.534375,0,No Defect
0.039904723139593576,99.94615180143181,184.5181801478068,40.5230879402695,23.78719640097795,,,1132,9.5375,0,No Defect
0.03750190114945889,99.6528474856396,235.51932002320308,35.54350035386295,22.09511910717233,,,1133,9.540625,0,No Defect
0.044343793258962386,105.64565330024502,164.03155541571155,46.14224329868208,23.43112998751886,Paste volume per aperture high; aperture overfill,Stencil thickness high,1134,9.54375,0,Solder Bridging
0.04003497149285419,101.51193927442858,211.19478666955789,44.0484320063872,21.122104832744583,,,1135,9.546875,0,No Defect
0.038345590121396995,99.14174715582367,200.2717639641494,36.063575925955945,24.111129086633515,,,1136,9.55,0,No Defect
0.03740139665749905,100.28124359305478,238.67600069870542,30.89415065219056,23.261226796342335,,,1137,9.553125,0,No Defect
0.04011891973593544,99.07937875561272,170.38460162390322,44.35708734573562,23.542424883097965,,,1138,9.55625,0,No Defect
0.040911332728085184,101.62802435875354,181.47419108490584,39.674302358458,24.23434903287038,,,1139,9.559375,0,No Defect
0.039955657662708935,100.91030842340008,196.8700476459104,39.96554822137086,23.199717024799558,,,1140,9.5625,0,No Defect
0.036372148530749666,98.88149687490109,246.40860732135752,33.44892081200476,22.0363700570815,,,1141,9.565625,0,No Defect
0.04015134912772349,100.03525283797327,185.88915171171064,45.8674860799322,22.15196359159866,,,1142,9.56875,0,No Defect
0.039259476606077016,101.08305882982548,211.9167318859867,37.89527531734704,22.876225999098605,,,1143,9.571875,0,No Defect
0.039245357087896955,102.72771262516126,231.30607491528528,31.730283383949093,23.49023442754321,,,1144,9.575,0,No Defect
0.03788706865422737,96.23934561300484,175.6487776572808,42.76791738623329,23.670693296872283,,,1145,9.578125,0,No Defect
0.039748010447242084,101.03693120739457,208.96998451065667,42.45725027643516,21.734395959544777,,,1146,9.58125,0,No Defect
0.03951103403945103,101.4990875654528,222.60718092905398,41.4710726495993,21.186087054075937,,,1147,9.584375,0,No Defect
0.04058851040015447,100.52370773437373,178.19556584575602,41.51850387656157,23.90787950363757,,,1148,9.5875,0,No Defect
0.04063788777344149,101.36659727297501,189.66552797923228,42.27944517872879,22.980382761629187,,,1149,9.590625,0,No Defect
0.039921288483547576,99.54102538663975,187.45300500902886,45.64026154552653,22.133645583594266,,,1150,9.59375,0,No Defect
0.038187160696564734,100.16046391925467,221.70269682934648,34.91026848241274,23.15025666101451,,,1151,9.596875,0,No Defect
0.04005118908922422,101.952705117941,202.66163575529967,34.119004613809956,24.567168499163884,,,1152,9.6,0,No Defect
0.03944542553819309,101.48955915004863,214.73193633358687,37.78226935550395,22.750079772534043,,,1153,9.603125,0,No Defect
0.04328458795716164,104.29444762395313,176.58795594000168,45.18201843067696,22.963910650610643,,,1154,9.60625,0,No Defect
0.03773394168978785,99.54935032782949,222.8915796755191,35.28473412296063,22.96761182674398,,,1155,9.609375,0,No Defect
0.03785622332521342,98.18733935726183,206.9638008275296,43.228545344968616,21.62304302966082,,,1156,9.6125,0,No Defect
0.04102817231184476,102.11092678337153,202.32352601724156,45.182842292861125,21.372691573938067,,,1157,9.615625,0,No Defect
0.037172665793349435,95.12420658197885,179.04969645729184,44.327238500258424,23.015816732997724,,,1158,9.61875,0,No Defect
0.039815294955341446,105.07996921862012,254.37654563461422,31.69330916939589,22.104771867733273,aperture overfill; poor paste transfer,Stencil thickness high; Paste viscosity high,1159,9.621875,0,Solder Bridging
0.04051350264348158,101.42243805304729,189.39178236285923,42.10546978808995,23.054964169721213,,,1160,9.625,0,No Defect
0.04023784558637234,98.44963542001642,155.39042055571667,48.28415268183993,23.333750570954827,,,1161,9.628125,0,No Defect
0.041918843608321245,105.01828096105712,212.24808881116257,38.105100240152765,22.840468842818883,aperture overfill,Stencil thickness high,1162,9.63125,0,Solder Bridging
0.04118997578822466,101.3435256127558,177.74290770535112,42.457097064682486,23.682766110035107,,,1163,9.634375,0,No Defect
0.040058648080500636,101.62562517186615,197.4129058109572,37.447336022436225,23.924955842365588,,,1164,9.6375,0,No Defect
0.03708756903179244,98.16192975158279,220.30032940955434,37.33019048078859,22.535205410010757,,,1165,9.640625,0,No Defect
0.03958874083357736,100.64743013071083,194.19775359243195,37.50632181103544,24.10430177360609,,,1166,9.64375,0,No Defect
0.03926943919290936,97.99763781036948,180.87948252198723,46.94622080474825,22.169138083574744,,,1167,9.646875,0,No Defect
0.04062327422266779,100.2742402008645,165.00394759421278,36.748696465097304,26.133429309267946,,Ambient temperature high,1168,9.65,0,No Defect
0.039051749022551936,104.08449708463121,252.59417385117456,27.370325715006263,23.484357138224215,poor paste transfer,Paste viscosity high; Ambient RH low,1169,9.653125,0,Open Circuit
0.04042288791512395,101.0201092244832,192.2983613978576,42.3537114696767,22.821242758086107,,,1170,9.65625,0,No Defect
0.0368723369292595,95.18163639211367,181.2746876997172,40.29510935759677,24.069430456057372,,,1171,9.659375,0,No Defect
0.04216267518476956,104.97383962873762,203.22273493259354,36.13045935485512,23.985740975590616,,,1172,9.6625,0,No Defect
0.03895672125153921,99.30782662761918,192.00651941391615,37.64840938253732,24.203441662988222,,,1173,9.665625,0,No Defect
0.03889459340915177,100.37434798182504,214.2450061138653,38.238778461901084,22.668363575357134,,,1174,9.66875,0,No Defect
0.03829536228276103,97.3911328805671,186.7341408929541,42.41762004196227,23.13206473211936,,,1175,9.671875,0,No Defect
0.03581926154134908,98.84381063021979,260.2653568291304,32.02159274227665,21.6395403299993,Paste volume per aperture low; poor paste transfer,Paste viscosity high,1176,9.675,0,Open Circuit
0.04290859828811267,103.14988585632193,159.88799409390202,39.93072048905658,25.547002385414284,,,1177,9.678125,0,No Defect
0.03960392370599795,101.74172954171036,206.96782841976676,31.71962992264549,25.02911383966802,,,1178,9.68125,0,No Defect
0.041751021386364294,100.90277193407779,165.7633475091496,49.26579116677438,22.44939759340873,,,1179,9.684375,0,No Defect
0.03987786462499753,97.78808779214027,155.55886573757672,47.12085130529722,23.685117579553683,,,1180,9.6875,0,No Defect
0.03932520645093169,100.2967376222416,184.1162417341954,32.968392774473564,26.059793958111964,,Ambient temperature high,1181,9.690625,0,No Defect
0.04087963356157892,101.96639919907037,199.5811024507025,45.4624401206547,21.480881281373765,,,1182,9.69375,0,No Defect
0.03844589519995808,100.68712377633305,214.24416154348594,31.363553863557797,24.677970693526138,,,1183,9.696875,0,No Defect
0.04217811659406178,103.58626376676492,190.35367325803284,44.04524837403449,22.47384395133758,,,1184,9.7,0,No Defect
0.03850292028017434,100.57858525067401,224.18420548208422,38.513942283470016,21.982596328847613,,,1185,9.703125,0,No Defect
0.038318600255184625,98.47692675347592,199.31894596610906,37.72977092637544,23.744426536942118,,,1186,9.70625,0,No Defect
0.04076833701988353,103.565227269117,206.05935829291496,34.441042318376105,24.303252488065063,,,1187,9.709375,0,No Defect
0.03770257558092778,99.90506514513483,230.95535421561408,33.63886227359605,22.993617004887742,,,1188,9.7125,0,No Defect
0.04144989911509536,101.85876308884217,185.64521528878586,44.67958984689491,22.581305512925322,,,1189,9.715625,0,No Defect
0.0402375859903599,101.46367967813475,194.23279234337687,39.00645232935478,23.696130523475876,,,1190,9.71875,0,No Defect
0.041492574731426035,102.52345705993173,190.26798472193389,43.25924243864517,22.712037299411342,,,1191,9.721875,0,No Defect
0.03858672641103363,102.52617672539557,247.97729494142143,31.51097073169104,22.58178309818049,,,1192,9.725,0,No Defect
0.04021898225746234,102.52007114538479,220.88398424281675,42.144202162560944,21.14990190527381,,,1193,9.728125,0,No Defect
0.041697073565288637,102.88687271005683,191.4183915454196,41.39386999634611,23.194920595998223,,,1194,9.73125,0,No Defect
0.03888929766894205,102.23603573863589,241.35688903863343,36.68866988273327,21.47845133582265,,,1195,9.734375,0,No Defect
0.03826339618098821,101.57024730649417,253.99525221923028,40.36231927554502,19.626735729067043,poor paste transfer,Paste viscosity high; Ambient temperature low,1196,9.7375,0,Open Circuit
0.03901007162061662,99.15686803545323,193.69285480559748,41.577029020346984,22.977728508270953,,,1197,9.740625,0,No Defect
0.04093534863927717,102.5207236915656,192.1721082615737,37.87244072648452,24.16860684738642,,,1198,9.74375,0,No Defect
0.040298239270671735,102.98742329382245,210.54133812424462,34.27828214101061,24.08717984528582,,,1199,9.746875,0,No Defect
0.03806226083816272,98.42360265705439,197.72053572816685,35.97625959611489,24.36354909292844,,,1200,9.75,0,No Defect
0.04145607591463953,102.21952874445708,173.56168664023158,39.0304132828811,24.978058052400215,,,1201,9.753125,0,No Defect
0.03989786664110338,101.66294115255224,209.86796619170963,40.64120283899397,22.269843177594666,,,1202,9.75625,0,No Defect
0.03850191075300669,102.52711229286946,250.89196671776438,33.165110297655474,21.928743133543545,poor paste transfer,Paste viscosity high,1203,9.759375,0,Open Circuit
0.0404338739386616,102.13520353113104,219.12197603572443,46.62449671409241,19.96549256791512,,Ambient temperature low,1204,9.7625,0,No Defect
0.04020276683249915,102.78069960769271,208.05075559684835,30.623977561974478,25.318147823042104,,,1205,9.765625,0,No Defect
0.037158092196950834,97.78335913229822,217.091636062668,38.37671697113533,22.47495615054174,,,1206,9.76875,0,No Defect
0.04012059921174838,102.42402882574962,203.82881393924123,33.805720581350556,24.643370096645874,,,1207,9.771875,0,No Defect
0.04165945516681702,104.42594526792034,222.5012416889475,44.92403052635946,20.26894282263123,,,1208,9.775,0,No Defect
0.039275682108280974,100.45448729929072,214.9612348777506,42.19963242343967,21.511017407109822,,,1209,9.778125,0,No Defect
0.04239535238057748,104.90077245603968,197.6261802795607,39.978346288304216,23.24344688904293,,,1210,9.78125,0,No Defect
0.04260945113378613,103.87986454557245,187.9181385552225,48.93100643818828,21.224294822399816,,,1211,9.784375,0,No Defect
0.040085797251642255,102.20189724064186,209.82408947296466,39.981354662846556,22.474570887231664,,,1212,9.7875,0,No Defect
0.039525282799803746,99.60713957833241,195.6339841739136,45.936584545956705,21.606833351771282,,,1213,9.790625,0,No Defect
0.0410026308564296,100.2048590839966,166.99256328180664,46.07053316859091,23.33829185582724,,,1214,9.79375,0,No Defect
0.03865930277920026,98.16195662414557,182.09281067564504,37.50281053478718,24.89955543550712,,,1215,9.796875,0,No Defect
0.04269357258996547,104.28013139839985,192.8168960018611,46.00858698853752,21.788898312030785,,,1216,9.8,0,No Defect
0.03942074245113569,100.18461551401036,189.36521728739532,35.8114668119747,24.951697023698284,,,1217,9.803125,0,No Defect
0.04129641758572439,102.58584099520354,190.84717767257632,39.68161439938684,23.7498819944663,,,1218,9.80625,0,No Defect
0.041284027582283174,100.95830177360511,170.69772735983148,44.895401831438015,23.462276513676752,,,1219,9.809375,0,No Defect
0.038977532318322065,100.44494460772947,204.79896742475805,35.28021538436332,24.159686763320792,,,1220,9.8125,0,No Defect
0.04184863808111844,106.06423969594871,221.90018012709982,34.12134717428889,23.472639805884693,aperture overfill,Stencil thickness high,1221,9.815625,0,Solder Bridging
0.04181054790418989,101.32280431100389,166.99569194173142,45.66305157778165,23.475345745044354,,,1222,9.81875,0,No Defect
0.038206721584799194,100.44401538713026,222.8747073037529,34.03795779993446,23.410275038609786,,,1223,9.821875,0,No Defect
0.039800896410173446,101.15626293134244,199.40912858581947,37.36020340747945,23.894404322943974,,,1224,9.825,0,No Defect
0.03864664754778709,101.33806242888336,240.1054980803532,39.027860614256376,20.905847822063993,,,1225,9.828125,0,No Defect
0.040525205324801826,100.9712273754115,197.9124522077501,47.642797265154144,20.99319275860862,,,1226,9.83125,0,No Defect
0.03800472748876531,100.58768807061772,230.75289908590244,33.324243286546626,23.1393387829736,,,1227,9.834375,0,No Defect
0.039157721861111314,100.25694883436113,205.45377316130984,39.94057986529875,22.768585831685698,,,1228,9.8375,0,No Defect
0.039617152738479475,100.85831894857957,201.72152527881616,36.540712562803016,23.99972077890185,,,1229,9.840625,0,No Defect
0.04329111877653818,103.29357200725472,154.79690044616373,42.57017725079943,25.146849490147073,,,1230,9.84375,0,No Defect
0.04078005777736836,101.72900560022168,185.65158543042725,38.624999098270344,24.3847401700438,,,1231,9.846875,0,No Defect
0.04024946407494729,102.54206630351771,205.74985294018688,32.4689001253469,24.94960387628403,,,1232,9.85,0,No Defect
0.03893595687394002,101.57325818316241,227.09946934301408,35.25285213493932,22.814917101325708,,,1233,9.853125,0,No Defect
0.03846244693793847,99.7894030899241,211.60020342441925,35.23605571352841,23.770481316930756,,,1234,9.85625,0,No Defect
0.03954202460598207,100.4898132221231,193.2322298609745,38.14297938672612,24.051420474819956,,,1235,9.859375,0,No Defect
0.04167697143576565,102.42935015533384,171.28392727155045,39.76895584002372,24.940270709788045,,,1236,9.8625,0,No Defect
0.03869760078256309,100.39281973971971,224.38081243298132,40.96324060016373,21.31696966479261,,,1237,9.865625,0,No Defect
0.04188367876154018,101.62801504911758,162.6511201497862,43.9633095364333,24.25162486194467,,,1238,9.86875,0,No Defect
0.03974004937120154,99.02169331168432,173.82319728816128,41.58623799520086,24.24716271333418,,,1239,9.871875,0,No Defect
0.03903944335135352,98.75595346095999,202.06755631717408,50.8417955169179,19.803618114267167,,Ambient RH high; Ambient temperature low,1240,9.875,0,No Defect
0.04275180045419832,103.3765659183345,172.96574886537084,44.399464095117274,23.504255538911856,,,1241,9.878125,0,No Defect
0.04171122979626426,103.02113460119988,186.34713163423325,38.6033160436739,24.371049310438245,,,1242,9.88125,0,No Defect
0.03714512184773695,98.30750272443817,214.40948093740658,32.878818713711745,24.282980756572954,,,1243,9.884375,0,No Defect
0.0420859605378467,103.18750195665586,183.13125874050678,44.373400457907344,22.88173140939155,,,1244,9.8875,0,No Defect
0.03942984108825463,98.7124835260093,181.61988604066227,45.18265563361338,22.720562937693177,,,1245,9.890625,0,No Defect
0.04050649351458569,101.17444832815775,188.6337292341123,37.99025725548422,24.407234283321927,,,1246,9.89375,0,No Defect
0.04168603921578767,102.00310042887973,176.46144643132175,42.75443764231614,23.769619136878788,,,1247,9.896875,0,No Defect
0.03962339781003293,99.53856915376943,194.51982879911927,47.09134884221483,21.376778151759886,,,1248,9.9,0,No Defect
0.04086581100593355,102.7068243471106,206.88404255707496,39.5089001076796,22.84883178632347,,,1249,9.903125,0,No Defect
0.03900911366772165,99.6815308783727,217.45244530655557,48.09824043084262,19.67505314298241,,Ambient temperature low,1250,9.90625,0,No Defect
0.03616429694484266,99.11770293911786,245.1690876930931,26.939149636009777,24.13263344468341,,Ambient RH low,1251,9.909375,0,No Defect
0.04246358722168972,104.60908253784643,194.0295179422989,40.65514461159867,23.313954012712387,,,1252,9.9125,0,No Defect
0.0402429018503595,101.47487595090844,205.4303669455551,44.14145224350957,21.57887677642241,,,1253,9.915625,0,No Defect
0.03936976321588691,101.47362001237003,217.26174636587086,35.83974354141821,23.275315340884493,,,1254,9.91875,0,No Defect
0.04014701910726757,102.46945683747816,213.78960136989394,35.847965871907405,23.493455400694753,,,1255,9.921875,0,No Defect
0.040197335868103236,101.57345427797226,207.45472444245513,43.71719723340743,21.58129093709522,,,1256,9.925,0,No Defect
0.03892833202966,98.70390396552939,194.08595452382403,45.28806102747313,21.932666287295568,,,1257,9.928125,0,No Defect
0.03958007603603199,102.626413703112,232.12658217781916,37.81495180252291,21.789460555058255,,,1258,9.93125,0,No Defect
0.041180522365230864,101.09839569204922,167.72014071501354,39.873189268905385,25.15468045846063,,,1259,9.934375,0,No Defect
0.03961456817952498,98.86411185214972,183.4442536032846,47.47835942257482,21.955492782493906,,,1260,9.9375,0,No Defect
0.04170184699190412,101.77252124098314,178.14775538536153,46.46365089820483,22.597078329776934,,,1261,9.940625,0,No Defect
0.03967805675824577,102.3884043531715,216.1388183213111,33.53480802876044,24.024053745668375,,,1262,9.94375,0,No Defect
0.041245941525723306,105.40683545644303,228.26958819509758,34.982989479549914,22.870081665854762,aperture overfill,Stencil thickness high,1263,9.946875,0,Solder Bridging
0.04214528251364618,103.2608917441667,181.26114961345468,42.791885400191596,23.48139438771459,,,1264,9.95,0,No Defect
0.037542823952911746,97.99475466349975,213.28218444129058,42.098774151596736,21.683854003440963,,,1265,9.953125,0,No Defect
0.04229276081259409,101.64396839415647,156.0179118372786,44.35462939125387,24.580582063805085,,,1266,9.95625,0,No Defect
0.04014626668707714,102.17168560084649,208.32124516690084,37.222587114007354,23.437304873343134,,,1267,9.959375,0,No Defect
0.0383895851832894,99.36469545546171,209.2815648186872,37.870358284980576,23.177087339878586,,,1268,9.9625,0,No Defect
0.040131620174844326,100.68932588947197,199.23955314011877,43.690557710579384,22.111485105876472,,,1269,9.965625,0,No Defect
0.04483523428817129,104.59976216210649,136.82980208108438,44.84320616422163,25.637022273291027,Paste volume per aperture high; aperture overfill,Paste viscosity low,1270,9.96875,0,Solder Bridging
0.03959078440210577,103.51164976478474,231.36124989234526,27.057967218630917,24.995939496266214,,Ambient RH low,1271,9.971875,0,No Defect
0.041562530872752454,104.14916318306115,204.84285301337326,38.130771571593165,23.400925921472,,,1272,9.975,0,No Defect
0.043108759622818765,103.90444392102641,157.9761527633745,36.201495154273594,26.855531638257066,,Ambient temperature high,1273,9.978125,0,No Defect
0.03954962369404983,100.42206663264275,206.99445726943563,44.85375243198637,21.291264921436003,,,1274,9.98125,0,No Defect
0.04191061195601321,103.49323561873584,192.2594598620221,42.48104660629208,22.908368033601462,,,1275,9.984375,0,No Defect
0.043579183222177686,102.81618832982439,144.43996938118698,45.968427977113706,24.840214195846038,aperture overfill,Paste viscosity low,1276,9.9875,0,Solder Bridging
0.042205383541664,103.28746213937019,174.13402887838993,39.243177748265325,24.96980749281615,,,1277,9.990625,0,No Defect
0.03662249480863762,97.73265449355894,215.65008082896495,30.682036702283497,24.88240714895594,,,1278,9.99375,0,No Defect
0.04140756676923754,102.67246632230376,183.4931690396207,38.44859310863605,24.62337478724309,,,1279,9.996875,0,No Defect
0.04057417208799957,100.62362661417812,179.0682125462529,42.22203228891448,23.78864127064592,,,1280,10.0,0,No Defect
0.04232541125731023,103.32833675823535,182.86834123927176,43.20131476846009,23.286978673948465,,,1281,10.003125,0,No Defect
0.0407644049691827,101.74606324880253,181.368604380306,36.07519489047276,25.445796137232733,,,1282,10.00625,0,No Defect
0.03881696361560816,98.25048244995475,195.4184327848824,46.98866121136018,21.383675252412928,,,1283,10.009375,0,No Defect
0.038022340891273876,98.05897124055755,208.50226745964858,43.97949925958617,21.455083034525902,,,1284,10.0125,0,No Defect
0.040886510465696274,100.93084158712081,188.2115214602576,49.18671487354155,21.200732993080326,,,1285,10.015625,0,No Defect
0.038906543989313626,96.59663038137084,153.01113623371663,39.44236303538252,26.195572943109767,,Ambient temperature high,1286,10.01875,0,No Defect
0.039432576606425,98.78271852196198,178.857538822884,42.566200841877965,23.699414801507654,,,1287,10.021875,0,No Defect
0.036695873716407236,97.63457138783416,214.1786630309263,33.56191381603034,24.139565223512136,,,1288,10.025,0,No Defect
0.03843804717493447,98.54280699250401,195.46585751904158,36.16306889930852,24.55042900908022,,,1289,10.028125,0,No Defect
0.0395254372056135,101.89486314035211,213.9010168977197,32.95296621683722,24.362619656038397,,,1290,10.03125,0,No Defect
0.03825322168765767,97.81340372293084,198.5227920305315,43.24535089673251,22.29267604188634,,,1291,10.034375,0,No Defect
0.03933773224584994,98.78242962414687,181.6066277220096,42.71682169298474,23.49114960475835,,,1292,10.0375,0,No Defect
0.04140730255412425,101.39813710692347,171.42001195358478,42.91982849848438,24.074418954073433,,,1293,10.040625,0,No Defect
0.040065354541566976,100.75407299780935,194.76100615410851,38.442855084664934,23.946790671077515,,,1294,10.04375,0,No Defect
0.04107136106460808,103.52315599097987,204.55789033424554,35.51238638837566,24.2053448484523,,,1295,10.046875,0,No Defect
0.04120572423592061,99.65656040518962,149.70943485852786,43.47511345850642,25.247521078673966,aperture overfill,Paste viscosity low,1296,10.05,0,Solder Bridging
0.04434555928582578,105.14309999103378,154.46890331223818,41.67076426462644,25.506666422626644,Paste volume per aperture high; aperture overfill,Stencil thickness high,1297,10.053125,0,Solder Bridging
0.04018787065298836,100.10036714737984,188.51849371408818,46.19594694547942,22.06466256563458,,,1298,10.05625,0,No Defect
0.0406634195527663,103.0596731808801,219.8407744654408,41.65913001005059,21.474355766751327,,,1299,10.059375,0,No Defect
0.04213461658771157,101.6484603044809,165.25820286375142,45.166982691870395,23.81408186982283,,,1300,10.0625,0,No Defect
0.03955117739163209,102.3001520592503,228.76668754693586,36.279031975768945,22.49323366894767,,,1301,10.065625,0,No Defect
0.042698105196858356,104.94083094654722,190.4548432369019,38.09399679494381,24.337302033247116,,,1302,10.06875,0,No Defect
0.038776025476685724,102.07655409441114,239.9480422284459,31.532444905914847,23.19230986729021,,,1303,10.071875,0,No Defect
0.03939444438477439,100.38733668084924,200.983127578205,39.367129631107304,23.293058153421057,,,1304,10.075,0,No Defect
0.04049231880000251,101.13884391314116,190.04816250734513,41.315652811628716,23.406655735329515,,,1305,10.078125,0,No Defect
0.04100693966913259,102.69562314190563,209.99341532773263,46.06218720583384,20.80012165329767,,,1306,10.08125,0,No Defect
0.04142675781524469,101.27286453654331,176.7600150099994,45.5011783581277,23.010779309347534,,,1307,10.084375,0,No Defect
0.04048708725231301,98.08312526212015,138.4119698407385,41.915372310719164,26.402229698825618,aperture overfill,Paste viscosity low; Ambient temperature high,1308,10.0875,0,Solder Bridging
0.039357638076565525,98.38247858403899,171.99054513334002,41.333574263266755,24.503235608464394,,,1309,10.090625,0,No Defect
0.039971782877381054,102.5666526768789,223.04014698167805,37.31519689967915,22.55370661776591,,,1310,10.09375,0,No Defect
0.03755997291261642,98.5039099808326,223.39213709970753,41.71516128771467,21.226239617751933,,,1311,10.096875,0,No Defect
0.039473186949844696,102.31345939977214,226.49891111294738,37.13277031690232,22.38771198916769,,,1312,10.1,0,No Defect
0.041230098609381635,104.2371861675873,215.49392092175367,37.27169867893293,23.04015831341132,,,1313,10.103125,0,No Defect
0.0397686655130786,99.12628214944233,191.69764287150872,49.006360003097946,21.065451538232097,,,1314,10.10625,0,No Defect
0.04201066051252594,102.29629799009507,167.87264115959414,41.06822717728837,24.861035413089628,,,1315,10.109375,0,No Defect
0.039499240449581974,100.89888625918518,206.43547319366044,36.17306665354151,23.909888333697815,,,1316,10.1125,0,No Defect
0.040180085533402916,103.12659520132719,222.2435931893905,34.711984798178435,23.37170640599189,,,1317,10.115625,0,No Defect
0.03962467807021771,99.16555183357389,191.1551923445155,46.275578324163654,21.899194897243696,,,1318,10.11875,0,No Defect
0.04231010002739634,102.72801284654288,169.91210567108428,39.94195865530949,25.07600489015993,,,1319,10.121875,0,No Defect
0.03775718621104297,98.91036692981065,223.60594338897585,40.59618869568032,21.551336877158647,,,1320,10.125,0,No Defect
0.03704026591092543,97.05974506434254,209.2619021736666,38.4078056627861,23.0680417874089,,,1321,10.128125,0,No Defect
0.04118576699252978,103.51575440142426,200.43116748853922,37.77743684498679,23.82078481264053,,,1322,10.13125,0,No Defect
0.03999701854566598,102.49234792536353,233.8003694859098,42.609897602145026,20.363668797732295,,,1323,10.134375,0,No Defect
0.03586315654863876,97.1886004558511,236.907938596826,35.952625371479314,22.081007231152547,Paste volume per aperture low,,1324,10.1375,0,Open Circuit
0.03643524729013445,97.99564861073259,242.49282256628163,38.747808306441684,20.92948298045389,,,1325,10.140625,0,No Defect
0.03727250202593309,98.94089960863403,226.2385265909265,33.7063316808648,23.4061050576557,,,1326,10.14375,0,No Defect
0.03931538520825109,100.8845167677776,203.81778988007224,33.84443305984362,24.75743734159846,,,1327,10.146875,0,No Defect
0.038088423856989906,101.50285979272824,240.8282146384824,29.913898465378715,23.626603902182104,,Ambient RH low,1328,10.15,0,No Defect
0.043128124594203045,104.91650631770422,180.32439958364483,40.565200978890196,24.265638354725372,,,1329,10.153125,0,No Defect
0.04044744490599409,101.06474464380416,185.9297081566598,39.5283850305882,24.20592171681064,,,1330,10.15625,0,No Defect
0.043159911531505474,102.56829652748137,163.23725271269888,51.251529533008465,22.19962373114411,,Ambient RH high,1331,10.159375,0,No Defect
0.0414491243574412,101.69127995152908,183.27778717628584,42.61204839764084,23.485713326377567,,,1332,10.1625,0,No Defect
0.03839276308094597,97.82174513653085,188.74096816932743,41.23055477126218,23.52324295836845,,,1333,10.165625,0,No Defect
0.04041896071786343,100.61344544645857,187.3842372319442,43.426773952385766,22.983227832512753,,,1334,10.16875,0,No Defect
0.04135133818047798,102.45315689924482,184.79185202421843,37.955521512992085,24.74953546103022,,,1335,10.171875,0,No Defect
0.03945165232581642,100.86334917113263,213.27546651366333,40.79202270477967,22.159028986207794,,,1336,10.175,0,No Defect
0.040249254901614295,100.63659505490553,183.3226812212818,36.73457587100559,25.191887948795024,,,1337,10.178125,0,No Defect
0.0408229493001268,100.9651079416023,179.93367996841855,42.55404684354951,23.701495501519126,,,1338,10.18125,0,No Defect
0.03812235159607224,100.48329322642532,238.7031529136195,37.405089156638155,21.583079108588823,,,1339,10.184375,0,No Defect
0.04207168268724321,102.93729324423991,168.06917804553598,34.3510976430685,26.839968118163526,,Ambient temperature high,1340,10.1875,0,No Defect
0.03797710169577043,98.49544839447675,208.20445128944664,40.63787873998044,22.504879958728015,,,1341,10.190625,0,No Defect
0.04186548875661623,104.78574180222662,219.91385781747823,43.06826398340411,21.112129872032114,,,1342,10.19375,0,No Defect
0.04080151990861572,103.22485793951185,211.9094725777181,40.03485106419984,22.477597626825062,,,1343,10.196875,0,No Defect
0.040988406788607344,103.46034395529196,213.7219331143632,36.36456929006518,23.450231753485042,,,1344,10.2,0,No Defect
0.04208225310705926,102.0810175856472,168.66195634515327,42.474406135514805,24.436901887974628,,,1345,10.203125,0,No Defect
0.04292464617686493,102.82264199764373,163.23907938763787,45.15401654732988,23.994255086796983,,,1346,10.20625,0,No Defect
0.04088649976197839,102.99729131414087,209.6449965605915,43.389046502615514,21.63942589538939,,,1347,10.209375,0,No Defect
0.03702472078384033,97.56366395896595,205.8903420539884,31.210855098640486,25.405009327246333,,,1348,10.2125,0,No Defect
0.03839602238789741,98.20068778500254,198.50221419070004,41.614465000381095,22.831102948155788,,,1349,10.215625,0,No Defect
0.04155535307555728,101.60367677262215,173.11724617120865,43.332023044119545,23.91092546989046,,,1350,10.21875,0,No Defect
0.03585189648150622,97.35333589936232,240.47698449157164,38.42295691188894,21.16388815603996,Paste volume per aperture low,,1351,10.221875,0,Open Circuit
0.041425786133935195,102.21738619226225,187.61553205588854,44.958814988556114,22.54480012947689,,,1352,10.225,0,No Defect
0.040719409237347216,104.55268741364931,233.9186401436913,38.14039460151621,21.690493986993005,,,1353,10.228125,0,No Defect
0.039944259291279885,101.03348639013502,187.33632922357447,31.801952649120388,26.39916308191932,,Ambient temperature high,1354,10.23125,0,No Defect
0.041429832409679665,103.61211058871552,206.55524469673873,41.31103497191763,22.45298637535814,,,1355,10.234375,0,No Defect
0.04209053858473409,103.144873468619,184.7138474128691,42.16392339620215,23.552517331813565,,,1356,10.2375,0,No Defect
0.039267402298908585,101.58479064130987,215.75306612136055,31.9791051378214,24.602043262973833,,,1357,10.240625,0,No Defect
0.039845993660262174,100.29552128112455,198.65782341669814,42.94477620140339,22.45428323344302,,,1358,10.24375,0,No Defect
0.04243369909670719,105.48250010522506,218.4158177180883,43.160898627368354,21.200276077305617,aperture overfill,Stencil thickness high,1359,10.246875,0,Solder Bridging
0.03834947147843858,98.20652850375797,182.0039589288069,35.40433349613865,25.661443829692516,,,1360,10.25,0,No Defect
0.03977991990152942,99.63107270125435,189.91574579101814,43.72854881939209,22.763685053560653,,,1361,10.253125,0,No Defect
0.04076819061787204,99.9349639811164,163.77738512329893,39.50909593548195,25.611449492305233,,,1362,10.25625,0,No Defect
0.04031051858209559,98.78379882686775,153.9166014930574,40.92005927875291,25.796823847901656,,,1363,10.259375,0,No Defect
0.04346478053221796,106.89338274955229,200.76697205251992,37.216253005056956,24.02928706136534,aperture overfill,Stencil thickness high,1364,10.2625,0,Solder Bridging
0.038960795660920235,98.04487837155914,181.43502639003685,42.42889798832403,23.660255491920864,,,1365,10.265625,0,No Defect
0.04076932865903337,100.82389905214616,173.8590108812278,39.445460582245715,25.010549464031115,,,1366,10.26875,0,No Defect
0.037953443013363904,100.19923578139341,220.8944791631078,29.33934532221255,25.055696859353738,,Ambient RH low,1367,10.271875,0,No Defect
0.038893406128210954,99.18920360333662,209.94793886843863,44.82792398507615,21.2152988250472,,,1368,10.275,0,No Defect
0.04076030145690263,101.91211041806042,198.81286312672634,45.043253377922916,21.84337674242132,,,1369,10.278125,0,No Defect
0.038051239558850036,98.09783501681933,201.62854164286705,37.811793274236535,23.770860850335005,,,1370,10.28125,0,No Defect
0.04294561306369723,104.17226070218015,178.60252236984388,41.27918629511246,24.20852606419235,,,1371,10.284375,0,No Defect
0.03856361611833267,102.00317761802562,255.29914408411182,39.78958102852904,19.903188162111555,poor paste transfer,Paste viscosity high; Ambient temperature low,1372,10.2875,0,Open Circuit
0.04179264275288549,104.2491632184826,200.76656186105316,36.14686354947346,24.339795128641168,,,1373,10.290625,0,No Defect
0.040711493056487004,102.6087067451999,198.04055805243303,34.48904212247654,24.983107055568148,,,1374,10.29375,0,No Defect
0.03843670340761863,100.18298794137661,216.9958145311285,34.28792382599587,23.861698616251026,,,1375,10.296875,0,No Defect
0.04032523500154272,101.29298285054607,192.26711222922302,38.06050796889298,24.293056849492498,,,1376,10.3,0,No Defect
0.03858268706122168,97.68127358968667,195.84231177154436,46.87555227193914,21.48890052174964,,,1377,10.303125,0,No Defect
0.041758169388990234,107.38719975804761,241.19951929831478,29.718294939711342,23.738798267505764,aperture overfill,Stencil thickness high; Ambient RH low,1378,10.30625,0,Solder Bridging
0.03906287358146595,99.14621584705712,187.45433326429958,37.36818421308001,24.782932939445008,,,1379,10.309375,0,No Defect
0.04164679723504543,102.74001471744506,191.12935399248542,42.40924707898989,23.108730872924244,,,1380,10.3125,0,No Defect
0.04050016440581803,100.00190267543891,173.50933640893996,41.440767988412965,24.4649069161153,,,1381,10.315625,0,No Defect
0.03633032529106657,99.09994170361315,247.087923635565,31.802970399538992,22.728172362126653,,,1382,10.31875,0,No Defect
0.037763240561371196,97.36292822002443,213.5217238429667,50.067478358727485,19.46676872772405,,Ambient RH high; Ambient temperature low,1383,10.321875,0,No Defect
0.04044765307652179,100.64260659279766,188.17178520013135,42.56167223611361,23.240688191293838,,,1384,10.325,0,No Defect
0.03770139731434286,98.74734403023587,210.76656850732726,33.9078223785942,24.3583829433229,,,1385,10.328125,0,No Defect
0.038639239564645926,100.76988750840354,226.836650378569,37.03348918697519,22.46874754647743,,,1386,10.33125,0,No Defect
0.040835930056599905,103.7393061202188,216.32669182476187,35.336492695505974,23.62822998080227,,,1387,10.334375,0,No Defect
0.039253867116990505,101.52814092386922,230.64838966897477,41.74582968029269,20.864111334053984,,,1388,10.3375,0,No Defect
0.04188393143913476,100.49768687340794,158.9186654263564,49.06613894886946,23.151985482288154,,,1389,10.340625,0,No Defect
0.03768245171166351,100.22489121870353,229.10781035157456,29.226410809241884,24.606181547650163,,Ambient RH low,1390,10.34375,0,No Defect
0.03694874486929446,98.08541633029462,235.86046999215793,44.95220084258334,19.589124404734896,,Ambient temperature low,1391,10.346875,0,No Defect
0.04194226123792299,103.25569333908511,192.48729087884436,42.66182500223269,22.965852917125346,,,1392,10.35,0,No Defect
0.040934845132155555,101.18988603247683,182.2687877606853,42.21924860806033,23.714071289805194,,,1393,10.353125,0,No Defect
0.038145833541261706,99.0887155239675,224.89462486597523,45.19444828463418,20.207089436266763,,,1394,10.35625,0,No Defect
0.040042494682420514,101.46997134045152,211.5134351765886,44.08853310448045,21.36582715631036,,,1395,10.359375,0,No Defect
0.037712032324271595,100.42952806467507,238.64650968360615,32.472039820069334,23.080022559411923,,,1396,10.3625,0,No Defect
0.03903465075498484,98.21150661151312,195.48919132810087,48.77229654840713,20.97919191404757,,,1397,10.365625,0,No Defect
0.04102285097512363,103.28429390986732,215.05417000995072,42.79186836752505,21.53911134589672,,,1398,10.36875,0,No Defect
0.03948191559915187,101.49074163113694,214.20835191187015,35.86378918878317,23.60445609843209,,,1399,10.371875,0,No Defect
0.0413656847159675,100.0491357997253,162.77572415749077,47.94136267507235,23.250282541649582,,,1400,10.375,0,No Defect
0.04135132946550344,104.45249480679846,226.45623783983947,43.05383976661599,20.768283772578847,,,1401,10.378125,0,No Defect
0.04050680003362566,101.5508668841033,202.1195834072112,43.973356205811484,21.988251227206966,,,1402,10.38125,0,No Defect
0.04070411569772638,101.65939772928623,188.79494067079182,39.83831899153689,24.0137383532573,,,1403,10.384375,0,No Defect
0.04356335037184233,102.44099816630793,141.00781654843945,46.493405699815234,25.028942987131078,aperture overfill,Paste viscosity low,1404,10.3875,0,Solder Bridging
0.04069480333866593,102.0992981558798,193.2665341737695,35.21877119763172,25.095544727246647,,,1405,10.390625,0,No Defect
0.03762738907209525,97.93277084566083,211.64999899283083,39.05983192753642,22.822943708954224,,,1406,10.39375,0,No Defect
0.04212881166020688,101.0748705956418,150.4845648841905,40.878820525341155,26.083515709280825,,Ambient temperature high,1407,10.396875,0,No Defect
0.04133299148510162,101.78915920045768,185.47821260637534,42.122463359941655,23.567052841428076,,,1408,10.4,0,No Defect
0.039034489822395026,100.04668873762961,206.93778701660807,37.106369678708006,23.6970499165353,,,1409,10.403125,0,No Defect
0.041683300083372454,103.19845100558341,200.78282806560745,44.39371113033727,21.96584426481525,,,1410,10.40625,0,No Defect
0.03699792268776314,97.64034484786791,217.75504044578585,39.58412877160781,22.288496931794477,,,1411,10.409375,0,No Defect
0.042671695280403266,104.44379966078532,185.94899928276328,39.44649333665905,24.3300646071047,,,1412,10.4125,0,No Defect
0.038366512002778255,98.85780800066892,204.30449711031252,40.45145069198552,22.874033922991845,,,1413,10.415625,0,No Defect
0.04209729887195312,101.8653311049045,159.18928337481802,42.00916693872405,25.218224365398694,,,1414,10.41875,0,No Defect
0.042182004034890884,104.21674656621865,210.31705014753035,47.23311331854626,20.5606615401974,,,1415,10.421875,0,No Defect
0.040596457221056495,103.20876124583909,212.58869301568944,34.36582310142249,24.16833748286415,,,1416,10.425,0,No Defect
0.03633946616343664,97.5098061890973,218.46267996138164,29.9656309503777,25.05777969996754,,Ambient RH low,1417,10.428125,0,No Defect
0.03917056130028649,102.34756341687248,226.8017296183054,31.807791300430253,24.02951656302748,,,1418,10.43125,0,No Defect
0.03701527648434923,101.54126474263819,269.90929125217787,28.50589648984967,22.337988338948787,poor paste transfer,Paste viscosity high; Ambient RH low,1419,10.434375,0,Open Circuit
0.03961731919724201,100.43723443728796,201.28071385103766,39.85524690528358,23.25489469375853,,,1420,10.4375,0,No Defect
0.03932578935865216,97.78583542026608,170.09169586787692,40.944705190046,24.853365336364313,,,1421,10.440625,0,No Defect
0.038296687765761984,99.4947865458824,223.85259942718824,40.50908753925478,21.672578310091826,,,1422,10.44375,0,No Defect
0.03924619873630114,102.51796449324108,234.32496166950236,32.578894786429956,23.353316231473713,,,1423,10.446875,0,No Defect
0.039242024095298145,99.12656941235005,187.9600050478602,39.8208787396624,24.082286178707328,,,1424,10.45,0,No Defect
0.036636010880973305,97.64895335356206,229.6811780271598,38.30296730555309,21.946040128069846,,,1425,10.453125,0,No Defect
0.03987069000310599,100.61052929009436,201.37927928677394,42.226310234926224,22.56375295514671,,,1426,10.45625,0,No Defect
0.040897737415013964,101.02552393291016,177.95347012277844,40.20664230351547,24.600728043573234,,,1427,10.459375,0,No Defect
0.03439763578504643,95.89490227239051,249.5153063245234,30.8588818190877,22.891866500475494,Paste volume per aperture low,,1428,10.4625,0,Open Circuit
0.04082748289349006,102.57467346847707,187.77943971582212,33.06356575504588,26.079998720488863,,Ambient temperature high,1429,10.465625,0,No Defect
0.041194158039093286,103.13795074885708,198.62272591342384,37.581514514675,24.10176056025315,,,1430,10.46875,0,No Defect
0.036397221217573036,98.89877386786183,243.01434568631768,29.656941250956166,23.65839044571811,,Ambient RH low,1431,10.471875,0,No Defect
0.04047350560177568,101.37383483987479,198.79286829791852,40.731885790273424,23.1726711581325,,,1432,10.475,0,No Defect
0.039798244474665304,103.2496433484474,234.25180665510717,35.862917338345895,22.408919813127707,,,1433,10.478125,0,No Defect
0.039158764953925784,99.81052920058946,200.97268097789882,39.9048197842372,23.26727875796204,,,1434,10.48125,0,No Defect
0.04062559853387188,103.14719397728068,210.23179992701031,34.2668379689142,24.360127980981765,,,1435,10.484375,0,No Defect
0.04054691840363657,101.04988100122642,194.0447664791903,42.616455899789536,22.917339854277028,,,1436,10.4875,0,No Defect
0.04119466272633541,99.46949726771105,167.67793627585723,52.656547367770145,21.608549602219533,,Ambient RH high,1437,10.490625,0,No Defect
0.04027497519481488,101.28837170374922,198.0061096943981,41.15024636238799,23.097607207228087,,,1438,10.49375,0,No Defect
0.04051810072618149,102.07436501164835,203.37021861846432,41.21720752823889,22.750130949815926,,,1439,10.496875,0,No Defect
0.04024289834503062,101.29572414178118,204.3251163545085,41.54709181893764,22.60020796427162,,,1440,10.5,0,No Defect
0.040272764729007635,101.60685385466871,212.07834081034787,42.553513148204416,21.833121935623517,,,1441,10.503125,0,No Defect
0.04411768089607659,104.58935376963127,154.2686683434067,41.189112064931095,25.806714154400336,Paste volume per aperture high,,1442,10.50625,0,Solder Bridging
0.040980605084446044,101.17374702100305,191.76360715467519,45.95715158165245,22.092849014702757,,,1443,10.509375,0,No Defect
0.04192491878093737,99.91999283190471,144.13019255562028,51.05012899443371,23.526372738241875,aperture overfill,Paste viscosity low; Ambient RH high,1444,10.5125,0,Solder Bridging
0.038050631264920504,98.94000729679927,213.40672725363993,38.01440952991971,23.059347495268316,,,1445,10.515625,0,No Defect
0.03819265766403086,101.3584433758021,244.89345282899933,35.26712967963723,21.930814674386355,,,1446,10.51875,0,No Defect
0.04223742460595293,102.86284996910396,180.2761569965861,42.87627928288886,23.710184106158746,,,1447,10.521875,0,No Defect
0.04119700627233632,101.57844763148393,177.87551543675505,39.13924072776243,24.940209730061834,,,1448,10.525,0,No Defect
0.038905904592223164,99.71271524988946,206.28818243044054,36.853688012580136,23.850348825225264,,,1449,10.528125,0,No Defect
0.04058489340158104,100.58181372901912,189.1147645006952,46.86029346241674,21.99043110750338,,,1450,10.53125,0,No Defect
0.04316515758191555,104.01367618453261,178.6195223683508,44.9935290171,23.204247786817312,,,1451,10.534375,0,No Defect
0.04345016509131768,104.42162327106382,176.52103792182328,46.5852305626108,22.867027533502057,,,1452,10.5375,0,No Defect
0.03885792346565106,100.95536743643369,224.50845740627398,36.94419886093001,22.70495328733235,,,1453,10.540625,0,No Defect
0.03701242591980921,98.27719774763149,232.31657270625007,38.52102052911499,21.752986079557186,,,1454,10.54375,0,No Defect
0.03877566730622117,98.35416500999268,190.26007515540664,41.03640611553623,23.612970144257584,,,1455,10.546875,0,No Defect
0.03865209501796312,101.39178212991075,246.41274881675724,40.86217771036002,20.21963043758184,,,1456,10.55,0,No Defect
0.03816241809183148,100.51915565570036,239.28331611012197,39.373543949598194,21.08635657123635,,,1457,10.553125,0,No Defect
0.03486162852923053,94.97788543658557,223.66650545717616,32.88004024473123,23.918527123887497,Paste volume per aperture low; poor paste transfer,Stencil thickness low,1458,10.55625,0,Open Circuit
0.03927129031487221,99.14629957089223,184.45276599467113,37.268568092383084,25.078245442428017,,,1459,10.559375,0,No Defect
0.03885026876552464,99.12869740627569,196.80190295097543,39.067562469276986,23.790836771879924,,,1460,10.5625,0,No Defect
0.03470438117751802,96.98888468064872,266.87059662696026,34.55983282859987,20.780129876187825,Paste volume per aperture low; poor paste transfer,Paste viscosity high,1461,10.565625,0,Open Circuit
0.039216867228052725,99.17873863898576,193.98277074634046,39.42699022417575,23.869052837562762,,,1462,10.56875,0,No Defect
0.04267714980645534,102.41205538225138,171.0877599843507,49.51488580187722,22.35191640518757,,,1463,10.571875,0,No Defect
0.041105038023597766,101.89750419849995,186.76811288261194,40.45330270902268,24.023827259991823,,,1464,10.575,0,No Defect
0.04123072554253183,103.7135755923992,213.9700628830396,37.949159229928036,23.09212647320913,,,1465,10.578125,0,No Defect
0.04511889008130846,107.00716204119217,188.6894822380755,52.62058097818725,20.385734065489622,Paste volume per aperture high; aperture overfill,Stencil thickness high; Ambient RH high,1466,10.58125,0,Solder Bridging
0.04052424203892594,101.42005558187203,184.67743891657943,35.4761820797828,25.603596822661395,,,1467,10.584375,0,No Defect
0.0389570367618288,100.43793002598463,220.38910267153187,39.26448796357691,22.298115444897256,,,1468,10.5875,0,No Defect
0.03822953059594318,98.09912509630715,190.9572376801684,35.19542470233304,25.28613463992226,,,1469,10.590625,0,No Defect
0.03840769645957979,99.51439301865567,211.1590716952734,37.79065508833377,23.28704319932477,,,1470,10.59375,0,No Defect
0.04150289045821048,102.84201902420392,192.61025987547487,38.78147026986379,24.166744822044162,,,1471,10.596875,0,No Defect
0.03867868881764177,100.48457693093475,228.2083356450986,39.35577772081927,21.792648495527384,,,1472,10.6,0,No Defect
0.04132920799828426,104.52225972001993,217.49712010686193,34.121222040392254,24.001352678697483,,,1473,10.603125,0,No Defect
0.04036326223885397,101.3765523468626,195.85400371673012,36.8082767480679,24.539196320279,,,1474,10.60625,0,No Defect
0.04343052965522425,104.97169338319488,186.0098068112394,45.140904998300336,22.73037737096842,,,1475,10.609375,0,No Defect
0.04162046121354594,103.07151325942839,192.79032478980244,38.90829908082326,24.123452260116117,,,1476,10.6125,0,No Defect
0.04054637035496767,101.06839072949798,192.24221728799498,42.88296889719831,22.98637810187328,,,1477,10.615625,0,No Defect
0.04223118538817437,103.26600636028155,176.44861626459715,37.944932363796596,25.41266857477643,,,1478,10.61875,0,No Defect
0.03680701863949741,99.55354741474939,249.46642021739098,33.770855997764755,22.108501805889816,,,1479,10.621875,0,No Defect
0.038903982702435336,100.5856414458279,217.71594637774265,36.76186530346814,23.20186034534649,,,1480,10.625,0,No Defect
0.04289700976628957,103.33699832207176,175.80732375238753,44.064443981461466,23.67753856100808,,,1481,10.628125,0,No Defect
0.04183012734963427,102.88685354915809,186.48677356471262,41.58073766200278,23.73457547169205,,,1482,10.63125,0,No Defect
0.036933174783148,98.88432182685794,231.3281350068432,31.8205125125055,23.79602344689557,,,1483,10.634375,0,No Defect
0.039255019343308155,100.17009404926301,198.4511593566997,37.009733773695885,24.314836929015463,,,1484,10.6375,0,No Defect
0.04093882087421004,101.4398511492518,179.9331416723852,38.60221654141894,25.00212382113299,,,1485,10.640625,0,No Defect
0.04006907487235439,99.13867618768418,177.26028564417777,44.008567962244115,23.58465400262636,,,1486,10.64375,0,No Defect
0.040511270776057984,100.42857043584914,182.17156283616183,40.576628704393855,24.29103313282868,,,1487,10.646875,0,No Defect
0.04306974223472059,107.63760576128317,226.54623271708985,37.47997200794825,22.48919315902966,aperture overfill,Stencil thickness high,1488,10.65,0,Solder Bridging
0.04261372935863295,104.54976849591262,190.93660182221205,40.936560876049064,23.660581052402964,,,1489,10.653125,0,No Defect
0.039203349622829516,100.74707112483166,207.83512022425276,35.9126273731563,24.064784817830667,,,1490,10.65625,0,No Defect
0.038173623251768395,97.90920925644586,202.46212607744732,41.84577817466177,22.65908055785792,,,1491,10.659375,0,No Defect
0.03894653128629799,99.82636130094023,200.11367141144893,33.993785926482246,25.10340453977348,,,1492,10.6625,0,No Defect
0.03850320510978015,99.00251221250188,203.35630451361888,37.55685634708863,23.86018221715513,,,1493,10.665625,0,No Defect
0.04164911988929021,102.1686438419797,174.5238171350093,40.41510512965607,24.816369326108994,,,1494,10.66875,0,No Defect
0.04300957584331879,100.99623567303803,138.90890478643553,51.96174510948473,23.640717423916286,aperture overfill,Paste viscosity low; Ambient RH high,1495,10.671875,0,Solder Bridging
0.039607795755755876,100.91127403022391,204.7229287560019,36.757423373826015,24.021086682513143,,,1496,10.675,0,No Defect
0.03890871728616401,101.42968585733827,232.73482509204635,37.32260445495237,22.13206788274818,,,1497,10.678125,0,No Defect
0.039540201757373536,99.44579845905974,186.12167097355868,39.660767896114464,24.31511899617786,,,1498,10.68125,0,No Defect
0.039129888175745135,99.37157414649712,210.58614405137112,43.44663467598274,21.713744988353813,,,1499,10.684375,0,No Defect
0.04300152625206845,104.0734696653833,184.110365309905,45.4126264425257,22.788846799718222,,,1500,10.6875,0,No Defect
0.03610060048869785,97.28336591607214,228.30285382717716,31.852278583159553,23.984428931789832,,,1501,10.690625,0,No Defect
0.04303486478308475,107.08457540875752,220.76396692272078,37.32507899260754,22.904867623734166,aperture overfill,Stencil thickness high,1502,10.69375,0,Solder Bridging
0.04081493924407936,104.052890265267,223.72014318854963,32.77846411164067,24.038375605064033,,,1503,10.696875,0,No Defect
0.041713921157399365,100.55400917480503,160.203783893209,47.03298479575531,23.7748013355623,,,1504,10.7,0,No Defect
0.038624599750610715,100.86059008204944,225.80060463808428,32.89421895124087,23.859264503878013,,,1505,10.703125,0,No Defect
0.042193015325165534,103.90566208471023,194.83213714065906,40.605392071001056,23.53483706371789,,,1506,10.70625,0,No Defect
0.03812895439268918,98.47431013566526,193.4654346870859,31.776581084159353,26.164884173750703,,Ambient temperature high,1507,10.709375,0,No Defect
0.04106077392169844,101.91511788759821,196.18279834721505,45.27261176333547,22.078300017011294,,,1508,10.7125,0,No Defect
0.04081836514950891,101.7394914646113,187.97642282720176,38.81104304635419,24.468122058644184,,,1509,10.715625,0,No Defect
0.04059503039489238,104.00211174199275,219.86586154320102,29.801290645333527,25.14566603969402,,Ambient RH low,1510,10.71875,0,No Defect
0.04045968410342704,103.07830660660939,219.57156524024728,36.072959495207336,23.33225720601781,,,1511,10.721875,0,No Defect
0.037334178755230714,96.76548904203658,206.2631397319557,43.87839336410325,21.842077254875782,,,1512,10.725,0,No Defect
0.03700650290189564,97.44222314496017,208.75410770543235,35.29866618471324,24.191226818180333,,,1513,10.728125,0,No Defect
0.03811154199510768,99.05259322700846,210.8478366676298,37.65742038655849,23.38334035638352,,,1514,10.73125,0,No Defect
0.037566300365577336,95.65795906189302,180.28011013348507,42.0417537149676,23.979824032486803,,,1515,10.734375,0,No Defect
0.04206844021690054,103.838148393967,195.94792729189322,42.12875905714906,23.025795251687093,,,1516,10.7375,0,No Defect
0.038568793837956326,98.11177832060051,197.5550186452072,43.994895569730446,22.357782975254704,,,1517,10.740625,0,No Defect
0.038527673108515376,100.21952451623761,217.17536519594697,34.413199306195025,23.95295276036451,,,1518,10.74375,0,No Defect
0.038850600659683404,97.69504631320127,174.4886160220489,40.76276256509736,24.718656687225963,,,1519,10.746875,0,No Defect
0.039775841555991745,100.007549862371,195.7199429149552,41.504856628067145,23.212486614334438,,,1520,10.75,0,No Defect
0.038728117471143575,98.45219573590093,189.86891404780351,38.52037791252366,24.43393694777944,,,1521,10.753125,0,No Defect
0.04040953195356572,96.48987098632571,126.95846120293145,47.00488349167644,25.830333026513017,aperture overfill,Paste viscosity low,1522,10.75625,0,Solder Bridging
0.038121534541725434,99.22806355186532,226.28217922939047,40.42727534732126,21.643164972154505,,,1523,10.759375,0,No Defect
0.038604596029216856,98.83896642050642,196.70365966012426,36.45629512319287,24.619833618051956,,,1524,10.7625,0,No Defect
0.04146877532925595,103.79767448100556,211.34057800862044,38.38848200785849,23.183946639431394,,,1525,10.765625,0,No Defect
0.04186616328920825,101.64232405273918,176.8191078689636,47.99866981611744,22.494833917850787,,,1526,10.76875,0,No Defect
0.03927334346049742,98.73085554285376,183.92800188283013,42.61652572073627,23.608309329671354,,,1527,10.771875,0,No Defect
0.03640244171077373,97.40932069309734,226.03127655514714,34.44477999431951,23.39254882886064,,,1528,10.775,0,No Defect
0.03903890747862124,97.48272459312479,186.87986852930487,48.685225084886355,21.661551519280046,,,1529,10.778125,0,No Defect
0.0419197175129883,102.30424235229577,178.32984409585785,43.50372726612794,23.71881889548772,,,1530,10.78125,0,No Defect
0.039420006591676104,102.29009705905003,217.9840475402727,29.946510738292886,25.224185882187527,,Ambient RH low,1531,10.784375,0,No Defect
0.0423868130017673,103.45655139814642,180.3156157044133,41.057928098450766,24.3160629743627,,,1532,10.7875,0,No Defect
0.041116456505105745,100.65651123466255,170.44145427609038,42.41919996956809,24.516685035475255,,,1533,10.790625,0,No Defect
0.041304044052466085,99.55731745141317,156.71721960023123,47.26992404097538,23.945655245935832,,,1534,10.79375,0,No Defect
0.03870858111411868,99.31162251097767,183.77307979239703,27.457194440454735,28.05049982755901,,Ambient RH low; Ambient temperature high,1535,10.796875,0,No Defect
0.04092667818363926,100.75667255318534,177.48231952501536,44.27661426190146,23.54026923313166,,,1536,10.8,0,No Defect
0.041569334782738894,101.79710254230189,182.68494672693612,44.38122237240328,23.200854363441067,,,1537,10.803125,0,No Defect
0.04071257213734149,100.81300785072798,193.3069163311559,46.618309247020235,21.890281745816335,,,1538,10.80625,0,No Defect
0.04253174871996723,104.75617934722638,190.35094634446668,36.47183952222024,25.047242587341252,,,1539,10.809375,0,No Defect
0.04155123132818264,100.9757161011631,164.6164928173366,43.781918153255425,24.483694857722114,,,1540,10.8125,0,No Defect
0.03947873395299633,102.41278957051021,231.40152263548933,34.3802828885879,23.12014911055113,,,1541,10.815625,0,No Defect
0.04057870394300465,99.71482027361027,170.6197601832978,43.708591249421055,24.132501898703023,,,1542,10.81875,0,No Defect
0.04116107683535228,101.1040512258527,185.9156108545453,46.30657195317409,22.443065968137866,,,1543,10.821875,0,No Defect
0.03970076576828003,102.45231411480161,228.61189936701942,36.49719048525382,22.67610214372397,,,1544,10.825,0,No Defect
0.037510422088004564,96.70705114431819,186.20437538102834,36.104735872215635,25.374254741993646,,,1545,10.828125,0,No Defect
0.04268330553525262,103.87271134864575,181.5189704217286,41.15190764953552,24.231484886229513,,,1546,10.83125,0,No Defect
0.037092279424091046,101.50243485815264,272.9182779337349,31.63677284626293,21.358747022080006,poor paste transfer,Paste viscosity high,1547,10.834375,0,Open Circuit
0.04123388963360829,101.92083806056206,184.30733422579397,40.5476179360728,24.225682664487206,,,1548,10.8375,0,No Defect
0.03859134546126974,101.31384005874709,237.44859105683932,36.54685474309677,22.113597375824984,,,1549,10.840625,0,No Defect
0.04003807156960675,101.32076995698584,210.29029243073253,40.80559472327955,22.55211542387332,,,1550,10.84375,0,No Defect
0.040218368623861626,99.83866764638131,195.80234241029777,47.98589624494206,21.348810427047848,,,1551,10.846875,0,No Defect
0.042285854874465394,104.08314421821079,188.96269198722933,38.35651147317468,24.591701351433752,,,1552,10.85,0,No Defect
0.039947362989759004,104.20551072771025,235.5410495916986,28.931350060249937,24.467998066161325,,Ambient RH low,1553,10.853125,0,No Defect
0.041550328413666855,102.14848807246103,182.89390379151126,41.90320020505039,23.92499592707262,,,1554,10.85625,0,No Defect
0.041047891487299044,103.2694494119452,204.11753577182992,35.172459472668166,24.586365838921203,,,1555,10.859375,0,No Defect
0.03932842799892601,101.51731832371296,223.62276269907278,40.0706753797696,21.940801912260543,,,1556,10.8625,0,No Defect
0.040103823023146634,101.10511770711585,197.15249224921945,37.85842844250277,24.22341477457094,,,1557,10.865625,0,No Defect
0.04019823096877072,100.02444853962656,178.8213637792676,38.93745297132605,25.03535437786221,,,1558,10.86875,0,No Defect
0.042076023762306,101.1866956979224,158.72848323180213,44.95251982492058,24.526485969219504,,,1559,10.871875,0,No Defect
0.03855010944559189,98.52337183085027,194.07253190762378,37.961465142811974,24.371945651687007,,,1560,10.875,0,No Defect
0.03903418218150555,100.45224087157935,225.46236633280512,44.95212191465727,20.40753729150594,,,1561,10.878125,0,No Defect
0.04100371069092995,101.62924322958258,190.23629649932383,41.56699807473706,23.57758430239778,,,1562,10.88125,0,No Defect
0.040263345256244004,100.364996931225,182.28470368577098,38.54899219645973,24.941314328674,,,1563,10.884375,0,No Defect
0.04104184372218534,103.01162640047126,204.11016543617515,37.82732179935413,23.818704500586716,,,1564,10.8875,0,No Defect
0.0420273374637024,102.8053422510652,182.2811052729256,41.97056843025946,23.9571760925034,,,1565,10.890625,0,No Defect
0.03966325194397591,101.48980568071664,219.61849068579036,39.327857611230954,22.421607237314408,,,1566,10.89375,0,No Defect
0.038565672742484416,100.33810697435634,222.75019998505786,36.041179942969165,23.181016452711543,,,1567,10.896875,0,No Defect
0.039890607711877954,100.15896722085145,196.99644306815017,42.53355416609408,22.877290126519533,,,1568,10.9,0,No Defect
0.04254846358567035,102.2358848349197,165.46813443872742,44.55702870352127,24.243125246145524,,,1569,10.903125,0,No Defect
0.04348285346857241,103.93117635699966,170.4846949045538,46.38973524166457,23.40603750489083,,,1570,10.90625,0,No Defect
0.03851271904369674,97.78942776225466,184.5328473064885,35.387540897596374,25.72501811709009,,,1571,10.909375,0,No Defect
0.0435728915332717,104.61372188713057,166.87024028755891,38.58091940750682,25.9123172309324,,,1572,10.9125,0,No Defect
0.038230098853441835,100.20175936621963,233.52258333065134,36.89209267620846,22.27665147320029,,,1573,10.915625,0,No Defect
0.04265560918790974,105.98512789212214,231.11252189976568,45.62769520139064,19.91025809156691,aperture overfill,Stencil thickness high; Ambient temperature low,1574,10.91875,0,Solder Bridging
0.03938392327874961,99.45746920498603,196.2369747516136,41.12298221175857,23.33821105439879,,,1575,10.921875,0,No Defect
0.03770396906435678,98.23888546626867,221.07320515933827,41.85053656849599,21.58877884116977,,,1576,10.925,0,No Defect
0.040826624737551886,103.19891954802766,204.16577684489144,33.64299782530388,25.045778890067336,,,1577,10.928125,0,No Defect
0.04028983590220377,102.5169411699905,209.11525135085367,32.81960175888054,24.98290131470249,,,1578,10.93125,0,No Defect
0.039044839248350345,101.62452514062414,229.908315898325,33.57908093772539,23.477608555594212,,,1579,10.934375,0,No Defect
0.03741213882725385,96.78666312313936,202.13489252610793,39.774675820619,23.36009300937257,,,1580,10.9375,0,No Defect
0.0398762993638438,100.82920965772408,200.72576641385197,39.72340198979495,23.477463050423754,,,1581,10.940625,0,No Defect
0.040582765283923176,102.15991564156138,204.23633978228756,39.209038462419095,23.419345347830827,,,1582,10.94375,0,No Defect
0.0400038814953922,100.48478934796277,192.31357908150216,38.515770474442654,24.352127717798435,,,1583,10.946875,0,No Defect
0.042279557398771955,104.64557963924297,195.65245268515253,37.293551296293565,24.518489430345014,,,1584,10.95,0,No Defect
0.04104486434554688,100.6993034350545,177.01781623173505,44.28169881996461,23.61497487755452,,,1585,10.953125,0,No Defect
0.04105796861277193,103.65082906377108,214.63517714023348,38.821568428645854,22.900027839783288,,,1586,10.95625,0,No Defect
0.041477695686167076,99.41739155308682,164.67192842084614,56.36685672047092,20.847098920511414,,Ambient RH high,1587,10.959375,0,No Defect
0.03656991465720426,97.78197056225522,222.0893857173833,31.63210313056233,24.50943888867392,,,1588,10.9625,0,No Defect
0.03836260271821972,100.66016822034997,237.08579252367727,38.88628281661927,21.486167649982885,,,1589,10.965625,0,No Defect
0.03753795681194049,99.64817711756506,234.16191352837816,32.29469189438599,23.589370961416964,,,1590,10.96875,0,No Defect
0.043651532393994406,104.42847557847371,184.9943764671416,50.76817918322475,21.258993230604847,,Ambient RH high,1591,10.971875,0,No Defect
0.03890343373259191,101.8716879974744,232.31082779286922,33.11656466808185,23.47066249721255,,,1592,10.975,0,No Defect
0.03919938123575328,101.37463455724188,221.85314267806538,34.84931152927523,23.612219615674316,,,1593,10.978125,0,No Defect
0.042778378140172414,104.44818147892049,186.32197562704633,38.869829838607046,24.647634353429265,,,1594,10.98125,0,No Defect
0.040558198685049805,100.09725728782364,182.84052924422966,45.424351197181956,22.92971563024423,,,1595,10.984375,0,No Defect
0.03838430361460612,98.55461615759047,202.88057038188867,41.51366329685772,22.82134457217707,,,1596,10.9875,0,No Defect
0.038537632278658376,99.6528851082862,212.76572630298077,37.13423081734999,23.499130868943713,,,1597,10.990625,0,No Defect
0.042103233810981175,102.8965971517999,193.78560601869825,48.406516706166485,21.400957843739672,,,1598,10.99375,0,No Defect
0.04384363658352578,105.09390822103117,171.56399525737987,42.89351670975747,24.386097808122148,aperture overfill,Stencil thickness high,1599,10.996875,0,Solder Bridging
0.039942558641371674,100.10930863017335,190.49987218693255,41.554995300730916,23.587315817743253,,,1600,11.0,0,No Defect
0.04099225755298482,101.94779713665748,203.5313452649852,44.97520042496283,21.801383284219707,,,1601,11.003125,0,No Defect
0.039498967861450456,100.88394558238417,210.67784430890933,37.931385955765755,23.407417336457105,,,1602,11.00625,0,No Defect
0.04233912568764869,102.20304058502312,164.84921983674195,44.7717846082597,24.240052617229527,,,1603,11.009375,0,No Defect
0.03585153437382524,95.93581885658581,210.21863383334272,30.25471364092951,25.651040732308896,Paste volume per aperture low,,1604,11.0125,0,Open Circuit
0.03976173188115983,99.09100294565366,182.05601467252214,40.90981043986826,24.30192132781884,,,1605,11.015625,0,No Defect
0.039278329616543754,102.05748254194438,240.6121657856001,40.52525760241177,20.814020974655723,,,1606,11.01875,0,No Defect
0.04345320322847997,102.24275757648144,137.8945180154946,43.50241762667794,26.281341987563074,aperture overfill,Paste viscosity low; Ambient temperature high,1607,11.021875,0,Solder Bridging
0.03964806876902837,100.22589665607077,190.5398866102662,36.86600193477207,24.957554733204777,,,1608,11.025,0,No Defect
0.04137245086105044,101.36667781067723,174.1875810661856,39.48079746367831,25.21716707080758,,,1609,11.028125,0,No Defect
0.0381208306043292,97.399921019819,190.84890681945149,39.06786588247084,24.288804477548453,,,1610,11.03125,0,No Defect
0.04081129439555318,101.72830801705521,193.48454858841166,40.052076880076655,23.860626875911638,,,1611,11.034375,0,No Defect
0.04018311276007496,101.19285044893776,191.9999825884268,36.482511476386705,24.987534644182773,,,1612,11.0375,0,No Defect
0.040157077248736586,102.48906740022188,225.0311744011979,40.01712070278073,21.932793402360925,,,1613,11.040625,0,No Defect
0.04164802230823247,103.33941176432899,195.61685599460654,37.30667451034275,24.5427530635729,,,1614,11.04375,0,No Defect
0.0402679099956161,100.97043095381824,203.52547359204297,44.35043086419158,21.988813918946178,,,1615,11.046875,0,No Defect
0.038787063472060304,101.08259537139155,225.95138121430662,35.06926068941402,23.310470334979755,,,1616,11.05,0,No Defect
0.04040897451029503,98.62731701940581,160.30415603544475,45.25484240433482,24.378411378864836,,,1617,11.053125,0,No Defect
0.03817295737401428,100.08578398260313,228.0719413019669,34.90840793734347,23.227146821544878,,,1618,11.05625,0,No Defect
0.04458599995000268,106.89668446841871,192.83142760817518,46.164032573489536,22.153065134854376,Paste volume per aperture high; aperture overfill,Stencil thickness high,1619,11.059375,0,Solder Bridging
0.035832456534012735,95.75392786646441,216.57026910796014,33.429448832128244,24.35056446900063,Paste volume per aperture low,,1620,11.0625,0,Open Circuit
0.036554700090314876,97.31113296002081,230.40956618213755,40.03564885750705,21.573072845830517,,,1621,11.065625,0,No Defect
0.03832434964922855,96.60765640742278,167.79729994909033,36.29442473948005,26.525925022769663,,Ambient temperature high,1622,11.06875,0,No Defect
0.039722146934498645,99.2019980031903,186.3267678086435,43.02963294278082,23.433073764444778,,,1623,11.071875,0,No Defect
0.041983255651743275,101.24461701361491,166.80660431250342,46.470751846191604,23.644285580233532,,,1624,11.075,0,No Defect
0.041539740189106604,103.48793146131084,198.01048421695992,36.40390352859664,24.666538639991675,,,1625,11.078125,0,No Defect
0.03952515508568583,101.08950929049011,215.6268151872271,40.99285164898312,22.22662244961322,,,1626,11.08125,0,No Defect
0.039787045164701336,99.4011729877735,189.33245785199588,41.98538564885129,23.5607005659614,,,1627,11.084375,0,No Defect
0.038904146891736796,98.74524272329296,186.4295206041851,35.76023357764945,25.546898081962336,,,1628,11.0875,0,No Defect
0.039956188928080075,101.57335600017382,221.65239398384693,43.660182194001955,21.088156278223913,,,1629,11.090625,0,No Defect
0.04081269909879013,100.8990735798409,181.1607999071557,38.97911299226167,24.949902018233885,,,1630,11.09375,0,No Defect
0.03932861967227219,100.36268495414971,201.89238640681802,36.19021882286554,24.476799737639396,,,1631,11.096875,0,No Defect
0.03975352380004722,101.69453723488995,222.2008740802559,39.82902107792762,22.174383204240936,,,1632,11.1,0,No Defect
0.04520544231595851,108.27638929124079,195.87131784616543,42.60537056829205,23.02497954032988,Paste volume per aperture high; aperture overfill,Stencil thickness high,1633,11.103125,0,Solder Bridging
0.039054820332160976,101.49811227140039,231.0226574830435,35.571394530753444,22.873966409716857,,,1634,11.10625,0,No Defect
0.041950100103183625,104.83023750605588,222.8721891164858,43.56672066136787,21.060447871281614,,,1635,11.109375,0,No Defect
0.03436198421546244,95.54358967730784,247.82821090861677,33.12265346464065,22.52002585952131,Paste volume per aperture low,,1636,11.1125,0,Open Circuit
0.03769321144180372,99.21231769296085,231.14877211711274,38.71432110650367,21.937053262258797,,,1637,11.115625,0,No Defect
0.041050636490312736,101.30495554025921,184.40153101201835,42.114478847108984,23.84081265547745,,,1638,11.11875,0,No Defect
0.04173621560913789,103.36457890149306,211.02774006937875,49.145948133431546,20.156647032421386,,,1639,11.121875,0,No Defect
0.033326844891722385,95.73162548841538,268.880667531502,26.829697497199184,23.06295301874977,Paste volume per aperture low; poor paste transfer,Paste viscosity high; Ambient RH low,1640,11.125,0,Open Circuit
0.039223146750657766,100.80967724308186,207.03824032346495,31.602965939648474,25.511289657199093,,,1641,11.128125,0,No Defect
0.041083496312404925,102.70662933043009,198.2587521633163,36.03856987488936,24.77051958813315,,,1642,11.13125,0,No Defect
0.040417214436382805,103.14113575456678,210.38602868780066,30.24744057307109,25.71081230788082,,,1643,11.134375,0,No Defect
0.03712622842388779,99.17375761119663,242.1068960383153,36.49526307065419,21.914558137798984,,,1644,11.1375,0,No Defect
0.03916561740660359,99.38484018999485,212.1637800808199,46.45454656577823,20.86283149040767,,,1645,11.140625,0,No Defect
0.04001109951418368,98.38154863309714,154.75246670448308,37.91164714018345,26.886048708898755,,Ambient temperature high,1646,11.14375,0,No Defect
0.04137108802936597,103.34530425979402,199.65245249810096,38.13742962855753,24.072778426342126,,,1647,11.146875,0,No Defect
0.04037016881114618,101.13737074740352,195.94812330070434,41.50401697777816,23.310803078662264,,,1648,11.15,0,No Defect
0.037652610433081796,98.45954346726715,215.62531159836678,40.14012171999314,22.476374143418578,,,1649,11.153125,0,No Defect
0.03928802752396098,98.6889957865068,175.1827605693342,35.04357141084284,26.468746363682055,,Ambient temperature high,1650,11.15625,0,No Defect
0.04248257508714989,104.72373118949551,202.40967512992214,40.198163819375836,23.318920377310366,,,1651,11.159375,0,No Defect
0.03909792480493829,102.11818803201434,235.91705606897182,33.92639211836409,23.067696114828923,,,1652,11.1625,0,No Defect
0.03966007710936351,101.5282696134294,210.71799989647232,33.38117642472456,24.77927825831421,,,1653,11.165625,0,No Defect
0.03743162695482229,99.58860389681726,234.75898452645072,32.372723518115514,23.58129224040377,,,1654,11.16875,0,No Defect
0.04065754178400316,104.64227441338302,243.1781380683561,35.75923054540455,22.1041242931093,,,1655,11.171875,0,No Defect
0.039449194304011274,102.01692186434144,233.34684799688756,34.801603168970445,22.982706733455025,,,1656,11.175,0,No Defect
0.04164258401473557,102.61264858463927,183.9453068712156,37.612414583923325,25.205163559557445,,,1657,11.178125,0,No Defect
0.03984629095636984,103.50341642311017,245.06407477583332,39.18788011395018,20.976488028578885,,,1658,11.18125,0,No Defect
0.04178711092047266,105.13379956525037,223.5927137803663,37.8486386827141,22.706232175846463,aperture overfill,Stencil thickness high,1659,11.184375,0,Solder Bridging
0.04252868710324158,102.6713755584163,167.98744881033454,42.040134900709226,24.899251789912267,,,1660,11.1875,0,No Defect
0.041388132265453216,100.29805222904534,176.21358321444876,50.175053321989786,22.013764108633385,,Ambient RH high,1661,11.190625,0,No Defect
0.03842999912885571,102.72048558560196,260.88484743872743,31.06343970304831,22.376715675215888,poor paste transfer,Paste viscosity high,1662,11.19375,0,Open Circuit
0.04133776991179801,101.85961208585015,191.7679833793683,43.517185690557525,23.00478813575802,,,1663,11.196875,0,No Defect
0.036503598676574205,95.54345304783737,214.24903732291065,46.875424096614196,20.602131186244673,,,1664,11.2,0,No Defect
0.04289236272096056,103.44790921071821,173.82240921657808,42.96557267391338,24.278452469522705,,,1665,11.203125,0,No Defect
0.039625705662728876,101.8827706517843,223.89392455928734,37.953043979325905,22.643669313791815,,,1666,11.20625,0,No Defect
0.04067517763648978,100.17235521989798,169.46481381566286,39.34599674758612,25.58596068368761,,,1667,11.209375,0,No Defect
0.04015200128157248,100.89384392729866,214.50090681218646,46.39662964235538,20.765827417472345,,,1668,11.2125,0,No Defect
0.04057810823423155,100.8485662481055,190.95023346920985,43.24963545199068,23.12858014240681,,,1669,11.215625,0,No Defect
0.0373784585153437,97.41391468076482,212.64861762903027,40.70866255873574,22.514249850584036,,,1670,11.21875,0,No Defect
0.041662270890958836,102.34768118848027,180.9471659188132,38.650732382526186,25.097467826645964,,,1671,11.221875,0,No Defect
0.041139658116295504,102.2338936809763,187.75188331676603,36.1160900176159,25.416284504398202,,,1672,11.225,0,No Defect
0.04061165184386344,102.111923224016,207.7552626549811,42.30566237071793,22.3744761680811,,,1673,11.228125,0,No Defect
0.039328584499445915,98.89111958786377,190.48309923545705,39.45122849552005,24.267159773838817,,,1674,11.23125,0,No Defect
0.039641979506533274,98.61786859939775,172.94754322146514,41.26462369265998,24.8090493109209,,,1675,11.234375,0,No Defect
0.04017704204364003,101.33244797649438,204.6292910690094,41.16572213657659,22.898813408089314,,,1676,11.2375,0,No Defect
0.03746370708380519,100.3469298719369,250.16287681335604,33.41765607777879,22.351092486560773,poor paste transfer,Paste viscosity high,1677,11.240625,0,Open Circuit
0.04068861980770905,101.28928925525219,202.43980322085403,45.3869845046502,21.81040256991367,,,1678,11.24375,0,No Defect
0.04155807239774164,103.51804171209544,205.56373606524105,40.67559372838168,22.99935299133884,,,1679,11.246875,0,No Defect
0.04040676523439129,102.67911718683527,221.30228924843507,39.149454520663554,22.473114695566558,,,1680,11.25,0,No Defect
0.035886769997473866,99.31767343493864,256.70743413817644,24.29723048586125,24.602585568030978,Paste volume per aperture low; poor paste transfer,Paste viscosity high; Ambient RH low,1681,11.253125,0,Open Circuit
0.03974522387433866,101.80905929334308,213.12858830545235,34.27063101848005,24.39384329380168,,,1682,11.25625,0,No Defect
0.040513343329639906,101.17796674962023,195.55299314290224,40.36428329106262,23.70199688169356,,,1683,11.259375,0,No Defect
0.04049965758464287,102.47958364311299,209.15716226988513,35.31225154969742,24.343680457850436,,,1684,11.2625,0,No Defect
0.03994346546953272,101.77493877788133,209.4696115637151,32.97832284247008,25.00427261217255,,,1685,11.265625,0,No Defect
0.03866707089946809,99.31139700250215,204.7576338202146,37.68275052548179,23.904794304410036,,,1686,11.26875,0,No Defect
0.04026172265335672,101.21310842155565,202.00100450448855,40.44518912760826,23.282875454552155,,,1687,11.271875,0,No Defect
0.038616104559386605,101.1878863996361,233.6482391758378,32.610597957095266,23.61935117650477,,,1688,11.275,0,No Defect
0.03851952845055598,100.13237980118892,236.53285489037324,42.35603842795267,20.596631055154784,,,1689,11.278125,0,No Defect
0.03694662162424815,98.28322483443706,225.60677784627927,32.03559537872622,24.267066654365184,,,1690,11.28125,0,No Defect
0.041273442098845904,103.3297677771971,208.26353532088274,37.8844229293995,23.65949132265988,,,1691,11.284375,0,No Defect
0.03869479990734637,96.61483242986365,174.6082828399345,44.14769614722133,23.876300116967034,,,1692,11.2875,0,No Defect
0.03933708123249826,100.86560146025559,224.28597969684404,40.494516477395976,21.901862681979168,,,1693,11.290625,0,No Defect
0.03986838411771078,102.614574911081,224.01664092141866,33.234158453814544,24.041201306102636,,,1694,11.29375,0,No Defect
0.038996017033333406,99.93401211487769,200.7054772010203,36.45577671495092,24.517843397359353,,,1695,11.296875,0,No Defect
0.03944037048071814,100.1358419725352,215.45201590007477,43.63655621143371,21.53004849175776,,,1696,11.3,0,No Defect
0.04131696950841348,102.59758521868136,191.3225462533666,38.117163858786995,24.63237977013838,,,1697,11.303125,0,No Defect
0.042203123763777155,101.67079386011127,165.5495001373069,43.93966456306498,24.524135552839255,,,1698,11.30625,0,No Defect
0.04128938917257061,102.7226937339043,207.14351005211168,41.587043875217965,22.65609186236691,,,1699,11.309375,0,No Defect
0.04435776653654109,104.50073167487568,170.80105940274152,51.39111681150857,22.045137923486735,Paste volume per aperture high,Ambient RH high,1700,11.3125,0,Solder Bridging
0.03946840870426295,101.56979317285945,217.31115366768927,33.49409923808284,24.378993618908705,,,1701,11.315625,0,No Defect
0.04000532250898941,101.5005759178798,211.7238615178715,39.79324150503161,22.885570902310732,,,1702,11.31875,0,No Defect
0.0404030532582413,99.9239207942491,188.5651125377496,45.94208241594427,22.51779374960096,,,1703,11.321875,0,No Defect
0.039593683752601146,100.58792207896647,203.5760884599101,36.33785888174646,24.395710029093806,,,1704,11.325,0,No Defect
0.038164458156107355,98.47196198699774,209.4721664029829,40.62071208027798,22.768576967634775,,,1705,11.328125,0,No Defect
0.038465991824120555,97.31230615527676,189.14092863330862,45.06830879948962,22.719687361577794,,,1706,11.33125,0,No Defect
0.04123479715210157,102.79546000312129,212.3849348259561,45.236137287643004,21.27041414286487,,,1707,11.334375,0,No Defect
0.03944205560302898,98.3914881564643,176.0083505347536,40.79902610029497,24.78396274820587,,,1708,11.3375,0,No Defect
0.04335041916845857,104.181185978569,183.3828130769415,46.54889455678335,22.68631927640408,,,1709,11.340625,0,No Defect
0.037688436193642955,97.44553214056377,207.64257716129148,40.91904727521736,22.796210482017305,,,1710,11.34375,0,No Defect
0.04031525783224923,100.57929704136549,204.65767227352825,47.59791276395919,21.05178964336743,,,1711,11.346875,0,No Defect
0.03930217054089812,100.95179815909344,223.4949789592788,40.44302409073461,21.976845552284594,,,1712,11.35,0,No Defect
0.04003174679114718,102.35998511249369,224.6860489417416,38.99999577253687,22.331047915097383,,,1713,11.353125,0,No Defect
0.03874690120746171,100.00569659590153,219.24573863574918,40.22612741208763,22.29554851072169,,,1714,11.35625,0,No Defect
0.040705856192416574,101.44751301622792,188.86814168937968,35.102024859771504,25.678981014871813,,,1715,11.359375,0,No Defect
0.04030254910500285,100.2152949225377,176.84019572172238,37.80012290563353,25.619935922503945,,,1716,11.3625,0,No Defect
0.04096858092974594,104.11977533511278,212.30790593667984,29.041809089647963,26.01024154619217,,Ambient RH low; Ambient temperature high,1717,11.365625,0,No Defect
0.042530401958956444,101.11159899343991,163.99297718488654,52.984711749777276,21.99619197150445,,Ambient RH high,1718,11.36875,0,No Defect
0.03965551155062663,99.80321807480934,201.3824768360512,42.61541027008301,22.71029473102467,,,1719,11.371875,0,No Defect
0.03933178680946519,99.05341529412648,207.57260932592183,49.47535734681606,20.32297938727521,,,1720,11.375,0,No Defect
0.04197895298134011,100.83832778069078,170.81604302510348,48.131196470829636,22.998548270633027,,,1721,11.378125,0,No Defect
0.039201599018716955,100.67537085304461,217.62851268799022,38.08152896448773,23.033843450994468,,,1722,11.38125,0,No Defect
0.03829890923149108,97.05883447944377,190.96306547487666,44.94455114780882,22.65764609548828,,,1723,11.384375,0,No Defect
0.038625910885496086,100.2430877432461,220.8372819426972,37.25639608718362,23.071650358187128,,,1724,11.3875,0,No Defect
0.04036735981730674,100.635646216686,197.1693678702738,44.93330138521516,22.29844519499889,,,1725,11.390625,0,No Defect
0.03769053896322501,98.02549116386746,221.71519293049727,44.08141744210266,21.019837398468955,,,1726,11.39375,0,No Defect
0.037968901230064606,100.34303391946783,230.7974430006407,31.66724308131773,24.090848050604365,,,1727,11.396875,0,No Defect
0.042812551573132324,102.5148477668886,172.22684134837442,48.758795545724,22.73457576724363,,,1728,11.4,0,No Defect
0.03657301141359744,94.40718846314999,185.7351822255927,41.452965928274935,23.98936626074798,poor paste transfer,Stencil thickness low,1729,11.403125,0,Open Circuit
0.03810641849347521,99.54697320644082,227.67009327103693,37.982704958070414,22.44417812882766,,,1730,11.40625,0,No Defect
0.0379576915496147,98.20007540806212,219.3260418435642,43.67048983713953,21.294845985931637,,,1731,11.409375,0,No Defect
0.04401076902661879,102.88820130262913,149.9550680911279,52.41464036633802,23.04266171687853,Paste volume per aperture high; aperture overfill,Paste viscosity low; Ambient RH high,1732,11.4125,0,Solder Bridging
0.041495169296299386,100.91730524462537,167.16926628098835,42.57111240424972,24.843762309088266,,,1733,11.415625,0,No Defect
0.041949662438897424,104.70093396825267,212.49800834466186,39.36640103826135,23.001484231121957,,,1734,11.41875,0,No Defect
0.04156902155224109,102.54178066759428,194.54628124034394,43.05761330832327,23.024648724663322,,,1735,11.421875,0,No Defect
0.0380447972381061,98.8810149183846,206.17615112267535,33.47596714694752,25.079798951108433,,,1736,11.425,0,No Defect
0.04056905286873906,99.80637652615063,184.46334203169027,50.067510440163204,21.586716146484754,,Ambient RH high,1737,11.428125,0,No Defect
0.040887982182824925,101.85079319589043,200.113750934507,41.92437225491215,23.012091506243493,,,1738,11.43125,0,No Defect
0.041575328813357494,105.33500863293494,220.77701671241223,31.419461205276594,24.817218026802465,aperture overfill,Stencil thickness high,1739,11.434375,0,Solder Bridging
0.042769033849990576,102.69897465819703,159.82275462777497,41.007236122619325,25.765766232832245,,,1740,11.4375,0,No Defect
0.04115420617006043,102.11820955798011,197.40824595520112,43.66882120930997,22.669652563908457,,,1741,11.440625,0,No Defect
0.039805462579438664,99.910973265305,186.2945147129867,37.0428274374514,25.279454091442393,,,1742,11.44375,0,No Defect
0.04098549999424011,102.52138361216873,204.80482087219139,40.50908214847686,23.140557292638174,,,1743,11.446875,0,No Defect
0.03946166460599595,100.40690828093427,209.16139945654717,40.1230056989121,22.975115418115312,,,1744,11.45,0,No Defect
0.03934354156493206,104.1586114168906,266.17308225303645,34.40180837207675,21.14791406539122,poor paste transfer,Paste viscosity high,1745,11.453125,0,Open Circuit
0.03921518802458546,99.73742552020542,205.43258108820672,38.11033892651039,23.796018883109316,,,1746,11.45625,0,No Defect
0.038892260482224765,99.85477188298309,210.54393938218763,39.27082157676723,23.134070329339202,,,1747,11.459375,0,No Defect
0.03869317305261393,101.36841966412894,237.45863119081224,36.09791570261684,22.40998413953921,,,1748,11.4625,0,No Defect
0.03879325510539348,99.35404486877127,205.68983128938234,35.77326664671112,24.461484819733613,,,1749,11.465625,0,No Defect
0.041532445267021816,102.92645457955338,201.75920766538223,41.73758499182296,22.98055348993293,,,1750,11.46875,0,No Defect
0.042207636276871865,102.24589856244181,176.37121661321203,44.80842084910361,23.646234672351135,,,1751,11.471875,0,No Defect
0.041689592733819524,100.68574082618532,157.0942606606406,42.314311009255185,25.552214336764415,,,1752,11.475,0,No Defect
0.039208312584523106,101.22047932624716,225.02772720350907,37.144568916375576,22.876756666521054,,,1753,11.478125,0,No Defect
0.03934756704787489,102.08037053376101,227.69819635854526,33.669866068274956,23.727638495806545,,,1754,11.48125,0,No Defect
0.03760444837599912,97.84180946237518,219.0990043796424,43.01701675948808,21.512385758136393,,,1755,11.484375,0,No Defect
0.038722175055917574,100.6539196094372,233.792630492568,38.305778863601894,22.00145922025438,,,1756,11.4875,0,No Defect
0.040391792476303,101.8957883543845,206.28045169621097,38.73236609134983,23.57411959920999,,,1757,11.490625,0,No Defect
0.03632188029004389,96.4518763182507,220.71824409604713,36.852636136925234,23.20776949049611,,,1758,11.49375,0,No Defect
0.03684201328860756,96.85320759400643,220.3448567634496,41.987629081816586,21.73311891096078,,,1759,11.496875,0,No Defect
0.038580875761819344,97.75573752478833,193.46550491406384,43.618852116154514,22.92169001071636,,,1760,11.5,0,No Defect
0.036496908190710255,96.04599168037281,211.01994036967707,38.80728652384286,23.23390950602939,,,1761,11.503125,0,No Defect
0.04025090241147397,101.36077279010806,204.4536915994741,40.501051234485004,23.17249917573052,,,1762,11.50625,0,No Defect
0.04011433854210002,100.44139435192677,194.91027389947425,41.63336110681615,23.427453590958603,,,1763,11.509375,0,No Defect
0.04066237735622844,103.09099327127664,220.28020782043674,37.32770610494616,23.135972903178864,,,1764,11.5125,0,No Defect
0.037623749825653065,96.8888230656037,200.98013049561527,41.74414111574999,23.004359878176125,,,1765,11.515625,0,No Defect
0.039334159557323174,99.2180506127878,191.35495080073895,40.466734635860476,23.980965339060425,,,1766,11.51875,0,No Defect
0.03996674049297352,99.92795957370802,182.31187394382596,38.989059129252944,24.9716032751831,,,1767,11.521875,0,No Defect
0.03877087935517139,100.3833583155412,221.5300602473286,36.23802397029455,23.364399891056422,,,1768,11.525,0,No Defect
0.03871030047610843,98.93409512216165,204.44016279119745,39.21647422938018,23.54396967899859,,,1769,11.528125,0,No Defect
0.043250896654441554,102.93627497265396,151.8790940572896,38.171491046585544,27.113290689560294,,Ambient temperature high,1770,11.53125,0,No Defect
0.038846547437909454,99.78841713256863,213.1953289820219,36.68039063531242,23.75239672888935,,,1771,11.534375,0,No Defect
0.040514721321625466,101.36053066133579,195.86984688324588,36.98095992519106,24.741487275676242,,,1772,11.5375,0,No Defect
0.042212234807518755,103.24255430433935,182.95272924804738,39.25754140188905,24.879523679606233,,,1773,11.540625,0,No Defect
0.04184012764574222,102.61370355141688,176.63228172372823,36.168858177126076,26.167314176711304,,Ambient temperature high,1774,11.54375,0,No Defect
0.039420725054636466,99.72741858840305,191.96727381589133,37.05363983375284,24.94788132330997,,,1775,11.546875,0,No Defect
0.03624926076851979,96.43179049430341,227.85486502880514,39.26383051868645,22.0792771354634,,,1776,11.55,0,No Defect
0.040746110673994015,101.85270201538819,199.5368099698214,39.49676384318565,23.784029955750555,,,1777,11.553125,0,No Defect
0.03947425811038433,100.83115379939132,207.55246070958702,33.967161977582315,24.899379454204613,,,1778,11.55625,0,No Defect
0.043558039006155964,104.91181225315992,184.33170284568902,42.26462753361081,23.934948373823055,,,1779,11.559375,0,No Defect
0.03979724563067013,100.73889050099915,199.2819068418454,36.48120580733861,24.673958880645138,,,1780,11.5625,0,No Defect
0.03866836051895722,100.28811125828962,213.51064744525036,32.687143807177755,24.899467797589367,,,1781,11.565625,0,No Defect
0.038470021972828394,98.06022358367484,195.73727645909383,40.06054193488513,23.83717352126147,,,1782,11.56875,0,No Defect
0.04075410198008227,103.71407016529409,222.22322321155488,32.766689186610776,24.365340758800475,,,1783,11.571875,0,No Defect
0.04292781541613754,104.09777477419033,178.08532557560287,38.83855440459915,25.31452224540239,,,1784,11.575,0,No Defect
0.04111812863293026,100.0116637805696,165.8983164685925,42.610263740097366,24.949428731845785,,,1785,11.578125,0,No Defect
0.03936281618110115,100.25040427631419,208.0663576714414,37.73487172575666,23.7728408557287,,,1786,11.58125,0,No Defect
0.039915181137687474,99.28081652091846,197.04848654374817,49.73548492703776,20.947453214709192,,,1787,11.584375,0,No Defect
0.042461487406762415,105.51920285742126,212.9440910260581,38.00163682104194,23.418854847377418,aperture overfill,Stencil thickness high,1788,11.5875,0,Solder Bridging
0.039743985342368456,100.13823361368529,199.56818800306357,41.174660433711395,23.292145524379194,,,1789,11.590625,0,No Defect
0.04041333559549529,99.4860679182277,169.7633900049071,40.09066847059939,25.444733764687378,,,1790,11.59375,0,No Defect
0.04182762818698345,100.96131727758382,163.5010846054795,45.06786957887692,24.384521013235908,,,1791,11.596875,0,No Defect
0.040800808153578796,101.26963976124173,193.074109013725,41.749449505711404,23.53460224158484,,,1792,11.6,0,No Defect
0.037312659182604624,97.48985801358666,215.73728825984637,39.462239580200176,22.78327410249206,,,1793,11.603125,0,No Defect
0.03931988467033368,101.90049432803107,227.13476236811033,35.05151884997635,23.38653921505205,,,1794,11.60625,0,No Defect
0.03841120718034734,99.46108099803558,217.09836460838366,38.03329526821519,23.126880681951583,,,1795,11.609375,0,No Defect
0.03946560182576283,101.90028808920958,227.5445306882031,36.58438730076745,22.9177597229152,,,1796,11.6125,0,No Defect
0.04289885352010785,102.65920592300775,162.35859172847043,44.92660411642674,24.50735482366259,,,1797,11.615625,0,No Defect
0.04278477362639533,104.59353596044384,193.71104345446525,38.2020215780353,24.554870497898307,,,1798,11.61875,0,No Defect
0.040176766744453626,102.3450116366762,229.01896655472845,41.17035477542336,21.50011127096358,,,1799,11.621875,0,No Defect
0.04133127596229956,103.3757591752494,211.92201467213246,37.92914861058496,23.507698534635868,,,1800,11.625,0,No Defect
0.03798985970728364,98.36934437123767,217.66503843667,41.587661159112876,22.056330277399923,,,1801,11.628125,0,No Defect
0.04059441794890845,99.54197533664973,157.09412592260412,36.58571261981988,27.253279130660715,,Ambient temperature high,1802,11.63125,0,No Defect
0.0383007829686759,96.7232528314044,178.3551134960807,40.02217125080686,24.929400161004775,,,1803,11.634375,0,No Defect
0.04032808899564903,103.06713837736332,219.45855696652865,34.18224785896044,24.12733989944794,,,1804,11.6375,0,No Defect
0.04120824889167758,101.27764188352816,189.78962469610545,46.03342085638462,22.496936075754892,,,1805,11.640625,0,No Defect
0.03997908641811842,100.30509751529375,198.95520098466787,40.66046133217982,23.49745060990265,,,1806,11.64375,0,No Defect
0.0406875640982197,101.36815683894622,203.69216757543327,45.64708777869447,21.753141166114723,,,1807,11.646875,0,No Defect
0.040376890742369435,101.39948013091289,204.84676875351454,38.709170799415816,23.711770461410325,,,1808,11.65,0,No Defect
0.037418091870452225,99.7233266747382,241.65112686422063,33.441268779721376,22.96530677726456,,,1809,11.653125,0,No Defect
0.040734556137203046,99.89632840108328,174.13228725843817,43.09597794458641,24.315916697565218,,,1810,11.65625,0,No Defect
0.03879939173226036,99.19445417341744,205.1310362879909,37.02927751993982,24.17339930151204,,,1811,11.659375,0,No Defect
0.039822410549916115,100.50474105654055,204.4741289372915,39.97532357267213,23.361010145774976,,,1812,11.6625,0,No Defect
0.039361541316843246,98.823982488728,192.56873617368885,45.076876772331666,22.593792011846695,,,1813,11.665625,0,No Defect
0.04160534934029086,101.55671162497535,168.84623710839963,40.086400160802995,25.524076612405985,,,1814,11.66875,0,No Defect
0.04268342799436364,102.87472866393094,166.6870227337322,39.11302590902367,25.955944995336683,,,1815,11.671875,0,No Defect
0.03981323468658777,102.53855968733595,228.81986194754955,35.615120772852514,23.140662471545014,,,1816,11.675,0,No Defect
0.039297150692751595,102.58278045324238,253.44957086576943,39.8385944970956,20.394835022511216,poor paste transfer,Paste viscosity high,1817,11.678125,0,Open Circuit
0.04121271705843475,101.3865508865541,177.5822791893464,40.28387507836332,24.930782376087095,,,1818,11.68125,0,No Defect
0.04027048376898676,99.24914427212029,168.12992646808436,39.96570312189738,25.5993421080013,,,1819,11.684375,0,No Defect
0.039406731718871095,101.36679201149511,227.00523474333937,40.56189858908933,21.805073865101257,,,1820,11.6875,0,No Defect
0.03940308152744669,101.01902085042164,220.6425573769264,40.55711768375472,22.197024429717004,,,1821,11.690625,0,No Defect
0.04321444512100353,104.54227469285905,191.77100002136652,45.0050266956307,22.705021386074918,,,1822,11.69375,0,No Defect
0.04158441987430415,104.31230538357735,220.93459522352993,39.72843107238762,22.44360244122988,,,1823,11.696875,0,No Defect
0.036187457179140486,94.95515898315215,207.96313982008763,41.460677137515155,22.69095282013956,poor paste transfer,Stencil thickness low,1824,11.7,0,Open Circuit
0.040112025012905006,101.47868776877327,204.18774059867766,36.89261135739181,24.286600507139724,,,1825,11.703125,0,No Defect
0.04212292278904362,105.37070534646087,220.9291684258675,38.26832171689486,22.8756692725449,aperture overfill,Stencil thickness high,1826,11.70625,0,Solder Bridging
0.039075707823829055,99.44381305554742,210.0608672382225,41.896780866935444,22.461604362725257,,,1827,11.709375,0,No Defect
0.03999717932227648,100.38480709242585,198.43558245865876,40.73431047728676,23.521474468165582,,,1828,11.7125,0,No Defect
0.03703483916341898,97.33029840503644,215.07985578754048,35.27876684413653,24.07036689071114,,,1829,11.715625,0,No Defect
0.0411455688749551,102.06523140067087,201.571498227584,44.355383955401294,22.28045926972474,,,1830,11.71875,0,No Defect
0.039194946810209845,100.21967292816176,215.13191435384869,41.685489169830774,22.21124362472075,,,1831,11.721875,0,No Defect
0.03905820751596564,99.54068417331904,209.45823644945716,42.496006258906,22.323024421204536,,,1832,11.725,0,No Defect
0.03988889628451651,98.8666405211277,172.59124690692883,40.40740825831984,25.203055124526415,,,1833,11.728125,0,No Defect
0.0380890497516419,98.76139057412365,219.11833275957903,38.28962943424325,22.957184731448216,,,1834,11.73125,0,No Defect
0.03934335415813975,101.5974897793257,223.82382536802206,33.228955978595565,24.156142137953918,,,1835,11.734375,0,No Defect
0.039834507378747774,99.93920919074226,193.07594882161385,40.55711121018908,23.904429486170713,,,1836,11.7375,0,No Defect
0.03988500967734816,98.26505989508208,173.17847488971262,45.318180452081386,23.737198256870034,,,1837,11.740625,0,No Defect
0.038365799583458,96.61622520097609,184.30983859054265,45.07746985623978,23.112259263981684,,,1838,11.74375,0,No Defect
0.03733928367440567,99.95572533628315,255.90643157712162,34.401519538704946,21.836299948167643,poor paste transfer,Paste viscosity high,1839,11.746875,0,Open Circuit
0.04289455531550015,102.88019864956978,166.71564536307656,42.63144087692794,24.944350055110807,,,1840,11.75,0,No Defect
0.037034856837583105,99.01682652476924,229.5813914026372,28.75941616562219,25.09029696614934,,Ambient RH low,1841,11.753125,0,No Defect
0.037475859360461,96.87678134876333,210.2759425918614,43.83342962416378,21.87796017967979,,,1842,11.75625,0,No Defect
0.04209109052842205,104.27032905356174,207.10892952345492,38.980741676560534,23.52954664717013,,,1843,11.759375,0,No Defect
0.04049811695087831,100.85624280287688,198.7042942468998,42.044418613529295,23.140223825903185,,,1844,11.7625,0,No Defect
0.04031459195809577,100.27650139643292,185.0978492219304,37.62659682369618,25.264051510568997,,,1845,11.765625,0,No Defect
0.039908242214085544,101.36379756623398,212.6285824240362,38.27499393459175,23.379808655033102,,,1846,11.76875,0,No Defect
0.03771720505533212,99.01986951194681,216.39289693989406,30.068708232538704,25.529101778800193,,,1847,11.771875,0,No Defect
0.04136004490341226,101.87501676781504,188.48701522936562,40.32823195822911,24.27642126422189,,,1848,11.775,0,No Defect
0.038672092835955595,99.7730001414552,210.6769986230307,36.13904204069595,24.11168976367563,,,1849,11.778125,0,No Defect
0.03859720741882969,101.38573596309615,237.45912193619893,31.2777586848067,23.894285053837365,,,1850,11.78125,0,No Defect
0.039173142824655345,98.68069568838999,184.76753992011882,41.20948117943561,24.222778213863087,,,1851,11.784375,0,No Defect
0.03665083052032184,99.19881476125353,255.38727558385656,33.375021319545105,22.167027813592348,poor paste transfer,Paste viscosity high,1852,11.7875,0,Open Circuit
0.041171381786351394,101.44503488256102,174.92185022175565,38.26828169640111,25.704761442127356,,,1853,11.790625,0,No Defect
0.04260127135392984,104.86425483558521,196.68782322156488,37.84133081927047,24.508246606772236,,,1854,11.79375,0,No Defect
0.036753218421847214,96.7948421889992,219.50863227041384,38.117932669813506,22.985318508925435,,,1855,11.796875,0,No Defect
0.04198902233937382,102.72091290554411,181.64468534154753,40.24044075176327,24.727857313928634,,,1856,11.8,0,No Defect
0.035614133260232134,96.76758953631854,243.1043742960415,35.221839888043746,22.37454398025711,Paste volume per aperture low,,1857,11.803125,0,Open Circuit
0.038830495303696665,99.8619607430678,205.10167078740065,33.610398618769516,25.201199938166692,,,1858,11.80625,0,No Defect
0.03826963075871195,97.86960196856208,195.3145353278813,38.03862459907269,24.505771645458292,,,1859,11.809375,0,No Defect
0.04073268216587467,102.42768622741814,212.67454909924805,38.15627379028033,23.43146193955479,,,1860,11.8125,0,No Defect
0.04163037783031415,103.3023762226728,204.60110263102868,41.07207850285973,23.078702031869483,,,1861,11.815625,0,No Defect
0.04334559714665973,102.68875721735209,164.5798663759576,49.30208314011416,23.146190156281826,,,1862,11.81875,0,No Defect
0.03732748809580636,97.54416275011455,209.02950321311894,34.206109159928076,24.77978012859671,,,1863,11.821875,0,No Defect
0.039219206608435475,99.27593033096693,199.3438138337405,38.54540596168977,24.125716127220155,,,1864,11.825,0,No Defect
0.04062948316156601,100.174046022193,187.823578568237,46.238414642115416,22.594383546485126,,,1865,11.828125,0,No Defect
0.0424536392556806,102.63315764692575,172.460414335015,42.8321646320866,24.54462030118804,,,1866,11.83125,0,No Defect
0.039674173457030504,102.07406805718985,225.66222716654033,35.476731469823726,23.408955599490877,,,1867,11.834375,0,No Defect
0.03837444619535596,99.05916906955045,222.26407116478833,42.71700394931347,21.493332128625198,,,1868,11.8375,0,No Defect
0.0397186356332936,100.73251511297045,212.57768928293328,41.81580700277502,22.361489326487014,,,1869,11.840625,0,No Defect
0.040564897715324164,101.77211620593249,197.9736030211444,36.573203561617795,24.79592762574705,,,1870,11.84375,0,No Defect
0.040839278441845636,102.28094154275826,209.89885054921038,41.022190423085554,22.77006178455108,,,1871,11.846875,0,No Defect
0.042476705234104295,104.90016363729067,206.00600627929924,39.21649845887185,23.54835894856759,,,1872,11.85,0,No Defect
0.03738963154024037,97.547314530743,222.27160543579566,43.091140743289145,21.377835792130988,,,1873,11.853125,0,No Defect
0.03738088210397801,97.89418214132724,215.27516778673458,35.831503698378754,23.928066041526613,,,1874,11.85625,0,No Defect
0.038215943228053606,96.09827073677316,184.6462041643732,46.49640871798295,22.70272655948195,,,1875,11.859375,0,No Defect
0.039996107208949576,99.17863171968483,173.46345978818292,37.75146425352494,25.9574540280199,,,1876,11.8625,0,No Defect
0.04063764398942955,100.17364917437308,191.93604537994213,49.213745082970554,21.47972970994904,,,1877,11.865625,0,No Defect
0.03979187539610893,102.3421241055723,226.9006257794397,35.200130495982094,23.422025280785938,,,1878,11.86875,0,No Defect
0.04122069181060296,102.624425792566,199.06386388576965,37.66875923171982,24.422034441344913,,,1879,11.871875,0,No Defect
0.04124402219671177,101.30223556935454,173.8829216766432,37.376058330794194,26.05198893200897,,Ambient temperature high,1880,11.875,0,No Defect
0.043140189808307,102.14668053935694,152.53902818441333,44.81861780029712,25.204903340389755,,,1881,11.878125,0,No Defect
0.03993922570078775,99.3253309612809,187.92312598869543,43.453711306265845,23.4081848153494,,,1882,11.88125,0,No Defect
0.038447185398653765,101.28025535313509,244.64673969905442,35.115196726734524,22.35055224633335,,,1883,11.884375,0,No Defect
0.04050813905849466,101.44214152468037,202.89785830632695,40.86275092439215,23.250609720114184,,,1884,11.8875,0,No Defect
0.04004018575099871,99.33139549427096,178.69441442171748,38.35973327159957,25.467540519891624,,,1885,11.890625,0,No Defect
0.04150060257944994,100.9833481524406,172.3014610386597,42.192860717553586,24.749942835887957,,,1886,11.89375,0,No Defect
0.03753038540150261,98.24647295209873,220.00948066477372,37.612037754002955,23.126419007082298,,,1887,11.896875,0,No Defect
0.03694191975316011,97.18018508124807,212.69105459045116,34.41072866656046,24.50741715885653,,,1888,11.9,0,No Defect
0.03697459041933626,96.49529569102522,205.35910990363342,36.56607067939725,24.329978859820926,,,1889,11.903125,0,No Defect
0.039698151475435976,100.80398994225223,205.74587897566474,36.99179438320967,24.202936726687003,,,1890,11.90625,0,No Defect
0.03872629991944944,100.30869808010792,223.71076780115743,37.97951585119014,22.803735419107113,,,1891,11.909375,0,No Defect
0.04066310480207693,101.17111137704447,193.68049831952888,40.86024345347867,23.822707554164595,,,1892,11.9125,0,No Defect
0.03782661217046744,100.25884695401379,230.2074908781974,27.50957713010514,25.459492151522838,,Ambient RH low,1893,11.915625,0,No Defect
0.040717217197837746,103.33349357434834,210.88287452112442,30.577336420954172,25.772597589921837,,,1894,11.91875,0,No Defect
0.0400550005946762,100.96811188502235,214.1798389339509,44.28969109145056,21.56176015161876,,,1895,11.921875,0,No Defect
0.041015476983499013,101.00469573725684,175.97111339982064,38.33660779447236,25.650838050681067,,,1896,11.925,0,No Defect
0.042252773954840284,102.59716727909847,187.49209508577277,45.94517455997361,22.735634868213726,,,1897,11.928125,0,No Defect
0.04036412374764684,100.8610509645518,193.78687546402003,39.686006975914424,24.160040890552217,,,1898,11.93125,0,No Defect
0.03789641018286997,100.07419302845445,242.27161754525477,36.74027739028318,22.02780373009763,,,1899,11.934375,0,No Defect
0.03953427123792314,101.81478534376485,227.89999669122838,35.407945944773275,23.31443722928443,,,1900,11.9375,0,No Defect
0.041723158898022604,102.11771522980239,189.33109115888826,43.93474484059367,23.207784620202542,,,1901,11.940625,0,No Defect
0.03584115958790593,95.06401537869354,219.50381588818632,40.626607673365434,22.276091938279734,Paste volume per aperture low,,1902,11.94375,0,Open Circuit
0.03765751459640166,100.62143732270098,257.5914169720292,36.00194452116614,21.304929763268024,poor paste transfer,Paste viscosity high,1903,11.946875,0,Open Circuit
0.04179080699769144,104.92794650668465,227.2677227658091,42.36220585405381,21.33635694722689,,,1904,11.95,0,No Defect
0.0385748276475343,97.57320605613391,192.55219462290862,42.99231362145038,23.26132559389175,,,1905,11.953125,0,No Defect
0.041407556211385005,103.56401500438686,201.66096556426476,33.11977097346654,25.609396117206025,,,1906,11.95625,0,No Defect
0.03918645477862006,98.69275889925876,198.3694386158563,42.668553068746895,23.00861102978665,,,1907,11.959375,0,No Defect
0.04057161570328745,100.36934893458864,190.40280188112447,43.78390666274085,23.181665111202093,,,1908,11.9625,0,No Defect
0.03978128749456858,101.20341025685207,218.0769589227135,39.53589554544312,22.71869947596373,,,1909,11.965625,0,No Defect
0.04062746813641955,101.26662909944854,199.95927669984388,41.915267235805665,23.141851481061234,,,1910,11.96875,0,No Defect
0.04349336857682005,102.11460645945331,152.19364301151776,49.18214561033444,23.97470329086207,,,1911,11.971875,0,No Defect
0.039448458074926744,98.94334008279495,193.5389622151187,44.8086929758278,22.67910370942842,,,1912,11.975,0,No Defect
0.04017981392580413,99.43467538541631,184.45334709741627,46.83623338363492,22.649201701540008,,,1913,11.978125,0,No Defect
0.039346045869510515,99.15545592921202,192.0407725764094,35.98059871980479,25.35796713700167,,,1914,11.98125,0,No Defect
0.03852931785152779,96.9688376613353,187.39553022025115,43.464107780142015,23.44870864529688,,,1915,11.984375,0,No Defect
0.042550606227260736,101.25010222205022,146.4527157575797,42.160418341724814,26.36997302271827,aperture overfill,Paste viscosity low; Ambient temperature high,1916,11.9875,0,Solder Bridging
0.03726172278351225,98.33359054542652,231.4564841729908,35.211083320418986,23.148656147358263,,,1917,11.990625,0,No Defect
0.04152469434149855,101.6550548217091,190.70939483489153,47.607356596505724,22.056631357520313,,,1918,11.99375,0,No Defect
0.03921479395934698,98.48238499275716,188.56678937124022,42.17876832537847,23.756101681382564,,,1919,11.996875,0,No Defect
0.03617785207103149,98.37116787943893,252.4031703058023,32.618443889382554,22.609919551460965,poor paste transfer,Paste viscosity high,1920,12.0,0,Open Circuit
0.04265182779894891,99.52915065715307,133.28631704290967,49.736891832314434,24.97389715630506,aperture overfill,Paste viscosity low,1921,12.003125,0,Solder Bridging
0.04022250578745762,101.5863736838434,206.4373888832783,34.89804568929408,24.80081965168439,,,1922,12.00625,0,No Defect
0.04070763646630043,102.56593103652582,205.31104226089718,35.885619743457525,24.57930657928384,,,1923,12.009375,0,No Defect
0.04063041475793373,100.49715688756275,187.37830839104942,43.61246704417621,23.42411926623025,,,1924,12.0125,0,No Defect
0.038817429021000834,99.59082515996937,227.00438258755986,44.40331532226195,20.75311418526657,,,1925,12.015625,0,No Defect
0.04348632485745086,103.88866130283454,170.1018739288532,42.413720297534304,24.86139522181715,,,1926,12.01875,0,No Defect
0.03755327085042395,97.98444373374606,226.37751390973872,41.24457682997267,21.704097720513165,,,1927,12.021875,0,No Defect
0.037041179719583456,98.05934243788046,230.57887804328095,36.618647202623,22.791604523196597,,,1928,12.025,0,No Defect
0.03949080156493861,100.6739857070306,212.5105841300267,38.43545377933428,23.389069863010757,,,1929,12.028125,0,No Defect
0.04195399468234044,103.36386951597555,198.34783509148022,42.82358086037531,22.99431971268272,,,1930,12.03125,0,No Defect
0.04226974205081046,103.58717235879693,182.17988020839834,36.98603322076319,25.693512280273655,,,1931,12.034375,0,No Defect
0.03990963425294326,100.80211397258427,203.5110596165343,38.41181128582186,23.953311635908207,,,1932,12.0375,0,No Defect
0.042216361704955324,102.59163311289409,178.8913649457955,40.511449634544796,24.872199761319873,,,1933,12.040625,0,No Defect
0.040325438310847624,101.35570878064875,198.0475332161981,34.38158042589064,25.473615921908998,,,1934,12.04375,0,No Defect
0.04258226085177814,101.76432597981793,172.21009400963962,50.61554240600928,22.33399161220034,,Ambient RH high,1935,12.046875,0,No Defect
0.039308537323292196,98.0234880566516,186.92970291989653,44.82220268848538,23.099150806636477,,,1936,12.05,0,No Defect
0.041725272972319635,99.78785624048965,144.40024302576734,42.14021118172771,26.508611241175075,aperture overfill,Paste viscosity low; Ambient temperature high,1937,12.053125,0,Solder Bridging
0.04084310656805037,100.9687581158328,203.91721400963854,49.04523826392651,20.836738259881688,,,1938,12.05625,0,No Defect
0.038613788599719326,99.29497633957159,216.45012524174786,41.415324597315035,22.274572210551504,,,1939,12.059375,0,No Defect
0.03957213645373508,100.67335174709214,214.72168797834942,40.152278748347314,22.760315280901853,,,1940,12.0625,0,No Defect
0.03859295642616192,101.14389218805754,244.1947244562803,35.8335224997926,22.209170641721222,,,1941,12.065625,0,No Defect
0.038179072596835485,99.58084294531082,217.77939517460112,31.98368102252528,24.947965656509517,,,1942,12.06875,0,No Defect
0.039884916553353404,100.73819150406766,198.85709183403372,36.71187146573447,24.740472461418648,,,1943,12.071875,0,No Defect
0.03943538391416819,100.26031734797779,209.08971497179357,39.10109531578782,23.413821194538844,,,1944,12.075,0,No Defect
0.03947898901575146,99.99558745649774,195.49579368898725,34.73316302541633,25.524629353776398,,,1945,12.078125,0,No Defect
0.0377781345000141,99.80110151198001,244.99143479394436,36.90429451594249,21.84398409931839,,,1946,12.08125,0,No Defect
0.03975026629311205,100.80832439794439,206.19608993093357,38.25313950136011,23.840982476554835,,,1947,12.084375,0,No Defect
0.03858393048462044,97.5745878606695,181.17194341221398,37.24014410635393,25.66450425144526,,,1948,12.0875,0,No Defect
0.041132234804452224,101.48778119853121,182.23088959664994,37.27641706047889,25.611943986117215,,,1949,12.090625,0,No Defect
0.039157077944415176,99.85362499836452,202.26262950893266,35.86108579360562,24.778862256989093,,,1950,12.09375,0,No Defect
0.04182056382299857,103.33761600598105,196.81075504945096,38.40704730251831,24.393046453595996,,,1951,12.096875,0,No Defect
0.037531157601524395,96.9202746702575,204.77608142770643,40.42743156124652,23.280053214131954,,,1952,12.1,0,No Defect
0.03947519097168657,101.19950481968517,220.79258957704002,38.05263699074319,23.006089320248268,,,1953,12.103125,0,No Defect
0.03317770778606722,94.05610726550265,247.76708618789698,27.143959016004022,24.488228370936618,Paste volume per aperture low; poor paste transfer,Stencil thickness low; Ambient RH low,1954,12.10625,0,Open Circuit
0.042760990739224916,103.78654658907313,187.20402199682977,43.54157317166586,23.491132378685858,,,1955,12.109375,0,No Defect
0.03920395523519741,101.10631201649635,218.04474994394783,33.419555157033685,24.52745192615864,,,1956,12.1125,0,No Defect
0.04035472274677648,101.10921610898808,211.0570388327328,43.08268558195948,22.149676358984678,,,1957,12.115625,0,No Defect
0.04143090443435506,102.3698470427251,196.2050565045125,40.14252777386924,23.926550497003756,,,1958,12.11875,0,No Defect
0.04216551933294518,102.5984303270979,185.04308626697267,43.534314250994846,23.6255993939449,,,1959,12.121875,0,No Defect
0.04162419110504396,102.78041028953339,210.8085012524245,46.24458128986298,21.25257784143201,,,1960,12.125,0,No Defect
0.0377188110305589,98.42417876330529,226.0318644380096,37.53397710320385,22.833287395342854,,,1961,12.128125,0,No Defect
0.03902040048519149,98.60288335138785,197.41401338406052,43.19311077739194,22.94015572616098,,,1962,12.13125,0,No Defect
0.04035740576302308,101.00381011854331,199.32369068123666,38.81853217776394,24.11636636972847,,,1963,12.134375,0,No Defect
0.040513437928969165,101.5250645837904,198.1018559669288,36.59241383295178,24.841426820603917,,,1964,12.1375,0,No Defect
0.03733167288396949,95.62514305371862,186.72661462583196,40.16419170641623,24.469418363141997,,,1965,12.140625,0,No Defect
0.03822797615715795,97.66003347936223,196.23311444517302,38.32410309014104,24.433238081323246,,,1966,12.14375,0,No Defect
0.04183431818295784,103.6648327238467,211.39497845474065,41.746355470104085,22.535257747500143,,,1967,12.146875,0,No Defect
0.03807480315945557,100.31007121401021,234.67966558048727,31.311874321875457,24.12398365125575,,,1968,12.15,0,No Defect
0.039584989660209624,100.42740983963762,209.41149173359088,38.62264808807968,23.551476158557566,,,1969,12.153125,0,No Defect
0.03888824067184356,99.17575241731501,209.88390477819536,40.464743789933884,22.979382397109603,,,1970,12.15625,0,No Defect
0.04102909750910525,100.39941756482776,174.74243364056403,42.84406490641162,24.455096308054124,,,1971,12.159375,0,No Defect
0.04105298954063105,102.1586968369013,203.641091712015,40.28474938977622,23.434250486203872,,,1972,12.1625,0,No Defect
0.0399482266804542,100.85630492096105,206.7740506938617,39.919796546773284,23.33695201702558,,,1973,12.165625,0,No Defect
0.040101939408271156,98.98688982310296,175.6301212813819,43.94468728056932,24.071728121406192,,,1974,12.16875,0,No Defect
0.03996361171188813,102.92484604457077,225.28097860591726,29.700484969621584,25.189513665224126,,Ambient RH low,1975,12.171875,0,No Defect
0.040079940576187335,100.24896285558302,187.72786613675012,37.637082940495546,25.174020387653673,,,1976,12.175,0,No Defect
0.0380963288096271,98.39872174021545,209.84582577641916,37.5348625744391,23.832452897499515,,,1977,12.178125,0,No Defect
0.04217753182318762,103.85582383922029,197.4363524933586,38.73216750916234,24.278348751590197,,,1978,12.18125,0,No Defect
0.03864627573919241,98.55100941439359,200.75264449358804,40.72880822562405,23.460220495752814,,,1979,12.184375,0,No Defect
0.04162565957667053,102.58989688350637,187.34070790314806,37.45607451433452,25.26634019791325,,,1980,12.1875,0,No Defect
0.03781148061561089,99.12423557907118,242.07335122401622,44.1736393260664,19.916096810575308,,Ambient temperature low,1981,12.190625,0,No Defect
0.0403797600095826,102.123136591773,209.7523629341805,36.732103929003365,24.092267414657062,,,1982,12.19375,0,No Defect
0.040504247047341284,102.70095697438404,216.0468510285256,35.35193433649493,24.112921009397905,,,1983,12.196875,0,No Defect
0.038209181506006475,98.9844817944476,206.92973650154462,33.501411818497274,25.191594049586534,,,1984,12.2,0,No Defect
0.039094002810873454,98.48293878295124,190.70334144695764,41.23838898719231,23.936944830674207,,,1985,12.203125,0,No Defect
0.03877284679390738,98.14577812650937,198.42231451348997,41.9164521858132,23.266897466227487,,,1986,12.20625,0,No Defect
0.040215248388734186,101.09819816605966,209.16277801864524,40.52203402656936,23.028497817668224,,,1987,12.209375,0,No Defect
0.03901303005297732,101.8394647887617,251.66042238259735,42.53937641508495,19.816787251033578,poor paste transfer,Paste viscosity high; Ambient temperature low,1988,12.2125,0,Open Circuit
0.0369003393156675,94.31751216487774,178.36702559153895,40.46572733358857,24.905902408665465,poor paste transfer,Stencil thickness low,1989,12.215625,0,Open Circuit
0.041509387632585965,102.2786623454557,187.11185379846273,37.28453958736603,25.33724118875945,,,1990,12.21875,0,No Defect
0.04121239168891304,102.19553941493274,191.3605857055861,38.009448481992145,24.85944812274409,,,1991,12.221875,0,No Defect
0.03813777314447782,97.5860939959602,204.5033952270139,41.72505565609843,22.946886258136757,,,1992,12.225,0,No Defect
0.04087162200156869,100.70653397459631,184.77895781404595,42.260537011018286,24.022037622304758,,,1993,12.228125,0,No Defect
0.038412721048448485,99.79816919780549,229.56151645023337,39.693986489378894,22.00414061967749,,,1994,12.23125,0,No Defect
0.039057685322084576,101.71171675306682,231.05540170173617,30.756633417072706,24.53073116489903,,,1995,12.234375,0,No Defect
0.03922462122592574,99.03514756855539,200.23024925070897,42.29590293545093,23.05209534858784,,,1996,12.2375,0,No Defect
0.03931692510025867,99.29913224943158,187.666911066743,33.68932528352241,26.338988259260333,,Ambient temperature high,1997,12.240625,0,No Defect
0.04249352645905738,103.20830572497715,188.61254010630648,42.49845369138519,23.736816879175475,,,1998,12.24375,0,No Defect
0.042263027203926676,100.11904729893614,143.35074162642394,46.10297357961022,25.454799813780106,aperture overfill,Paste viscosity low,1999,12.246875,0,Solder Bridging
0.03881988348458637,98.8856669014061,199.85297922503653,37.80372033894673,24.385717344410757,,,2000,12.25,0,No Defect
0.03865891429537104,100.42876256157024,222.94218870648842,32.59056070035037,24.492739221544884,,,2001,12.253125,0,No Defect
0.0416035383871974,103.17637881398436,194.76472668359244,35.09908313878705,25.51191629846245,,,2002,12.25625,0,No Defect
0.040072254374171674,99.13228157048268,183.36850488705275,43.35805067811343,23.78908748450767,,,2003,12.259375,0,No Defect
0.042686966960209675,103.93482681019583,198.72860963891506,45.61244014628575,22.208537284889815,,,2004,12.2625,0,No Defect
0.0425702220625879,103.34921151739418,183.32782791611157,39.44426808675813,24.95732098359923,,,2005,12.265625,0,No Defect
0.0414321928463301,103.12447076893741,208.94372262988387,40.04780263393247,23.19874723368463,,,2006,12.26875,0,No Defect
0.03913866462099432,99.19953484499445,199.21850289544167,39.61332464155381,23.901555312430848,,,2007,12.271875,0,No Defect
0.04021485627622171,100.38876671541884,192.96033681432948,40.162482954636296,24.135389099967046,,,2008,12.275,0,No Defect
0.04020906323650189,101.25330100109652,207.6537631967457,40.251806378544394,23.207814978899865,,,2009,12.278125,0,No Defect
0.03691811233843469,98.20551746263892,230.36892799951386,31.62203553107285,24.311456648898655,,,2010,12.28125,0,No Defect
0.040754065715838735,100.91744705749515,180.00895448445903,36.921598356415394,25.88080590753655,,,2011,12.284375,0,No Defect
0.040243193479596255,101.00762392452165,207.82426780418416,44.43523130128589,21.97501850899579,,,2012,12.2875,0,No Defect
0.03990873139998748,100.00046742233548,198.49721746519828,42.16504610734989,23.211270610577483,,,2013,12.290625,0,No Defect
0.0392331319152795,98.22777085029662,192.22203281014185,45.51731259760564,22.612226256040135,,,2014,12.29375,0,No Defect
0.039460123136531515,99.05362977354187,185.8606347268213,38.26527952502262,25.12176686169791,,,2015,12.296875,0,No Defect
0.043215408640765805,101.95721945735976,154.3568206282915,49.6081045798768,23.770838134229642,,,2016,12.3,0,No Defect
0.04030555204059832,99.4902019846348,172.11124874091445,39.58000666927257,25.588156435909998,,,2017,12.303125,0,No Defect
0.03923670133564559,98.19822931303067,170.5458939564455,33.514797127096735,27.45064762562295,,Ambient temperature high,2018,12.30625,0,No Defect
0.04278138010790158,104.10580500230964,192.71950883845517,41.816042964369295,23.695060907501265,,,2019,12.309375,0,No Defect
0.04244486489007726,103.15198421039901,172.09414269133424,35.09044714658239,26.921710939745743,,Ambient temperature high,2020,12.3125,0,No Defect
0.03904987444995561,100.23005059784032,216.4323261640161,37.087253266849906,23.591443550647668,,,2021,12.315625,0,No Defect
0.03878863431435931,101.66634689757922,237.84991240170126,31.96810225626663,23.770090623364275,,,2022,12.31875,0,No Defect
0.04021466483263317,101.23818219594217,208.8841471407254,39.51143797056804,23.358743444839323,,,2023,12.321875,0,No Defect
0.044353805915698236,104.16296072508325,162.88622901571037,46.28050516922377,24.239734494784177,Paste volume per aperture high,,2024,12.325,0,Solder Bridging
0.03977876011847531,100.83747616956704,193.21117511805772,30.558897382302252,26.928584902688183,,Ambient temperature high,2025,12.328125,0,No Defect
0.04056413957734034,99.65204554096694,172.20762659122917,40.38512533195589,25.3564670200878,,,2026,12.33125,0,No Defect
0.039172895486104226,98.05546087244772,173.92561019881492,37.83205173508283,25.982688012947172,,,2027,12.334375,0,No Defect
0.039689217532605556,101.11080009634068,211.81758280775162,34.899984885281995,24.52343239316133,,,2028,12.3375,0,No Defect
0.04194443981369234,100.85556309757307,163.78422248052206,42.65144287901912,25.227596000890642,,,2029,12.340625,0,No Defect
0.04005949274373717,99.38113502689907,181.6790574794795,39.20981337896625,25.11931556058565,,,2030,12.34375,0,No Defect
0.04183618554773383,100.8397419337743,162.959542294701,43.57746253031839,25.00279440479993,,,2031,12.346875,0,No Defect
0.03740287156427912,97.61881783394576,218.39904574472212,38.27021577436958,23.118139928469986,,,2032,12.35,0,No Defect
0.040871553704285093,103.2884939205811,220.89457890183948,36.20898083900069,23.597119523281645,,,2033,12.353125,0,No Defect
0.04307843752962811,104.69834058346677,196.71167235662173,43.44462796609852,22.983212974430522,,,2034,12.35625,0,No Defect
0.03965114340292973,99.98212863568217,204.65282576891585,43.252607999548914,22.52264091380715,,,2035,12.359375,0,No Defect
0.03753124255100432,98.25616509117107,227.14477169071748,39.62626898397078,22.187289293986858,,,2036,12.3625,0,No Defect
0.04506855581734262,103.83065049671244,132.52381557595982,45.933904438920905,26.211227592642476,Paste volume per aperture high; aperture overfill,Paste viscosity low; Ambient temperature high,2037,12.365625,0,Solder Bridging
0.038545593194642486,98.62905546707884,212.95184193586874,42.277434368739044,22.294564267552737,,,2038,12.36875,0,No Defect
0.04098381416860603,101.7680646064859,203.72007959626686,45.026580819916866,22.075232427059596,,,2039,12.371875,0,No Defect
0.0405074153001282,101.21471703080991,202.95323379144142,41.552326728649874,23.135974925006046,,,2040,12.375,0,No Defect
0.04208131230004695,104.48639413302521,201.6797835322972,33.91802340403697,25.455630868009692,,,2041,12.378125,0,No Defect
0.03945912245602986,100.41091045999458,215.30542787145288,40.246346908873335,22.75260263882112,,,2042,12.38125,0,No Defect
0.038321481101338734,99.91750527564105,211.57541485772992,29.00942628905881,26.249687124969835,,Ambient RH low; Ambient temperature high,2043,12.384375,0,No Defect
0.04228924568049425,102.45367914303958,166.49083554888043,37.37254892033003,26.60775578083996,,Ambient temperature high,2044,12.3875,0,No Defect
0.041608383124900415,101.16643778489464,176.70827850909313,43.11561691924665,24.302068179907508,,,2045,12.390625,0,No Defect
0.041661722310911906,100.52082545534073,160.83761412393383,40.91950491116783,25.918772413540953,,,2046,12.39375,0,No Defect
0.04025466067182566,102.19221787503015,217.39398654538078,34.96879087449667,24.177105301505655,,,2047,12.396875,0,No Defect
0.0429319674724222,102.5082917095904,163.50977289551443,44.092048691931325,24.83617860221866,,,2048,12.4,0,No Defect
0.03909584432556204,97.77713046880368,187.256818212334,45.24928584450908,23.01109959621317,,,2049,12.403125,0,No Defect
0.03902923007662797,100.74643157943977,228.10699968147136,37.04929881729587,22.902734449230728,,,2050,12.40625,0,No Defect
0.03764895391095255,98.96316112038717,228.23040080425864,34.32184754845324,23.679976391370968,,,2051,12.409375,0,No Defect
0.04007010781298743,101.65532481244826,218.8784658540946,39.37826026452087,22.79682148263322,,,2052,12.4125,0,No Defect
0.040697008584109975,100.55633470289548,186.44968801276,41.317311461777194,24.22530101524932,,,2053,12.415625,0,No Defect
0.03936163181569254,99.26779380226522,210.08831404784647,47.319903966196314,21.01063041764618,,,2054,12.41875,0,No Defect
0.04099304661628548,101.56168594545422,196.99494886093885,42.14235438715152,23.340375316923357,,,2055,12.421875,0,No Defect
0.04060114288064291,100.93353559927309,200.79062076998198,44.23700698475306,22.493302230156402,,,2056,12.425,0,No Defect
0.040546184432620314,100.83656004759624,194.28068135204285,40.17947383494462,24.078915000652348,,,2057,12.428125,0,No Defect
0.038263170881158236,96.85897229873358,183.18171514368225,38.77860759498836,25.149853518241606,,,2058,12.43125,0,No Defect
0.03952812963703405,96.86478414250924,171.78302718439016,51.52507289855563,22.13604448260737,,Ambient RH high,2059,12.434375,0,No Defect
0.04331772841339696,102.45095369548075,169.3540369779696,50.72334801361875,22.554603273790686,,Ambient RH high,2060,12.4375,0,No Defect
0.03778439478187,98.21355922682181,219.3831108746045,38.472584403697375,23.01639814566578,,,2061,12.440625,0,No Defect
0.04017221738335476,99.89859098644098,186.00145926350413,40.78743349070691,24.405428077631218,,,2062,12.44375,0,No Defect
0.041592174729127566,103.59471288918735,199.21428485386275,34.97213402711587,25.30352178922078,,,2063,12.446875,0,No Defect
0.04043831409026153,101.62647804934065,213.63488656549367,41.744289127861215,22.436910885763456,,,2064,12.45,0,No Defect
0.03771419216720613,98.30154083703403,222.78703378590154,39.20941467967376,22.59235262659651,,,2065,12.453125,0,No Defect
0.038652374431943484,98.3624186881396,212.49167338341493,45.38095958382893,21.43193827431792,,,2066,12.45625,0,No Defect
0.03988344838451184,99.21485260767255,196.41976587001142,46.226503940344685,22.182084552860932,,,2067,12.459375,0,No Defect
0.0392160203734742,97.0067016175659,166.6503534247343,41.14489137099354,25.487421440290117,,,2068,12.4625,0,No Defect
0.0388287200620576,100.38980420037728,233.11288412259128,41.5529884059705,21.285162456958084,,,2069,12.465625,0,No Defect
0.0402454426551065,98.65611431061211,170.4594474786055,42.75383055714814,24.79308597499376,,,2070,12.46875,0,No Defect
0.0444748285405799,105.52562255241281,162.7094569840811,37.290509599487144,26.896178526046047,Paste volume per aperture high; aperture overfill,Stencil thickness high; Ambient temperature high,2071,12.471875,0,Solder Bridging
0.04015194213847412,99.5973384766171,187.49205532784325,41.30297436579169,24.173004632361792,,,2072,12.475,0,No Defect
0.04112324595641951,100.19561288804769,176.94117942003234,43.84319324389533,24.087198128119898,,,2073,12.478125,0,No Defect
0.03865330019267664,98.7593480930992,208.27593982012763,39.39601501195371,23.44226335113155,,,2074,12.48125,0,No Defect
0.04100072696566548,102.65061784857023,214.23875756443877,40.830284574698325,22.676180204861517,,,2075,12.484375,0,No Defect
0.044085841320881204,105.719673827175,180.17059756945451,39.466127091728744,25.188364753709333,Paste volume per aperture high; aperture overfill,Stencil thickness high,2076,12.4875,0,Solder Bridging
0.039764611046516414,98.55481341931748,177.5824478365028,43.79592828396917,24.045235778279444,,,2077,12.490625,0,No Defect
0.03566708393120529,97.65053841833988,260.8936327386404,34.90990318194216,21.502026877476826,Paste volume per aperture low; poor paste transfer,Paste viscosity high,2078,12.49375,0,Open Circuit
0.03850523348753123,98.28500875223028,212.2538580653978,43.72056171434961,21.93648336214064,,,2079,12.496875,0,No Defect
0.0398898957127795,100.17942225325139,206.83786680160807,43.696969458856046,22.286405698014484,,,2080,12.5,0,No Defect
0.041817682527373855,102.36579595504443,183.7664878834459,40.83073239003922,24.55126856815253,,,2081,12.503125,0,No Defect
0.04000508917968969,100.62753139635919,196.49261433870046,35.70673759170591,25.256318474516487,,,2082,12.50625,0,No Defect
0.039661418385246554,101.71156990709761,226.31160641042993,38.03365773766399,22.742668975908234,,,2083,12.509375,0,No Defect
0.04183721910974149,102.74380083712818,193.2012414578655,41.052616235783596,23.91213560057101,,,2084,12.5125,0,No Defect
0.040881686454404854,101.21643469913106,189.53343903640194,40.888500715519285,24.17520553196825,,,2085,12.515625,0,No Defect
0.039265146269395125,100.9933716324523,225.6009520249957,37.44276204756261,22.959087741927178,,,2086,12.51875,0,No Defect
0.04031205787877224,98.71826616472475,168.77380590762988,45.09742600133368,24.21511810998555,,,2087,12.521875,0,No Defect
0.03944637405901783,99.12455488323631,194.1070296530446,39.81667711905465,24.201447598736436,,,2088,12.525,0,No Defect
0.040343190309509336,101.73658579800674,204.55078390057372,34.84008503060444,25.020555502754185,,,2089,12.528125,0,No Defect
0.0407925138098075,100.14001884857937,185.68611154344816,47.07183995690973,22.607738833846838,,,2090,12.53125,0,No Defect
0.03914621708289935,98.83445660573533,213.3158639259433,47.81193339755481,20.68818615427628,,,2091,12.534375,0,No Defect
0.037796927125280336,96.88739609154776,194.98251779114472,37.013575505603654,24.955237638487574,,,2092,12.5375,0,No Defect
0.03876721096684688,98.07868861847278,202.02824914147467,45.65781665265224,22.0032692729038,,,2093,12.540625,0,No Defect
0.04091139959348027,101.41154947033971,191.68121581960344,38.152969476691496,24.8511730029218,,,2094,12.54375,0,No Defect
0.03795868626976471,97.04082149311294,205.02882210376188,45.99067940007164,21.714940445938634,,,2095,12.546875,0,No Defect
0.04192447826099224,101.98054418319059,172.87763399547086,39.47810159310599,25.622999384869225,,,2096,12.55,0,No Defect
0.040124654238669115,100.18503059039764,200.7225943213786,42.48151840455005,23.028331929777174,,,2097,12.553125,0,No Defect
0.038246584557746495,98.73399726196975,208.03811682356277,33.74919389032923,25.113268021724995,,,2098,12.55625,0,No Defect
0.03954671984435183,97.98064088963893,177.76478276881062,45.04404831391796,23.679494316147093,,,2099,12.559375,0,No Defect
0.04268084401662209,104.79491420220971,208.03431049655,41.996253547221706,22.74078889706263,,,2100,12.5625,0,No Defect
0.04132848891131076,101.1899637422954,171.4529729031814,37.40782453412079,26.31245863448758,,Ambient temperature high,2101,12.565625,0,No Defect
0.03832653268694883,98.69970764928587,212.06339108887335,36.17524988286,24.162394489837343,,,2102,12.56875,0,No Defect
0.04168042184964283,100.57852016575737,175.27410641717006,46.732398599050455,23.364879169703304,,,2103,12.571875,0,No Defect
0.03928468828961846,99.84545771374842,196.3025900350378,33.07111660572856,26.040504217760496,,Ambient temperature high,2104,12.575,0,No Defect
0.03985013690234914,99.48485735983718,185.37722692806017,39.77081523271278,24.75718567554066,,,2105,12.578125,0,No Defect
0.0426798547490333,102.36037507136452,167.7942242763924,43.992122202163785,24.627242405218233,,,2106,12.58125,0,No Defect
0.03788940416510316,99.69030101035608,228.05319635339612,29.1611854276919,25.228708695543563,,Ambient RH low,2107,12.584375,0,No Defect
0.03757571112667277,98.1837745151256,221.98894811321014,33.70305275255747,24.275200498185725,,,2108,12.5875,0,No Defect
0.040779932190572195,101.6080069987564,205.91875807149665,42.217133694144046,22.796004566905495,,,2109,12.590625,0,No Defect
0.038801039151458376,97.32571396664234,176.21379449195584,36.64083564819478,26.232764460941038,,Ambient temperature high,2110,12.59375,0,No Defect
0.03736567856530812,98.08847672218403,223.09401871991662,35.44461857495053,23.69236095190255,,,2111,12.596875,0,No Defect
0.03923743641090842,100.39918937640144,216.76682366644474,37.518090199601225,23.49070713457922,,,2112,12.6,0,No Defect
0.03749305171868854,99.53881999836193,245.69895420139804,35.31300260113577,22.34710851069761,,,2113,12.603125,0,No Defect
0.03678555312527408,96.4672481783758,207.64819501290796,34.6136085372089,24.877755648715098,,,2114,12.60625,0,No Defect
0.04075323490782699,100.87018165394888,188.06802763268686,40.33629513346871,24.440460234412388,,,2115,12.609375,0,No Defect
0.038106520360701765,102.12301363955513,260.64726563464717,26.62681303188519,23.97597177606457,poor paste transfer,Paste viscosity high; Ambient RH low,2116,12.6125,0,Open Circuit
0.03779580580018149,99.23360749987724,233.1917950325855,36.8709236079689,22.66158232954318,,,2117,12.615625,0,No Defect
0.039514121738425265,99.38804752141606,196.6374732870952,41.15536371457028,23.66614875486435,,,2118,12.61875,0,No Defect
0.04086985408034344,101.87846307043846,207.67998327293097,42.68962452153384,22.553574937889337,,,2119,12.621875,0,No Defect
0.04206770932156159,101.55501814981822,167.38356092106795,40.02586482656834,25.816101650953634,,,2120,12.625,0,No Defect
0.036775774468511345,97.7353077911632,231.8317601237446,36.24508918779248,22.919533292346646,,,2121,12.628125,0,No Defect
0.03964636532057591,101.46536080604703,230.96811906871827,40.08375137180202,21.879651272062752,,,2122,12.63125,0,No Defect
0.04051208754085185,101.35290950828299,201.09247263864557,40.344704625410905,23.63860560734485,,,2123,12.634375,0,No Defect
0.039267521584328446,100.20485315692629,216.24456692750627,41.016752508370075,22.503428650643233,,,2124,12.6375,0,No Defect
0.0395033529772278,101.55158026135881,222.24541899268252,35.07832866703632,23.872038649357794,,,2125,12.640625,0,No Defect
0.0421131713208361,102.60107074380846,183.84819787181954,39.271676766014295,25.03014371771557,,,2126,12.64375,0,No Defect
0.03806028520213087,97.37563231383241,193.34484807111215,35.745788352008134,25.44240692035697,,,2127,12.646875,0,No Defect
0.04047590212802355,100.04084203918275,192.4205233337277,45.03338236454893,22.807263575203944,,,2128,12.65,0,No Defect
0.040393593685971015,103.30406971847864,233.67820864099872,35.98918425793383,22.916800828905398,,,2129,12.653125,0,No Defect
0.03961837271237399,100.2721781827015,204.63173734375093,35.833436485133774,24.74109639077598,,,2130,12.65625,0,No Defect
0.042529901534777356,104.74664424597918,200.67255904974056,37.27983309951451,24.57990910901689,,,2131,12.659375,0,No Defect
0.04244254931214639,103.1069438271094,191.71790606183734,42.91118347957042,23.49073926496646,,,2132,12.6625,0,No Defect
0.039986652380796066,101.44287936490151,220.74837275200127,40.63201686350319,22.35207696835412,,,2133,12.665625,0,No Defect
0.041356137785969596,101.62057048549528,183.31011519513189,37.949403767136104,25.44501336817319,,,2134,12.66875,0,No Defect
0.039112442590913704,100.89447461680896,227.22634632747676,36.09537485254523,23.274214734141523,,,2135,12.671875,0,No Defect
0.03855206036856609,99.01870164692656,211.5135341522969,38.52823820888633,23.52068466624911,,,2136,12.675,0,No Defect
0.03852123773977901,96.72444002200142,180.7180809307325,43.203667643512134,24.04393969839136,,,2137,12.678125,0,No Defect
0.03911175942488398,100.58965126123418,228.65615811018438,39.88600021795772,22.080282088107243,,,2138,12.68125,0,No Defect
0.03812683609329269,100.26491576381224,251.67710680820693,41.463124166909644,20.19908674621944,poor paste transfer,Paste viscosity high,2139,12.684375,0,Open Circuit
0.03902906135824187,100.16728996514865,215.53219110870828,37.59289133591771,23.55153232795363,,,2140,12.6875,0,No Defect
0.038771216092437236,99.15094072651596,204.3419122495176,35.646515173320154,24.80777878417463,,,2141,12.690625,0,No Defect
0.0420432816053509,105.14041382841864,213.0045528247025,30.27638917539587,25.87457248437441,aperture overfill,Stencil thickness high,2142,12.69375,0,Solder Bridging
0.037358995784441386,97.75565459056125,225.3900296740769,40.96442928328325,21.950176613810715,,,2143,12.696875,0,No Defect
0.03966404209105687,97.4165913938889,167.85333818537177,44.8530108156751,24.36625423509168,,,2144,12.7,0,No Defect
0.03876771554439615,98.53393622954789,192.5346822022173,32.58170525806763,26.433121623044304,,Ambient temperature high,2145,12.703125,0,No Defect
0.037268707707354486,98.04183876480633,223.37540488820255,33.90156194538691,24.140603557503688,,,2146,12.70625,0,No Defect
0.03437754829529221,96.6799448459074,262.88641380962395,26.384104033601837,23.888532767574425,Paste volume per aperture low; poor paste transfer,Paste viscosity high; Ambient RH low,2147,12.709375,0,Open Circuit
0.0416904936745821,102.20790123441809,184.65559494370206,38.566340856614865,25.189615095989893,,,2148,12.7125,0,No Defect
0.039873083123841496,99.96589921284342,191.95277472042574,35.24730484848328,25.70027034464562,,,2149,12.715625,0,No Defect
0.04056612135557739,102.33005006397975,201.22383397235498,29.72390477717739,26.747989727386035,,Ambient RH low; Ambient temperature high,2150,12.71875,0,No Defect
0.03999394570553858,100.13281397039096,196.740727391163,40.482883427609686,23.87475452693687,,,2151,12.721875,0,No Defect
0.04162476684663516,102.51711462004927,193.38437636612923,41.637457316786104,23.75422235189075,,,2152,12.725,0,No Defect
0.04162259950792295,98.00876207089752,144.30703786329514,55.22069140464117,22.801808866385823,aperture overfill,Paste viscosity low; Ambient RH high,2153,12.728125,0,Solder Bridging
0.04215234155303707,104.53690967343782,216.95428750443438,42.59699688190357,22.03411150909011,,,2154,12.73125,0,No Defect
0.0403766570494478,98.64911810164782,167.56465569215064,43.982169721326876,24.647538127660194,,,2155,12.734375,0,No Defect
0.03783183524108603,96.0275653925463,183.084481472579,40.491617706175894,24.69360172243335,,,2156,12.7375,0,No Defect
0.04159420041145434,103.29642170572193,206.07990138946516,36.7589851509897,24.409142753704625,,,2157,12.740625,0,No Defect
0.03954992700410127,99.22323576943961,194.98341254447274,41.4591403265964,23.696753538347952,,,2158,12.74375,0,No Defect
0.03951626176231668,97.3527619706122,167.14524748721485,42.93488953853556,24.974487083247517,,,2159,12.746875,0,No Defect
0.039012402923657694,100.00175816856633,218.27983154796505,38.51239604992815,23.125448201861296,,,2160,12.75,0,No Defect
0.03885058855240716,98.41948654221135,198.48125647650042,39.39734269488046,24.0821784666873,,,2161,12.753125,0,No Defect
0.038759533450696076,99.37360716971797,212.74229701159567,37.99355055646215,23.61489945910079,,,2162,12.75625,0,No Defect
0.03941021841648321,99.85309652209268,207.39410040710857,39.69990198503403,23.45096148364504,,,2163,12.759375,0,No Defect
0.03827679575433545,98.51010351939189,202.18681914221432,33.957969001604646,25.436813931025448,,,2164,12.7625,0,No Defect
0.039515930611379854,99.34607672277224,198.83673691803645,40.60176261174451,23.715490202061805,,,2165,12.765625,0,No Defect
0.04249740764502975,103.18251309384017,182.68001730209045,40.06856695962314,24.885561888721963,,,2166,12.76875,0,No Defect
0.03959097404268701,99.00529179539204,186.72591801958583,38.59885287425939,25.044292177476393,,,2167,12.771875,0,No Defect
0.03777428844780262,96.62076318892224,191.9035734015148,38.608818098598825,24.707020163680344,,,2168,12.775,0,No Defect
0.03963968042834275,101.60938569083117,233.07998035553757,39.90510190945732,21.82046438681403,,,2169,12.778125,0,No Defect
0.03849648281150572,99.7122569456403,222.30182180380638,35.47911732819662,23.76493595054888,,,2170,12.78125,0,No Defect
0.0386613071556485,99.38967806597667,207.64166741453823,34.91724934751826,24.826558874466638,,,2171,12.784375,0,No Defect
0.039739735857662085,98.3041696549457,178.34122331543557,42.70567143227261,24.362417467416634,,,2172,12.7875,0,No Defect
0.042559766345703076,103.0990717773968,178.8858080710422,39.16322766122619,25.386813421899287,,,2173,12.790625,0,No Defect
0.042258837588993015,102.93337593674903,192.14320262996475,44.586437609123365,22.985579067363663,,,2174,12.79375,0,No Defect
0.03660904726633623,97.78767760354816,243.44350936505174,35.88506656211244,22.338822403672584,,,2175,12.796875,0,No Defect
0.03852022023521965,97.87527135194404,195.37498421525717,39.057923133429846,24.372854865645788,,,2176,12.8,0,No Defect
0.041880751526755605,101.0913358823013,165.8211777839214,43.26082622996596,24.983408430228344,,,2177,12.803125,0,No Defect
0.04014412811779175,101.06568730526934,207.06432403557378,39.48165830653599,23.54527362946121,,,2178,12.80625,0,No Defect
0.040467536634114495,98.798869117318,165.61902634709878,41.51681749305622,25.49902291924907,,,2179,12.809375,0,No Defect
0.03838850097932218,97.99482190093981,193.4409851643004,35.67111732230195,25.47978630991442,,,2180,12.8125,0,No Defect
0.037034105690547665,96.24682203082969,209.7838807505321,39.202016609398505,23.43890694511127,,,2181,12.815625,0,No Defect
0.0398702597881594,100.61899699437708,198.17481902563432,35.312080261566784,25.30681459594002,,,2182,12.81875,0,No Defect
0.03996881760392714,100.22195416363259,196.36145601670947,37.25765339958961,24.855002440426663,,,2183,12.821875,0,No Defect
0.04282696247230192,101.34720077653702,165.08903005326806,51.41053616819796,22.66338030728102,,Ambient RH high,2184,12.825,0,No Defect
0.03810986685913868,97.40153206472625,197.59703206723333,37.11782898795208,24.80598791174673,,,2185,12.828125,0,No Defect
0.03929207088224243,102.00448123859174,230.75869452645748,31.09237576429748,24.537924055295935,,,2186,12.83125,0,No Defect
0.03813837469991316,99.33122050972413,223.70919189546507,32.01562304434952,24.69807215855627,,,2187,12.834375,0,No Defect
0.03805728722001515,96.98539935285567,200.46751924813847,42.17434991897592,23.153029253369183,,,2188,12.8375,0,No Defect
0.04210486085059011,101.55631138013928,177.62620633411032,45.4820493997912,23.62213504205576,,,2189,12.840625,0,No Defect
0.038794729024746274,100.42740252539312,232.384773680409,38.94248969893234,22.143822548605577,,,2190,12.84375,0,No Defect
0.039736671970165546,97.21823273217444,165.44096221240414,46.30823412600962,24.107579246710777,,,2191,12.846875,0,No Defect
0.03482848199041436,93.4698749181449,212.1741381104518,35.579347506178486,24.334213670441702,Paste volume per aperture low; poor paste transfer,Stencil thickness low,2192,12.85,0,Open Circuit
0.039703927091552696,100.82346256921167,207.09785383462395,35.684181115194946,24.653497799302368,,,2193,12.853125,0,No Defect
0.04065668686236465,100.70830726210045,203.1209104352556,47.28399502066688,21.519798290902113,,,2194,12.85625,0,No Defect
0.04043188160440576,101.70235232905422,206.3637251169288,38.07956282509167,24.00474697704927,,,2195,12.859375,0,No Defect
0.03592569072527291,96.60598559346671,233.5632223707674,34.11369153639916,23.459774112824803,Paste volume per aperture low,,2196,12.8625,0,Open Circuit
0.040339448406398984,102.79942677543644,225.6642559309525,36.31975119748807,23.335712165477148,,,2197,12.865625,0,No Defect
0.039830684631085106,101.13299462382393,211.32945384448038,35.52974631492833,24.444277064129967,,,2198,12.86875,0,No Defect
0.04041988665850821,101.12917329258954,209.8281760645858,44.117471655686764,22.031896988171887,,,2199,12.871875,0,No Defect
0.03795077361006235,98.80051951658663,229.9595117606606,40.84444076165242,21.733254897674463,,,2200,12.875,0,No Defect
0.039631457218494925,99.30575466600575,190.02175774487023,38.50312829805096,24.88188282281404,,,2201,12.878125,0,No Defect
0.0403594776375498,100.472845892424,194.18202481618172,39.40824103452477,24.370384878742488,,,2202,12.88125,0,No Defect
0.04013308906454794,100.18672102488607,191.3124193587675,36.76847783751634,25.31676059768435,,,2203,12.884375,0,No Defect
0.04096469179515073,99.12537323148896,168.81275469459064,48.61833389960681,23.239598234768895,,,2204,12.8875,0,No Defect
0.04277961932023383,103.34096980403473,174.07499305670757,38.71536153818719,25.823568894996423,,,2205,12.890625,0,No Defect
0.038950676338445775,99.97828699834048,207.7479700858654,33.52694440903374,25.24102840796805,,,2206,12.89375,0,No Defect
0.03828686777241645,98.41671041712296,213.6109593755798,39.87960792576946,23.024145352389702,,,2207,12.896875,0,No Defect
0.0391197509664067,97.9181787209582,185.30911744420564,42.52006610462588,23.99414565124738,,,2208,12.9,0,No Defect
0.041494792678633236,103.66965528205351,210.71313985430498,35.95062400044441,24.37583969893936,,,2209,12.903125,0,No Defect
0.042512169126475645,100.60358674480088,153.94606890843392,48.241792135520996,24.27795855926365,,,2210,12.90625,0,No Defect
0.03870424675736201,97.88309754781181,190.8338656409404,37.996138447677254,24.977373923735573,,,2211,12.909375,0,No Defect
0.037945518292444275,97.40695868026711,193.52626333410848,35.12444936883935,25.641030689500635,,,2212,12.9125,0,No Defect
0.03943111605710161,99.3148230274069,201.84583642561753,43.24039019034202,22.772903915009778,,,2213,12.915625,0,No Defect
0.0387867543703435,96.94590609973245,173.77787901739185,39.528288729185206,25.576442434021352,,,2214,12.91875,0,No Defect
0.04033911038579,99.88790284636097,181.17295513155062,37.21654966155885,25.813318927220738,,,2215,12.921875,0,No Defect
0.04154623032084369,104.07383372604247,222.12622523629082,38.404791520171294,22.962875302776517,,,2216,12.925,0,No Defect
0.039942484307120975,100.49948331338823,204.0604124859804,35.74622417895308,24.840387342366608,,,2217,12.928125,0,No Defect
0.0408540108562699,101.55200017644665,198.97489276183825,40.11485726513797,23.87744845745038,,,2218,12.93125,0,No Defect
0.04107242612805311,99.63305442635094,170.0203419365381,45.76498282719037,24.005281434301192,,,2219,12.934375,0,No Defect
0.040645056162213325,99.61705526365974,171.70821887551722,40.63383736727408,25.397174550944495,,,2220,12.9375,0,No Defect
0.03673901678993063,97.68669697127939,230.4875756295853,33.17193667518032,23.940214378696883,,,2221,12.940625,0,No Defect
0.038518768790977015,100.04448848433427,228.4131847555377,35.522642599838704,23.396288409240487,,,2222,12.94375,0,No Defect
0.04085089379162519,101.6888237819484,200.86607846790372,40.89095529602338,23.534391938143358,,,2223,12.946875,0,No Defect
0.04071898444699271,101.05244090270828,199.58225182889794,43.008944023967956,22.99602649147383,,,2224,12.95,0,No Defect
0.04156462119691745,100.49664074197172,163.5442386808573,40.252864852959696,26.02032500452614,,Ambient temperature high,2225,12.953125,0,No Defect
0.03725830106425584,98.03519185023063,229.90738118365243,38.4057464589242,22.450732501125426,,,2226,12.95625,0,No Defect
0.03766373486150959,96.67229391735098,193.46768767633785,35.6640259505101,25.493570972070852,,,2227,12.959375,0,No Defect
0.03797292929326849,100.15193544336975,233.04942520863884,31.592844939539923,24.252567277682633,,,2228,12.9625,0,No Defect
0.04156243169930731,100.91434690389858,178.08495487141778,43.02919757865171,24.320759149584923,,,2229,12.965625,0,No Defect
0.03987131711027804,99.59420595620804,186.21617843662847,34.28779041693719,26.36321295955615,,Ambient temperature high,2230,12.96875,0,No Defect
0.041935507336987365,101.66518470755157,177.23410803644637,43.45483005362572,24.247796294672803,,,2231,12.971875,0,No Defect
0.042304601356562395,101.2899718451255,153.478655418183,42.01586383341018,26.1240999629007,,Ambient temperature high,2232,12.975,0,No Defect
0.04032778029296645,98.92386964331087,181.08488717535454,46.38348648020584,23.146379302954866,,,2233,12.978125,0,No Defect
0.04155574628022261,102.2450117770128,186.82049277763886,36.92739728547451,25.565361679295194,,,2234,12.98125,0,No Defect
0.040887489685077244,101.48167079790255,203.66473958468376,42.69355526410589,22.84422960560165,,,2235,12.984375,0,No Defect
0.03412880238237945,93.7958187756364,241.15823892376307,36.44659517285723,22.314459391571223,Paste volume per aperture low; poor paste transfer,Stencil thickness low,2236,12.9875,0,Open Circuit
0.0381885845634598,99.74953203233228,234.74385965225417,38.042432797358344,22.27194264315327,,,2237,12.990625,0,No Defect
0.03972092672581166,99.60530572979016,195.44485451719717,38.832290407695645,24.46769965373856,,,2238,12.99375,0,No Defect
0.041477800482823395,99.22969576502214,166.10012492467732,52.45661215544355,22.302491492028988,,Ambient RH high,2239,12.996875,0,No Defect
0.041577270839092934,99.92991061834917,158.40946537473184,43.330961238497984,25.440407519689803,,,2240,13.0,0,No Defect
0.03991912776793665,100.75368589733071,204.90251305916257,37.5636991964472,24.25785576657612,,,2241,13.003125,0,No Defect
0.041731535172772935,101.87082547601318,189.64598309754984,44.85146708597106,23.080948185973213,,,2242,13.00625,0,No Defect
0.04193403790266544,103.62013762853276,204.05476715750868,39.705643057882355,23.70099203920172,,,2243,13.009375,0,No Defect
0.03839448571836039,98.28782113414726,206.915349183286,36.70193004310546,24.37976677695993,,,2244,13.0125,0,No Defect
0.03518674753392414,98.97527456417957,293.4528327872679,31.896129504124296,20.446249534595506,Paste volume per aperture low; poor paste transfer,Paste viscosity high,2245,13.015625,0,Open Circuit
0.0405269637267034,100.0004926183834,186.8283166325653,42.5027582372545,23.932665772947555,,,2246,13.01875,0,No Defect
0.04031561807084964,98.84294022411567,174.72271814549157,44.026273256300136,24.22835433673424,,,2247,13.021875,0,No Defect
0.0396246021854267,101.35063679347331,220.69792729084705,35.876466827739954,23.78199631683137,,,2248,13.025,0,No Defect
0.039861939835994765,100.38184446941682,204.2264271256119,40.47552935100288,23.449671105817636,,,2249,13.028125,0,No Defect
0.04223215872391807,102.33517566676777,176.00734469702084,40.97341805126646,25.05567450894462,,,2250,13.03125,0,No Defect
0.04107924693583117,97.754792702723,143.80121927600027,47.658143365995564,25.07358602641847,aperture overfill,Paste viscosity low,2251,13.034375,0,Solder Bridging
0.03903773925730227,98.52660264527348,196.8705944182729,38.63085190257464,24.439742128810952,,,2252,13.0375,0,No Defect
0.04237627878180552,102.9783814462794,191.98000801230413,45.65631342297805,22.710211965223344,,,2253,13.040625,0,No Defect
0.04325276152981714,102.8354701949707,162.19594391188053,43.66949391633016,25.124953742410895,,,2254,13.04375,0,No Defect
0.041349144201927056,104.04892855919722,223.15237337060796,37.20608113023543,23.25879919050623,,,2255,13.046875,0,No Defect
0.04371399748721127,103.50701941398589,164.10551876921824,43.658932035046504,25.017859665868375,,,2256,13.05,0,No Defect
0.038731278712096195,98.28101204374887,191.9404851497889,34.89172603548433,25.83124068845143,,,2257,13.053125,0,No Defect
0.041279536517603826,102.71932290207559,213.89908617408767,44.76827145540183,21.61605527147474,,,2258,13.05625,0,No Defect
0.03786084502773401,97.04364735025932,199.1118103300124,37.907262763210426,24.503702496584946,,,2259,13.059375,0,No Defect
0.04038144742874967,100.65742081458993,193.28160281288257,35.58130090786291,25.565044937500844,,,2260,13.0625,0,No Defect
0.0390447006048046,98.95174448142966,195.90058878180005,35.591638673063336,25.387060452617014,,,2261,13.065625,0,No Defect
0.039781160430510346,98.60898232477815,177.5174885467127,38.399387118520366,25.703116378450773,,,2262,13.06875,0,No Defect
0.038492973818190335,99.9043560289531,229.863016857777,37.13794052759682,22.847856443565625,,,2263,13.071875,0,No Defect
0.040661844929041,101.78949547829136,208.04437492613968,41.3002119647264,22.984832915728493,,,2264,13.075,0,No Defect
0.04158905134794328,101.98832403909579,194.51112302232534,42.51271874626095,23.474302561576614,,,2265,13.078125,0,No Defect
0.04060765350241127,101.27855781822916,204.56408925973275,42.63177755044443,22.810959884076937,,,2266,13.08125,0,No Defect
0.03830511941618763,98.8291299947748,212.38453728621454,39.35533361405448,23.264217313657536,,,2267,13.084375,0,No Defect
0.039863757927165525,99.41391236841967,188.98911976606487,39.76043252079451,24.601511766212965,,,2268,13.0875,0,No Defect
0.03920565602205772,99.07141112870582,209.48135004710588,45.49702778472209,21.662040424655444,,,2269,13.090625,0,No Defect
0.0376671259415167,98.59186820355075,236.69907523591212,42.32019080504859,20.907994439552727,,,2270,13.09375,0,No Defect
0.04247404253269713,102.7629358702786,186.1178232976584,43.6979651734902,23.65167096051954,,,2271,13.096875,0,No Defect
0.04231247974172313,101.76159281393842,166.8307244367063,41.61014921971848,25.441206131638275,,,2272,13.1,0,No Defect
0.041129072802125105,100.75544182386324,194.08142546075698,46.051703180170236,22.467467017783857,,,2273,13.103125,0,No Defect
0.03866968575352147,96.54366631933615,179.8857352403974,43.52862193441443,24.05282576855543,,,2274,13.10625,0,No Defect
0.037075554828372555,97.28229688178664,227.96995526041167,40.39189503332459,22.00478856592275,,,2275,13.109375,0,No Defect
0.04083286708669675,101.01268801379359,184.41005306320997,35.0147362717108,26.28102304459203,,Ambient temperature high,2276,13.1125,0,No Defect
0.039720573221902644,101.0460652734104,221.77075111912498,40.50447630996164,22.3737822478237,,,2277,13.115625,0,No Defect
0.037598610048424935,98.35116916930103,228.6435745611692,35.01645335585178,23.54452005541848,,,2278,13.11875,0,No Defect
0.03879803829393664,99.16590458378116,206.21343991238206,35.8992860827551,24.666891052339263,,,2279,13.121875,0,No Defect
0.039723188830595405,99.00036497022359,185.53289163286982,38.32367527340295,25.237773235508886,,,2280,13.125,0,No Defect
0.040993327749963275,100.19835709733898,188.29754555767244,47.27511597352084,22.463991237189077,,,2281,13.128125,0,No Defect
0.03888313814568553,96.4488841259021,175.2244006144112,45.44719967573535,23.781477583021765,,,2282,13.13125,0,No Defect
0.03888295498772329,99.04760718543248,204.679515528364,36.949656825955195,24.456790361652875,,,2283,13.134375,0,No Defect
0.040320411913643155,101.32480328438157,206.89240056198147,37.69298959532399,24.115937599591387,,,2284,13.1375,0,No Defect
0.03935638952201462,95.2297314923968,142.7263700136872,45.91313024780123,25.64409341682758,aperture overfill,Paste viscosity low,2285,13.140625,0,Solder Bridging
0.03953268435796724,100.1932683952619,196.21299814923415,31.97156549317544,26.434561400905714,,Ambient temperature high,2286,13.14375,0,No Defect
0.03789837876347547,97.8606492306093,220.45527094579876,42.41498146153372,21.885579947238984,,,2287,13.146875,0,No Defect
0.0399660304875971,99.23952433646126,184.33234862411516,40.6609281993021,24.62977992892381,,,2288,13.15,0,No Defect
0.04103150820164715,100.7280236972359,190.4530319330338,45.76398854830065,22.772364791516875,,,2289,13.153125,0,No Defect
0.03898844746629284,98.07531459166734,181.3963053315323,34.3909744552011,26.63616144765667,,Ambient temperature high,2290,13.15625,0,No Defect
0.04106013011230291,103.7641738861837,230.8724291533032,37.884548249774014,22.597975829572118,,,2291,13.159375,0,No Defect
0.04102347626792892,101.79534117203866,196.41160690201923,36.49340556786029,25.119438286345478,,,2292,13.1625,0,No Defect
0.039754496163356565,99.52981266017433,196.8166273830843,40.61306908219765,23.87926683017885,,,2293,13.165625,0,No Defect
0.04223840757867366,102.27446609048378,173.72084785214446,39.12501953634856,25.750074302170376,,,2294,13.16875,0,No Defect
0.042476609731247686,104.20268005741015,202.575709609736,38.566106881085666,24.148221749567618,,,2295,13.171875,0,No Defect
0.040026304125825765,100.66288837463416,203.41494022248685,37.473006382621534,24.394638590844878,,,2296,13.175,0,No Defect
0.03995931051841038,97.0462875528797,151.54630973454567,41.99992520836897,26.25466412716788,,Ambient temperature high,2297,13.178125,0,No Defect
0.03858452118173476,99.01643925862996,215.27226381920167,40.18258026402417,22.86131908238411,,,2298,13.18125,0,No Defect
0.03989998418541664,99.4744095910185,188.28698826234987,38.82472920338918,24.927157348548743,,,2299,13.184375,0,No Defect
0.04096293282734879,101.7051771899797,203.77607340684173,43.26865259952657,22.68523223986251,,,2300,13.1875,0,No Defect
0.040216828993383816,101.8448317494119,215.55860840409395,37.77615969107251,23.560240244707867,,,2301,13.190625,0,No Defect
0.041753953696415616,102.06831781326042,184.28103285710128,38.04920301432748,25.417514292436554,,,2302,13.19375,0,No Defect
0.04266639273402371,102.45235598542273,179.23474897052594,47.12244586122206,23.080916493438366,,,2303,13.196875,0,No Defect
0.04228953920043085,98.68297804428687,123.92536404868193,45.23320729581363,27.02609752772627,aperture overfill,Paste viscosity low; Ambient temperature high,2304,13.2,0,Solder Bridging
0.040584867419576336,101.15273358384067,203.11859742066653,41.799960320714476,23.154077823693434,,,2305,13.203125,0,No Defect
0.03788120728058033,98.58790241888582,219.10549715942963,32.869562478870364,24.763990514687542,,,2306,13.20625,0,No Defect
0.04242652260448088,104.6456426769013,210.2440298315893,40.02052987219888,23.251581584118938,,,2307,13.209375,0,No Defect
0.03888437546668906,100.5212156128916,229.69213235377245,37.826554829463674,22.67044763720847,,,2308,13.2125,0,No Defect
0.04225459960505642,102.73142803883776,177.74817619056233,39.20074777131936,25.48115770092641,,,2309,13.215625,0,No Defect
0.042179463778033485,102.24591741197335,189.192900970698,47.537908557879085,22.34607159983383,,,2310,13.21875,0,No Defect
0.040884503445696545,101.61990366168382,188.3412768258053,33.99136990183281,26.344699275960142,,Ambient temperature high,2311,13.221875,0,No Defect
0.040297748481282494,98.98921157778054,170.31105993040416,41.599728866894104,25.221833784185264,,,2312,13.225,0,No Defect
0.039992794737100476,100.41629504520635,201.780086768455,39.45001925440098,23.919434426643793,,,2313,13.228125,0,No Defect
0.041728428009160566,101.57892063533569,179.89168464900828,41.33621610880027,24.7267673476382,,,2314,13.23125,0,No Defect
0.040571682360284834,100.05069674746056,189.10418497719002,44.86244538471416,23.120660855889305,,,2315,13.234375,0,No Defect
0.039772888061266054,100.55471786107782,207.154198742935,37.807271764765716,24.068546466139317,,,2316,13.2375,0,No Defect
0.041884134180088954,101.27128715028033,169.27429004931733,40.4507025753634,25.639195884134033,,,2317,13.240625,0,No Defect
0.04098184057087579,99.64309831403239,186.50474500575055,52.615352488079296,21.020917166704,,Ambient RH high,2318,13.24375,0,No Defect
0.04150867283203613,99.54883417592109,175.33001379402498,52.75246800685814,21.675166560999646,,Ambient RH high,2319,13.246875,0,No Defect
0.03677194615477086,97.58387765107832,226.13655934876837,31.956983035333145,24.58978154974376,,,2320,13.25,0,No Defect
0.0381254630878491,97.25153327905468,201.390012865012,39.13010088815223,24.02812440926678,,,2321,13.253125,0,No Defect
0.04115364178422193,104.72400794928676,240.06694234839955,34.97040374106625,22.893639647475627,,,2322,13.25625,0,No Defect
0.04005494325333874,99.77223343642606,198.99905664037712,43.92744562606425,22.786830562244972,,,2323,13.259375,0,No Defect
0.039453082988819936,101.35567809557195,226.45338023802537,34.34595410901259,23.89790918494911,,,2324,13.2625,0,No Defect
0.036825787610900634,96.03439293851771,207.10814445962646,39.4478321624172,23.56632744459543,,,2325,13.265625,0,No Defect
0.042598412627150965,102.3365370299624,189.50184992470014,51.46762243718733,21.189088188091006,,Ambient RH high,2326,13.26875,0,No Defect
0.040312546991831025,100.41762180395546,195.21418633944174,39.46925430185305,24.32427002268584,,,2327,13.271875,0,No Defect
0.040638676363308264,100.76621422940822,203.92821672535425,41.8088209645175,23.116225084342286,,,2328,13.275,0,No Defect
0.04124837417804505,102.91278040464792,210.36862874168182,38.505891390167754,23.682934497623332,,,2329,13.278125,0,No Defect
0.04259360909060759,102.36744900914744,176.7534054847501,46.45048448544954,23.433259706500653,,,2330,13.28125,0,No Defect
0.03879985027400294,100.87954642699682,241.6256953738894,38.81496914169604,21.655768815029127,,,2331,13.284375,0,No Defect
0.03846623926835412,97.8604620405381,210.72298449274467,43.71224369982081,22.121964056977518,,,2332,13.2875,0,No Defect
0.0386890644841764,99.95383179877477,221.42874095704695,34.648504346123325,24.11170572169089,,,2333,13.290625,0,No Defect
0.03719384334846346,97.36836711432865,213.16877426357422,35.370755497376024,24.390617036370703,,,2334,13.29375,0,No Defect
0.03860824256586127,98.79311577356226,208.5597072891598,36.00057039992113,24.508533885619343,,,2335,13.296875,0,No Defect
0.038276939841405705,98.06503500594746,220.00767254641548,44.77393902567936,21.24032953606428,,,2336,13.3,0,No Defect
0.04088179190162054,102.49593612361751,195.6890843044119,29.355010719255404,27.25442801464959,,Ambient RH low; Ambient temperature high,2337,13.303125,0,No Defect
0.03900557092551687,101.46603669487538,247.709400497733,38.284603986412606,21.44298771671878,,,2338,13.30625,0,No Defect
0.03823701947718401,97.57493989627451,194.631835141199,36.45304305992988,25.225037993144802,,,2339,13.309375,0,No Defect
0.04105008229436792,102.02745713648159,192.88332128630623,36.4076848560074,25.365562526924318,,,2340,13.3125,0,No Defect
0.041303961514991716,100.47047362776162,180.62130599530857,46.60026594288132,23.14577449448202,,,2341,13.315625,0,No Defect
0.043481975099556,103.69442553898647,181.49852331115892,47.53993870452453,22.837254837527297,,,2342,13.31875,0,No Defect
0.03709302560041525,97.73374253272242,223.97067313516047,32.600840356510965,24.544726539983234,,,2343,13.321875,0,No Defect
0.03962818605818605,98.47334923667225,182.9230660208711,39.53209528979004,25.060702822329286,,,2344,13.325,0,No Defect
0.03878999158172296,99.63479958965233,226.8295929584182,40.780145923764,21.995087522656487,,,2345,13.328125,0,No Defect
0.038208355185283364,101.55370499462585,262.3928861913154,34.330674045659364,21.691228609794095,poor paste transfer,Paste viscosity high,2346,13.33125,0,Open Circuit
0.03980172400954439,99.50983150679282,207.5532957451437,45.06474535504399,21.936960176210185,,,2347,13.334375,0,No Defect
0.039968104313382574,99.96573415020592,197.5031712837187,39.800896916802905,24.08876988777351,,,2348,13.3375,0,No Defect
0.04105921618937214,101.7554994587181,180.66440876896192,31.34481875252301,27.59774428890828,,Ambient temperature high,2349,13.340625,0,No Defect
0.041124154786307196,103.19717960539198,211.76459975778113,34.38342890307681,24.80535401930159,,,2350,13.34375,0,No Defect
0.042148805844358504,102.42017159645248,196.0939265136615,47.83411040686644,21.84718694792181,,,2351,13.346875,0,No Defect
0.040118633125647174,101.3334185791968,202.79555130235914,32.917435606882094,25.774944827608795,,,2352,13.35,0,No Defect
0.04126173233196096,101.16263631989948,180.7535537902751,38.77229435873344,25.42741330867807,,,2353,13.353125,0,No Defect
0.03665136126857647,97.74705697443466,241.68334347487144,36.70486041149837,22.256126661314987,,,2354,13.35625,0,No Defect
0.03884329961345339,97.12051205648838,183.10171670247266,41.75249086584665,24.395442332242304,,,2355,13.359375,0,No Defect
0.03986111711625958,99.20660370806988,178.9545745678182,35.36980549100624,26.521392472110392,,Ambient temperature high,2356,13.3625,0,No Defect
0.0404029091204223,99.68930566566577,192.25520414439066,47.37108602201411,22.202283280630976,,,2357,13.365625,0,No Defect
0.03730227586014843,99.40960564470288,256.615527772081,37.90146407478706,20.99806478617087,poor paste transfer,Paste viscosity high,2358,13.36875,0,Open Circuit
0.03904046278873165,96.74610179251408,169.69081583910895,43.47498600579849,24.712711970420777,,,2359,13.371875,0,No Defect
0.039999167358162876,100.1837818934968,197.4442984612875,37.84393256132416,24.667086139230598,,,2360,13.375,0,No Defect
0.03902222223069532,97.30578598332588,183.66705057992337,44.47071640828127,23.566645913875984,,,2361,13.378125,0,No Defect
0.038591614414607615,97.0973947595515,186.8514693168928,42.64026334572003,23.901221409328247,,,2362,13.38125,0,No Defect
0.04122441679208935,102.52267798651032,209.01587514142864,40.49318763268732,23.1931147742188,,,2363,13.384375,0,No Defect
0.039050044737585554,97.3408110303475,186.72309384711025,46.20380201168254,22.873764651006734,,,2364,13.3875,0,No Defect
0.04142958091225814,103.75819561723628,218.78778617256688,36.3125405369688,23.818287459540766,,,2365,13.390625,0,No Defect
0.039042447643324645,98.37255390732776,199.0444123917259,39.91182680492296,23.96161937873711,,,2366,13.39375,0,No Defect
0.04003355293048453,100.13817731944314,201.47213321522204,43.35142229104291,22.80866244097982,,,2367,13.396875,0,No Defect
0.041040410193257756,99.89968317446815,179.6906698900288,45.338733364351015,23.57840818317565,,,2368,13.4,0,No Defect
0.03981067788097346,101.29085680080587,211.5469537652755,30.49993185281138,25.950329683862893,,,2369,13.403125,0,No Defect
0.04081492375609785,101.14439894574404,204.12255660947784,44.73950387513779,22.251126850097542,,,2370,13.40625,0,No Defect
0.035955360291147265,95.77731518644367,232.72375999550434,38.72836572555439,22.214833714617612,Paste volume per aperture low,,2371,13.409375,0,Open Circuit
0.04073287849220164,99.5367764741595,180.4219669543888,47.22971148613695,22.974816882970213,,,2372,13.4125,0,No Defect
0.03803620056088949,98.07837027449693,199.94966322642793,31.69881541686643,26.29212781606328,,Ambient temperature high,2373,13.415625,0,No Defect
0.042914460459808804,102.78762855872068,177.07805016990469,43.94736410663854,24.161658598285005,,,2374,13.41875,0,No Defect
0.03734722107335908,97.22054881239218,214.73276198891398,36.982398228648485,23.838158302637467,,,2375,13.421875,0,No Defect
0.04014496387480861,99.83546066253552,190.98815906596468,40.11380014493074,24.40352046405565,,,2376,13.425,0,No Defect
0.041323921932221785,101.29072197404855,185.7127354896299,40.51685631042857,24.61964464889059,,,2377,13.428125,0,No Defect
0.03937400099586093,102.14899485460664,234.8787186367462,31.03074950442692,24.357838308611196,,,2378,13.43125,0,No Defect
0.039570090542130565,99.2608977960247,199.13636387251304,39.17965421073571,24.176593305347318,,,2379,13.434375,0,No Defect
0.04110026117474528,99.5998026109845,155.80093965127267,36.42802288828487,27.64837507103462,,Ambient temperature high,2380,13.4375,0,No Defect
0.04448794212748913,105.31641951349812,164.50733712703405,37.355953733685986,26.870070716971348,Paste volume per aperture high; aperture overfill,Stencil thickness high; Ambient temperature high,2381,13.440625,0,Solder Bridging
0.04044123578071275,98.84541698582623,172.67547013848943,42.59946913710268,24.806498218964055,,,2382,13.44375,0,No Defect
0.04045151877565641,101.58070357371228,215.40540620904798,41.73083715511314,22.436465417244015,,,2383,13.446875,0,No Defect
0.04124282759570207,101.76416491851295,196.87781608739832,40.26961040522489,24.00863614819984,,,2384,13.45,0,No Defect
0.040128512705664324,103.4303454426579,243.86204913441372,34.078351173332734,22.925346064257784,,,2385,13.453125,0,No Defect
0.039144662625592,102.1032662228413,242.35193326552303,33.35066605580887,23.219123224702006,,,2386,13.45625,0,No Defect
0.040454282364895434,101.60318613619,206.9859360709541,36.00003501729434,24.629207022174924,,,2387,13.459375,0,No Defect
0.04171251784872533,102.85864735077047,205.8405563311006,42.79405904225452,22.723982468577116,,,2388,13.4625,0,No Defect
0.040076370397411624,100.94369059845036,200.6432201203462,33.26851614374557,25.81329279703998,,,2389,13.465625,0,No Defect
0.04221599875287874,98.99684538013533,135.81320934724278,44.24031689657936,26.609374690612164,aperture overfill,Paste viscosity low; Ambient temperature high,2390,13.46875,0,Solder Bridging
0.03914608479952747,101.06598165300677,233.29164792258769,35.70824078058791,23.09163562595503,,,2391,13.471875,0,No Defect
0.040031015919699944,100.1912858391055,193.01070729859507,35.14963766237199,25.73288075761615,,,2392,13.475,0,No Defect
0.0400808108203538,100.29278294233988,210.28326897673378,44.987781784295464,21.799165379085252,,,2393,13.478125,0,No Defect
0.04045681732458833,98.67365235573895,165.05067393797748,40.35359982432567,25.93211570333343,,,2394,13.48125,0,No Defect
0.037608181116539505,97.98320279654196,212.95849179448288,32.99943220910427,25.115017985147414,,,2395,13.484375,0,No Defect
0.037687824960355595,97.42502815393249,196.8997365605493,30.213260755383715,26.915567107587215,,Ambient temperature high,2396,13.4875,0,No Defect
0.041253419106098296,101.46066827872326,197.37472043378537,46.890257682693225,22.040527581026875,,,2397,13.490625,0,No Defect
0.03909117116060313,97.3035010955463,178.80371590738284,40.358363960265194,25.077267152269144,,,2398,13.49375,0,No Defect
0.037945531569892,97.95621575496939,219.41037537753076,40.29796359765719,22.593353272662785,,,2399,13.496875,0,No Defect
0.042043372497383144,99.6943596934705,149.44117656384248,46.04991612741817,25.238646983833636,aperture overfill,Paste viscosity low,2400,13.5,0,Solder Bridging
0.040313939618354604,101.21367088994488,208.16144521130076,38.24405705871186,23.902665362289095,,,2401,13.503125,0,No Defect
0.03893638098426548,100.06687244833805,217.92220362524327,35.86151586625997,23.985743435415063,,,2402,13.50625,0,No Defect
0.0390933733473981,100.00216277141112,213.25766207046934,35.97858536700495,24.23956857974985,,,2403,13.509375,0,No Defect
0.03896280312502806,99.75357798126014,220.51986420455424,40.50787521464237,22.469989341063474,,,2404,13.5125,0,No Defect
0.040854480601546346,99.48206966911367,188.7815710693951,49.531085147014466,21.80412381505781,,,2405,13.515625,0,No Defect
0.04075013870007902,99.31611188189501,172.88368727836522,43.37351319449991,24.57274373550232,,,2406,13.51875,0,No Defect
0.03875932717496455,98.51567719071043,190.35564648195145,34.326507846082016,26.12184228100554,,Ambient temperature high,2407,13.521875,0,No Defect
0.04056860118822111,100.53288998196211,193.31266470004616,41.55881993318425,23.846210248447854,,,2408,13.525,0,No Defect
0.040437426880541,101.38816984042623,210.26107608628547,41.00576581053951,22.966742616674495,,,2409,13.528125,0,No Defect
0.04187044364055018,103.41412696359015,212.10133294315392,41.71032728648978,22.66375239112945,,,2410,13.53125,0,No Defect
0.04041650868556228,98.7213908713801,182.542285173118,48.751069622525726,22.408629029617973,,,2411,13.534375,0,No Defect
0.0389964071374584,97.3583031527705,180.48765776709237,40.72361022638302,24.866047442241765,,,2412,13.5375,0,No Defect
0.04028140656152536,100.82616933569629,201.9022327537968,39.00168074325814,24.064972786710417,,,2413,13.540625,0,No Defect
0.04122585131989773,102.37339118376207,206.8087399619586,38.393241611330495,23.95402017003465,,,2414,13.54375,0,No Defect
0.040791172607103264,100.86715017091217,196.54100024477913,44.21938746374654,22.872392093572984,,,2415,13.546875,0,No Defect
0.04218960050191795,102.40199866949592,180.14340473389296,39.701003336039584,25.212377450251328,,,2416,13.55,0,No Defect
0.0427103668337297,103.82965342576091,196.64998288838757,44.0250510748026,22.939077154626688,,,2417,13.553125,0,No Defect
0.041022957553734585,99.39987465061066,169.13949533598665,44.10206269126742,24.594238379174577,,,2418,13.55625,0,No Defect
0.04039688972693556,102.23923181178388,216.98166319667558,36.031316051661605,24.008395703807963,,,2419,13.559375,0,No Defect
0.037155714011484126,96.04393305234987,204.38909953055744,40.05350362716445,23.580032755161778,,,2420,13.5625,0,No Defect
0.037969347524583905,97.87213524130698,225.31709654286993,44.29419863127573,21.06760755254513,,,2421,13.565625,0,No Defect
0.040855290461759765,101.93554017309586,204.1699160201858,38.22359806302471,24.15885184489068,,,2422,13.56875,0,No Defect
0.04125113776830989,101.5554887765786,196.50653234361462,41.506511458139364,23.676893842369868,,,2423,13.571875,0,No Defect
0.041644518276076195,101.62272938893183,187.93197422804664,42.52734673015625,23.90704775201257,,,2424,13.575,0,No Defect
0.03894282657854815,98.84780124431829,210.44743713446576,42.92358090673641,22.38551724395452,,,2425,13.578125,0,No Defect
0.04340850905420737,103.89669551029027,173.32844854932964,40.29676179359477,25.466590015738422,,,2426,13.58125,0,No Defect
0.040754982120756685,100.77851754800531,193.9979171743422,40.09211057920339,24.24054489779484,,,2427,13.584375,0,No Defect
0.037989129556073524,96.62166816314283,197.93159800718638,43.604468132088186,22.946197835302915,,,2428,13.5875,0,No Defect
0.041219212143735855,102.69754291272143,214.7162491050451,40.68933296545652,22.79804175640507,,,2429,13.590625,0,No Defect
0.036160377931101724,95.89583815551151,231.6506404043105,38.60466564744413,22.329537319896698,,,2430,13.59375,0,No Defect
0.03834738481746045,98.56259708015934,218.7216210352293,39.23325882889365,22.955542712391395,,,2431,13.596875,0,No Defect
0.03927802513436925,100.27385299283083,219.32732779441577,38.1655072455313,23.235932740328675,,,2432,13.6,0,No Defect
0.04115195945045508,100.32488591279854,178.60563700264666,42.70150143820917,24.424947756243487,,,2433,13.603125,0,No Defect
0.04439091853889577,104.94672317423179,160.79585906557833,37.17728223156807,27.156836232199066,Paste volume per aperture high,Ambient temperature high,2434,13.60625,0,Solder Bridging
0.0394263767242305,96.90546694331138,163.95573713152754,40.02467039775905,26.09469833761503,,Ambient temperature high,2435,13.609375,0,No Defect
0.04000093812187116,100.46799226050365,204.6844878866658,37.2573960216497,24.408792156377768,,,2436,13.6125,0,No Defect
0.04334335529515275,103.94691980715561,179.3161401838508,39.70098541780244,25.27836265055345,,,2437,13.615625,0,No Defect
0.04078797897291566,102.25808224007596,214.5558058502852,39.86345115720202,23.044035296087795,,,2438,13.61875,0,No Defect
0.04088102320333462,100.0902566847,182.8165975495813,42.182618604102544,24.318527775757392,,,2439,13.621875,0,No Defect
0.0405754761235651,102.8343259153126,217.14420417119248,32.97888893547369,24.894105044411976,,,2440,13.625,0,No Defect
0.04131987580877456,102.47362470240026,208.32149135266064,42.643885059415965,22.61826792522534,,,2441,13.628125,0,No Defect
0.037589436035134476,97.64832954437576,204.777179947796,32.297340824214544,25.826201556970613,,,2442,13.63125,0,No Defect
0.039246266589791086,98.82800274538712,198.7189781546594,39.954100334167784,23.97896204151831,,,2443,13.634375,0,No Defect
0.040970941849891994,100.80973038155625,195.43863933627367,44.88642600116316,22.75342266856899,,,2444,13.6375,0,No Defect
0.04232218238169979,100.61217177696885,157.9592744245396,46.932069038725515,24.464759777929828,,,2445,13.640625,0,No Defect
0.04053841498654991,101.30998786781593,200.19492923676185,36.536684097198204,24.896899372973472,,,2446,13.64375,0,No Defect
0.039040353709661725,102.10642924660793,243.0872260742147,31.93903122311246,23.593770363866344,,,2447,13.646875,0,No Defect
0.038109996651221154,98.30574581420433,220.0961457180012,40.67518015042307,22.446799778758955,,,2448,13.65,0,No Defect
0.045122713018297504,105.50768689553975,161.61204342102906,43.60683055996559,25.235341235999506,Paste volume per aperture high; aperture overfill,Stencil thickness high,2449,13.653125,0,Solder Bridging
0.041610547397719015,99.97603812839735,179.58639172453846,53.246276161774404,21.290373467452408,,Ambient RH high,2450,13.65625,0,No Defect
0.03876677492111598,99.89047541683341,230.94778997389645,38.56413968917191,22.4081453528808,,,2451,13.659375,0,No Defect
0.03661296124849551,96.55489535642796,230.8793794846682,39.14531168134717,22.223923818738584,,,2452,13.6625,0,No Defect
0.04025431368623761,99.52133959519115,191.3091415404254,42.67272545858278,23.65127247990336,,,2453,13.665625,0,No Defect
0.03648483899817074,96.7634136136143,228.5644841091224,33.75798600700543,23.939099017670205,,,2454,13.66875,0,No Defect
0.04178639946608078,101.55893691746996,184.3572855295114,43.67084396136249,23.79603689977825,,,2455,13.671875,0,No Defect
0.043577051940609346,103.01484143651794,168.72158861940204,48.072101528304344,23.483589923418972,,,2456,13.675,0,No Defect
0.041055408094370145,101.42858647048554,187.6120363024463,35.891364362766794,25.862955720468936,,,2457,13.678125,0,No Defect
0.03919687961495056,97.54715393045682,190.04701571199382,47.72908543420723,22.239020317374504,,,2458,13.68125,0,No Defect
0.04220985138625178,101.8101815625926,173.30660292484725,40.506824122368826,25.40363086543997,,,2459,13.684375,0,No Defect
0.040394934325964825,100.34405431884822,203.6422832282116,45.00998128607523,22.211426277989613,,,2460,13.6875,0,No Defect
0.03881568460498291,99.75536608971835,227.3862750838305,40.720893627620356,21.994199152369326,,,2461,13.690625,0,No Defect
0.04284379358070139,103.46657942637044,181.1069999082029,37.963262392250385,25.67424940103677,,,2462,13.69375,0,No Defect
0.041310075948724066,103.74092834540507,224.84854363820045,39.424139731176474,22.54701593563516,,,2463,13.696875,0,No Defect
0.041083192097074915,102.2038158508894,194.10927068437852,32.658955013123794,26.409071874656235,,Ambient temperature high,2464,13.7,0,No Defect
0.040477387076551366,98.96116396955118,160.3312618584539,35.857035849830275,27.542474885271623,,Ambient temperature high,2465,13.703125,0,No Defect
0.03846257896403042,98.69455340665651,217.26103167275505,40.23944332930102,22.753136735065432,,,2466,13.70625,0,No Defect
0.03771404333712126,97.36108763409587,215.4374180165266,40.53442349805287,22.773429670851417,,,2467,13.709375,0,No Defect
0.03933311516612882,98.94861777532233,194.77719707761557,38.818558372928315,24.55380963773452,,,2468,13.7125,0,No Defect
0.04147848162055073,101.79115047745158,192.21071708918623,40.19971492788047,24.328644792667152,,,2469,13.715625,0,No Defect
0.038873527413387496,98.48430552090936,188.0906045170411,32.236843005813945,26.883843205026587,,Ambient temperature high,2470,13.71875,0,No Defect
0.04098657099010948,100.3787435502579,184.0940456953645,41.84981057016712,24.340844719862375,,,2471,13.721875,0,No Defect
0.042678733668296796,103.98098411873075,200.02792293629946,41.48396767096732,23.483789789862257,,,2472,13.725,0,No Defect
0.03706598848843465,96.7760944161295,221.32645343562177,40.01174770780139,22.559572723752247,,,2473,13.728125,0,No Defect
0.040512803637159124,100.29461825639301,195.99495894044574,41.55833740176396,23.693405325694034,,,2474,13.73125,0,No Defect
0.040107376090028284,100.36993168672447,190.98108941250163,34.72972690663046,25.98766591523881,,,2475,13.734375,0,No Defect
0.039865576575567295,103.00024282729085,238.6277136818918,31.29199987055148,24.06881568940414,,,2476,13.7375,0,No Defect
0.0398674856939716,99.47326264810941,186.53579885165937,35.81768631196547,25.943357802193926,,,2477,13.740625,0,No Defect
0.04213687467163724,105.0441137208574,230.87753899251345,39.83602595647968,22.06952508324147,aperture overfill,Stencil thickness high,2478,13.74375,0,Solder Bridging
0.03972287730877272,102.08499741214882,232.5069190616965,33.05185604622558,23.93192609491037,,,2479,13.746875,0,No Defect
0.041316759365542244,102.24877054065699,200.96729995673,39.9091213437912,23.87289141524496,,,2480,13.75,0,No Defect
0.040180591815292155,101.33497383677317,208.65917548110716,34.50301334838538,24.97368668422567,,,2481,13.753125,0,No Defect
0.04276533031858944,101.8546537508815,167.90474833465643,46.36296505325793,24.02885112433735,,,2482,13.75625,0,No Defect
0.039732323190431525,99.05775578548585,193.58863327026245,43.126036493464355,23.372646727442945,,,2483,13.759375,0,No Defect
0.038339181245481406,96.35738543923668,177.88038500821483,39.44961516612396,25.399148225849686,,,2484,13.7625,0,No Defect
0.0389433293627178,98.03685662673402,195.89859459215785,40.62760847334102,23.957668135789223,,,2485,13.765625,0,No Defect
0.04234690024889182,104.3799643030357,199.42663062871503,34.226448074924924,25.635623689607183,,,2486,13.76875,0,No Defect
0.03956821294805498,99.9977733181262,207.39870517347387,38.36174226660731,23.917734862264947,,,2487,13.771875,0,No Defect
0.04051236204461854,99.6928224484734,180.85479251207926,38.627315982538626,25.479798194263886,,,2488,13.775,0,No Defect
0.04341265624360016,102.40166350934477,152.90172772126635,42.619910658267095,26.047964011461474,,Ambient temperature high,2489,13.778125,0,No Defect
0.03965980161858703,101.52195608076806,230.77582933436142,37.036239130152964,22.87355584287487,,,2490,13.78125,0,No Defect
0.039125843401822215,100.28996512744364,220.11305254854403,33.73457110141557,24.49004624848509,,,2491,13.784375,0,No Defect
0.03732662659406549,100.19956880095987,252.71972846943083,28.33872679046526,24.047008545762967,poor paste transfer,Paste viscosity high; Ambient RH low,2492,13.7875,0,Open Circuit
0.039497932338425294,99.13994933824496,201.28679860121713,43.261534556017295,22.859218790257273,,,2493,13.790625,0,No Defect
0.04257160235440585,101.22412260781954,164.0890599741652,46.679999624444044,24.17071873920734,,,2494,13.79375,0,No Defect
0.042393701829373125,102.1231962304191,175.52168193483254,42.64504335855402,24.645026624847567,,,2495,13.796875,0,No Defect
0.03958803951995629,99.43070295816432,195.0737236979565,38.37284796423644,24.669267833921147,,,2496,13.8,0,No Defect
0.03976367387811757,100.16312057782342,215.29592118618945,43.04146257455181,22.070214337711814,,,2497,13.803125,0,No Defect
0.04121855655143527,101.39507682646496,186.24738206977582,36.06468787946149,25.903351168026493,,,2498,13.80625,0,No Defect
0.03905607882422915,100.27113268576947,227.92425136151505,38.618631038421924,22.581531051042525,,,2499,13.809375,0,No Defect
0.04088833034365291,99.57350197478671,170.67981199490328,40.15335236538478,25.66115086242013,,,2500,13.8125,0,No Defect
0.04203533386125997,102.04114062701139,181.79736595710926,39.13726768083622,25.28635106765697,,,2501,13.815625,0,No Defect
0.038642630041503936,98.80876824895556,210.14292182501512,38.11770140275778,23.81282233619367,,,2502,13.81875,0,No Defect
0.03989750846831804,100.5428577031426,222.3233995839728,46.028397092411886,20.76665182019642,,,2503,13.821875,0,No Defect
0.040005562315183395,99.3310080230904,184.85477707690987,37.8389246806997,25.459482968059685,,,2504,13.825,0,No Defect
0.04113641386693299,99.74750040544922,180.7661297570937,48.9058165583331,22.485961674538686,,,2505,13.828125,0,No Defect
0.04000055416591321,99.28188735849119,191.845512466448,43.52944221711477,23.365923184207638,,,2506,13.83125,0,No Defect
0.0373329471145072,98.25948820788112,234.54103881904862,34.87655924027602,23.256869909823028,,,2507,13.834375,0,No Defect
0.03850574647567126,97.56756015000389,196.53392019517202,38.90186049590494,24.420465026155647,,,2508,13.8375,0,No Defect
0.03868131378980873,98.38917183208255,206.969401138932,39.246124465130514,23.681497977123247,,,2509,13.840625,0,No Defect
0.04088372492242669,98.81219976391877,168.5307130382924,47.34806684695364,23.68969083679183,,,2510,13.84375,0,No Defect
0.03739937940959985,97.41503940807291,219.7469226686671,35.73012468169348,23.91584447727402,,,2511,13.846875,0,No Defect
0.03984771674486176,99.54683276174184,194.4722131137392,39.074091674529896,24.507128441629952,,,2512,13.85,0,No Defect
0.03924370969525865,99.9424000371262,212.95083697838183,34.75773963908707,24.63261827377297,,,2513,13.853125,0,No Defect
0.038138656617145376,98.48945497187124,220.73729131949943,36.23430413593465,23.715243868758918,,,2514,13.85625,0,No Defect
0.03806555694041555,100.10175780853362,241.78055932657634,32.23025774515218,23.591807161271316,,,2515,13.859375,0,No Defect
0.04060544759497393,100.09417860421276,187.93642543241694,43.29835638166828,23.677222061383546,,,2516,13.8625,0,No Defect
0.040104294337890124,101.95607473994298,225.8889436677075,35.389055647281026,23.66169433712111,,,2517,13.865625,0,No Defect
0.03797717090749116,99.81183772895386,234.9909252346901,35.19666167545442,23.131895217893067,,,2518,13.86875,0,No Defect
0.03861443927629476,98.6380339309775,215.47048333627984,41.600617916769764,22.470182136380743,,,2519,13.871875,0,No Defect
0.042177899831863125,102.01264261492179,179.11462458809308,41.22604837878092,24.84051218480134,,,2520,13.875,0,No Defect
0.04063516510506665,101.01023832408757,205.23483255825002,39.918433375352166,23.61186366347274,,,2521,13.878125,0,No Defect
0.040380160292962416,102.55226413449525,217.09482030294427,33.405272702967444,24.775087078023713,,,2522,13.88125,0,No Defect
0.04085050715218067,103.03081415481664,226.55030046802315,38.81749032206486,22.62188612878362,,,2523,13.884375,0,No Defect
0.03915907890465335,99.11466627234218,201.44046384385908,36.93348352007482,24.69947584341479,,,2524,13.8875,0,No Defect
0.04074623524207595,100.57862479066017,190.143297256822,40.392756812255705,24.394735394209636,,,2525,13.890625,0,No Defect
0.04335560953298761,103.2108740743628,171.9328073292079,42.41563284725254,24.94485321660985,,,2526,13.89375,0,No Defect
0.04241236106808438,103.75319965323986,205.285830395912,43.25037103972076,22.644475776408914,,,2527,13.896875,0,No Defect
0.03747770848237003,97.20513118031838,214.0648299036088,38.24156520154624,23.52750107731336,,,2528,13.9,0,No Defect
0.04280431870223139,104.35408091953465,197.08555555845132,36.55588148476485,25.110181401234417,,,2529,13.903125,0,No Defect
0.042364400017656526,100.5674917977537,167.3756461998782,51.11833964221155,22.673180832564654,,Ambient RH high,2530,13.90625,0,No Defect
0.042808617814588217,104.54868767239975,206.47748198559367,42.20404516998091,22.880258452771724,,,2531,13.909375,0,No Defect
0.039304173837135414,99.21777427649933,198.72328459044255,36.25954976912832,25.064939204868175,,,2532,13.9125,0,No Defect
0.03889500341663212,99.0582425628487,208.76094987406745,38.041832010382066,23.923856548079613,,,2533,13.915625,0,No Defect
0.039802840230562624,99.95805750743325,201.89144226244807,38.30574854504457,24.277016484451995,,,2534,13.91875,0,No Defect
0.04062002621344636,101.44754849257487,209.7649318193828,41.748140501359664,22.793007277665538,,,2535,13.921875,0,No Defect
0.040832577677498275,101.01763355408093,200.69770129240717,40.72272420416072,23.656316490719323,,,2536,13.925,0,No Defect
0.0427601194370724,99.52866830961375,134.94021620313373,50.34007973678523,24.891230625825834,aperture overfill,Paste viscosity low; Ambient RH high,2537,13.928125,0,Solder Bridging
0.03929555789769934,99.44458639267826,205.42532525391087,37.85979895046449,24.18600622286159,,,2538,13.93125,0,No Defect
0.041928334789375375,103.76409221453437,209.67449404325365,36.45844534461922,24.358798830591432,,,2539,13.934375,0,No Defect
0.03967998564074268,100.31794738949047,205.10656056565847,34.40798302120488,25.218098245969124,,,2540,13.9375,0,No Defect
0.04163305884242011,100.79834129380659,168.48900290904845,43.2983903659145,24.875066206343828,,,2541,13.940625,0,No Defect
0.039535596173735095,100.64621348342486,218.04886787369358,37.91324200746297,23.396184387632225,,,2542,13.94375,0,No Defect
0.04015875064253389,99.98580523252392,187.87406456104245,38.41680155427119,25.102417890665055,,,2543,13.946875,0,No Defect
0.03763448968482995,97.33202536127553,208.1972348863388,34.960285794301456,24.849379890792324,,,2544,13.95,0,No Defect
0.04173114592932826,102.76736751600468,199.38382557817667,38.982409837846646,24.248406570687173,,,2545,13.953125,0,No Defect
0.03694265279246779,97.66113820036311,224.16709982631323,33.176355458001225,24.380183296282873,,,2546,13.95625,0,No Defect
0.03967844370767524,98.64575709613386,184.98757335782014,42.41653555171562,24.10741356902165,,,2547,13.959375,0,No Defect
0.03730544791420075,99.24049344290454,254.21558337609378,36.40218858735687,21.60398100993093,poor paste transfer,Paste viscosity high,2548,13.9625,0,Open Circuit
0.03997400752851861,102.51842301480869,230.03053438368846,32.70226697456451,24.18762662910035,,,2549,13.965625,0,No Defect
0.03750749037132513,100.3378323290451,250.15205485707017,28.325450711985013,24.21118565286702,poor paste transfer,Paste viscosity high; Ambient RH low,2550,13.96875,0,Open Circuit
0.03930589035844448,99.8250240708993,207.59177910923106,36.3646928148602,24.48851262012953,,,2551,13.971875,0,No Defect
0.04201774969002493,103.76150332932477,205.11974730147833,37.08873364982028,24.451648595907365,,,2552,13.975,0,No Defect
0.04107724393353421,101.06196074884737,193.28579178123164,41.44546948832198,23.899039242808993,,,2553,13.978125,0,No Defect
0.042257527714784256,103.06534584352293,198.64478935963302,43.8250106499356,22.882943598512263,,,2554,13.98125,0,No Defect
0.040554540872290226,99.10260254506933,184.51984978948855,43.9067767505321,23.720069305828744,,,2555,13.984375,0,No Defect
0.04198437824865225,100.16727192365276,163.44688275443542,46.09416997208119,24.380559259796556,,,2556,13.9875,0,No Defect
0.0416452899338735,101.86591059746382,178.50998914279515,34.0528657659463,26.96940103001873,,Ambient temperature high,2557,13.990625,0,No Defect
0.040780853103801994,103.02393790809828,235.26709847357733,41.04571658855976,21.438728587022748,,,2558,13.99375,0,No Defect
0.04004257787332168,98.74711628994723,178.8144655376462,37.930118168756884,25.809216092863675,,,2559,13.996875,0,No Defect
0.04277379451432601,101.40744306861293,159.7467128430534,45.11613487067289,24.897468666051225,,,2560,14.0,0,No Defect
0.03694732353801513,96.63308382040076,217.38324496566366,35.71392792568721,24.061418334196638,,,2561,14.003125,0,No Defect
0.042486385939834136,102.0481294004615,176.92333953301016,44.91857867413605,23.897840990617365,,,2562,14.00625,0,No Defect
0.03893132353712037,99.01486212094674,213.1499009541852,38.870445964159046,23.41728535088056,,,2563,14.009375,0,No Defect
0.04248998501301981,101.50218455006929,169.64707905352478,45.966258366990765,24.03853819689501,,,2564,14.0125,0,No Defect
0.04083767850774649,101.0059835009436,187.4930598242605,36.648017213327236,25.65110523521341,,,2565,14.015625,0,No Defect
0.041633570235356215,100.71159631936968,174.8382344320762,44.67997764799624,24.08703279829381,,,2566,14.01875,0,No Defect
0.03812245409845199,96.75232580575303,192.61592174719738,39.17439876577349,24.57793914108393,,,2567,14.021875,0,No Defect
0.03853357895174591,96.96363528394662,192.25890241360253,41.98534805106634,23.783979554577577,,,2568,14.025,0,No Defect
0.04006366531336743,102.38341120509948,224.2573136453076,30.043655901862632,25.322519846908648,,,2569,14.028125,0,No Defect
0.04206827206020559,104.31046854599937,210.47860150461293,34.910939794666625,24.760292004864212,,,2570,14.03125,0,No Defect
0.036848986429075734,97.73793907891927,237.84087201583532,35.33554834448637,22.915331295396786,,,2571,14.034375,0,No Defect
0.0428524023515985,102.1436393845471,172.8696839309865,44.34240804047368,24.32262600083629,,,2572,14.0375,0,No Defect
0.0405067921570001,100.8818259980496,202.88499791093378,40.77847445458634,23.4986210889135,,,2573,14.040625,0,No Defect
0.040343293265081515,100.43908372440144,200.83818160223515,40.87310349059034,23.596213078796445,,,2574,14.04375,0,No Defect
0.03770793024382806,94.76546039018096,183.36055810474582,46.554308660605436,22.98707380057702,poor paste transfer,Stencil thickness low,2575,14.046875,0,Open Circuit
0.04053360458850418,97.6950795366389,152.06379261938108,43.170599186390454,25.91838723444097,,,2576,14.05,0,No Defect
0.03961257054283854,100.03895001471521,209.49762059457683,38.80265369977419,23.663443585850306,,,2577,14.053125,0,No Defect
0.041708027094340926,101.08902747302362,171.2994300126404,38.09074875661287,26.232897503363034,,Ambient temperature high,2578,14.05625,0,No Defect
0.04172888462387752,101.6160209514568,185.04272661108922,39.992452557919286,24.836148880822048,,,2579,14.059375,0,No Defect
0.03886604940369986,98.67798051730446,215.93512669797698,44.04534624373863,21.731390630201247,,,2580,14.0625,0,No Defect
0.03692226312116899,96.78064189413246,214.64639329635807,33.86263934084269,24.76679374913465,,,2581,14.065625,0,No Defect
0.04028765632001707,99.30541570293377,196.11651928330542,50.73456795607437,21.000251937493676,,Ambient RH high,2582,14.06875,0,No Defect
0.04061404669619848,100.68030906808099,195.47423103213106,38.66685410946526,24.57330745858745,,,2583,14.071875,0,No Defect
0.038024837883497066,98.49292103926385,218.85901454039168,32.143370963884394,25.026572921757413,,,2584,14.075,0,No Defect
0.03993345155193109,101.62859873980213,226.52390600544794,35.84625066808238,23.48824871256526,,,2585,14.078125,0,No Defect
0.038748610409204624,97.86989395633601,204.26222870453068,43.03062758659683,22.743663444421838,,,2586,14.08125,0,No Defect
0.037695697108689585,98.89210319328633,238.86132807721646,34.736370225510946,23.038859778275636,,,2587,14.084375,0,No Defect
0.04016255381903987,100.60901003264532,200.34339097702016,38.09106031160927,24.434044245238635,,,2588,14.0875,0,No Defect
0.04144727068480225,102.45166906663795,197.50981782221928,38.936146434275145,24.369729517580165,,,2589,14.090625,0,No Defect
0.041137325662254795,99.07687382903372,177.56660075337967,50.086725756326814,22.343227088617812,,Ambient RH high,2590,14.09375,0,No Defect
0.03826977796488621,97.39472740177655,207.0362604763851,43.247276720715746,22.50388112142524,,,2591,14.096875,0,No Defect
0.041896675329193764,103.19103813530177,198.2891448645684,38.514660186229484,24.4493577315958,,,2592,14.1,0,No Defect
0.038913323257818024,99.46924078937143,211.38511127466455,35.311842744848526,24.560287667548522,,,2593,14.103125,0,No Defect
0.03967461879123775,100.69057623101806,215.71234066666224,37.095526003419025,23.780362288398106,,,2594,14.10625,0,No Defect
0.041375252913594854,102.32913408203669,196.36551559855963,36.68829289776928,25.098700378256847,,,2595,14.109375,0,No Defect
0.03777121484842106,97.60612131907328,210.00287783345055,35.922271877202355,24.45642807040663,,,2596,14.1125,0,No Defect
0.03669073237656587,95.53769705567686,201.41573143030573,33.499768536801504,25.684500057077774,,,2597,14.115625,0,No Defect
0.039578584514660634,98.73488905348977,200.8145417111142,42.2135362383043,23.20526207547813,,,2598,14.11875,0,No Defect
0.03905331084378822,98.87667814895437,202.52601219099796,39.391291653647855,23.91079714801269,,,2599,14.121875,0,No Defect
0.04002041325174318,100.63282860595231,199.2012530581034,32.74001067279781,26.069628009117565,,Ambient temperature high,2600,14.125,0,No Defect
0.03845780961287725,97.3170977721136,195.13081861110126,40.089646311658086,24.157797717381424,,,2601,14.128125,0,No Defect
0.04187572357686301,100.4950758334994,160.5308818436613,43.16503194254539,25.40652065593124,,,2602,14.13125,0,No Defect
0.037719910206688,95.36853206255257,193.17589280874805,44.746355848351755,22.914810664152537,,,2603,14.134375,0,No Defect
0.03972309796865983,100.96566656236287,218.82716237329225,39.34012163934894,22.929172926210367,,,2604,14.1375,0,No Defect
0.0418467788812484,102.81657019757797,200.002842272981,39.18928856624592,24.151570076677558,,,2605,14.140625,0,No Defect
0.040887222715432096,100.05824741129214,184.23578365964897,44.41974049069354,23.579921501366,,,2606,14.14375,0,No Defect
0.04148601794516967,103.83433535383821,217.69955225876166,35.82784515852094,24.041327519983742,,,2607,14.146875,0,No Defect
0.038440993390182386,97.72467962633995,213.9452804540258,43.57324402470351,21.990377117199067,,,2608,14.15,0,No Defect
0.042657642291495525,104.1345131336016,203.6610805385099,41.140202071664476,23.362756118745747,,,2609,14.153125,0,No Defect
0.04049039809380008,102.4671032718277,225.59177145347678,39.78990411835473,22.38924378535684,,,2610,14.15625,0,No Defect
0.03996576895563815,99.39304789245556,186.9958644782916,37.47403515653029,25.433680201522822,,,2611,14.159375,0,No Defect
0.04091180176564585,103.65741106656179,234.2039067832261,38.21997466086124,22.324924821556998,,,2612,14.1625,0,No Defect
0.04291866839769619,105.96018534943431,223.46512910702413,37.52912387057422,23.20623493033798,aperture overfill,Stencil thickness high,2613,14.165625,0,Solder Bridging
0.04049037275092045,100.99742507491425,208.6420548393201,42.022394874158316,22.78100101575201,,,2614,14.16875,0,No Defect
0.03889345008323955,99.32795276844844,226.8668473164928,44.52584059275108,20.918352400820673,,,2615,14.171875,0,No Defect
0.04179074188189251,101.21543665720415,176.79750761176442,40.529025703046166,25.183164924419835,,,2616,14.175,0,No Defect
0.03926599853185197,100.7519707976438,223.89781827031663,33.709413316897994,24.26480386217657,,,2617,14.178125,0,No Defect
0.039214915988418614,99.3234370980525,211.42015335205775,38.74086032043715,23.561802105518282,,,2618,14.18125,0,No Defect
0.041108151129388815,103.0485641079784,214.88639999258658,35.32137352812239,24.359465401059303,,,2619,14.184375,0,No Defect
0.04045898539283639,98.46641815376368,171.593725801468,42.8751507648371,24.808255736184428,,,2620,14.1875,0,No Defect
0.03629760722598215,93.78761125310238,200.41254614273373,42.42830846666903,23.135760868391188,poor paste transfer,Stencil thickness low,2621,14.190625,0,Open Circuit
0.04221040170038667,102.54141297065816,194.44516666384422,44.04610162426194,23.075792660896205,,,2622,14.19375,0,No Defect
0.03894855957078579,101.1290838700305,238.2943188759102,32.21709544468114,23.81650722588801,,,2623,14.196875,0,No Defect
0.04054747145484888,99.07761653298579,171.6579574582583,40.499676120507445,25.494854670575517,,,2624,14.2,0,No Defect
0.03570273664165627,96.98035741643399,247.97359474146046,29.454057478302367,24.002541699904242,Paste volume per aperture low,Ambient RH low,2625,14.203125,0,Open Circuit
0.03995892087835022,101.44683089274456,224.43250051468308,38.15576795896232,22.937257506675063,,,2626,14.20625,0,No Defect
0.04083958986759431,100.19931808084937,181.11389740480695,40.15456283974349,25.016261505014953,,,2627,14.209375,0,No Defect
0.04005838473622541,101.3789864278649,218.04468198485256,36.952272599888126,23.680956642119835,,,2628,14.2125,0,No Defect
0.04074919271602174,101.10343024840094,206.05518320815222,41.95879715674277,22.961811427576862,,,2629,14.215625,0,No Defect
0.041377776989567905,101.60347859218139,188.44240068414328,39.71493934742199,24.69754861766948,,,2630,14.21875,0,No Defect
0.041364118759550324,99.60850384325458,179.03565142282008,48.59216703755451,22.689855170624327,,,2631,14.221875,0,No Defect
0.03985801207858267,99.27485758564802,195.75900437518033,42.087014296437694,23.54571908384946,,,2632,14.225,0,No Defect
0.03858108762782605,99.32378668619636,211.6356558959142,30.93345175504409,25.82014132730376,,,2633,14.228125,0,No Defect
0.038316319883831676,99.70842671499297,229.32699539566516,34.03046111263775,23.826317550515917,,,2634,14.23125,0,No Defect
0.041963612138034054,101.59406959834298,193.89914722148458,47.976822710736016,21.96007648976359,,,2635,14.234375,0,No Defect
0.04042661401121293,98.85380271050514,175.25111250748176,42.67921578214506,24.636041533090847,,,2636,14.2375,0,No Defect
0.04424553729759357,103.04018602471876,160.41920226577255,51.4338943901555,23.019118875292765,Paste volume per aperture high,Ambient RH high,2637,14.240625,0,Solder Bridging
0.03849512833651157,97.38288218453613,194.64592009339378,36.61592401232707,25.20529541516242,,,2638,14.24375,0,No Defect
0.03742150536933841,99.06795723724889,247.00508619626422,36.47527940909629,22.020253691192362,,,2639,14.246875,0,No Defect
0.04029040940331919,102.08471537716329,219.76715050443207,34.87567414276516,24.18219404395138,,,2640,14.25,0,No Defect
0.037702000082284,101.63143789365573,272.0844338341462,29.769794709573087,22.442889584923343,poor paste transfer,Paste viscosity high; Ambient RH low,2641,14.253125,0,Open Circuit
0.0415913961462542,101.52674545028925,189.4473135509693,40.28114698952305,24.47804088829137,,,2642,14.25625,0,No Defect
0.040899591832631546,101.36393872510986,208.5512667603198,43.39238891029804,22.389320903562744,,,2643,14.259375,0,No Defect
0.04183798779513443,103.59601666371773,216.9449779928023,40.87597138199405,22.616525627819417,,,2644,14.2625,0,No Defect
0.04596395771867912,105.99555122836207,148.8706385363244,41.707881840890835,26.582820390102533,Paste volume per aperture high; aperture overfill,Stencil thickness high; Paste viscosity low; Ambient temperature high,2645,14.265625,0,Solder Bridging
0.03720873871792957,97.31353376521318,226.4222935876934,39.422696412624596,22.418320354370966,,,2646,14.26875,0,No Defect
0.041503785874636115,98.56241631421562,156.22308874592088,50.81473214104525,23.434855474991664,,Ambient RH high,2647,14.271875,0,No Defect
0.03699059754681937,95.85880031963758,201.86396875262056,32.74065617270835,25.88142939152617,,,2648,14.275,0,No Defect
0.038612335483871975,101.91914915436799,255.68717477324083,32.76286900020954,22.5788298600252,poor paste transfer,Paste viscosity high,2649,14.278125,0,Open Circuit
0.03907800687760109,99.0838698558916,203.07367731107777,35.49537714642838,25.01589941493676,,,2650,14.28125,0,No Defect
0.039593160176037874,101.89261798956966,238.08256148369668,36.5042198542413,22.57609419862535,,,2651,14.284375,0,No Defect
0.04106555065675218,100.83422419184475,188.5099176427992,40.632489801006066,24.42398330459469,,,2652,14.2875,0,No Defect
0.04195888372708348,101.52074938702921,185.69789095035443,44.87305182989699,23.36656854761925,,,2653,14.290625,0,No Defect
0.03917639336328325,98.81508724218938,211.29605169203833,43.68860800736474,22.119275692150463,,,2654,14.29375,0,No Defect
0.03748283144148203,96.95473153040481,212.08664293558397,36.28015388264876,24.22178818304189,,,2655,14.296875,0,No Defect
0.039253516518165145,99.23185422381451,207.79934179216212,38.19549713874016,23.940014059583977,,,2656,14.3,0,No Defect
0.04013457830230866,101.55293274979296,221.4261801863403,37.10482815970373,23.42882586469303,,,2657,14.303125,0,No Defect
0.042969966537128125,104.03711208796153,197.07972505780054,43.46654892184614,23.084447587222467,,,2658,14.30625,0,No Defect
0.041870854535790036,102.48079246523311,202.4352148196871,42.56075342335938,23.01574141164515,,,2659,14.309375,0,No Defect
0.040273244144491516,100.23283013189854,195.79070543572553,39.473519817544876,24.30706977678173,,,2660,14.3125,0,No Defect
0.0390698622362098,98.3064397854368,188.39624040379618,37.06130376927514,25.453423280702005,,,2661,14.315625,0,No Defect
0.038976690920193846,100.03035119072135,227.70994938660755,37.16357639668977,23.017575643391638,,,2662,14.31875,0,No Defect
0.040504026684082754,103.41608039370631,239.77583903488733,35.63601548411742,22.733221634798227,,,2663,14.321875,0,No Defect
0.03870552585102522,97.49473807537753,203.69240069119317,44.81417081580824,22.252521578109647,,,2664,14.325,0,No Defect
0.04263375457592674,99.42023631762551,146.44221642943882,52.87808855131047,23.44129937871667,aperture overfill,Paste viscosity low; Ambient RH high,2665,14.328125,0,Solder Bridging
0.03855914529696501,97.43881245995782,200.6022349134049,44.62640573858272,22.489918016658127,,,2666,14.33125,0,No Defect
0.042201143845477004,101.81348241183161,176.28319199474615,40.21216988746956,25.30638103181501,,,2667,14.334375,0,No Defect
0.036429563350925474,95.3476538739747,210.75691262333976,35.98817116920529,24.377304304276983,,,2668,14.3375,0,No Defect
0.040630416474692364,100.47265196347207,191.3875450425766,36.6636730668426,25.40576358725952,,,2669,14.340625,0,No Defect
0.0383086013694832,98.77856380954368,226.59815041161926,40.7699101999299,22.022120342860177,,,2670,14.34375,0,No Defect
0.03976775659624198,98.9467818084013,187.9541720020156,37.04389086059119,25.497185927273367,,,2671,14.346875,0,No Defect
0.03969612235435025,97.9288656018484,175.2467468016643,39.33948795436636,25.60433338403437,,,2672,14.35,0,No Defect
0.041856663558487786,101.26014846623046,165.94926574269928,35.96404347235277,27.175383913039013,,Ambient temperature high,2673,14.353125,0,No Defect
0.039608792718276456,98.64748034388761,193.2451889118702,41.9023812589306,23.749216949057587,,,2674,14.35625,0,No Defect
0.04071771358523584,100.01301220854631,184.00471933981652,42.07414583002021,24.27148480324287,,,2675,14.359375,0,No Defect
0.04143832024041523,102.8936443532687,213.97065996969343,41.14501664727756,22.711454188371935,,,2676,14.3625,0,No Defect
0.040355088028252106,99.97123711844071,204.4442049916051,47.00531912750958,21.576426563938135,,,2677,14.365625,0,No Defect
0.040648406720880687,100.72085908484898,200.85538788577583,40.44951055557274,23.716915129908145,,,2678,14.36875,0,No Defect
0.03960317278350031,99.82490541731246,203.5066406472429,35.96423395725469,24.854026090601,,,2679,14.371875,0,No Defect
0.03817102685609808,96.74768135616712,196.2811113289555,39.395593400911565,24.284505507209264,,,2680,14.375,0,No Defect
0.04018276028305628,98.06955234140298,165.89308581338452,43.46329893497509,24.970300617103117,,,2681,14.378125,0,No Defect
0.03870149066421839,99.09805294815146,220.67754133033472,40.368406035895745,22.50405977246055,,,2682,14.38125,0,No Defect
0.041698437754230225,98.88673316830915,144.7464048165665,44.12847947935148,26.089451379883766,aperture overfill,Paste viscosity low; Ambient temperature high,2683,14.384375,0,Solder Bridging
0.038414122781223796,98.60174667364095,212.70645151667188,35.36695795091904,24.453277786303698,,,2684,14.3875,0,No Defect
0.04158092922960021,100.12660278790057,163.97136053004516,40.647166077794125,25.92663138961485,,,2685,14.390625,0,No Defect
0.03885570685084733,100.06095340625635,229.11915611217148,37.58807937956724,22.799966758760014,,,2686,14.39375,0,No Defect
0.042030287033894026,98.19461610058875,140.12702437841588,53.093784025436705,23.756234437478774,aperture overfill,Paste viscosity low; Ambient RH high,2687,14.396875,0,Solder Bridging
0.04221399268485657,101.97566122220435,182.54291032153728,43.216928329059584,24.040385054245807,,,2688,14.4,0,No Defect
0.04233839496096238,103.09652681893621,189.04974699629767,38.236079044401095,25.096477213912667,,,2689,14.403125,0,No Defect
0.04142991027753813,101.45575027541334,184.73393646655538,37.949275436430725,25.43766300763845,,,2690,14.40625,0,No Defect
0.040263012743033004,98.9838670928533,183.05034558482055,43.46455604755107,23.920051955128127,,,2691,14.409375,0,No Defect
0.03932012191245715,99.42693019274505,213.01754358817396,39.50453968464504,23.234638220932762,,,2692,14.4125,0,No Defect
0.042291619389788794,102.87979969846954,193.14313187958464,42.01560951085349,23.74014299811665,,,2693,14.415625,0,No Defect
0.04131075021660802,98.5082353626357,144.86594464398686,43.16321633212072,26.35738134641429,aperture overfill,Paste viscosity low; Ambient temperature high,2694,14.41875,0,Solder Bridging
0.04069840244042664,100.07722469931991,182.37809646077696,39.099661775737864,25.239235789166433,,,2695,14.421875,0,No Defect
0.04367055203970762,102.69136825892107,170.1378955127612,50.431954721725404,22.705782682676823,,Ambient RH high,2696,14.425,0,No Defect
0.041390141886178886,101.9647272118837,199.68082488990134,40.52333671165451,23.76787907670738,,,2697,14.428125,0,No Defect
0.03856369551458566,99.39125198478882,222.84955785356726,35.688999453677354,23.736052875677082,,,2698,14.43125,0,No Defect
0.040461420174628775,98.43075625359201,179.26927652080843,48.181458874525745,22.77712649747854,,,2699,14.434375,0,No Defect
0.04074937720730078,100.89186322027724,203.23382043664236,43.17230608000567,22.77058283972623,,,2700,14.4375,0,No Defect
0.04234980486764773,103.3353081340892,196.81730793046074,38.540203147300886,24.532735966901456,,,2701,14.440625,0,No Defect
0.039586524012079925,98.80147018524323,184.08132187688085,35.93280332927026,26.049322018222576,,Ambient temperature high,2702,14.44375,0,No Defect
0.03736473685251184,97.78865879798926,224.82580751169488,37.59995149562418,23.040266794093426,,,2703,14.446875,0,No Defect
0.039243061418685284,97.93211099137591,198.19226742155146,44.794413175791,22.595872645563304,,,2704,14.45,0,No Defect
0.04122961792534858,99.25718098811241,170.2496567689453,48.89395623314736,23.12374188580289,,,2705,14.453125,0,No Defect
0.041109506536082176,102.07327389996163,217.48414799518304,45.58168372693083,21.19371624440211,,,2706,14.45625,0,No Defect
0.04157215247532567,100.24306131644445,177.302090939849,45.1581368344697,23.790627878493737,,,2707,14.459375,0,No Defect
0.0346384513110903,94.99123701694626,243.6162523437903,32.38612984528306,23.390852980533428,Paste volume per aperture low; poor paste transfer,Stencil thickness low,2708,14.4625,0,Open Circuit
0.04195515760202508,100.36615005940348,172.5424876167714,50.569082365976556,22.498601710788094,,Ambient RH high,2709,14.465625,0,No Defect
0.041374666414032125,101.42054627841524,189.36366537086766,40.422648967461136,24.426906280307037,,,2710,14.46875,0,No Defect
0.03927339196582452,96.78637646733384,169.95647272891637,42.3711023922347,25.031849770546824,,,2711,14.471875,0,No Defect
0.040088554988362265,100.13416771242746,190.70251221937178,33.552991136378346,26.342066878250122,,Ambient temperature high,2712,14.475,0,No Defect
0.03885368715411968,99.4589932942581,213.91676911107345,33.88569997223819,24.81166336092641,,,2713,14.478125,0,No Defect
0.039488426944040304,97.89031351611874,185.1933129564896,41.32457862742304,24.407785775070632,,,2714,14.48125,0,No Defect
0.0397483457893997,101.75120796919316,234.41896887980323,34.75209604994704,23.311025311937346,,,2715,14.484375,0,No Defect
0.040096024155041224,98.70207724127206,164.590927387909,35.16713002133176,27.467840190137686,,Ambient temperature high,2716,14.4875,0,No Defect
0.04090614323874661,99.93192486030243,185.09256659700765,43.013097859519654,23.931374169941222,,,2717,14.490625,0,No Defect
0.0383988151715751,100.19620890739172,229.12416152297612,31.079066212922,24.689431677852802,,,2718,14.49375,0,No Defect
0.03914866238601709,99.18389424321077,213.89734188500907,42.449881767572,22.309842675875544,,,2719,14.496875,0,No Defect
0.03845079834344848,98.34003820352983,223.89062743640633,45.19135923323676,20.89101949084763,,,2720,14.5,0,No Defect
0.04138395090094863,102.11144821474991,209.0075254713368,42.69125965516192,22.561109347636332,,,2721,14.503125,0,No Defect
0.04012001886998103,98.86718398441649,178.1862319542664,38.20124313112953,25.75246144592191,,,2722,14.50625,0,No Defect
0.04023676370885325,100.52236000472024,197.047362387584,33.4766129195497,25.978112590606663,,,2723,14.509375,0,No Defect
0.04250147611504815,102.74925581470512,190.6761103268397,44.60457343900375,23.132596315261598,,,2724,14.5125,0,No Defect
0.04241411028689418,101.39886351026378,179.28281291326326,49.05832211824834,22.531224772972834,,,2725,14.515625,0,No Defect
0.03869897538011905,96.18055892132455,185.56570854825233,46.586733157694404,22.838574990394207,,,2726,14.51875,0,No Defect
0.0406535424385892,99.76198483232176,176.44949705243354,39.633839549935026,25.43862029980062,,,2727,14.521875,0,No Defect
0.03948963016446383,98.77737750631574,187.4893117773561,34.358798885226236,26.298785554895318,,Ambient temperature high,2728,14.525,0,No Defect
0.03917576809976969,99.01283190178152,194.0103227076813,31.31850316144169,26.783613864543614,,Ambient temperature high,2729,14.528125,0,No Defect
0.040656959982365966,102.75212979351238,234.20082367659614,40.00581433842385,21.791930591458268,,,2730,14.53125,0,No Defect
0.039449326671205785,101.93745968664597,247.44008793338782,37.781835747820175,21.61831679326845,,,2731,14.534375,0,No Defect
0.042513050742591645,103.07377510923277,200.82966324987873,43.39637886641591,22.86813768116334,,,2732,14.5375,0,No Defect
0.03910349606400967,101.20047001104412,247.24751652908958,39.19254824960768,21.215572483416665,,,2733,14.540625,0,No Defect
0.04310139902251848,103.000792809091,193.11779326196387,50.654220293141066,21.221916840697027,,Ambient RH high,2734,14.54375,0,No Defect
0.04150602575984425,100.84627150308013,182.91392885128036,44.51075987877379,23.624675894399022,,,2735,14.546875,0,No Defect
0.037051828995084884,97.33398766963711,224.45475187928906,34.71125599107895,23.902728403801177,,,2736,14.55,0,No Defect
0.0425592296795139,103.54345654627804,203.36880930706684,43.00926939487931,22.82130652852631,,,2737,14.553125,0,No Defect
0.04342375816934232,102.32355018216259,173.0961714831917,50.33161649554249,22.547175298394187,,Ambient RH high,2738,14.55625,0,No Defect
0.04051518607200512,101.24829331845051,214.33931501834445,40.34032616638674,22.91149212013116,,,2739,14.559375,0,No Defect
0.03880760419252772,96.66288355992387,177.05778653780342,38.80154643413822,25.63296606383543,,,2740,14.5625,0,No Defect
0.04200406327709598,99.8777494256662,161.07736711482028,45.663937097217925,24.636387008014204,,,2741,14.565625,0,No Defect
0.03891687494349746,97.34142480925736,194.59839863629372,43.19195863004128,23.275738427099917,,,2742,14.56875,0,No Defect
0.036138738197152936,97.17090799519204,250.9135303903142,35.751665238220355,21.969694878570873,poor paste transfer,Paste viscosity high,2743,14.571875,0,Open Circuit
0.042103474760312745,101.02758117474343,169.573288458033,45.42756388568693,24.176337172548223,,,2744,14.575,0,No Defect
0.04129093741661792,101.81760132562826,202.55133652262873,41.5056943524067,23.296514300177073,,,2745,14.578125,0,No Defect
0.04047299053059679,100.19770503250538,204.83097037394427,43.64414667059173,22.529536803644465,,,2746,14.58125,0,No Defect
0.04143031284459278,102.13302105449905,208.38104625529814,43.05185482500411,22.489267558560723,,,2747,14.584375,0,No Defect
0.03987426024427489,98.37153262261626,178.97826552592446,38.723780100264996,25.546072679710193,,,2748,14.5875,0,No Defect
0.03896228306113541,95.64961250558277,170.28185704726627,49.668374392886356,22.86923651693443,,,2749,14.590625,0,No Defect
0.03964705118298096,99.36478586040865,199.1067451964503,38.58880131192186,24.345586366392226,,,2750,14.59375,0,No Defect
0.03853715128743446,100.52222581700002,231.52559429915033,30.446669596202106,24.723282934515606,,,2751,14.596875,0,No Defect
0.04330614655823772,103.53702277534623,178.8005753718186,41.433111242129584,24.790443815419714,,,2752,14.6,0,No Defect
0.03801232623891149,96.79857057085506,190.50560600941978,33.29070525489972,26.408345172910366,,Ambient temperature high,2753,14.603125,0,No Defect
0.04052209916637287,97.72409221956963,160.34489797993356,45.903514913701976,24.593023270623657,,,2754,14.60625,0,No Defect
0.038897641478177834,98.14468931914219,197.7358070812802,37.4471440185571,24.75767309664995,,,2755,14.609375,0,No Defect
0.044013798291433474,102.8253211934825,154.6072147980831,45.355041402692535,25.13396240356174,Paste volume per aperture high,,2756,14.6125,0,Solder Bridging
0.0419101787402621,98.59792183172208,140.5298969606738,47.56996978840377,25.331831999034986,aperture overfill,Paste viscosity low,2757,14.615625,0,Solder Bridging
0.03857230193794054,98.92993247367102,224.14145598812357,40.25592845097882,22.313074387519272,,,2758,14.61875,0,No Defect
0.04079348158080887,100.0494124944007,191.51759640460892,45.91152351395443,22.677759690987987,,,2759,14.621875,0,No Defect
0.0401931813963379,97.70782002057477,183.0252353205836,51.44068468267152,21.584321915264802,,Ambient RH high,2760,14.625,0,No Defect
0.03993857283276091,98.66962662321073,180.63271348199822,41.09717379611063,24.743167064606077,,,2761,14.628125,0,No Defect
0.04338050625531364,103.2298585342393,177.20646596404026,44.17019563894739,24.087960655337312,,,2762,14.63125,0,No Defect
0.03818782973402422,98.07550803661145,210.30684321111852,35.91965197582705,24.422706263648067,,,2763,14.634375,0,No Defect
0.040500369885976675,102.46287923209346,225.4916356797699,37.053822059892475,23.177826600767773,,,2764,14.6375,0,No Defect
0.042272619540743045,103.5523406272753,201.24670554757145,38.92943679158815,24.132576135632934,,,2765,14.640625,0,No Defect
0.04086776963460425,101.00029856992072,198.42093886031788,41.552460251239964,23.526963530647855,,,2766,14.64375,0,No Defect
0.042843542572106805,103.79313492152636,193.95984587845453,40.46913950163101,24.13512105887383,,,2767,14.646875,0,No Defect
0.042645240376674436,102.5497066107547,182.68834944076215,43.139452308317814,24.044828501732745,,,2768,14.65,0,No Defect
0.03935839583938934,99.09207890040938,213.35341560872456,43.933557020232335,21.90547501549092,,,2769,14.653125,0,No Defect
0.03841499631906351,97.9187143194366,217.51574773962042,42.41952055577415,22.086308893887004,,,2770,14.65625,0,No Defect
0.040446456643841985,98.92547554819275,176.65155565579465,41.918897380624614,24.752953792544908,,,2771,14.659375,0,No Defect
0.04222693633043857,104.0071363749506,205.04314206192356,36.093228641412466,24.72604042355488,,,2772,14.6625,0,No Defect
0.04263740690544529,103.3424818389119,194.51899305345867,42.76239513829126,23.426627939497777,,,2773,14.665625,0,No Defect
0.0383864119959725,98.40609767172508,224.58780755238595,41.849136261135996,21.816862312370777,,,2774,14.66875,0,No Defect
0.039578187339583876,96.32503442131434,162.55863519674344,45.87271321698468,24.45502482384737,,,2775,14.671875,0,No Defect
0.03799172186391603,96.60883361643421,204.3778944127997,44.654469578127454,22.228865745104443,,,2776,14.675,0,No Defect
0.037661757930541884,98.54278214863277,228.63330456261025,32.52546519493731,24.284668838879853,,,2777,14.678125,0,No Defect
0.04122807330856318,102.24340378270682,207.01126996150614,38.52127326451686,23.887796037929125,,,2778,14.68125,0,No Defect
0.04098792180195118,102.28561764575878,205.33185778015317,34.25321116126994,25.23423100526442,,,2779,14.684375,0,No Defect
0.03991139529585976,99.37829514018655,196.39746489598883,39.39106549191711,24.275641344080896,,,2780,14.6875,0,No Defect
0.0363571119940704,95.94843065626023,222.5601109970287,34.182710885086266,24.16236019326305,,,2781,14.690625,0,No Defect
0.03850516569600183,100.11511949474628,246.26590308504325,37.27498218581586,21.82571002985866,,,2782,14.69375,0,No Defect
0.03930480163103152,95.26416246923272,145.05671767825945,43.256686409328,26.287035055072195,aperture overfill,Paste viscosity low; Ambient temperature high,2783,14.696875,0,Solder Bridging
0.041570042236786904,101.75028239240594,193.70435297989602,42.8516685037178,23.437225557759668,,,2784,14.7,0,No Defect
0.038979295332833654,96.12700982033965,159.54681354447243,39.24516074853973,26.56488979040157,,Ambient temperature high,2785,14.703125,0,No Defect
0.04031871552590098,97.73823352138496,161.40658542421423,42.32410367063563,25.5663805999844,,,2786,14.70625,0,No Defect
0.03930672262156445,97.70890100427667,182.12943737700238,40.958775082570824,24.68204952008273,,,2787,14.709375,0,No Defect
0.04106473392563029,99.64604709655956,157.9058480411007,33.98866949757909,28.220158696857546,,Ambient temperature high,2788,14.7125,0,No Defect
0.04060704250716024,104.64902970943855,257.5737657099859,37.600548157833856,21.041309194072607,poor paste transfer,Paste viscosity high,2789,14.715625,0,Open Circuit
0.038904428997911994,99.11196621572205,225.38794389035195,45.41128611156725,20.723832546525543,,,2790,14.71875,0,No Defect
0.040440366368820056,98.32698815182245,176.58294320156452,48.46961329577441,22.83722739119044,,,2791,14.721875,0,No Defect
0.03883920845765665,99.06091211621116,217.68952837188147,39.13663581381491,23.030641101783488,,,2792,14.725,0,No Defect
0.03969768110724197,100.74798795404898,224.36728095883691,38.16052754860947,22.9151062596385,,,2793,14.728125,0,No Defect
0.03955756259091917,100.26884240475869,217.23496201383583,37.303421629930504,23.600589859186552,,,2794,14.73125,0,No Defect
0.03942461608024508,100.32252558216827,221.9106854149712,37.73263558527532,23.186459679773048,,,2795,14.734375,0,No Defect
0.04228728369414564,101.29063893278497,175.165187753911,45.13114347486663,23.9160447425356,,,2796,14.7375,0,No Defect
0.03886150494133804,98.75268709207047,217.37850862639235,40.66775983944129,22.604199468314604,,,2797,14.740625,0,No Defect
0.0377537511021206,95.97259453124272,200.02584941704777,40.61682563868687,23.675397568069652,,,2798,14.74375,0,No Defect
0.041075400272624955,101.36373759700788,196.8347130287173,39.19865532338801,24.307596897532505,,,2799,14.746875,0,No Defect
0.03960997419260055,99.07900885425056,213.01912679527072,47.78346717610725,20.795733224949867,,,2800,14.75,0,No Defect
0.03913562423647706,98.76821056384645,196.82040733098873,34.291364230120166,25.727249612479984,,,2801,14.753125,0,No Defect
0.03909201758042823,101.33950421109093,232.99977175990023,29.090236625685716,25.02636208848228,,Ambient RH low,2802,14.75625,0,No Defect
0.03988911876238759,100.8352524974214,219.87679758490285,38.37466655517908,23.125842277423423,,,2803,14.759375,0,No Defect
0.03944504886453041,97.99197742100228,182.6072437908058,40.2740197483882,24.850150382140562,,,2804,14.7625,0,No Defect
0.04281309732329415,102.10394147235755,167.93665617832448,42.565948160690525,25.10828741316134,,,2805,14.765625,0,No Defect
0.04194391561678272,102.33681286913802,200.8521898562368,42.10990525286789,23.22114940516814,,,2806,14.76875,0,No Defect
0.03841518763835705,99.7518373454898,231.18184980226306,34.95136505037311,23.415974084953444,,,2807,14.771875,0,No Defect
0.038500176035277764,97.4715424543429,208.97398392746015,42.8007978235738,22.491146687304884,,,2808,14.775,0,No Defect
0.038638913679810434,97.96563344332098,204.47089291375028,38.22075443874132,24.105083509357307,,,2809,14.778125,0,No Defect
0.04049791969999683,99.13030086766577,176.35912613937464,39.16635130979453,25.56824078663623,,,2810,14.78125,0,No Defect
0.04164139503865913,103.34112967846107,209.6554458064008,38.340704588118555,23.76865648895609,,,2811,14.784375,0,No Defect
0.04188463292369719,100.67527496683165,167.67558490771302,40.44474347302377,25.73780096313634,,,2812,14.7875,0,No Defect
0.041008754684101346,101.61498519477048,198.35462778570863,35.397663844628944,25.32265303887752,,,2813,14.790625,0,No Defect
0.03980631954322653,99.26356657418226,191.90244232263933,37.78656736448911,25.00828382454817,,,2814,14.79375,0,No Defect
0.039122140489332075,98.28723857626535,202.44932110088402,41.15122769191804,23.375523714886096,,,2815,14.796875,0,No Defect
0.03875022741194903,100.87148632093472,243.84105079880882,34.21971774025211,22.856957284596607,,,2816,14.8,0,No Defect
0.039106340039883905,100.62703194715439,223.1084656245313,30.886100733463095,25.104318529668813,,,2817,14.803125,0,No Defect
0.03997271367362009,99.3467456338972,186.23485139000357,35.707735194712924,25.964570871472304,,,2818,14.80625,0,No Defect
0.0389075395943887,99.531227811736,226.02203029141756,39.69588750004348,22.350645674717835,,,2819,14.809375,0,No Defect
0.03624124144431571,95.41911996371972,227.1834775653537,39.410317896639555,22.342031823814555,,,2820,14.8125,0,No Defect
0.04396162003594878,106.05939407432615,204.98714391060642,42.5109974360608,22.856065583511757,aperture overfill,Stencil thickness high,2821,14.815625,0,Solder Bridging
0.038630199439933254,97.7416163552287,200.61832303348262,38.38738833006225,24.288669754509336,,,2822,14.81875,0,No Defect
0.04067141866756591,101.10405195198062,214.38059889735322,43.23500545813507,22.04633963619026,,,2823,14.821875,0,No Defect
0.035338660993479085,94.67972917528768,235.61093747660544,37.543874775823255,22.362130422748404,Paste volume per aperture low; poor paste transfer,Stencil thickness low,2824,14.825,0,Open Circuit
0.03955370058177516,99.46726359333755,197.5557380943169,35.371107234763194,25.36168931959662,,,2825,14.828125,0,No Defect
0.041206559722036185,101.87222325037786,212.02465928274194,42.36421909385117,22.449038594098283,,,2826,14.83125,0,No Defect
0.04098065497563689,101.27726852426345,195.04354426910712,34.52185759482049,25.78081925244259,,,2827,14.834375,0,No Defect
0.03973475492014571,98.71413408928646,196.73425399887012,43.39767157501646,23.070633542994592,,,2828,14.8375,0,No Defect
0.0366405947715185,94.88638003017901,220.25818173916295,47.19833308386649,20.491669840819785,poor paste transfer,Stencil thickness low,2829,14.840625,0,Open Circuit
0.039684034303076494,99.07832820556801,205.22799407506199,43.20717176386077,22.605390120140196,,,2830,14.84375,0,No Defect
0.03939397380687753,101.64249151251884,243.33070866023203,38.06761287993295,21.761913897010114,,,2831,14.846875,0,No Defect
0.04184043271949908,101.14704080995146,181.26509423663288,45.11944659322091,23.528636204594303,,,2832,14.85,0,No Defect
0.04035351196355146,100.63938054677764,208.25027525421243,40.300492021642704,23.27289078981404,,,2833,14.853125,0,No Defect
0.03774770468279336,99.36602578920974,250.20972590702473,39.664725512482335,20.858318734727167,poor paste transfer,Paste viscosity high,2834,14.85625,0,Open Circuit
0.0384888277802338,100.14911395585754,226.1231561903462,26.952105634953412,26.060215087427466,,Ambient RH low; Ambient temperature high,2835,14.859375,0,No Defect
0.04033393780471555,102.12350904696025,224.37916344202102,35.01810126958725,23.824909635382927,,,2836,14.8625,0,No Defect
0.04081677652104672,101.10309210199534,200.50209745008726,36.92588277653918,24.73927047284773,,,2837,14.865625,0,No Defect
0.042470299751458634,102.4233690202992,182.6385106416286,42.628762900947684,24.176004289875735,,,2838,14.86875,0,No Defect
0.039608048460271175,99.49693968118576,202.6664744201992,38.00408368576391,24.276769361616473,,,2839,14.871875,0,No Defect
0.037566100712034256,97.51192022463134,213.39736234911703,33.03004877118824,25.053738297514023,,,2840,14.875,0,No Defect
0.03951121194989729,97.68962242306081,182.27628095624473,41.085715214375,24.62874860453273,,,2841,14.878125,0,No Defect
0.039742600852741054,101.68039625005105,239.2324666321042,38.65064872007375,21.846136993479952,,,2842,14.88125,0,No Defect
0.039316037752302385,99.06596553088373,203.53779313561483,38.97458089323559,23.935035322490066,,,2843,14.884375,0,No Defect
0.04138910134001329,102.29626829340839,211.43379964627377,42.61473205585478,22.404991903144552,,,2844,14.8875,0,No Defect
0.042958526414597464,105.01593692039616,207.98327901682512,37.53287437856726,24.114380626825664,aperture overfill,Stencil thickness high,2845,14.890625,0,Solder Bridging
0.040958037394387845,100.39676504130969,181.494630939443,38.18955996838317,25.52951296163499,,,2846,14.89375,0,No Defect
0.04126243209497292,101.41957788548726,194.94052289652933,40.87591157218624,23.921230814969178,,,2847,14.896875,0,No Defect
0.039191352116686735,98.65673472279268,192.1617941733999,34.0987920104263,26.0557779789642,,Ambient temperature high,2848,14.9,0,No Defect
0.04059098993413806,102.2753687959374,220.69699691075832,36.553534970673226,23.59839692255931,,,2849,14.903125,0,No Defect
0.04407496790247307,103.9614216765383,165.31687904843363,42.034302338302446,25.42198140451959,Paste volume per aperture high,,2850,14.90625,0,Solder Bridging
0.0394389859745993,100.23506191527508,226.6314189732085,42.12170747052052,21.598104611285788,,,2851,14.909375,0,No Defect
0.03878513364863062,98.3767640346819,210.57694783511928,41.31101543261998,22.814169151965658,,,2852,14.9125,0,No Defect
0.039339220121385764,99.76065841914138,220.07969028214137,40.8778515815267,22.363138512012565,,,2853,14.915625,0,No Defect
0.039684477641540816,100.61706862071733,210.55031747638247,30.583330786374162,25.96075442407612,,,2854,14.91875,0,No Defect
0.04088951256593018,101.37558528257047,197.32447000607914,37.076198997622356,24.879420906006377,,,2855,14.921875,0,No Defect
0.03724435422055296,98.79790519530896,246.88949847731178,33.29337488201023,22.916836179235013,,,2856,14.925,0,No Defect
0.03649489296531999,96.96334098642053,238.55313488852588,35.13548703587123,22.883693258581392,,,2857,14.928125,0,No Defect
0.03759303232591302,96.50693164002223,202.43572523776734,35.96237543689007,24.866229698429088,,,2858,14.93125,0,No Defect
0.04074792925943078,99.98575791689758,182.82606320527904,41.08419734331806,24.594232987194754,,,2859,14.934375,0,No Defect
0.04024922075342458,98.95149008573676,193.88569534332834,44.93239605163488,22.795737419654287,,,2860,14.9375,0,No Defect
0.038789232705809085,96.96550814780036,186.9988358038804,39.753179257731304,24.71657262978785,,,2861,14.940625,0,No Defect
0.04004726967354545,98.92459179818992,186.4138967364746,40.25563656285641,24.614041663652454,,,2862,14.94375,0,No Defect
0.03974183441713244,100.50561868464291,220.0896286196361,40.0401807195409,22.60683702190068,,,2863,14.946875,0,No Defect
0.03805302590420572,97.12265090480369,217.25220785505684,44.03731756050388,21.602309891700358,,,2864,14.95,0,No Defect
0.03964697398064837,99.50877156970185,188.9053939942893,32.97886223851195,26.57746381797767,,Ambient temperature high,2865,14.953125,0,No Defect
0.04057147497418308,99.96097904626315,183.75610354975808,36.07297141684026,26.002881463792452,,Ambient temperature high,2866,14.95625,0,No Defect
0.04188832616198541,101.37881221071089,179.91335505042372,39.80305272515667,25.15968935307604,,,2867,14.959375,0,No Defect
0.04254670821445279,103.77483417931316,204.65964324031077,41.62675875145099,23.111650393143123,,,2868,14.9625,0,No Defect
0.03957244294140949,98.36203675158713,179.92804984714363,37.042146946675416,25.940886122080585,,,2869,14.965625,0,No Defect
0.042080120497658406,102.91117413622928,203.24501636039193,42.459211067071706,22.95033299167683,,,2870,14.96875,0,No Defect
0.04323138787699564,102.96660693017589,178.2025918066555,43.62481979584707,24.157905855726195,,,2871,14.971875,0,No Defect
0.04083016842641141,100.79298927551582,192.69006432615151,36.28901593745711,25.3929527602726,,,2872,14.975,0,No Defect
0.04208045411519802,100.9576530493134,171.38670795610204,44.587986357066825,24.280070406431918,,,2873,14.978125,0,No Defect
0.03873552650905207,97.41012222787606,205.9927260086695,47.787223692788146,21.19542910249192,,,2874,14.98125,0,No Defect
0.04136255332481847,100.28115956238373,191.48992986707785,49.172277348915614,21.705377403796746,,,2875,14.984375,0,No Defect
0.03981645882062755,99.1423656281981,206.92151885553326,46.11980548352322,21.636585294169357,,,2876,14.9875,0,No Defect
0.04044409628960614,99.01146128388952,178.10373482780972,41.03495176234862,24.894035213631923,,,2877,14.990625,0,No Defect
0.03807377502023297,99.316346222947,232.35754565306885,33.306717323250226,23.80290060181349,,,2878,14.99375,0,No Defect
0.03897701605392789,100.54382102279133,226.39543655884398,32.10066725109805,24.52721851460516,,,2879,14.996875,0,No Defect
0.03990563411917553,97.88509550846221,183.23966250389856,46.713486102695455,22.914770140978685,,,2880,15.0,0,No Defect
0.04123054358442455,101.3905319209766,189.4073313171687,35.54893289729058,25.809312836009642,,,2881,15.003125,0,No Defect
0.04053817241876029,99.47173903174696,180.69958021952567,38.85224012059371,25.37255130700374,,,2882,15.00625,0,No Defect
0.038528603242772005,95.92529875399394,187.47014947318678,47.397368346766086,22.443195226819523,,,2883,15.009375,0,No Defect
0.040237088372103644,98.72792235370186,180.70348611161916,41.378252194176504,24.631549418920294,,,2884,15.0125,0,No Defect
0.04348375724557307,102.5753195529882,160.93373937835807,41.67216624031208,25.784895771753487,,,2885,15.015625,0,No Defect
0.03712647252929414,95.79889286538739,217.20421168375287,43.39012630414303,21.778706359458653,,,2886,15.01875,0,No Defect
0.04370847574466709,103.69434485930923,171.94768573922522,41.0355391384341,25.295208071154267,,,2887,15.021875,0,No Defect
0.042184470971761145,102.59837245237057,200.54662201144848,45.77959479074479,22.140373681261856,,,2888,15.025,0,No Defect
0.03835677656208294,97.95385604131292,206.1245251704302,35.875630170325934,24.660704145706042,,,2889,15.028125,0,No Defect
0.03970755207920931,99.56647616168702,204.2732317517595,39.96067984679865,23.590824962858036,,,2890,15.03125,0,No Defect
0.03617968660313366,96.4578182628122,243.25490238883896,38.03949096605259,21.733043637721703,,,2891,15.034375,0,No Defect
0.038025855674219,98.3332301970413,224.50067447695545,36.81226854330474,23.257284029662152,,,2892,15.0375,0,No Defect
0.038353215761696154,100.33082458994775,243.90560072530607,31.541228840950673,23.61196584698729,,,2893,15.040625,0,No Defect
0.041668866559444726,100.85124970155705,171.86406379096562,38.1652422480774,26.11929376207179,,Ambient temperature high,2894,15.04375,0,No Defect
0.040855420493576114,101.52303014717081,200.64449448457097,34.961225873734286,25.28373974867027,,,2895,15.046875,0,No Defect
0.03850619869035491,96.7520675475659,184.95870063962423,37.98201594830816,25.342502632067596,,,2896,15.05,0,No Defect
0.03881022802170658,98.47406556555978,218.49792921403431,42.09623799310071,22.08971824875166,,,2897,15.053125,0,No Defect
0.04079152007898916,100.30298752718916,187.69548753528753,39.80357817888983,24.659819497323017,,,2898,15.05625,0,No Defect
0.036159107440651685,94.96378797952451,231.8217300798215,45.05074694970127,20.384630255064476,poor paste transfer,Stencil thickness low,2899,15.059375,0,Open Circuit
0.04204003339576892,101.71559419554515,189.79749328525605,45.473703802131304,22.88498402405986,,,2900,15.0625,0,No Defect
0.03943991953421126,99.31784037213907,203.63473637772415,37.18304281324018,24.43681135570553,,,2901,15.065625,0,No Defect
0.03862485530445689,97.90917454713679,199.59948220257058,35.756372793258116,25.095112288622346,,,2902,15.06875,0,No Defect
0.040699661198734076,101.58964463128854,208.57278729133628,38.539295692747174,23.744334918455504,,,2903,15.071875,0,No Defect
0.04087677830005843,100.72743093501211,198.0486549230426,42.950105001161596,23.103774845884715,,,2904,15.075,0,No Defect
0.04232189376066584,102.02450800138516,186.60419162776265,45.74099802608232,23.00190443242598,,,2905,15.078125,0,No Defect
0.03944617257736227,99.11596329953882,210.01525578346212,43.13147677429752,22.305409307569725,,,2906,15.08125,0,No Defect
0.037376051939056035,97.3460922082183,218.50184240378363,31.92118467812449,25.04584516775338,,,2907,15.084375,0,No Defect
0.040567679600693886,101.99063510867822,219.92307277678543,37.51602394949267,23.346735053573873,,,2908,15.0875,0,No Defect
0.037313705378061904,97.63956217424456,229.39061538746313,36.314342330479796,23.089655403604688,,,2909,15.090625,0,No Defect
0.03857734885529351,98.40631803638648,223.39578585135618,44.03388920104492,21.213135512542923,,,2910,15.09375,0,No Defect
0.037667626327424875,95.11735765990127,196.11375427613675,44.530760212900425,22.73808110212802,,,2911,15.096875,0,No Defect
0.04229800321236504,99.83405502274665,163.40994589829631,50.87320576084309,22.927611112805522,,Ambient RH high,2912,15.1,0,No Defect
0.03956977865690763,98.26921759052985,193.24184838362393,41.92645360233824,23.688162718021182,,,2913,15.103125,0,No Defect
0.03961637212812158,97.48751498769185,180.26506054938355,42.25083094529201,24.390688365169396,,,2914,15.10625,0,No Defect
0.04031757782866157,99.68072643735,195.40226632940707,42.45699014446342,23.402943336847017,,,2915,15.109375,0,No Defect
0.039887992348608715,95.18228511571559,143.72640312943153,48.78382974877331,24.72421958968978,aperture overfill,Paste viscosity low,2916,15.1125,0,Solder Bridging
0.040549135737902385,101.71819222504804,213.57047362742486,35.058461258244506,24.453131348516273,,,2917,15.115625,0,No Defect
0.03767695839837388,96.45380886482636,213.46121060044885,42.85122711580629,22.159556070962665,,,2918,15.11875,0,No Defect
0.03687446427256415,96.72413516805257,231.7921713964918,36.777982583533465,22.805148895919118,,,2919,15.121875,0,No Defect
0.04231388730644163,104.41295048405374,217.80938975854306,39.340764198515636,22.95279277357959,,,2920,15.125,0,No Defect
0.04365213250571972,102.5348254719074,156.50847213777115,42.431192977095535,25.822679983721333,,,2921,15.128125,0,No Defect
0.04384048908622881,103.63696821968614,179.34207409879545,47.00571221992852,23.087392605355124,,,2922,15.13125,0,No Defect
0.042568523404269296,101.3889573015502,179.10141578377724,50.60720034630117,22.037452632487593,,Ambient RH high,2923,15.134375,0,No Defect
0.04318116444998836,105.72589786311926,214.20001599519733,36.34195176372765,24.058075932149315,aperture overfill,Stencil thickness high,2924,15.1375,0,Solder Bridging
0.04390421101662345,102.96045502767605,169.75169364313857,48.00405383974883,23.385478064462518,,,2925,15.140625,0,No Defect
0.03878227450309056,96.85804913013709,186.92557621562634,40.4370441224909,24.499123595147733,,,2926,15.14375,0,No Defect
0.03991060799787668,100.35962092093334,209.93708724176184,36.63024664540867,24.207857408986783,,,2927,15.146875,0,No Defect
0.04355679409158207,103.47818178763315,164.85471242724662,36.80494951689168,26.9503511322801,,Ambient temperature high,2928,15.15,0,No Defect
0.043209732579380204,104.17905112753134,188.17996865986058,41.03945333084555,24.273668262292794,,,2929,15.153125,0,No Defect
0.042167760967938124,100.28657218211175,148.48561625450932,36.49203627842626,28.035939693655607,aperture overfill,Paste viscosity low; Ambient temperature high,2930,15.15625,0,Solder Bridging
0.04367359005917433,103.57834987897294,170.31607841541,41.29916328929806,25.30111864601166,,,2931,15.159375,0,No Defect
0.04107999918379578,102.283428270798,211.35524432375644,36.191584564575216,24.256930295112248,,,2932,15.1625,0,No Defect
0.04139550997155016,101.1508089880774,204.65724157621258,47.32063587369343,21.420402995107466,,,2933,15.165625,0,No Defect
0.040727192970532136,99.4694965583962,185.67225609324177,43.03818733327279,23.830055806125234,,,2934,15.16875,0,No Defect
0.043288768368322496,102.38074180548557,163.07714957644822,43.687779751177025,25.04166426743963,,,2935,15.171875,0,No Defect
0.03879475298274844,99.1693407137972,225.0502280133499,41.45030534045061,21.857336558590333,,,2936,15.175,0,No Defect
0.041036647223207774,100.04868199846585,180.22137538822315,41.95439589153343,24.477298094523515,,,2937,15.178125,0,No Defect
0.040483885612777826,100.30660556196851,192.48061680507683,38.06868341003849,24.855360050760524,,,2938,15.18125,0,No Defect
0.03654521361750874,96.52753508397015,226.22682451690693,34.421833152705204,23.817922072825734,,,2939,15.184375,0,No Defect
0.039379974023170054,99.47074536872583,211.39715144573512,39.45141429246187,23.282443791685196,,,2940,15.1875,0,No Defect
0.04287320048836026,103.1746473600017,195.9226744900363,46.978216182455576,22.06180977851171,,,2941,15.190625,0,No Defect
0.037766373930903444,96.64796311738452,216.75523018215915,45.376078042631306,21.20936622074589,,,2942,15.19375,0,No Defect
0.03509807919772657,94.43769231659246,231.52236550059493,33.925734609524945,23.628039601016543,Paste volume per aperture low; poor paste transfer,Stencil thickness low,2943,15.196875,0,Open Circuit
0.041524010267740975,102.43034824876052,208.67489935992177,38.36537424786979,23.788047681441682,,,2944,15.2,0,No Defect
0.04400753946107977,104.10798002456202,178.57546535071796,45.03595104495395,23.70146366593538,Paste volume per aperture high,,2945,15.203125,0,Solder Bridging
0.03585501564475914,95.15662130317773,226.87021053856148,37.404401589597924,22.899292150488815,Paste volume per aperture low,,2946,15.20625,0,Open Circuit
0.037136196947690006,97.31034591948261,224.25969497520413,31.85151758658215,24.695953580738042,,,2947,15.209375,0,No Defect
0.04094358610662917,102.19691741934379,218.0192167352403,40.02976447769216,22.71722771066476,,,2948,15.2125,0,No Defect
0.04017623994631087,100.69570397136681,196.02774788793562,31.275133604293924,26.616154393883523,,Ambient temperature high,2949,15.215625,0,No Defect
0.042022654664820844,101.43888982471812,182.3140835876901,40.93626194074684,24.65544087954657,,,2950,15.21875,0,No Defect
0.041091121628589355,101.42574676877346,196.55085682070674,36.42822535041608,25.088549633555754,,,2951,15.221875,0,No Defect
0.03879204803363219,98.96734284709078,203.4625111313827,30.469503273353347,26.384506626077254,,Ambient temperature high,2952,15.225,0,No Defect
0.04076440458651109,100.58815474368929,209.4038688568888,43.6192285524521,22.201534242174716,,,2953,15.228125,0,No Defect
0.03930223321678564,100.028199689877,225.79170317062747,38.63037116011146,22.63708141615571,,,2954,15.23125,0,No Defect
0.03929850830604864,100.4846599050076,220.27455297160984,32.86806582947044,24.655262499516876,,,2955,15.234375,0,No Defect
0.041836770171181994,100.75743848364604,176.6499497078156,43.85677153775858,24.14183847031172,,,2956,15.2375,0,No Defect
0.04154269056698,101.42040498896027,189.48165847687346,39.505451634713765,24.62419754803216,,,2957,15.240625,0,No Defect
0.0404341201042591,99.84373228120225,194.24560946551333,39.11790021728501,24.43863038136193,,,2958,15.24375,0,No Defect
0.04031501144173854,101.22340617930489,215.26727154491365,35.724676382249726,24.138909454521006,,,2959,15.246875,0,No Defect
0.039652258752211685,100.22201999143579,202.9462576649262,31.53847503755062,26.106647547320357,,Ambient temperature high,2960,15.25,0,No Defect
0.03884946375691644,98.54644797323905,206.1420636357624,35.778127635918395,24.668133632607844,,,2961,15.253125,0,No Defect
0.038763882282357186,99.25480411568012,216.84993869345226,33.59415695390609,24.648183153822,,,2962,15.25625,0,No Defect
0.04167103015547088,98.83825489222468,149.8678479770122,44.614472619286175,25.559868451239574,aperture overfill,Paste viscosity low,2963,15.259375,0,Solder Bridging
0.03740756240553378,98.51705814994503,245.08627059580422,37.1998506778265,21.848992739296133,,,2964,15.2625,0,No Defect
0.040786675070572716,100.96738294961452,211.56233452665333,45.71525015774289,21.444715407696314,,,2965,15.265625,0,No Defect
0.04110132629518644,99.82861457911024,183.08621285098943,45.006938293701864,23.401600451532705,,,2966,15.26875,0,No Defect
0.03978807201916577,99.7280964195457,203.58318157766598,38.14726355641934,24.136202522827954,,,2967,15.271875,0,No Defect
0.03994678900405033,99.83279064642973,212.88942680844778,44.08474864016081,21.83281562330718,,,2968,15.275,0,No Defect
0.03833359752377132,98.80194696808286,226.44796246986934,38.94213798651935,22.487104296872978,,,2969,15.278125,0,No Defect
0.036840939218995145,94.21431984218225,198.46355945572887,42.368817099788686,23.195327959903185,poor paste transfer,Stencil thickness low,2970,15.28125,0,Open Circuit
0.04019868662838369,99.57101836027678,194.96564285312397,39.33208940354901,24.323352721436752,,,2971,15.284375,0,No Defect
0.038983381414478845,98.08717728151566,199.12965568412352,38.579359687480405,24.276062439850744,,,2972,15.2875,0,No Defect
0.0397742527771974,100.69874447780336,229.22084002898956,42.76424746729673,21.21228761858947,,,2973,15.290625,0,No Defect
0.040568464382772236,101.28509950694355,211.49756392726275,39.85448315050384,23.1542858883729,,,2974,15.29375,0,No Defect
0.039374123848572785,100.13010477979715,221.07311089313893,37.159188610728016,23.346328676138295,,,2975,15.296875,0,No Defect
0.04028875918329688,101.17480598406013,220.85130786753464,40.861694612144134,22.285021910831166,,,2976,15.3,0,No Defect
0.04221188215448132,101.60007736511865,173.76522015863034,41.03788803578692,25.134287166125446,,,2977,15.303125,0,No Defect
0.03879928408582808,96.0393352085569,180.95865124884787,43.0540133439853,24.08381575395382,,,2978,15.30625,0,No Defect
0.041023129473213016,101.54789025714473,200.9652870735528,37.17366138322713,24.586985809445995,,,2979,15.309375,0,No Defect
0.039046164874661546,98.97601933950548,208.80346596253932,36.45933903140944,24.298805607585507,,,2980,15.3125,0,No Defect
0.04197056840864086,102.2166765866659,198.98269522782996,44.80211534296462,22.48530749143442,,,2981,15.315625,0,No Defect
0.0393766388603331,96.48413990482166,190.70164185306837,53.416224253230546,20.46111255647577,,Ambient RH high,2982,15.31875,0,No Defect
0.0378464469221088,98.72701683105596,245.27952439955067,40.562957159703245,20.852523812306664,,,2983,15.321875,0,No Defect
0.039758589245168965,96.43094167322009,162.36888750161987,46.29077452716605,24.27865449501866,,,2984,15.325,0,No Defect
0.03950579162062182,99.7720697814128,216.75200883657683,37.94558362193005,23.3823883343245,,,2985,15.328125,0,No Defect
0.04423694709366501,102.06964721677299,143.940742646131,50.18113321229504,24.305651457309153,Paste volume per aperture high; aperture overfill,Paste viscosity low; Ambient RH high,2986,15.33125,0,Solder Bridging
0.03910704110921053,98.95216119451325,210.36572145870997,37.58442200468921,23.873339542605304,,,2987,15.334375,0,No Defect
0.03951305051869125,99.2352371680656,201.05060725304187,35.40577201672884,25.08466157939352,,,2988,15.3375,0,No Defect
0.04298313198940563,102.66324537001361,176.86010567890557,43.008998241343384,24.37156652355212,,,2989,15.340625,0,No Defect
0.04324909893478119,102.8158211634607,179.69809915128013,44.83754194182879,23.66901552275881,,,2990,15.34375,0,No Defect
0.0404784743946217,99.97669924625264,192.2947471416979,38.41258384699113,24.74897539075651,,,2991,15.346875,0,No Defect
0.041093923647733226,100.49880125042574,191.26513133078944,42.3617800419612,23.662474693865065,,,2992,15.35,0,No Defect
0.03965136290105108,99.24530293813541,219.5893615385668,48.043798844616894,20.253950163644017,,,2993,15.353125,0,No Defect
0.04076186131971506,99.98801922438965,197.5933013369782,45.06431385143929,22.482594124314243,,,2994,15.35625,0,No Defect
0.03941870853189706,97.7346005618285,189.73724239540422,41.59759722998573,23.967099438658174,,,2995,15.359375,0,No Defect
0.03792298113934423,97.0750720877351,201.24751270302806,37.551467073887046,24.420546849873624,,,2996,15.3625,0,No Defect
0.04001706919243347,101.0759643052723,226.40012315658092,41.21715327252007,21.828785678274947,,,2997,15.365625,0,No Defect
0.042349970173268914,103.10702228448248,199.63924834475858,41.20195122650961,23.49420497015175,,,2998,15.36875,0,No Defect
0.03841782797901147,99.59800667099572,241.83920352878206,37.966595101384335,21.821100797521375,,,2999,15.371875,0,No Defect
0.039750541752453426,99.27206818987875,201.706403607296,41.122282842052186,23.367398236734935,,,3000,15.375,0,No Defect
0.03852793541707021,99.70557931216817,230.0526649819097,32.30716408126767,24.19685106649228,,,3001,15.378125,0,No Defect
0.039425934106313267,101.01781553185086,237.43012599365528,39.52140178370727,21.639668963025688,,,3002,15.38125,0,No Defect
0.04164581644381672,100.3085191695973,174.21840476619985,41.82248276623274,24.86734916656339,,,3003,15.384375,0,No Defect
0.04118987452931174,100.92552601807425,201.46648948623383,43.56763813097927,22.683002095681676,,,3004,15.3875,0,No Defect
0.037828807378260346,97.51208912454996,222.6315500929648,39.31200087781322,22.59759281853843,,,3005,15.390625,0,No Defect
0.03833072251290806,95.71868866763636,186.7455479013331,46.142623703132934,22.803803961976953,,,3006,15.39375,0,No Defect
0.04212578148683738,101.73940588063299,176.46383094656323,36.89933254441236,26.169060897785634,,Ambient temperature high,3007,15.396875,0,No Defect
0.039296512405485505,97.1401208365998,171.74394626142686,36.4817901888286,26.556732111986275,,Ambient temperature high,3008,15.4,0,No Defect
0.039988867070710164,98.89064796128861,192.500409748843,43.111015249053914,23.349303876430703,,,3009,15.403125,0,No Defect
0.03978900592718395,100.55538302113659,212.0221465182565,34.238216751182655,24.74277123681023,,,3010,15.40625,0,No Defect
0.03784854781696702,96.85552440277644,196.06669708564834,34.711847029019594,25.56217910521978,,,3011,15.409375,0,No Defect
0.04275875316006819,102.36067122643739,183.3068544838645,44.091803282530854,23.651279428202827,,,3012,15.4125,0,No Defect
0.04113140682272444,101.55065360837403,207.93334169958908,41.45018341319285,22.89818044560692,,,3013,15.415625,0,No Defect
0.03722722413985624,97.4625844548364,236.84398856792524,40.74339689293971,21.29500064965944,,,3014,15.41875,0,No Defect
0.038666849721750454,96.00299021706134,186.6057403459525,43.85914100461544,23.485930487774205,,,3015,15.421875,0,No Defect
0.03960985961971104,99.06901163333666,201.94563011307807,40.014871074713774,23.669708974488668,,,3016,15.425,0,No Defect
0.040025491253666376,96.66437047730304,165.05146042564516,47.27710482501881,23.817307218336044,,,3017,15.428125,0,No Defect
0.03858384104763861,97.38821012415313,208.0032096157944,43.6940241565767,22.21504222721176,,,3018,15.43125,0,No Defect
0.042054517295818356,101.47521594955887,187.43186183855812,45.611323505099044,22.943237623756122,,,3019,15.434375,0,No Defect
0.04256198341532552,100.25340658859174,161.2798618270739,47.44512054493382,24.02075391825736,,,3020,15.4375,0,No Defect
0.04323845772010865,102.50442756117278,170.19536265721604,44.104520474075635,24.44896391202332,,,3021,15.440625,0,No Defect
0.04316256063826896,102.9564556922579,177.51198156761797,41.42612490673743,24.783648670854358,,,3022,15.44375,0,No Defect
0.03890813591584742,97.9942286938037,199.06714222058267,37.43565945727697,24.59221991714212,,,3023,15.446875,0,No Defect
0.038208339493899124,97.94283980929038,219.77592737566513,40.15801335188013,22.518370267586448,,,3024,15.45,0,No Defect
0.03958134224545035,99.71237591619911,212.76076745832893,38.871879280301826,23.33664288843685,,,3025,15.453125,0,No Defect
0.039186132938301886,97.23070636873189,181.8408844468599,40.062947666353274,24.881126087989553,,,3026,15.45625,0,No Defect
0.043096769366513715,101.93397548990133,171.90949523555122,47.51432759278032,23.34539835139561,,,3027,15.459375,0,No Defect
0.04100224364036274,99.22452926440127,164.0373967803621,38.88820912211894,26.328909118068868,,Ambient temperature high,3028,15.4625,0,No Defect
0.0382949249420809,96.17917860400549,191.55073401605085,43.61833430124406,23.23584665051215,,,3029,15.465625,0,No Defect
0.04102666640042748,100.42986218460273,182.4890529786072,38.40159234034472,25.337513225084464,,,3030,15.46875,0,No Defect
0.04003761553743813,99.12802861427878,199.20767883219384,42.34470970157397,23.15699603468982,,,3031,15.471875,0,No Defect
0.03853932721142568,97.40807614269112,179.61803149552622,31.238980636625733,27.580326912580468,,Ambient temperature high,3032,15.475,0,No Defect
0.03866534049488272,96.7323850060527,187.2197237377593,40.75348702065884,24.340675089106295,,,3033,15.478125,0,No Defect
0.039753740001172135,101.59818510415786,226.05590289088735,31.881306520110712,24.558113762244666,,,3034,15.48125,0,No Defect
0.04109951123409318,100.79599512010068,197.03352487164665,41.94891502621535,23.410953489126836,,,3035,15.484375,0,No Defect
0.03930543903445405,96.28038603048994,168.3269167997197,41.91857743297151,25.167043863013753,,,3036,15.4875,0,No Defect
0.03954937103670371,100.643074003606,228.78422042405904,38.83522220768976,22.357541596597525,,,3037,15.490625,0,No Defect
0.03815831167497204,94.8421624444989,176.19628746032618,44.81506615974764,23.824696846788385,poor paste transfer,Stencil thickness low,3038,15.49375,0,Open Circuit
0.0390697194962624,99.20525328085293,214.6977095368515,39.52460161278433,23.01219313970121,,,3039,15.496875,0,No Defect
0.041668887397183704,102.18524502613684,192.77896298137244,36.827852877988605,25.166395499047866,,,3040,15.5,0,No Defect
0.041054764031572856,101.22443354404247,203.49817616590218,44.478080288249885,22.265757795850032,,,3041,15.503125,0,No Defect
0.04162858627704058,100.53952700183962,184.2728795075358,46.509129790135155,22.860331668731263,,,3042,15.50625,0,No Defect
0.0429033473606901,101.27351983587705,159.47992204011868,44.28363235172963,25.04199689557628,,,3043,15.509375,0,No Defect
0.04031208457769578,101.51448911788665,216.20826728008524,33.71492528327491,24.629535312253328,,,3044,15.5125,0,No Defect
0.03986575913649241,100.09786430791127,210.40734919840517,37.97534155996992,23.7358391680916,,,3045,15.515625,0,No Defect
0.040050177334719196,99.17477360743672,192.99626539035015,39.747258505897534,24.287674238110572,,,3046,15.51875,0,No Defect
0.04033746377306426,102.80442164006347,238.19090423387667,34.42892376651994,23.07023478255024,,,3047,15.521875,0,No Defect
0.0407194268394699,101.53223979626736,215.65467670802582,40.78518220490496,22.59696008870303,,,3048,15.525,0,No Defect
0.03808312704898867,98.0834709002289,212.78889288736335,32.73667920358248,25.102355912678075,,,3049,15.528125,0,No Defect
0.040621753495101026,100.57664647304006,204.15388982763164,41.62380749826314,23.056617384270407,,,3050,15.53125,0,No Defect
0.03954603254155958,100.26558325636918,226.2274644915699,38.98754445240804,22.466557934969586,,,3051,15.534375,0,No Defect
0.03873570990686587,99.61755971518467,235.45600213891626,38.47116466948471,22.043789292494914,,,3052,15.5375,0,No Defect
0.043190655159659544,103.24783698270035,191.97016590068313,47.94614429291551,21.975864307633895,,,3053,15.540625,0,No Defect
0.039669562333476495,99.23049790623705,203.75137825854407,40.94308539715764,23.268997846148444,,,3054,15.54375,0,No Defect
0.03489301969399613,92.69608165582953,201.9792195858908,31.308641278746535,26.153013385282968,Paste volume per aperture low; poor paste transfer,Stencil thickness low; Ambient temperature high,3055,15.546875,0,Open Circuit
0.040492617608089365,98.75456800689228,183.54429672539644,45.878557290084444,23.073840674348897,,,3056,15.55,0,No Defect
0.0374500967862864,96.96363772646428,230.31631527226563,44.56238951012315,20.562214217880477,,,3057,15.553125,0,No Defect
0.0387303053515095,99.4000719786687,222.42551392064382,34.04629605686998,24.131261085999036,,,3058,15.55625,0,No Defect
0.04017807496171364,98.86690780140201,188.15462019285746,39.37262482847008,24.6932056616693,,,3059,15.559375,0,No Defect
0.035771512868619744,96.70305044861101,254.33500420162176,33.745242183302324,22.23625417977273,Paste volume per aperture low; poor paste transfer,Paste viscosity high,3060,15.5625,0,Open Circuit
0.038298820110450355,97.90307196015024,219.03148230995572,36.638553606768,23.583340229803763,,,3061,15.565625,0,No Defect
0.039960614709664846,99.21269517775724,205.82576960924118,43.50429939902633,22.397404796967663,,,3062,15.56875,0,No Defect
0.03666769898464434,98.14741170430925,250.26463168077353,31.163946891170898,23.245421030689947,poor paste transfer,Paste viscosity high,3063,15.571875,0,Open Circuit
0.04110661494495224,101.06600136868302,214.08483743977845,48.839037153120316,20.338145873120347,,,3064,15.575,0,No Defect
0.03902362343106922,98.01694600729914,191.19880649577885,35.45209576488428,25.63320034371508,,,3065,15.578125,0,No Defect
0.03893316707923543,97.38449346055522,203.18929730704127,43.74236534252473,22.48016335293971,,,3066,15.58125,0,No Defect
0.03799473958570946,95.48879780174246,190.40222738694328,42.44302169947222,23.633220103479996,,,3067,15.584375,0,No Defect
0.0420053164782219,100.60513858401222,177.44898025695878,48.124367977106914,22.796489718357254,,,3068,15.5875,0,No Defect
0.041281915400366846,100.46778351560323,191.75219086114566,42.95917916529064,23.42785703787783,,,3069,15.590625,0,No Defect
0.0393194619330662,97.66061712828738,186.298903523941,39.704301475378564,24.693053030543652,,,3070,15.59375,0,No Defect
0.03929094956846124,97.7161311719317,188.6791075509504,39.35048843898312,24.650906418330315,,,3071,15.596875,0,No Defect
0.03719445458334639,96.78544095572423,218.91764336642993,36.135652368461514,23.713317313944543,,,3072,15.6,0,No Defect
0.03905714557932269,100.92191441372822,233.26281463832424,31.2056300758554,24.28968985425449,,,3073,15.603125,0,No Defect
0.0376546588998145,99.1724210591479,246.03209007717382,34.1008740267182,22.64884016811527,,,3074,15.60625,0,No Defect
0.040623964517108355,101.63085628810103,222.76000961453207,41.979500855888304,21.798467381762848,,,3075,15.609375,0,No Defect
0.04054462046555152,100.9113461097042,196.5771957337498,32.17476791123006,26.269336121625543,,Ambient temperature high,3076,15.6125,0,No Defect
0.041523720145278824,98.99681197563044,166.11181347404698,48.16248624312259,23.475705610194172,,,3077,15.615625,0,No Defect
0.03889636712045089,99.23267700759202,224.90778188261854,39.238983320743436,22.45376035784602,,,3078,15.61875,0,No Defect
0.03887201616874486,100.52098029893217,236.8739235803397,33.06143397706564,23.523632870328406,,,3079,15.621875,0,No Defect
0.04022049409281232,100.69565091360631,203.36505964205966,36.49459621867058,24.580510587483936,,,3080,15.625,0,No Defect
0.04081131418223285,100.17531692336932,192.27594676470503,41.034047598577004,23.944533826227712,,,3081,15.628125,0,No Defect
0.03998620968361699,100.47755975257037,210.939450739948,36.94958963422835,23.98413318886808,,,3082,15.63125,0,No Defect
0.04211592661547679,100.51634182318867,167.32081643333078,43.13961099870588,24.870330691497177,,,3083,15.634375,0,No Defect
0.041256648211879,100.33135086160321,193.52222939357912,45.427818355850576,22.589202606037563,,,3084,15.6375,0,No Defect
0.038650663273748824,98.68814383740747,217.5132484479176,37.18827995861897,23.499898314849013,,,3085,15.640625,0,No Defect
0.038861892931424426,99.11444658540215,214.18921463259926,35.05437552627807,24.327184434759847,,,3086,15.64375,0,No Defect
0.03884767354708878,98.22665340864344,218.45158707582928,44.50032014421052,21.307985173848287,,,3087,15.646875,0,No Defect
0.04038321175327042,99.3627283939467,199.77898307782687,46.56199997451939,21.862422934964652,,,3088,15.65,0,No Defect
0.04081847231226366,99.92024512799183,176.39532637894706,36.79294763545542,26.14990941573471,,Ambient temperature high,3089,15.653125,0,No Defect
0.043196761369700264,103.22955775265676,181.74444781444654,42.721769038126496,24.10997290931983,,,3090,15.65625,0,No Defect
0.04284948813047132,102.27232277225004,176.65983222657422,41.940390959806464,24.650265760150475,,,3091,15.659375,0,No Defect
0.03730708422223261,97.80223799556877,237.64473831068602,37.47592659854391,22.165126275498324,,,3092,15.6625,0,No Defect
0.042666333084683185,103.28373716691154,191.46647220652997,38.21340509212892,24.827188919113087,,,3093,15.665625,0,No Defect
0.04095885573822153,99.13264567590537,181.81889293737913,48.452750937154676,22.411510963794953,,,3094,15.66875,0,No Defect
0.039677272526602254,99.17763880692799,208.18287360915784,44.1638210569868,22.03497161903149,,,3095,15.671875,0,No Defect
0.03944658329274015,98.57726040018095,190.8588722637952,35.27988852184589,25.693211695529524,,,3096,15.675,0,No Defect
0.03951528941794117,96.97630846382182,194.18001704236093,52.366984738416214,20.500227801039333,,Ambient RH high,3097,15.678125,0,No Defect
0.038090359474372004,97.90718392427856,218.01013497708317,34.47275762256033,24.25493652882566,,,3098,15.68125,0,No Defect
0.041382627277466645,103.39423501774843,226.05755562109147,38.975525767545896,22.46577052712896,,,3099,15.684375,0,No Defect
0.039849468906720205,100.747436426397,230.60781411939323,43.5804666763578,20.82932157830308,,,3100,15.6875,0,No Defect
0.03988353735296065,99.718936563593,204.16697757202544,38.839689742995304,23.83672223651696,,,3101,15.690625,0,No Defect
0.04174420271363095,103.41606081629655,214.48242221239983,35.01873640084247,24.3377766573251,,,3102,15.69375,0,No Defect
0.04327654204215141,102.12414952613187,171.074089380754,47.75839722126592,23.2884744162918,,,3103,15.696875,0,No Defect
0.04001204427580808,98.27730622335655,169.57337035401844,34.20107830711959,27.315420942071086,,Ambient temperature high,3104,15.7,0,No Defect
0.04190876447468819,101.24300336528378,180.5586509405849,39.77242080764008,25.029525860122508,,,3105,15.703125,0,No Defect
0.04236261190235642,103.21828549049134,204.61536148476478,39.979752056398596,23.49798031666763,,,3106,15.70625,0,No Defect
0.04338697675573295,104.31773329366298,184.6856779005898,36.21278821839183,25.824194643918595,,,3107,15.709375,0,No Defect
0.038674365843735244,95.12792931599407,169.9530864052273,43.797119814369374,24.477585803697497,,,3108,15.7125,0,No Defect
0.03938309889282918,98.67482050356804,202.25124478760188,38.57936724696826,24.024968379818247,,,3109,15.715625,0,No Defect
0.036943285996492735,96.81543298482232,210.9635517657022,26.87332675569492,26.886071004190796,,Ambient RH low; Ambient temperature high,3110,15.71875,0,No Defect
0.038157472144839014,98.55734584580709,233.66983306501098,35.664053408993524,22.943735582172454,,,3111,15.721875,0,No Defect
0.034998122219615804,94.30898240191019,235.67187290527121,31.76704351473516,23.930742834162952,Paste volume per aperture low; poor paste transfer,Stencil thickness low,3112,15.725,0,Open Circuit
0.040497471775523756,98.85155933748642,190.3228308383441,45.000788596578275,22.891140602384127,,,3113,15.728125,0,No Defect
0.03600052097973802,97.81405977502291,263.99605335718286,32.718135449917156,21.91543540855239,poor paste transfer,Paste viscosity high,3114,15.73125,0,Open Circuit
0.04099796325677047,100.5600404850394,195.50454770289173,41.85310843470786,23.490546610977688,,,3115,15.734375,0,No Defect
0.03991890481534381,99.73566143779442,206.11359636856258,37.78863898556645,24.02080115986322,,,3116,15.7375,0,No Defect
0.04188340307200511,100.94078195689438,183.96603113576805,43.34444520694998,23.77175519394467,,,3117,15.740625,0,No Defect
0.0385327191943248,97.70065010439906,203.06595775084193,38.47203705115328,23.989586733705213,,,3118,15.74375,0,No Defect
0.04321588790849425,103.19943008284166,167.94368035265586,36.547837243814634,26.742835159867198,,Ambient temperature high,3119,15.746875,0,No Defect
0.04040097081938958,98.84581652918328,196.5384225793404,50.576408499469245,20.870294809155894,,Ambient RH high,3120,15.75,0,No Defect
0.03977848481239292,99.5529504114023,211.3067338467054,41.75666129721864,22.536690101321113,,,3121,15.753125,0,No Defect
0.038751939016107566,98.20081218179008,216.96502887320744,42.83927348430879,21.8639645571709,,,3122,15.75625,0,No Defect
0.041127724930996125,100.07559087548118,190.15267468846818,47.919690073855264,22.039039996196934,,,3123,15.759375,0,No Defect
0.04139424441388744,99.87334390162535,175.64244528314148,43.15790659469865,24.326378804834597,,,3124,15.7625,0,No Defect
0.0442839582994639,103.33375629356675,165.8456859781659,45.028517462150674,24.408370242761585,Paste volume per aperture high,,3125,15.765625,0,Solder Bridging
0.04198639344622626,100.74771977871467,160.2162358272923,35.97234720122226,27.373713522952578,,Ambient temperature high,3126,15.76875,0,No Defect
0.0412593950805907,103.33314268781909,223.5589702652759,34.09722605097762,24.031545579531805,,,3127,15.771875,0,No Defect
0.04034452124210519,100.41885861626645,202.47484357952987,38.440532539907814,24.0452580959142,,,3128,15.775,0,No Defect
0.04007519355515486,98.34535813974436,180.56526087175547,38.06307431195419,25.504079540496797,,,3129,15.778125,0,No Defect
0.04004581581623457,99.7388385929137,206.08363617862827,41.54187524478038,22.91610385262961,,,3130,15.78125,0,No Defect
0.04008464909000544,97.69796820595892,171.0252780643957,41.9943304063059,24.93485393258468,,,3131,15.784375,0,No Defect
0.04149607375613139,100.08116872634443,178.42735075268627,44.13985263446769,23.865158193610004,,,3132,15.7875,0,No Defect
0.04156676020261244,101.91631819780446,187.39759534108114,35.05547745497222,25.964088466115648,,,3133,15.790625,0,No Defect
0.039161433678340914,98.91405448576604,205.01157386003754,33.47218771828637,25.333528601150103,,,3134,15.79375,0,No Defect
0.03906052770574514,98.04031115628982,194.9357208041852,36.11045715327322,25.177220646565388,,,3135,15.796875,0,No Defect
0.03866033214033544,98.81185353263652,223.90079093982246,41.98955298540522,21.673557522110784,,,3136,15.8,0,No Defect
0.04042283295829713,99.05390674127796,187.6909887833805,43.32859545819644,23.521938961463704,,,3137,15.803125,0,No Defect
0.04136315629790095,98.97780960472859,163.56589840526937,45.02115306343456,24.513997534274342,,,3138,15.80625,0,No Defect
0.03964038882668084,98.89964955203847,195.13760883003647,38.833638922536814,24.36788271780548,,,3139,15.809375,0,No Defect
0.040553379503094567,100.53108352679287,197.25419874635892,36.79324039068991,24.84295064512583,,,3140,15.8125,0,No Defect
0.04241946197176294,100.36945468116541,157.62585560045449,42.19122197788272,25.715288040199994,,,3141,15.815625,0,No Defect
0.04276762568664381,102.91122160880123,189.51109313961874,41.33492598502696,24.010464335784995,,,3142,15.81875,0,No Defect
0.03856641699726456,99.03810378595489,219.43173579091362,32.9858259280593,24.57819634334999,,,3143,15.821875,0,No Defect
0.04150246843416467,101.71612868671781,192.69681578953947,36.459093508145095,25.226556011203556,,,3144,15.825,0,No Defect
0.038522832316388415,99.7462118840859,220.49827657861834,26.704029376147645,26.34521109179147,,Ambient RH low; Ambient temperature high,3145,15.828125,0,No Defect
0.035053484224861875,92.66575328571844,216.6429369670864,39.98141963449921,22.675979734526006,Paste volume per aperture low; poor paste transfer,Stencil thickness low,3146,15.83125,0,Open Circuit
0.042687636567985,102.683554034021,189.24933327994546,42.903545697394364,23.563494554136923,,,3147,15.834375,0,No Defect
0.03757442078846876,97.13758037211817,223.9017938829565,39.2366362292788,22.466539895582805,,,3148,15.8375,0,No Defect
0.041630445434410905,102.99455089718397,219.5749159927884,42.013721079088995,21.951488005002727,,,3149,15.840625,0,No Defect
0.04187138907738386,101.48996904105897,191.58029883628615,43.68135418113386,23.1845679670869,,,3150,15.84375,0,No Defect
0.03850418422047341,97.82570179190171,215.94198208168328,40.986573521155904,22.45139248436531,,,3151,15.846875,0,No Defect
0.04128199856585223,100.31861887207457,193.61118388815916,45.94443794766398,22.39528387136809,,,3152,15.85,0,No Defect
0.04075508386090969,100.16044486644304,188.53964838503902,38.10854581040907,24.98815038533919,,,3153,15.853125,0,No Defect
0.03781142538210496,96.95368786299163,207.74871106404956,36.39977074237371,24.283097777570728,,,3154,15.85625,0,No Defect
0.0378660063408655,99.52612943381631,245.4936936009686,31.698319182895347,23.34388179378588,,,3155,15.859375,0,No Defect
0.039223474730907905,98.54074340211557,201.93525877330367,37.160817686349674,24.430940356473144,,,3156,15.8625,0,No Defect
0.039502031484166575,97.04996850902599,181.85639458460096,43.34871674450422,23.858837331136126,,,3157,15.865625,0,No Defect
0.04207431865810933,99.93402263247461,148.9676757318941,39.149005569806555,27.11754731544849,aperture overfill,Paste viscosity low; Ambient temperature high,3158,15.86875,0,Solder Bridging
0.03962142903757705,98.63206324632017,198.74989062673103,40.18679661005342,23.7443576912851,,,3159,15.871875,0,No Defect
0.03743236919597133,97.43400380063909,231.1988384451136,37.03113614977978,22.65719987742017,,,3160,15.875,0,No Defect
0.041769187047824376,99.89448088264405,165.4366045599993,43.73536306335576,24.76393965529624,,,3161,15.878125,0,No Defect
0.03687419986118805,98.57375129932164,251.124970723768,29.977468055409485,23.48748834083038,poor paste transfer,Paste viscosity high; Ambient RH low,3162,15.88125,0,Open Circuit
0.0410872058667525,103.06362499819517,216.08945982667592,32.18177637180863,25.023106336226395,,,3163,15.884375,0,No Defect
0.03976142692141243,100.20545572030878,221.43120282438986,38.88766501578004,22.732121802437685,,,3164,15.8875,0,No Defect
0.03728882039037983,95.22367003687863,198.87620850314573,41.384051707816425,23.35874640376878,,,3165,15.890625,0,No Defect
0.03994445688469341,101.22816448132812,223.79210163404338,33.97220180787002,24.021907584397116,,,3166,15.89375,0,No Defect
0.04238423971414883,101.88958131941456,195.1369159382938,49.15069684047994,21.363388746905024,,,3167,15.896875,0,No Defect
0.04008883781662129,98.38810472850884,180.17816607539206,45.587307208581294,23.293281884683093,,,3168,15.9,0,No Defect
0.04149772122399023,100.09578437961325,187.38471002477687,49.28380049152319,21.790913532755425,,,3169,15.903125,0,No Defect
0.04318836415960072,100.66782664840879,143.00962584286563,42.80961847651569,26.420216771917712,aperture overfill,Paste viscosity low; Ambient temperature high,3170,15.90625,0,Solder Bridging
0.04056258576502012,99.23277972175016,198.5463330204843,50.565265229440875,20.7217469267013,,Ambient RH high,3171,15.909375,0,No Defect
0.04340092952386323,104.75109501989468,197.73217231845615,36.239650534734075,24.984450961365603,,,3172,15.9125,0,No Defect
0.03887879862745498,98.55708789863462,212.66029927032778,38.56601068842268,23.348247420821114,,,3173,15.915625,0,No Defect
0.03789104157960459,97.83616279471912,220.47158950867635,35.515078164096785,23.750887258496615,,,3174,15.91875,0,No Defect
0.03787038229050173,96.91061483724029,210.4074697411304,37.38261675145238,23.82396822289409,,,3175,15.921875,0,No Defect
0.03874701724047042,97.42827741049709,195.30790874909167,39.18849707838459,24.225597433162577,,,3176,15.925,0,No Defect
0.040800164156369716,102.78314721458487,228.29163498700527,36.92828833474913,22.878053664075132,,,3177,15.928125,0,No Defect
0.04178661037444861,101.16786203359507,190.1627401228001,42.4347320379812,23.622300759915376,,,3178,15.93125,0,No Defect
0.03894827898251746,101.27589501238889,242.4023480247452,29.670412844655456,24.11967196370923,,Ambient RH low,3179,15.934375,0,No Defect
0.04097368936867482,100.56151298170121,201.8559300612658,44.781316484152796,22.207882147092885,,,3180,15.9375,0,No Defect
0.03859588912616696,99.77948811472126,233.40554105686968,35.73985566900889,22.891133015335598,,,3181,15.940625,0,No Defect
0.038316940013005805,97.32203462419095,201.40722352600082,35.32219142819587,24.976928167927145,,,3182,15.94375,0,No Defect
0.04088984274952381,98.21346953149454,165.1591935743914,44.31286775159964,24.5958721567257,,,3183,15.946875,0,No Defect
0.040230780436965034,98.91074014550553,197.08381737865042,47.22888381620379,21.776618829985313,,,3184,15.95,0,No Defect
0.039139194942714894,97.28089511069616,190.05751635165126,41.57333646034677,23.8521978078649,,,3185,15.953125,0,No Defect
0.03795502665546712,97.29826334310165,212.23036166627523,37.43164206379144,23.689139345228874,,,3186,15.95625,0,No Defect
0.0419146383489384,99.666137792262,165.82369553199905,45.69730715397553,24.15712206682208,,,3187,15.959375,0,No Defect
0.03925452541392151,100.04444672494871,222.16137160873456,37.17269575922025,23.162721455475733,,,3188,15.9625,0,No Defect
0.039314552255286815,100.22276511188271,228.35933435851155,36.499886454939826,22.984709411356025,,,3189,15.965625,0,No Defect
0.040451315582516835,99.86872921827928,191.64469096131458,39.28252226980944,24.427849646549788,,,3190,15.96875,0,No Defect
0.041094443825911514,99.82379466034668,187.9336540976103,46.105927600711205,22.668939632297192,,,3191,15.971875,0,No Defect
0.03753540684860588,97.68634908915284,219.16215912664163,31.21991236090401,25.071410327521154,,,3192,15.975,0,No Defect
0.042119643495210794,100.99648905280883,183.89110059317136,46.083147789366116,22.933858240133404,,,3193,15.978125,0,No Defect
0.04358358432869282,101.57775725402308,155.9080981949174,50.86205888882588,23.258662475679035,,Ambient RH high,3194,15.98125,0,No Defect
0.04010746930651103,100.52506686468904,213.32968735056903,36.19969283669824,23.99867298130613,,,3195,15.984375,0,No Defect
0.036516240441504255,95.36124190825278,226.4307140870926,40.39369398595495,21.93849521167788,,,3196,15.9875,0,No Defect
0.04152931748659128,99.80468691911791,165.91467857055923,40.533756289833825,25.64723081753854,,,3197,15.990625,0,No Defect
0.03783685986658109,98.05482644816985,230.4299769421542,36.93040306391863,22.713430837502706,,,3198,15.99375,0,No Defect
0.040818161466305104,101.75637005374622,213.04019992103125,37.79088756531358,23.549652284637933,,,3199,15.996875,0,No Defect
0.0415293929512236,100.96417244642724,183.5089576952055,38.311784529377455,25.21656927484536,,,3200,16.0,0,No Defect
0.04316288358507733,101.91314092447512,172.53622882560228,46.78982982296009,23.42702795001633,,,3201,16.003125,0,No Defect
0.04263575330927906,103.0145063394917,185.88942770249798,36.568843351288805,25.587173467280145,,,3202,16.00625,0,No Defect
0.04024677070249347,98.1286559601876,172.84944748285565,41.58864733911558,24.89905324026829,,,3203,16.009375,0,No Defect
0.040031056005625384,102.64207803229365,248.44740073467716,35.88680566851795,21.926520574425908,,,3204,16.0125,0,No Defect
0.03830436845442275,98.12232453709177,215.70742127316558,37.77015945020467,23.365956130202417,,,3205,16.015625,0,No Defect
0.041101102564968905,98.94060875906597,166.76714120421613,43.713040144981065,24.65568696632904,,,3206,16.01875,0,No Defect
0.04195175869955892,101.94819092493151,193.92946541628157,40.27997303148362,24.002563907107923,,,3207,16.021875,0,No Defect
0.040329857659324155,101.05417285556332,210.2321467101787,34.75078279803148,24.60196554400972,,,3208,16.025,0,No Defect
0.041152606850389316,99.34247013514184,167.16946281009018,40.45144416178393,25.5829551585146,,,3209,16.028125,0,No Defect
0.04223498535098924,101.40569359744387,170.8209261955198,37.66688897923491,26.182511371998224,,Ambient temperature high,3210,16.03125,0,No Defect
0.0390734646520379,98.47410721630588,211.91834250061638,40.90141089816043,22.691202252922547,,,3211,16.034375,0,No Defect
0.039479972448880296,100.69995673331799,239.2418946897137,38.467526150016944,21.732658708424545,,,3212,16.0375,0,No Defect
0.04043508584182274,101.01318251689148,209.59226465567866,34.367457651833476,24.754366303998818,,,3213,16.040625,0,No Defect
0.03836334350618905,95.92352420102645,179.78447390397895,38.481898222919625,25.358902923610557,,,3214,16.04375,0,No Defect
0.041360955411549355,101.60421858293304,198.90469460804408,38.45412006810575,24.21917247302124,,,3215,16.046875,0,No Defect
0.039634173609232756,97.74158031195637,188.13546053379392,44.517315993449685,23.09280449544637,,,3216,16.05,0,No Defect
0.04222853236922047,101.7446044716753,186.64565011135176,40.89920313984101,24.26687518770179,,,3217,16.053125,0,No Defect
0.0402506638478025,100.64911691378776,207.8757254005474,38.22120641991882,23.72208921364912,,,3218,16.05625,0,No Defect
0.038420107828984425,97.8279164760354,227.75696457628896,44.13180413822768,20.7690547364204,,,3219,16.059375,0,No Defect
0.039438645342676285,99.7274935703798,224.50818092908705,40.91594772042059,21.912478205630787,,,3220,16.0625,0,No Defect
0.04386337386554327,103.31356749258741,176.8128349479426,45.7901781808715,23.450260593389977,,,3221,16.065625,0,No Defect
0.03969270624310153,100.09717129676103,223.78820849913785,41.10832936326957,21.900597290765678,,,3222,16.06875,0,No Defect
0.04266123548794055,103.12883113767967,191.62367643731,38.51883800622347,24.65346865332922,,,3223,16.071875,0,No Defect
0.041650899417529676,99.43122708666328,170.35452597944376,45.69128850454772,23.856831980629465,,,3224,16.075,0,No Defect
0.040029950290040237,101.13204962332544,230.3032313759857,41.75252480867323,21.310129759388584,,,3225,16.078125,0,No Defect
0.040249819359968186,98.09801368008058,171.21072209384417,37.60551952053013,26.15437884960441,,Ambient temperature high,3226,16.08125,0,No Defect
0.04011970606617697,98.74899749683473,188.12690333970278,41.60888418688785,23.94056136224521,,,3227,16.084375,0,No Defect
0.03804878559059275,97.33889657111534,208.2665014570021,34.9423819850325,24.635826472870935,,,3228,16.0875,0,No Defect
0.03952950588629974,101.19894745195212,243.57733060469667,38.55849890223121,21.42647105315583,,,3229,16.090625,0,No Defect
0.039908591722751914,100.77090955067422,217.98235861496366,36.55028961385172,23.581380291408873,,,3230,16.09375,0,No Defect
0.03865372505886559,97.12805675006939,202.66052141147802,42.553328014435586,22.76002638617408,,,3231,16.096875,0,No Defect
0.03938744702861104,98.65089362831245,193.73671422869523,35.703956066574264,25.310393508208808,,,3232,16.1,0,No Defect
0.03515823875659285,94.48326035037972,231.59466543706594,34.445101742379244,23.319285315407065,Paste volume per aperture low; poor paste transfer,Stencil thickness low,3233,16.103125,0,Open Circuit
0.03809085169981628,98.10793620750307,219.30085547656248,33.664843513707254,24.32963456639091,,,3234,16.10625,0,No Defect
0.03819029890931251,95.64161601018932,198.6512477908962,47.58957798446175,21.528629389038333,,,3235,16.109375,0,No Defect
0.039993952034684394,100.00582031514661,214.95826000603523,40.72681802219479,22.54851628140212,,,3236,16.1125,0,No Defect
0.03911868148726024,98.2231226065913,204.32222546024286,39.97745950814911,23.41020353181501,,,3237,16.115625,0,No Defect
0.04084719728395759,98.22838882465815,158.65989067826507,40.28433779742381,26.1352908812172,,Ambient temperature high,3238,16.11875,0,No Defect
0.03851881298296181,97.59656763243949,204.2179135213738,36.614728976272254,24.393352781749815,,,3239,16.121875,0,No Defect
0.042436393863910404,102.37862195124072,184.66480185910504,42.3967941834094,23.92775100940527,,,3240,16.125,0,No Defect
0.038996030546648124,100.18651617710829,229.5665490628004,35.83080415829957,23.064739739477815,,,3241,16.128125,0,No Defect
0.04248727426121296,102.09498105065994,192.70700992087757,48.390626807652,21.686062491584412,,,3242,16.13125,0,No Defect
0.04221896991667878,99.72469788597262,151.95775844957964,41.97665594272505,26.06111764540787,,Ambient temperature high,3243,16.134375,0,No Defect
0.04005742503204662,99.18372311326574,197.52394665394857,41.632626514495,23.34559244158623,,,3244,16.1375,0,No Defect
0.041903101520626485,103.62130074418316,217.54465995543453,36.778050920968894,23.551338223245423,,,3245,16.140625,0,No Defect
0.03800977966984977,96.46739137268288,209.24809039389757,42.37744156057005,22.393130420379364,,,3246,16.14375,0,No Defect
0.037408762186128125,96.81507167121816,227.48137818334368,41.76068142596497,21.446438796469888,,,3247,16.146875,0,No Defect
0.043494127628291135,102.69686070816185,170.8947685506189,40.69655203385411,25.284345974668085,,,3248,16.15,0,No Defect
0.04148192309961525,102.86247436919922,211.22885569196907,35.70018126897542,24.24504112872848,,,3249,16.153125,0,No Defect
0.04001949451646333,96.37858468509734,161.1603852641893,47.512329810996654,23.85506577528339,,,3250,16.15625,0,No Defect
0.03955794504234884,97.38820297975965,167.13830003665663,35.959736604900606,26.85553199314858,,Ambient temperature high,3251,16.159375,0,No Defect
0.04277886115419209,103.23397507948764,191.91707991494906,39.73641845924503,24.261039518008896,,,3252,16.1625,0,No Defect
0.04168171547592366,101.43855824922167,199.79301744730702,44.0171682000719,22.519554815272688,,,3253,16.165625,0,No Defect
0.03988727624984766,99.49056194551264,197.0563187221468,34.15269981536462,25.55420385990651,,,3254,16.16875,0,No Defect
0.03929321716159924,98.41159345682256,200.2017820034427,40.36041051083802,23.53719408105379,,,3255,16.171875,0,No Defect
0.03784785134001756,96.48695528432087,212.1206259715621,42.23606748305331,22.24863849915426,,,3256,16.175,0,No Defect
0.03802135413954919,96.46405515480727,199.74330920489524,38.319572333673264,24.15246054176738,,,3257,16.178125,0,No Defect
0.03880529844557145,96.79850174232874,190.28609836138043,42.19361270928714,23.605538357607063,,,3258,16.18125,0,No Defect
0.042528328654203314,101.63380710648549,173.33540546905527,39.150288626243714,25.56875180462285,,,3259,16.184375,0,No Defect
0.03970227925820062,99.25523487326241,199.7014861289014,36.145893437824164,24.802328661773593,,,3260,16.1875,0,No Defect
0.03982503683571968,98.28040899790814,180.06783850533986,40.14505819000307,24.83237531571959,,,3261,16.190625,0,No Defect
0.0403156144938807,97.3310391206364,154.08744586921355,39.00143841954535,26.76910287498343,,Ambient temperature high,3262,16.19375,0,No Defect
0.04219414495990925,102.04212739299707,189.53297693639178,39.843583218480006,24.36606323587158,,,3263,16.196875,0,No Defect
0.04161556552552628,99.31479990104289,166.07298816996604,45.273787534011554,24.212081364640493,,,3264,16.2,0,No Defect
0.04134249164334194,101.75304981562748,203.33036826656055,38.46020017158117,23.913901016744564,,,3265,16.203125,0,No Defect
0.041622501301235335,101.04098149408777,178.966652954374,37.13315223055883,25.795674380419847,,,3266,16.20625,0,No Defect
0.03520901737379346,94.86329415470045,238.07124044516115,32.50684231341939,23.470381483285657,Paste volume per aperture low; poor paste transfer,Stencil thickness low,3267,16.209375,0,Open Circuit
0.03974225204536639,100.88191742670699,223.71319295569356,35.954010365739606,23.3775543191701,,,3268,16.2125,0,No Defect
0.04131971653410302,100.6433328785788,192.22718864156437,42.53152854177634,23.40298304968665,,,3269,16.215625,0,No Defect
0.0355341589753718,93.00385113360996,211.3109758220925,37.49119011380804,23.66168145895185,Paste volume per aperture low; poor paste transfer,Stencil thickness low,3270,16.21875,0,Open Circuit
0.039905484123770915,98.14484987089727,181.86282495751556,40.25829514282684,24.68894638752529,,,3271,16.221875,0,No Defect
0.038332953974167853,96.90231432519322,197.95904351331197,34.545829332704805,25.362211992704943,,,3272,16.225,0,No Defect
0.04162576922050713,102.2703505084596,200.25152827557304,35.10624298658196,25.080886847039665,,,3273,16.228125,0,No Defect
0.041442368716131786,100.96137617808631,193.6118902832008,43.4335043435709,23.04971461930937,,,3274,16.23125,0,No Defect
0.03961740258175123,101.06745527257098,230.46916244269602,33.29528862014541,23.738766349138082,,,3275,16.234375,0,No Defect
0.03836820908533888,98.15061608002247,213.0970104978074,34.897970403948705,24.32219788687824,,,3276,16.2375,0,No Defect
0.03630677443900089,96.02309349095995,234.22525959349235,36.16355386264095,22.639191099433816,,,3277,16.240625,0,No Defect
0.03864412608007958,98.48245153581273,226.6848887020698,42.041089164929936,21.405251388102766,,,3278,16.24375,0,No Defect
0.03944065750183221,96.73919757177703,183.00353866425718,47.31323756030597,22.549088947692333,,,3279,16.246875,0,No Defect
0.039683539448364065,99.77494081011707,218.4194955279582,42.7273541588108,21.715041045918806,,,3280,16.25,0,No Defect
0.04011100525665401,97.71468839161209,177.077733782118,44.24431005216418,23.813850633477617,,,3281,16.253125,0,No Defect
0.04235484532374233,101.54002785097309,193.48525752644005,47.092434843809116,21.99814116834486,,,3282,16.25625,0,No Defect
0.03861112097063119,95.43184301371971,175.65772905645744,41.000333921449844,24.838516381487207,,,3283,16.259375,0,No Defect
0.040060474697976384,100.82873495279355,209.94784511839595,33.75132725372255,24.856598712270614,,,3284,16.2625,0,No Defect
0.04178949345291472,100.53288469446336,170.65671188806502,37.649501390953645,26.146761148114052,,Ambient temperature high,3285,16.265625,0,No Defect
0.040831069642582374,102.06496932182809,216.25007351438455,36.19351942098387,23.762643312158346,,,3286,16.26875,0,No Defect
0.040313635573973196,100.49182418031175,200.47559392918814,34.044131078106744,25.354680567158532,,,3287,16.271875,0,No Defect
0.034897246746861135,95.94694753232326,264.26397971626176,32.81358954926007,21.755372107384176,Paste volume per aperture low; poor paste transfer,Paste viscosity high,3288,16.275,0,Open Circuit
0.03700364179614226,97.00573897581306,231.54045469511652,35.086811257546785,23.11664435245623,,,3289,16.278125,0,No Defect
0.041325469635850445,103.13546796942589,224.77279525202073,36.20064741540412,23.24212664657188,,,3290,16.28125,0,No Defect
0.040722969816483455,101.35066443520081,203.38289835191625,33.8061168640643,25.24584894651952,,,3291,16.284375,0,No Defect
0.03958220094706502,100.09869279180823,222.59684159228507,39.767679210386234,22.31523696191465,,,3292,16.2875,0,No Defect
0.03859915225619573,97.92648950361657,201.4941233847481,33.46373032588214,25.443950477613665,,,3293,16.290625,0,No Defect
0.04310404467289569,102.92792336798348,187.4923989169891,45.6855609524695,22.767205417828972,,,3294,16.29375,0,No Defect
0.03971286913881769,102.17698395284978,244.40263190879088,34.55890047219818,22.496774605048422,,,3295,16.296875,0,No Defect
0.03742909365743239,97.13292706783508,225.80151281257125,37.17531784279686,22.85687433890238,,,3296,16.3,0,No Defect
0.038057324393000434,96.7335583391759,205.6929817879246,40.16722065850504,23.219216367167324,,,3297,16.303125,0,No Defect
0.04242912451587584,102.84670675789076,190.60118901431812,36.99950958068007,25.107429272205323,,,3298,16.30625,0,No Defect
0.03889998887199897,98.94867815590496,222.92243707249594,40.09928375175526,22.189152636102932,,,3299,16.309375,0,No Defect
0.03842663032882469,98.93872864326849,224.0304246533605,32.65381136975167,24.293447021067504,,,3300,16.3125,0,No Defect
0.04211478793707867,102.04405984335446,192.74304049743537,41.53592244879028,23.645635557207484,,,3301,16.315625,0,No Defect
0.03804161596491694,95.71283764805135,192.4257358750794,40.857962744873014,23.83031237008724,,,3302,16.31875,0,No Defect
0.04117595412980307,100.18564057738897,190.78994803308024,43.38119854418317,23.21898409971716,,,3303,16.321875,0,No Defect
0.04014038664952057,102.4857098511992,242.33895939861475,34.969481119024636,22.50376156780465,,,3304,16.325,0,No Defect
0.03749036129591698,95.48690784982303,196.07742402057605,37.568375601686476,24.559290886524554,,,3305,16.328125,0,No Defect
0.0403251251512871,101.2867905463772,219.5821296430801,39.28320883070831,22.635077484390784,,,3306,16.33125,0,No Defect
0.03973808767496362,98.32207062832053,198.25508871479266,41.24626926337729,23.374917262557346,,,3307,16.334375,0,No Defect
0.039813289989797586,101.1249466480235,230.12932784365788,34.89669795202003,23.271122676976475,,,3308,16.3375,0,No Defect
0.042909857202614574,101.38405809972474,161.2551876390127,43.748336740339354,24.92911528144635,,,3309,16.340625,0,No Defect
0.04221599189954131,100.26029096411042,157.11533969793595,40.473597595407675,26.135805802105704,,Ambient temperature high,3310,16.34375,0,No Defect
0.040634157629776575,101.84727842734294,210.55250043056722,32.73196722377803,25.102947142883792,,,3311,16.346875,0,No Defect
0.041488393851261726,100.15121010894713,175.36712045261183,39.7031530109119,25.235758475113666,,,3312,16.35,0,No Defect
0.040070318688494276,98.34421310511493,190.70781504932026,45.178294283652995,22.681747553379783,,,3313,16.353125,0,No Defect
0.04063715913175376,100.59791841359598,212.9903406692779,42.83978184737746,22.004453117908174,,,3314,16.35625,0,No Defect
0.04034802673212216,97.77174069247974,187.44492062035633,53.130109160944905,20.55970229896088,,Ambient RH high,3315,16.359375,0,No Defect
0.04010861500493142,100.10679101029702,206.04343706581363,38.37823684576886,23.723621474957064,,,3316,16.3625,0,No Defect
0.035576758170280824,93.82520440919832,210.52254914327276,34.47822057114624,24.548985478872837,Paste volume per aperture low; poor paste transfer,Stencil thickness low,3317,16.365625,0,Open Circuit
0.037559863483214155,98.52447872964702,247.05864723050078,34.973944101610876,22.185664964345694,,,3318,16.36875,0,No Defect
0.03899091214808501,99.2444682860685,213.22292115357055,33.15186997119394,24.800043939820473,,,3319,16.371875,0,No Defect
0.04082328973658663,99.816092376171,186.6592869314442,39.60996253602701,24.55843159636396,,,3320,16.375,0,No Defect
0.039274879930900675,97.19166874534777,190.741419409881,43.44028779097877,23.17678556279391,,,3321,16.378125,0,No Defect
0.04388127653897383,102.69403964469853,162.13122742242433,44.27757603161554,24.722512229282042,,,3322,16.38125,0,No Defect
0.03707839263528184,96.71304008280603,239.81091345291236,42.46619481751931,20.431875285501974,,,3323,16.384375,0,No Defect
0.0389244126645838,98.46727666025009,219.97876208953303,41.86978576287989,21.83746638979311,,,3324,16.3875,0,No Defect
0.03750344050971251,94.8917076037767,190.45929130974073,41.17058093402814,23.835865250516516,poor paste transfer,Stencil thickness low,3325,16.390625,0,Open Circuit
0.04050407315322013,100.1374628549678,207.9291004415711,42.45903857611245,22.416333484518127,,,3326,16.39375,0,No Defect
0.038554832764460534,100.4135381279724,240.91800720762797,29.862535183665372,24.054137604599802,,Ambient RH low,3327,16.396875,0,No Defect
0.040138777268917944,99.83415893236241,206.11019925683766,38.70756453277452,23.619681950528435,,,3328,16.4,0,No Defect
0.04155415195875088,102.5951115766864,208.93377693670982,37.15839087457928,23.90572274718111,,,3329,16.403125,0,No Defect
0.04196195264133362,102.74252894984562,206.80081108554455,37.99417433069969,23.799670259665024,,,3330,16.40625,0,No Defect
0.04096703765464621,99.43874244109821,184.48244528789343,42.06324169340041,23.972145664481857,,,3331,16.409375,0,No Defect
0.03744109836218246,96.41909906094575,216.9548700646296,39.6831639162535,22.640334431715136,,,3332,16.4125,0,No Defect
0.041104400874692984,100.33157603734251,190.95965140242163,41.30639379706458,23.791682561840403,,,3333,16.415625,0,No Defect
0.03706652195097178,95.32832493137388,210.14407516074746,39.140560616174156,23.215035052906963,,,3334,16.41875,0,No Defect
0.039437585896429574,97.57325060917502,185.99795443956052,39.73838149840312,24.539853767752856,,,3335,16.421875,0,No Defect
0.04068420911800069,99.70996396272844,185.29973334174684,36.47106492923637,25.54816395494058,,,3336,16.425,0,No Defect
0.038034895015882704,96.6195197229247,208.90316902353368,41.12131723887084,22.71709696316996,,,3337,16.428125,0,No Defect
0.039229975264457435,98.80146454498748,210.39913471179193,38.346143634540105,23.44578091735351,,,3338,16.43125,0,No Defect
0.041835613830964756,101.06490081046907,185.641724023232,43.320964046148504,23.528980848640085,,,3339,16.434375,0,No Defect
0.042754965468934765,99.71988903110068,153.82902550070207,50.99627266450708,23.247544917567186,,Ambient RH high,3340,16.4375,0,No Defect
0.04043759080766297,101.06641827175464,210.09423933815847,35.829954962767644,24.204604981182264,,,3341,16.440625,0,No Defect
0.038137158894120116,97.20841301485207,213.42693160355867,38.25019305953562,23.27757057604933,,,3342,16.44375,0,No Defect
0.03976511480809692,100.066791599657,219.86467910173843,38.59935972704854,22.793215737101768,,,3343,16.446875,0,No Defect
0.038546036849782354,95.69957215695426,180.36198455530956,42.731277367020404,23.994881462422537,,,3344,16.45,0,No Defect
0.03999726613080867,98.70696887431242,190.2773095037383,40.0212541502052,24.190996522263056,,,3345,16.453125,0,No Defect
0.03939453144033433,98.36606784475775,192.44662982536215,34.822708806154075,25.57202437407504,,,3346,16.45625,0,No Defect
0.04001654409224119,98.86531903883483,188.8159363611668,39.94019360453416,24.299520215054198,,,3347,16.459375,0,No Defect
0.040437599311634514,99.05155915821642,188.32363900379076,42.387821429383344,23.620533014347192,,,3348,16.4625,0,No Defect
0.039988492262880315,100.79249263625863,231.9230262778504,42.07896742478898,21.033615897640463,,,3349,16.465625,0,No Defect
0.04384620618388349,104.57502209744263,187.11867358275012,38.78804293870972,24.773441429452742,,,3350,16.46875,0,No Defect
0.03824148727874927,98.90991585900849,234.50930351216977,36.87678874623979,22.37650374103921,,,3351,16.471875,0,No Defect
0.03890453584985898,100.06027680270134,232.50790347225387,33.809274841814954,23.4013689767146,,,3352,16.475,0,No Defect
0.04033572641971329,98.23660189030913,175.82278172020904,40.581532802568276,24.91251613700641,,,3353,16.478125,0,No Defect
0.03845903142418785,95.4135765735077,168.58838857216443,35.122442864722046,26.935962558612175,,Ambient temperature high,3354,16.48125,0,No Defect
0.04002818839240813,99.92692029464129,211.92429518383636,40.42733436011507,22.73774859292609,,,3355,16.484375,0,No Defect
0.04181676118505631,101.25027139748512,197.4705637912655,46.59017945730665,21.83759128639484,,,3356,16.4875,0,No Defect
0.03913532700317118,97.42897622321244,201.22907875359627,44.077820781294086,22.32065933876035,,,3357,16.490625,0,No Defect
0.04055619495722449,99.67102307653191,195.90199997219884,43.99502178451644,22.676761721956737,,,3358,16.49375,0,No Defect
0.04004697988029954,97.44975309978885,171.75411528263794,42.99822715551561,24.446763196247737,,,3359,16.496875,0,No Defect
0.04372382318119868,102.9812882347432,172.4149749265267,43.46515382539393,24.301783104999256,,,3360,16.5,0,No Defect
0.03798586931430642,100.05122478147166,261.4762167856154,37.34290560730391,20.575883029705174,poor paste transfer,Paste viscosity high,3361,16.503125,0,Open Circuit
0.04035727851972888,101.17339904821579,222.25429081681628,37.896728463633174,22.842719546870935,,,3362,16.50625,0,No Defect
0.039213940394216266,97.66403007646784,204.738892262207,42.98490141603516,22.424109072315154,,,3363,16.509375,0,No Defect
0.0377522764921362,95.73502700247015,187.66071617243085,33.266720804640414,26.29257502737966,,Ambient temperature high,3364,16.5125,0,No Defect
0.04046061295419372,98.13198626297616,181.6840431390346,48.097552349182386,22.34686774766928,,,3365,16.515625,0,No Defect
0.0435390710912899,103.84463010541845,191.93658688959326,42.9360464560048,23.253234489430806,,,3366,16.51875,0,No Defect
0.04037706846583019,100.2891179755017,202.08505359444132,37.18389344699623,24.28159743134066,,,3367,16.521875,0,No Defect
0.036265459497194445,96.80262570587281,236.54023597282384,28.898871199492916,24.55310691369131,,Ambient RH low,3368,16.525,0,No Defect
0.04056799617009042,99.43028243034954,192.3941637986889,42.73070613488347,23.25613342458996,,,3369,16.528125,0,No Defect
0.043015001681205575,102.55056983507508,181.73625807684613,41.87430521104371,24.18181878908543,,,3370,16.53125,0,No Defect
0.041160789887872265,100.13952628564908,191.19945230728143,43.07432208024253,23.23412903052155,,,3371,16.534375,0,No Defect
0.041587303503474275,101.9887751069088,204.56004759462883,38.587673727688426,23.728681309622747,,,3372,16.5375,0,No Defect
0.04103516645837676,103.4591226416989,233.2092317010737,34.40143689454021,23.184748889552203,,,3373,16.540625,0,No Defect
0.03830596385979064,96.65138097712824,188.04685132273053,35.19211990072625,25.69929322643999,,,3374,16.54375,0,No Defect
0.039541119425195004,97.2302464175082,177.26256620662,41.479704554617534,24.53450403054437,,,3375,16.546875,0,No Defect
0.03832087133447727,96.77776559064999,197.58464394573247,37.2872637109673,24.50463642134656,,,3376,16.55,0,No Defect
0.043297002903002806,100.01951105723889,141.11715517957293,48.096779433210244,24.852434379128113,aperture overfill,Paste viscosity low,3377,16.553125,0,Solder Bridging
0.04061714071224934,100.6112540872523,207.86299077945898,39.10753854340449,23.36180310599641,,,3378,16.55625,0,No Defect
0.041388852091598496,101.80615748402172,213.42580903142527,43.49723343359669,21.74153274702934,,,3379,16.559375,0,No Defect
0.040656834424077436,99.59274163378178,191.13725017069257,41.24387570279949,23.760743551728808,,,3380,16.5625,0,No Defect
0.04283836984245716,102.44515405961538,184.35412528234457,43.147128037506036,23.636923651734282,,,3381,16.565625,0,No Defect
0.038031574386877716,96.14969156627023,191.47697537280277,35.54642152480069,25.3809405119301,,,3382,16.56875,0,No Defect
0.03919065725316122,97.70590624875089,197.48757335632098,40.312686810564855,23.630184616909744,,,3383,16.571875,0,No Defect
0.04193800525714891,102.0393335838264,202.71298168915834,44.3606942018412,22.145551102353398,,,3384,16.575,0,No Defect
0.03972407317781055,97.93384658088321,186.07049248672797,39.87260417270453,24.461672816484665,,,3385,16.578125,0,No Defect
0.04060316433060588,100.72894205947664,200.55903242020514,37.099475594115845,24.384133015352905,,,3386,16.58125,0,No Defect
0.0380867238193435,96.72996497125408,222.0387793350007,45.99839729640661,20.452611304257243,,,3387,16.584375,0,No Defect
0.039665869319078506,98.68688009589103,195.08799842436676,37.82974087166721,24.50054687452425,,,3388,16.5875,0,No Defect
0.040546648330707195,98.31019079428279,174.1737218964425,41.763633351879065,24.642936601185244,,,3389,16.590625,0,No Defect
0.04231407543790782,101.33194624697849,179.34696551977285,44.801354828112196,23.44682489822258,,,3390,16.59375,0,No Defect
0.04099850856869185,102.7658814106611,229.96519490299556,35.21524070925969,23.137866673043398,,,3391,16.596875,0,No Defect
0.037230994746893946,97.03321129726869,218.31808762484326,30.056041643304265,25.323727097018136,,,3392,16.6,0,No Defect
0.03866051977054093,97.4160829577854,210.3451496838271,41.65772440092185,22.4375492965516,,,3393,16.603125,0,No Defect
0.03832043045200149,97.2831957596785,211.35140784238178,38.406103436993845,23.32212152620384,,,3394,16.60625,0,No Defect
0.04085553137406451,101.52951608479769,212.82907382517988,37.297841655955516,23.57317616906991,,,3395,16.609375,0,No Defect
0.040096497091969774,99.62113003811831,187.95810685652094,30.6194692592725,27.042564351295198,,Ambient temperature high,3396,16.6125,0,No Defect
0.04026240643006901,99.71165286734005,205.214248788238,42.03383441634097,22.64987086130185,,,3397,16.615625,0,No Defect
0.04251679780308047,103.3817080872753,195.62537039952113,36.16009096973564,24.969523644303713,,,3398,16.61875,0,No Defect
0.04024152831214195,100.82108592279097,229.86350996674162,44.86560643348859,20.308586097156542,,,3399,16.621875,0,No Defect
0.039408943717632414,98.85092654448687,216.05999542939844,42.90915965252993,21.72072447435694,,,3400,16.625,0,No Defect
0.03718284803955415,97.05665050702314,231.85035969218515,35.52718558634657,22.889822634218575,,,3401,16.628125,0,No Defect
0.03926639689135715,98.29319887239015,203.06933293289373,39.06144509821057,23.638625617398528,,,3402,16.63125,0,No Defect
0.04200284833529752,99.71237038076455,167.75400194804746,46.82655632332074,23.55793734200149,,,3403,16.634375,0,No Defect
0.0415164129204707,100.7806331382555,192.3705510774551,43.854585897128004,22.90964942901429,,,3404,16.6375,0,No Defect
0.0405203744810095,99.39242291511646,190.83208765869142,40.44049708907072,23.99425328533276,,,3405,16.640625,0,No Defect
0.04014200592160737,99.85553206190397,205.76828960839552,37.19270514660963,24.025362837510745,,,3406,16.64375,0,No Defect
0.04011051256091897,99.62484007350974,199.77652292734132,36.29966490698292,24.65153567980981,,,3407,16.646875,0,No Defect
0.039524111829343817,98.94463744575175,204.87675194276923,38.17879171478067,23.781958799488063,,,3408,16.65,0,No Defect
0.03831619704542001,98.13106025451586,217.34907970767668,35.29468579942731,23.847993538668256,,,3409,16.653125,0,No Defect
0.0389793474495511,96.60356910338743,201.46897879811434,48.609966632293236,20.941526681058583,,,3410,16.65625,0,No Defect
0.043373339339344445,103.5971454093146,186.5688694431519,40.751495167997625,24.182424004188974,,,3411,16.659375,0,No Defect
0.04153354840985551,101.46527430880475,195.21311734293542,37.475764339698266,24.595206836879083,,,3412,16.6625,0,No Defect
0.04171585926354971,101.06466667437849,190.47958383942552,41.27217131890595,23.77755375942101,,,3413,16.665625,0,No Defect
0.041674288872756315,100.91997655698233,193.68291308706185,44.02518668003833,22.77535602169532,,,3414,16.66875,0,No Defect
0.041240650694574985,101.38653780582695,208.44250240157945,41.553535930283,22.58707514900256,,,3415,16.671875,0,No Defect
0.04192907407770967,100.98125976734156,180.41036671564802,42.46566052080675,24.04101433728054,,,3416,16.675,0,No Defect
0.041094858334089164,100.20695016280557,179.34080809130208,37.17297109418337,25.644548206888025,,,3417,16.678125,0,No Defect
0.036548974966106276,96.4263561913233,238.61733687069426,35.63558018868064,22.424697869211847,,,3418,16.68125,0,No Defect
0.035597044058851134,95.70834261614478,247.26480131704332,33.98459154513203,22.366436756105834,Paste volume per aperture low,,3419,16.684375,0,Open Circuit
0.0408579247169748,100.00593395794417,181.45088423144978,38.00258149378524,25.266194433141724,,,3420,16.6875,0,No Defect
0.03776507561690778,96.5006243031386,209.35412631955015,38.96551001093808,23.25084938665006,,,3421,16.690625,0,No Defect
0.03913206710719977,96.01880465912976,173.789150516506,42.12282575979626,24.524370202883034,,,3422,16.69375,0,No Defect
0.03894793248061183,97.1515055069425,198.5431627659411,43.15251538830831,22.7011054493646,,,3423,16.696875,0,No Defect
0.03969231490093299,98.12869572196318,191.52168051974647,41.358153487797416,23.66055323497336,,,3424,16.7,0,No Defect
0.04068548505545241,100.27024161275129,200.64829925937852,39.98160750239634,23.511240399092628,,,3425,16.703125,0,No Defect
0.039234956327854426,100.75132896746992,237.37968608536642,34.24227146305846,22.92160217504578,,,3426,16.70625,0,No Defect
0.04061706200899739,100.65642136165289,205.52987014126174,38.81695749117176,23.54829017232723,,,3427,16.709375,0,No Defect
0.041750187781423136,103.98275334957208,223.945638100883,35.97311801609415,23.25416814877054,,,3428,16.7125,0,No Defect
0.04061496313871142,100.74865356698676,205.10470292089812,37.3792058273832,23.993207377603454,,,3429,16.715625,0,No Defect
0.038764614698018875,100.12087799743439,230.20127504267316,32.49154806437744,23.860664036366867,,,3430,16.71875,0,No Defect
0.03984393889926989,98.49461971978373,190.96006881602997,39.1720626805219,24.33020655649312,,,3431,16.721875,0,No Defect
0.042183234677696635,103.92699437924286,219.40677054073447,36.987946779903645,23.24251637354088,,,3432,16.725,0,No Defect
0.0396815473296533,97.51158673420417,176.99183386609616,41.22681555907256,24.579022247512036,,,3433,16.728125,0,No Defect
0.038550918487033105,98.7906822478344,218.06732810175373,31.45508114681062,24.909640005615213,,,3434,16.73125,0,No Defect
0.04287772087237573,101.71915046607909,158.74198846403493,37.94878828050821,26.681172065064473,,Ambient temperature high,3435,16.734375,0,No Defect
0.03678329567879171,95.54284971411967,221.9429067193475,39.27418234219258,22.370373097892305,,,3436,16.7375,0,No Defect
0.038516767495437886,97.74905388405759,207.7173254202585,34.29718511805383,24.713226120069766,,,3437,16.740625,0,No Defect
0.040805772020140754,100.34555525845126,201.5395206649196,40.640510391124835,23.25603693151551,,,3438,16.74375,0,No Defect
0.04006548066427441,100.74992849195873,229.87519256243385,42.87697299173886,20.85509642258759,,,3439,16.746875,0,No Defect
0.040469239415388575,99.6522463919535,190.33149891501608,37.438790534031654,24.87204626762569,,,3440,16.75,0,No Defect
0.039784190536593024,101.08673756047598,235.52327249172646,36.94984683726835,22.23891942760285,,,3441,16.753125,0,No Defect
0.03854875620793016,97.63396722250009,216.2859353794102,42.447634876419684,21.799698330580426,,,3442,16.75625,0,No Defect
0.04207409462995562,101.50491069945132,192.09553655062686,43.581978933706,22.981632486909376,,,3443,16.759375,0,No Defect
0.042271157661564814,102.75160942813211,199.1229743373397,39.54663183615011,23.728128709785263,,,3444,16.7625,0,No Defect
0.04147207229626143,98.72554755853227,164.60739653883135,45.9171775951935,23.979459195052748,,,3445,16.765625,0,No Defect
0.0417933087899754,102.67622701686288,202.78023104247364,34.331876923575365,25.02299383338333,,,3446,16.76875,0,No Defect
0.03897094116344926,96.14742861246364,184.26255740424688,43.69990956054855,23.400424797735738,,,3447,16.771875,0,No Defect
0.040515158435381234,99.88497432815814,196.65278261549778,40.94084400278655,23.452311047975755,,,3448,16.775,0,No Defect
0.03928949038768735,97.41333588529788,190.92924424431823,39.860891203971555,24.11402386668623,,,3449,16.778125,0,No Defect
0.036854722332274326,95.83287685667155,225.07342254544355,39.094623798313194,22.220133265228014,,,3450,16.78125,0,No Defect
0.0411483983135293,99.14973043157477,175.57720623908267,44.25246862500849,23.783146318676003,,,3451,16.784375,0,No Defect
0.038825894070905226,99.54646262353366,230.4995592176448,36.76961980868956,22.579129469597987,,,3452,16.7875,0,No Defect
0.04194372099983149,102.56124442729727,206.22965305906982,40.81793529916449,22.909990928853624,,,3453,16.790625,0,No Defect
0.03789660300545844,97.44796458622373,222.80834814148832,38.34609007603892,22.5820253324716,,,3454,16.79375,0,No Defect
0.03867558841961054,98.6874588000394,213.47323495841357,34.628862815194665,24.242946907875137,,,3455,16.796875,0,No Defect
0.04042705099660057,100.30952786597148,210.2538422382068,39.1495589655937,23.14076392064227,,,3456,16.8,0,No Defect
0.04052728020351876,98.8507416465058,180.2030421705834,39.56385031017875,24.8604252515347,,,3457,16.803125,0,No Defect
0.042995566657684475,104.08589639281948,206.32542701185866,40.62379542237628,22.967468628115085,,,3458,16.80625,0,No Defect
0.04131851556014619,102.76314618955446,217.48076872034375,33.92881988885529,24.22535138933753,,,3459,16.809375,0,No Defect
0.03689160185366963,94.7265713665054,204.2031547427335,36.52760073116813,24.246041579201467,poor paste transfer,Stencil thickness low,3460,16.8125,0,Open Circuit
0.0414904287630088,99.88884561854934,186.5039188836131,48.69544180699869,21.808753500954996,,,3461,16.815625,0,No Defect
0.0392161457776725,101.31374501823313,250.17088851900968,35.815006671152986,21.647289421737653,poor paste transfer,Paste viscosity high,3462,16.81875,0,Open Circuit
0.04052515268411963,99.0124117187153,187.61994500089833,43.35187770257232,23.291642094106948,,,3463,16.821875,0,No Defect
0.03949902362201849,100.45072044585369,224.99011863084468,36.19797944583189,23.077515581115357,,,3464,16.825,0,No Defect
0.039886024182717784,98.28960748076548,189.07506801124322,43.625641833943014,23.11190616606201,,,3465,16.828125,0,No Defect
0.04021809448189323,98.56895135753852,188.3617647687848,42.44041140365274,23.50912570361663,,,3466,16.83125,0,No Defect
0.04013921703363528,101.0088131832224,211.14431857769307,32.343242378684124,25.05620957981035,,,3467,16.834375,0,No Defect
0.039025013826846894,100.37933596600665,232.95152153138537,33.02670804316321,23.510370945228704,,,3468,16.8375,0,No Defect
0.03946603642595831,97.80254057790997,197.47002418265592,44.091803519806334,22.458540310444654,,,3469,16.840625,0,No Defect
0.037634585977934204,97.30271471399898,227.57879792777396,37.345613912149496,22.568043332740046,,,3470,16.84375,0,No Defect
0.03727983332586439,93.52718910059228,176.99403746074378,41.29308007230067,24.512543485938103,poor paste transfer,Stencil thickness low,3471,16.846875,0,Open Circuit
0.03829378191152377,98.67487383212368,232.49709597176002,37.503478315938054,22.222507101552033,,,3472,16.85,0,No Defect
0.03926045523443564,97.90446647259998,203.90696584948435,40.984844732733286,22.970812162694422,,,3473,16.853125,0,No Defect
0.03924638204809874,99.59901953923841,223.66715150053676,38.56328750963715,22.459544019220523,,,3474,16.85625,0,No Defect
0.04054874854193117,100.53846579080084,199.0401981546639,35.900495796823506,24.756806614058934,,,3475,16.859375,0,No Defect
0.04534202404690529,101.63411004760437,129.72497296164653,55.16748960089088,23.42473678282993,Paste volume per aperture high; aperture overfill,Paste viscosity low; Ambient RH high,3476,16.8625,0,Solder Bridging
0.039083458662447314,98.5806999263611,218.21141504881626,43.42984537353629,21.367828952094236,,,3477,16.865625,0,No Defect
0.0383208959257522,98.93038119807275,235.00813594732796,35.63715743388478,22.610884807363515,,,3478,16.86875,0,No Defect
0.038765359540590225,97.94718688777374,205.48363303190783,35.11815507375459,24.57682152556446,,,3479,16.871875,0,No Defect
0.041093560893558395,99.98036474896483,196.86587926935115,45.49892504457777,22.091287488413005,,,3480,16.875,0,No Defect
0.041148798835556444,100.10668719829816,189.50916401591297,38.88296624563475,24.478548648098986,,,3481,16.878125,0,No Defect
0.036821929477391664,94.35989196719301,194.27581354288534,34.33692267346495,25.474278210301748,poor paste transfer,Stencil thickness low,3482,16.88125,0,Open Circuit
0.03915383577139983,99.15046564733272,219.4661322283736,35.77080578251533,23.53051144878859,,,3483,16.884375,0,No Defect
0.040553546336815974,99.25297147178495,189.65417988896536,41.50007850025045,23.692099963412705,,,3484,16.8875,0,No Defect
0.03726078656253589,96.07050763891618,225.69790988563784,43.78898773747368,20.783272420849702,,,3485,16.890625,0,No Defect
0.04093370758379048,102.21950502390239,233.91552974367954,42.41492936868438,20.712437333077325,,,3486,16.89375,0,No Defect
0.03952987633700701,102.69736479927677,248.41938394524095,26.27588500316366,24.522428623092974,,Ambient RH low,3487,16.896875,0,No Defect
0.04021700374150684,97.772118316356,176.5055244761682,40.679839942637756,24.73695124371379,,,3488,16.9,0,No Defect
0.042126044256319446,100.74810332105305,176.33787659906994,42.749900490385166,24.153199113015503,,,3489,16.903125,0,No Defect
0.03993361103934698,100.0591731361183,221.6350361959765,40.69993485740283,21.95648637508529,,,3490,16.90625,0,No Defect
0.04156820083411727,98.8343138822777,150.95540190513958,39.73082628365137,26.58418351753626,,Ambient temperature high,3491,16.909375,0,No Defect
0.0387436919660698,97.11020849577072,194.61348088848973,36.769370991212824,24.750049739249686,,,3492,16.9125,0,No Defect
0.03794674048547683,96.72132704469749,205.25619757155914,33.94643840858823,24.915446616409593,,,3493,16.915625,0,No Defect
0.03909585984643531,98.46158965565083,200.85158856716046,33.098737711656774,25.439681771037183,,,3494,16.91875,0,No Defect
0.044500081780603926,101.037740126415,129.94488261465153,49.95328559135018,24.908588544487337,Paste volume per aperture high; aperture overfill,Paste viscosity low,3495,16.921875,0,Solder Bridging
0.04147758690231663,99.46349260849912,174.51644379399363,43.706627906153734,23.97538673466893,,,3496,16.925,0,No Defect
0.03882358862256944,97.48154657717733,208.52392083008897,41.21335768230691,22.596481975600017,,,3497,16.928125,0,No Defect
0.03683003746049932,94.52720018089343,207.14863708932253,39.22841530327345,23.243363856920023,poor paste transfer,Stencil thickness low,3498,16.93125,0,Open Circuit
0.040857632904775544,99.21635483314499,188.39164419748516,45.16602263358377,22.689144178088927,,,3499,16.934375,0,No Defect
0.042158430909374746,101.68907770250279,198.81219876366137,47.29017927627012,21.43788605349623,,,3500,16.9375,0,No Defect
0.04224919270797003,101.70587466381384,185.2170825726412,40.97296878755702,24.11701609297807,,,3501,16.940625,0,No Defect
0.04079146706207663,102.28186249858437,232.8187236143052,40.102577525101644,21.438406057191635,,,3502,16.94375,0,No Defect
0.0396873884223274,98.89238881545222,207.92059388619586,42.318105804900405,22.30888206260503,,,3503,16.946875,0,No Defect
0.04020932649346185,100.25998264694603,205.8134461140331,37.82005264878877,23.751879779315637,,,3504,16.95,0,No Defect
0.042531416515744276,101.5810428307183,186.25738447558228,46.37871940843352,22.473957507677756,,,3505,16.953125,0,No Defect
0.04096402349422984,101.12822560420997,204.93777231605023,39.241822849174866,23.396452376889556,,,3506,16.95625,0,No Defect
0.03999072845029428,100.18952529887324,220.9307350878635,41.386849768678076,21.782149809495102,,,3507,16.959375,0,No Defect
0.04155965788856293,99.79231954506008,187.2244309120255,48.612776730736755,21.753269004030777,,,3508,16.9625,0,No Defect
0.037922068325739904,97.08576353722522,217.3335196346042,40.33147139892639,22.289056073071514,,,3509,16.965625,0,No Defect
0.040068637221544336,97.7909917199532,177.78277612457924,43.30514707723723,23.863825446210463,,,3510,16.96875,0,No Defect
0.04102105208598072,100.63761106236936,199.0556499385333,40.67469960990493,23.336353964070714,,,3511,16.971875,0,No Defect
0.042880867689136924,104.49518913250749,212.42421222489602,41.296743922313496,22.34434767762798,,,3512,16.975,0,No Defect
0.04069647764089556,101.66735460466616,217.1273082980318,34.09214305723626,24.149479444139985,,,3513,16.978125,0,No Defect
0.04358442793169262,101.99408953154995,162.44964946001642,43.46672725321244,24.788297405250496,,,3514,16.98125,0,No Defect
0.03864062069134573,97.10052789954834,203.4666190460843,39.38180560794076,23.42446229336982,,,3515,16.984375,0,No Defect
0.042438885108887874,102.09654216098444,189.91804836324988,42.2664798603511,23.4398948426527,,,3516,16.9875,0,No Defect
0.043471939005528336,101.50942113330291,160.75879456833695,46.71472368629213,23.937570095593866,,,3517,16.990625,0,No Defect
0.04191876771630845,100.97410894878414,186.72875527989086,43.4815413543017,23.274692674012798,,,3518,16.99375,0,No Defect
0.03723624548807033,95.54455816235615,206.76441027937847,35.361164911196454,24.381423019142982,,,3519,16.996875,0,No Defect
0.04000368460286718,98.81953342798388,188.4441362786103,36.72572223432539,25.125289619995097,,,3520,17.0,0,No Defect
0.039716567535410696,98.89428890611403,204.7465842038525,38.3942977664341,23.638766914869244,,,3521,17.003125,0,No Defect
0.03818862227514605,96.22318633267986,203.80485119615133,44.609619698404536,21.860861424008018,,,3522,17.00625,0,No Defect
0.038578813066509184,97.91893828608038,219.85361776276628,41.49343294484224,21.791628556160386,,,3523,17.009375,0,No Defect
0.03875580215814166,98.17791548229773,223.39674695811243,44.386974472806315,20.72822805573962,,,3524,17.0125,0,No Defect
0.03999416003885716,101.02319222483575,244.01815779065512,45.71576303754897,19.086428036585765,,Ambient temperature low,3525,17.015625,0,No Defect
0.038244677144738275,100.23171683913276,256.8391498582637,33.55065302765371,21.8397441535131,poor paste transfer,Paste viscosity high,3526,17.01875,0,Open Circuit
0.04053951226873247,100.33879430194524,199.95377508877183,35.77661093061591,24.695917667154134,,,3527,17.021875,0,No Defect
0.04180847484133851,100.45079292728845,183.1922115159199,45.976506858330154,22.751198532042203,,,3528,17.025,0,No Defect
0.03980350868115674,99.14462582325778,205.29024391617378,40.95305698738206,22.845664203678275,,,3529,17.028125,0,No Defect
0.03905311477695376,99.50809247129853,233.2001667016446,38.374024104162025,21.88583949178439,,,3530,17.03125,0,No Defect
0.040634348901457285,100.08996356803219,206.4034457361323,42.33381108016525,22.38350458475006,,,3531,17.034375,0,No Defect
0.0393446685221548,96.5051801787378,172.81975999125015,40.71971696829147,24.90062791268281,,,3532,17.0375,0,No Defect
0.04280043062778812,103.43588568753503,208.0085431033787,44.2292604605363,21.745708558453728,,,3533,17.040625,0,No Defect
0.03792375826879729,98.30760956997155,235.57164220124926,36.95402739675423,22.137869279989783,,,3534,17.04375,0,No Defect
0.038946039087772624,97.8643585734974,207.75724629472097,39.02146199158653,23.251191450784873,,,3535,17.046875,0,No Defect
0.04085739532889865,99.5140109362224,195.86116945257373,43.9290518512157,22.564084078473076,,,3536,17.05,0,No Defect
0.04115001025582271,99.48793990536831,175.58973713351878,37.49053491604654,25.689543971985767,,,3537,17.053125,0,No Defect
0.041821370763244145,100.82733846246924,192.4202229093755,44.9311744118658,22.48646327689194,,,3538,17.05625,0,No Defect
0.03875204343960345,96.57127466172916,191.76247034457583,39.971226345533545,23.949285949366654,,,3539,17.059375,0,No Defect
0.03968289718453035,98.89997995559028,212.09270186018497,44.29754112306668,21.442328521916913,,,3540,17.0625,0,No Defect
0.04125292908354023,100.7637090355587,188.81181384437426,37.028151024451454,25.005600024939397,,,3541,17.065625,0,No Defect
0.04253494466052456,102.50593103493722,200.5812543057019,43.56923100307514,22.386589178842474,,,3542,17.06875,0,No Defect
0.04074677642335181,101.33702998068307,213.90997262037024,37.32566813093446,23.374125376479522,,,3543,17.071875,0,No Defect
0.038041755230166244,99.21480089537712,237.6891580256942,28.787492432517254,24.38969442443312,,Ambient RH low,3544,17.075,0,No Defect
0.04295415583254727,102.79198711929104,192.63751586999558,44.09437021664172,22.71869852931438,,,3545,17.078125,0,No Defect
0.03731291492777712,93.43780936769983,181.71972365702052,44.93814163691202,23.093135200936853,poor paste transfer,Stencil thickness low,3546,17.08125,0,Open Circuit
0.041084636427978966,102.22292156358992,221.72635842853563,37.99652124634447,22.69815007844083,,,3547,17.084375,0,No Defect
0.04351726599486867,103.27400150961923,176.8762526597853,38.343286865004565,25.36876866271789,,,3548,17.0875,0,No Defect
0.03819556140276721,99.68566932720555,229.29038538426147,26.649644897600155,25.517782125483144,,Ambient RH low,3549,17.090625,0,No Defect
0.04020627313816405,99.04625348742977,207.0104520889787,47.19963178327276,20.902818339317108,,,3550,17.09375,0,No Defect
0.03701027298154262,96.31094558117219,225.7090488360052,34.411296099070064,23.467572308007387,,,3551,17.096875,0,No Defect
0.039001746500267796,98.08149950718618,212.183846376398,42.81697728947961,21.85152314479304,,,3552,17.1,0,No Defect
0.03874518680026351,98.29349027873602,216.36954497481628,36.268049932341455,23.510062810861722,,,3553,17.103125,0,No Defect
0.043229339287742044,102.33589586049865,166.33671053391578,38.757498476359345,25.883837523149015,,,3554,17.10625,0,No Defect
0.04150208258912611,101.25108091449722,196.8399708526199,39.42250293923447,23.805010530907026,,,3555,17.109375,0,No Defect
0.04001439195765464,98.07017956447996,177.73127348306812,39.17284975582945,25.033671291431084,,,3556,17.1125,0,No Defect
0.04029054068831811,99.72551075821488,204.81517390322554,39.1685916758213,23.38049644325646,,,3557,17.115625,0,No Defect
0.038976077868149855,98.55476689834244,210.21846166999933,35.23842669967657,24.18295306559175,,,3558,17.11875,0,No Defect
0.03679022532299883,94.86697676324509,222.65253558977886,44.00569858555461,20.842171806132598,poor paste transfer,Stencil thickness low,3559,17.121875,0,Open Circuit
0.042032858089666336,101.16422707163586,183.4629732134433,41.30344015396625,24.074986519937983,,,3560,17.125,0,No Defect
0.038230261852236144,97.14182318306268,205.13809166755618,35.29473603041957,24.468617209994026,,,3561,17.128125,0,No Defect
0.04148374141698916,102.01351226866072,206.1526365678881,38.13807698664837,23.600376192385603,,,3562,17.13125,0,No Defect
0.0405701802286929,99.00156577385094,180.90628632753544,39.36793956063235,24.781656405061813,,,3563,17.134375,0,No Defect
0.039534142678417115,95.25797576042834,150.2999095552329,40.960772980717714,26.188011338273864,,Ambient temperature high,3564,17.1375,0,No Defect
0.04119683706814495,99.52898741024268,185.6966974346397,45.99526482478616,22.555693161920484,,,3565,17.140625,0,No Defect
0.03759212940328795,96.3763382111203,213.92999059489682,36.09507116965738,23.68910284536927,,,3566,17.14375,0,No Defect
0.0404866811422892,100.12108427028832,205.88120381721882,41.10676429969823,22.73750034582174,,,3567,17.146875,0,No Defect
0.040350967998825836,98.88458937471559,186.73760400337056,41.239744640155386,23.869424639719675,,,3568,17.15,0,No Defect
0.04152496238623966,99.7664600666296,172.9207509338607,41.34243503702934,24.69789539119975,,,3569,17.153125,0,No Defect
0.03858067828548829,96.52403616362962,194.40362971034247,38.9739005308631,24.049713333168288,,,3570,17.15625,0,No Defect
0.043125578982857335,99.53560998311272,144.12231565815364,51.30983033861149,23.564410090360177,aperture overfill,Paste viscosity low; Ambient RH high,3571,17.159375,0,Solder Bridging
0.03885533289012229,97.58644240930724,199.7361249088301,36.60302418559596,24.41416756067724,,,3572,17.1625,0,No Defect
0.039800346004016086,96.88743708617122,173.804488233701,41.5416343159008,24.571717926098692,,,3573,17.165625,0,No Defect
0.03881827491248455,98.24541457723083,220.7181580779002,43.07643398542532,21.230904226571717,,,3574,17.16875,0,No Defect
0.0385490731423455,97.20060832216897,208.46460321804796,38.58598138483747,23.29774232431415,,,3575,17.171875,0,No Defect
0.040226732325022344,99.38308860471905,202.11052322910024,41.69631560300084,22.78715338888558,,,3576,17.175,0,No Defect
0.04033682772641487,99.45420029015169,202.5358956777064,39.57372235427347,23.386905694395598,,,3577,17.178125,0,No Defect
0.036165709829008345,93.80257082313882,208.5684294962902,38.609545721342286,23.25728808318461,poor paste transfer,Stencil thickness low,3578,17.18125,0,Open Circuit
0.03995108292271516,100.028224253655,220.45972840721782,40.078916073051204,22.13158346722031,,,3579,17.184375,0,No Defect
0.0389283239055884,97.45829239802275,194.81890019826,35.656104717689686,24.98658940271461,,,3580,17.1875,0,No Defect
0.040228920680887174,99.91156614946975,208.2485849853224,40.475322931111975,22.761939651712982,,,3581,17.190625,0,No Defect
0.036970604993795,94.89702185583515,206.41804036454147,38.09152156105907,23.54480891880805,poor paste transfer,Stencil thickness low,3582,17.19375,0,Open Circuit
0.0415862970605661,103.2091219820655,224.0351325762974,37.357872798325914,22.714110152427626,,,3583,17.196875,0,No Defect
0.03675471567973751,95.83154579389246,231.06291219039412,38.49317241372393,21.91391409289155,,,3584,17.2,0,No Defect
0.0396768253911452,98.63529769740735,195.76980816352216,39.551363121557586,23.785683219198223,,,3585,17.203125,0,No Defect
0.037993422214492034,96.90864331951725,219.11285584682713,40.754535994693285,21.99330134783606,,,3586,17.20625,0,No Defect
0.038484167968420385,99.46210311932278,241.12265859861577,37.43537905777513,21.61276038543923,,,3587,17.209375,0,No Defect
0.04143473373113125,99.32960736550311,170.74979652901612,43.95250948668566,24.048667725864636,,,3588,17.2125,0,No Defect
0.03800489083014799,97.3655301846723,216.81791475615444,35.01749947534173,23.80766869145137,,,3589,17.215625,0,No Defect
0.04198449470490699,101.6062732564283,190.98870467844066,40.70399663604292,23.760053633421766,,,3590,17.21875,0,No Defect
0.040716796860280825,101.57123443299317,206.371016761369,31.927085681622223,25.366782932196763,,,3591,17.221875,0,No Defect
0.042136449632427964,100.33550243121087,165.12571430200796,41.17456557968254,25.20793692891305,,,3592,17.225,0,No Defect
0.03826209856438633,95.65779056054102,189.9067131134861,39.28038997479355,24.213526741862747,,,3593,17.228125,0,No Defect
0.040201101052330254,97.96989932929392,184.09800719803735,45.745664150798945,22.690878990784718,,,3594,17.23125,0,No Defect
0.040226373781322544,101.88869912990626,226.51205038224472,32.93066102863818,23.830005622343176,,,3595,17.234375,0,No Defect
0.04148592753349645,102.19890604836904,213.25399218604022,38.49979793151923,23.03090889910926,,,3596,17.2375,0,No Defect
0.04197037020824036,102.4389475872095,204.85353293256864,38.64881600192565,23.505906408909247,,,3597,17.240625,0,No Defect
0.041638835432445884,102.00097242352953,203.008672362683,38.285594169073555,23.71908713148183,,,3598,17.24375,0,No Defect
0.0417131391463879,99.71513434101448,178.0995862820433,44.908841283880015,23.316720083538232,,,3599,17.246875,0,No Defect
0.04055977298853069,98.56384898511992,186.27065703663865,44.00056123084461,23.069229198350648,,,3600,17.25,0,No Defect
0.03952323361608292,96.30039263670699,167.23028019606826,40.41131525186921,25.27514247497552,,,3601,17.253125,0,No Defect
0.0415673732357268,102.70836910158081,226.95566688575252,41.92395680982864,21.18605839587336,,,3602,17.25625,0,No Defect
0.039284654383664845,97.42987430041458,182.22177328211274,35.37066677516706,25.822236573269556,,,3603,17.259375,0,No Defect
0.03994056431104121,101.7223736985197,234.5749228011471,33.21871341451134,23.243157615825247,,,3604,17.2625,0,No Defect
0.04048751503572926,99.8886106949545,199.23285307447003,38.42998439524953,23.894157516600018,,,3605,17.265625,0,No Defect
0.04147153933982169,98.21678193604733,164.1940417806837,47.34907699052532,23.44952324884865,,,3606,17.26875,0,No Defect
0.0393845996330348,96.79484740115329,186.5249562778486,45.31056207531565,22.651829097113076,,,3607,17.271875,0,No Defect
0.041253369217866466,97.28744014365668,142.13565751990996,44.80871238031928,25.534024891374067,aperture overfill,Paste viscosity low,3608,17.275,0,Solder Bridging
0.03676102318408937,94.86609135925264,206.47220010491577,35.21062803164619,24.356223331495254,poor paste transfer,Stencil thickness low,3609,17.278125,0,Open Circuit
0.040311218759650214,99.23549235172777,204.80982844184155,45.11429275000943,21.593430659803122,,,3610,17.28125,0,No Defect
0.042026576041308945,100.53257520108308,170.05614880659436,40.8909618750129,24.96868541069139,,,3611,17.284375,0,No Defect
0.040242375739257805,98.4289652868183,183.20904877150178,41.04153092070575,24.103688849758832,,,3612,17.2875,0,No Defect
0.04136331633058544,101.41006515856226,207.17384686568462,41.35436140740903,22.552217650954145,,,3613,17.290625,0,No Defect
0.04210513523559626,100.62804409286946,179.7908396241138,43.45851317843248,23.62473787310098,,,3614,17.29375,0,No Defect
0.039589252660048584,97.55072372116288,193.86368831977663,42.39904363946012,23.051103872107735,,,3615,17.296875,0,No Defect
0.04023047340897872,96.87672832187282,163.6435727098432,43.86940303152272,24.475859145150274,,,3616,17.3,0,No Defect
0.039644645270989834,99.53695175391307,213.93380017004262,37.55948553514295,23.22811416205529,,,3617,17.303125,0,No Defect
0.04161234497851727,99.7376969767271,172.9117346013797,41.26820669584903,24.678004701786584,,,3618,17.30625,0,No Defect
0.042480671591362255,102.23416478351969,184.36675665476034,37.1845314659793,25.173240278317067,,,3619,17.309375,0,No Defect
0.03842329681343064,96.48328730465437,207.4328940748497,43.41539351598163,21.90648221550475,,,3620,17.3125,0,No Defect
0.04218340329199517,100.2304772310877,165.09318771322774,41.30619609131557,25.147288161193227,,,3621,17.315625,0,No Defect
0.04021051612124251,98.94628876393351,197.0104732262809,43.501531567303985,22.52825720144334,,,3622,17.31875,0,No Defect
0.040850942406799214,97.28804526198927,161.67418383031728,49.355591863185154,22.99024480681507,,,3623,17.321875,0,No Defect
0.04119905385826531,99.99307250985338,182.8915788844961,40.13939708896048,24.38301486751779,,,3624,17.325,0,No Defect
0.04134837095300744,99.86496540015678,177.45435344486543,39.787552033591375,24.82099838430104,,,3625,17.328125,0,No Defect
0.03932679260711244,97.94871389688436,217.37518911956448,49.75409135544769,19.444089832017845,,Ambient temperature low,3626,17.33125,0,No Defect
0.037460101843785475,95.5378448410153,207.19776046675003,38.019032837323415,23.48270165343625,,,3627,17.334375,0,No Defect
0.042452978291671585,100.75456603118033,183.06658923754296,49.45284401412034,21.66192735365291,,,3628,17.3375,0,No Defect
0.04025165485376913,100.00151305290376,216.880139709556,44.52804932988231,21.00397393960002,,,3629,17.340625,0,No Defect
0.03975451243100028,99.42266207788131,205.87771343998674,36.1383510936345,24.125397997255547,,,3630,17.34375,0,No Defect
0.036902484660497656,95.96561670854338,232.0797030985858,41.31389402793638,20.982108072073604,,,3631,17.346875,0,No Defect
0.043038566553927286,101.28998101328577,155.1879662758769,36.48755584595218,27.16229402087334,,Ambient temperature high,3632,17.35,0,No Defect
0.04142036821085868,99.5856919183554,180.9278911217452,46.54445082798709,22.625195761789303,,,3633,17.353125,0,No Defect
0.04083226208066174,100.5288123907183,197.89597732500397,38.5668260951621,23.908107348824885,,,3634,17.35625,0,No Defect
0.039332532427643986,101.08124468467592,245.46127184345377,36.52071456869739,21.576065107618973,,,3635,17.359375,0,No Defect
0.03886862038109309,99.4918653033413,227.46866039693575,33.38695518926614,23.593142752624626,,,3636,17.3625,0,No Defect
0.03891803288604845,98.98220551879085,224.30535116050459,36.911304552894215,22.757763003738333,,,3637,17.365625,0,No Defect
0.03952137087508667,98.08323232481389,198.13855700264983,41.00290680493032,23.170007323886274,,,3638,17.36875,0,No Defect
0.03936819500590781,99.46296705207267,218.32383037000835,35.682989591644116,23.48524999076881,,,3639,17.371875,0,No Defect
0.041710057736473585,100.71363649810938,188.5960723674192,43.74656041052012,22.968649745006317,,,3640,17.375,0,No Defect
0.03760948585299743,96.68861080843291,221.1928757956632,37.77351549810141,22.682218475560756,,,3641,17.378125,0,No Defect
0.03567577153542469,96.12546091158295,257.2846758733362,35.238056811631964,21.190558125590353,Paste volume per aperture low; poor paste transfer,Paste viscosity high,3642,17.38125,0,Open Circuit
0.04223308787675263,99.87797947938617,161.91475354318175,43.38541145370516,24.714724715181358,,,3643,17.384375,0,No Defect
0.04111216721236458,101.26146464646256,212.3530887606219,41.704873063902696,22.10077453538459,,,3644,17.3875,0,No Defect
0.03810283497210615,96.10692185995558,206.63015573771412,43.49424733160745,21.903137121314487,,,3645,17.390625,0,No Defect
0.039105266866552475,99.27655765652256,215.6374254020239,34.46154198564267,23.993723110046197,,,3646,17.39375,0,No Defect
0.04292930397538423,99.92428855460678,161.9399505885586,52.026369316250786,22.193172956686556,,Ambient RH high,3647,17.396875,0,No Defect
0.04033888621060252,98.40983932687669,184.71484789867523,41.069150814305196,23.973846097747515,,,3648,17.4,0,No Defect
0.04084684836190248,98.64983063180917,172.9832438789627,39.313388562045006,25.21047572500619,,,3649,17.403125,0,No Defect
0.0422812899605215,100.15543816883927,163.3488059305304,42.73648391704706,24.809042258787773,,,3650,17.40625,0,No Defect
0.0438754639167202,102.64003802306145,169.91836741158465,46.857866421721674,23.21312407498254,,,3651,17.409375,0,No Defect
0.040405760745760064,99.17256956126641,206.577409814421,46.828560557480465,20.947029517400885,,,3652,17.4125,0,No Defect
0.038876664735477545,95.59975492536154,183.1399498739236,42.852909086504994,23.537117159954594,,,3653,17.415625,0,No Defect
0.03964368268904879,101.54269246579362,230.85156791313574,27.2964313187453,25.15330884780052,,Ambient RH low,3654,17.41875,0,No Defect
0.03965643412844388,97.91389428507902,192.41724765400906,39.28652023977374,24.010845766504364,,,3655,17.421875,0,No Defect
0.03596220417141764,94.90374531572938,226.35665923161307,34.97167490072156,23.15286352595893,Paste volume per aperture low; poor paste transfer,Stencil thickness low,3656,17.425,0,Open Circuit
0.0394241957759565,100.21222913693786,226.89780961889096,33.703170426491575,23.521273939288136,,,3657,17.428125,0,No Defect
0.0409057946298679,99.88309859858704,197.47093943396618,43.387571728986266,22.50731895982395,,,3658,17.43125,0,No Defect
0.03769291112223977,96.31164958107375,216.51250604264757,39.851170316214315,22.3459861348376,,,3659,17.434375,0,No Defect
0.04066729719413073,98.49102498093205,171.3549967579744,38.839710234943475,25.43377774562414,,,3660,17.4375,0,No Defect
0.040584969792975906,98.61664602896991,179.1353676818396,41.88921972438021,24.06199226252995,,,3661,17.440625,0,No Defect
0.0387777358047521,97.76947321166374,218.05058602793716,43.08647106342477,21.31209504546901,,,3662,17.44375,0,No Defect
0.038691626684582966,98.9990722368402,242.26149939083513,41.94368309622136,20.161610639241392,,,3663,17.446875,0,No Defect
0.04030532337510398,100.41429980701339,212.55013656889727,36.575010653108905,23.563522271869477,,,3664,17.45,0,No Defect
0.04104027126097075,99.47420642253998,188.71429937388874,45.406650054754685,22.447296122345673,,,3665,17.453125,0,No Defect
0.03995139000352909,99.99845394612184,209.69586395371874,34.11778985380347,24.450837838300274,,,3666,17.45625,0,No Defect
0.039144466357458114,97.06008332962286,203.60327190319754,49.18122244066282,20.412904831871067,,,3667,17.459375,0,No Defect
0.04015952820635278,98.87716305508874,202.31554930639723,45.53555655020285,21.5651918057004,,,3668,17.4625,0,No Defect
0.040827933042706634,98.08401495555793,181.56823689205373,50.07300339698706,21.519678665514064,,Ambient RH high,3669,17.465625,0,No Defect
0.039580265928928444,98.16432639470749,201.32010950057054,43.08640015887927,22.33519154958011,,,3670,17.46875,0,No Defect
0.043198174513100956,104.25274038071474,198.7164337595748,36.90673774658914,24.328856765899474,,,3671,17.471875,0,No Defect
0.04214443461521612,100.66338918635644,182.88545570685028,49.25224518654571,21.680054510756506,,,3672,17.475,0,No Defect
0.038899624983917275,98.08342038873187,212.87271898760267,38.452251293911665,22.97462695481034,,,3673,17.478125,0,No Defect
0.03781820058281991,95.90787322237222,209.44076111813274,39.47127703418061,22.88096956659221,,,3674,17.48125,0,No Defect
0.03650052928683948,93.19881354677683,192.87248324019995,39.37590249904135,23.908719079056514,poor paste transfer,Stencil thickness low,3675,17.484375,0,Open Circuit
0.04010022417479879,98.73405674233774,198.47402446838495,41.451337629741865,22.989842931227546,,,3676,17.4875,0,No Defect
0.03791378433057579,96.97711301171016,216.41918030607215,36.121576417848,23.42631343177493,,,3677,17.490625,0,No Defect
0.04027576789590162,100.76362482973754,208.71872340421928,32.382839483514964,25.006083544743465,,,3678,17.49375,0,No Defect
0.04151279077524586,101.44911896805631,204.97939021596937,40.44601851009835,22.892252270212335,,,3679,17.496875,0,No Defect
0.037338619301496234,94.02688551103502,181.67807094472974,37.6044648919213,25.114965003661958,poor paste transfer,Stencil thickness low,3680,17.5,0,Open Circuit
0.03482374008938294,95.5031801879907,263.2230570814554,29.38540937169308,22.495094657913825,Paste volume per aperture low; poor paste transfer,Paste viscosity high; Ambient RH low,3681,17.503125,0,Open Circuit
0.041900246571473426,101.63212557700615,202.97639593088684,42.26367930063148,22.48627624390381,,,3682,17.50625,0,No Defect
0.03839166831534288,99.58327462397159,246.3497926102148,39.1117705139014,20.70713126690382,,,3683,17.509375,0,No Defect
0.03873956278940217,97.50208400577671,215.50917376640217,42.67021647304845,21.569392838117857,,,3684,17.5125,0,No Defect
0.04016817565448408,99.16721266476374,195.4016226437112,37.962666291043156,24.186645414488183,,,3685,17.515625,0,No Defect
0.03998684266890455,100.16490257590216,227.5757594434199,41.864518743762176,21.073593788846527,,,3686,17.51875,0,No Defect
0.03856504387878922,97.75552666865087,210.81936948027302,36.59002160217827,23.62603473120309,,,3687,17.521875,0,No Defect
0.03560678137406815,95.19512022970859,239.02293072679205,33.01309649191856,22.915150885558255,Paste volume per aperture low,,3688,17.525,0,Open Circuit
0.0420806754800177,102.21578484504397,203.86800570269617,42.628010001997204,22.314771105722958,,,3689,17.528125,0,No Defect
0.03892227869518405,98.8477564644709,216.66298393601886,36.28184064050487,23.354657757958588,,,3690,17.53125,0,No Defect
0.040872952775981984,102.55454869963184,226.02394085619238,33.55796027104554,23.5934137054056,,,3691,17.534375,0,No Defect
0.041654571667117606,100.167362497788,178.5360902940417,40.851782491947894,24.383013680236196,,,3692,17.5375,0,No Defect
0.03951454681099363,98.55703235764847,202.4124917359755,38.8139195655761,23.493136757588452,,,3693,17.540625,0,No Defect
0.03825471185111507,95.93038992550223,183.79915167423414,33.54411050858819,26.165544541957903,,Ambient temperature high,3694,17.54375,0,No Defect
0.04230243744448732,102.13485842581015,198.09652887786677,42.325494682645264,22.755107487717858,,,3695,17.546875,0,No Defect
0.040497928198822704,101.79041531121734,227.4133964819777,37.23308120935802,22.42456500628035,,,3696,17.55,0,No Defect
0.0412791680306439,97.59020113717867,160.6336487992085,49.21394619042838,23.03205716916405,,,3697,17.553125,0,No Defect
0.03742074611315015,96.35027809513096,219.59940432941468,35.697725414945964,23.331670537279127,,,3698,17.55625,0,No Defect
0.04084638488615645,100.91869816912762,210.13152308269153,40.64820181754035,22.48797492733282,,,3699,17.559375,0,No Defect
0.03990546597685822,97.64272237243603,174.94034757844122,39.75312259213445,24.89750519039299,,,3700,17.5625,0,No Defect
0.03757798107404446,96.71532063023112,220.42913851845645,36.279004138545154,23.106990467278784,,,3701,17.565625,0,No Defect
0.040663147401058634,100.66296714808288,211.88137618232656,39.7104888867011,22.65292598487225,,,3702,17.56875,0,No Defect
0.04162941581946037,101.16500564663691,196.29812135140742,40.80381826676844,23.296106171399305,,,3703,17.571875,0,No Defect
0.03918539378788627,99.18835965290307,213.9916706437608,33.268925670777016,24.390630529036766,,,3704,17.575,0,No Defect
0.038029559172688646,94.90688891420562,187.57253396827053,40.009481808550596,24.036330269904834,poor paste transfer,Stencil thickness low,3705,17.578125,0,Open Circuit
0.04131595600465916,99.97684335403312,194.37584347509483,44.42332668978821,22.354790864741865,,,3706,17.58125,0,No Defect
0.040695003674097854,98.09483187068953,180.49340685144756,47.47631874361305,22.305140805009344,,,3707,17.584375,0,No Defect
0.03993435510251471,99.36495200385406,203.65548817737914,35.410263316391934,24.404089732148606,,,3708,17.5875,0,No Defect
0.04384604950925196,102.26549252011635,173.7970612179792,49.096218671224854,22.269165659699983,,,3709,17.590625,0,No Defect
0.0413419212261926,100.25548727359472,187.87510137325668,41.48221781967232,23.6036930410605,,,3710,17.59375,0,No Defect
0.040522815547630424,98.77325054476096,185.7892422850776,44.32175263509847,22.89104931177047,,,3711,17.596875,0,No Defect
0.03896612694077043,96.3953177502628,176.38383317518048,36.72378371656448,25.677338306711526,,,3712,17.6,0,No Defect
0.03931002011873804,98.21309416535632,197.73237825686715,35.91025642160262,24.607700216643966,,,3713,17.603125,0,No Defect
0.03906918040514442,100.197226831133,231.64709230918018,32.45737241555317,23.53216430521427,,,3714,17.60625,0,No Defect
0.039865569161415815,98.54018728986735,188.8845720021191,37.6487958377343,24.642478944702695,,,3715,17.609375,0,No Defect
0.04093464810304786,100.73192931639869,200.9116475065343,37.19624037303581,24.048100784821337,,,3716,17.6125,0,No Defect
0.03805684059568877,99.75351315479216,247.57136205323258,28.75222343942525,23.629331947410627,,Ambient RH low,3717,17.615625,0,No Defect
0.043841014736637804,100.26338057388656,136.44519968117714,49.30896935459399,24.486135151221237,aperture overfill,Paste viscosity low,3718,17.61875,0,Solder Bridging
0.040664282344597215,98.64386519128311,178.63449681721156,40.599074500826404,24.41593467484536,,,3719,17.621875,0,No Defect
0.03992227624182711,98.33099863258747,190.84139116520348,39.876080328962665,23.870247926224067,,,3720,17.625,0,No Defect
0.03960153999379459,101.54126701383456,237.13072856725796,31.885840203444623,23.35757686553583,,,3721,17.628125,0,No Defect
0.03895126603585025,96.14231765142593,185.52492341300282,44.35649922619342,22.876129924907303,,,3722,17.63125,0,No Defect
0.03985918252544913,100.09124304733288,220.9626897658239,36.416387247256544,23.03358605808922,,,3723,17.634375,0,No Defect
0.04263025387386578,101.4935028152298,162.56686352400283,35.24470458526129,26.97375325021127,,Ambient temperature high,3724,17.6375,0,No Defect
0.036818627427556865,93.53981013922822,200.47700821097996,42.81758661718265,22.39336558412941,poor paste transfer,Stencil thickness low,3725,17.640625,0,Open Circuit
0.039938013292585436,98.00792681373896,189.73852604407247,41.64005770267909,23.418364564053903,,,3726,17.64375,0,No Defect
0.03911086565949867,98.59879909608112,214.7760863535284,37.905561246542106,22.964882206164578,,,3727,17.646875,0,No Defect
0.04127150502182247,101.29241652092325,204.38274186677515,38.996172456756476,23.299546112578355,,,3728,17.65,0,No Defect
0.041352404489850794,100.11576231644577,189.20693809992503,42.647155262384516,23.164439010635657,,,3729,17.653125,0,No Defect
0.045110436540828934,103.14554585593102,145.47277357085488,46.1888519117581,24.84079081219173,Paste volume per aperture high; aperture overfill,Paste viscosity low,3730,17.65625,0,Solder Bridging
0.03949315234994165,96.98159901885363,187.72563313970667,44.29185425587907,22.757566108299756,,,3731,17.659375,0,No Defect
0.0412432918660442,97.72299991615569,153.51701129199913,43.814347842482064,25.00965043857977,,,3732,17.6625,0,No Defect
0.03695843601512564,95.46209285245219,221.8411400607713,41.00824934486985,21.599502102368465,,,3733,17.665625,0,No Defect
0.04127529379442451,101.00902948239485,209.08967704373842,43.03743602930105,21.826595483935154,,,3734,17.66875,0,No Defect
0.040122075352793066,97.70145929937534,176.75902996407407,40.19915022255426,24.62770387756248,,,3735,17.671875,0,No Defect
0.040246216250866995,100.06547917922106,208.25691490054257,37.838620432937596,23.38317145979494,,,3736,17.675,0,No Defect
0.04162712006010759,100.2811245423038,183.89563124391353,41.61300151630222,23.787471941657635,,,3737,17.678125,0,No Defect
0.03863726682265089,96.38573715349924,199.53597072196152,41.788229454461025,22.75383022836357,,,3738,17.68125,0,No Defect
0.041766001616584496,100.20397193326706,185.55292719424847,44.65845006278687,22.796490625699487,,,3739,17.684375,0,No Defect
0.03722609440278834,97.83845393067647,237.07310254334607,31.02133123335873,23.576686326696283,,,3740,17.6875,0,No Defect
0.04229134648928623,104.06775188259878,211.1541579741196,30.547509894655924,25.348436448564854,,,3741,17.690625,0,No Defect
0.04089234359498315,100.80223602381731,203.40307210961254,39.638387005354055,23.150909030427623,,,3742,17.69375,0,No Defect
0.037883317922687364,96.44907839668909,204.11430654616072,36.56150065423335,23.981298132677797,,,3743,17.696875,0,No Defect
0.040856584241263365,99.13642903875426,181.4416564285143,38.04298633342583,24.970428288597315,,,3744,17.7,0,No Defect
0.04225968630831149,99.95693996135357,157.26123115605412,41.16952362051713,25.54471793752637,,,3745,17.703125,0,No Defect
0.042121152743175974,99.83266202315906,161.23726012621768,41.655593398870074,25.158159565496053,,,3746,17.70625,0,No Defect
0.03877011061726761,98.1243150958508,200.54920785803392,32.37284907120165,25.425494382393424,,,3747,17.709375,0,No Defect
0.03775112395639357,95.31519616961961,205.19200002426757,43.79298147773093,21.800615695577278,,,3748,17.7125,0,No Defect
0.0388124946727952,98.08997178827153,216.8282644315052,40.02542805597481,22.193863602107292,,,3749,17.715625,0,No Defect
0.038752451650451034,97.49296801277852,203.6538437426216,37.00715469813206,23.883170989143576,,,3750,17.71875,0,No Defect
0.03712311013891527,97.46020905678546,234.25526969498054,30.1692446456197,23.98875343710492,,,3751,17.721875,0,No Defect
0.04057051244175532,99.90067719821242,194.3885107526454,34.979521703324764,25.05810991415507,,,3752,17.725,0,No Defect
0.038975293400619025,97.21611236799345,204.97069061751236,41.777312718182834,22.411120564014375,,,3753,17.728125,0,No Defect
0.04007462938467683,98.95654842597637,196.19165761700683,37.84407963750515,24.1042980706244,,,3754,17.73125,0,No Defect
0.04083950684220476,98.85172814782783,187.86138900445732,45.289811061124155,22.44614910833335,,,3755,17.734375,0,No Defect
0.039586366588703716,97.93395681648963,202.11189862809871,43.18596237679,22.175517242157134,,,3756,17.7375,0,No Defect
0.042455125301022065,102.00030269782242,200.65316970525552,47.92296610390143,20.900360386041573,,,3757,17.740625,0,No Defect
0.04172183703163986,102.5937445491628,223.30734720016994,43.79158569635271,20.710559243106612,,,3758,17.74375,0,No Defect
0.03947357690463217,97.26184348740823,187.05653553881297,38.52385312388694,24.458833642887658,,,3759,17.746875,0,No Defect
0.0395072641170416,100.07284353232647,218.87438505281992,33.729451574163406,23.899542204294352,,,3760,17.75,0,No Defect
0.03776607616458676,98.76965415340614,252.3696208524893,36.927049956688045,20.898924973061494,poor paste transfer,Paste viscosity high,3761,17.753125,0,Open Circuit
0.04076444666198917,99.8964247035724,192.7655908165115,37.48317377642452,24.416735739161723,,,3762,17.75625,0,No Defect
0.044647724089890484,105.56279561118312,195.35172660310388,42.2115001168803,22.907771745841256,Paste volume per aperture high; aperture overfill,Stencil thickness high,3763,17.759375,0,Solder Bridging
0.038726329730114445,96.88118117488114,213.14546844005287,48.60553664840388,19.89672430601609,,Ambient temperature low,3764,17.7625,0,No Defect
0.038329190451347105,98.3709172235366,226.88460057262157,32.58278055974755,23.73603773680378,,,3765,17.765625,0,No Defect
0.03853564745695679,96.35624473792738,195.28870722729644,39.09419370205989,23.770062825497227,,,3766,17.76875,0,No Defect
0.03985680118439738,96.28245163357064,177.41718531105707,48.04410172418101,22.264473533637066,,,3767,17.771875,0,No Defect
0.03942854218137824,98.16021980719972,211.4074068421127,44.34524238943766,21.251985962252547,,,3768,17.775,0,No Defect
0.040477505092505396,99.65136270349171,202.3785432355284,38.5773065277065,23.501888650402865,,,3769,17.778125,0,No Defect
0.04202153895996079,106.0370446409217,246.73641763843858,29.042735883471195,23.57004487751399,aperture overfill,Stencil thickness high; Ambient RH low,3770,17.78125,0,Solder Bridging
0.04356151303912353,100.66347502196764,153.09493537506367,47.63923310408972,23.900901891111573,,,3771,17.784375,0,No Defect
0.03994031828620449,100.20566904665829,212.6497070138892,34.74538968068676,23.97694339970371,,,3772,17.7875,0,No Defect
0.04047447381090274,100.5933865659481,205.3851498369802,35.182525731618476,24.297803364336115,,,3773,17.790625,0,No Defect
0.04190606987042165,101.20944210274325,190.19692980817285,39.93626803842473,23.855483635825234,,,3774,17.79375,0,No Defect
0.04219319302318845,100.363484102513,167.0539276299605,41.22428656963227,24.897222965737132,,,3775,17.796875,0,No Defect
0.03772930176250118,95.20885809127282,195.8790187911534,37.35811539260868,24.225868123004368,,,3776,17.8,0,No Defect
0.038025104122613375,97.72910654942295,218.3989936708788,31.93176030093348,24.427514058062368,,,3777,17.803125,0,No Defect
0.039914470665182035,99.22539924896542,200.84558784927472,38.75138765231855,23.521723946860515,,,3778,17.80625,0,No Defect
0.03960325394838196,100.18527526652076,225.07584524074747,35.69782114461348,22.92834688012965,,,3779,17.809375,0,No Defect
0.03952197973876255,98.86776169747219,213.54813582446653,39.41813013399955,22.549413261414234,,,3780,17.8125,0,No Defect
0.03894052005668626,95.97326692909297,173.51702082726237,37.979859785656885,25.416615544627685,,,3781,17.815625,0,No Defect
0.041515022725933076,97.26592012779854,145.0840570851338,45.739826042556494,24.91828013161495,aperture overfill,Paste viscosity low,3782,17.81875,0,Solder Bridging
0.03927327300726254,98.90541511276273,215.79944599931204,35.36913047513586,23.591055106331506,,,3783,17.821875,0,No Defect
0.040010062140859365,98.98611561399528,192.84265514695778,33.73351257501,25.48051108121771,,,3784,17.825,0,No Defect
0.03755857946188193,94.23928988381383,186.31331722814045,39.6355333362915,24.135175783986313,poor paste transfer,Stencil thickness low,3785,17.828125,0,Open Circuit
0.03877597928499506,97.65114995546338,205.05229735562168,36.521369049663605,23.90220010970166,,,3786,17.83125,0,No Defect
0.040291596542012025,100.29340264107054,218.44046816000363,42.12713432709288,21.452987017543894,,,3787,17.834375,0,No Defect
0.04041492685233772,98.70394264043586,186.8388599463489,39.364783909544265,24.202583683308415,,,3788,17.8375,0,No Defect
0.04121297696841306,99.1193891756252,177.8224841573514,42.292534849368984,23.905878143170025,,,3789,17.840625,0,No Defect
0.03904444887253936,96.93271115545265,190.00210432181294,39.38253050786113,23.987129385210576,,,3790,17.84375,0,No Defect
0.03925483937248553,98.4484366212116,207.67913253506146,38.59187695467288,23.132886708858184,,,3791,17.846875,0,No Defect
0.03967479751828124,96.69278526686278,175.575117987469,40.19858906255017,24.641884982090392,,,3792,17.85,0,No Defect
0.04133319201155842,101.2064783135606,203.9156114692589,38.52024471234773,23.40385967340541,,,3793,17.853125,0,No Defect
0.042661452230429914,103.38363290263298,205.9314556550349,39.04515819152902,23.13571163258707,,,3794,17.85625,0,No Defect
0.038792039769905584,97.93972277560259,221.49644305286265,41.14017719273727,21.53835915748214,,,3795,17.859375,0,No Defect
0.0409054195483745,99.70115702715712,186.33560333689752,37.26434026370573,24.841800298578924,,,3796,17.8625,0,No Defect
0.037524368011776235,96.54268925919807,224.3472988356905,39.7037286555573,21.766307003570226,,,3797,17.865625,0,No Defect
0.042289369546957487,103.3470122539005,215.0908218512135,38.21078376117393,22.811573553884973,,,3798,17.86875,0,No Defect
0.039917213365810215,99.11518421064497,205.52505186879904,39.61515116751507,22.965281373319275,,,3799,17.871875,0,No Defect
0.04046110492319161,98.70394529094978,186.31842483275972,39.99247938454287,24.038478512243042,,,3800,17.875,0,No Defect
0.04254618557383749,102.11310437483907,198.71271562804134,46.34365026029825,21.436817309633494,,,3801,17.878125,0,No Defect
0.03738133617722439,95.88241952598302,213.1049119361275,35.404444021001275,23.709393071281834,,,3802,17.88125,0,No Defect
0.04085699447942656,100.12154108415143,192.04054493194786,35.73045362260907,24.93198953229693,,,3803,17.884375,0,No Defect
0.03847340870226351,97.5373491162919,213.374247431546,37.89348400095703,22.969125324060837,,,3804,17.8875,0,No Defect
0.040156683603916325,99.21638013117386,203.20729520951105,40.52814654502515,22.83707258379774,,,3805,17.890625,0,No Defect
0.043812180479263864,105.99219768750557,212.36443164847338,33.01759743502279,24.501451681152144,aperture overfill,Stencil thickness high,3806,17.89375,0,Solder Bridging
0.04032395182171579,100.54636902483584,217.99778386469308,38.57055198336564,22.500606415689457,,,3807,17.896875,0,No Defect
0.042206809956723164,99.23320390455207,153.86513342781112,43.426660879742904,25.031044271117562,,,3808,17.9,0,No Defect
0.039606943873697356,99.00973671258805,216.76104864393488,43.48811410014482,21.12934665886906,,,3809,17.903125,0,No Defect
0.03851752267867509,97.16078977374012,208.14224883121472,39.110687449340496,22.928793790384344,,,3810,17.90625,0,No Defect
0.04356628702095877,101.7967660782072,167.29394017926066,49.101499491403544,22.552902410667606,,,3811,17.909375,0,No Defect
0.04025245940144353,97.85243427972479,181.95547513334307,42.02072345643244,23.70032340206986,,,3812,17.9125,0,No Defect
0.040256233999709914,97.86768422325999,186.77136942047144,45.41874583888681,22.409822695965573,,,3813,17.915625,0,No Defect
0.038003852409595605,97.31741672712825,226.34992240098472,38.655333965887536,21.938867121298863,,,3814,17.91875,0,No Defect
0.0399276314313947,100.36104878425104,229.12203272904702,39.65146353436383,21.492402077618273,,,3815,17.921875,0,No Defect
0.0392500423566583,97.46855766633232,200.1687400239164,41.58123089129367,22.697725936791972,,,3816,17.925,0,No Defect
0.04192066205451565,100.9319635518863,190.6444846118403,41.04127507857698,23.463571337072615,,,3817,17.928125,0,No Defect
0.03749965409882031,95.70128143605702,213.98467375535327,37.399716179799775,23.060063576178777,,,3818,17.93125,0,No Defect
0.040296668162795264,100.89885687218316,216.25454255709425,34.783686876017214,23.699020897861246,,,3819,17.934375,0,No Defect
0.04142221461583118,99.94260548896419,188.0528610856327,44.91149864171271,22.47906752915285,,,3820,17.9375,0,No Defect
0.04042133918905966,96.78244619729061,167.89574569753887,49.731148497430794,22.297532546322568,,,3821,17.940625,0,No Defect
0.03984105914197316,99.81450505065035,216.9034643378866,37.85965557120525,22.75537735695128,,,3822,17.94375,0,No Defect
0.03925530807790095,97.96579465581978,204.3574526399525,38.11650936213856,23.447337642088065,,,3823,17.946875,0,No Defect
0.04272817565543721,101.00258052380329,164.37129669099264,40.212439741596214,25.31231795494443,,,3824,17.95,0,No Defect
0.03767220109403489,96.67626177475502,215.66185097981392,34.17639634854131,23.88801522727795,,,3825,17.953125,0,No Defect
0.03733332540445754,93.88202493199033,193.61296354925767,41.214292439454425,23.185383835542062,poor paste transfer,Stencil thickness low,3826,17.95625,0,Open Circuit
0.0368695108961553,95.05597599698386,217.73350988148871,39.178531671807704,22.290629056064834,,,3827,17.959375,0,No Defect
0.04189048936384918,99.49335695807204,161.93073279241278,44.101580768331615,24.30917916787627,,,3828,17.9625,0,No Defect
0.04102509979218588,99.9403566104783,195.2586968587625,40.013630326713056,23.460152120020986,,,3829,17.965625,0,No Defect
0.040123893885656285,97.7608899400592,179.81745098090147,42.63112293858837,23.627909631953813,,,3830,17.96875,0,No Defect
0.04360242069767426,100.14542070911676,138.89735445998588,45.06167713379689,25.46216131703583,aperture overfill,Paste viscosity low,3831,17.971875,0,Solder Bridging
0.03855948883979322,97.7868006551009,218.08492018599327,37.585163193898374,22.74422772247831,,,3832,17.975,0,No Defect
0.04257017436660417,101.01060138996765,168.6603824677126,40.56444209968433,24.93472906543278,,,3833,17.978125,0,No Defect
0.03943876376872035,98.44627830197116,199.7345370353652,36.4252460112417,24.20981618235226,,,3834,17.98125,0,No Defect
0.038946723210445955,98.60643647130692,226.8118259767899,42.665976858252414,20.72052289735531,,,3835,17.984375,0,No Defect
0.039436336173140185,96.23696785816594,185.7806882210983,49.16533912951165,21.343385943764243,,,3836,17.9875,0,No Defect
0.04160223852670766,99.97885550504911,191.2993230697858,46.535099774368,21.793307218377965,,,3837,17.990625,0,No Defect
0.041367311785399596,102.52266071685366,218.46898507375076,36.008057985565266,23.19451625642098,,,3838,17.99375,0,No Defect
0.041467963729861605,101.44972016835058,219.52435363838592,47.10874289239176,19.889172425611914,,Ambient temperature low,3839,17.996875,0,No Defect
0.03918107734916153,98.696003164779,213.38148795242728,36.698296468858956,23.28618232701454,,,3840,18.0,0,No Defect
0.03938723061385973,98.27676466899506,203.42491828080682,37.57832249192199,23.641736362422428,,,3841,18.003125,0,No Defect
0.04030509969561525,99.56420023047323,194.82070957883158,35.57411762742535,24.758849412115822,,,3842,18.00625,0,No Defect
0.03930716339237513,100.83399049432656,227.84380238530466,27.942589324203972,24.951094285000906,,Ambient RH low,3843,18.009375,0,No Defect
0.040941983679165336,99.97605992671414,199.38131105032923,43.28257456974761,22.231021104107473,,,3844,18.0125,0,No Defect
0.04052039563346444,99.08450150004644,186.09353833942802,38.61231130237576,24.405139629606417,,,3845,18.015625,0,No Defect
0.037394750938458295,95.49478052323704,205.2649229440373,37.29837951316512,23.5860549174808,,,3846,18.01875,0,No Defect
0.04240439996879573,100.3353108374073,175.48063884742177,50.37874581064637,21.629490882788236,,Ambient RH high,3847,18.021875,0,No Defect
0.04149867936658068,101.20409093821642,192.12064787512688,36.31474383854542,24.711028989903074,,,3848,18.025,0,No Defect
0.03954821730632498,97.19456633105581,192.12241856433496,42.691813868868465,22.836545786844972,,,3849,18.028125,0,No Defect
0.04019857607571577,97.40099121446603,173.78259472073307,41.477599535249375,24.318310073883907,,,3850,18.03125,0,No Defect
0.038461420585046244,97.10847499411604,206.2630421702442,37.56036658042643,23.452789087001094,,,3851,18.034375,0,No Defect
0.03801882089380681,96.5619366329482,209.6851995571192,36.69173897220269,23.494401856500485,,,3852,18.0375,0,No Defect
0.0420605599631062,100.43883684070035,171.8029993979457,39.15607354913098,25.129446921357648,,,3853,18.040625,0,No Defect
0.03767580528443069,98.59422931818176,251.55332358726392,37.55431628250182,20.665052089413404,poor paste transfer,Paste viscosity high,3854,18.04375,0,Open Circuit
0.03635839922086989,97.15811786731521,249.23650576026859,28.492581315109717,23.44579205614518,,Ambient RH low,3855,18.046875,0,No Defect
0.04239717676646285,102.56459221084152,206.02624991905907,42.32673000229097,22.104038867810097,,,3856,18.05,0,No Defect
0.04060170524197422,99.22447289887359,198.6462144880933,44.66021294883364,21.857478367568035,,,3857,18.053125,0,No Defect
0.03560655596577611,94.56710333491084,234.78347062980288,34.652981127912405,22.522649991644666,Paste volume per aperture low; poor paste transfer,Stencil thickness low,3858,18.05625,0,Open Circuit
0.03769577910925448,97.09205063698072,223.3729449907876,35.86003025008396,22.88482882833022,,,3859,18.059375,0,No Defect
0.04246271556154226,102.55834996636588,200.85278531680288,40.818695616891226,22.857532749149676,,,3860,18.0625,0,No Defect
0.04068276456549418,99.78304071663523,205.47398019948594,44.975820707101924,21.341537461816948,,,3861,18.065625,0,No Defect
0.03817305046463459,95.9436571348115,190.79740882065627,35.37342211412333,25.026943939015787,,,3862,18.06875,0,No Defect
0.03996274682400687,98.05302040162249,197.82020881908264,44.87766708213527,21.834752272950478,,,3863,18.071875,0,No Defect
0.04200757868075011,100.63242933032446,195.36324670219366,48.21090131173413,21.029143968739604,,,3864,18.075,0,No Defect
0.03830462782591762,97.76619862108888,217.96412202005382,36.18497544576746,23.118863361626474,,,3865,18.078125,0,No Defect
0.04050591681926641,98.44134327849034,190.49801910031505,44.267096031518406,22.465054679650308,,,3866,18.08125,0,No Defect
0.03826764662654743,95.29584567358678,195.25741841922212,43.67325217651362,22.327383709421575,,,3867,18.084375,0,No Defect
0.039439520912248796,96.50947315957413,180.64058654403254,44.00480308152375,23.131031203445893,,,3868,18.0875,0,No Defect
0.040403160783771715,100.63660479145119,210.0108674486585,34.0317593864597,24.251015199617825,,,3869,18.090625,0,No Defect
0.03977316744837331,98.23217118615909,189.96252553094178,34.30196761759876,25.39981144883251,,,3870,18.09375,0,No Defect
0.04042303909316101,100.3802481565254,209.99447394002942,36.002742650832204,23.675625357720417,,,3871,18.096875,0,No Defect
0.04148572283245978,99.96234265893652,189.64036133924597,43.4624325448061,22.754714748067602,,,3872,18.1,0,No Defect
0.03987804937065442,100.25703361087182,223.80335491325297,39.420463598548736,21.818785734166596,,,3873,18.103125,0,No Defect
0.0402259699860161,99.23747317350367,205.27625024090972,40.69109515174483,22.591959040306723,,,3874,18.10625,0,No Defect
0.040022548386521285,97.38033876122542,180.58337708202748,42.38787633859235,23.607320690988015,,,3875,18.109375,0,No Defect
0.041826183353203865,100.66596186409608,186.38445544134484,42.6979996635861,23.17134145701274,,,3876,18.1125,0,No Defect
0.034935895607068036,94.55173860845939,249.7664583788676,31.244593906784587,22.57622933417388,Paste volume per aperture low; poor paste transfer,Stencil thickness low,3877,18.115625,0,Open Circuit
0.04390683000532776,103.40589627128567,187.07025901624812,48.371877338305644,21.485575018556865,,,3878,18.11875,0,No Defect
0.036769096880932176,96.40055518816855,234.4582463130593,32.34720060129963,23.205924284918765,,,3879,18.121875,0,No Defect
0.04126543454646962,99.84258435800145,182.96121206958185,39.160471724310774,24.40782976574874,,,3880,18.125,0,No Defect
0.036644021269424454,95.23009925963876,214.5554054725571,33.3706231902733,24.11997684870433,,,3881,18.128125,0,No Defect
0.0417613914182694,99.9969708217625,176.13414624911917,41.72591798285802,24.07831029319682,,,3882,18.13125,0,No Defect
0.04048482685755584,98.2985068320767,180.0077729837273,41.22140699313074,23.976451682439368,,,3883,18.134375,0,No Defect
0.037800918321367324,96.89416304273986,220.82433681910916,37.03548918424531,22.672879544167603,,,3884,18.1375,0,No Defect
0.0400997941996985,99.6609427603995,210.55757424017906,36.46630232891356,23.491103978810504,,,3885,18.140625,0,No Defect
0.043353312216364674,102.11879528049226,180.52087937284017,46.178979501790295,22.519328391532067,,,3886,18.14375,0,No Defect
0.03921145575349477,101.19583602689089,250.95495124858712,32.936921367145516,22.030835783411238,poor paste transfer,Paste viscosity high,3887,18.146875,0,Open Circuit
0.04343294550146938,101.98340690040443,175.77145182751673,47.492153073447916,22.42296786595879,,,3888,18.15,0,No Defect
0.041169607648240805,99.14464652392886,174.41258797015158,41.25343138751801,24.307450879767767,,,3889,18.153125,0,No Defect
0.040901857495560814,100.20087132234256,204.35671273872805,40.02303494530288,22.833168853997524,,,3890,18.15625,0,No Defect
0.03943563527467929,97.11282080870278,192.2648699139247,44.19709846399776,22.33720364575355,,,3891,18.159375,0,No Defect
0.0394100158371993,98.55254087626163,212.34921032707967,40.67205207988594,22.13431153820601,,,3892,18.1625,0,No Defect
0.04316656378550331,103.13494335575594,198.26523771000402,45.44469128158044,21.632586443840196,,,3893,18.165625,0,No Defect
0.03821317766730777,96.7919269656817,200.87314328272043,33.896831870126164,24.804555087678704,,,3894,18.16875,0,No Defect
0.039929518783425606,100.25946354971036,218.92148599282964,35.16734306908788,23.340909076819795,,,3895,18.171875,0,No Defect
0.03679967265153727,95.21128547016228,204.16849913971157,28.952779448568602,26.03444474323883,,Ambient RH low; Ambient temperature high,3896,18.175,0,No Defect
0.04077793773255287,98.7580852133671,183.89581718709087,41.23602512451719,23.7243176873448,,,3897,18.178125,0,No Defect
0.045096751984909395,106.2596766532071,194.32096953172285,41.29833386654737,23.097196420818243,Paste volume per aperture high; aperture overfill,Stencil thickness high,3898,18.18125,0,Solder Bridging
0.03860543564208327,97.83360724998198,213.68099847697096,37.015391099936636,23.1052543377853,,,3899,18.184375,0,No Defect
0.04057853254248279,99.4651462303312,187.0551312258534,36.21941918925895,24.985689993035262,,,3900,18.1875,0,No Defect
0.03927295017318745,99.27873799671079,228.7462532809148,39.27569953256817,21.52784840783375,,,3901,18.190625,0,No Defect
0.03878366372679413,95.97303142655491,184.17819459375394,37.89042417081677,24.663432500203733,,,3902,18.19375,0,No Defect
0.04068620108786655,100.16885290746717,198.80197681189986,35.04341376205584,24.610621762691178,,,3903,18.196875,0,No Defect
0.04011149459557897,98.66970015817867,194.77829504894888,41.66053066993395,22.91343078937937,,,3904,18.2,0,No Defect
0.04342763180292994,103.83204462542572,206.95307486133544,44.412460113794005,21.39536919530308,,,3905,18.203125,0,No Defect
0.039249023520078294,95.82703958210605,185.6019117746166,47.568889636368304,21.747306259961412,,,3906,18.20625,0,No Defect
0.03927894257725164,96.98779854805515,187.14646218694924,38.887554484594865,24.185539021703246,,,3907,18.209375,0,No Defect
0.038841064025384404,99.7539001182302,243.21852410005883,37.48369019362879,21.150142879335405,,,3908,18.2125,0,No Defect
0.04002375151006987,100.44814453317902,225.96920487743986,36.46391513699743,22.51896582689772,,,3909,18.215625,0,No Defect
0.041363576770923415,99.7309342539491,185.38389857605648,41.91033329729167,23.42560121600653,,,3910,18.21875,0,No Defect
0.037303405217034735,94.04251521112236,197.42984955914835,39.98840394215235,23.218670501661368,poor paste transfer,Stencil thickness low,3911,18.221875,0,Open Circuit
0.03866828724469248,97.04378916659823,193.64538321298787,34.13956110722144,25.160998718958453,,,3912,18.225,0,No Defect
0.04196961069952198,99.8997423694991,173.57475238220465,43.50152811452179,23.685548672135713,,,3913,18.228125,0,No Defect
0.040064379686721496,98.2483772929599,194.1059529149876,42.748813777932654,22.62860249246619,,,3914,18.23125,0,No Defect
0.04074158822788538,101.03719916265312,219.73979878452917,41.0028159250555,21.5692256013176,,,3915,18.234375,0,No Defect
0.038371738861506736,96.05532139542234,200.01619599115665,42.339152259808245,22.368850005990904,,,3916,18.2375,0,No Defect
0.04170769829117979,98.91824837044203,161.74782424793048,45.2941952978156,23.875849188815977,,,3917,18.240625,0,No Defect
0.04008264294870113,97.56700490050491,192.11052117121247,47.847316556911444,21.258460566003677,,,3918,18.24375,0,No Defect
0.03827142410380403,97.4099655374894,218.74614834686002,38.40906021502076,22.363379865502594,,,3919,18.246875,0,No Defect
0.03953998518550014,97.56648450212914,192.91149206844807,39.745805394248364,23.57001892826035,,,3920,18.25,0,No Defect
0.04002859596474469,97.59183003350061,187.857179028485,43.786080921200956,22.703081958395057,,,3921,18.253125,0,No Defect
0.03938844369099288,98.43910233789813,209.40057825549107,39.44931511886127,22.639520291561045,,,3922,18.25625,0,No Defect
0.04226970294267616,101.37479405098901,181.28203953672073,38.263284011528995,24.73385818117825,,,3923,18.259375,0,No Defect
0.04295136487677185,104.27650204921098,216.71315813126319,41.171836136792145,21.71343712517792,,,3924,18.2625,0,No Defect
0.04063668678913678,97.28312997709716,166.59549584855793,43.53020984137724,24.08348030009009,,,3925,18.265625,0,No Defect
0.039896319661946754,101.16784720694342,240.72709350299684,37.99374727704002,21.142971666486066,,,3926,18.26875,0,No Defect
0.04291513038317914,101.60469029444627,179.48868193019868,44.369227672105936,23.06159981585936,,,3927,18.271875,0,No Defect
0.0400634958445758,96.23172223200281,155.41809163518846,40.8559805856067,25.538835867766203,,,3928,18.275,0,No Defect
0.04060566642237739,98.39322288411988,173.8368971866253,39.112683873098106,24.920187445004476,,,3929,18.278125,0,No Defect
0.04111878944172165,100.35424116672793,201.36211513814152,41.725036104199255,22.474192821539198,,,3930,18.28125,0,No Defect
0.039792231088279464,97.68931047298129,184.43821224259818,35.66999322754562,25.27359879359921,,,3931,18.284375,0,No Defect
0.042642678279274454,102.31977729994122,194.2935321088505,40.887247279155076,23.164038154661093,,,3932,18.2875,0,No Defect
0.03979248344463887,100.57239211872806,223.25861738014763,31.89973656676709,23.987031478684408,,,3933,18.290625,0,No Defect
0.03742212829642594,94.92359594229757,203.61204437997253,38.99359119300847,23.101295070656786,poor paste transfer,Stencil thickness low,3934,18.29375,0,Open Circuit
0.04186850037795131,98.39240463156018,159.85043660123603,48.19872313015789,23.13113014529213,,,3935,18.296875,0,No Defect
0.0417340237679741,99.79645345192309,173.6788445723504,42.89495239104267,23.825453023693203,,,3936,18.3,0,No Defect
0.04033200046325637,98.88149982608832,193.0650080105119,40.09313410230065,23.444644332171848,,,3937,18.303125,0,No Defect
0.040795564278507196,99.69649685676892,199.0117182898441,41.89604818847896,22.556860520390202,,,3938,18.30625,0,No Defect
0.040006959454621384,97.7935490413063,182.55192699316694,39.09227920213782,24.378402709096914,,,3939,18.309375,0,No Defect
0.040061267927241975,99.97528146813234,212.60402113629172,36.45819035868815,23.30212073682713,,,3940,18.3125,0,No Defect
0.03894140328360274,97.75519493626143,215.48202154283166,41.86730034713005,21.536713384120876,,,3941,18.315625,0,No Defect
0.0387732113828845,100.05952274688416,239.95144555628744,29.6677931041745,23.598720211777877,,Ambient RH low,3942,18.31875,0,No Defect
0.03980029692398243,98.12021857059679,192.8070851438748,41.13411331931877,23.142143073567446,,,3943,18.321875,0,No Defect
0.04095619091332708,99.88251598669856,197.3038724039569,43.119080593732534,22.29617433039506,,,3944,18.325,0,No Defect
0.03746592569973158,97.31334797492524,237.5022994627784,36.57755241784849,21.714106385989652,,,3945,18.328125,0,No Defect
0.03935515876881,98.09506030653073,204.42524644743838,38.131628149001315,23.304851602412068,,,3946,18.33125,0,No Defect
0.03754363644201873,99.33754839381477,265.5568924829541,31.749841641592802,21.405393221989176,poor paste transfer,Paste viscosity high,3947,18.334375,0,Open Circuit
0.03970684544768612,98.92926726519298,203.01665419928702,35.73520481116783,24.089854249271895,,,3948,18.3375,0,No Defect
0.03871704882494785,96.28321760202338,199.91811893633422,41.56433963345089,22.573485383398154,,,3949,18.340625,0,No Defect
0.0413871221721702,99.81040719352222,185.99111834644626,43.64141686681475,22.834885515944922,,,3950,18.34375,0,No Defect
0.03895353650372359,97.01541738841404,206.366862198601,45.13818954229158,21.12742254929122,,,3951,18.346875,0,No Defect
0.041750170297611446,101.52553696755606,210.7790833097533,44.978351880768784,20.926801935272813,,,3952,18.35,0,No Defect
0.04199189332624588,101.6096486632687,211.1018082754355,48.31262054911999,19.93323617800244,,Ambient temperature low,3953,18.353125,0,No Defect
0.03795786185530662,95.90591681769627,196.34465027626243,34.64267592359827,24.797907696967307,,,3954,18.35625,0,No Defect
0.03999361481828711,100.03164358215258,220.1264740155901,37.91404225703067,22.399972246288403,,,3955,18.359375,0,No Defect
0.04082112517157823,99.70617146030729,197.17641133986615,40.098434512639614,23.176341382605987,,,3956,18.3625,0,No Defect
0.043928176248388,104.2327450878303,182.86468522579287,33.992154928765416,25.863940360256507,,,3957,18.365625,0,No Defect
0.0415540314042371,99.5767119449498,185.39867517563866,46.20217395874047,22.118769124269726,,,3958,18.36875,0,No Defect
0.041315122972758335,99.32141825887197,178.92546049673098,42.75897901234984,23.516370756432128,,,3959,18.371875,0,No Defect
0.04331996447905379,102.92429168432174,191.01035483332987,43.751539605759,22.502016000307133,,,3960,18.375,0,No Defect
0.03943888324613716,98.50678377673373,203.56342250541454,37.13184615564368,23.629644787313637,,,3961,18.378125,0,No Defect
0.043448216033768014,105.26740585849859,220.7872391606427,40.09109988875849,21.742633548908746,aperture overfill,Stencil thickness high,3962,18.38125,0,Solder Bridging
0.04157364550845702,100.5448516921122,195.130127654055,44.88274284232675,21.89766833783596,,,3963,18.384375,0,No Defect
0.03839234327773304,96.78083696799767,213.04854454026452,41.941331029966804,21.63347344982966,,,3964,18.3875,0,No Defect
0.041315884313886955,98.44321421968888,163.7320159945089,41.88508663931658,24.69846741220673,,,3965,18.390625,0,No Defect
0.041547746550957596,100.61557418035046,204.23602666983376,46.00297099091751,21.013265597334613,,,3966,18.39375,0,No Defect
0.04210523743625468,100.6795342595944,191.70287369803992,47.70808874237747,21.28574580493486,,,3967,18.396875,0,No Defect
0.042048166671541196,101.93146549967366,206.46566886619766,40.536308168288286,22.47783927852283,,,3968,18.4,0,No Defect
0.03897605645914849,96.57063022765612,203.66442973539952,46.23381392363969,20.956497580056567,,,3969,18.403125,0,No Defect
0.04096011670301615,100.3938143599839,182.2066227255285,28.822880370222272,27.370870559567116,,Ambient RH low; Ambient temperature high,3970,18.40625,0,No Defect
0.04069625865983289,99.009109501176,189.7449054333584,39.095233515959926,23.910262596204547,,,3971,18.409375,0,No Defect
0.04193956351890938,102.46758591114437,214.60195715540152,39.128073761239904,22.383149354532637,,,3972,18.4125,0,No Defect
0.04125926846581209,99.7942007446969,175.93186419410222,36.74747140612105,25.437880700395905,,,3973,18.415625,0,No Defect
0.04060209163629777,99.37857938583959,206.14172898107824,44.96985107550117,21.181127420587696,,,3974,18.41875,0,No Defect
0.042745710482456074,100.57216964435072,172.67915309291251,46.95344289453019,22.670693559815955,,,3975,18.421875,0,No Defect
0.04000201932239399,99.59042903827284,220.51633370326113,44.04938733495551,20.55734889170791,,,3976,18.425,0,No Defect
0.038282861942473725,96.55226858428321,200.07562644872343,35.095316978551054,24.413789349215325,,,3977,18.428125,0,No Defect
0.04126533511042972,97.06970087733593,147.0591814298647,43.989717747099085,25.09319798218044,aperture overfill,Paste viscosity low,3978,18.43125,0,Solder Bridging
0.03806267302263697,97.04217013051829,217.84215711053224,38.11511402873221,22.435677834148013,,,3979,18.434375,0,No Defect
0.04021088112240587,98.16894724334163,177.21362959326825,36.38084926752187,25.451698022967523,,,3980,18.4375,0,No Defect
0.037260808086546554,94.33287334826986,200.5255310356894,41.268558114064405,22.570320612004277,poor paste transfer,Stencil thickness low,3981,18.440625,0,Open Circuit
0.03900152024922676,95.2853105007785,183.69101733882545,46.185958070053026,22.184134155951426,,,3982,18.44375,0,No Defect
0.03993919231341512,100.30164190010292,218.28852130229703,34.323236837620456,23.52789267473582,,,3983,18.446875,0,No Defect
0.036628289899610006,96.0862990985481,224.9751972860973,29.08444358201261,24.620043553325484,,Ambient RH low,3984,18.45,0,No Defect
0.04129872066928776,99.10842006546899,168.68399439961348,38.97756987848955,25.219332019011624,,,3985,18.453125,0,No Defect
0.03884815893380942,96.47682551577829,191.31787638213132,39.87429560840755,23.548522744130455,,,3986,18.45625,0,No Defect
0.03784393245076656,94.56505946054409,204.3327512410173,48.256336360231614,20.296252757048418,poor paste transfer,Stencil thickness low,3987,18.459375,0,Open Circuit
0.03879651384771913,98.1112790811533,223.64509335975058,40.646821165330174,21.338240897143255,,,3988,18.4625,0,No Defect
0.03943168801527074,97.76276126953567,201.09128892617002,41.28711021505097,22.53821615369036,,,3989,18.465625,0,No Defect
0.03776599681936116,96.84776040953089,220.0790581282791,34.89910937916489,23.226242375302476,,,3990,18.46875,0,No Defect
0.038327608524759985,95.5185689559848,176.51034273100876,35.25661216602772,25.792016649192625,,,3991,18.471875,0,No Defect
0.03979691033434794,97.59743283193332,172.04651087129963,31.97426007957147,27.040304850372138,,Ambient temperature high,3992,18.475,0,No Defect
0.041638738528258036,101.14674170070619,199.90635872285105,42.20330108916678,22.35459161315557,,,3993,18.478125,0,No Defect
0.04188748608460725,100.05430126709328,173.52887577118264,39.244785661682734,24.84227303578296,,,3994,18.48125,0,No Defect
0.041146327348795184,98.84507586391216,171.8843894080564,40.919574160695625,24.44319241273042,,,3995,18.484375,0,No Defect
0.041674251317685776,101.01027687003102,191.73257690237324,38.37904804384306,23.971957201929296,,,3996,18.4875,0,No Defect
0.038401292943908816,95.6269793970739,188.4265929191354,41.4175437156217,23.255952323206717,,,3997,18.490625,0,No Defect
0.04214434452685536,100.1977310002033,181.02198510069823,47.3288271047584,22.016078659052294,,,3998,18.49375,0,No Defect
0.04067455417244742,101.13688101214976,221.49643350204133,40.39531516311138,21.54266378248409,,,3999,18.496875,0,No Defect
0.040605779727527,99.6393751648748,194.63734304097744,37.82234016783494,23.942048156032023,,,4000,18.5,0,No Defect
0.03886216695242405,94.91669853130969,182.99851703977433,48.25933303505329,21.59630878310226,poor paste transfer,Stencil thickness low,4001,18.503125,0,Open Circuit
0.04139658338784057,100.64313159858305,193.72388013612928,37.405003546844206,24.12775774386997,,,4002,18.50625,0,No Defect
0.03987561456318771,96.78910537839201,167.99616777884404,37.593650524119106,25.637195819099627,,,4003,18.509375,0,No Defect
0.043849588960506496,102.77612672108575,175.43855813192587,43.81005571653051,23.395345610839012,,,4004,18.5125,0,No Defect
0.042391870481245875,103.49576378710385,209.41642195108048,35.084324724136955,23.84492756249597,,,4005,18.515625,0,No Defect
0.03926907159276804,99.47575175538172,218.3212756560478,32.76136023629702,23.94944975915118,,,4006,18.51875,0,No Defect
0.03975275423652521,99.57616033265873,218.50925518444953,39.326412291370865,22.02261005984647,,,4007,18.521875,0,No Defect
0.03939336972390877,97.9567258024817,186.8403735194805,30.189520714115822,26.633362762618503,,Ambient temperature high,4008,18.525,0,No Defect
0.041649229543318206,99.38204534168673,170.0419803633245,42.15665904103707,24.18298981676115,,,4009,18.528125,0,No Defect
0.03639745274117689,94.58194072444053,211.92702960408533,30.891518814213565,24.864361199030725,poor paste transfer,Stencil thickness low,4010,18.53125,0,Open Circuit
0.04152359502106755,101.20673589276818,209.21898220846725,44.48166055987181,21.09718805814746,,,4011,18.534375,0,No Defect
0.04078340857897436,98.74516362480297,180.1423168346907,40.64640184209909,23.99460290896139,,,4012,18.5375,0,No Defect
0.03695426936538045,96.43465734933726,237.1836832525297,36.61536617889672,21.641932239696015,,,4013,18.540625,0,No Defect
0.04129375453777527,100.8325964349777,202.73213727796477,38.55893053282609,23.22427079820344,,,4014,18.54375,0,No Defect
0.04145725724252321,101.83940440783341,210.35101910231813,36.94796125540459,23.225184372733576,,,4015,18.546875,0,No Defect
0.04047812571743134,98.36923545506754,168.30429204555372,34.7367927352623,26.437150500616102,,Ambient temperature high,4016,18.55,0,No Defect
0.038934843329087136,96.19188631098469,188.41587351504282,40.90978573944256,23.3915782564236,,,4017,18.553125,0,No Defect
0.04009503523694574,97.70838393230609,177.1903878356957,39.19929150999797,24.58500377202788,,,4018,18.55625,0,No Defect
0.0418446484128513,99.22730611760834,180.34412590066617,47.98844711219266,21.845069612946133,,,4019,18.559375,0,No Defect
0.03667863277361036,94.29445892519507,220.804642578101,44.00240862311512,20.478510929969275,poor paste transfer,Stencil thickness low,4020,18.5625,0,Open Circuit
0.0390975786022648,97.87439478163087,211.76235170491,41.767521392151544,21.70263249029206,,,4021,18.565625,0,No Defect
0.03719659698557662,96.0467681604876,221.12870270918683,33.559371547379556,23.51371229893645,,,4022,18.56875,0,No Defect
0.03962932790843328,98.67285506370901,202.68410679522353,36.69209266696402,23.74466163290963,,,4023,18.571875,0,No Defect
0.038560313824978765,96.8862762463897,217.34218244191067,45.18443083512065,20.35642032149243,,,4024,18.575,0,No Defect
0.04246474428690216,105.80749627922022,245.09050777082558,35.332480333187455,21.558716812121027,aperture overfill,Stencil thickness high,4025,18.578125,0,Solder Bridging
0.041732414938872,102.68801023276525,215.5738034120044,35.535860897803325,23.307252930729693,,,4026,18.58125,0,No Defect
0.039682227424150375,98.73778127554078,217.64848321524684,42.96022164990107,20.99535230472584,,,4027,18.584375,0,No Defect
0.04030318185954417,98.64393707882573,181.8841086345215,34.48170560741195,25.667769400505033,,,4028,18.5875,0,No Defect
0.042500347587425776,99.63044243293423,153.61909458374043,42.291109994232045,25.13685366812291,,,4029,18.590625,0,No Defect
0.039226056354137076,95.5976571240451,183.71290995515693,46.783563042008424,21.95437454377613,,,4030,18.59375,0,No Defect
0.04193676513675838,99.72866638282112,167.3696001844464,40.35956052182584,24.851015927072904,,,4031,18.596875,0,No Defect
0.04060205880305784,98.22360224938262,186.3753217094733,45.21579028288668,22.25495612927962,,,4032,18.6,0,No Defect
0.0387615365317556,97.15505828768056,201.06464466155174,36.70866258247181,23.821790271550086,,,4033,18.603125,0,No Defect
0.04045519157858851,101.39363064239951,226.85371853919202,36.779673115744,22.22946471526616,,,4034,18.60625,0,No Defect
0.03958561795288865,98.0628092440294,200.66978414380222,39.998715296090346,22.889441984926567,,,4035,18.609375,0,No Defect
0.037451310512074024,96.93785943078291,236.32314397620846,39.07120359097869,20.95412812291519,,,4036,18.6125,0,No Defect
0.04133444581542959,100.89580596331402,207.33919983741916,41.007078997417295,22.200393742502012,,,4037,18.615625,0,No Defect
0.03932415542100835,97.93157398644563,203.30914918587754,36.3387494981853,23.795405422095627,,,4038,18.61875,0,No Defect
0.039523347517769696,98.37787937861573,214.31880835421106,39.98569916337694,22.05717472560527,,,4039,18.621875,0,No Defect
0.03932668086069678,97.51606187924848,198.09458286353083,41.30644208232632,22.655128198394006,,,4040,18.625,0,No Defect
0.04166632575325345,100.35434805774393,179.60825284903584,35.062140455994765,25.63743556764345,,,4041,18.628125,0,No Defect
0.040625746126076556,99.29322606033749,194.53491414794473,39.54656107019191,23.39948908379124,,,4042,18.63125,0,No Defect
0.03856871089093475,98.40551801915908,227.1702052401822,35.96506325807437,22.42494274468686,,,4043,18.634375,0,No Defect
0.04254380200958819,100.85465542236838,181.48611812696538,46.27885736964888,22.246027893341694,,,4044,18.6375,0,No Defect
0.04035526382203636,98.08074833505283,183.30923464030835,40.54786244338622,23.790625893701726,,,4045,18.640625,0,No Defect
0.0398344152081253,96.76345748520043,173.93231972392329,37.167966375773375,25.353153950983447,,,4046,18.64375,0,No Defect
0.04006547665154756,98.50953072496668,209.3185049712589,47.054197961924125,20.28890943656649,,,4047,18.646875,0,No Defect
0.037141836421379956,95.28786372620989,212.17469604212954,35.35603951888078,23.507007275220193,,,4048,18.65,0,No Defect
0.03685510341648088,93.81109888929119,206.68305572672097,42.221473552763186,21.83493065385139,poor paste transfer,Stencil thickness low,4049,18.653125,0,Open Circuit
0.03999058798085358,100.13322871467479,220.65929422256121,37.655183949762424,22.3328360327278,,,4050,18.65625,0,No Defect
0.03892400723395231,98.00454715725887,226.0375212038974,45.279954478624404,19.765619101182423,,Ambient temperature low,4051,18.659375,0,No Defect
0.04026339111171655,100.70910778884709,227.58838705525267,36.374467989499934,22.288209693863735,,,4052,18.6625,0,No Defect
0.04058813276588852,96.87205659572086,158.54504881037394,41.70103960354596,24.965838834719403,,,4053,18.665625,0,No Defect
0.03950006813536643,97.73837195630041,203.77485962944348,42.34903770133811,21.99170684332359,,,4054,18.66875,0,No Defect
0.03765336382039137,97.60569470822524,231.63473350049765,31.457885322316507,23.447998292630622,,,4055,18.671875,0,No Defect
0.03866604704587683,96.59377044212505,202.41024955352447,40.25044780030911,22.67913915013969,,,4056,18.675,0,No Defect
0.039869849542188904,99.28900388527033,199.89201498433115,31.41746498225144,25.42155954770776,,,4057,18.678125,0,No Defect
0.038340032394007614,97.49483691054824,226.24935450076117,40.60916771399263,21.10579459766659,,,4058,18.68125,0,No Defect
0.0389027439469105,98.96749082239637,240.67945789416578,42.31285151837523,19.727280306408023,,Ambient temperature low,4059,18.684375,0,No Defect
0.040597229429336926,100.1930813313992,201.61267923444316,34.65237379267503,24.37325423059272,,,4060,18.6875,0,No Defect
0.04210890449638881,99.64949921148532,157.11405920713014,37.74045351897069,26.212092117072977,,Ambient temperature high,4061,18.690625,0,No Defect
0.037245105581893964,94.31837399245191,201.04965575930265,40.27613689702526,22.736322587062208,poor paste transfer,Stencil thickness low,4062,18.69375,0,Open Circuit
0.0378628562938267,96.04687758748966,217.79630004453023,40.629085142766044,21.61246810244484,,,4063,18.696875,0,No Defect
0.03814342491212022,97.85912139196432,226.69066796830205,33.279874220032035,23.21306890638219,,,4064,18.7,0,No Defect
0.04094780387496773,99.54405393057289,199.6142608765646,46.1372548089295,21.13600253992075,,,4065,18.703125,0,No Defect
0.037814951392992166,94.71751441084608,187.98443986870942,39.514465085036875,23.75704263678904,poor paste transfer,Stencil thickness low,4066,18.70625,0,Open Circuit
0.03905202500290651,97.64164420602222,215.62813918997145,45.45663337322405,20.333913951659945,,,4067,18.709375,0,No Defect
0.03537467057088344,94.36726043156386,245.9534402908714,37.16490848553626,20.867651986436055,Paste volume per aperture low; poor paste transfer,Stencil thickness low,4068,18.7125,0,Open Circuit
0.040621049400310694,97.6114074756608,168.09480123388832,40.80728632198396,24.621871392205424,,,4069,18.715625,0,No Defect
0.03866788584007379,97.86444756085724,219.96951186537228,40.1442344588088,21.61248899358218,,,4070,18.71875,0,No Defect
0.036947921189480905,96.3934666850563,247.64272125262477,42.21660553048896,19.297440384318598,,Ambient temperature low,4071,18.721875,0,No Defect
0.03811815458038128,95.47437713381576,209.78929325562603,45.97612279758508,20.532407087916685,,,4072,18.725,0,No Defect
0.03972442866247908,97.90928310107627,206.1678461572103,44.012080968744066,21.341087077079433,,,4073,18.728125,0,No Defect
0.04021235669630026,100.38504341540573,229.41526406676385,42.0037335966077,20.501595475490923,,,4074,18.73125,0,No Defect
0.04011510587915504,98.5879277757513,187.2427515589,37.23276597501046,24.475415194338826,,,4075,18.734375,0,No Defect
0.03797700336396535,93.87505180881969,164.51662376984675,36.95854243852441,25.93295288209129,poor paste transfer,Stencil thickness low,4076,18.7375,0,Open Circuit
0.03920878414056648,98.44093437055676,211.39496642615003,36.96706924866757,23.064424437036163,,,4077,18.740625,0,No Defect
0.03985367209788353,96.39495165871053,168.34853466795857,42.11389859985324,24.206185470270494,,,4078,18.74375,0,No Defect
0.04209651815414484,103.75101594942946,229.5338904065364,40.071957007915216,21.064111678088384,,,4079,18.746875,0,No Defect
0.03907074969313175,97.92437398268834,222.96329647042384,43.882550085355284,20.334263966675252,,,4080,18.75,0,No Defect
0.038027277869281,96.33527133704852,204.88775844135404,37.33050178699676,23.340726296508976,,,4081,18.753125,0,No Defect
0.041690138795605444,99.88996037051687,174.9359772483714,37.666379598014444,25.11484220540741,,,4082,18.75625,0,No Defect
0.04060445653680125,99.8720907811741,208.30913977589728,39.389131074871884,22.555669629644573,,,4083,18.759375,0,No Defect
0.038215354581159176,97.32844037758927,223.5119203151971,37.034667661097096,22.289485733153523,,,4084,18.7625,0,No Defect
0.04406795138695297,103.74353223672652,182.95977999075973,41.527534593999825,23.508837413768617,Paste volume per aperture high,,4085,18.765625,0,Solder Bridging
0.038676843701098425,97.593404364562,207.42387989008594,32.21775113156341,24.685281552262396,,,4086,18.76875,0,No Defect
0.04003693100398424,97.87722406656529,181.75033207245778,37.99194916376334,24.579085648273445,,,4087,18.771875,0,No Defect
0.03975833191355538,100.64677523298337,236.92986875392452,35.54621737300049,21.90909629588479,,,4088,18.775,0,No Defect
0.04026406132671564,97.0529557754767,161.43570097823897,38.430065308103124,25.69609624027737,,,4089,18.778125,0,No Defect
0.04078373273758291,99.70978233696685,198.30778378072523,39.21754376442749,23.210517103519553,,,4090,18.78125,0,No Defect
0.042660950321646664,100.58793641158978,164.76849361383145,39.83147770791109,25.103348527208933,,,4091,18.784375,0,No Defect
0.04035238278794142,96.14103182420223,162.3583740638433,47.95251815068544,22.856946669912638,,,4092,18.7875,0,No Defect
0.03829689612535188,96.98188320672698,213.3887582722655,38.08509436275347,22.58996241585673,,,4093,18.790625,0,No Defect
0.04219983345436923,100.35929261490904,171.6571310680181,39.05554859400301,24.89997857617086,,,4094,18.79375,0,No Defect
0.04005152051631067,99.45712870925048,214.5538145507874,37.88185483887554,22.595472170717283,,,4095,18.796875,0,No Defect
0.03822481087586582,95.73807023648587,196.44851021264463,40.03426634136656,23.054830757324748,,,4096,18.8,0,No Defect
0.039490570390005,97.7395629599933,195.07339110635687,38.06176962444355,23.72599993179822,,,4097,18.803125,0,No Defect
0.041402715568700316,101.02009785552444,189.26686005533435,32.418709992510806,25.74395360112485,,,4098,18.80625,0,No Defect
0.03923797984253982,99.30006641919299,223.93501043126201,35.52215069389011,22.692534878026084,,,4099,18.809375,0,No Defect
0.03808805976076289,97.60968577975449,232.66480467210704,38.69576155560302,21.22075845037037,,,4100,18.8125,0,No Defect
0.04007618995163813,100.29015600528984,232.3168216483788,41.72891094569486,20.372266176314973,,,4101,18.815625,0,No Defect
0.04146165757554947,99.67319442800428,189.90930219106485,45.50123727658819,21.880674171774302,,,4102,18.81875,0,No Defect
0.04010130532906937,100.38015799686164,221.35948701112247,35.08822642953364,22.98222116783899,,,4103,18.821875,0,No Defect
0.038656961861835225,96.69264307402807,207.981760254038,40.6891369087398,22.15538671481913,,,4104,18.825,0,No Defect
0.03767427020914017,99.28756754675861,269.2823331592032,36.7960452645332,19.51994610009615,poor paste transfer,Paste viscosity high; Ambient temperature low,4105,18.828125,0,Open Circuit
0.039903600060607995,97.96741487250003,186.05648449049812,37.39847144250534,24.464956490140462,,,4106,18.83125,0,No Defect
0.03875655305905892,97.05894872296128,202.2635892300394,39.87436748542618,22.733692546647134,,,4107,18.834375,0,No Defect
0.04076683125085624,99.52331906303081,198.94374678736028,42.05041905886712,22.32089913237089,,,4108,18.8375,0,No Defect
0.04046343383400917,99.32272760487359,200.81981057868984,39.951886113907705,22.816113532247243,,,4109,18.840625,0,No Defect
0.039894130677465355,98.7741057610429,207.52973174678343,40.68705640842952,22.183513243383654,,,4110,18.84375,0,No Defect
0.03990072003004162,97.74233470933115,192.92999453831172,41.98555938119296,22.699779418473597,,,4111,18.846875,0,No Defect
0.04174071241396947,99.37751064205999,178.0309521549618,45.58635607944323,22.575481799831007,,,4112,18.85,0,No Defect
0.03962378544970293,99.09355265587998,215.18216078669482,36.20106495117441,23.02158679482225,,,4113,18.853125,0,No Defect
0.04153141718892114,99.52757453808294,167.11415764383818,36.10289080945416,26.009314107614323,,Ambient temperature high,4114,18.85625,0,No Defect
0.04022927264762994,100.8141716071925,230.33412253804408,40.420287585324594,20.85632091192614,,,4115,18.859375,0,No Defect
0.03975098855277301,96.94762019507897,179.26688000700304,39.240810450691065,24.3335587076251,,,4116,18.8625,0,No Defect
0.04237565582872423,98.20325427010165,153.64957885266563,53.595294527783594,21.729518134367698,,Ambient RH high,4117,18.865625,0,No Defect
0.03806152004646835,94.5551742777908,183.39868442650678,40.984859094178205,23.551586529039724,poor paste transfer,Stencil thickness low,4118,18.86875,0,Open Circuit
0.03818502497859812,98.2412059129604,244.32689018902215,39.8335139206428,20.15249314300068,,,4119,18.871875,0,No Defect
0.03737563584387363,95.39185233467727,215.68063764834332,40.09366286823251,21.824546492323222,,,4120,18.875,0,No Defect
0.03952300396885083,97.49467233689525,194.01024707049368,40.278790800120056,23.115449294861207,,,4121,18.878125,0,No Defect
0.039870682723983995,98.88174382640375,203.62357756542087,36.67717266852346,23.58082224455196,,,4122,18.88125,0,No Defect
0.03916678087525646,97.72812610185483,207.1956386491612,36.9531820554052,23.27818589607465,,,4123,18.884375,0,No Defect
0.03949560039674351,100.57099149987546,230.509873525674,29.88080126036379,23.911134399766542,,Ambient RH low,4124,18.8875,0,No Defect
0.040718729499068525,96.72402580368505,155.09537252847284,44.00314348981745,24.41960566556333,,,4125,18.890625,0,No Defect
0.0423829083420484,100.3402905972321,168.45197828740834,41.835911021104174,24.245048349065218,,,4126,18.89375,0,No Defect
0.040724244536943205,100.91873561622086,227.06743536327195,41.525366738042024,20.729754319918584,,,4127,18.896875,0,No Defect
0.03735020387338352,96.45460306929098,227.06833685071268,37.222308845902944,21.952516501519902,,,4128,18.9,0,No Defect
0.0409910331089683,99.92809636671336,200.90240979844708,41.94061181520614,22.210819544307572,,,4129,18.903125,0,No Defect
0.042509098817359765,103.09496472687363,207.69411041755797,38.649460887020446,22.76543789261272,,,4130,18.90625,0,No Defect
0.037196747647795736,95.3048671041474,225.12272703871872,41.658106890403644,20.777013674450785,,,4131,18.909375,0,No Defect
0.042038697655181444,101.10718533286449,195.12447631683258,41.83963682691491,22.601809873398903,,,4132,18.9125,0,No Defect
0.04250704805647015,100.24842159489314,176.77429199359892,45.91969431863426,22.540016431812326,,,4133,18.915625,0,No Defect
0.04330710813981023,101.83386591679692,171.47953382299056,43.71062681179402,23.508337214969128,,,4134,18.91875,0,No Defect
0.04160148284176399,99.39964683085115,176.09047830426562,42.74917595298047,23.493843379192807,,,4135,18.921875,0,No Defect
0.039115586552772606,97.88040443288517,211.339611501202,40.908307112371105,21.84588600250071,,,4136,18.925,0,No Defect
0.03737919629052146,95.6421226292024,210.314448624984,35.511495358744085,23.470685495331345,,,4137,18.928125,0,No Defect
0.04017663791695434,98.36648579765749,194.36899694666727,41.338659592053666,22.76979272901914,,,4138,18.93125,0,No Defect
0.03788027668762721,93.7443501333294,187.72198740337032,47.28440641355399,21.42179212793085,poor paste transfer,Stencil thickness low,4139,18.934375,0,Open Circuit
0.04220058024899334,99.09926738947048,150.5538207431655,40.90334283097178,25.597604609626366,,,4140,18.9375,0,No Defect
0.03698871093976554,95.99621563839554,226.62016582818794,33.566862774679876,23.033604447216636,,,4141,18.940625,0,No Defect
0.035753411102653516,93.51944870613636,217.33104547761397,35.32983854388542,23.07450080575586,Paste volume per aperture low; poor paste transfer,Stencil thickness low,4142,18.94375,0,Open Circuit
0.041111194641807694,96.31867382403732,141.52127494232366,45.90075650291226,24.680272568251056,aperture overfill,Paste viscosity low,4143,18.946875,0,Solder Bridging
0.041470522751705076,97.64919797694287,161.61020619331634,47.69525219079076,22.92883958653837,,,4144,18.95,0,No Defect
0.041723743656477845,101.77306705089477,213.8202859545772,44.473119519169266,20.661636521082304,,,4145,18.953125,0,No Defect
0.03861648468698849,97.33451289951833,210.728478312791,39.42161092150236,22.29978821480027,,,4146,18.95625,0,No Defect
0.03967147781883425,99.34913148291312,210.3472247594954,33.980967242061396,23.92266101997139,,,4147,18.959375,0,No Defect
0.03706300512853197,96.6188776197144,241.61604296943162,37.99482699625588,20.810722239878363,,,4148,18.9625,0,No Defect
0.0377974025502776,94.81248759027251,190.21150858521642,37.33006811183034,24.163910996497457,poor paste transfer,Stencil thickness low,4149,18.965625,0,Open Circuit
0.041844377658776306,98.221156858588,152.74982277227912,43.33548979563557,24.740935287344964,,,4150,18.96875,0,No Defect
0.04098466303303114,99.19117639735698,187.52555826789919,42.982900274571264,22.698013334463322,,,4151,18.971875,0,No Defect
0.03925082375358586,98.52498819395089,222.26767274927948,41.23546864307555,21.064638728620878,,,4152,18.975,0,No Defect
0.039746811906043594,98.16642544290215,201.1684384843541,39.37388517547702,22.907360311108373,,,4153,18.978125,0,No Defect
0.04239656764967731,103.54174081370368,227.07611198997733,40.744052577484865,20.939709717826382,,,4154,18.98125,0,No Defect
0.037928980428944194,96.62970458544825,200.69658072212425,28.210781696326407,26.177429510049564,,Ambient RH low; Ambient temperature high,4155,18.984375,0,No Defect
0.04170877125116991,99.56735038648061,175.44764895273212,42.57613928336855,23.559222321011674,,,4156,18.9875,0,No Defect
0.03907270599700842,97.28993185639855,199.38884099904456,36.28711351743801,23.90874846732007,,,4157,18.990625,0,No Defect
0.039485288592712706,96.36204305034241,185.66905622995412,45.1686044382971,22.15566664908414,,,4158,18.99375,0,No Defect
0.03866408319658985,94.59673458307566,178.0388490129997,44.206336206914635,22.899490905155094,poor paste transfer,Stencil thickness low,4159,18.996875,0,Open Circuit
0.03781358789172475,95.9751348646593,221.39982830874294,42.41105247847738,20.755663581910223,,,4160,19.0,0,No Defect
0.041133917978924975,99.87818396787254,181.40583102611262,35.236844784020484,25.325309135896898,,,4161,19.003125,0,No Defect
0.03547684711614235,92.38405861620353,194.84883886533603,29.476969010889476,26.13743104885641,Paste volume per aperture low; poor paste transfer,Stencil thickness low; Ambient RH low; Ambient temperature high,4162,19.00625,0,Open Circuit
0.040183499107109805,100.51750366552679,228.2535077831488,41.15659714827664,20.711634203378555,,,4163,19.009375,0,No Defect
0.03929915480744256,97.90295716559766,201.1145185300374,36.164685715570236,23.82956282098741,,,4164,19.0125,0,No Defect
0.03985231936184429,100.11972916437428,222.72212645508262,34.302057910060086,23.052840715658135,,,4165,19.015625,0,No Defect
0.04113942616656514,97.82238542691267,165.43429110367265,45.83018793735682,23.205370583186845,,,4166,19.01875,0,No Defect
0.03987023767778612,98.33717151720349,193.99897340909953,35.836557135533866,24.36423658420014,,,4167,19.021875,0,No Defect
0.04047182943158363,100.22195353418579,213.70581875543627,39.98138201896723,21.94412500637639,,,4168,19.025,0,No Defect
0.0413832207229425,101.49339970883,205.0143624680902,34.0640557320585,24.216382751964563,,,4169,19.028125,0,No Defect
0.03766721276010128,95.80017370532096,217.2696228804313,42.14017350501462,21.07050673488181,,,4170,19.03125,0,No Defect
0.038869541703823264,97.79836070394235,207.5668976763423,34.48929641173488,23.910965476933157,,,4171,19.034375,0,No Defect
0.03995132700309359,98.57610533018976,196.7804288346772,36.34895065340934,24.038478697103955,,,4172,19.0375,0,No Defect
0.03718214453214795,96.1376878332582,232.83206410796205,39.62099218897614,20.845335470510946,,,4173,19.040625,0,No Defect
0.038589405880144347,98.06880942331685,227.7098966634984,38.702379483134365,21.439038445749212,,,4174,19.04375,0,No Defect
0.03995403767665035,98.1253350968046,193.3569309441361,37.55320092620821,23.895363159373932,,,4175,19.046875,0,No Defect
0.03981652764815436,98.98777052863575,221.7267503260613,43.56229792480245,20.39629659838119,,,4176,19.05,0,No Defect
0.04083673323111607,99.55894192406986,192.09912362984804,38.77457302154869,23.616068207574976,,,4177,19.053125,0,No Defect
0.03835354655165461,96.46474484148168,216.2411294684412,42.520124140030035,21.023671293829725,,,4178,19.05625,0,No Defect
0.035435320539541515,92.00600614378122,209.36479892096963,40.64070310158405,21.964938587420324,Paste volume per aperture low; poor paste transfer,Stencil thickness low,4179,19.059375,0,Open Circuit
0.04012969044141394,98.14133700572485,198.27961082659064,42.52571418994446,22.136657183634714,,,4180,19.0625,0,No Defect
0.038863025546060755,97.65569752275519,212.9455234317427,38.0717056756451,22.523642967290314,,,4181,19.065625,0,No Defect
0.04007592588472558,98.40282148015822,194.88907607536257,39.44539140952819,23.237870783322204,,,4182,19.06875,0,No Defect
0.03827956968220593,96.32346817678588,200.33833195627977,35.76061956143447,23.963937238104087,,,4183,19.071875,0,No Defect
0.04134063520593889,100.7165719680542,196.0279898397699,36.994930964879835,23.89118217668576,,,4184,19.075,0,No Defect
0.03969508349200232,97.24233948337137,182.74089516611514,39.25486111004632,24.03014189100703,,,4185,19.078125,0,No Defect
0.03963831348314872,99.13500349581378,197.94200657802037,30.29993734524151,25.70888764927417,,,4186,19.08125,0,No Defect
0.040246594193558256,98.32393958643516,201.09801365640334,44.03109517917058,21.516613361714683,,,4187,19.084375,0,No Defect
0.040689240221585335,99.99648443340453,203.7289098607578,36.632417949091185,23.51776987062056,,,4188,19.0875,0,No Defect
0.04054163742437964,100.81246766892018,218.69536253035076,36.03822717228199,22.768794312350472,,,4189,19.090625,0,No Defect
0.04332538747592952,101.82938644939063,170.39325830810628,42.37779578345429,23.89904248406422,,,4190,19.09375,0,No Defect
0.041042307221488786,99.19568072436972,197.20157798148315,45.69461012220894,21.27076741881053,,,4191,19.096875,0,No Defect
0.039149993006177115,97.27416569627056,198.92387411030145,39.411992731459826,22.979282561807388,,,4192,19.1,0,No Defect
0.04097008388383194,99.319139457957,191.6317267269209,42.84267497703313,22.43812127112047,,,4193,19.103125,0,No Defect
0.035320761443061885,93.45669371449964,229.18225219343006,35.60690795858579,22.201285899716435,Paste volume per aperture low; poor paste transfer,Stencil thickness low,4194,19.10625,0,Open Circuit
0.04125088692267338,98.33118643106626,173.1516621008324,46.003029441467085,22.64895200947675,,,4195,19.109375,0,No Defect
0.044372019468102264,104.41227399241694,187.94590707114958,40.84097175300233,23.276097446323547,Paste volume per aperture high,,4196,19.1125,0,Solder Bridging
0.04014575875709007,99.2075736867451,215.91452015860236,42.97947137638962,20.900703008071392,,,4197,19.115625,0,No Defect
0.037752057707668034,95.69895823994214,212.02529604861715,40.5079467349994,21.837609521074146,,,4198,19.11875,0,No Defect
0.03923332409678804,99.6247667993543,238.6848245134438,39.147113641214304,20.611450796366558,,,4199,19.121875,0,No Defect
0.04436765218470256,102.82404630845782,164.7159167916844,43.35491689388301,23.961559335602324,Paste volume per aperture high,,4200,19.125,0,Solder Bridging
0.04067238915433341,100.39597161921247,205.95225354086625,35.16168785696516,23.792698665901565,,,4201,19.128125,0,No Defect
0.04039063400730496,98.6475742166192,188.20249682401302,38.64688362594564,23.85870196282845,,,4202,19.13125,0,No Defect
0.041521183995424295,99.66419719848852,186.17400605037236,45.42475666499836,22.009815963672875,,,4203,19.134375,0,No Defect
0.03863609345621615,93.79421758305534,167.2920374099028,46.8372889606515,22.73344494582226,poor paste transfer,Stencil thickness low,4204,19.1375,0,Open Circuit
0.03998471224645734,98.12011144399379,196.11389032442779,40.325191356696806,22.879225285818553,,,4205,19.140625,0,No Defect
0.04025736459246573,97.58869753977768,188.2300902410253,43.79400319240057,22.35293216729002,,,4206,19.14375,0,No Defect
0.04172376518450117,102.01469168590995,210.4772241403164,37.29791280452842,22.89327053593208,,,4207,19.146875,0,No Defect
0.039853137774533545,97.47814630210203,186.19856049713843,39.4088167247736,23.749793328618,,,4208,19.15,0,No Defect
0.0411791921719507,99.58644632032089,188.26622527012236,39.202838682610206,23.694235668513567,,,4209,19.153125,0,No Defect
0.04336716564038495,101.022303474285,167.27159269339293,47.38218921229923,22.607730724973994,,,4210,19.15625,0,No Defect
0.04311763780086197,102.48342747582672,183.75590794342543,39.37949402416203,23.929844035237554,,,4211,19.159375,0,No Defect
0.0431763738914685,100.46382764098016,156.7837147928025,43.42230352042851,24.405023381041314,,,4212,19.1625,0,No Defect
0.0423834129588552,103.19021581393417,211.0462123821481,37.32327343714612,22.84699593102795,,,4213,19.165625,0,No Defect
0.038292671626467,99.92649262978047,263.97622350366066,36.2181666154299,19.889743855389995,poor paste transfer,Paste viscosity high; Ambient temperature low,4214,19.16875,0,Open Circuit
0.042108236196756944,100.68483331078457,187.52051287654365,44.91112844758706,22.067847616086272,,,4215,19.171875,0,No Defect
0.04291107645329056,101.08583340744431,183.43882354769502,48.39318858409278,21.310594575343394,,,4216,19.175,0,No Defect
0.03994032693786909,97.71498204802448,189.41777360690733,42.11924454307423,22.747011768809998,,,4217,19.178125,0,No Defect
0.03784504712004277,95.36688357472721,196.8563143266513,38.00811497428949,23.472538938879186,,,4218,19.18125,0,No Defect
0.041029730202053444,98.6638838833112,189.21733741826833,44.907230632787794,21.958795316858826,,,4219,19.184375,0,No Defect
0.038809212666967456,96.93372615063134,201.73543564936085,36.78162051135052,23.54265428882779,,,4220,19.1875,0,No Defect
0.04137213679174984,101.42310713182002,203.49401267838388,34.95385008787534,23.984612744070205,,,4221,19.190625,0,No Defect
0.04047093106363214,97.42057950709993,182.63503247239038,46.87071884263628,21.77731389059604,,,4222,19.19375,0,No Defect
0.036773133668431074,96.02947402212483,250.1819153121453,41.014326204844544,19.315763482443664,poor paste transfer,Paste viscosity high; Ambient temperature low,4223,19.196875,0,Open Circuit
0.04193150531683098,98.7361816527945,160.08079023187022,42.937515068818584,24.320285301549575,,,4224,19.2,0,No Defect
0.042305502173207665,100.97374751502159,180.18822647417784,39.10497086484978,24.206498533394974,,,4225,19.203125,0,No Defect
0.03830022095709922,96.62834146149682,214.59243778684342,40.677727203336005,21.60190989439362,,,4226,19.20625,0,No Defect
0.0400992346323117,98.45251603191363,189.8140683245495,36.61073458397506,24.322716881278797,,,4227,19.209375,0,No Defect
0.0376565448286992,96.60009509772125,220.46616237741432,34.8737491910134,22.92884808443687,,,4228,19.2125,0,No Defect
0.038347234903941325,96.9260391108276,202.94775055923134,34.30123794530683,24.171678251776058,,,4229,19.215625,0,No Defect
0.03910456609498126,99.30870200837408,228.89434250191786,33.45214319627188,22.83937261375846,,,4230,19.21875,0,No Defect
0.04120105393070433,98.83036976922462,176.5339414339778,40.86387900981991,23.901182397031562,,,4231,19.221875,0,No Defect
0.03670752574677833,94.92723835695337,232.68600967670073,41.09682395495622,20.353163899618714,poor paste transfer,Stencil thickness low,4232,19.225,0,Open Circuit
0.037941315253442985,97.19538776636891,233.75942949645517,41.15708474314672,20.273503383347226,,,4233,19.228125,0,No Defect
0.040869295587606234,101.19363624643408,221.8276932579625,39.39727001073995,21.54281830137864,,,4234,19.23125,0,No Defect
0.0403828404652121,100.44879210645463,220.90722256821454,36.767391418380846,22.365881922614655,,,4235,19.234375,0,No Defect
0.042103318849020244,100.97800792740014,190.55983506030688,41.21121799180407,22.94100302554597,,,4236,19.2375,0,No Defect
0.042891460278126174,102.98973681256655,209.29552980828763,43.89593958419033,21.012854351152278,,,4237,19.240625,0,No Defect
0.03972806639011167,98.22836387101174,211.55915050187093,45.28211616457677,20.439366550892593,,,4238,19.24375,0,No Defect
0.03751071443428234,93.75753345394001,190.56141182645908,43.31592672736363,22.282920141212,poor paste transfer,Stencil thickness low,4239,19.246875,0,Open Circuit
0.04333062340829417,100.36470584242328,148.31358555352162,42.05944850981474,25.289790514814264,aperture overfill,Paste viscosity low,4240,19.25,0,Solder Bridging
0.04091537725726244,98.8118002690029,176.1095335954201,38.504559063680205,24.59844574130431,,,4241,19.253125,0,No Defect
0.038136813360835985,94.46594081637784,186.77494825130577,42.92212318704161,22.63312549859575,poor paste transfer,Stencil thickness low,4242,19.25625,0,Open Circuit
0.041589433020899326,101.91570785042121,215.1616514550639,37.78812407766812,22.419706866905532,,,4243,19.259375,0,No Defect
0.0410304071402201,100.39302440992682,201.69689066849327,38.505911361321154,23.026927840079967,,,4244,19.2625,0,No Defect
0.03818541093445641,95.1734139073533,194.21112638100183,39.51237232528636,23.172286597108794,,,4245,19.265625,0,No Defect
0.041570456904799796,98.66938005885359,166.89548845986133,42.95204198086656,23.866542132177248,,,4246,19.26875,0,No Defect
0.03913157605251089,98.6006022628474,224.06330339839553,40.14570607791496,21.156163505751127,,,4247,19.271875,0,No Defect
0.03910804620985102,96.65831786618756,196.60993357938858,41.22944140852225,22.52583196682086,,,4248,19.275,0,No Defect
0.039220286937518875,96.76823489534289,195.07705765664312,39.80425020838748,23.037972829624987,,,4249,19.278125,0,No Defect
0.04117673185915654,98.85722402979532,192.72894645185065,48.59406705946378,20.627386491850675,,,4250,19.28125,0,No Defect
0.03951082980648575,98.03094018957079,207.56885877327846,40.33887308103331,22.112942013732123,,,4251,19.284375,0,No Defect
0.03809548305472585,95.68042731215857,199.4400029913568,36.529836632155764,23.71289421932678,,,4252,19.2875,0,No Defect
0.04114700654397469,101.73430300187603,225.02589889135314,40.87728313501041,20.892049645753538,,,4253,19.290625,0,No Defect
0.04144907663369596,99.4431185267942,183.9687003191213,42.40250815139701,22.970320215041937,,,4254,19.29375,0,No Defect
0.040118564105746705,99.4843611996085,214.28319816239838,39.385811625543795,21.979115626183553,,,4255,19.296875,0,No Defect
0.04075393016004756,100.05832830985658,196.6907571326866,33.28815611548529,24.84399125721066,,,4256,19.3,0,No Defect
0.03989412860331254,97.7734500128769,191.70549968312287,39.86287133241595,23.220683033368132,,,4257,19.303125,0,No Defect
0.03807280972551284,96.53772590835084,216.51757838309905,39.00058811647345,21.933251491866056,,,4258,19.30625,0,No Defect
0.04089732378962056,98.5805009832238,177.3238501358045,42.549204092523425,23.317853742661654,,,4259,19.309375,0,No Defect
0.03967917544915195,98.99401126058542,224.20648504996458,42.05852279152666,20.581701186216094,,,4260,19.3125,0,No Defect
0.0378395032148696,98.34866402815499,237.9853501712393,30.36440617834907,23.13286977673529,,,4261,19.315625,0,No Defect
0.037480851859008124,95.52846818031652,208.10373564812843,34.30482848885781,23.81295236778613,,,4262,19.31875,0,No Defect
0.040739028451272856,100.3817818663258,215.90753277604216,40.79733239092573,21.462632752275308,,,4263,19.321875,0,No Defect
0.04043297587072553,99.07911358694975,196.1874517540136,38.49553894749419,23.339821078523396,,,4264,19.325,0,No Defect
0.03970178053482803,97.68986006446539,188.52310942727433,33.923789065671336,25.1431394988487,,,4265,19.328125,0,No Defect
0.04313790750988473,101.15720604822754,175.61800055587997,44.09820738802008,22.990544360232146,,,4266,19.33125,0,No Defect
0.03764411498633488,95.80472893755679,229.17534044426617,45.719331235335,19.18132579003668,,Ambient temperature low,4267,19.334375,0,No Defect
0.039557454213013515,99.76179147447583,240.17010039079736,42.11472182260452,19.574524956257303,,Ambient temperature low,4268,19.3375,0,No Defect
0.03770791078978898,95.72736578313304,212.38217152679672,40.894423091588436,21.61405834199524,,,4269,19.340625,0,No Defect
0.04010377086649162,96.15689443436904,164.62718421165255,43.846241508261556,23.70341925607744,,,4270,19.34375,0,No Defect
0.041024497071253704,99.96292344873187,202.83721305931869,41.92205485058696,21.92825900040644,,,4271,19.346875,0,No Defect
0.036779384031250556,94.48635629961157,213.87815399259728,38.89641487206169,22.09628819101841,poor paste transfer,Stencil thickness low,4272,19.35,0,Open Circuit
0.03965810439893697,98.57974466256876,207.70913715346921,38.78261134509199,22.53069055585136,,,4273,19.353125,0,No Defect
0.04381046757016441,102.35313430130442,174.9918485119391,46.87952426359928,22.204101726704703,,,4274,19.35625,0,No Defect
0.041181329534053,98.11591680321295,169.16155015461084,44.65809287045733,23.188905823065816,,,4275,19.359375,0,No Defect
0.0397772785785255,96.13848243106222,186.32434946878652,51.307429691415805,20.182699942740165,,Ambient RH high,4276,19.3625,0,No Defect
0.04088272509014076,99.81383945426664,208.83944008385333,43.514265770011924,21.088305029744465,,,4277,19.365625,0,No Defect
0.041873967397449856,101.8732600319707,193.3122907873508,31.474877216855635,25.56171179933221,,,4278,19.36875,0,No Defect
0.04026018124884715,96.04187437143686,149.90897678102354,41.87651821261849,25.167078430444544,aperture overfill,Paste viscosity low,4279,19.371875,0,Solder Bridging
0.0402104732726724,99.09708276187462,205.71761006490715,40.92639898940789,22.022588417317742,,,4280,19.375,0,No Defect
0.040324582090876845,99.03242420761632,195.09721399006034,38.14804286348302,23.483996187677846,,,4281,19.378125,0,No Defect
0.04176961745129399,100.3291781330222,198.72535736380917,45.35013844556282,21.175025364279392,,,4282,19.38125,0,No Defect
0.038424709468098624,97.00862185140025,223.75789343406007,44.42722745991554,19.874960160140827,,Ambient temperature low,4283,19.384375,0,No Defect
0.040434319577934176,94.64931853450027,145.02834474808574,52.423035862869845,22.385816445585967,aperture overfill; poor paste transfer,Stencil thickness low; Paste viscosity low; Ambient RH high,4284,19.3875,0,Solder Bridging
0.04014607047356268,98.64967538673773,195.35575772950017,38.1288174366369,23.469467287317304,,,4285,19.390625,0,No Defect
0.041618070945807786,99.8758170432973,180.46141735855025,37.682858441358995,24.528332734129105,,,4286,19.39375,0,No Defect
0.042282868066378466,100.09029052587498,176.77331335750122,46.84632899651878,22.0761101288571,,,4287,19.396875,0,No Defect
0.038908618580078505,97.14139507457097,206.1009850159166,41.45071551658189,21.823855223241498,,,4288,19.4,0,No Defect
0.04107989833878255,101.37510272329027,216.27009239289265,37.31177077983499,22.428112550201757,,,4289,19.403125,0,No Defect
0.037755642054646016,97.73074069338321,241.44386299543288,36.039089358220075,21.228496979511842,,,4290,19.40625,0,No Defect
0.037380216875609384,94.50763346356759,204.65309272955426,39.96763606184035,22.33539872305945,poor paste transfer,Stencil thickness low,4291,19.409375,0,Open Circuit
0.03981797006677513,97.32858738403573,183.38574839710998,36.72264629496412,24.60778403121549,,,4292,19.4125,0,No Defect
0.04107595553923714,97.33076293071382,162.77025124656387,45.66618345783036,23.266068832376096,,,4293,19.415625,0,No Defect
0.04247355353498913,100.36866936268122,173.88948141737524,43.24567314183208,23.301587228772917,,,4294,19.41875,0,No Defect
0.04175453828343988,98.90536316576707,168.4524016300664,44.397370960288114,23.290159852150815,,,4295,19.421875,0,No Defect
0.03812165686168319,95.93730208801308,214.85505459858487,43.75607675131477,20.601385079674714,,,4296,19.425,0,No Defect
0.038171750102798746,96.0742771716616,206.101391269071,37.41298788065193,22.99205749671536,,,4297,19.428125,0,No Defect
0.03911208185823468,99.2757771746511,230.92891337994072,37.35310447355809,21.487810207581592,,,4298,19.43125,0,No Defect
0.038669931864462416,98.73283124027637,233.86417467372183,37.0280481057755,21.39888552357981,,,4299,19.434375,0,No Defect
0.041806725089793384,101.5951256029052,206.9610849790731,39.18930376572746,22.44609790011856,,,4300,19.4375,0,No Defect
0.04106322827012079,99.76212214305852,199.80381133996562,43.590576942388054,21.58897081332576,,,4301,19.440625,0,No Defect
0.03799095887470214,96.33497531924172,212.4872710259693,37.80049208118108,22.475900739709008,,,4302,19.44375,0,No Defect
0.04177476618113318,101.93207617768509,210.4325988167204,38.58431205062075,22.40382946582774,,,4303,19.446875,0,No Defect
0.03905614139598603,96.91402092022126,208.83847516442168,44.24542395716495,20.826578570630378,,,4304,19.45,0,No Defect
0.040444141808135436,99.91193457209567,211.04112409322286,40.04605439637729,21.923476527982512,,,4305,19.453125,0,No Defect
0.03817523396232345,95.84488768030945,205.4716461035401,38.0830943951124,22.826086188290322,,,4306,19.45625,0,No Defect
0.036936052083746,96.66066191460587,246.77516930225335,37.29447543010024,20.506752944796798,,,4307,19.459375,0,No Defect
0.04029603643959365,98.01275808749132,182.3635667970491,38.1439312487912,24.23702037900125,,,4308,19.4625,0,No Defect
0.040076206712074465,100.35548079047956,229.6990560475829,39.45440056750794,20.945916087474107,,,4309,19.465625,0,No Defect
0.03950401930062793,96.50012481796358,183.87183040329106,40.799738454744215,23.361390370597306,,,4310,19.46875,0,No Defect
0.04184569696674958,100.8494122571849,200.6340491724165,41.96635907376121,22.01238251311276,,,4311,19.471875,0,No Defect
0.041681405120507775,102.02992096052245,204.27885733492127,32.94725045376583,24.415951921755177,,,4312,19.475,0,No Defect
0.03966556731790428,96.85984138053199,176.93281277033174,36.174378838209606,25.13532609220077,,,4313,19.478125,0,No Defect
0.04010168118853173,99.65288752301029,207.242907309822,34.335232904610116,23.812542626609172,,,4314,19.48125,0,No Defect
0.03999528936467851,96.27369425706028,174.04680570204494,45.213269786106956,22.6720771371082,,,4315,19.484375,0,No Defect
0.03904887741058531,97.54215601144165,211.86003587928673,43.08694350160325,20.958971621105707,,,4316,19.4875,0,No Defect
0.04262835149621823,101.47302712288722,185.82573228966098,41.88778790008015,22.938411000831664,,,4317,19.490625,0,No Defect
0.04053198756114756,96.30975570473315,155.57213763919907,43.22890124634654,24.38466892406509,,,4318,19.49375,0,No Defect
0.04248830742876826,100.55560085938463,177.99014067723408,45.011585747353465,22.501679808636563,,,4319,19.496875,0,No Defect
0.040703983677592155,97.99927137482506,179.03817597732495,41.84195683105457,23.350513688444742,,,4320,19.5,0,No Defect
0.04095715180237963,100.49490816474443,210.60955383805944,40.03495899279026,21.940878973436043,,,4321,19.503125,0,No Defect
0.03734865838549923,97.93688362491707,248.11455472018872,32.51423719155209,21.804804025538058,,,4322,19.50625,0,No Defect
0.03877805833627607,97.78430229817974,224.19579712907552,41.09216332594755,20.77845476117544,,,4323,19.509375,0,No Defect
0.04628127774700399,106.21564653971566,179.40080004347564,46.3119014788863,22.062948234865992,Paste volume per aperture high; aperture overfill,Stencil thickness high,4324,19.5125,0,Solder Bridging
0.039513271510858754,99.2963724258367,216.61696977857966,32.44597304770161,23.774085723520468,,,4325,19.515625,0,No Defect
0.04055518337734618,97.9202750530589,175.5072194027698,41.016174168875914,23.795169283576158,,,4326,19.51875,0,No Defect
0.03762838070829417,94.31068989029721,192.90681100156397,40.45348686853616,22.869299962804444,poor paste transfer,Stencil thickness low,4327,19.521875,0,Open Circuit
0.04196834621058185,98.39137190978137,160.25526426229047,48.37039203651295,22.592888026417,,,4328,19.525,0,No Defect
0.04062425775408419,102.05642071897923,240.3974985747493,37.75315509842183,20.765454652917622,,,4329,19.528125,0,No Defect
0.038641637436809984,95.86694845886433,195.96908348747309,41.022672946714536,22.52199422585784,,,4330,19.53125,0,No Defect
0.03821582114557186,96.16709067935972,212.3593536554822,40.995079616350566,21.519690251368218,,,4331,19.534375,0,No Defect
0.038283447404874424,96.67958082978197,221.51429261108376,42.1782970354428,20.611730097454423,,,4332,19.5375,0,No Defect
0.037823206794966834,96.95681916293694,225.4371094661445,35.3067432181395,22.372511644247453,,,4333,19.540625,0,No Defect
0.040875592748158,98.84598158324792,186.9322080643961,40.17450552329726,23.338298328906433,,,4334,19.54375,0,No Defect
0.03961538027082588,98.77143422851803,206.2529737754911,36.48564444576651,23.212661969028666,,,4335,19.546875,0,No Defect
0.036678258990391066,93.99453793898867,213.9220238176112,38.22409741548272,22.21736469688291,poor paste transfer,Stencil thickness low,4336,19.55,0,Open Circuit
0.04074204734982995,98.86143072257606,194.46166551585947,42.09588499410929,22.3105623025308,,,4337,19.553125,0,No Defect
0.041708208550262915,101.34097262693791,219.71859570911712,44.31001143739552,20.12522505224338,,,4338,19.55625,0,No Defect
0.03657584031185666,97.22851681212906,259.8228101515145,32.02865142598268,21.205131225896505,poor paste transfer,Paste viscosity high,4339,19.559375,0,Open Circuit
0.03903808015295101,97.78857386020488,213.83062505045618,40.8480675266691,21.463821119649943,,,4340,19.5625,0,No Defect
0.03896116697829236,98.6996653485282,228.67575242735393,35.52566675947246,22.112450608526228,,,4341,19.565625,0,No Defect
0.04406329551384568,102.88506026811172,181.7630814024507,46.36112784895934,21.863724432040243,Paste volume per aperture high,,4342,19.56875,0,Solder Bridging
0.04004742158530982,98.05545836283673,185.7459785603781,35.056107442383734,24.88783728524574,,,4343,19.571875,0,No Defect
0.03933785871977025,97.72610842537671,206.90514944454603,40.27434620621719,22.056931717011132,,,4344,19.575,0,No Defect
0.03808902115445002,97.18754149570428,229.14130247309686,39.85125924632046,20.803822372433025,,,4345,19.578125,0,No Defect
0.04044321105898662,101.03538138433278,226.2661330377662,36.376724546579446,22.013103300213874,,,4346,19.58125,0,No Defect
0.03821638423254368,98.96216960978369,248.85939116683892,35.437737135531556,20.882366762063118,,,4347,19.584375,0,No Defect
0.04138196421648581,100.39322225430574,208.4926150794657,44.75433781029401,20.66480937015652,,,4348,19.5875,0,No Defect
0.038813371027046545,96.50471317568775,193.1728489665607,38.139388685816236,23.50977781919297,,,4349,19.590625,0,No Defect
0.03965945642653645,97.49603824089075,184.45974685491967,35.995744250874345,24.676826025586156,,,4350,19.59375,0,No Defect
0.038891717244683176,97.08786923022535,208.99623047570097,42.415723947873026,21.288212103826936,,,4351,19.596875,0,No Defect
0.04033991431494712,98.92107077688277,191.80195995738873,33.92063415748519,24.840229846849894,,,4352,19.6,0,No Defect
0.04176173644542522,99.66974400912736,177.51403945968133,40.57918363170991,23.781019562356235,,,4353,19.603125,0,No Defect
0.04296050299846471,101.10750950346522,170.1159824530425,41.350116909982646,24.01674843713647,,,4354,19.60625,0,No Defect
0.039125429088081455,95.92895767896975,182.7174528854779,40.696263094909426,23.40262310514062,,,4355,19.609375,0,No Defect
0.041751288384286246,98.72949462335856,162.48313860132612,41.38544501392174,24.46331430701597,,,4356,19.6125,0,No Defect
0.03780844852176926,95.35939189378774,202.2084569506509,38.45025389487706,22.847881370250203,,,4357,19.615625,0,No Defect
0.0415718515048624,101.66024709471088,209.81618096435366,35.99652616013624,23.13131361003164,,,4358,19.61875,0,No Defect
0.036802950712564855,94.54636154332339,213.7094175119596,37.39423780106846,22.440614513440078,poor paste transfer,Stencil thickness low,4359,19.621875,0,Open Circuit
0.039147164054273105,97.33614538455974,197.99441383108794,37.441385180038665,23.407650730082118,,,4360,19.625,0,No Defect
0.038017299678242154,97.42463289538713,232.92963781876233,35.379837977793485,21.86289800579768,,,4361,19.628125,0,No Defect
0.038710136303526446,96.56062322122415,204.3111472106859,40.779354391480936,22.041001507376844,,,4362,19.63125,0,No Defect
0.03991335019649998,97.69652470809281,195.71727927956312,42.088816113285226,22.195921037511486,,,4363,19.634375,0,No Defect
0.041019950378915836,98.1508504075063,173.0823123402772,42.12100385361411,23.5820405390484,,,4364,19.6375,0,No Defect
0.042454357051587295,100.27198160684128,168.71795261254468,39.6815730847007,24.574606507800784,,,4365,19.640625,0,No Defect
0.044007008144788466,103.04373364953229,169.38603516147845,37.43017711959143,25.20117353246264,Paste volume per aperture high,,4366,19.64375,0,Solder Bridging
0.03857027813760228,96.39832104820387,206.2498099559116,41.32013147815109,21.756799121970516,,,4367,19.646875,0,No Defect
0.04091175374852369,96.69386224044045,152.16985403667036,42.6519044339599,24.70445559947304,,,4368,19.65,0,No Defect
0.04149827845006328,99.88602697536027,189.75114549198597,41.99211057855104,22.59455935376274,,,4369,19.653125,0,No Defect
0.040151120685108635,99.95146212553131,218.17075151560263,36.9986020600172,22.297676696072752,,,4370,19.65625,0,No Defect
0.04225723832788873,99.14039796802975,174.3767030852176,49.290696837886934,21.414093509067474,,,4371,19.659375,0,No Defect
0.041295334941098966,100.96878623416788,199.7041533413679,33.29095716069487,24.521718107324013,,,4372,19.6625,0,No Defect
0.044077685373575766,104.03102419162813,189.60722426070998,37.734859889613084,23.867981744899524,Paste volume per aperture high,,4373,19.665625,0,Solder Bridging
0.0406301485070604,98.45790044150333,183.2511457934284,39.31330416689661,23.76228914972096,,,4374,19.66875,0,No Defect
0.043256779293330314,103.56163878927325,206.16202885594421,41.82746832901293,21.643122586199503,,,4375,19.671875,0,No Defect
0.03996384452536429,100.42898985473225,234.5042932277466,38.61601282428625,20.814389413275375,,,4376,19.675,0,No Defect
0.040948989175463656,99.79057378569297,205.85555178056572,43.602462671072054,21.121944792559894,,,4377,19.678125,0,No Defect
0.04028070302404677,98.2727849619086,190.02225920044273,38.524015864989096,23.571636682684407,,,4378,19.68125,0,No Defect
0.03841384856220612,95.50947166255317,192.28552633980988,40.97069289723416,22.69729467287562,,,4379,19.684375,0,No Defect
0.04042050893958717,99.09911781008618,211.42675701778177,43.8568999784901,20.70065341710417,,,4380,19.6875,0,No Defect
0.039815285768738,99.61982198334648,229.70336452697816,41.48766047175022,20.26270823303891,,,4381,19.690625,0,No Defect
0.040309008554756706,98.40387656915352,201.89361075307863,44.90663812467956,20.973116364918237,,,4382,19.69375,0,No Defect
0.04173482986530295,99.78142087241422,181.17776920990795,42.5303142838295,22.946532920011297,,,4383,19.696875,0,No Defect
0.0406765216759497,99.85862974420075,201.7187061285258,37.16254424400901,23.244993225088294,,,4384,19.7,0,No Defect
0.0383364017109358,97.24176573515136,215.3809516359998,35.71507599617518,22.808132452690995,,,4385,19.703125,0,No Defect
0.039383721602070945,100.58443647412356,250.40139689906843,37.822440691882036,20.05294548415821,poor paste transfer,Paste viscosity high,4386,19.70625,0,Open Circuit
0.04171135948938077,98.72703447491288,170.73063587144816,45.493226911593034,22.718571703071472,,,4387,19.709375,0,No Defect
0.040808425694571084,100.73048231554748,212.98476767565566,36.415407122648276,22.769272939133348,,,4388,19.7125,0,No Defect
0.03689186201663495,96.22358500502017,237.04885522280398,34.52481060159163,21.812441302658037,,,4389,19.715625,0,No Defect
0.039677350805472106,99.42171109332322,221.75846170662797,36.87105057884332,22.086475845195807,,,4390,19.71875,0,No Defect
0.037849541192387794,96.97809969529366,219.51729716674822,31.119367324582583,23.88925419199451,,,4391,19.721875,0,No Defect
0.0396952284701091,97.54660256467918,196.08750652240875,39.48524961369189,22.897813474368927,,,4392,19.725,0,No Defect
0.04145063721785641,99.53359567880689,183.02632224018816,39.93513190226964,23.579615873184864,,,4393,19.728125,0,No Defect
0.037564531534545906,94.62249860780096,206.8061765827453,42.687458781641595,21.283407627664396,poor paste transfer,Stencil thickness low,4394,19.73125,0,Open Circuit
0.039479605187511285,97.31653543002946,195.04947123203834,38.741465008533325,23.171811836388503,,,4395,19.734375,0,No Defect
0.040471334047657494,98.81679315648205,193.80632665402553,40.40204516860735,22.766354144126595,,,4396,19.7375,0,No Defect
0.042029046011622904,101.0634528597394,199.1952595261535,45.32205613387865,21.00951699560066,,,4397,19.740625,0,No Defect
0.03898217707786335,97.80037549572373,218.46281068900393,38.56475307149763,21.78130160423531,,,4398,19.74375,0,No Defect
0.04191392874055408,97.83828346208749,145.7070412483802,42.83117858992579,25.018637945859943,aperture overfill,Paste viscosity low,4399,19.746875,0,Solder Bridging
0.03763864861707166,95.77811522314764,222.72605492882616,41.24422609909181,20.72203530640562,,,4400,19.75,0,No Defect
0.03897012663149898,96.2166282625296,198.7516383643127,43.91550826541286,21.42146152779982,,,4401,19.753125,0,No Defect
0.03860708484691689,98.95182801816857,232.38270278610688,32.77432742186149,22.60527586917908,,,4402,19.75625,0,No Defect
0.039994476182565505,98.68030931044333,192.27435939395195,31.19068619307543,25.543016973692623,,,4403,19.759375,0,No Defect
0.03874020050583655,98.34178548665739,217.1690642706596,31.890277384740166,23.795915590946322,,,4404,19.7625,0,No Defect
0.03938757826689225,96.2982206561903,197.61205715346904,46.17078169226788,20.835516337511375,,,4405,19.765625,0,No Defect
0.036996486831624376,97.38390134555067,253.34610545824,33.930157660251375,20.966248746824842,poor paste transfer,Paste viscosity high,4406,19.76875,0,Open Circuit
0.040256414162185894,98.84063687908461,202.74213893307498,40.787963606964254,22.092068302498316,,,4407,19.771875,0,No Defect
0.039627286728842546,98.98186333785469,218.80010213822385,38.20897414473361,21.85529483698956,,,4408,19.775,0,No Defect
0.04260558233139443,100.03727630173253,174.74747273621634,47.76944699758947,21.788487066667592,,,4409,19.778125,0,No Defect
0.04217810235876136,100.80454035975251,196.2587219928622,45.57022793175418,21.107248664179533,,,4410,19.78125,0,No Defect
0.03693440897990628,94.57687433455078,206.50508680577127,33.596884412476385,23.931058892726725,poor paste transfer,Stencil thickness low,4411,19.784375,0,Open Circuit
0.038948444380962934,98.36951034575155,217.87941314141264,35.09392951486584,22.808344210829745,,,4412,19.7875,0,No Defect
0.04176284188672376,99.60532223923583,167.5088723048445,37.14677808794098,25.320522351823474,,,4413,19.790625,0,No Defect
0.038298265829744514,95.86434826517544,211.90725199630896,42.490773770828774,21.01269282800378,,,4414,19.79375,0,No Defect
0.04037909806986183,98.20307385823159,194.81496019329464,45.210083800918255,21.276168866036336,,,4415,19.796875,0,No Defect
0.0395770315668426,98.67871253663644,219.8158239606933,40.54491377808998,21.100988303982632,,,4416,19.8,0,No Defect
0.03614281266035528,93.41762293721351,208.41841261536365,35.085035869580466,23.363168823130316,poor paste transfer,Stencil thickness low,4417,19.803125,0,Open Circuit
0.03950773608709455,97.78395434172785,198.19424091523058,38.702547380230435,22.95793920515395,,,4418,19.80625,0,No Defect
0.04281439848030384,101.99223218955409,190.58794921312898,43.21116198640589,22.133472810373366,,,4419,19.809375,0,No Defect
0.03848469257263765,95.98627101563281,204.08039530207944,40.51978959465539,22.061308139876097,,,4420,19.8125,0,No Defect
0.03721386798942607,96.12795992732705,220.17257383505813,30.00149124509075,24.133520693132205,,,4421,19.815625,0,No Defect
0.042052946141999205,100.82494868781812,192.77933097124773,41.52623369068456,22.48616781284103,,,4422,19.81875,0,No Defect
0.03936994733947605,95.67803677197988,179.65675147149193,43.98940026144102,22.54804898652497,,,4423,19.821875,0,No Defect
0.04272843303959941,101.80195285903655,194.33827333610492,42.98542156524042,21.96746799397262,,,4424,19.825,0,No Defect
0.04109119911495211,99.57173975636724,204.3236705254084,45.39624418143675,20.636366708180905,,,4425,19.828125,0,No Defect
0.04110316596554117,97.73288642553278,175.08826314362534,45.6999683721528,22.342286861006208,,,4426,19.83125,0,No Defect
0.03887244765005664,97.77462417536222,222.51053647360408,40.43353850769296,20.948450861288684,,,4427,19.834375,0,No Defect
0.03844022476652541,95.76867705772283,187.2663588608537,35.770917371235825,24.46412318119775,,,4428,19.8375,0,No Defect
0.03802497567266962,98.20350221244807,236.23992127661234,32.26471051746824,22.481322154306262,,,4429,19.840625,0,No Defect
0.03648960849314998,92.98722451367284,199.72858715097112,39.301725856634405,22.65167296340579,poor paste transfer,Stencil thickness low,4430,19.84375,0,Open Circuit
0.04024386097268806,95.89659435124726,170.58527350838608,49.4985787530762,21.493124762810474,,,4431,19.846875,0,No Defect
0.04196964125804531,101.87228454659798,214.209089893178,42.17665496023164,20.968350177027872,,,4432,19.85,0,No Defect
0.04172004912426121,98.21219382579895,174.96641136797138,51.2942412801718,20.710068466353018,,Ambient RH high,4433,19.853125,0,No Defect
0.03785739172279937,94.46422359484062,194.5533566497851,41.29879906597462,22.394306562568065,poor paste transfer,Stencil thickness low,4434,19.85625,0,Open Circuit
0.039380010865482616,95.86747700250685,184.2246662248511,44.51726933436259,22.099410967696205,,,4435,19.859375,0,No Defect
0.0377595688250333,95.64032600768013,209.0860740063233,37.40433957782919,22.63571290317901,,,4436,19.8625,0,No Defect
0.04137764254556969,99.01544547585348,169.581443469852,38.35884119210263,24.806156058901035,,,4437,19.865625,0,No Defect
0.03807472182647866,96.28902709587531,215.65353319136693,38.24546747624446,21.989445363285274,,,4438,19.86875,0,No Defect
0.03931988179889748,99.4378453678335,230.07368362399777,34.46073713289853,22.219463726290552,,,4439,19.871875,0,No Defect
0.03956363321559101,98.14228305644068,210.47172083299782,40.50710738844029,21.65501085300895,,,4440,19.875,0,No Defect
0.03926263225534805,98.48790014683287,211.43136601169155,33.303740160209216,23.696497249942208,,,4441,19.878125,0,No Defect
0.04152239069928404,99.53629191730876,182.561798990061,39.38464260913735,23.711058558836324,,,4442,19.88125,0,No Defect
0.04229377416905823,103.90609621882467,230.23168176187258,37.08919633252777,21.459231471237086,,,4443,19.884375,0,No Defect
0.03673207473193613,95.22871103646497,242.30600819845597,44.479458783610625,18.51279123191825,,Ambient temperature low,4444,19.8875,0,No Defect
0.04042718082782165,99.15979311184908,188.1577441063839,33.17595637031218,25.1627639401736,,,4445,19.890625,0,No Defect
0.03877947463137919,96.6206976146926,201.32791252580012,37.54428995389098,23.06901248743977,,,4446,19.89375,0,No Defect
0.039028979029804046,97.4220306150047,199.93378855835414,33.938821396940135,24.206499660706754,,,4447,19.896875,0,No Defect
0.03888431715008816,97.33274242348047,201.06529872996086,32.59476985946774,24.528462836501635,,,4448,19.9,0,No Defect
0.037542037637927045,98.12324565389281,257.31667335194237,35.74567919897376,20.145907891971632,poor paste transfer,Paste viscosity high,4449,19.903125,0,Open Circuit
0.04035123723787229,96.72104544309269,159.50366846986253,37.53410501745199,25.64426844572517,,,4450,19.90625,0,No Defect
0.04016423875080688,97.62001900288121,195.78709819572416,43.81124344570731,21.586342889375747,,,4451,19.909375,0,No Defect
0.040846413543150446,97.58725791793046,165.74066915021606,40.45476432608943,24.409347367528834,,,4452,19.9125,0,No Defect
0.03976852416934646,97.11156695903938,184.10838444618375,36.450217598213456,24.4470671496318,,,4453,19.915625,0,No Defect
0.03783074290570517,95.86743608279305,210.27122147058432,36.231424217167564,22.885105266591214,,,4454,19.91875,0,No Defect
0.04033678065059578,97.64139297317395,192.2998296824016,43.78084262577935,21.806402854157856,,,4455,19.921875,0,No Defect
0.04145446963936519,100.3298194985578,191.39505150904654,36.510647833151445,23.989243328174037,,,4456,19.925,0,No Defect
0.04104224600673232,98.32891656869532,180.6643608855753,44.134546330983234,22.41502450675368,,,4457,19.928125,0,No Defect
0.04054484282420389,97.73784972568224,172.59096841349057,37.96744644401829,24.70638252214286,,,4458,19.93125,0,No Defect
0.03615489567469848,93.47563104593667,218.3167018146094,37.80816868471119,21.912661209861966,poor paste transfer,Stencil thickness low,4459,19.934375,0,Open Circuit
0.03728952621931882,96.42401276710784,238.0407561641897,39.13078101412828,20.3211789389757,,,4460,19.9375,0,No Defect
0.04054710660625805,97.92324854666661,175.41494502864077,37.604096756806214,24.6358960466985,,,4461,19.940625,0,No Defect
0.0416014757156253,100.51873403607772,189.8281005728926,36.14734881216151,24.185008003169656,,,4462,19.94375,0,No Defect
0.03987406459282381,99.43490871943126,222.93773093697683,39.42083331384191,21.181924206388278,,,4463,19.946875,0,No Defect
0.036915577542639307,96.84940353745041,243.3082312945379,33.75968598240554,21.55657017743988,,,4464,19.95,0,No Defect
0.04352260855627324,102.55815637530227,175.229035698018,37.33768055061941,24.74437921693531,,,4465,19.953125,0,No Defect
0.03848021573399418,96.2333309423306,196.4136191720255,35.171790761984944,24.034305669678503,,,4466,19.95625,0,No Defect
0.03825353677562799,99.03021150469819,247.76462948247695,32.3113100276667,21.718581712133883,,,4467,19.959375,0,No Defect
0.04010425960671561,98.0071039055748,199.45277270146843,42.965980346678926,21.58372013650043,,,4468,19.9625,0,No Defect
0.04290590650940954,101.71530701361462,184.14662556150748,41.55203682375187,22.955637713391404,,,4469,19.965625,0,No Defect
0.037514767304083874,95.96256562099197,218.78219608987266,36.078393573931635,22.38392765866974,,,4470,19.96875,0,No Defect
0.038948232588941575,99.35902731371415,244.82826314531448,34.362570333036324,21.306403974349774,,,4471,19.971875,0,No Defect
0.039871895876747575,97.18693394966593,182.28324696431935,37.51729827382584,24.222340833336563,,,4472,19.975,0,No Defect
0.03803956063725268,94.51073639613521,184.53919004562658,38.54147741534551,23.76618150885416,poor paste transfer,Stencil thickness low,4473,19.978125,0,Open Circuit
0.040966809835360864,99.117277417427,183.46698345353383,37.90594592399093,24.039188037524752,,,4474,19.98125,0,No Defect
0.04112466638662299,97.83912967513692,166.72530415718893,41.74169582585829,23.948452469027007,,,4475,19.984375,0,No Defect
0.04030611477815577,98.56775594544857,209.66755028978298,43.77740861156843,20.716134567436008,,,4476,19.9875,0,No Defect
0.03811947194005102,94.0440189945189,178.58571763709654,41.0918729091941,23.381770786776123,poor paste transfer,Stencil thickness low,4477,19.990625,0,Open Circuit
0.03942080271332296,95.40673258387454,169.12412013721828,40.822666348262516,24.052530937109836,,,4478,19.99375,0,No Defect
0.037086791666456974,94.72700033438618,220.70226189579392,40.65926990523546,20.91682992742966,poor paste transfer,Stencil thickness low,4479,19.996875,0,Open Circuit
0.04222489047170883,101.41523342556582,201.49266207898404,41.14033667704646,21.9974571484321,,,4480,20.0,0,No Defect
0.03865502878945158,96.22180881964584,196.85664673632687,38.81775291821884,22.9236900933469,,,4481,20.003125,0,No Defect
0.04083789972591361,99.16689640176588,194.41896177990088,39.32988169170008,22.944368546455237,,,4482,20.00625,0,No Defect
0.03745469653344253,96.22304848574451,228.81847602812303,38.61220583576457,21.010814797550896,,,4483,20.009375,0,No Defect
0.039761037856425416,98.68180839142418,222.03164000495687,43.60293751432179,19.990387266884532,,Ambient temperature low,4484,20.0125,0,No Defect
0.03933128858772317,95.856373317799,184.3664368942276,44.97491063714192,21.8927685191466,,,4485,20.015625,0,No Defect
0.03718063878873122,96.74172995866748,228.34648265910153,27.073848929863722,24.408168824405045,,Ambient RH low,4486,20.01875,0,No Defect
0.04043793402278271,99.2146050407933,203.72014116959915,41.29591671784433,21.78433232549446,,,4487,20.021875,0,No Defect
0.041799614440591895,101.05085902073318,192.28907900944276,35.902654410323265,24.073862411822358,,,4488,20.025,0,No Defect
0.03912277465755635,96.46659673146661,195.79827796970577,40.70688026115681,22.434431582074915,,,4489,20.028125,0,No Defect
0.03915941762019848,99.25173094880161,230.73277147299666,33.41277297703752,22.421917734282374,,,4490,20.03125,0,No Defect
0.04383833039461282,101.7675588370552,169.7406772111322,45.23616110005321,22.746501460355873,,,4491,20.034375,0,No Defect
0.04253823492785435,99.90724952661698,172.158221370213,44.206147382493235,22.88875963108735,,,4492,20.0375,0,No Defect
0.04046706875090396,98.14849969431165,187.36265611834716,40.076379437690335,23.14177951986955,,,4493,20.040625,0,No Defect
0.03574303335147882,93.8362321202844,229.5809013050107,35.67039656560371,21.797137725101745,Paste volume per aperture low; poor paste transfer,Stencil thickness low,4494,20.04375,0,Open Circuit
0.038658924458192814,96.86783470605711,200.05418033896683,33.851325669218404,24.16196062340079,,,4495,20.046875,0,No Defect
0.04194945743693396,101.05942984726057,191.6093597825233,38.41992770759593,23.370212359905093,,,4496,20.05,0,No Defect
0.038245012695869426,93.82233009313701,179.58291164276483,43.23244713964951,22.675740793353537,poor paste transfer,Stencil thickness low,4497,20.053125,0,Open Circuit
0.0400244090932217,97.32721292416497,198.58009569647078,47.90457560348348,20.156576189196464,,,4498,20.05625,0,No Defect
0.03915401117574021,95.5628800459932,177.08170573062546,40.02546706447121,23.768509332317578,,,4499,20.059375,0,No Defect
0.04045459753034497,100.07523228101223,219.47591462597975,40.34219302971714,21.08331610813339,,,4500,20.0625,0,No Defect
0.04223814940615187,100.03767989809076,175.7256767361381,40.16852980504714,23.836227445853595,,,4501,20.065625,0,No Defect
0.03986620182769811,101.90721184923258,250.1822463443993,31.228624463051144,21.8541201168443,poor paste transfer,Paste viscosity high,4502,20.06875,0,Open Circuit
0.0380834481123766,96.76347012508288,221.01214497367695,36.692320549337744,22.033908015535683,,,4503,20.071875,0,No Defect
0.03842809569497409,96.99792035004555,225.69123469196063,41.07962804766054,20.468782629018403,,,4504,20.075,0,No Defect
0.04407922497355371,102.90637805075113,174.40833592297253,42.758396576136505,23.164492926197344,Paste volume per aperture high,,4505,20.078125,0,Solder Bridging
0.03727811721395548,97.27889433751882,237.93897282119087,33.05021756930017,22.042221892911343,,,4506,20.08125,0,No Defect
0.04371042068470002,100.13049555201013,154.17755781576892,51.309013941999,21.90480638080659,,Ambient RH high,4507,20.084375,0,No Defect
0.04168369706073285,99.24029811011118,170.4380958437822,39.15481375885794,24.439054624872206,,,4508,20.0875,0,No Defect
0.03917931325754757,97.74781594641942,213.12327853672872,38.28692283307036,22.055128441696162,,,4509,20.090625,0,No Defect
0.03953523394050134,96.82690232324698,196.03837748770198,42.7187317777903,21.810717330658157,,,4510,20.09375,0,No Defect
0.040125319172624685,100.12306580345295,224.4487157661631,37.82793880121912,21.496183260349977,,,4511,20.096875,0,No Defect
0.03986348176654428,98.0029948825534,201.97948084380053,40.50347253892747,22.091972634482204,,,4512,20.1,0,No Defect
0.039350946114592625,95.32538850324937,191.74795658379873,51.501597370146555,19.504030809515587,,Ambient RH high; Ambient temperature low,4513,20.103125,0,No Defect
0.04244337472172859,101.87752477127063,196.96354286117165,40.04604885174874,22.549909430147046,,,4514,20.10625,0,No Defect
0.04346149520470131,100.54903473886385,157.27286312719647,45.38863040938821,23.43219764746128,,,4515,20.109375,0,No Defect
0.03885749000819544,98.87735238640865,239.05351287314122,38.39689956599556,20.418568462107032,,,4516,20.1125,0,No Defect
0.0418511116990076,99.44297952487541,187.51470799213328,48.10120480276373,20.770233157253745,,,4517,20.115625,0,No Defect
0.03980203052332837,98.09331681921327,210.31288703143235,45.88174423710176,19.99728571530492,,Ambient temperature low,4518,20.11875,0,No Defect
0.04152561398645725,100.49107723997463,195.72452788116578,39.01700193245545,22.91279162954943,,,4519,20.121875,0,No Defect
0.04065360375288445,99.4237287970378,190.71972213332066,33.75449697448492,24.74824229259327,,,4520,20.125,0,No Defect
0.039854402133909374,98.51690599762549,199.13275821731946,33.96885677876304,24.16397588283386,,,4521,20.128125,0,No Defect
0.04000099430701458,98.63882911128785,202.60877766296375,37.51185576235626,22.914686887891154,,,4522,20.13125,0,No Defect
0.04147148181983744,102.02384909240094,214.15717347663926,32.69468960358546,23.62522658467741,,,4523,20.134375,0,No Defect
0.0425635413427664,100.75229084047263,173.00995458182456,38.917703108459165,24.338290358831962,,,4524,20.1375,0,No Defect
0.03883666516330816,96.63184559884252,197.7048289757859,35.767319104988275,23.713578649290547,,,4525,20.140625,0,No Defect
0.04037401515723829,96.70606150881002,174.53631246886806,44.79935038789136,22.508357018355362,,,4526,20.14375,0,No Defect
0.041357531566592595,98.83608102846428,183.9372673923473,43.75807411666065,22.243390885509537,,,4527,20.146875,0,No Defect
0.03861004988495872,97.25980632222132,215.5598999770859,35.77944971545229,22.609988034972417,,,4528,20.15,0,No Defect
0.03893183092260111,94.90138754341673,160.35444980903316,33.46295426799628,26.673131608053158,poor paste transfer,Stencil thickness low; Ambient temperature high,4529,20.153125,0,Open Circuit
0.04218760422281578,99.43597547609977,168.50226917474296,42.59811668130805,23.53073428563594,,,4530,20.15625,0,No Defect
0.03834968185935731,97.81697361680132,232.86027767404514,37.48950120021464,21.040950006767314,,,4531,20.159375,0,No Defect
0.04017515467799049,95.35354706037182,163.2942668964692,48.93142666134228,21.981316611894716,,,4532,20.1625,0,No Defect
0.04281147429834993,98.65055736197388,150.3872136174461,49.97994411274011,22.486029366411326,,,4533,20.165625,0,No Defect
0.039934165700428126,95.98138620260536,154.1137566748781,34.295421675286235,26.815234308173448,,Ambient temperature high,4534,20.16875,0,No Defect
0.041120564869510726,99.39067077272882,193.2963012084866,40.15285361008115,22.71040629624634,,,4535,20.171875,0,No Defect
0.038382564077334605,94.96608766339081,186.98496398850378,39.6387395192336,23.221927588522494,poor paste transfer,Stencil thickness low,4536,20.175,0,Open Circuit
0.03943732673841894,98.5252381944285,213.40407056444917,34.507527553236294,23.109789619695004,,,4537,20.178125,0,No Defect
0.04046239645899128,99.07101469792836,206.1541170783706,42.09609825658849,21.3421816559249,,,4538,20.18125,0,No Defect
0.0441594910858557,100.65983837288886,142.3180439441479,47.30526672955418,23.76409157952234,Paste volume per aperture high; aperture overfill,Paste viscosity low,4539,20.184375,0,Solder Bridging
0.041318267408218166,99.71737570804987,201.50167386066457,43.96746272648665,21.089125885999042,,,4540,20.1875,0,No Defect
0.04203673254784081,98.63354528104433,167.18018010126326,47.20974143682126,22.25005693023444,,,4541,20.190625,0,No Defect
0.03671509505237791,93.57335163940786,211.38585914709006,42.023345431719505,21.00687651317025,poor paste transfer,Stencil thickness low,4542,20.19375,0,Open Circuit
0.041420995060018555,100.82948993434516,206.86508913915364,38.770525439417085,22.27357054255957,,,4543,20.196875,0,No Defect
0.04084702013212309,99.90073169144023,210.8067183055294,40.20293806929965,21.609404686257125,,,4544,20.2,0,No Defect
0.03669769814578501,95.84741377332239,236.80301292771338,34.28427468345865,21.703978720000812,,,4545,20.203125,0,No Defect
0.042436747942484025,99.04972660083963,165.32566886438204,48.237714097912495,22.060434312765782,,,4546,20.20625,0,No Defect
0.039530106293692226,96.8692868813615,200.29935562709275,45.01734226750031,20.83116829202448,,,4547,20.209375,0,No Defect
0.03933217200470004,97.67077372082063,212.843748775747,40.90885321848578,21.259640713939508,,,4548,20.2125,0,No Defect
0.0400407558658828,99.3506170017404,206.63555539842,34.295816912638216,23.572512753599902,,,4549,20.215625,0,No Defect
0.039435709327344755,100.21727062159465,238.30803673885828,34.55338188937652,21.54808947937403,,,4550,20.21875,0,No Defect
0.03794756591755592,93.7080304291965,188.0682154917013,43.6201445702088,21.974223651750385,poor paste transfer,Stencil thickness low,4551,20.221875,0,Open Circuit
0.04178482001822102,98.62092593509294,163.79253160239423,44.61698940689426,23.194399808758533,,,4552,20.225,0,No Defect
0.037814922004650926,95.38213618584446,206.93355214200827,36.96154276510774,22.756757615738263,,,4553,20.228125,0,No Defect
0.04262635678712398,101.13404830742806,188.39393725219787,43.846822139590245,21.919531906563932,,,4554,20.23125,0,No Defect
0.04162261047590107,98.48626193884739,171.82281208318776,45.97827174615857,22.30256155495571,,,4555,20.234375,0,No Defect
0.04338799730078757,101.64154891856457,182.6498069665506,43.847743702186285,22.281158575449822,,,4556,20.2375,0,No Defect
0.0387374591740005,96.58602598940189,208.0143176008778,40.355013805112684,21.70067585453642,,,4557,20.240625,0,No Defect
0.0427614992556601,100.42085820089288,165.66149999264175,42.94281067871237,23.569269664125102,,,4558,20.24375,0,No Defect
0.04334338036746465,102.6302139872195,181.78424415707963,38.299822468733495,23.941802783871996,,,4559,20.246875,0,No Defect
0.04001292625042503,98.07415735026692,188.5929270300253,34.38249943825298,24.643241222710202,,,4560,20.25,0,No Defect
0.040414613555145064,98.34443571524648,204.95361983084285,45.88923160104609,20.28208116303097,,,4561,20.253125,0,No Defect
0.041723318931585415,99.35791388473544,175.31510722192826,38.02741957810215,24.408301598572727,,,4562,20.25625,0,No Defect
0.03835455911900719,96.71947980049673,211.4626746492623,38.48750357699074,22.018443078973718,,,4563,20.259375,0,No Defect
0.042436166727828316,100.87850541562737,190.4362551942523,45.45945851628682,21.307715582334083,,,4564,20.2625,0,No Defect
0.03997990624444833,97.79322699052481,188.54618295796348,37.789166999726184,23.642360608387527,,,4565,20.265625,0,No Defect
0.035350802881485587,92.80965939279241,218.03664742489858,32.53295042955483,23.33055962797662,Paste volume per aperture low; poor paste transfer,Stencil thickness low,4566,20.26875,0,Open Circuit
0.03894653613408144,98.00057438811417,230.19562911412507,45.136388674566795,18.92738057620359,,Ambient temperature low,4567,20.271875,0,No Defect
0.036832922623186264,95.71678630965246,243.71405878951705,40.84766805999928,19.336320146085278,,Ambient temperature low,4568,20.275,0,No Defect
0.039607807500889346,96.96433982112748,192.93865666272197,41.078376014773426,22.406857324411686,,,4569,20.278125,0,No Defect
0.04168673229063413,101.2050241833239,208.86316238773043,41.02141871195796,21.460785309636297,,,4570,20.28125,0,No Defect
0.036585737418799426,95.01199588550793,229.8334797610463,36.070105641925295,21.577959809161047,,,4571,20.284375,0,No Defect
0.04075113302610352,98.15017672056882,191.1684062391654,46.26340907136124,21.005541861519518,,,4572,20.2875,0,No Defect
0.03878679849998059,97.99969413448785,224.80318858859124,36.287246322083256,21.840507244352743,,,4573,20.290625,0,No Defect
0.04109417325613295,99.9610830840265,204.45014020911876,41.37980273457532,21.61758041423664,,,4574,20.29375,0,No Defect
0.042152918852914875,101.2609547103553,193.09520283001726,37.48924026918682,23.45957246006124,,,4575,20.296875,0,No Defect
0.04339802579171253,101.91004517041905,192.3968262408556,49.31021327596381,20.058499236082138,,,4576,20.3,0,No Defect
0.03987119230549477,97.89569493982587,194.57890411436017,36.404668822436605,23.664697955392032,,,4577,20.303125,0,No Defect
0.04183480534633539,103.1689604122086,226.52557888860352,34.063007418530376,22.401366104805394,,,4578,20.30625,0,No Defect
0.04195799535584293,101.16386656375342,194.15099610728902,36.3883501849873,23.709339060601277,,,4579,20.309375,0,No Defect
0.04066649906972638,99.7980885937073,202.877681146389,33.92052416561422,23.8851890118895,,,4580,20.3125,0,No Defect
0.04119624344945972,102.09212905636878,225.49560275692593,37.33759340298549,21.49377513871428,,,4581,20.315625,0,No Defect
0.03757707709156304,95.99758189671407,227.40743712291982,36.47372860640121,21.609605148104002,,,4582,20.31875,0,No Defect
0.04203973232229941,100.69888711036428,191.23111617926102,40.85946374142392,22.57740168902965,,,4583,20.321875,0,No Defect
0.03795459990201857,95.19652162317513,200.77772204364103,38.36509913627156,22.685441293083958,,,4584,20.325,0,No Defect
0.03848830989097849,97.61802373008459,227.09149980270828,36.84634230981813,21.51939252329283,,,4585,20.328125,0,No Defect
0.03921181537541964,97.4310720302992,213.0798500932782,41.17508676835153,21.11997289776263,,,4586,20.33125,0,No Defect
0.03974756514577768,96.10392720665634,176.18081561909995,42.04210865576391,23.13235998840376,,,4587,20.334375,0,No Defect
0.0409229420543096,98.81901470407632,197.09613830119892,45.30277262240063,20.90477907024848,,,4588,20.3375,0,No Defect
0.042069853049018384,100.03111916273544,182.03341437781796,40.77259175365772,23.16308865785574,,,4589,20.340625,0,No Defect
0.03974658622987277,96.56713504103976,188.7619489358202,41.92935952859184,22.394408247493615,,,4590,20.34375,0,No Defect
0.041579839625426294,99.14011738686308,175.9242487044265,40.228151237649826,23.687627863893322,,,4591,20.346875,0,No Defect
0.041244442846539255,99.21484543114653,186.75213504365536,40.562970060381694,22.921533523732307,,,4592,20.35,0,No Defect
0.04113653385688762,99.19850894445344,182.0974922759961,37.989312499454556,23.954177520820632,,,4593,20.353125,0,No Defect
0.04035747632820149,99.89011288610868,216.42506292548728,39.055531868992176,21.52880969561721,,,4594,20.35625,0,No Defect
0.04101282592548971,98.16485369750504,178.3657841754138,44.118609798194456,22.388989469050063,,,4595,20.359375,0,No Defect
0.039318268843794295,96.99856773049315,193.77522667164533,38.55409040336443,23.054202479110295,,,4596,20.3625,0,No Defect
0.03876324505947962,97.68073022935312,219.0343869669326,35.5410819791403,22.382914049297742,,,4597,20.365625,0,No Defect
0.040758430466420026,100.10951764618346,207.806447017369,37.62395666897519,22.4749330781028,,,4598,20.36875,0,No Defect
0.03781042671728095,96.40039564002142,227.9333429972062,39.03525073898427,20.805275467570148,,,4599,20.371875,0,No Defect
0.04382447171209712,102.39520342035495,175.70652805462055,43.83623971784358,22.651466637146036,,,4600,20.375,0,No Defect
0.03561895785498658,93.74019015953853,230.62507562608926,34.41392114689059,21.968005354871583,Paste volume per aperture low; poor paste transfer,Stencil thickness low,4601,20.378125,0,Open Circuit
0.0398518518881713,96.84756385888412,190.44473360003133,46.21525118658437,21.017354578487623,,,4602,20.38125,0,No Defect
0.03757008030913754,95.71845452287499,218.5380409117292,38.546262647423376,21.514478057669972,,,4603,20.384375,0,No Defect
0.03906432613538165,94.3821206127916,177.72067075887412,48.88479938676067,21.013132504682197,poor paste transfer,Stencil thickness low,4604,20.3875,0,Open Circuit
0.03770015249989442,94.21465229022124,198.26080455677095,40.52014583083441,22.185959705846486,poor paste transfer,Stencil thickness low,4605,20.390625,0,Open Circuit
0.0435533260058978,101.21699640194043,161.09686242324565,42.4096825187787,23.95584189755867,,,4606,20.39375,0,No Defect
0.04299159604237474,102.94011356307195,201.10379046854277,38.18035824849843,22.733853444935647,,,4607,20.396875,0,No Defect
0.03948574416840152,98.10339132546702,217.05339097760032,40.3404565093505,21.096209567886973,,,4608,20.4,0,No Defect
0.04107435026428069,98.52717175410548,176.23572760594,39.36792853448176,23.892344108627082,,,4609,20.403125,0,No Defect
0.041780504140012914,98.42808402489791,170.1268017042377,46.40940828660484,22.216574287487198,,,4610,20.40625,0,No Defect
0.03982114354989152,99.34487082533158,213.02182123378026,32.96461904385637,23.493960932275957,,,4611,20.409375,0,No Defect
0.039932832614564234,97.15251958060254,177.5443644877078,35.11250923476487,25.04417325021893,,,4612,20.4125,0,No Defect
0.04042913824363575,98.8184868971673,198.75478583999654,39.02368091251331,22.602004845873868,,,4613,20.415625,0,No Defect
0.040916495049972856,99.15916982885835,187.62690719272044,37.54341461525831,23.71854971909063,,,4614,20.41875,0,No Defect
0.04071983179035879,96.9907332760217,169.14387191536372,42.702989875493834,23.346777960212325,,,4615,20.421875,0,No Defect
0.04100580888906353,101.07645196416098,209.36461162160396,33.79826494167183,23.475035579583313,,,4616,20.425,0,No Defect
0.03921614756002472,98.31689902601752,217.85249370126448,37.32452613291634,21.91026052839775,,,4617,20.428125,0,No Defect
0.03889901834390925,98.23879662797353,234.10043135477622,40.781419648917606,19.90269555381142,,Ambient temperature low,4618,20.43125,0,No Defect
0.03965379046404857,97.8031931878715,201.75192286866275,39.23097817858236,22.3432512361653,,,4619,20.434375,0,No Defect
0.04145906123143286,98.04186325275727,176.05126181182644,50.16661295138519,20.737917689882423,,Ambient RH high,4620,20.4375,0,No Defect
0.03841096150901721,97.05271903074065,211.92063630514085,33.027331187596175,23.51993191733453,,,4621,20.440625,0,No Defect
0.04128293100230124,101.97109382634949,226.23714592700154,36.14859946428601,21.752762447458718,,,4622,20.44375,0,No Defect
0.03973807934184363,97.66330693926797,199.42719854210327,38.88105761750703,22.586752027303568,,,4623,20.446875,0,No Defect
0.03754988990740621,94.71772043183776,205.15584530470807,36.06917028143194,23.04058606000807,poor paste transfer,Stencil thickness low,4624,20.45,0,Open Circuit
0.0364289161921315,95.40570588341953,230.80749897382782,29.944586501872003,23.240441413939287,,Ambient RH low,4625,20.453125,0,No Defect
0.043823258506751187,102.07445456037414,160.93314282544006,39.131741919835086,24.899099533773587,,,4626,20.45625,0,No Defect
0.040121589739399936,98.94937444608698,195.1838568722602,32.02742269831591,24.843499498278018,,,4627,20.459375,0,No Defect
0.042125156595763914,101.17217913362545,186.71450258972047,37.11327715146616,23.890274608707905,,,4628,20.4625,0,No Defect
0.03730885844731863,95.4805889400372,227.6999897438053,38.53075587189987,20.928877481854457,,,4629,20.465625,0,No Defect
0.03736906107324383,94.43445804447657,200.13047947827368,37.895769705610576,22.798344498365047,poor paste transfer,Stencil thickness low,4630,20.46875,0,Open Circuit
0.03797749416821762,96.6554619141352,227.20289346127453,39.38750200138116,20.70776957687815,,,4631,20.471875,0,No Defect
0.04044271549784516,97.6891689271785,195.52953001963158,48.5477493428282,19.993985717600133,,Ambient temperature low,4632,20.475,0,No Defect
0.04138121828723771,100.15336467269086,191.0431878255894,37.219176297629936,23.583319099892854,,,4633,20.478125,0,No Defect
0.04219738894738415,101.34379248081683,201.01057404666875,40.03601780582509,22.160518256779685,,,4634,20.48125,0,No Defect
0.03902964925127574,97.45193489257211,209.21528130003477,36.69750564631889,22.601951465295937,,,4635,20.484375,0,No Defect
0.039248375408316,97.49900240712982,198.45169420297992,33.298271397019775,24.256163827630818,,,4636,20.4875,0,No Defect
0.03786030757674027,97.5776864989945,244.12010662104507,37.039302080874265,20.34954331452954,,,4637,20.490625,0,No Defect
0.042162149529938284,99.01226386399819,171.54212001712625,47.157627650030825,21.8799496972462,,,4638,20.49375,0,No Defect
0.03813909026392023,97.52719867147789,227.89899687739802,33.46376117433841,22.387513096820598,,,4639,20.496875,0,No Defect
0.03869871717749399,96.62160184287848,209.99166229569548,36.97217968597752,22.470867550091228,,,4640,20.5,0,No Defect
0.038702260032562885,98.62015264265418,252.65502060050005,43.383188898195804,17.976415799099808,poor paste transfer,Paste viscosity high; Ambient temperature low,4641,20.503125,0,Open Circuit
0.04020328594501148,98.02135180773499,207.0022944238234,48.65355254194763,19.24412170635651,,Ambient temperature low,4642,20.50625,0,No Defect
0.038979553792205135,97.94985715949443,221.28359999782805,38.211740732637175,21.408412677760776,,,4643,20.509375,0,No Defect
0.04184679726841586,100.07125678766081,187.32116936593357,40.76526870024182,22.769768717356907,,,4644,20.5125,0,No Defect
0.04055181282123617,96.35229008214094,169.88929197444077,46.21368251876385,22.238114220999538,,,4645,20.515625,0,No Defect
0.0431688510685044,100.13040330654857,156.4860395230968,44.900075640530446,23.458148901722943,,,4646,20.51875,0,No Defect
0.037333626335217134,94.16846901877511,197.86420519501164,37.93490450834952,22.905991011773107,poor paste transfer,Stencil thickness low,4647,20.521875,0,Open Circuit
0.03812109979421545,98.04907219568001,234.7450840994049,32.55482197206175,22.22080549903762,,,4648,20.525,0,No Defect
0.0397879245212472,97.72294133094367,197.70198239208764,39.557821532961256,22.460681918747476,,,4649,20.528125,0,No Defect
0.03846292622125864,97.11403319370709,227.6039936924924,41.17396829663637,20.14410011251848,,,4650,20.53125,0,No Defect
0.04131854043953209,100.48010501176185,198.78424217666975,35.5550015675787,23.575203779079654,,,4651,20.534375,0,No Defect
0.04335450298779115,102.09374454224815,186.45906805591363,44.260943621444966,21.80233298540383,,,4652,20.5375,0,No Defect
0.04337112505345299,102.07160481034583,187.42496497191038,42.605780888654216,22.23014456376046,,,4653,20.540625,0,No Defect
0.03938043410434492,95.72972939397953,175.5010331206875,38.32914311510805,24.175544294390686,,,4654,20.54375,0,No Defect
0.04010531177262466,97.6750526269295,194.45194273486985,44.09929582386077,21.326619438947656,,,4655,20.546875,0,No Defect
0.03609542887802062,93.8547674566705,232.6036595569016,39.75650609938883,20.22515222135269,poor paste transfer,Stencil thickness low,4656,20.55,0,Open Circuit
0.040787808409648026,96.46110154546439,162.34351341398607,46.26394980807367,22.670380464895445,,,4657,20.553125,0,No Defect
0.04316492239912819,102.420273296209,194.78816008755803,43.326292270140584,21.554761320631883,,,4658,20.55625,0,No Defect
0.03745559365802395,95.58166176324995,222.21114235520756,36.73081795213066,21.75557705158383,,,4659,20.559375,0,No Defect
0.04174872713204064,98.02780762844138,171.04604692229464,49.197056712756634,21.28592699699634,,,4660,20.5625,0,No Defect
0.04187720460115155,99.87901773725203,196.62692708432184,46.91652344054573,20.383703996263886,,,4661,20.565625,0,No Defect
0.039512229303651746,98.61069538995139,211.86972166136053,33.07271783200729,23.470693252608474,,,4662,20.56875,0,No Defect
0.037454185902257464,95.92276792365028,222.53969417403508,35.94342417489774,21.956399321074343,,,4663,20.571875,0,No Defect
0.04225791550896829,100.08463542157155,184.42191905104875,46.41566265226239,21.273619721546954,,,4664,20.575,0,No Defect
0.041534524309700296,97.73961560130417,154.85370667443306,43.568269312670836,23.908933850537856,,,4665,20.578125,0,No Defect
0.043606756590568764,101.186876685534,166.85522918489693,45.89671147761535,22.511890555820134,,,4666,20.58125,0,No Defect
0.0387022339287205,95.59697709882008,195.3423308421725,40.22581002200273,22.38332066497127,,,4667,20.584375,0,No Defect
0.040684545965500085,98.62294610033331,198.9304449883418,43.318220036241925,21.273707658814285,,,4668,20.5875,0,No Defect
0.040736693057972694,97.7385780684035,176.07157327867867,40.18717172847215,23.589313794550748,,,4669,20.590625,0,No Defect
0.0430828266503472,99.34584326494293,160.44229290471452,51.724896258675756,21.19450753247695,,Ambient RH high,4670,20.59375,0,No Defect
0.045455687189544576,105.38200243495123,189.69418578241238,43.63531148586597,21.784185960111795,Paste volume per aperture high; aperture overfill,Stencil thickness high,4671,20.596875,0,Solder Bridging
0.040626484431137797,96.46930777611544,169.15145812223147,44.360844217355364,22.794549188442264,,,4672,20.6,0,No Defect
0.039440461607043086,97.66424890861634,201.84313062460743,34.55179807326674,23.641359440551167,,,4673,20.603125,0,No Defect
0.04232320636405705,99.92104995031279,180.33492196806935,45.011856264160926,21.92561953741641,,,4674,20.60625,0,No Defect
0.041320382702899075,100.10089010503668,208.06875427096458,44.694800424049475,20.305780835630088,,,4675,20.609375,0,No Defect
0.038675652059233984,96.10729633214908,206.57493560407514,40.40310971927586,21.632528714137212,,,4676,20.6125,0,No Defect
0.039511002312374005,96.49755996497086,182.50089783456613,39.04885982525079,23.504719585279428,,,4677,20.615625,0,No Defect
0.042763364245588124,99.16771052107462,153.3048168655118,44.46269831747448,23.74174452975167,,,4678,20.61875,0,No Defect
0.04001064228840927,98.48057744418648,208.53491228837436,42.43676244183452,20.918665560537143,,,4679,20.621875,0,No Defect
0.04058747181650302,97.79496491370087,186.81725725775186,44.11394566052139,21.767065547498962,,,4680,20.625,0,No Defect
0.038432611611172715,97.15210989821746,221.00076002030886,36.75511214290668,21.801537448568048,,,4681,20.628125,0,No Defect
0.04127268940965557,98.63123156101744,175.79930963851467,38.715028231692635,24.02575798421549,,,4682,20.63125,0,No Defect
0.03752467503183462,95.70472580987833,227.96081558223187,40.22711442842027,20.351853405154987,,,4683,20.634375,0,No Defect
0.04347488271706571,103.49236812955984,195.61750546022841,37.87181213755912,23.0682199340706,,,4684,20.6375,0,No Defect
0.04035422976420568,100.77001516989998,229.82440670636004,36.29318990276978,21.40460278367518,,,4685,20.640625,0,No Defect
0.042069646005822,101.3382845999071,204.18071441690657,39.67433080584075,22.007220368188467,,,4686,20.64375,0,No Defect
0.04142523214440989,99.79724798527292,198.73483119919493,45.66731210004206,20.577494929359805,,,4687,20.646875,0,No Defect
0.041979184995850745,99.59212791158872,184.99282456011954,45.81125319981137,21.386078948923185,,,4688,20.65,0,No Defect
0.040226262246446334,97.43418148659129,189.59755494187135,43.53746368601202,21.751286356775726,,,4689,20.653125,0,No Defect
0.040779305252719174,102.05232025373414,237.0192724347682,34.07960886924012,21.607571270953663,,,4690,20.65625,0,No Defect
0.0401490042831537,98.49266036864108,204.67799963610415,40.49929917026233,21.71071878124501,,,4691,20.659375,0,No Defect
0.038466506028768846,96.01868928291209,212.0196773231515,44.293025789430914,20.13540294237486,,,4692,20.6625,0,No Defect
0.03836228999367108,96.29731791173216,223.84490734811754,45.855373818093895,18.952881220482965,,Ambient temperature low,4693,20.665625,0,No Defect
0.04167441295960771,101.72385880233824,207.372580625702,33.99137961857153,23.45467393428037,,,4694,20.66875,0,No Defect
0.041021177269752775,99.26830888812016,199.76733293863342,42.39876142952676,21.46095433445161,,,4695,20.671875,0,No Defect
0.03987940679509316,98.82356980758419,220.51670176152552,43.00331864173254,19.997711712668444,,Ambient temperature low,4696,20.675,0,No Defect
0.04142510291182478,101.73439451724879,223.07533418396608,37.806754301299996,21.373071393596778,,,4697,20.678125,0,No Defect
0.039935156193375204,94.90660988396924,161.98179172588524,47.46446311818484,22.2861094201635,poor paste transfer,Stencil thickness low,4698,20.68125,0,Open Circuit
0.0386953503490391,94.76566242001115,184.37790352928855,43.35929520543933,22.09899657470989,poor paste transfer,Stencil thickness low,4699,20.684375,0,Open Circuit
0.040036018937998345,96.67524086756299,180.0467815249112,41.94479981959529,22.78872612158035,,,4700,20.6875,0,No Defect
0.04065976654894042,98.32985079911987,200.74849907248142,46.30784385590216,20.24906407824712,,,4701,20.690625,0,No Defect
0.03970967110915935,99.87088247074946,231.4604222818339,35.900842675085066,21.3933753751387,,,4702,20.69375,0,No Defect
0.04034179627184908,99.93856061681818,223.76168221863023,39.88553662872702,20.706526641007528,,,4703,20.696875,0,No Defect
0.04151839760395417,98.9763991096621,172.29542836284878,38.171513096571005,24.37269336462576,,,4704,20.7,0,No Defect
0.04103871996159381,100.84171873779287,209.3403786452296,33.86736115168859,23.351934737275513,,,4705,20.703125,0,No Defect
0.03767140555495087,94.88155624333342,208.79925862296497,41.03114457394943,21.263156835053607,poor paste transfer,Stencil thickness low,4706,20.70625,0,Open Circuit
0.0385924137136487,94.29781354804967,180.60923542955496,42.76406055244255,22.4960256952066,poor paste transfer,Stencil thickness low,4707,20.709375,0,Open Circuit
0.04071278686612796,98.51561347292157,187.64019985492217,37.532670263021295,23.609289794567793,,,4708,20.7125,0,No Defect
0.03891790048998825,96.03210834394925,189.7051946506042,38.028657142638764,23.31792755923751,,,4709,20.715625,0,No Defect
0.03920229348550599,99.75325209586887,229.34183412393674,28.97832957008081,23.53036289189273,,Ambient RH low,4710,20.71875,0,No Defect
0.039042157327595264,96.15613677400842,194.906802272665,40.43081204932878,22.29772541293797,,,4711,20.721875,0,No Defect
0.03774111659048207,93.65338979497356,186.78959375658636,40.28259292940362,22.827673981006246,poor paste transfer,Stencil thickness low,4712,20.725,0,Open Circuit
0.03981107240504096,97.15156769284341,190.914559196738,39.47618823402884,22.826434903096793,,,4713,20.728125,0,No Defect
0.038608999429968455,96.14680139969863,199.51368528546863,36.347137766566476,23.201286433867093,,,4714,20.73125,0,No Defect
0.0398221824369416,97.24315084741446,191.5027481719519,39.27223896653722,22.847254325931456,,,4715,20.734375,0,No Defect
0.043574628938013865,100.4511620567864,160.0074289097639,47.45644541271823,22.417058296749325,,,4716,20.7375,0,No Defect
0.04121194291356528,99.49832696780024,194.2141246162494,40.1885569294383,22.421505685900396,,,4717,20.740625,0,No Defect
0.03983155482452564,96.17292813025577,174.98421840517878,42.62876794799628,22.87283451428684,,,4718,20.74375,0,No Defect
0.04155262521014936,101.48705426453856,213.06145451574804,37.68095008971692,21.99627001641066,,,4719,20.746875,0,No Defect
0.03858662206887165,95.35946891613979,199.09472993948742,43.64690940518335,21.086620249067508,,,4720,20.75,0,No Defect
0.041690705296220654,98.75090016501127,179.5264278232986,45.91754236501972,21.648833048247706,,,4721,20.753125,0,No Defect
0.03915411186741642,95.79514073306113,182.9477277188799,38.477142625408426,23.590346597167464,,,4722,20.75625,0,No Defect
0.039004053454595206,98.13586657440365,233.691587568223,40.51798635398715,19.881294921378938,,Ambient temperature low,4723,20.759375,0,No Defect
0.03916912244212853,97.63591617630198,202.20556551077865,33.834995820726455,23.75891108868263,,,4724,20.7625,0,No Defect
0.040546032190013855,98.89312885899011,201.5829051803446,39.65171748671831,22.11200962672657,,,4725,20.765625,0,No Defect
0.04068021419680613,98.41659676695069,195.3048378483822,43.20039936720492,21.45961136438781,,,4726,20.76875,0,No Defect
0.03978105611358212,98.07371301595705,209.01565276071773,40.45672874157691,21.411850850483443,,,4727,20.771875,0,No Defect
0.04048018853996462,100.04115841011672,219.16582827809324,38.766734276828714,21.285287085626404,,,4728,20.775,0,No Defect
0.041285560653303195,99.05036075536296,184.2111484235349,41.85432885565591,22.531339135236014,,,4729,20.778125,0,No Defect
0.04154707075342286,100.99691878563705,211.28427029707115,39.113293025418905,21.67733588133588,,,4730,20.78125,0,No Defect
0.03964865824017351,97.00760441028663,194.7988977970509,42.21984209694373,21.760579714684837,,,4731,20.784375,0,No Defect
0.03970191142940656,97.39266523582943,205.18396204327084,43.47785627634383,20.758056908802196,,,4732,20.7875,0,No Defect
0.037263300131916255,95.7420888853513,222.37879474804967,34.531796361790036,22.291845173119874,,,4733,20.790625,0,No Defect
0.03906266162492105,95.32991510810258,186.32703325768074,44.43786896218581,21.62477621612082,,,4734,20.79375,0,No Defect
0.03811121394343649,95.14116660325826,202.58239858061992,38.50795707629712,22.355345260513037,,,4735,20.796875,0,No Defect
0.042638377247978844,100.4041722342747,167.71307959467833,38.2041537133199,24.61509860954411,,,4736,20.8,0,No Defect
0.04372267259519637,103.8959337064204,205.71498196412438,41.671038361489444,21.27917498510473,,,4737,20.803125,0,No Defect
0.03802855589071755,97.43421071336884,239.58301710056224,37.65871096502116,20.32596140363607,,,4738,20.80625,0,No Defect
0.03922214128244852,95.57029819176056,189.62603195328518,45.209920925784395,21.194078878929673,,,4739,20.809375,0,No Defect
0.043167096578408816,100.22132780288622,162.4610400704119,46.805962890830024,22.420752096422454,,,4740,20.8125,0,No Defect
0.03878285690878646,95.5340550706803,189.1196474699585,38.62631215401868,23.14245396737078,,,4741,20.815625,0,No Defect
0.04013642236728316,98.49706208639792,198.7024203033277,36.82628246879796,23.08815041938625,,,4742,20.81875,0,No Defect
0.04025221175975026,99.78156012033128,210.0119898782811,33.563941942046974,23.34515445382381,,,4743,20.821875,0,No Defect
0.041395802830232704,99.5967833761166,194.74230201828567,42.441138642691314,21.699459495271665,,,4744,20.825,0,No Defect
0.04060425648709361,97.6769186811708,183.61730415951246,42.33742679362388,22.405575091118852,,,4745,20.828125,0,No Defect
0.03926988796231508,96.37949613544325,194.82495967191193,41.58448633235925,21.925090915227603,,,4746,20.83125,0,No Defect
0.03927826073788227,94.68503310027843,168.31973589451036,41.24366158178833,23.65306995923587,poor paste transfer,Stencil thickness low,4747,20.834375,0,Open Circuit
0.03708856310653651,93.79056931697525,202.35772942408136,40.03085177687539,21.893257495785903,poor paste transfer,Stencil thickness low,4748,20.8375,0,Open Circuit
0.04002157618154853,98.76845939092851,219.20442437073476,43.92217432438461,19.748162589187398,,Ambient temperature low,4749,20.840625,0,No Defect
0.04150330280945122,97.91373842348163,169.56071100602114,46.856283875256636,21.94704067818048,,,4750,20.84375,0,No Defect
0.03899161456271756,95.93188445944227,198.23748154998106,43.17283931785616,21.244247478898515,,,4751,20.846875,0,No Defect
0.037770771432720084,95.67090586903166,212.1585770736328,36.27341823565504,22.392601642475455,,,4752,20.85,0,No Defect
0.04030943514460012,97.72278753748478,182.2259262549491,36.13909447366545,24.29046133182569,,,4753,20.853125,0,No Defect
0.03964100688552661,97.78450800482327,206.50797323434395,40.46632972278451,21.527694468446764,,,4754,20.85625,0,No Defect
0.04184089676114067,99.24759835660721,181.07540287658807,44.33962238595821,21.974477266283316,,,4755,20.859375,0,No Defect
0.039627215836455135,98.12474932051849,209.70490256176208,39.52062965876065,21.603961066002494,,,4756,20.8625,0,No Defect
0.03692160026877128,93.6351639730465,212.71009963235952,42.09293815157256,20.64829199108412,poor paste transfer,Stencil thickness low,4757,20.865625,0,Open Circuit
0.03816739332877685,96.23549142770497,208.69583849213032,33.679096637472114,23.360860423906566,,,4758,20.86875,0,No Defect
0.04077416463436296,99.47505265590397,207.44077386901114,39.305758875731996,21.816763238351182,,,4759,20.871875,0,No Defect
0.039657734274013326,95.6382337296784,175.6974240062681,43.29161014236641,22.58703061743852,,,4760,20.875,0,No Defect
0.04014131431268569,97.40348425755066,194.9654560684306,41.710558278362484,21.87403518928733,,,4761,20.878125,0,No Defect
0.036933150027314246,93.72203593014228,210.34478187432748,38.98589450561623,21.697028168195803,poor paste transfer,Stencil thickness low,4762,20.88125,0,Open Circuit
0.044142954230045224,100.34471083441304,154.92864498134205,52.847863924736394,21.103529821949618,Paste volume per aperture high,Ambient RH high,4763,20.884375,0,Solder Bridging
0.040985820449577416,100.70631703938358,209.02532631897233,33.62699255406972,23.370330964081617,,,4764,20.8875,0,No Defect
0.04050091301990841,99.91441161292376,218.8002578171945,41.43033781834038,20.482564235223276,,,4765,20.890625,0,No Defect
0.04038579960563623,98.78019160922977,201.87263283588217,40.18391148643906,21.88476711647627,,,4766,20.89375,0,No Defect
0.04137089383913582,100.57681540101588,208.91885807339278,40.99160746893879,21.22432008236018,,,4767,20.896875,0,No Defect
0.03904276138174731,98.11669084089506,230.86807926229298,38.75205063670401,20.517751191061237,,,4768,20.9,0,No Defect
0.04004108368386816,96.86546192927159,179.12986512464232,40.3877997547308,23.214705480043143,,,4769,20.903125,0,No Defect
0.03646601745381223,94.21590910913949,226.5598161126971,38.819454834270154,20.732968057877017,poor paste transfer,Stencil thickness low,4770,20.90625,0,Open Circuit
0.04306363505281556,101.07036000430391,185.44864045680387,46.513141060239974,21.0636051749543,,,4771,20.909375,0,No Defect
0.037890705667804336,97.03648864912296,231.06443455682438,35.40821986091765,21.462366550399462,,,4772,20.9125,0,No Defect
0.041019984281116105,99.50665143496185,193.15871609695262,36.017957359091234,23.636133549055202,,,4773,20.915625,0,No Defect
0.04114720731834333,101.54552966766282,226.01195774340758,38.61483941340596,20.858361388771627,,,4774,20.91875,0,No Defect
0.04350116564797736,102.25689237209522,183.9049311397424,42.00342046176327,22.472219618277123,,,4775,20.921875,0,No Defect
0.03857152300825604,99.03106103362997,238.3458080293438,29.351394386011506,22.787573647562578,,Ambient RH low,4776,20.925,0,No Defect
0.03791598544323998,95.90149968147513,222.73316024332894,40.18875355250397,20.57448869142773,,,4777,20.928125,0,No Defect
0.040507638954618806,98.39850789073907,201.3650531719154,43.18223468129275,21.030446532673967,,,4778,20.93125,0,No Defect
0.03973991949410335,97.81913084209343,201.11223835313336,37.644920965440946,22.65515279126422,,,4779,20.934375,0,No Defect
0.03901661316867245,97.91248806519455,225.27234461119895,39.07078911233684,20.749958834606716,,,4780,20.9375,0,No Defect
0.03995007455835526,96.16519574431366,166.62281301999667,39.84805297960801,24.122586623288374,,,4781,20.940625,0,No Defect
0.03788835855301796,92.90077991923314,173.72248851136968,42.722597131026546,22.832349087768964,poor paste transfer,Stencil thickness low,4782,20.94375,0,Open Circuit
0.038168074190700195,95.41111529437501,211.83338462375988,41.45019007986007,20.87152532794322,,,4783,20.946875,0,No Defect
0.04210588990670799,100.70850836165648,193.8951791671616,40.848899729430826,22.175753995903534,,,4784,20.95,0,No Defect
0.03906454547451607,95.90084820536356,185.2715015715134,38.84242270023048,23.261512963735395,,,4785,20.953125,0,No Defect
0.04054703868240746,98.7014366756548,201.25672892971022,41.24376010615393,21.593236560758186,,,4786,20.95625,0,No Defect
0.03858197014925166,94.69285731952357,178.89105006740596,38.2348557483508,23.82666631208783,poor paste transfer,Stencil thickness low,4787,20.959375,0,Open Circuit
0.037595768469236304,96.91164395157323,237.90682544984193,34.793452272021995,21.202641933258466,,,4788,20.9625,0,No Defect
0.03713317343941295,96.36149534234511,238.16089008314867,34.907249084014765,21.1460540512328,,,4789,20.965625,0,No Defect
0.036743574828841115,94.82244111665945,228.35888016064717,34.53816987431378,21.85768168819192,poor paste transfer,Stencil thickness low,4790,20.96875,0,Open Circuit
0.040541288244555274,99.3702612993289,200.55830015714147,36.19920738382836,23.100316781774925,,,4791,20.971875,0,No Defect
0.04044103519211529,98.37989040753352,190.9915567558344,37.57309664053679,23.286203712252227,,,4792,20.975,0,No Defect
0.040994880974163095,97.83566857359695,180.99439928786856,43.984668644261774,22.032596782760066,,,4793,20.978125,0,No Defect
0.04107149567192777,98.10200529545031,183.51808779229154,45.605423471569104,21.400879586771254,,,4794,20.98125,0,No Defect
0.0420207077249746,100.07001683516411,192.89748550773572,47.490866252439496,20.278736674495324,,,4795,20.984375,0,No Defect
0.04112178030889423,98.23690751188661,173.92378854928933,39.54514167591817,23.758057442264295,,,4796,20.9875,0,No Defect
0.03836920409839066,97.0884611824253,219.57342672492348,35.969686132179454,21.976529104025804,,,4797,20.990625,0,No Defect
0.04321974126401109,101.84870388683186,191.77576899489358,46.067993236320135,20.772142267799513,,,4798,20.99375,0,No Defect
0.04202583842922236,100.84288861464277,197.76663167801493,41.41896875650245,21.751444960663942,,,4799,20.996875,0,No Defect
0.03883226951850158,95.84516779785433,205.04173624676616,47.022253051443236,19.63911395144803,,Ambient temperature low,4800,21.0,0,No Defect
0.03883640750183139,98.27112743690923,232.20732280919324,38.18588615623498,20.553822745769995,,,4801,21.003125,0,No Defect
0.0395812907792793,97.95435116447305,210.53134471825393,38.42874481748247,21.82077990688087,,,4802,21.00625,0,No Defect
0.04215276960630402,99.65722712845908,178.78744655604802,43.95582440997945,22.17130373597846,,,4803,21.009375,0,No Defect
0.04117734492843211,98.22978659909327,187.34261541749902,47.79929060362494,20.514755458036504,,,4804,21.0125,0,No Defect
0.042953374849392885,101.11120732860574,176.1845841122659,41.99563293403556,22.905019211232844,,,4805,21.015625,0,No Defect
0.036918002723304234,94.17176619401334,215.75228911950572,36.19095968638052,22.130804853537605,poor paste transfer,Stencil thickness low,4806,21.01875,0,Open Circuit
0.04027477599817214,96.66782600099687,178.74677127552695,44.15736708813747,22.095710496836837,,,4807,21.021875,0,No Defect
0.04159940606686267,100.62915565903975,200.88466385155468,38.52991871511228,22.390373096532564,,,4808,21.025,0,No Defect
0.03965098345118907,95.0670004811649,171.62961715001893,45.052327529371816,22.265587892722625,,,4809,21.028125,0,No Defect
0.04253569712080084,100.29493638035704,178.489066816236,43.77595348141775,22.236166120334595,,,4810,21.03125,0,No Defect
0.03840122492117971,96.25728267607084,211.24248369950377,38.80562025204869,21.644425880191257,,,4811,21.034375,0,No Defect
0.044500377069324824,100.89729625528938,151.32417299016055,52.36956836814257,21.40564747513537,Paste volume per aperture high,Ambient RH high,4812,21.0375,0,Solder Bridging
0.03886889624453479,98.97426606395192,224.35121230319965,27.081825564952815,24.266082888567,,Ambient RH low,4813,21.040625,0,No Defect
0.03935625908924674,99.3715315815151,223.66149096459773,29.33441985159105,23.65459429420039,,Ambient RH low,4814,21.04375,0,No Defect
0.040725989103244556,98.36650507070962,187.57903946828338,41.587763119485416,22.294853324505254,,,4815,21.046875,0,No Defect
0.03927926278098939,94.97773456013384,162.0262111693839,37.373877457013606,25.0821471324861,poor paste transfer,Stencil thickness low,4816,21.05,0,Open Circuit
0.04010957303550809,97.94574052523613,192.96158091289635,38.66261141139278,22.813057935571834,,,4817,21.053125,0,No Defect
0.03614414992169969,93.97230628710052,221.78888021892632,31.221093270496475,23.18927167564352,poor paste transfer,Stencil thickness low,4818,21.05625,0,Open Circuit
0.04066037094661837,99.11559878924123,211.14790656564887,44.097672638562344,20.114734012467213,,,4819,21.059375,0,No Defect
0.03958574798329744,95.70256540387835,171.2689536063917,40.14926930496291,23.702066487621785,,,4820,21.0625,0,No Defect
0.04102196204613728,98.48015841391708,190.85544222458998,43.93820658504413,21.407418572911205,,,4821,21.065625,0,No Defect
0.04059943590723682,98.25330672495143,193.13210764245554,41.81343299358672,21.882498339311883,,,4822,21.06875,0,No Defect
0.04042689350247584,98.34798032151039,195.27492520364808,40.762933117714766,22.053119727634392,,,4823,21.071875,0,No Defect
0.0395237029618378,95.938083938007,177.6817891243181,39.498530240306515,23.495269934448565,,,4824,21.075,0,No Defect
0.03956486386897539,96.71117755053818,181.96548993725074,37.54026384771257,23.799289602392292,,,4825,21.078125,0,No Defect
0.04138451261274094,100.5597617050945,205.46065425933654,38.68528830584756,22.04072232194376,,,4826,21.08125,0,No Defect
0.04031234785447191,98.9987735161319,213.35670368500465,42.22286071039659,20.512795250672152,,,4827,21.084375,0,No Defect
0.039941065301300614,98.87485388111162,218.9280098499014,41.661868134357796,20.32945569858076,,,4828,21.0875,0,No Defect
0.04103768549135656,98.3728589159057,180.7147248385132,41.47703765437633,22.735668870677095,,,4829,21.090625,0,No Defect
0.03996399442093486,99.68085104681455,232.08893314365486,40.45633223085865,19.873991256440597,,Ambient temperature low,4830,21.09375,0,No Defect
0.03978540512813482,98.83403884848128,216.67937365935765,36.768284775252745,21.89504372278353,,,4831,21.096875,0,No Defect
0.040315859967304364,97.47760526214864,190.398948781916,44.42064805119134,21.272745443542544,,,4832,21.1,0,No Defect
0.039651347367786895,97.24387965934737,201.07881761711093,42.35217643399481,21.21578738529781,,,4833,21.103125,0,No Defect
0.03740363449127333,96.66468591848283,230.88767896204695,31.424255162657577,22.55896444250382,,,4834,21.10625,0,No Defect
0.040282541229497766,100.35004552005239,245.6858285147996,43.28126544522216,18.21667990404593,,Ambient temperature low,4835,21.109375,0,No Defect
0.039728235800886656,99.00756632225199,226.4136124253829,41.56450345965033,19.88707320471812,,Ambient temperature low,4836,21.1125,0,No Defect
0.03845274568180482,97.57477466227097,228.75940565713586,35.98013953214276,21.365720106569622,,,4837,21.115625,0,No Defect
0.041750335222642536,101.75211775939269,207.64304560587215,34.99033416129248,22.97292335270681,,,4838,21.11875,0,No Defect
0.037447950128553446,95.55063755430545,216.74922249910222,32.405105488704976,23.138656626787924,,,4839,21.121875,0,No Defect
0.038212376721377714,95.27709850193385,193.9416597191196,35.211563921351704,23.720508503844787,,,4840,21.125,0,No Defect
0.04065331110164972,99.33485692917117,207.12182219565466,39.71070253096737,21.616800358665987,,,4841,21.128125,0,No Defect
0.038544062359077653,95.38980757226821,201.02126218920742,40.486937651297936,21.749968772956976,,,4842,21.13125,0,No Defect
0.03943728083416289,98.12478438414968,206.01762796650274,33.572242232765305,23.463639893410004,,,4843,21.134375,0,No Defect
0.036687071148057436,93.1906445095802,205.54608367340913,39.39529171261792,21.768566692157595,poor paste transfer,Stencil thickness low,4844,21.1375,0,Open Circuit
0.04097480686337082,97.46928145343156,163.82424009593745,39.173713579479745,24.42627812796483,,,4845,21.140625,0,No Defect
0.038494931320407086,97.61488563642865,228.96061922592105,35.83237280381013,21.38706795225629,,,4846,21.14375,0,No Defect
0.0410799785925162,99.25797164084864,188.08253278228494,34.69921730078191,24.247749987751206,,,4847,21.146875,0,No Defect
0.037873722729561445,96.4640831950503,234.67871110890803,40.99705423570634,19.519851306301508,,Ambient temperature low,4848,21.15,0,No Defect
0.037519650558396504,93.54115071380492,195.70242179019192,43.777498474927434,21.091779709692364,poor paste transfer,Stencil thickness low,4849,21.153125,0,Open Circuit
0.03903342669313758,97.84313958740056,215.35942208693487,35.40274220892332,22.344319102380513,,,4850,21.15625,0,No Defect
0.03928780579015651,97.16594723443485,215.9811903861031,45.262668808505445,19.42825725314299,,Ambient temperature low,4851,21.159375,0,No Defect
0.03840210050391901,97.7302828334162,235.31932354359475,35.557309830045014,21.071769460868445,,,4852,21.1625,0,No Defect
0.039107254251877374,94.98648367612937,180.31909964540372,43.99206273831328,21.982805214281164,poor paste transfer,Stencil thickness low,4853,21.165625,0,Open Circuit
0.03981017354939093,97.27424388213264,210.8225104152406,46.6446931201568,19.346120704261782,,Ambient temperature low,4854,21.16875,0,No Defect
0.04002682541491481,96.80618638850926,184.44840404337353,40.419104223964624,22.781989842112615,,,4855,21.171875,0,No Defect
0.03991836639170561,95.7876556969013,176.41854748578407,44.25783521455596,22.15096332285795,,,4856,21.175,0,No Defect
0.03812081250405396,98.85415382182663,240.32922143343995,26.911009324112637,23.275610995950984,,Ambient RH low,4857,21.178125,0,No Defect
0.03939101658546008,98.07130060675688,218.6609382460089,38.636054254914825,21.193792170001025,,,4858,21.18125,0,No Defect
0.04108209954328226,99.69356278402753,199.79491498536817,39.45880619989242,22.120460894281358,,,4859,21.184375,0,No Defect
0.03856152060508389,96.45728589814345,214.14085178543215,40.314945460061494,20.969690269414055,,,4860,21.1875,0,No Defect
0.038677113248914034,98.63130846591507,235.74836862161644,33.308179759719614,21.690376816541605,,,4861,21.190625,0,No Defect
0.03966282468932333,98.24583811627723,216.62493734476652,42.40669312903718,20.210282598109444,,,4862,21.19375,0,No Defect
0.04048163946013926,97.78634174375857,184.41858069708638,40.84083941627833,22.64944506593731,,,4863,21.196875,0,No Defect
0.03812673493474417,96.95761972974647,230.90314134761672,36.69682126973371,20.992887538647736,,,4864,21.2,0,No Defect
0.03817450739869569,92.89022867304993,170.01845115145787,44.010135865479384,22.58850142829181,poor paste transfer,Stencil thickness low,4865,21.203125,0,Open Circuit
0.04498680380905666,103.3640240885152,169.89611958765875,45.534361536387344,22.203910588442213,Paste volume per aperture high,,4866,21.20625,0,Solder Bridging
0.04161665749580706,99.97095173797729,196.08545546694523,41.082765056949135,21.871394337328773,,,4867,21.209375,0,No Defect
0.039127931319534535,97.3799832228081,208.82594797686704,37.315257547347066,22.166478306313696,,,4868,21.2125,0,No Defect
0.0407489136439441,97.35571126369886,178.3245179228037,43.153424729660244,22.34712116174795,,,4869,21.215625,0,No Defect
0.03971274484617665,99.59898407801629,220.23642882628926,31.506108569698128,23.1650000478161,,,4870,21.21875,0,No Defect
0.044000479407626324,101.23578825077298,157.18933330049703,42.43246756828657,23.878730030538787,Paste volume per aperture high,,4871,21.221875,0,Solder Bridging
0.03849129266647894,95.88744050075667,193.47139675873098,34.76087966990494,23.84269593150413,,,4872,21.225,0,No Defect
0.04147106981972312,97.25372604315909,164.35167903147592,45.58723469944532,22.497258765030004,,,4873,21.228125,0,No Defect
0.04035669464802792,98.63883893981648,206.0650237138757,41.20039342354977,21.205310409373045,,,4874,21.23125,0,No Defect
0.040930744354898164,98.93433645205906,189.119546204208,36.21213973053638,23.707753839562866,,,4875,21.234375,0,No Defect
0.04214162031830533,100.93782507291557,192.0802128707203,35.55926095010123,23.72746312828539,,,4876,21.2375,0,No Defect
0.04063778405102627,98.02331691858713,195.51758958177302,46.05534254701534,20.4318592689868,,,4877,21.240625,0,No Defect
0.040060977655499645,98.00132601739377,204.62997766114134,40.96364126576182,21.35741602085029,,,4878,21.24375,0,No Defect
0.03839880174643558,98.01672200278057,238.9232921549952,35.57900950415074,20.810956785095065,,,4879,21.246875,0,No Defect
0.038514995972064835,98.35065531156785,247.72296158421938,40.19978888147639,18.918990919872623,,Ambient temperature low,4880,21.25,0,No Defect
0.040264021072217736,99.13154943996395,219.00581798689188,42.013490631231825,20.165379428705567,,,4881,21.253125,0,No Defect
0.04162392355542687,100.33732160604312,194.45686987281115,35.288816660009246,23.64874978767667,,,4882,21.25625,0,No Defect
0.036352804313555004,92.93013395439704,204.71400464427222,35.173817908723045,23.006160875102843,poor paste transfer,Stencil thickness low,4883,21.259375,0,Open Circuit
0.04180485228358848,100.3365924574042,199.22248423987563,43.386517194748635,20.985259724688998,,,4884,21.2625,0,No Defect
0.040017736988092585,95.54068856995521,171.36322222615107,43.66503226348982,22.60372131298352,,,4885,21.265625,0,No Defect
0.040952744553905296,97.36022985689524,179.04300417841563,47.41293166680222,21.038908801098756,,,4886,21.26875,0,No Defect
0.04121404509746834,98.61054096059465,185.43566777652617,42.73957864763744,22.013017294914167,,,4887,21.271875,0,No Defect
0.038831125818983264,95.07476501100349,184.86988834881677,40.40163540244037,22.71090279339233,,,4888,21.275,0,No Defect
0.04148199049270817,97.81551440315836,167.0962019424439,45.51851968356439,22.32380888826979,,,4889,21.278125,0,No Defect
0.04211551901128132,99.20673500755562,178.4440726105022,44.96356583599044,21.79892241748043,,,4890,21.28125,0,No Defect
0.03968386927055414,96.79460015373245,190.0149676351009,39.44931179401704,22.676876569028863,,,4891,21.284375,0,No Defect
0.041489573429310166,99.11214556911888,186.77216274299838,42.92511613699042,21.87293155990602,,,4892,21.2875,0,No Defect
0.040161416401020555,97.62310184570227,202.14758321290478,46.12653228636706,19.982270865061178,,Ambient temperature low,4893,21.290625,0,No Defect
0.03922243121506098,96.92710099422334,206.35842347286444,42.47276334936775,20.780108831871686,,,4894,21.29375,0,No Defect
0.04114755657507773,100.47618615179273,202.00578338830584,33.710899529698665,23.622733479656915,,,4895,21.296875,0,No Defect
0.04074882689914164,98.13850624355808,187.2267978359131,40.87224019875748,22.435068229646983,,,4896,21.3,0,No Defect
0.04039836061686412,98.55635003661195,202.04768830679254,41.014287839734926,21.478314275212487,,,4897,21.303125,0,No Defect
0.04295818423576388,99.20136709465244,145.25278707714142,39.12176986267959,25.53905782123758,aperture overfill,Paste viscosity low,4898,21.30625,0,Solder Bridging
0.04117085480616312,99.7449671054808,208.31186008699072,42.26858521545467,20.735675293841904,,,4899,21.309375,0,No Defect
0.040098834981617516,98.17026546023328,206.04542455437107,40.666663855907906,21.331849642665375,,,4900,21.3125,0,No Defect
0.042316560281169466,99.47490002055659,166.40250436851133,40.557949112072606,23.810020336076242,,,4901,21.315625,0,No Defect
0.04185344131730474,98.17967457980112,167.16881150839168,44.09917594423795,22.727908182247646,,,4902,21.31875,0,No Defect
0.03981301622497774,100.1920383600554,225.99146615541991,31.81452111577857,22.681579887090617,,,4903,21.321875,0,No Defect
0.0376915623749516,93.3540746943511,189.44823961074778,41.082509374844165,22.20558602757895,poor paste transfer,Stencil thickness low,4904,21.325,0,Open Circuit
0.040352676866472835,98.79171743192342,205.53812100645877,39.163641917120096,21.79653791340443,,,4905,21.328125,0,No Defect
0.04025365530284196,99.15373610690251,213.15584714770176,37.347352476518225,21.859723358472326,,,4906,21.33125,0,No Defect
0.03885936146110727,96.5887956239938,208.9003163655686,37.5777045505408,22.04319400149398,,,4907,21.334375,0,No Defect
0.04158183658816051,98.56182439393578,172.55454685969795,41.805337193532715,23.05405047689978,,,4908,21.3375,0,No Defect
0.040726318014979467,98.5052767166084,194.83564926790103,40.70379252929668,22.003048886944462,,,4909,21.340625,0,No Defect
0.04192209876330416,99.02544760806087,181.11943270697233,46.282830579171,21.222721763680944,,,4910,21.34375,0,No Defect
0.040223973971604716,98.02443669655682,199.87568439288802,42.82555030007833,21.06378703349344,,,4911,21.346875,0,No Defect
0.04083231617183539,98.19433800784687,196.90723346759466,47.350366029982006,19.930160011283565,,Ambient temperature low,4912,21.35,0,No Defect
0.03978666654610577,98.90538682087163,215.0984889848746,33.32271562846394,22.90513980911929,,,4913,21.353125,0,No Defect
0.04206979359904761,101.98731517192391,211.72634252919235,37.96068788200718,21.770972993978617,,,4914,21.35625,0,No Defect
0.03954021291393508,98.05491014184116,212.04374534160712,39.10939097199747,21.39259190919396,,,4915,21.359375,0,No Defect
0.0414092419633993,98.98039934603115,197.61097572143078,48.456498639605776,19.564498812667193,,Ambient temperature low,4916,21.3625,0,No Defect
0.03867647995142083,96.38904045444191,208.9971277639076,38.18422238368843,21.844534527135167,,,4917,21.365625,0,No Defect
0.039711621430753435,97.62256556813061,192.2939745043802,34.07794567299632,24.073166269692337,,,4918,21.36875,0,No Defect
0.03996367587134389,99.15180198053868,231.16633052856085,44.28239395740795,18.70934553278155,,Ambient temperature low,4919,21.371875,0,No Defect
0.03939922827683047,98.01331050559436,218.01744534837033,40.429330960150786,20.634107938752294,,,4920,21.375,0,No Defect
0.03936775832964159,99.49027231525021,236.00640660792826,33.7809102436572,21.47468849020421,,,4921,21.378125,0,No Defect
0.03739781767094548,90.67159698766596,162.84773031281213,49.441079436457855,21.369360847637967,poor paste transfer,Stencil thickness low,4922,21.38125,0,Open Circuit
0.03773461772618891,95.49199114202474,214.36671795226812,36.15510073595365,22.092476793139223,,,4923,21.384375,0,No Defect
0.03817951732502452,96.42520960617993,226.68825365028022,41.20490399196979,19.863006727115476,,Ambient temperature low,4924,21.3875,0,No Defect
0.040980477849020994,99.37201369538522,202.41539826865403,41.822836611646636,21.192058532410805,,,4925,21.390625,0,No Defect
0.03773563041163638,96.81227673933074,241.07994235496326,38.82717937404717,19.668806525560793,,Ambient temperature low,4926,21.39375,0,No Defect
0.03729063821285824,95.23339963827439,213.66682360069197,30.943541998485195,23.650709798705496,,,4927,21.396875,0,No Defect
0.038671563739818636,96.95158684617705,215.1386075761045,36.4387443447046,21.964250647675232,,,4928,21.4,0,No Defect
0.03851655831966474,95.27991342688632,189.27859735570354,36.364617698265505,23.568951048534682,,,4929,21.403125,0,No Defect
0.039715199674109775,97.8561247612557,201.29193226853937,37.089352729617346,22.627231974313798,,,4930,21.40625,0,No Defect
0.038065572425338166,95.74469125168012,216.86072611965818,41.22970582711035,20.44845637782319,,,4931,21.409375,0,No Defect
0.03934499306962333,97.00408762178874,196.3356927552625,35.006332839971265,23.537932991588722,,,4932,21.4125,0,No Defect
0.038650514544633606,98.08377785235629,222.88648673524233,31.525244550339735,22.91478003444242,,,4933,21.415625,0,No Defect
0.03857298112693041,97.10057688334936,216.11151488422223,34.38823770910251,22.495231787801476,,,4934,21.41875,0,No Defect
0.04310473028445731,100.12021949364211,165.97979031176374,44.95267519032125,22.520659513479675,,,4935,21.421875,0,No Defect
0.03893077839642394,96.49074290586735,206.97215205195263,39.48372323614733,21.569853063835073,,,4936,21.425,0,No Defect
0.04206192484091592,100.673446145698,195.5320044548958,37.4057456592812,22.90691831683693,,,4937,21.428125,0,No Defect
0.03931935289480809,96.81804397407736,189.10497973655544,34.755955335097106,24.04333316187541,,,4938,21.43125,0,No Defect
0.04020597766832242,99.20553894047218,211.48369533111094,37.945902311029954,21.743881382505645,,,4939,21.434375,0,No Defect
0.041044342657962946,97.15909974547498,175.48460584787358,48.64039889957614,20.83658957695515,,,4940,21.4375,0,No Defect
0.039315954739199126,95.30358578373423,178.0656220922487,42.97003871138461,22.317914917227014,,,4941,21.440625,0,No Defect
0.03729877853546655,93.64814387856154,208.32975495260058,44.2161282469294,20.08219198224183,poor paste transfer,Stencil thickness low,4942,21.44375,0,Open Circuit
0.03692866161159899,93.92941587680818,200.7832011806229,32.431582476377145,23.982257373117143,poor paste transfer,Stencil thickness low,4943,21.446875,0,Open Circuit
0.037222389276377395,94.79510205160533,225.80359032202944,42.21486320823575,19.59109528888262,poor paste transfer,Stencil thickness low; Ambient temperature low,4944,21.45,0,Open Circuit
0.0397454534649808,96.05050079373419,179.91300242274096,42.15962675277028,22.44206420605789,,,4945,21.453125,0,No Defect
0.03892131882108922,96.48661985968317,198.9540706233848,36.69957107047415,22.860256160464335,,,4946,21.45625,0,No Defect
0.041095156655103895,97.37926201756513,172.01833181847553,43.852400453358605,22.442834235113573,,,4947,21.459375,0,No Defect
0.03971942625382707,95.54723713825642,174.0003381070668,43.46020853176701,22.420955565428073,,,4948,21.4625,0,No Defect
0.03910982517461875,96.15626085219564,190.32825734051494,37.07096085679631,23.28045425851194,,,4949,21.465625,0,No Defect
0.04168728575509656,98.31961018905483,172.13114956740577,44.617039072017384,22.212317235141303,,,4950,21.46875,0,No Defect
0.0418947553332426,100.61051823500601,200.11682659724127,40.14489574742076,21.804326083298537,,,4951,21.471875,0,No Defect
0.038529076706871924,97.318230182435,224.81188261437495,37.68852391872495,20.9741556282612,,,4952,21.475,0,No Defect
0.03873734048557185,96.58602927598315,210.0264895849532,38.084183195380575,21.768853232204577,,,4953,21.478125,0,No Defect
0.04206066380987009,99.93316931131832,185.42445385314818,41.248499332352516,22.38067498536456,,,4954,21.48125,0,No Defect
0.03825180077573587,96.65071788067598,224.19721779070028,37.84908642902714,20.962378510188373,,,4955,21.484375,0,No Defect
0.04032293797312268,98.07509834354448,196.94615366948747,40.57249062212832,21.85314646113473,,,4956,21.4875,0,No Defect
0.04010477990899019,96.46681763161986,178.82628772605494,42.79893742000757,22.31128023651569,,,4957,21.490625,0,No Defect
0.041658872769555634,100.26938764264612,193.01869675433355,37.44635640322885,23.01545108057673,,,4958,21.49375,0,No Defect
0.039992436609077114,97.7895007195597,203.77575912411737,42.047343601171235,20.997450774333647,,,4959,21.496875,0,No Defect
0.04041918053338104,97.13505474546683,179.32085215032262,41.9046135272773,22.540300597527395,,,4960,21.5,0,No Defect
0.037659089107310334,95.4730843318448,223.74234264099906,41.77451406375151,19.828905222139724,,Ambient temperature low,4961,21.503125,0,No Defect
0.041845115956372456,99.73699160029462,177.8858434111562,37.25748855867354,23.99531769614355,,,4962,21.50625,0,No Defect
0.041597093357285835,99.3603348392739,179.5982376402967,36.22440764351411,24.192229027227196,,,4963,21.509375,0,No Defect
0.035790477831845136,92.91224791193191,224.1083684820413,36.07985466293902,21.455909226808128,Paste volume per aperture low; poor paste transfer,Stencil thickness low,4964,21.5125,0,Open Circuit
0.042071536352710215,98.53939174457803,164.5998557091372,45.19300040364552,22.489960732972865,,,4965,21.515625,0,No Defect
0.03757456156037727,95.18307630209677,210.5443072106888,36.417724435146894,22.196115827547406,,,4966,21.51875,0,No Defect
0.03945427762914561,97.43375573427679,198.56079019534312,34.2031538672981,23.595775097002356,,,4967,21.521875,0,No Defect
0.04009307887370111,99.09976968194844,217.10975428429802,39.97934990384569,20.771187463217583,,,4968,21.525,0,No Defect
0.039672630207116595,99.61134317149963,237.341257716281,39.87135696030891,19.557316671654533,,Ambient temperature low,4969,21.528125,0,No Defect
0.03906580239627095,95.51663381292009,182.2027493928272,39.24980354395536,23.115853520764688,,,4970,21.53125,0,No Defect
0.039884207756504766,98.33765347008493,210.70466374403932,40.13987073421991,21.11295333995374,,,4971,21.534375,0,No Defect
0.038146108476877105,96.29319995222743,208.53791087340957,32.37791423308045,23.498428160924476,,,4972,21.5375,0,No Defect
0.037715027360204406,94.96070655970377,209.99033409039097,38.828012056157824,21.52182134481867,poor paste transfer,Stencil thickness low,4973,21.540625,0,Open Circuit
0.03796102084907417,95.67875533244012,204.2678699700258,32.62667739776941,23.684840246527692,,,4974,21.54375,0,No Defect
0.039766469610507935,96.82312765835918,182.61541679390572,36.20607304535463,23.98168351646907,,,4975,21.546875,0,No Defect
0.042194078540986085,103.16252824015025,236.81779914015218,39.86318987514615,19.609962067524965,,Ambient temperature low,4976,21.55,0,No Defect
0.0399603685883206,97.63347001707521,199.22124812942445,43.23985471041968,20.90286480995337,,,4977,21.553125,0,No Defect
0.03875894411515374,98.68865390938474,234.53384012057595,33.02645076028789,21.712203802791745,,,4978,21.55625,0,No Defect
0.04084617536228422,98.87908613314609,202.77154870214542,42.212640132085674,20.99752089292219,,,4979,21.559375,0,No Defect
0.040931642850004384,96.01247785394767,165.24479525266133,50.951237530156035,20.74522641835592,,Ambient RH high,4980,21.5625,0,No Defect
0.03716402340499082,93.26706475179225,196.31083990444193,39.89558829633533,22.034461697779683,poor paste transfer,Stencil thickness low,4981,21.565625,0,Open Circuit
0.04137121525011705,98.68106704955426,181.91867029987858,42.077601752189906,22.314047185417312,,,4982,21.56875,0,No Defect
0.03876086179116927,97.35626348961407,206.06776098539308,29.51617121779767,24.479128305929677,,Ambient RH low,4983,21.571875,0,No Defect
0.03940002425137053,94.7943655366464,177.02962250314422,44.80524558715482,21.80328691793975,poor paste transfer,Stencil thickness low,4984,21.575,0,Open Circuit
0.04026617547243069,98.06950437285,205.54682655971035,43.69559743123891,20.38108699532213,,,4985,21.578125,0,No Defect
0.03990276523923386,98.47943541278599,220.12465428555956,42.6738033137132,19.780747578833452,,Ambient temperature low,4986,21.58125,0,No Defect
0.04253127641858106,102.0773635315926,202.40084545872148,39.41607594441818,21.836463942521352,,,4987,21.584375,0,No Defect
0.04194321563985405,100.45947237233389,197.0313132764546,42.051351611464646,21.39218844195369,,,4988,21.5875,0,No Defect
0.04051193807702553,98.0784023140198,191.78141369074015,42.31160897890105,21.62254659236533,,,4989,21.590625,0,No Defect
0.039002841766203014,96.41420668814366,209.16265802632267,41.90086022327881,20.669084146962383,,,4990,21.59375,0,No Defect
0.03755026234212454,93.0668169027349,180.04882215978105,36.39383961497579,24.05052339047035,poor paste transfer,Stencil thickness low,4991,21.596875,0,Open Circuit
0.03991967977188435,97.21685988637935,185.30730023100836,36.33276442253498,23.761180807513938,,,4992,21.6,0,No Defect
0.03935746692594153,99.8224740686853,245.31264718187174,35.74642599884301,20.246504093697375,,,4993,21.603125,0,No Defect
0.03909287177872747,95.81768532761144,203.26098568003343,44.805709518303416,20.180351367311765,,,4994,21.60625,0,No Defect
0.04053228848295414,97.07874241169573,183.4990807306033,44.580528851542866,21.46656306709644,,,4995,21.609375,0,No Defect
0.041019211465059005,98.4693199339597,198.56690129037025,46.108486363200406,20.100008584454727,,,4996,21.6125,0,No Defect
0.042043579797794696,102.1207760634206,216.8224303793644,37.33022924982386,21.54995299009791,,,4997,21.615625,0,No Defect
0.03941784849263537,96.12214948818564,188.89924201149267,39.699260906030716,22.54947339628599,,,4998,21.61875,0,No Defect
0.03894655149397578,96.33669931748945,208.86508483755384,43.21121538833356,20.291129810759294,,,4999,21.621875,0,No Defect
0.04029720300580156,102.43743123013746,195.31112350351003,39.000807075124314,22.362559747346555,,,5000,21.625,1,No Defect
0.03978056423235482,102.45193935072805,203.89239220563198,35.45048732251863,22.86870894357692,,,5001,21.628125,1,No Defect
0.039017058150545,102.81989939403724,234.5773855886095,36.51540332012836,20.669736148349795,,,5002,21.63125,1,No Defect
0.03932065406395414,100.5519615903067,183.95206189622564,37.6781537914514,23.431887573791236,,,5003,21.634375,1,No Defect
0.03990961963032669,100.79534936891653,188.79929155114186,44.25649652214629,21.221093819249703,,,5004,21.6375,1,No Defect
0.03982479131817813,102.33959325172286,206.7336328040995,39.018225674252314,21.647627444587027,,,5005,21.640625,1,No Defect
0.03726104852803575,97.9211824084375,205.4264669999925,41.609918081203375,20.950348657969542,,,5006,21.64375,1,No Defect
0.03755499501342002,97.42961556831798,183.8503497964537,40.619450674076596,22.56123123128444,,,5007,21.646875,1,No Defect
0.04069657074887251,102.02638833511666,188.05371704292276,43.821814142028984,21.395564017842045,,,5008,21.65,1,No Defect
0.039532205715037204,104.04221778101807,246.8765915669533,40.74112607270407,18.674560050619395,,Ambient temperature low,5009,21.653125,1,No Defect
0.04052858116592717,103.05725773394632,201.3406229511383,40.18071486406393,21.63799076755946,,,5010,21.65625,1,No Defect
0.039450424279470375,100.00512317715042,180.26291898680117,42.01328560649618,22.385300071996248,,,5011,21.659375,1,No Defect
0.0405222936954428,102.26627312295484,184.53384509773457,37.83847929072781,23.351813517808303,,,5012,21.6625,1,No Defect
0.038110600220337715,101.79745762411837,232.9231033115758,32.668403076370595,21.873813272022133,,,5013,21.665625,1,No Defect
0.04141751624129028,103.04386358055687,185.38155399876703,43.53459874743009,21.642097293241225,,,5014,21.66875,1,No Defect
0.04082563788422411,102.5129194042251,188.51420413476168,43.18781627727807,21.542389495215158,,,5015,21.671875,1,No Defect
0.03904321411859538,101.78784940198113,208.8358738489124,34.835509654583,22.719932507772793,,,5016,21.675,1,No Defect
0.040659164742819526,102.37976074405627,202.6316890562884,46.689223627459384,19.655451422454394,,Ambient temperature low,5017,21.678125,1,No Defect
0.03820555094774456,100.97260185309618,225.99448923702008,38.50678790051867,20.587938585368377,,,5018,21.68125,1,No Defect
0.0402454781267793,102.7011115353927,213.88618084230964,43.934274115874956,19.763717962179925,,Ambient temperature low,5019,21.684375,1,No Defect
0.040495245015656545,102.26722293222389,191.13051664736648,42.17584897457621,21.668998163345215,,,5020,21.6875,1,No Defect
0.038959977335521,98.79181363453691,169.7951411277482,42.560526885969324,22.848798024615267,,,5021,21.690625,1,No Defect
0.04165507178330334,103.65389288753478,190.7533356698316,42.233388884209404,21.689047116976177,,,5022,21.69375,1,No Defect
0.03857403227924481,99.98478388998409,204.532410395376,41.66577360805807,20.97900085637256,,,5023,21.696875,1,No Defect
0.03762914550304348,99.86305269438434,225.59774445270037,39.35990028190986,20.35338403800686,,,5024,21.7,1,No Defect
0.03848211324249951,100.59307612570508,221.05372651731795,42.09897418879235,19.838631707434196,,Ambient temperature low,5025,21.703125,1,No Defect
0.043434543792528965,105.75742850561537,173.8085763605588,40.88570029868662,23.129152597086627,aperture overfill,Stencil thickness high,5026,21.70625,1,Solder Bridging
0.04222057422419713,106.2113053974176,208.54491799526812,39.8951787891606,21.27270124269078,aperture overfill,Stencil thickness high,5027,21.709375,1,Solder Bridging
0.0384640883912506,102.0309978086327,241.48333587209896,39.11202657683689,19.45479376641952,,Ambient temperature low,5028,21.7125,1,No Defect
0.04006954120464468,103.4156228750077,209.32355345211747,34.4920393304114,22.784587140359907,,,5029,21.715625,1,No Defect
0.04121896303393845,102.27451126244974,181.49424406322765,45.531202568463826,21.278230557203173,,,5030,21.71875,1,No Defect
0.04011077693737025,99.67789297564684,161.5799644386217,43.803730268665674,22.99276851835154,,,5031,21.721875,1,No Defect
0.035527981386739044,94.57205628917114,200.7730789620737,44.90596633666062,20.23045014748989,Paste volume per aperture low; poor paste transfer,Stencil thickness low,5032,21.725,1,Open Circuit
0.04164392244046004,103.21009325338377,182.10884691651646,43.70288852814851,21.773847151668274,,,5033,21.728125,1,No Defect
0.04051161254453547,103.61436383377666,208.6136481425101,37.4883838236556,21.953150262130173,,,5034,21.73125,1,No Defect
0.03600320472795848,98.46698220241215,227.7324275171135,31.938825936216283,22.360719918679806,,,5035,21.734375,1,No Defect
0.04018283877023611,103.18872882404473,205.24012687685578,36.064618223649966,22.568863379189672,,,5036,21.7375,1,No Defect
0.039678607802632375,100.5583799128434,189.75049889816694,44.64123655754415,21.009566245552165,,,5037,21.740625,1,No Defect
0.038138406238814926,99.54086855485009,204.40524623074873,39.91277751036616,21.47755727879667,,,5038,21.74375,1,No Defect
0.039019367800844626,100.58344655094423,199.80463380579698,38.14503527922391,22.286326131635256,,,5039,21.746875,1,No Defect
0.039459971071924664,100.1943380135573,185.07745978085578,41.058034375373154,22.339958695210402,,,5040,21.75,1,No Defect
0.03846013590180452,100.66540558244708,208.23361523745777,34.91472194361777,22.703922624399173,,,5041,21.753125,1,No Defect
0.04040824823029733,101.95037585856434,187.90820204612385,38.9879389069663,22.778091821398554,,,5042,21.75625,1,No Defect
0.04119570368391816,104.13111650283078,192.6025819739834,34.163982545956074,23.90139847800854,,,5043,21.759375,1,No Defect
0.03664127449097183,99.8887765790744,250.02242086475889,40.797818007678934,18.399556043187776,poor paste transfer,Paste viscosity high; Ambient temperature low,5044,21.7625,1,Open Circuit
0.04020406259627217,104.01426758547657,220.1938078184511,35.406581689107384,21.83623425020013,,,5045,21.765625,1,No Defect
0.04196998798676741,104.027053727303,180.27624748919467,40.38753330251102,22.84165081411248,,,5046,21.76875,1,No Defect
0.04029265569301436,102.09125181513718,203.96925511977648,45.59855681353555,19.85391312119052,,Ambient temperature low,5047,21.771875,1,No Defect
0.040981177408689964,103.52027234937033,198.07234296562945,41.00853171216706,21.557170406012254,,,5048,21.775,1,No Defect
0.03837872957289125,99.19950251094461,197.8509860861278,40.85942485466075,21.596820499985846,,,5049,21.778125,1,No Defect
0.04183877763190318,104.31414792926329,187.00555205849506,40.77165162526133,22.30871225321851,,,5050,21.78125,1,No Defect
0.04177026328945725,100.88860626638083,148.72241310987206,49.76826536363721,22.03044620022159,aperture overfill,Paste viscosity low,5051,21.784375,1,Solder Bridging
0.03745395740142955,101.106585961545,250.62474557843615,36.62689240533521,19.587363546480017,poor paste transfer,Paste viscosity high; Ambient temperature low,5052,21.7875,1,Open Circuit
0.04107423755928552,102.7236940764435,183.1000438933557,41.352429703626065,22.371084653008857,,,5053,21.790625,1,No Defect
0.03962213483921295,102.75834751378684,227.9823232998054,43.40933747148977,19.005501664864973,,Ambient temperature low,5054,21.79375,1,No Defect
0.039101821763997166,99.85805118452873,195.82935381665627,44.73920625585665,20.585776237138177,,,5055,21.796875,1,No Defect
0.03942680525517309,100.65356694824533,195.49004122610322,42.19752333878996,21.349798164313892,,,5056,21.8,1,No Defect
0.04316097721057487,104.41454292332163,170.7897961275594,48.91050644315936,20.931871744091104,,,5057,21.803125,1,No Defect
0.03825653146427677,99.9358276835718,202.5260664844927,38.27710649173084,22.046812513192652,,,5058,21.80625,1,No Defect
0.041547554450783064,104.28857529806918,198.98071994631445,41.2496271027018,21.42575875734134,,,5059,21.809375,1,No Defect
0.038564902863895224,102.88886340132063,233.31407748408395,31.042153734646227,22.272765551665316,,,5060,21.8125,1,No Defect
0.039450888386526925,101.6423212415566,202.7917297538523,37.471643578669244,22.276369123718972,,,5061,21.815625,1,No Defect
0.0382825119283435,101.0019994110295,221.93803877165294,36.0824553491934,21.498316500277152,,,5062,21.81875,1,No Defect
0.037878155071730535,99.4746807370867,206.54710370914214,37.77304272628818,21.941452340620334,,,5063,21.821875,1,No Defect
0.039811866491965824,99.47175874072575,174.27246963108635,46.85217629492505,21.2871862732307,,,5064,21.825,1,No Defect
0.03869801226277817,99.5821328673656,203.12953583585707,43.27113221599329,20.55621021316206,,,5065,21.828125,1,No Defect
0.04257504319753588,105.47526950421084,189.8198431442258,41.72767767362739,21.845827870919557,aperture overfill,Stencil thickness high,5066,21.83125,1,Solder Bridging
0.040404669343296895,102.76294776630532,203.7840222811466,41.87125241254562,20.930767552520816,,,5067,21.834375,1,No Defect
0.0396610198790709,101.51019166987979,192.044463849682,36.26373334506211,23.281864708358242,,,5068,21.8375,1,No Defect
0.0417123301896772,103.06437896899085,177.66945554192188,41.85041715625787,22.55106063337733,,,5069,21.840625,1,No Defect
0.04025992533818981,101.67585023956526,182.88474941209407,38.996777384904675,23.047252467514305,,,5070,21.84375,1,No Defect
0.037273535078088255,96.6266917405553,180.5369645544449,38.678740845692644,23.264041387331876,,,5071,21.846875,1,No Defect
0.04196363382072432,103.89491512141085,181.80319856134096,41.41515496228386,22.42071108226769,,,5072,21.85,1,No Defect
0.04071481728299688,102.60261379818394,187.62536571952862,38.133398853722426,23.011454927221664,,,5073,21.853125,1,No Defect
0.03929341540613547,101.03868379246443,198.45296328683705,38.59294665425353,22.19922702400869,,,5074,21.85625,1,No Defect
0.04040137933498822,103.68892825317558,217.23543695981496,40.9475457222322,20.36558448202546,,,5075,21.859375,1,No Defect
0.03911535814571712,102.02465878284163,222.3382476306062,38.555068449490896,20.743436477832358,,,5076,21.8625,1,No Defect
0.03835889980622623,101.04239872944973,220.71253253400218,35.22020252480289,21.81109728966586,,,5077,21.865625,1,No Defect
0.043795652593245436,106.11302095880762,189.07510492880968,48.90757447257222,19.79880507827504,aperture overfill,Stencil thickness high; Ambient temperature low,5078,21.86875,1,Solder Bridging
0.03559198935352911,97.6465877266028,237.19889099303546,37.983691254376616,19.96380983034304,Paste volume per aperture low,Ambient temperature low,5079,21.871875,1,Open Circuit
0.04180730625144621,103.1624090941312,175.92984071498813,42.37112803100185,22.492563766581174,,,5080,21.875,1,No Defect
0.04273023787281796,104.84332386035194,186.9191613193088,47.423872438123745,20.346511896164365,,,5081,21.878125,1,No Defect
0.04211522917619596,104.82199376911551,186.4636685391726,38.47083077752804,22.983158352631214,,,5082,21.88125,1,No Defect
0.0427941382094665,105.9048204185306,192.780384265466,42.31458368839236,21.476197589963817,aperture overfill,Stencil thickness high,5083,21.884375,1,Solder Bridging
0.03869665893599768,100.41645721329643,219.1899847794444,44.643888734048886,19.14818933059742,,Ambient temperature low,5084,21.8875,1,No Defect
0.037487757643954574,100.71926967578341,231.28218483632645,32.90896357719818,21.81895512490833,,,5085,21.890625,1,No Defect
0.039725040929717785,102.03852566347284,208.9741643655064,40.26890124000253,21.056325933128065,,,5086,21.89375,1,No Defect
0.040420836822221945,103.59980174459416,207.22540449899526,32.28194942876385,23.505456237060418,,,5087,21.896875,1,No Defect
0.04161359083296481,103.91919698464064,192.98428359449468,41.42142684623198,21.71387224256278,,,5088,21.9,1,No Defect
0.041483926416921814,103.60134733796664,205.1443521227775,47.13941387355812,19.299261299408464,,Ambient temperature low,5089,21.903125,1,No Defect
0.0379574294928416,101.14984867435807,221.18013721629154,29.138697479243767,23.54017354367239,,Ambient RH low,5090,21.90625,1,No Defect
0.040462366058096465,101.72747568641829,182.40718237258497,40.06496014102727,22.74522235487505,,,5091,21.909375,1,No Defect
0.04258714402650715,105.52291117585906,190.52938543975924,42.63702079186155,21.506827368955513,aperture overfill,Stencil thickness high,5092,21.9125,1,Solder Bridging
0.03831466911546457,100.69073047988024,220.5562833722849,38.26065904567805,20.913933536111575,,,5093,21.915625,1,No Defect
0.04015037964995462,101.71993575728678,201.6401831630904,46.41379443581773,19.704538924922307,,Ambient temperature low,5094,21.91875,1,No Defect
0.04074084082998487,104.43316133936742,208.12529273557328,32.179537138511186,23.469397395951827,,,5095,21.921875,1,No Defect
0.040061923060590005,102.0317210952172,196.69616885285348,38.88179273273656,22.20594072507118,,,5096,21.925,1,No Defect
0.041972284050192925,103.38088552888208,191.66149365178606,53.0808349371159,18.37898540199073,,Ambient RH high; Ambient temperature low,5097,21.928125,1,No Defect
0.04108269501689178,105.73909786676796,225.3975439373138,34.20633324477332,21.81747847748821,aperture overfill,Stencil thickness high,5098,21.93125,1,Solder Bridging
0.038255565868445404,100.45043363367569,217.1767163130003,38.885321307937346,20.929875582152377,,,5099,21.934375,1,No Defect
0.04023159775711831,104.53196669644336,232.6568707876756,38.77136811131098,20.026681975504857,,,5100,21.9375,1,No Defect
0.03718998126365891,96.85715089870439,202.12958795140145,47.14259795583817,19.433634238082373,,Ambient temperature low,5101,21.940625,1,No Defect
0.040427285924787,103.1780122419895,210.63983961647375,43.205998463294385,20.080068325371922,,,5102,21.94375,1,No Defect
0.03858953113665792,101.88602257540701,225.35314232514799,34.63264983473731,21.668865458568934,,,5103,21.946875,1,No Defect
0.03705521185821123,99.04587460169692,215.80192998984126,35.02974704170194,22.122947737181917,,,5104,21.95,1,No Defect
0.04053673580282097,104.35116411496679,210.87185594841296,31.77405688594916,23.40623808670631,,,5105,21.953125,1,No Defect
0.04054357930881024,104.01251650822849,220.67662066505363,40.50174342775412,20.25440473045743,,,5106,21.95625,1,No Defect
0.04057584548450744,100.68552304628079,168.79687466038823,44.227769367431435,22.34764309808555,,,5107,21.959375,1,No Defect
0.03839224018574037,98.76405769229115,188.35483922518299,43.08647808049968,21.458663616845257,,,5108,21.9625,1,No Defect
0.04204183179376966,106.13558336431588,212.76397601371897,37.54727392999823,21.61267767993084,aperture overfill,Stencil thickness high,5109,21.965625,1,Solder Bridging
0.040339149670162805,101.24313356003658,178.24232390033242,41.1347310711842,22.66556399346864,,,5110,21.96875,1,No Defect
0.03943856594536491,101.37299518838437,207.14828500338373,41.356671254998346,20.82107732809984,,,5111,21.971875,1,No Defect
0.03868622387754424,99.7018179925648,212.7764264556208,48.3029126903745,18.441328017800277,,Ambient temperature low,5112,21.975,1,No Defect
0.042928995996808564,104.71094120367937,176.90459838107353,44.9597928577554,21.64941519444172,,,5113,21.978125,1,No Defect
0.03730062902343382,99.3871442547562,218.63867161879992,37.83644464102041,21.11872412388573,,,5114,21.98125,1,No Defect
0.043393281371818714,104.79110069719736,177.75868978390162,51.34479004240084,19.733941449274496,,Ambient RH high; Ambient temperature low,5115,21.984375,1,No Defect
0.03910988093171907,101.88310768350716,227.32675265942902,42.44752229002765,19.25702322605904,,Ambient temperature low,5116,21.9875,1,No Defect
0.03957080204987727,103.70444902461296,237.05447111643852,39.663219202686186,19.471963311727983,,Ambient temperature low,5117,21.990625,1,No Defect
0.04006838877330063,102.6398061925235,213.54990101175292,41.913981725046526,20.26351191578927,,,5118,21.99375,1,No Defect
0.040636294819749584,99.51281895433601,158.2562141075631,48.013310461173944,21.880446883522865,,,5119,21.996875,1,No Defect
