Paste volume per aperture,Stencil thickness,Paste viscosity,Ambient RH,Ambient temperature,mech causes,root causes,board_number,hour_of_day,stencil_batch,Defect
0.04099353411519558,102.54969301158295,194.28466720920775,45.829316361491735,20.65284163183068,,,0,6.0,0,No Defect
0.03953167621065988,103.66512639795208,240.96987659561745,36.841991839845825,20.408740169291345,,,1,6.005,0,No Defect
0.03907306589795521,100.13645922629372,199.2868339457779,38.564983160415835,22.46491841599924,,,2,6.01,0,No Defect
0.03887530516401995,99.11663514891185,190.21187936127166,41.57637566393147,22.140503157970983,,,3,6.015,0,No Defect
0.04293160974775978,104.35169293521076,173.75200348846354,42.21834191542263,22.998722105412682,,,4,6.02,0,No Defect
0.040221868807954225,100.25332522578178,177.67335743519274,44.11401527194502,22.18329759999179,,,5,6.025,0,No Defect
0.03879645860105954,103.33502623350184,246.51874329609768,31.718240119950032,21.571062673053966,,,6,6.03,0,No Defect
0.03755805263809611,99.6295056282869,208.78645279051557,28.0817713279545,24.93990741313856,,Ambient RH low,7,6.035,0,No Defect
0.0414770904668397,103.48979102713852,191.48898334409964,40.32970489604422,22.456575598325507,,,8,6.04,0,No Defect
0.03856015824326647,99.62438576052277,209.0468440212157,43.875004647239024,20.322097893704214,,,9,6.045,0,No Defect
0.04064823697458536,101.82407980868503,182.50062704061958,40.350205170264175,22.997364876861013,,,10,6.05,0,No Defect
0.04186275861788143,102.35553788304455,166.73153623156983,43.92746879365416,22.933119555018077,,,11,6.055,0,No Defect
0.03904154945145811,100.51530949711514,195.63623367352878,34.023963280913804,24.034902231131053,,,12,6.06,0,No Defect
0.042712768961001346,104.35472037884422,185.15836267174757,47.19392027663532,20.86076301102342,,,13,6.065,0,No Defect
0.04072286819487154,104.78106876642808,225.4376538900144,38.2882843981567,20.97288592704235,,,14,6.07,0,No Defect
0.04164398008897283,103.52306109768466,187.21948584034752,40.66596450906588,22.63656744760617,,,15,6.075,0,No Defect
0.039560609430206735,101.84481322455368,221.03493942058716,42.86026625700813,19.909346223400263,,Ambient temperature low,16,6.08,0,No Defect
0.03899637902943015,102.11772538634553,228.45788231361885,36.601574839402254,21.278735877932363,,,17,6.085,0,No Defect
0.04019417577798449,103.39398255093283,213.17460073632157,34.49166871540215,22.843293153242733,,,18,6.09,0,No Defect
0.03707265834836184,99.26325666998211,229.97086933012793,36.77829319551514,21.122147945698522,,,19,6.095,0,No Defect
0.03716895701611914,98.282734234185,210.44262490342706,35.80722046241942,22.608591586979756,,,20,6.1,0,No Defect
0.04080818778383021,105.38188934976041,233.33712532176327,36.30253623672693,21.088289899354134,,Stencil thickness high,21,6.105,0,No Defect
0.036162048836140624,97.86575245043541,228.892713569216,39.373408848232636,20.423778296285544,,,22,6.11,0,No Defect
0.04060315891975043,102.29188560069463,186.45090632397515,38.293758642754874,23.38337232297473,,,23,6.115,0,No Defect
0.041582232398316786,101.95680012529108,179.57126137790522,47.37413826564994,21.171862183647363,,,24,6.12,0,No Defect
0.04438137785861538,104.63209588479606,142.81053735579707,45.972617625427866,23.85622956248204,Paste volume per aperture high,Paste viscosity low,25,6.125,0,Solder Bridging
0.03689834281827763,98.74046879218378,217.29377292295945,33.31954182173445,22.92273460507709,,,26,6.13,0,No Defect
0.043100198974329346,103.66050817658176,158.42292672160775,45.75397112367509,22.95494265369081,,,27,6.135,0,No Defect
0.040454968322322496,104.15272406871097,211.6392921119366,31.355332623052913,23.876676753524595,,,28,6.14,0,No Defect
0.041563812286084335,101.4417512167702,153.76263984909497,41.530574327430664,24.46669329356418,,,29,6.145,0,No Defect
0.04050103906023709,102.75488261506563,198.40876821940913,37.50472770377201,22.898083542314843,,,30,6.15,0,No Defect
0.03857114499406767,103.10505396799822,251.95081851092988,32.929638232272865,20.940313966239604,,Paste viscosity high,31,6.155,0,No Defect
0.03805042903457443,100.96454149141302,238.8921394282206,38.39716846751904,20.142500938157966,,,32,6.16,0,No Defect
0.04082564978373828,103.79021130062704,223.86395160912232,44.72017070421535,19.24154189420896,,Ambient temperature low,33,6.165,0,No Defect
0.03822078165795346,98.72706437130374,196.37344886852972,40.61930608456772,22.104587643899183,,,34,6.17,0,No Defect
0.04165454270318935,103.4024862225012,198.06847792732506,46.46630706076716,20.32531940449227,,,35,6.175,0,No Defect
0.04125146797408532,101.6925515122074,165.58586865363412,40.8735525059119,23.9471639439882,,,36,6.18,0,No Defect
0.04142815308331058,103.86494412792025,198.27709116584396,38.79022465832742,22.557511886732144,,,37,6.185,0,No Defect
0.03910687498003812,102.11862234156868,225.6145952386955,35.5252820441772,21.81867167456573,,,38,6.19,0,No Defect
0.04077071683908655,101.1689079324993,177.36271537072963,44.07042986528577,22.29600242771618,,,39,6.195,0,No Defect
0.04071565093592926,103.28110844295423,213.63193249182555,44.32678738830374,19.995837286632508,,Ambient temperature low,40,6.2,0,No Defect
0.03812415014633323,100.62091927177913,228.25158581419015,38.87373286008828,20.67394707203374,,,41,6.205,0,No Defect
0.041141902631476386,104.56788161529778,221.13834251646057,42.1145367701856,20.190330817134225,,,42,6.21,0,No Defect
0.041518100115271746,102.07865661556772,171.19428899637805,42.48446225921028,23.15403710277074,,,43,6.215,0,No Defect
0.04462981019783392,103.54556288072189,132.05714430672577,50.82275979358396,23.15084063008942,Paste volume per aperture high,Paste viscosity low; Ambient RH high,44,6.22,0,Solder Bridging
0.04217813316027097,103.99284218289598,177.19918499779595,37.535359422270304,24.240892474188122,,,45,6.225,0,No Defect
0.03853911115515355,100.58259385008569,215.74739415445154,37.004905482765,22.004527774044284,,,46,6.23,0,No Defect
0.0412679730809485,99.94503577804747,150.71941333542847,47.114342448943596,23.066271979087965,,,47,6.235,0,No Defect
0.03841478970176419,99.95923260260932,213.2362968549487,41.49908509491468,20.84633146092793,,,48,6.24,0,No Defect
0.0393309262734546,100.33339095561412,190.80234219766137,40.80355212706592,22.432542490216406,,,49,6.245,0,No Defect
0.03747796350005302,100.57057371985347,252.70053232509434,43.23300510742784,17.916480707174866,,Paste viscosity high; Ambient temperature low,50,6.25,0,No Defect
0.03903142870357905,102.64633751806609,227.96306539461608,33.35217260612874,22.334183227548408,,,51,6.255,0,No Defect
0.03814594160374905,99.76935142159829,189.81861280271647,25.51151212384955,26.961594580619185,,Ambient RH low; Ambient temperature high,52,6.26,0,No Defect
0.03750416783549685,101.66622668391976,241.78418106421103,26.87323403293055,23.372512458873924,,Ambient RH low,53,6.265,0,No Defect
0.04288285359562716,102.43675191082724,157.37910210377726,51.47009754698523,21.413922691885237,,Ambient RH high,54,6.27,0,No Defect
0.04092430538499389,102.93177586972466,192.7907241470754,38.46402942090503,23.024879334724954,,,55,6.275,0,No Defect
0.04022705887176724,102.92880962418914,222.9439101327226,42.09654034811071,20.11549576079593,,,56,6.28,0,No Defect
0.03609540857065367,97.57611922567581,230.6039051472455,38.516025320566825,20.656061231678834,,,57,6.285,0,No Defect
0.03958371116545062,100.54998116504724,188.97998711286243,40.10981062870473,22.77248419445255,,,58,6.29,0,No Defect
0.03861403320709838,101.66980618593787,230.87497513600766,37.9798487535708,20.81932800613741,,,59,6.295,0,No Defect
0.03834183338710023,99.2057413502399,206.48312389256972,43.2180481535988,20.787139702651512,,,60,6.3,0,No Defect
0.0402346797594899,103.85527551921794,219.91150622017395,35.20233619130133,22.320870776756912,,,61,6.305,0,No Defect
0.03956459122347944,102.91594847822888,231.4006810427853,40.24342797035492,20.141046765743905,,,62,6.31,0,No Defect
0.04004201215746683,102.76658365639895,211.29573754241605,37.40937896632823,22.208894355017442,,,63,6.315,0,No Defect
0.04019401259189489,102.78725585075574,204.7866669527274,38.49078562640291,22.291271832804068,,,64,6.32,0,No Defect
0.03757136413010698,101.00952588091482,247.42559202293296,37.4745227415022,19.958093206840502,,Ambient temperature low,65,6.325,0,No Defect
0.03997550384552021,100.32688716986965,182.54801890062058,41.951997951443325,22.655449880050856,,,66,6.33,0,No Defect
0.03970585391109159,100.16403828002628,183.2224228175257,41.554948060850535,22.72725347037084,,,67,6.335,0,No Defect
0.03835538406092813,100.41780306925284,219.10138958593885,37.60665488664833,21.67319698816251,,,68,6.34,0,No Defect
0.0404641493055838,99.98561452538779,157.1788387959268,38.93486648184951,25.103247675164354,,,69,6.345,0,No Defect
0.04062188136017747,104.53004379049857,231.26756132330732,39.09560390169917,20.514295136890393,,,70,6.35,0,No Defect
0.037994727713686685,99.66074923431596,212.73133722814353,37.26448022281212,22.165783615152414,,,71,6.355,0,No Defect
0.04103880365876115,105.03093404423876,222.4256499361692,36.81710925834873,21.728242004515213,,Stencil thickness high,72,6.36,0,No Defect
0.0391974735889508,101.22516591811576,210.69302775584794,38.62362873094204,21.909050670488327,,,73,6.365,0,No Defect
0.040049025569631996,102.48649906950553,220.00813232903386,44.9125682608908,19.50889296964264,,Ambient temperature low,74,6.37,0,No Defect
0.03846514141519897,101.46402739655213,230.56847452364838,39.3443828654543,20.47289284073327,,,75,6.375,0,No Defect
0.03832037743957214,99.1094412597376,185.48911361794708,31.83673871954094,25.43776658089423,,,76,6.38,0,No Defect
0.04030081960957165,102.50069606324274,217.9547533923037,47.10965423866521,19.002718322199197,,Ambient temperature low,77,6.385,0,No Defect
0.038202979278593986,100.62802404300018,214.1811669359343,34.486939239904686,22.901866225233736,,,78,6.39,0,No Defect
0.039061548752820384,98.17573165875051,181.99201260531538,48.52053207105244,20.794401998352917,,,79,6.395,0,No Defect
0.03681080504024253,97.59646391361008,211.99642747461604,38.29565868762276,21.922630582254513,,,80,6.4,0,No Defect
0.04124583254308944,101.32603701997193,167.9501649678565,44.201674110891645,22.93786039769564,,,81,6.405,0,No Defect
0.04142338134312446,101.41693581907202,155.58354407346093,41.33620006887673,24.53343950742517,,,82,6.41,0,No Defect
0.03850286748560453,102.51258901383962,243.55383455713132,35.775859862108305,20.740217938482783,,,83,6.415,0,No Defect
0.04412193482665363,108.4350044501857,202.6417413189706,39.8874527681891,22.097205753409277,Paste volume per aperture high,Stencil thickness high,84,6.42,0,Solder Bridging
0.04273755465854605,102.96733389522223,164.63279666732836,49.703132656893736,21.55446484282573,,,85,6.425,0,No Defect
0.03763323091902629,96.25151580094168,174.66816819879224,43.41513072868102,22.73693069232709,,,86,6.43,0,No Defect
0.04014820534437904,104.26957126725722,222.08170057090342,28.277751158361454,24.276332675662545,,Ambient RH low,87,6.435,0,No Defect
0.040768212710823405,102.39490454507452,178.8706347178115,33.684817250268665,25.35136319872027,,,88,6.44,0,No Defect
0.04133948775012573,103.56425843681818,190.63809617435498,36.463012969344256,23.826802884963048,,,89,6.445,0,No Defect
0.039874628453662866,102.98228959470352,213.30409780161511,34.32986020612256,23.04720939657548,,,90,6.45,0,No Defect
0.0384140854391025,99.9270945698813,202.47472158842834,34.21618025411532,23.73820684755328,,,91,6.455,0,No Defect
0.04392986878811658,105.65336752736835,166.05474684889677,42.14530530135502,23.701926598183714,,Stencil thickness high,92,6.46,0,No Defect
0.03955801373037905,102.15102793906357,221.15258286962475,39.594368226049326,21.03666653517656,,,93,6.465,0,No Defect
0.03944983801466913,97.66517191578907,146.78458526570193,42.791280896715165,24.661228375236327,,Paste viscosity low,94,6.47,0,No Defect
0.039501874871669174,102.03646222595701,217.65022789656925,43.02418108352671,20.244969230592186,,,95,6.475,0,No Defect
0.03974413756825866,99.97812718318636,171.1855954905957,37.25337995970469,24.79138997324339,,,96,6.48,0,No Defect
0.03715518961482701,97.8528800704936,200.73064430720476,37.299521843155766,22.94354003051632,,,97,6.485,0,No Defect
0.03998405301904877,103.87134165391528,230.64677084672235,34.71845890619359,21.893935978219464,,,98,6.49,0,No Defect
0.04107793488503667,101.18579098572113,169.49407545797717,42.40096349039795,23.41342277398633,,,99,6.495,0,No Defect
0.04185255238777152,106.38172731355908,214.7592057553159,32.37673800169013,23.567808971284293,,Stencil thickness high,100,6.5,0,No Defect
0.03902564546588021,99.79994793204393,189.23629455952596,37.73908210596978,23.549263048635353,,,101,6.505,0,No Defect
0.04054097126379586,102.1274180729004,193.1997997027436,38.68628052331376,23.046790047731673,,,102,6.51,0,No Defect
0.04151094336375861,103.92324714597635,191.79600296227926,36.96485675615899,23.642799462164188,,,103,6.515,0,No Defect
0.036660833823987604,99.13766666824577,231.54046831772686,33.17118160490551,22.274875917299198,,,104,6.52,0,No Defect
0.03638985132586807,95.60750470385454,194.6548685503602,41.291666242488176,22.16803580392256,,,105,6.525,0,No Defect
0.04127732094939442,100.44113678023238,156.22335057988786,44.43240363308417,23.65386602023107,,,106,6.53,0,No Defect
0.04009480743941422,100.46044004743366,179.1279336779255,42.681923315477704,22.746975134423195,,,107,6.535,0,No Defect
0.04167156224179059,101.63142159521938,168.2423823802821,48.98399435555551,21.58895983178647,,,108,6.54,0,No Defect
0.038406039735836735,100.9278130570094,222.29439375722728,36.33127249888354,21.946184253026935,,,109,6.545,0,No Defect
0.04017319802014966,101.59353104618371,203.81946590086233,45.03405339217069,20.55592890317536,,,110,6.55,0,No Defect
0.03917615833044992,100.09767869709046,193.28109753151003,39.56118340828386,22.793857758490955,,,111,6.555,0,No Defect
0.04057961144112194,105.34638945795635,243.83691407491716,37.10227367205539,20.426380230084867,,Stencil thickness high,112,6.5600000000000005,0,No Defect
0.03918376232646042,97.77612562408461,157.7349837460788,39.05431956599342,25.13304592199262,,,113,6.5649999999999995,0,No Defect
0.04003684068182976,104.20302366395258,235.99783009013163,35.937403641421696,21.247445221075473,,,114,6.57,0,No Defect
0.03557725836983916,97.58160765426791,243.66118004327282,35.02929917228442,21.012728870488946,Paste volume per aperture low,,115,6.575,0,Open Circuit
0.04067706492089675,101.70156162605274,190.95908782535966,47.26082123457427,20.707921452551293,,,116,6.58,0,No Defect
0.04049649404811233,101.45391015628286,180.91640905611226,40.100562756369904,23.418776603171672,,,117,6.585,0,No Defect
0.04014314771935246,101.07223585415831,192.63971155336216,43.67591685123858,21.65709352525984,,,118,6.59,0,No Defect
0.038979858559496434,100.22024312689751,195.30125954552824,35.66981395999183,23.826006994178027,,,119,6.595,0,No Defect
0.041514138485671176,101.77355371145568,176.04574434171576,49.25496417756992,21.059470248029,,,120,6.6,0,No Defect
0.04375399141685114,104.23425890127508,147.1312099097581,39.72920548557728,25.642184308591414,,Paste viscosity low,121,6.605,0,No Defect
0.04130887070452652,102.86700368289844,190.96868669843116,41.05309314452424,22.54818628788976,,,122,6.61,0,No Defect
0.04025846989041881,102.06361420557278,205.40967027604725,43.13024223217508,21.04588284437277,,,123,6.615,0,No Defect
0.03841888270363456,100.76715176440361,234.84512956859714,45.191599907900866,18.62422448369656,,Ambient temperature low,124,6.62,0,No Defect
0.038977459748875565,99.13161132890099,186.7897545714186,41.415711433480816,22.68419280449481,,,125,6.625,0,No Defect
0.03661471021473893,100.5497212819846,255.44380359115715,30.60019444041157,21.6151927363999,,Paste viscosity high,126,6.63,0,No Defect
0.0366899341416179,99.5637200617634,242.20751790191972,32.38523966528457,21.911377337639355,,,127,6.635,0,No Defect
0.03932835907315512,103.46967865073255,237.04200181359724,31.39170142129845,22.54229477883318,,,128,6.64,0,No Defect
0.03945449476541067,97.04202799693343,149.10939327650212,46.828240902038154,23.42981426967307,,Paste viscosity low,129,6.645,0,No Defect
0.04369830605125814,107.02181321836365,192.96530678852722,38.362803490948494,23.249627620003828,,Stencil thickness high,130,6.65,0,No Defect
0.040118449482635384,101.77236351875533,199.21596079425916,40.277728247058825,22.277655027646038,,,131,6.655,0,No Defect
0.038852553785770245,99.66426435557341,197.36163051192204,39.477591777699274,22.61929707970055,,,132,6.66,0,No Defect
0.04021288312696325,101.4611630613775,203.89250269004174,42.568969948193235,21.335407446577236,,,133,6.665,0,No Defect
0.04249243582386599,101.00962299937558,136.73652712083265,47.18701491076127,24.12089097824952,,Paste viscosity low,134,6.67,0,No Defect
0.03844420093567883,98.40698942533575,201.68790568533768,48.869133402958624,19.61277842629025,,Ambient temperature low,135,6.675,0,No Defect
0.04144349785739717,101.37642632163096,162.5020374040497,43.78537709502977,23.527714024085004,,,136,6.68,0,No Defect
0.04142614874201329,102.6919624197028,181.69672071751705,41.96974769068182,22.88211612988836,,,137,6.6850000000000005,0,No Defect
0.039277990775985615,102.64433917655087,221.27265677207012,32.88769354415428,23.091294160209067,,,138,6.6899999999999995,0,No Defect
0.03938084118233528,101.49561585787112,202.41233475061924,35.28731655755021,23.550103237123746,,,139,6.695,0,No Defect
0.0389544426094257,102.15333405713903,224.15462280915494,31.39247531200651,23.358793353279573,,,140,6.7,0,No Defect
0.041212148993862656,100.9129638159347,177.34843565348308,48.3430200473298,21.304231043755617,,,141,6.705,0,No Defect
0.04042207988497406,101.89881770658214,190.98696229363406,39.41585109772122,23.062927664910767,,,142,6.71,0,No Defect
0.042206838787454716,103.99850279157354,186.7030487090456,42.14425230632621,22.548065849906884,,,143,6.715,0,No Defect
0.040615669105174244,99.6687184659557,151.14547842348804,42.07393323264669,24.736258115554104,,,144,6.72,0,No Defect
0.039631994135488714,101.27885236404312,205.61932076993352,40.000925396138186,21.99833524315109,,,145,6.725,0,No Defect
0.04039173222880631,100.54120913833766,180.11719232467564,42.4042739833612,22.87265423706619,,,146,6.73,0,No Defect
0.040945295636708554,102.94626385815602,205.01173987996683,45.967107623941835,20.303605811261292,,,147,6.735,0,No Defect
0.036317859397553595,96.01479706508059,197.4751537951208,37.54297494049459,23.194739409907953,,,148,6.74,0,No Defect
0.03854835777702555,100.44427288741385,209.39587888538202,34.38914719422233,23.406169555333896,,,149,6.745,0,No Defect
0.03815333684225986,97.73935766455804,179.65460331065077,39.987343691394926,23.59109048266532,,,150,6.75,0,No Defect
0.04526532487506108,107.61680883366385,171.51439643586366,43.87810827837534,23.019111876755023,Paste volume per aperture high,Stencil thickness high,151,6.755,0,Solder Bridging
0.038848601726169614,100.64421082120428,229.32789712489222,47.07561983757092,18.489051276590278,,Ambient temperature low,152,6.76,0,No Defect
0.03859349736034592,100.15256568454141,222.4780914291366,43.801656970025974,19.86669386469937,,Ambient temperature low,153,6.765,0,No Defect
0.041415654634980405,102.18097416265084,182.39382014214937,46.74417433342913,21.487021919121023,,,154,6.77,0,No Defect
0.03685921607371772,97.37810004027959,207.2501206862948,37.68643788754211,22.575284068155447,,,155,6.775,0,No Defect
0.04035543985542042,99.9591561007322,172.96171065593825,46.47326488790462,22.142090939116986,,,156,6.78,0,No Defect
0.042161791677113876,105.0196534398178,203.81201336822826,41.443490464574595,21.736802224762947,,Stencil thickness high,157,6.785,0,No Defect
0.040859327954780755,102.77677256262851,199.63910878127876,39.542292296521296,22.543034950780857,,,158,6.79,0,No Defect
0.04210653004742981,103.6514210835887,188.11320807309207,44.85574331605568,21.707940550012943,,,159,6.795,0,No Defect
0.04187676748351406,102.70558761652904,176.0463650712603,43.31011391275649,22.901183380515175,,,160,6.8,0,No Defect
0.03938158989376208,101.31827306822437,205.7775327338063,38.716138829230836,22.39651101704402,,,161,6.805,0,No Defect
0.039626216904609116,100.56842300779444,204.17913047258878,46.14713434056576,20.332825160342733,,,162,6.8100000000000005,0,No Defect
0.03702856280247459,99.03154690469066,234.17297974305592,39.092422904494875,20.53444236745809,,,163,6.8149999999999995,0,No Defect
0.038965312907925646,102.68102753466242,252.66982032655218,42.14967833112479,18.526733059571747,,Paste viscosity high; Ambient temperature low,164,6.82,0,No Defect
0.04290707855163425,106.87579665575987,206.31940502296212,36.20699770896349,23.138314628165226,,Stencil thickness high,165,6.825,0,No Defect
0.03731081258545399,97.53108424516861,194.59238557288742,35.19216477998409,24.112560049394883,,,166,6.83,0,No Defect
0.04046847935708242,104.39248270464135,220.78643762689865,33.85015723200763,22.92065827902463,,,167,6.835,0,No Defect
0.03990106204402291,102.50998008133739,206.4546094048743,34.54502155662283,23.596458893110658,,,168,6.84,0,No Defect
0.040985007429116316,103.01369848163603,215.82634428870907,47.86114276190512,19.148725003049968,,Ambient temperature low,169,6.845,0,No Defect
0.03875358620685419,99.5143991351851,193.64700137403804,39.666517136205314,22.880747739102308,,,170,6.85,0,No Defect
0.03885838583313184,99.20259575987497,195.11003248046543,42.0548693873269,22.101923601759065,,,171,6.855,0,No Defect
0.04040588926800673,99.7228266955538,177.20462026165157,52.71167010946662,20.098033172693253,,Ambient RH high,172,6.86,0,No Defect
0.039224514292625294,101.24491064934226,214.02254752745273,40.34941611931402,21.444400755310795,,,173,6.865,0,No Defect
0.03964606785202548,100.03809882010242,176.7225279397178,36.19161102772277,24.955407085912427,,,174,6.87,0,No Defect
0.04358949800058767,104.40032175991269,163.9772573869103,46.27111240979123,22.827077970253843,,,175,6.875,0,No Defect
0.04505440313443737,105.84377713214089,147.5806564249358,46.92304467912762,23.653788356062865,Paste volume per aperture high,Stencil thickness high; Paste viscosity low,176,6.88,0,Solder Bridging
0.04369380803381066,106.1558798100329,181.3665840468753,41.95789273795583,23.023708148819285,,Stencil thickness high,177,6.885,0,No Defect
0.04164113914006237,103.98793479162589,205.43816003094906,45.61568147106751,20.464187679965775,,,178,6.89,0,No Defect
0.0412975579622158,102.63129605471062,187.84995004960217,44.08955933512878,21.98806810177606,,,179,6.895,0,No Defect
0.04073742515188405,101.73084226285879,186.6638499098728,43.82223325379108,22.136689877313632,,,180,6.9,0,No Defect
0.04009288298814392,99.63490869162767,177.04528454814636,47.565798758345046,21.633004239105603,,,181,6.905,0,No Defect
0.03938437796771704,101.29558227699006,210.85979568627414,41.68333637663483,21.270389041159948,,,182,6.91,0,No Defect
0.040558102488214155,103.05132914505631,209.41940722120555,38.86794850462473,22.197870134560894,,,183,6.915,0,No Defect
0.04214749220286198,102.18605124874848,163.92184219372803,44.91698967246419,23.238655162922456,,,184,6.92,0,No Defect
0.03695330172384353,97.69462260638728,214.3769449085374,41.69236356837456,21.04019891098308,,,185,6.925,0,No Defect
0.0388894826789893,103.291359242046,236.22744976283016,25.222385414300472,24.535582724858227,,Ambient RH low,186,6.93,0,No Defect
0.03899578460458908,99.04045920379436,191.92619688823137,44.66861571689521,21.573367164093696,,,187,6.9350000000000005,0,No Defect
0.03743911847447251,100.3255960819644,241.63556410522597,36.692490815802046,20.84365634609493,,,188,6.9399999999999995,0,No Defect
0.03785960251977744,97.14581877695758,180.36682282806763,39.653837884640545,23.742859741818428,,,189,6.945,0,No Defect
0.03951747649660762,101.62010628477246,201.9018694743053,36.07069341522938,23.47963834707833,,,190,6.95,0,No Defect
0.042234829667564394,104.32143256302534,193.29324148719908,43.835253205198256,21.76782163160818,,,191,6.955,0,No Defect
0.04128558243140421,104.85205952085002,218.60196092958213,39.16539682492366,21.57318480347707,,,192,6.96,0,No Defect
0.042880541202129106,103.4353195114449,177.30329325808228,51.3674621674296,20.56182303514937,,Ambient RH high,193,6.965,0,No Defect
0.04025623611839818,100.80400974259588,190.2300391829864,44.304957808646,21.813673979142628,,,194,6.97,0,No Defect
0.03622051603147389,97.11213088732491,202.20929190984657,26.585553468900276,26.223872225067502,,Ambient RH low; Ambient temperature high,195,6.975,0,No Defect
0.04157176770706602,103.7777921378867,189.88288855361526,37.09065902959745,23.954659918245202,,,196,6.98,0,No Defect
0.03768302386881114,101.50738129170351,254.18366884576815,35.72581279678687,20.381167787830925,,Paste viscosity high,197,6.985,0,No Defect
0.04041681000523346,98.91829015079483,153.74016582373798,44.689304090275364,23.951020842365978,,,198,6.99,0,No Defect
0.03943773953473931,103.70112965920457,245.20735299914938,35.51807512167578,21.012366628390435,,,199,6.995,0,No Defect
0.042799008961399904,105.74977854358835,198.00060717889193,39.718264525387994,22.711321725602215,,Stencil thickness high,200,7.0,0,No Defect
0.040787054590406546,103.69339517122226,216.68982560382852,41.86826940752169,20.91935382039045,,,201,7.005,0,No Defect
0.042635068760229815,104.49270342667744,198.8071858907324,48.584220676331455,20.077835610752174,,,202,7.01,0,No Defect
0.04039586372553145,100.9790615499712,180.38186774310498,40.24885446839099,23.624599845159626,,,203,7.015,0,No Defect
0.04104578234956485,101.74438137907029,180.30370956562692,45.69135012794048,22.041848471330184,,,204,7.02,0,No Defect
0.040872740284246895,102.48850286042155,195.0259064535942,42.11162674468572,22.18904463316826,,,205,7.025,0,No Defect
0.03948519209925709,98.53908067347773,172.92285726269787,46.60092711877736,22.225699886007803,,,206,7.03,0,No Defect
0.04314830881446528,102.864438423254,140.99483837540083,42.358591190224864,25.455187976798435,,Paste viscosity low,207,7.035,0,No Defect
0.043368214090223636,104.23426389879565,172.9017483055548,48.7762891907894,21.62995053496268,,,208,7.04,0,No Defect
0.04176750811065525,104.3009582263058,188.6772228676104,36.614025106509175,24.19807719961328,,,209,7.045,0,No Defect
0.038748741340717194,100.89732173516825,220.97642564416608,39.504812344122165,21.354971027479486,,,210,7.05,0,No Defect
0.0386566101960982,100.17181475414691,217.95086220527125,43.374077217036444,20.41218046661614,,,211,7.055,0,No Defect
0.04154356180719545,98.81968953416673,138.7826591536828,51.700142320515845,22.869352747421704,,Paste viscosity low; Ambient RH high,212,7.0600000000000005,0,No Defect
0.03776042170064085,97.36914582964619,198.93147021793746,44.69120124350782,21.19491996885153,,,213,7.0649999999999995,0,No Defect
0.03990614884730265,102.17222135929437,210.9169050758073,37.006586941363096,22.7247373675837,,,214,7.07,0,No Defect
0.039012381654520575,98.22555103205747,172.8971829629797,44.049939317252466,22.988640103840652,,,215,7.075,0,No Defect
0.03930262146192132,100.32673981649029,195.91445686237384,41.97308976439888,22.186410155592842,,,216,7.08,0,No Defect
0.04086017490109562,103.95324324051303,216.06257858788976,38.396951332046484,22.015773228271197,,,217,7.085,0,No Defect
0.039856782228797835,101.34702211477624,205.48849752774342,42.53568751834059,21.449963334759293,,,218,7.09,0,No Defect
0.039838549645679254,101.50168541175545,188.64204663529964,33.93296771075018,24.994330731147507,,,219,7.095,0,No Defect
0.04199623281407332,99.19257853398248,141.05896323086515,57.77478953133017,20.976238741974353,,Paste viscosity low; Ambient RH high,220,7.1,0,No Defect
0.0379199666268218,100.38350740214881,220.66007304368398,31.38882588009789,23.76708318700555,,,221,7.105,0,No Defect
0.03961859457964449,101.48713296091319,213.45684194343193,42.61852876334711,20.944133581466648,,,222,7.11,0,No Defect
0.04072999974828173,105.87803455022828,242.75823281375187,33.81352577713406,21.729265806185776,,Stencil thickness high,223,7.115,0,No Defect
0.042211287363101056,105.53210624124524,211.86383600940542,39.61619640828907,21.948412189629565,,Stencil thickness high,224,7.12,0,No Defect
0.03770706502148813,99.70120295124731,218.10823592616285,33.8619594399691,23.208695290485615,,,225,7.125,0,No Defect
0.040642782885847994,102.81384888145539,215.13310437510202,45.66950296963634,19.969259260933512,,Ambient temperature low,226,7.13,0,No Defect
0.04192837970472552,105.24996758615707,200.81545657927592,35.21813868753944,23.91048765874411,,Stencil thickness high,227,7.135,0,No Defect
0.039404809606827164,103.00586787978763,231.29973542782525,34.940641452116594,22.105443595400505,,,228,7.14,0,No Defect
0.04003116141378418,99.9208159860073,167.34595015609352,40.459921062317655,24.42054893648824,,,229,7.145,0,No Defect
0.038017004116437034,96.31980617720968,166.83489269231177,40.1174291124042,24.54622582535331,,,230,7.15,0,No Defect
0.04201984928814123,102.5193042854996,186.77111376251688,53.398274784548434,19.47519333423294,,Ambient RH high; Ambient temperature low,231,7.155,0,No Defect
0.035000656151254174,99.9730396130311,274.3295640376738,20.643335851975543,23.619328216695223,Paste volume per aperture low,Paste viscosity high; Ambient RH low,232,7.16,0,Open Circuit
0.04488002452443462,108.48687708665139,195.16142521084683,44.11901162964918,21.698090712536526,Paste volume per aperture high,Stencil thickness high,233,7.165,0,Solder Bridging
0.04151801884520366,103.46953621766907,194.96338749834263,41.137192617118245,22.558093455670782,,,234,7.17,0,No Defect
0.039438590057356435,98.42691543340644,169.25271572127173,42.669654645634786,23.676183443907693,,,235,7.175,0,No Defect
0.04035982662304186,103.97698285270175,231.98961591592254,37.33454006663688,21.397024842518707,,,236,7.18,0,No Defect
0.04188174277739622,101.9334828740423,164.2858367018572,44.96109971891419,23.332432998082755,,,237,7.1850000000000005,0,No Defect
0.04021077345919645,99.73452366208154,167.12058055743438,42.5192705729265,23.861153415699746,,,238,7.1899999999999995,0,No Defect
0.040881043305072876,102.3762896572276,196.86249434663523,43.253637390811875,21.830777288858307,,,239,7.195,0,No Defect
0.040250475680398586,101.12994409081934,190.27652314892907,42.70666087816202,22.391041424389165,,,240,7.2,0,No Defect
0.04008119202917826,100.55060294784641,180.46582637565214,37.95227309663648,24.38699790989958,,,241,7.205,0,No Defect
0.03751200856366409,97.99502500817138,199.67105140064515,38.00747019569607,23.168793182603757,,,242,7.21,0,No Defect
0.042495749937163894,103.00502827725255,169.47653140725456,44.58579960567747,23.147624658637362,,,243,7.215,0,No Defect
0.03762455018181961,99.61050343948475,228.72111148842464,39.19810347495713,21.04682694315429,,,244,7.22,0,No Defect
0.03974033094635658,101.32523720980089,201.80719989487656,40.38880152036068,22.367980785111456,,,245,7.225,0,No Defect
0.038884897674067206,98.34744929401634,180.05395332364793,46.00458954182482,22.054372638289053,,,246,7.23,0,No Defect
0.043278582772660106,107.31244107701917,205.28178648245014,37.57500633226324,23.010631006503427,,Stencil thickness high,247,7.235,0,No Defect
0.03924166375690208,100.45245043847183,197.48173445825196,36.360278120586,23.8182271847386,,,248,7.24,0,No Defect
0.03755185874487779,99.11898868698314,213.7300172242833,34.831812896636215,23.253499023258815,,,249,7.245,0,No Defect
0.04066183094795261,103.42666755555713,197.74338195963645,31.90323886493537,25.11585932869713,,,250,7.25,0,No Defect
0.03758046028702051,101.60476768294923,255.1350167398855,32.86926820596587,21.29471104452712,,Paste viscosity high,251,7.255,0,No Defect
0.041116772758857965,102.74248002899589,196.9210729535331,41.6256655372541,22.340688395024145,,,252,7.26,0,No Defect
0.03717226985922043,98.51744946152267,212.70528634857098,33.05168391741565,23.845814849833758,,,253,7.265,0,No Defect
0.04218285271014634,104.60633089889774,188.09679177455388,36.43064737733287,24.410305236538715,,,254,7.27,0,No Defect
0.04028346401556689,105.27346328243823,247.62732688761525,35.109974182991415,21.13058073995022,,Stencil thickness high,255,7.275,0,No Defect
0.04026711025621266,101.54622185518392,199.91484961253545,44.49857183586696,21.316919609236173,,,256,7.28,0,No Defect
0.037337250515987776,96.08936736230953,186.5304690482167,42.69062630103545,22.65031051018764,,,257,7.285,0,No Defect
0.04077723998339116,106.02471243334271,244.5814167949689,34.650109716447815,21.461538394461726,,Stencil thickness high,258,7.29,0,No Defect
0.039802199628318144,102.68675727090277,218.05288116407766,36.43604442222847,22.56367851547727,,,259,7.295,0,No Defect
0.03866367677726338,101.65717684987781,228.9522495573799,33.9564251734067,22.615202280916726,,,260,7.3,0,No Defect
0.03820287264635253,99.74889866686864,214.08669915051064,39.36600343391892,21.941884191270137,,,261,7.305,0,No Defect
0.039949940751311086,102.67938751376526,226.80193560233303,43.10274381908944,20.089241140258476,,,262,7.3100000000000005,0,No Defect
0.037376048090258365,97.27947255664908,196.08927030211194,38.32732099771173,23.352053572578544,,,263,7.3149999999999995,0,No Defect
0.040113311917261335,102.4083310395416,209.37315858490584,38.987045751579714,22.366196927016926,,,264,7.32,0,No Defect
0.03604864605688724,96.13934959489424,209.81068604609172,36.217308901147575,23.12253346368623,,,265,7.325,0,No Defect
0.04306182774253083,106.38795174579113,200.0357858948927,41.11755260958514,22.34300041931167,,Stencil thickness high,266,7.33,0,No Defect
0.039325756252304674,99.9024139140339,190.52505797093264,39.479959258496756,23.382161056040264,,,267,7.335,0,No Defect
0.040321182167286064,101.82168526987327,200.73326534319506,43.48298286648286,21.593866439368743,,,268,7.34,0,No Defect
0.03702988775275298,94.69290945422672,177.33861285979592,45.57493512699949,22.401355151909407,,Stencil thickness low,269,7.345,0,No Defect
0.0376595246924675,96.4498879415637,185.02573577584081,45.60522109146396,21.922891282108264,,,270,7.35,0,No Defect
0.03481736347644938,95.49251624826914,230.8780827894172,35.17414795379626,22.141245170743147,Paste volume per aperture low,,271,7.355,0,Open Circuit
0.03996937704037693,102.33089253560499,212.81351463001977,37.346580147426124,22.657449685051937,,,272,7.36,0,No Defect
0.03968290708425592,101.13309781463394,195.22458661449272,35.89718892306504,24.158174373364435,,,273,7.365,0,No Defect
0.03965407103948839,103.71333626754496,227.55705158196872,27.633877357811322,24.592584010897593,,Ambient RH low,274,7.37,0,No Defect
0.03958130805593562,100.06631491679835,196.9860991793643,44.27102344208134,21.610691467917857,,,275,7.375,0,No Defect
0.0413559961532524,102.1112374031338,195.1691123770956,49.57534887944891,20.190607994255505,,,276,7.38,0,No Defect
0.04059864891559078,104.03924354905794,232.91797002218232,42.27515877536532,20.00098121540184,,,277,7.385,0,No Defect
0.040920042268333144,101.3885732536107,193.5982237984676,50.16382721222182,20.114867629832073,,Ambient RH high,278,7.39,0,No Defect
0.04036939995200296,99.83242758137179,163.03079230693223,42.65621223274703,24.176399555763936,,,279,7.395,0,No Defect
0.0379059550235044,100.19625175812503,235.10342978563546,41.16750865232675,20.174651884815585,,,280,7.4,0,No Defect
0.03848624861170562,97.83589267952097,193.2862301011787,47.248176245409304,20.974620731919977,,,281,7.405,0,No Defect
0.042656671213272476,104.9725617854502,194.42405757731183,45.84969497025586,21.342188784304884,,,282,7.41,0,No Defect
0.041855877903030685,103.4218015143608,189.03515145544915,44.91188888444744,21.94436332460146,,,283,7.415,0,No Defect
0.041076706824980956,104.16606692069753,210.99995905757987,35.63573257335988,23.30755456582459,,,284,7.42,0,No Defect
0.03606686795143421,100.63353821745763,263.5484733652099,25.453883921514624,23.0174415459479,,Paste viscosity high; Ambient RH low,285,7.425,0,No Defect
0.04061487887885098,103.31702975040241,217.979264420314,40.46187709186663,21.47158184659581,,,286,7.43,0,No Defect
0.04056522009565944,101.66880203530873,202.09024772747694,47.58616752663388,20.36590247113156,,,287,7.4350000000000005,0,No Defect
0.041325903743133954,104.56270940555719,215.03393098878928,36.87861412962853,22.710932709245974,,,288,7.4399999999999995,0,No Defect
0.038697147461519234,99.37929615444709,203.2961705939448,43.82115702030134,21.379152469955383,,,289,7.445,0,No Defect
0.04061773181226177,104.64638532979356,231.51917029008803,40.05855941204171,20.76062153431168,,,290,7.45,0,No Defect
0.03647809940710981,99.08315967118045,244.5770040849929,36.93806515214759,20.843662977938408,,,291,7.455,0,No Defect
0.03972305853838286,99.35768076375558,175.8111939894494,41.41271042800242,23.789527874587026,,,292,7.46,0,No Defect
0.04117728218677521,105.15423059144094,227.7278396830015,36.127993713366635,22.162958591351785,,Stencil thickness high,293,7.465,0,No Defect
0.04239351787762081,102.94745287232433,168.61054404197597,44.016681193151435,23.49526469540735,,,294,7.47,0,No Defect
0.04129669896324275,102.58373327212107,190.72642867315338,42.03895063850076,22.712363219283983,,,295,7.475,0,No Defect
0.041444916596058756,102.3528439171912,193.7762570040906,48.12946319670429,20.750005617140918,,,296,7.48,0,No Defect
0.04186538032260093,101.2029220476761,144.68614068049828,38.085136619119105,26.701730088652535,,Paste viscosity low; Ambient temperature high,297,7.485,0,No Defect
0.03889616615236585,104.20220468251806,256.15852371669394,29.542646163039812,22.332409922506777,,Paste viscosity high; Ambient RH low,298,7.49,0,No Defect
0.04401261311068834,108.57023986163256,220.0045484318917,43.972745807703326,20.379053236445706,Paste volume per aperture high,Stencil thickness high,299,7.495,0,Solder Bridging
0.041556887957437394,102.19308589343137,171.2676527502688,40.52350558405833,24.360850525619483,,,300,7.5,0,No Defect
0.03909344735550547,101.6020406769795,227.73141210675425,40.36301499347198,20.927227586733036,,,301,7.505,0,No Defect
0.03771637857113081,98.88862993519709,208.2505736265659,33.003793167205416,24.267034606210633,,,302,7.51,0,No Defect
0.03975647904879385,103.48914155978724,236.97009426942807,36.0569484152962,21.630971586504153,,,303,7.515,0,No Defect
0.042442327493495725,104.77512331113235,191.72854303484587,38.91425690585626,23.59566326530059,,,304,7.52,0,No Defect
0.042177729162719765,106.46451405645423,232.6616666975856,41.544006148540454,20.316685830157265,,Stencil thickness high,305,7.525,0,No Defect
0.04028180250516233,99.0855194225726,164.34100361613991,46.43467857954535,23.06607252180853,,,306,7.53,0,No Defect
0.03681025416463064,99.03936417407513,230.7298980443541,31.499761505996403,23.331168720846073,,,307,7.535,0,No Defect
0.03994496432872217,104.06098841962928,248.0957311630272,39.83991190283468,19.857344974104848,,Ambient temperature low,308,7.54,0,No Defect
0.04093764836961558,100.89388288935133,174.83143969886035,46.070801558448736,22.53942562737653,,,309,7.545,0,No Defect
0.0397996705123953,100.94810684404514,191.16178605549808,36.21410102002771,24.4127092931582,,,310,7.55,0,No Defect
0.040734809269184914,103.55877296843897,207.2566804210801,37.38949064371884,23.086254726395385,,,311,7.555,0,No Defect
0.03995726085967976,100.28784832013797,167.99532309822274,34.979570475547234,26.195781999602104,,Ambient temperature high,312,7.5600000000000005,0,No Defect
0.03943728495786337,100.98909481748542,209.26821693367538,38.82778305330614,22.5461593111276,,,313,7.5649999999999995,0,No Defect
0.04158869855210534,101.15560464514547,164.66962663358072,44.624747372847786,23.608716822004496,,,314,7.57,0,No Defect
0.03992870944311931,98.95365680801987,176.08289092222296,47.69802623819521,21.9993054901911,,,315,7.575,0,No Defect
0.040401181119358656,103.57305827792828,213.03102438703024,33.63907948615083,23.841008288000538,,,316,7.58,0,No Defect
0.04138635885866073,103.0977080102236,190.49465578985925,38.626744659286814,23.78027845505374,,,317,7.585,0,No Defect
0.03785549359086674,94.91773404389279,160.12705360665154,48.95323502244979,22.598386171410212,,Stencil thickness low,318,7.59,0,No Defect
0.03798032349952567,100.35541773966969,242.39514753373768,43.067986980504465,19.276381040886097,,Ambient temperature low,319,7.595,0,No Defect
0.0396341681575129,103.14189371045393,226.03281651108634,32.22300764122381,23.46350834249007,,,320,7.6,0,No Defect
0.038093139707103256,99.72102469710279,228.41644569470995,43.571538955556996,19.99206051892833,,Ambient temperature low,321,7.605,0,No Defect
0.0394163153010469,98.5124132974739,179.00980411086968,46.89726117367067,22.06587688785404,,,322,7.61,0,No Defect
0.04638689532583404,108.27393658039048,152.45545759985475,43.05186567060015,24.87618582336031,Paste volume per aperture high,Stencil thickness high,323,7.615,0,Solder Bridging
0.040226564949738676,99.50783791141762,175.67327819151228,46.75123952605163,22.326415281526305,,,324,7.62,0,No Defect
0.04216032620136402,102.92718479690015,183.698645278009,48.24178701230104,21.41516429826911,,,325,7.625,0,No Defect
0.04096956889151906,101.13696955378397,170.9655320098327,42.75169034779835,23.78913844359403,,,326,7.63,0,No Defect
0.03919261708903204,99.19644160559282,189.7584537857687,46.19013100266241,21.61847658108708,,,327,7.635,0,No Defect
0.040048444072531476,103.60406294508815,227.67489870443956,36.23894528575288,22.211346303335905,,,328,7.64,0,No Defect
0.040856705431637996,102.01055251935792,196.72586767173047,46.53125248622625,21.112430258108564,,,329,7.645,0,No Defect
0.04115938981886376,103.08198921905746,199.21654824031256,40.52188309411166,22.722926909187283,,,330,7.65,0,No Defect
0.039409134253834376,101.0952502030239,217.2215119135925,42.02682209396538,21.169735018727554,,,331,7.655,0,No Defect
0.04263451070420917,103.88836309488211,162.6521850412688,35.1183677765261,26.560476015036677,,Ambient temperature high,332,7.66,0,No Defect
0.03995425900408792,99.88548792895557,176.52414195989473,42.29276481615895,23.59281667105927,,,333,7.665,0,No Defect
0.03952208490476611,100.40175493593331,193.40288736068055,37.93536401029197,23.833379221849633,,,334,7.67,0,No Defect
0.03935529040143925,102.61140410944404,240.31542885063084,42.319100192543345,19.672560544491446,,Ambient temperature low,335,7.675,0,No Defect
0.04080754618254524,102.19897946035867,186.99856297117495,38.28959211029258,24.13489493160539,,,336,7.68,0,No Defect
0.04237561177429246,103.1044308197694,174.0633200936445,45.09425631058002,22.957292893609086,,,337,7.6850000000000005,0,No Defect
0.04117351257942974,101.88634574171898,187.6914638327583,43.87951570029186,22.47341143599257,,,338,7.6899999999999995,0,No Defect
0.043878271025353424,103.80047735811252,145.6236486040044,45.62125565357515,24.56437831867709,,Paste viscosity low,339,7.695,0,No Defect
0.04070133488915267,102.85933812135617,209.11038486096916,43.04840482995377,21.39710616407025,,,340,7.7,0,No Defect
0.03951743329848269,101.95012515497314,230.74380927401836,43.868124568898466,19.827490604202826,,Ambient temperature low,341,7.705,0,No Defect
0.04221439716694622,103.45493679100493,165.4196881699098,36.46704233140952,26.01587257068495,,Ambient temperature high,342,7.71,0,No Defect
0.0398189141501515,101.73829997316042,209.44397065201085,40.44740132493763,22.13772047963187,,,343,7.715,0,No Defect
0.04102632089724464,102.05643619016148,192.22643981108783,45.29950903080629,21.789965391078283,,,344,7.72,0,No Defect
0.04217219556634576,102.78600866020125,178.45931293629957,47.28983800636773,22.06583203808404,,,345,7.725,0,No Defect
0.039553020432926723,100.4469557806774,196.164294191606,40.04984081608463,23.076708828123934,,,346,7.73,0,No Defect
0.036767034479490736,96.6038453562265,195.51496782987573,37.108000027851865,23.952209883876897,,,347,7.735,0,No Defect
0.039791079313336676,100.95382786733134,198.65593377107948,42.09144707851596,22.33112589550654,,,348,7.74,0,No Defect
0.04047678874241,103.35532384191126,219.70415249148206,39.6507848855281,21.763272058275096,,,349,7.745,0,No Defect
0.03459295957622455,97.026463446908,249.95232823424672,27.226684910735962,23.495598000760644,Paste volume per aperture low,Ambient RH low,350,7.75,0,Open Circuit
0.042747609704647305,103.95333230547219,183.2103067523054,48.956370712961416,21.304890088652108,,,351,7.755,0,No Defect
0.04328027840109541,105.80494536680528,190.77899807594895,39.5430834904375,23.60386654222196,,Stencil thickness high,352,7.76,0,No Defect
0.038313327182464614,102.98335654233853,255.47287824358318,31.29211456501381,22.002599314055274,,Paste viscosity high,353,7.765,0,No Defect
0.04008721418086116,104.041315308784,229.26000272303102,33.22130230353022,23.063812061891696,,,354,7.77,0,No Defect
0.03735967378869058,97.85152381526112,207.2978378311578,38.147379851217025,22.955495989904882,,,355,7.775,0,No Defect
0.0371870655013897,98.47144523254443,208.90224406226346,32.94922100927802,24.372400032260835,,,356,7.78,0,No Defect
0.037084586516019535,98.0286488287273,210.43375867733937,35.50010091719547,23.536878396936043,,,357,7.785,0,No Defect
0.03624925561477515,97.82936198951828,229.53795770168,35.84779591639392,22.258645466004598,,,358,7.79,0,No Defect
0.03849590115334112,99.42265584315254,199.25820453739632,37.98127335269854,23.512540331873385,,,359,7.795,0,No Defect
0.043802786359793906,105.11436124464544,165.0104846448353,39.89925363952818,25.105232951975964,,Stencil thickness high,360,7.8,0,No Defect
0.03683139066414343,98.63656367983586,232.9632125175726,35.28694119295087,22.230848085819595,,,361,7.805,0,No Defect
0.03903377499581958,100.65651114401335,221.70852971933706,45.28749199729604,20.015583575534396,,,362,7.8100000000000005,0,No Defect
0.03821742570897283,96.38951574448136,164.78354158875828,41.57572433348608,24.58954294812819,,,363,7.8149999999999995,0,No Defect
0.03973745810568768,101.25295540498524,201.94604786786545,37.81763444309138,23.423099285172672,,,364,7.82,0,No Defect
0.0408839754405568,100.64612801878359,181.2390130285171,48.93554315554031,21.4582207332532,,,365,7.825,0,No Defect
0.041416579709100905,103.1641297528458,200.77863651297346,44.57650389191335,21.537959045571114,,,366,7.83,0,No Defect
0.040723084057255776,100.40325919260354,172.1384904471585,44.5014861566741,23.31441737391021,,,367,7.835,0,No Defect
0.03974289759628808,98.31460228180725,159.93290461485935,43.48321048532674,24.354709432408427,,,368,7.84,0,No Defect
0.03794443080460146,101.23994302275294,235.0288312669473,32.31473396057369,22.994623352786178,,,369,7.845,0,No Defect
0.03870740772211022,102.7664896181999,237.26333551406537,30.463862871993754,23.406664898857972,,,370,7.85,0,No Defect
0.03865861672751215,102.1421086759211,236.5689099463424,33.93746072797998,22.439280693624983,,,371,7.855,0,No Defect
0.039731353906847594,102.34043978618136,224.08100512105864,37.67127042185805,22.132041575401015,,,372,7.86,0,No Defect
0.036674661882816505,99.61670289513214,254.03442104477566,35.663953705501655,20.857229380339483,,Paste viscosity high,373,7.865,0,No Defect
0.03778835512776912,98.85666814563606,210.17502953921047,38.16922829457737,22.822489662995885,,,374,7.87,0,No Defect
0.042791664927684554,103.3359145490111,166.0329711338407,41.74333521619311,24.53587242914822,,,375,7.875,0,No Defect
0.04192990879718867,105.74204295880664,209.38737903351063,32.31907657962996,24.620402155064813,,Stencil thickness high,376,7.88,0,No Defect
0.04056038199707531,100.7320991224145,182.37341977981586,43.82615402736398,22.909844671250035,,,377,7.885,0,No Defect
0.041092684864514756,102.48796474099481,188.7781273042627,39.539983308863995,23.773988179691944,,,378,7.89,0,No Defect
0.039259899121138524,100.25680635303185,211.68792757398978,46.227937199365925,20.4028665482754,,,379,7.895,0,No Defect
0.04139405727301992,102.27655888566835,191.0231336775055,47.09335476270358,21.437886599490504,,,380,7.9,0,No Defect
0.04089552922349072,99.92053521205113,153.42236952193355,40.098047430790686,25.788815370397955,,,381,7.905,0,No Defect
0.043465399056260776,108.19507754417286,223.5345594383299,40.17888483675106,21.48350608887347,,Stencil thickness high,382,7.91,0,No Defect
0.03891453680111593,99.11362288578978,187.8424474848868,38.73524365594945,24.06212820796835,,,383,7.915,0,No Defect
0.03604097875229252,98.54505179452141,237.45945198709208,30.009532073700424,23.54443770605778,,,384,7.92,0,No Defect
0.03816103497114242,95.74310201152146,160.61519042748438,45.91389766226346,23.632500548350837,,,385,7.925,0,No Defect
0.037540638894608375,99.66510746168093,225.34610186338406,34.04707475710234,23.127021722007672,,,386,7.93,0,No Defect
0.036993739183120225,98.75275867686092,231.1742221828848,39.00356896168723,21.31784026995452,,,387,7.9350000000000005,0,No Defect
0.040616166699391006,101.40416635240229,189.3191538070978,42.30078331040545,22.957956832775945,,,388,7.9399999999999995,0,No Defect
0.03926070059417061,101.20201683502303,213.01771638825585,39.50189470300808,22.309219619680437,,,389,7.945,0,No Defect
0.0364535573753359,99.72294828185207,245.9378369765076,28.31485315854467,23.540496471402925,,Ambient RH low,390,7.95,0,No Defect
0.04274916896672097,100.91577816408875,158.21736376051123,61.63210127885831,19.2440430653245,,Ambient RH high; Ambient temperature low,391,7.955,0,No Defect
0.0398902003053442,101.69087867089173,210.30957865397994,41.71844094031728,21.842512463602855,,,392,7.96,0,No Defect
0.04017918044482928,101.25398244826515,193.5759050713544,39.99166393935071,23.380080612159325,,,393,7.965,0,No Defect
0.041187239882968206,98.14365125102857,136.11959425003636,52.509370181931146,23.25993219222544,,Paste viscosity low; Ambient RH high,394,7.97,0,No Defect
0.03922288033230635,102.27939259600866,235.36210269343184,38.04627221401572,21.38416786722475,,,395,7.975,0,No Defect
0.038056479550312966,97.3546117138496,182.2968581672527,40.90752362292997,23.792590300098468,,,396,7.98,0,No Defect
0.041026280136746154,103.4812334266562,210.59269360568928,39.91715720951887,22.376561201206098,,,397,7.985,0,No Defect
0.041600989552281226,104.09854560678286,211.61200874211286,44.63746363328313,20.939790977221715,,,398,7.99,0,No Defect
0.04214052843814984,103.46496908327212,177.0331664585747,39.191057249023494,24.65968128545861,,,399,7.995,0,No Defect
0.03864949962476551,99.79715433033586,201.65843068187843,35.76300432004537,24.125068135551235,,,400,8.0,0,No Defect
0.04042663285019536,101.79133378170432,191.0058140751202,38.54690805977639,23.980033818646625,,,401,8.004999999999999,0,No Defect
0.03678453783169403,97.00303692387051,203.39434302057018,34.724623246722075,24.31374690799639,,,402,8.01,0,No Defect
0.03961230643395205,100.57649768038362,183.3607616524811,34.288350816736404,25.690763861753776,,,403,8.015,0,No Defect
0.04011987802727589,101.89619691514997,214.36213191404067,42.23401745340619,21.481992957889204,,,404,8.02,0,No Defect
0.04036773825281327,104.42901756892365,242.4783797468631,39.6774956082317,20.50422349421128,,,405,8.025,0,No Defect
0.04161441712510712,101.51067764392653,171.45835850137672,46.9989780217965,22.73487467562952,,,406,8.03,0,No Defect
0.04551990793573808,107.46385350816215,162.62641972852037,43.196841624973075,24.421607908091296,Paste volume per aperture high,Stencil thickness high,407,8.035,0,Solder Bridging
0.03861042575125555,99.35271443412715,198.49363083209462,38.05415725225012,23.66980170055314,,,408,8.04,0,No Defect
0.04224230013462521,103.59681866476066,182.9936211184427,42.01648857038721,23.496825992404922,,,409,8.045,0,No Defect
0.041650372290312876,101.7023377310691,165.29674516482135,41.701085915362526,24.672136770104625,,,410,8.05,0,No Defect
0.03836130976369216,99.00022519074967,208.93796812077457,42.95736474959999,21.603579848227223,,,411,8.055,0,No Defect
0.04170197718111963,102.84720879309499,187.1250048050972,43.50796410732455,22.811017826594608,,,412,8.06,0,No Defect
0.03883435854655506,96.52545873437074,158.45583405728627,47.35767550429878,23.421323660952012,,,413,8.065,0,No Defect
0.04193100061645241,105.13561929061281,211.07547818420304,39.086985455693856,22.638727020416646,,Stencil thickness high,414,8.07,0,No Defect
0.03936778695866338,101.64128091842366,225.78820010615658,41.454019569230304,21.028489622278837,,,415,8.075,0,No Defect
0.04000105603017806,102.25145192603223,201.9304756495389,30.109067986832372,25.816756993825905,,,416,8.08,0,No Defect
0.03755831511416295,98.14362567358835,207.11046977167055,37.64811203444349,23.276613543831377,,,417,8.085,0,No Defect
0.040653559131798314,102.45034364159156,205.56012304336957,40.440002837105375,22.585958590506824,,,418,8.09,0,No Defect
0.039848455287754346,102.19988097525072,207.1249830524567,32.03370268742964,24.941002719064986,,,419,8.095,0,No Defect
0.04075289923428863,100.74278970679897,169.8711634389549,42.023179258185145,24.312700099676505,,,420,8.1,0,No Defect
0.04328569582580823,103.27577978128274,161.45511984471835,48.067243133115724,23.09145804505281,,,421,8.105,0,No Defect
0.03891165608956621,100.0097844707272,205.2170744816205,38.04167100441363,23.30324067156214,,,422,8.11,0,No Defect
0.03897346354320775,99.97179969828909,196.07511731349786,32.597918331089375,25.460256566473216,,,423,8.115,0,No Defect
0.044825744774309256,107.3415825274695,179.2890701208753,42.63824995984777,23.602263277510733,Paste volume per aperture high,Stencil thickness high,424,8.120000000000001,0,Solder Bridging
0.04109435477669971,100.6607272252115,175.7143057662344,49.521223825544126,21.782634162939793,,,425,8.125,0,No Defect
0.04087704488094826,102.24420927896952,198.5414918278211,44.05153499352825,21.98031147570329,,,426,8.129999999999999,0,No Defect
0.038852674266567855,100.34303365380342,221.71863414943942,42.08585921750834,21.123929570211576,,,427,8.135,0,No Defect
0.040329556779536944,101.74186172989768,199.76968373521743,41.149012127633576,22.754000277562753,,,428,8.14,0,No Defect
0.04298004424528708,101.9111966670287,139.17713531223757,45.02603069745849,25.36343845068233,,Paste viscosity low,429,8.145,0,No Defect
0.03964825373094068,103.47611907088692,236.46075287356058,35.104737873791585,22.267678484172272,,,430,8.15,0,No Defect
0.03876714588770061,99.5375348919257,199.4633281240554,40.38211885672627,22.98920867338053,,,431,8.155,0,No Defect
0.037776847325311565,99.47971310064392,225.3263827261712,40.076438096813845,21.487240802721814,,,432,8.16,0,No Defect
0.037969595382769235,98.08440626762543,190.00024308288306,35.46064101785893,25.00910817921576,,,433,8.165,0,No Defect
0.041974879353436155,103.1901938565216,181.26948046790085,41.52399232293035,23.80831847676804,,,434,8.17,0,No Defect
0.04417952255324398,103.09408160021789,137.1617178891176,52.784646379243554,23.241912802754683,Paste volume per aperture high,Paste viscosity low; Ambient RH high,435,8.175,0,Solder Bridging
0.039619881448216834,100.41159145411186,194.3528054420253,41.87831138250538,22.88557265339602,,,436,8.18,0,No Defect
0.043067194051936104,102.25589100124448,146.0872633270851,46.099263950120076,24.648848189199807,,Paste viscosity low,437,8.185,0,No Defect
0.03680341086660072,98.8243366294292,247.87369400935603,40.21700873877218,20.0779799285648,,,438,8.19,0,No Defect
0.03867589463013041,100.64065468448952,218.76851715452452,36.46321969947813,22.97442167385888,,,439,8.195,0,No Defect
0.043609080578626586,104.64524831338005,173.96434328934538,45.3034729477619,23.185822822366426,,,440,8.2,0,No Defect
0.04094491318691317,104.49510143769739,225.44350300103787,37.4855028573876,22.289078318786423,,,441,8.205,0,No Defect
0.03749891817240967,99.72922234112826,237.40249795805323,37.8685716302338,21.419251790795418,,,442,8.21,0,No Defect
0.040531813096215806,101.19719774974021,186.6660490643256,44.513470017551924,22.61147350978318,,,443,8.215,0,No Defect
0.03928324336297016,99.63167801182556,197.57750947871872,43.43274237922769,22.256495503211074,,,444,8.22,0,No Defect
0.042642889526401384,106.09161138958483,204.52544745004155,34.14255285532313,24.576049596721216,,Stencil thickness high,445,8.225,0,No Defect
0.03863059450984158,101.13580307562592,212.39157901798347,30.55703126670909,25.103288508055154,,,446,8.23,0,No Defect
0.041461683904217284,102.79960795942407,182.47831674626764,37.73328090336909,24.87204448947736,,,447,8.235,0,No Defect
0.04021181146368017,102.40492241100762,224.25369573733357,43.21233765328481,20.706275655813698,,,448,8.24,0,No Defect
0.04020873410476425,100.17473370583652,170.78265890401283,38.022359069955165,25.49964191098749,,,449,8.245000000000001,0,No Defect
0.03974487458895619,103.32709721384362,222.24627820602475,30.236049327451383,24.614343517729974,,,450,8.25,0,No Defect
0.04072734122547245,103.37123817843296,209.48436235224838,33.19243870018774,24.551607137756253,,,451,8.254999999999999,0,No Defect
0.040873570136743295,102.79209455334886,210.35186555378584,42.592369483628524,21.754292354938357,,,452,8.26,0,No Defect
0.042385269050803746,101.0259623264837,148.2150291657225,48.307934832099946,23.91022893493934,,Paste viscosity low,453,8.265,0,No Defect
0.04069542702850821,101.27394196433907,180.0835663719597,39.919754427263214,24.391691417038917,,,454,8.27,0,No Defect
0.03782811844167509,100.1576520148887,222.0267766301728,32.520817344922875,23.95683022838338,,,455,8.275,0,No Defect
0.03654801891411221,96.84042289963509,220.82964016331374,40.93940323031377,21.5698038111151,,,456,8.28,0,No Defect
0.04092422021390062,103.40670579103713,207.1002596541454,37.038658678470455,23.586977690456166,,,457,8.285,0,No Defect
0.04347816974493569,106.25206820947186,194.148858999947,40.183519266572354,23.486955662627103,,Stencil thickness high,458,8.29,0,No Defect
0.041045139515564974,102.97776702956523,210.5169637535355,45.66341245463322,20.862753829928106,,,459,8.295,0,No Defect
0.04210411931947267,101.90940197608101,161.1599385110593,44.29479609859791,24.301650791604136,,,460,8.3,0,No Defect
0.0462204995813784,108.4318321908732,163.98344055087853,45.2359812267557,23.88845379367137,Paste volume per aperture high,Stencil thickness high,461,8.305,0,Solder Bridging
0.03935859644083339,103.35530142160773,242.84217381789418,35.475815971337035,21.848550020693043,,,462,8.31,0,No Defect
0.0408432630268654,103.40315340857953,206.243681033232,35.5745751680378,24.08177293161993,,,463,8.315,0,No Defect
0.040879096083017714,103.34791369339464,212.38132661429714,42.552390175813656,21.665433619298852,,,464,8.32,0,No Defect
0.04133762576535344,100.99765361522132,165.03322564539997,44.3137354450113,24.064281508147356,,,465,8.325,0,No Defect
0.03941200348435074,100.60281485602484,192.2286189290038,33.82319428924948,25.448439555068514,,,466,8.33,0,No Defect
0.04115053256137152,103.19859467525181,201.80006717923933,39.988936250545834,23.07717030406944,,,467,8.335,0,No Defect
0.04139780570360303,103.32516475182551,201.45353664557388,41.29999097269291,22.721764056046123,,,468,8.34,0,No Defect
0.04219453913704366,102.7700835218868,167.59839751241708,41.81708596130242,24.652973025608663,,,469,8.345,0,No Defect
0.042120098553873,104.33940910896584,201.32457194704682,41.043351933881695,22.817835779739447,,,470,8.35,0,No Defect
0.04052255671359527,101.26116863258761,189.58798770567816,39.74120303092283,23.908734560376832,,,471,8.355,0,No Defect
0.03794103770873207,97.20365910123903,177.36337434851453,37.94574733403583,25.156782717833277,,,472,8.36,0,No Defect
0.04306778213180565,103.55350100603339,153.85601414860687,37.568913372518985,26.758137467559813,,Ambient temperature high,473,8.365,0,No Defect
0.039688170434971665,100.15542245568238,192.3852043949741,42.50425422668801,22.925663422793953,,,474,8.370000000000001,0,No Defect
0.042897307016537954,103.64529563203594,161.41413560996716,39.137888386660535,25.83854965192304,,,475,8.375,0,No Defect
0.03807227684935152,97.92447905509079,197.61755248279437,41.79284108426155,22.806195628908633,,,476,8.379999999999999,0,No Defect
0.03848284775726097,99.42466591310884,200.24337652983914,37.0092204797408,24.04477664352687,,,477,8.385,0,No Defect
0.036307231003840416,96.199582665675,198.4643778810588,32.56570311597231,25.440306813026158,,,478,8.39,0,No Defect
0.03710040075973411,97.00293702602633,196.1187484005066,36.29814833379076,24.50133025344417,,,479,8.395,0,No Defect
0.03855637115006438,100.10635557241571,210.61393810022156,35.61226890446687,23.828004284351593,,,480,8.4,0,No Defect
0.04268120764623058,102.01272429260081,159.29876518196005,50.78503470687415,22.579202737418804,,Ambient RH high,481,8.405,0,No Defect
0.04163772970207981,105.22742861188402,210.81532183255493,32.16531668567646,24.853332919242092,,Stencil thickness high,482,8.41,0,No Defect
0.04054304845510374,102.65160033383853,209.48232069014404,40.69142881173906,22.43673512065108,,,483,8.415,0,No Defect
0.04209485851101424,105.12954528856444,206.23386181589694,38.03761005375936,23.426762430386965,,Stencil thickness high,484,8.42,0,No Defect
0.041028619057677115,103.16587806289309,203.3734154248523,40.78030359625518,22.792574679448204,,,485,8.425,0,No Defect
0.04112933212314608,100.8765571989846,170.64462767676753,43.93951750066169,23.884738583510867,,,486,8.43,0,No Defect
0.03926086742635842,100.34087254723288,208.78054026340214,41.82306830489352,22.15187296952143,,,487,8.435,0,No Defect
0.04349954050168942,106.84768243204053,192.3727851795381,36.30482401043878,24.8023376498707,,Stencil thickness high,488,8.44,0,No Defect
0.04052703055824418,102.24348183137518,200.31473383237127,37.841410331236034,23.84956676715398,,,489,8.445,0,No Defect
0.03816742100345102,98.19369171369327,196.52272386812055,39.19948887551597,23.669316747865565,,,490,8.45,0,No Defect
0.0429748091212257,103.37614605560549,167.46827164322653,46.528565225409444,23.349753611722107,,,491,8.455,0,No Defect
0.04015192671568943,102.5386049071664,217.31562191392013,37.96132808839691,22.7778624568916,,,492,8.46,0,No Defect
0.041774770683663254,101.89954764053275,171.39641962693483,45.28605054582164,23.46662322192319,,,493,8.465,0,No Defect
0.04214618465942399,106.96333628631488,226.08999376766982,30.831068632520168,24.342448098713426,,Stencil thickness high,494,8.47,0,No Defect
0.04144327871622494,102.3652828769834,194.72325070852483,45.48289466504439,21.986453901579683,,,495,8.475,0,No Defect
0.03878814929907837,102.63725163891094,258.1157494976305,39.430094557881624,19.844940371110678,,Paste viscosity high; Ambient temperature low,496,8.48,0,No Defect
0.041719358881855746,102.40472388845261,178.84342403790396,42.931525997352956,23.70885686297548,,,497,8.485,0,No Defect
0.03997232156011925,100.20318024653919,182.74098661596526,42.26453851602556,23.649306401959898,,,498,8.49,0,No Defect
0.041626583601031074,102.47233117647997,180.07358718914298,42.743505851770266,23.69067149874938,,,499,8.495000000000001,0,No Defect
0.04114134754541368,103.8581066477124,208.6369322793601,36.440687908575036,23.781006915493244,,,500,8.5,0,No Defect
0.03834900311254628,104.03893753370147,281.0397929599818,31.93967435040883,20.63634721991638,,Paste viscosity high,501,8.504999999999999,0,No Defect
0.040963834769695874,103.04690719649645,207.6943972691397,41.01140451989415,22.507479204533208,,,502,8.51,0,No Defect
0.040655828892636865,102.04554998616452,181.04504963389593,32.493884832694306,26.62823442209539,,Ambient temperature high,503,8.515,0,No Defect
0.040350460161044564,106.09091967965027,260.4268180416918,32.44540538161827,21.773962832350914,,Stencil thickness high; Paste viscosity high,504,8.52,0,No Defect
0.04096547859574113,102.85468202575893,205.5171160145537,44.741229283702665,21.553869744469296,,,505,8.525,0,No Defect
0.04094736504589285,100.81466630366018,178.01585914179003,44.4481957471194,23.336658360018557,,,506,8.53,0,No Defect
0.03940975731199093,102.13162350944923,230.73987051243103,37.9453291227411,21.992202622505655,,,507,8.535,0,No Defect
0.03858068913705206,97.94840126913606,183.6942759941522,40.953313847053465,23.99313992132731,,,508,8.54,0,No Defect
0.04086601187906004,100.05308856122474,161.54559359374434,44.46070826931923,24.345076301252824,,,509,8.545,0,No Defect
0.03682769553215516,95.26138697315731,199.16143705943145,48.99918752849996,20.68527089994964,,,510,8.55,0,No Defect
0.041069372057990196,98.36605966339552,138.55349517694378,49.407827418305125,24.31994227859391,,Paste viscosity low,511,8.555,0,No Defect
0.03797199211708677,99.35341516918507,210.49800207462403,34.639906747571644,24.195956599479455,,,512,8.56,0,No Defect
0.03918371138875833,98.94046390461114,190.61513002677754,45.443782183946965,22.27254725437593,,,513,8.565,0,No Defect
0.04007648413531033,99.15233431525819,167.9542742441376,43.24490177715538,24.316432263608224,,,514,8.57,0,No Defect
0.037775829079196355,101.22328512583084,253.53534524739558,37.041853350412836,20.861332433764616,,Paste viscosity high,515,8.575,0,No Defect
0.04074429021046544,102.57614654423132,201.88159088775586,41.16879267449251,22.848591501156815,,,516,8.58,0,No Defect
0.038748512144334925,98.01599370303323,181.29522527975124,40.69689404121572,24.241104927211392,,,517,8.585,0,No Defect
0.042475139866258005,103.03390138196971,171.72911348500688,44.033015773313366,23.884070942819122,,,518,8.59,0,No Defect
0.03550574270362636,95.8418987369494,223.171337865449,39.14931075712484,22.098276598289225,Paste volume per aperture low,,519,8.595,0,Open Circuit
0.03624649484796736,98.42207843369845,236.41144019779432,30.177994384674818,23.91980131967455,,,520,8.6,0,No Defect
0.03963090997742195,99.96644738440104,174.89808020231033,34.97037302895657,26.317780938446614,,Ambient temperature high,521,8.605,0,No Defect
0.04130318276874491,100.83720556979537,165.6783365599041,44.09446773632726,24.238414227317683,,,522,8.61,0,No Defect
0.041336823346148716,101.47545957019977,175.6080446281313,44.55664386238672,23.496079818239505,,,523,8.615,0,No Defect
0.041409163152390446,103.83297036651948,205.92875863578985,41.46020655671352,22.540790011252493,,,524,8.620000000000001,0,No Defect
0.038277640752224416,101.62364288871355,246.3914180123606,35.75910857183708,21.70573789125763,,,525,8.625,0,No Defect
0.040593214266281256,102.52623163344512,206.2985728577842,40.403629249600726,22.828135658981264,,,526,8.629999999999999,0,No Defect
0.04214331456270282,103.66568225234683,194.34047084542374,43.6698511245745,22.626787699205043,,,527,8.635,0,No Defect
0.043618998114714855,104.52642485832587,162.22399105047197,40.85213842207266,25.43241565992488,,,528,8.64,0,No Defect
0.03843030901514654,99.10986147962143,194.38888130824816,34.50652459642296,25.27118649435551,,,529,8.645,0,No Defect
0.038184294271085134,101.69930542071207,248.1178049605958,36.67763094194628,21.339923505550434,,,530,8.65,0,No Defect
0.041709232483590486,101.30277061874256,171.27903029365788,48.42830084264357,22.655899070410488,,,531,8.655,0,No Defect
0.0376485603656601,97.53809890280684,203.87434773815122,40.78688476031748,22.860337733122115,,,532,8.66,0,No Defect
0.03726543316179438,99.77052995563355,229.10429956741228,30.952557273730157,24.17888386332684,,,533,8.665,0,No Defect
0.038606307938036565,100.71044188409867,224.16832211513815,36.90009759042097,22.761834215650673,,,534,8.67,0,No Defect
0.03607433054159031,97.82964708441223,225.65071872291128,29.322055177815315,24.863514970142813,,Ambient RH low,535,8.675,0,No Defect
0.041358430220673016,102.13263445100355,181.28003680357463,42.26136100441864,23.8511385411502,,,536,8.68,0,No Defect
0.04063237926135014,102.56351146926625,193.83670620804003,35.0482031347279,25.18314583258864,,,537,8.685,0,No Defect
0.037966417170799474,98.82689806247235,210.14455604645138,38.1349547946789,23.26563176599204,,,538,8.69,0,No Defect
0.04286303847089059,105.71062302428632,190.97074397142026,36.31703773695638,25.011889536685004,,Stencil thickness high,539,8.695,0,No Defect
0.040773699438647504,103.63489970125008,230.52269116586038,46.00115305061847,19.744125727588845,,Ambient temperature low,540,8.7,0,No Defect
0.04209039957107366,103.53012493430867,187.30761237487528,41.504163314799264,23.72410841258383,,,541,8.705,0,No Defect
0.03836296832788455,101.8855494961011,246.95512569957506,33.485448298204545,22.381914743886433,,,542,8.71,0,No Defect
0.03579949964075265,97.96095159734601,250.69044719406884,35.73333328636437,21.476605155561245,Paste volume per aperture low,Paste viscosity high,543,8.715,0,Open Circuit
0.04390873113867173,104.36824208087955,152.70859151609358,44.20225294528325,25.07593983860773,,,544,8.72,0,No Defect
0.0400073921309412,102.74453434520866,229.94569160593352,40.654290897879754,21.351729068719045,,,545,8.725,0,No Defect
0.04246201122502811,106.20815379443383,219.51836503843708,38.5264384447743,22.634914303109912,,Stencil thickness high,546,8.73,0,No Defect
0.03893794509789158,99.65239323556055,203.66501417278974,43.10730710545294,22.238014011898432,,,547,8.735,0,No Defect
0.04082981937464126,102.74090331521148,203.4221372306275,40.47202105924577,23.042487737987525,,,548,8.74,0,No Defect
0.03940672189906242,100.98419488966876,201.2087203949581,35.17818899722481,24.7151328181644,,,549,8.745000000000001,0,No Defect
0.043511325344969154,107.08498140137618,202.0251252561576,37.463673386321524,24.03473732710946,,Stencil thickness high,550,8.75,0,No Defect
0.039096584835975466,100.60268811012833,205.39975326984822,34.257059883770445,24.733708379720277,,,551,8.754999999999999,0,No Defect
0.04125919326972573,101.26358351248555,180.54207254251574,46.00226474006204,22.8485090110828,,,552,8.76,0,No Defect
0.04164086277346013,102.8008483706892,190.14440204292566,42.792949692822745,23.201626473370734,,,553,8.765,0,No Defect
0.039588237286426305,99.67791430658843,186.73535590521266,39.01554688040117,24.502271382089248,,,554,8.77,0,No Defect
0.03943018832958532,100.25495820774647,197.40415528801515,39.20075984040077,23.791132412585362,,,555,8.775,0,No Defect
0.041749220436350314,101.98138913071367,165.0870642499002,38.28028582468065,26.065673819788433,,Ambient temperature high,556,8.78,0,No Defect
0.03929608239870833,99.34772209095551,180.53061949054123,36.38108099150992,25.6542122507073,,,557,8.785,0,No Defect
0.04119018568379885,101.55916020044873,176.78600865805583,40.274381143615344,24.766425833926462,,,558,8.79,0,No Defect
0.03830296200084658,100.36885417469499,211.76839523583047,29.760904584992005,25.667569192518105,,Ambient RH low,559,8.795,0,No Defect
0.040367708192749555,105.61356373358745,254.25179983322755,32.321656023698345,22.335219481402216,,Stencil thickness high; Paste viscosity high,560,8.8,0,No Defect
0.03644712896020484,97.53054835988718,219.3078602142607,34.65121268188511,23.764572874818615,,,561,8.805,0,No Defect
0.039766443295139994,100.01468252642171,201.22272854591137,47.1820270298486,21.248593822701345,,,562,8.81,0,No Defect
0.04162847695340947,103.55244403662248,200.0735918296767,42.20573738428518,22.78709236574447,,,563,8.815,0,No Defect
0.039442173804449566,101.9109236548112,220.988038264155,34.80525812472438,23.65441629051881,,,564,8.82,0,No Defect
0.04340857403806355,106.47778720682308,199.0592614909569,41.20851640901937,23.15820249184927,,Stencil thickness high,565,8.825,0,No Defect
0.03659189387062524,96.40371009732667,218.11218726349173,43.95424367997781,21.13961283645265,,,566,8.83,0,No Defect
0.039400259736446314,103.45543359161859,254.63306087758434,42.37365553304706,19.379233186685646,,Paste viscosity high; Ambient temperature low,567,8.835,0,No Defect
0.04059131195090157,99.51083108674956,175.28474586390857,48.63386367032207,22.439915525380293,,,568,8.84,0,No Defect
0.03780516119928453,98.11721715778116,198.72024835477222,35.56674789209499,24.79547557623976,,,569,8.845,0,No Defect
0.03890334561889781,101.34855183929916,217.33165874699162,32.80849033227406,24.468150246597407,,,570,8.85,0,No Defect
0.03897349795078846,99.08942115306984,191.58015461907252,41.782969626164984,23.428557036811103,,,571,8.855,0,No Defect
0.03893745825245235,100.85615544237731,210.0135397156925,34.51262778971359,24.423711952146668,,,572,8.86,0,No Defect
0.039384317488904405,99.31697844538142,181.3781323562118,39.44807288559975,24.74594728764195,,,573,8.865,0,No Defect
0.038725248747769773,100.60376831516903,204.1173066611983,29.22106431027766,26.33673476203363,,Ambient RH low; Ambient temperature high,574,8.870000000000001,0,No Defect
0.03818043938687871,97.9645859924079,190.04453543656493,38.821462263020074,24.393448952860037,,,575,8.875,0,No Defect
0.03552306074927896,93.5298661600034,186.5709143161075,39.784728410717285,24.306220793404105,Paste volume per aperture low,Stencil thickness low,576,8.879999999999999,0,Open Circuit
0.039000433196055694,99.3980229928942,206.73971568189825,44.709010025503936,21.664426573524747,,,577,8.885,0,No Defect
0.04028254437052186,98.2707487967616,160.15631964310572,49.53470104249551,23.12416520574283,,,578,8.89,0,No Defect
0.047853311773106005,105.90738611012337,110.66971610864897,60.44686311605149,23.03857552737746,Paste volume per aperture high,Stencil thickness high; Paste viscosity low; Ambient RH high,579,8.895,0,Solder Bridging
0.03990896581445926,100.4563212612995,188.05350602390945,39.62753157437215,24.30671956787714,,,580,8.9,0,No Defect
0.04150131822209445,102.059143918112,172.21023011895352,38.37714984815213,25.66078963460615,,,581,8.905,0,No Defect
0.03892921578983117,100.64967016916036,210.16870892885743,36.26043084734858,23.929236726195942,,,582,8.91,0,No Defect
0.04369761145398721,104.61376923213355,173.24364232234117,47.0783331755129,23.078760752952054,,,583,8.915,0,No Defect
0.03856218210037471,100.8609454981014,224.57529560814015,35.44577967228075,23.287789637175674,,,584,8.92,0,No Defect
0.040504534524657874,101.50895006296125,195.35571186109823,43.79877971987657,22.655399052742645,,,585,8.925,0,No Defect
0.04173849433077268,102.23217807365828,171.32887310581475,41.50646441537276,24.812240792669225,,,586,8.93,0,No Defect
0.042945655057212845,103.21509065038967,163.8781936087093,42.027573161566664,25.136306699709756,,,587,8.935,0,No Defect
0.041993353308852004,102.46849754741548,180.02949710059676,45.54614721559938,23.10966697970167,,,588,8.94,0,No Defect
0.037704372741172304,99.0081796044279,197.86107318011474,26.60081210818192,27.514220492179387,,Ambient RH low; Ambient temperature high,589,8.945,0,No Defect
0.04241224593191926,104.75219097377848,200.82774670674098,44.08525071496531,22.26424020798367,,,590,8.95,0,No Defect
0.043495098616058755,106.06594953812517,190.7929997607291,41.87916034331409,23.535869861458703,,Stencil thickness high,591,8.955,0,No Defect
0.03835079604039167,98.61004461994554,196.38378103550306,36.68566058363358,24.676289184061773,,,592,8.96,0,No Defect
0.039482236058552354,101.18255387752215,207.00812620516544,33.931116038617816,24.84231101605282,,,593,8.965,0,No Defect
0.03617508270397708,97.24356375351375,217.81008939926562,33.925481929417046,24.147266797477485,,,594,8.97,0,No Defect
0.04021153011002913,103.27718486843163,217.9971113275033,34.33230452822915,24.055708193036327,,,595,8.975,0,No Defect
0.040528096403759574,103.6056098339414,226.97661310527343,39.76820149940122,21.924025772465242,,,596,8.98,0,No Defect
0.03807970290207191,99.06330620141023,212.68790337023805,37.004037638842235,23.594063489690765,,,597,8.985,0,No Defect
0.04303311113009524,105.10173312204459,189.78669278641487,41.564165550996464,23.70722533753758,,Stencil thickness high,598,8.99,0,No Defect
0.040154977541801175,101.70682918725612,195.24356205782294,35.57816314556537,25.097862317553115,,,599,8.995000000000001,0,No Defect
0.0361839784864429,96.05812672567838,208.47584990989813,39.42956145121249,23.128718723051513,,,600,9.0,0,No Defect
0.037328752379870954,99.22229688870614,219.0580239802485,31.724670854024247,24.742491718960213,,,601,9.004999999999999,0,No Defect
0.03981270767630583,102.9647027431901,219.14222057542165,29.534559973076284,25.405658875939892,,Ambient RH low,602,9.01,0,No Defect
0.04207697889567071,100.9568807424566,133.44391523594624,36.38116944966119,28.681473414003364,,Paste viscosity low; Ambient temperature high,603,9.015,0,No Defect
0.04240077917711941,102.86477393847971,169.558290812737,44.18855410088749,24.18830960945179,,,604,9.02,0,No Defect
0.039222875687623455,100.66802566580753,212.91554575291977,39.431288280573774,22.89928370904205,,,605,9.025,0,No Defect
0.03502281523406837,95.19478522247768,227.49438194109132,36.62331586689471,22.794994971301378,Paste volume per aperture low,,606,9.03,0,Open Circuit
0.04089384019359764,101.53642790280585,187.5156827115926,41.27926101268947,23.937366482437184,,,607,9.035,0,No Defect
0.04122056232635102,102.6117537497028,189.79652055251958,39.175710015257565,24.41339953839564,,,608,9.04,0,No Defect
0.03589968076796814,98.79591782662163,252.07872392301698,31.441356423291595,22.810458055357035,Paste volume per aperture low,Paste viscosity high,609,9.045,0,Open Circuit
0.03725636041402648,97.34665476292777,204.31645468371116,36.9670736730584,24.143631503197525,,,610,9.05,0,No Defect
0.03828627330426557,98.60615770089458,203.14668418254732,38.793618910163154,23.694100673770198,,,611,9.055,0,No Defect
0.04063497414583436,101.28720115854931,187.7969629807691,40.641887396352985,24.11551969857513,,,612,9.06,0,No Defect
0.04064325492789735,104.42802283181697,230.81727830285965,35.92144862977355,22.855300260191573,,,613,9.065,0,No Defect
0.037461068616362184,101.16736097632995,255.10702088445888,35.087255882023285,21.582314770360867,,Paste viscosity high,614,9.07,0,No Defect
0.04363651112546097,105.94761524130992,192.1431160338478,43.99776483520021,22.89885360802456,,Stencil thickness high,615,9.075,0,No Defect
0.042401319052084975,103.75913133733484,170.74676941786214,33.938122724168764,27.14378984914631,,Ambient temperature high,616,9.08,0,No Defect
0.040620064001767944,101.68194981155484,202.8127387915955,42.40807099703023,22.69531289540779,,,617,9.085,0,No Defect
0.03636365428649638,98.6513193263206,242.19790841570884,33.961095994592824,22.707369989461277,,,618,9.09,0,No Defect
0.04255920241267942,105.26680276101013,205.90004906608448,41.623137287337926,22.750649407800438,,Stencil thickness high,619,9.095,0,No Defect
0.038586064283016794,101.01474236436903,239.71264959974758,43.06860378041255,20.222418023782957,,,620,9.1,0,No Defect
0.040722911623025916,99.92483114961072,172.40264421076128,47.20415781882066,23.16493187109822,,,621,9.105,0,No Defect
0.037676184831029184,98.39415272779782,209.69174509619896,35.556364651985085,24.26038494732436,,,622,9.11,0,No Defect
0.040503000786345826,101.35228747561544,186.90391161282898,39.9504610147266,24.394433245981467,,,623,9.115,0,No Defect
0.039032774024892206,99.2543967597388,198.3926938073466,41.93422616402075,23.10531229995721,,,624,9.120000000000001,0,No Defect
0.04147946386305964,99.75222945690209,159.49341052579734,51.922663664292266,22.596514923292297,,Ambient RH high,625,9.125,0,No Defect
0.0398215126830549,100.90324293179009,188.3104437669878,35.96814828757672,25.471431105114416,,,626,9.129999999999999,0,No Defect
0.04088609862842752,103.45098676877234,205.3365403738416,35.30241529518136,24.635235997904584,,,627,9.135,0,No Defect
0.041693721928050584,99.63640636641723,143.40924292316612,46.982426619539254,25.0360736649201,,Paste viscosity low,628,9.14,0,No Defect
0.040940188502720465,101.01281955381044,173.51100102122092,40.517421899586964,25.072034391957445,,,629,9.145,0,No Defect
0.04168414674878656,102.26342610720367,159.17885643800219,32.403874652138846,28.328496592841393,,Ambient temperature high,630,9.15,0,No Defect
0.03673710087758,96.01414355025486,200.36780829488774,42.20013274266439,22.90118846405174,,,631,9.155,0,No Defect
0.03878686402728609,100.60363441949305,215.1463982899706,34.773149854998124,24.186948185949586,,,632,9.16,0,No Defect
0.036495969215012795,97.0431096270404,219.70189724956305,37.66081670804296,23.04725417878879,,,633,9.165,0,No Defect
0.038108306417448036,100.1519806613571,217.27489173295257,32.61002879094521,24.683393301467877,,,634,9.17,0,No Defect
0.038494969242866287,97.42310830627356,178.10634175332308,42.239446641858706,24.280075772137973,,,635,9.175,0,No Defect
0.04195705264580932,103.86804527796969,187.96040348748244,36.37644688954348,25.420697955803778,,,636,9.18,0,No Defect
0.0426614332447982,101.99123749698285,161.9839801181016,50.7927746635564,22.810769527317103,,Ambient RH high,637,9.185,0,No Defect
0.03918053954402536,101.37601627783307,236.80222227602366,44.0337983194569,20.173527226300823,,,638,9.19,0,No Defect
0.0362395794557617,98.43574909782126,229.4984538866006,26.699163860832,25.659647022663517,,Ambient RH low,639,9.195,0,No Defect
0.0403703905194262,102.13284840989182,207.3952296422408,41.672955445175404,22.675635786412123,,,640,9.2,0,No Defect
0.038645865510772155,98.60975268379754,200.46957169285028,44.86413868825195,22.158687035856225,,,641,9.205,0,No Defect
0.042367239439514155,101.72029281947782,170.07258713989148,53.943207200664176,21.403483479949536,,Ambient RH high,642,9.21,0,No Defect
0.04356397737320418,102.19728152940029,135.79207809357524,46.02875304834377,25.834339029604706,,Paste viscosity low,643,9.215,0,No Defect
0.037899494821666865,100.15725367550036,240.93639744364657,41.11665295351415,20.77260306852153,,,644,9.22,0,No Defect
0.03802404288316114,97.8728111177963,206.6402372464725,45.67461257889297,21.548956158798994,,,645,9.225,0,No Defect
0.0391640918861136,97.24194852223974,157.6879899921156,43.938911686919404,25.066552881995417,,,646,9.23,0,No Defect
0.040379000005099606,103.00797008557649,208.64299154116762,33.37148150881034,25.04264895318964,,,647,9.235,0,No Defect
0.040025001306398016,105.44619573483459,246.07975895770173,27.262257993447133,24.527012235324197,,Stencil thickness high; Ambient RH low,648,9.24,0,No Defect
0.041544004742743765,103.32082808897437,192.0719381303869,38.19866886617492,24.664155741171133,,,649,9.245000000000001,0,No Defect
0.041206623503861776,102.76772379663363,201.45049629796497,44.116525556288245,22.359115052398938,,,650,9.25,0,No Defect
0.04029621038534366,100.08676633477035,174.8638526155128,42.08069460586249,24.57888240042353,,,651,9.254999999999999,0,No Defect
0.039523728405510564,100.70500511424707,198.1155777999456,37.80779977934983,24.39632201183642,,,652,9.26,0,No Defect
0.04388284838764325,103.6741737011253,150.18611727959342,45.917791218499346,25.0086273070171,,,653,9.265,0,No Defect
0.03956861878376483,99.3686168597425,191.82802072296738,46.11921366440803,22.362478809241424,,,654,9.27,0,No Defect
0.0427111743362467,105.57554258454374,204.1680104402746,40.14683307348494,23.378188363300673,,Stencil thickness high,655,9.275,0,No Defect
0.03827641030101873,99.43018574807101,198.36887932806198,31.749508656837733,26.149880189986852,,Ambient temperature high,656,9.28,0,No Defect
0.04300715991269917,103.61760630371667,169.08751499965933,42.73196690375292,24.784463157086766,,,657,9.285,0,No Defect
0.042837364863342206,100.20842650886212,137.22179865215423,55.35632783820468,23.052501232991204,,Paste viscosity low; Ambient RH high,658,9.29,0,No Defect
0.037849146152751444,101.47108669697195,243.50506516354224,27.829697314871215,24.5351362529861,,Ambient RH low,659,9.295,0,No Defect
0.04067717787050863,100.37325397806732,177.4204455116505,42.8640850723574,24.224691511691848,,,660,9.3,0,No Defect
0.0421229680211179,104.02370239616228,197.29823550721167,44.45024631327271,22.548996833706877,,,661,9.305,0,No Defect
0.037635999988415964,99.41355273829176,241.76258779149796,41.870055053805466,20.54910068425966,,,662,9.31,0,No Defect
0.0408329807868037,101.85281424088879,185.6471444358259,39.22165189188048,24.786139344792637,,,663,9.315,0,No Defect
0.04039230469762542,100.13530409988168,167.73781662712844,38.09657246349142,26.214271118273054,,Ambient temperature high,664,9.32,0,No Defect
0.04095043671238635,102.04552316584939,188.59005335938815,37.53881219723517,25.108691674722706,,,665,9.325,0,No Defect
0.04182773789279089,100.60513462658058,166.15282833622416,52.86252985171876,22.016984217906646,,Ambient RH high,666,9.33,0,No Defect
0.0373154586053431,96.36357314794769,191.5641060325753,41.202415750507065,23.82850544842932,,,667,9.335,0,No Defect
0.041412308235315595,102.14359121643065,177.13294335145343,40.41756714290756,24.975914063216326,,,668,9.34,0,No Defect
0.04325728400304503,103.9242799569648,180.90496761308987,50.8870193241415,21.707312593350593,,Ambient RH high,669,9.345,0,No Defect
0.038961096615448366,99.54387576508667,203.98292865963637,41.43229462393324,23.021370974404686,,,670,9.35,0,No Defect
0.03966870189685374,100.8798143461771,188.998658248806,32.667885139496875,26.505731054097577,,Ambient temperature high,671,9.355,0,No Defect
0.03769308951275342,96.25349604266788,170.53229113637835,34.34935166147285,27.139131681260622,,Ambient temperature high,672,9.36,0,No Defect
0.04390693435487082,104.20722863992134,161.08447962060106,47.058510178517515,24.056244112211463,,,673,9.365,0,No Defect
0.03984509658167855,99.1412053022561,187.24851691690856,50.82570922227002,21.318115216797196,,Ambient RH high,674,9.370000000000001,0,No Defect
0.037951724681462275,98.62158457892399,202.9703000673508,35.89984850821048,24.701391956811843,,,675,9.375,0,No Defect
0.044330573332039554,107.20387450544551,192.89786666618093,43.45290599877661,23.16647933366442,Paste volume per aperture high,Stencil thickness high,676,9.379999999999999,0,Solder Bridging
0.03887198489278391,98.73441151963931,192.5451558224009,42.5921199238329,23.398686756165766,,,677,9.385,0,No Defect
0.036845671106607775,96.72796206856668,207.05011532825662,38.49224270363384,23.694555648943325,,,678,9.39,0,No Defect
0.03722772887449415,99.07265822550674,241.75114497244886,43.67031417248774,20.05392646620274,,,679,9.395,0,No Defect
0.04098296358887598,102.92179212452777,205.49925726210736,39.95808002511343,23.399794397795187,,,680,9.4,0,No Defect
0.034934968414964164,97.04363844261346,252.98618951067647,32.48555510387723,22.622877995112123,Paste volume per aperture low,Paste viscosity high,681,9.405,0,Open Circuit
0.03864998818916419,99.1275771546412,216.1607947282847,45.43116038625301,21.136587901297,,,682,9.41,0,No Defect
0.03970591783404182,102.04892917983854,220.7258365456227,36.15265253579629,23.577010802538823,,,683,9.415,0,No Defect
0.03878516175600504,99.74977155556512,210.63610615320698,40.91695898385427,22.795667588675865,,,684,9.42,0,No Defect
0.042128108613955044,103.585436905107,198.85312750645056,47.01694700343735,21.766897332985366,,,685,9.425,0,No Defect
0.040933190005559936,104.03142482785572,223.92076013938436,38.74773196036811,22.637459752273553,,,686,9.43,0,No Defect
0.04177826362568011,103.7157722325018,189.13242953132624,34.12262227304947,26.133590387819666,,Ambient temperature high,687,9.435,0,No Defect
0.040291073394205464,100.44528696286874,186.3606385117558,44.78618454382228,23.17379780179232,,,688,9.44,0,No Defect
0.03771773992487349,98.62628966766398,209.2792199321167,34.476288813111914,24.76469325785075,,,689,9.445,0,No Defect
0.03904460708757212,98.23520177771448,180.89053258507448,41.42480948294202,24.491177306104554,,,690,9.45,0,No Defect
0.04410638136948439,106.81200820638792,188.35423969067818,40.09236921245258,24.46359588819352,Paste volume per aperture high,Stencil thickness high,691,9.455,0,Solder Bridging
0.043391806975519434,107.31019943002525,213.9112944272892,40.129565866030994,22.879230236233546,,Stencil thickness high,692,9.46,0,No Defect
0.03732626437535193,97.78022310506812,212.7986475376793,38.07115120578033,23.50630660161825,,,693,9.465,0,No Defect
0.03981718141520918,100.76591306209056,200.11386442351773,38.76825408532422,24.10478898645542,,,694,9.47,0,No Defect
0.037430557828724634,99.96816954263166,224.29047287478596,28.55753267463799,25.57973083369765,,Ambient RH low,695,9.475,0,No Defect
0.039395574456058895,96.55683745572443,149.2763308328998,45.653109243257276,25.212034025506515,,Paste viscosity low,696,9.48,0,No Defect
0.03896945346146965,102.33354546991542,243.49862447924298,35.38520167837501,22.431442442763057,,,697,9.485,0,No Defect
0.039345895704128026,100.09181972676599,204.13812211059914,40.88464581072546,23.244725704036735,,,698,9.49,0,No Defect
0.043870720303222206,106.15829031682495,186.9273982098674,41.49314183423703,24.160305337899167,,Stencil thickness high,699,9.495000000000001,0,No Defect
0.042361533322949875,102.48316898694242,169.7682805309802,44.701937561323895,24.265867436222745,,,700,9.5,0,No Defect
0.03725477654404059,98.80361145229115,226.8546167084491,36.46441585631702,23.129415489115583,,,701,9.504999999999999,0,No Defect
0.04244190265482674,102.18709604243624,175.92863141930198,48.832335347434565,22.692747552994806,,,702,9.51,0,No Defect
0.040950962640459006,100.81761479766557,179.7087635240536,46.61274732137279,23.091100857083845,,,703,9.515,0,No Defect
0.04100559670879413,98.32315022248974,135.04919525215047,47.343685124534844,25.618804780962215,,Paste viscosity low,704,9.52,0,No Defect
0.037651990013341706,98.41484442703118,228.39920651296916,42.61637810239209,21.258119946450662,,,705,9.525,0,No Defect
0.042995182346616284,106.84030951951361,214.26189882730034,35.81888614491446,24.152799211980458,,Stencil thickness high,706,9.53,0,No Defect
0.043189224428805524,105.26409883712647,183.89094791616296,38.67778671205804,25.181831020826415,,Stencil thickness high,707,9.535,0,No Defect
0.04066177308659274,103.89536669772379,230.62707891417676,38.03533898302645,22.487851278973817,,,708,9.54,0,No Defect
0.040626330982882694,102.7123561657129,219.58447418238558,42.22698469418815,21.943858025372545,,,709,9.545,0,No Defect
0.03893697768777005,97.63824916376419,178.7334595878969,48.05593011805231,22.727132563878033,,,710,9.55,0,No Defect
0.03993543190154221,101.94989172239563,214.33553943230234,38.313707194983735,23.404637428602964,,,711,9.555,0,No Defect
0.040465623073701884,100.38168212316974,165.62197932151395,36.807152917227555,26.835285267138428,,Ambient temperature high,712,9.56,0,No Defect
0.04010333295843237,101.49816181503891,211.47808638290238,43.45969716247031,22.083069197923543,,,713,9.565,0,No Defect
0.03940497222911836,102.42438924764436,233.34684857608127,36.84905155998331,22.668255578409937,,,714,9.57,0,No Defect
0.04057397283543357,100.3741378989324,174.28404612112007,39.769653117377004,25.452783239519928,,,715,9.575,0,No Defect
0.04424999542109201,107.29463765773458,208.4699330634763,45.78170269167591,21.634014965310964,Paste volume per aperture high,Stencil thickness high,716,9.58,0,Solder Bridging
0.03741270920887807,97.41657605990754,198.9485584287176,37.68506606914676,24.522480991955188,,,717,9.585,0,No Defect
0.04213698625167003,104.08895141484884,212.4251549928345,46.5442858660645,21.157452361376517,,,718,9.59,0,No Defect
0.042293125953614376,101.87638201736415,170.09703149633168,49.35754145666852,22.931179167048214,,,719,9.595,0,No Defect
0.03835195351277125,98.31732393121302,212.42460460472023,47.366945446003065,20.887929302832255,,,720,9.6,0,No Defect
0.03841803276067305,98.2912091117429,203.83121185225275,42.43245098570717,22.861893123733292,,,721,9.605,0,No Defect
0.04006806207060358,101.27724657280113,200.47152672502023,39.66897574092252,23.88542900281113,,,722,9.61,0,No Defect
0.04146943158211335,101.03034941474577,166.91229627937332,45.185599106965924,24.34492276929405,,,723,9.615,0,No Defect
0.037253988652938004,98.82260726360995,213.84143476566197,29.135243148705833,26.123338908461026,,Ambient RH low; Ambient temperature high,724,9.620000000000001,0,No Defect
0.038104012647026626,97.89155376456986,202.84598781951692,40.880695133706496,23.382827643941965,,,725,9.625,0,No Defect
0.04119300932800305,101.27862034110144,176.46319169270558,43.39499563602578,24.287953665638934,,,726,9.629999999999999,0,No Defect
0.04053369362977516,101.06156041898153,191.72215738639483,42.702565558409766,23.553638298512617,,,727,9.635,0,No Defect
0.039006030094180195,99.76844126585834,196.79256012452745,35.96162580260193,25.200206014599292,,,728,9.64,0,No Defect
0.03777166978746538,99.19578286103166,223.58716712053183,38.5608613418209,22.788409361556642,,,729,9.645,0,No Defect
0.04081619261637151,102.67662295404484,208.14333237014765,39.69827165582971,23.434675048176537,,,730,9.65,0,No Defect
0.04072835816063317,101.77191023349671,179.84447876457017,33.797805169299494,26.891652706898945,,Ambient temperature high,731,9.655,0,No Defect
0.03927984476755579,99.2194062492152,193.3419331233545,43.05773378677025,23.351323767503395,,,732,9.66,0,No Defect
0.037483995739325406,99.61371556420593,238.01485291683923,36.89249766425709,22.400187602339386,,,733,9.665,0,No Defect
0.04205913425641441,104.39765861500649,194.00299626332827,36.89349185471577,25.13561658556982,,,734,9.67,0,No Defect
0.040145763719542905,101.28462164101663,199.31567023965692,41.05331075468683,23.581653209633995,,,735,9.675,0,No Defect
0.037760669259491265,98.1989208765715,210.2181475192619,40.959572187843385,22.92354962275109,,,736,9.68,0,No Defect
0.038298748262980416,103.05643293977542,265.0734821181128,33.44564344765277,21.75882629272631,,Paste viscosity high,737,9.685,0,No Defect
0.04106683210465684,103.35243075051514,217.58152711875573,44.36940869894856,21.508220227653347,,,738,9.69,0,No Defect
0.03936975941839183,99.53692242582504,195.54016317063537,43.40370384043468,23.13113878126871,,,739,9.695,0,No Defect
0.04213057083248291,105.33403559349725,206.82538190652423,33.78781338036744,25.274937273512126,,Stencil thickness high,740,9.7,0,No Defect
0.04061529086348662,100.85079515576084,194.31434099370404,47.48089674134629,22.032278416913826,,,741,9.705,0,No Defect
0.03712787507734783,96.1761171881429,197.04392013618553,38.73721639499023,24.398484270909197,,,742,9.71,0,No Defect
0.03968365862160227,105.57234918808463,284.44952289680475,37.83046450641185,19.319703593797605,,Stencil thickness high; Paste viscosity high; Ambient temperature low,743,9.715,0,No Defect
0.04199137510502286,105.56694856679368,207.83428259222404,29.105830765667633,26.59057486022037,,Stencil thickness high; Ambient RH low; Ambient temperature high,744,9.72,0,No Defect
0.04116559930008027,102.92996417541603,208.84301170886283,41.89577088662829,22.78963309623565,,,745,9.725,0,No Defect
0.04171621116327541,101.49058728919522,155.9403821381166,37.570526724442296,27.299974098275882,,Ambient temperature high,746,9.73,0,No Defect
0.03975585973536236,100.08582492794464,191.44062985544144,40.019544544338075,24.39585531012487,,,747,9.735,0,No Defect
0.03857048640600138,100.3694599134382,223.64281580526682,38.21500803687091,22.938923256729225,,,748,9.74,0,No Defect
0.039636955012245075,97.38461347269327,159.91079308621602,48.570041555300804,23.83279487125045,,,749,9.745000000000001,0,No Defect
0.03882801984008457,100.33646601950284,224.40767319456654,41.44481324312281,21.95768596674943,,,750,9.75,0,No Defect
0.036061734298631444,97.23151909223584,246.33790587071326,42.74657506650971,20.210947994208375,,,751,9.754999999999999,0,No Defect
0.04064423323093995,101.6393950617363,189.14124861452314,39.06323488148963,24.83163069617762,,,752,9.76,0,No Defect
0.04003523025581119,99.58235424259372,189.22107651892784,48.321973438206115,22.122116377895182,,,753,9.765,0,No Defect
0.04200386311432789,102.26636261291355,169.23265738478054,39.95666119072021,25.811743390800938,,,754,9.77,0,No Defect
0.04094318520796291,99.20353905861484,147.06920075949563,39.36305114605377,27.341817753621775,,Paste viscosity low; Ambient temperature high,755,9.775,0,No Defect
0.03969932705845684,100.2171582572461,188.260857837379,35.424520050573456,25.954950855787487,,,756,9.78,0,No Defect
0.038898778858981214,100.381064380532,208.4518272030639,35.03026179498028,24.823925753668984,,,757,9.785,0,No Defect
0.041172456464790896,101.55908026854813,184.61017312498169,43.07991603511305,23.958247782134123,,,758,9.79,0,No Defect
0.03934870853461075,100.10735747404026,203.0970471959991,39.136449068255224,23.965240863204016,,,759,9.795,0,No Defect
0.0372226191074509,95.82589002542363,179.94048633596404,37.62865250234721,25.807880941292893,,,760,9.8,0,No Defect
0.04102733833770981,102.08210516698955,178.9795398192377,35.13193198217746,26.62695163473574,,Ambient temperature high,761,9.805,0,No Defect
0.03801206293945558,99.64552448405246,217.45968981438133,33.722968315193114,24.65783626390475,,,762,9.81,0,No Defect
0.03641340513055576,96.84124272707153,218.4714235257486,36.163422607080975,23.874345253824526,,,763,9.815,0,No Defect
0.039200116689944574,100.60465156575798,211.18099167264566,38.4105643736137,23.688584530527987,,,764,9.82,0,No Defect
0.042343685426716654,101.57655063311671,161.9224760912025,49.36885596065446,23.535916151214252,,,765,9.825,0,No Defect
0.039594908404516564,99.80019867832472,199.70779104641505,42.743564179437016,23.139666328168623,,,766,9.83,0,No Defect
0.039204799781962285,102.05973122777563,233.7721798221479,35.46348925848851,23.173316042605684,,,767,9.835,0,No Defect
0.03877122284977437,98.70242430858565,201.850301765201,42.2329144482811,23.155240357300283,,,768,9.84,0,No Defect
0.041656635808397596,104.28832526202646,206.29443205782098,36.82904343132757,24.482047671901935,,,769,9.845,0,No Defect
0.03895056342320547,100.68593165381628,227.1212132512615,40.347364945858374,22.160998626314008,,,770,9.85,0,No Defect
0.039697369330041817,98.5956125123209,178.20769719636354,44.82762284172866,23.860563743136012,,,771,9.855,0,No Defect
0.039096004982717876,98.90368920337501,190.79259709782406,40.99843854689508,24.202519403176662,,,772,9.86,0,No Defect
0.03854292158102902,100.01409347707295,229.2102211372377,43.342984622217294,21.15879920865951,,,773,9.865,0,No Defect
0.03721926000706968,98.44714200049332,216.42678855063576,30.63222325453904,25.649113143202435,,,774,9.870000000000001,0,No Defect
0.04238405256512193,104.79807420304499,202.9509413267961,38.606939805645894,24.191595363681714,,,775,9.875,0,No Defect
0.04060346428540744,101.85474953392826,185.91957838954298,32.56840934958283,26.985139003579768,,Ambient temperature high,776,9.879999999999999,0,No Defect
0.04107269605877839,98.7632026369007,146.2595799391426,47.293469015135216,25.1228142488028,,Paste viscosity low,777,9.885,0,No Defect
0.04138586275977589,103.24576735475684,195.6547962983519,34.46069465918258,25.84930864410683,,,778,9.89,0,No Defect
0.04200347701626255,105.07919379079614,218.12484816017383,41.17040640263375,22.51354923608706,,Stencil thickness high,779,9.895,0,No Defect
0.0388876440430435,99.67690945147466,217.60806347031493,43.6268864603705,21.809361735513505,,,780,9.9,0,No Defect
0.039355875093146184,102.32849510174466,221.73848636398466,31.318707534831443,25.150561005453206,,,781,9.905,0,No Defect
0.03716916413842966,98.48027786720093,232.977631773771,38.54103434158057,22.341806809200918,,,782,9.91,0,No Defect
0.03981629090672032,100.66618182070827,203.505742691825,43.243271805166316,22.795480000331327,,,783,9.915,0,No Defect
0.04371140188563321,105.0266074942142,174.03896085563704,40.07644495681591,25.567474058338508,,Stencil thickness high,784,9.92,0,No Defect
0.0393271544526237,101.74777010576669,227.8162251151127,36.41367790568988,23.30434622836221,,,785,9.925,0,No Defect
0.04134320539184433,104.61415560933652,227.09529045603492,41.102941668405606,21.992957251395314,,,786,9.93,0,No Defect
0.04077670672838566,103.62883332878067,209.98863007124837,32.10402456851028,25.66963736579973,,,787,9.935,0,No Defect
0.040758387003981114,103.58057929565913,214.9546438272706,31.899215499413287,25.432492770656623,,,788,9.94,0,No Defect
0.04182714205059866,103.60842840267404,200.11942969648499,41.54966997653972,23.530642655327295,,,789,9.945,0,No Defect
0.04103069841033681,100.75219903616798,190.80126150086605,51.92988440185296,21.065914930737208,,Ambient RH high,790,9.95,0,No Defect
0.03877709926901528,99.61111340242061,205.66005249829618,39.60786666567727,23.73404993729936,,,791,9.955,0,No Defect
0.038536580671279866,102.34652382703501,249.7010086380353,34.025391301456246,22.66360873731828,,,792,9.96,0,No Defect
0.04072630860573986,102.16402860421931,187.4122359222275,36.11143460412513,25.891527729383814,,,793,9.965,0,No Defect
0.03920552475786208,98.52149301579489,186.14107476149672,43.67942995943453,23.75582584567975,,,794,9.97,0,No Defect
0.040383195601867344,102.11191459738143,217.6226212135764,44.713474670142226,21.53348473212729,,,795,9.975,0,No Defect
0.04272541595616146,106.1548203138144,234.99041354990777,47.56626961665481,19.661092557744787,,Stencil thickness high; Ambient temperature low,796,9.98,0,No Defect
0.035835359068627226,97.63419497856245,238.78816900433253,34.46429112887799,23.1915249949742,Paste volume per aperture low,,797,9.985,0,Open Circuit
0.03662127409727293,96.8812850365149,201.97674378006522,31.822609242013243,26.23211276354531,,Ambient temperature high,798,9.99,0,No Defect
0.04005692122435009,97.90338946695294,155.210448291542,47.31433851837904,24.60588868321578,,,799,9.995000000000001,0,No Defect
0.03827282885018483,99.19069882226034,212.54760724528572,38.875860557068556,23.54346337886894,,,800,10.0,0,No Defect
0.04118526077533058,98.08887794020457,131.79635437014502,46.43702606498121,26.31735290620043,,Paste viscosity low; Ambient temperature high,801,10.004999999999999,0,No Defect
0.040045266526138074,98.89770921164465,164.20163401575584,41.05453629431386,25.892205733174354,,,802,10.01,0,No Defect
0.03884162841673173,99.08143945447382,203.95094876721555,41.82536723758547,23.22381299010687,,,803,10.015,0,No Defect
0.04434033541222726,103.16196483022573,125.23010374450509,43.69201717085555,27.549864285981325,Paste volume per aperture high,Paste viscosity low; Ambient temperature high,804,10.02,0,Solder Bridging
0.03936345715411769,99.15032109124108,187.14476291776134,42.87345010973292,23.95164529278703,,,805,10.025,0,No Defect
0.04172463069310627,100.55643534839635,150.11662660186713,38.23736180629586,27.609060158874502,,Ambient temperature high,806,10.030000000000001,0,No Defect
0.041913610167997314,103.64582050449555,194.43951194440837,39.81298001375834,24.426801437792236,,,807,10.035,0,No Defect
0.04040956138217969,102.51495691935007,200.95903455379894,33.025847029106615,25.997403478099216,,,808,10.04,0,No Defect
0.03916971099814157,101.17674917048016,240.42859128508636,46.598267428710265,19.60837473652363,,Ambient temperature low,809,10.045,0,No Defect
0.03852372861305853,99.75037470017001,218.0914446498836,39.67934273115144,22.994249417244955,,,810,10.05,0,No Defect
0.040412767501471596,103.5602565951267,229.68050726913265,39.01843758312267,22.49161190995993,,,811,10.055,0,No Defect
0.04149996022127427,102.87059730917802,187.57825342141274,37.99615344454424,25.384973348065948,,,812,10.059999999999999,0,No Defect
0.03873410463519009,99.96979436981934,215.50912816643665,37.43822255858677,23.81895613157532,,,813,10.065000000000001,0,No Defect
0.04114413440436984,101.03603739761034,166.17486877244244,37.8366023492825,26.747202439170298,,Ambient temperature high,814,10.07,0,No Defect
0.04022630501508673,100.63027470902419,176.69813736563233,33.85316785828152,27.26006401637614,,Ambient temperature high,815,10.075,0,No Defect
0.041267457030902406,101.16711251129156,188.1842390241686,46.660041467893684,22.832051784080022,,,816,10.08,0,No Defect
0.03955131427421211,101.78867617681715,221.36821949691338,38.80062223041962,23.071116445896454,,,817,10.085,0,No Defect
0.037802525123458386,100.88142290924961,244.5746758997343,33.28215670950704,23.249311257002077,,,818,10.09,0,No Defect
0.0379358696905249,99.77546461863176,223.47700807642556,33.72998827685335,24.416854776075816,,,819,10.094999999999999,0,No Defect
0.036999236702490244,96.77547222220898,216.48166737939604,44.82978815753936,21.597994247856633,,,820,10.1,0,No Defect
0.04048629870675627,100.98754285815049,199.98560361789404,45.822628861300316,22.352970439944162,,,821,10.105,0,No Defect
0.04229230441360487,102.066745855671,177.9857722185023,48.13981071744618,23.046190531684093,,,822,10.11,0,No Defect
0.03925456944540022,99.8316389502095,187.31342971778344,32.73205084412058,26.946521746854497,,Ambient temperature high,823,10.115,0,No Defect
0.0387845778694999,99.51899965302225,213.19580899608266,42.64431437704894,22.46244754774993,,,824,10.120000000000001,0,No Defect
0.037808727856700176,97.42669240455345,211.47473964729525,45.36626970055308,21.770480122428165,,,825,10.125,0,No Defect
0.039513825825770225,100.45549523249127,211.31107497178985,44.8862970368901,21.931025210669475,,,826,10.129999999999999,0,No Defect
0.03922343119010617,100.07684571700169,207.13238318318662,41.68388440142054,23.12300337128277,,,827,10.135,0,No Defect
0.04123790443011435,104.63248483307848,226.5360020868963,38.298733884506504,22.940858170259176,,,828,10.14,0,No Defect
0.03473797933284637,96.25792214129653,246.95846744490433,31.968160455274315,23.488656874101146,Paste volume per aperture low,,829,10.145,0,Open Circuit
0.03987917967451029,102.50594928535314,224.3678860935735,35.824513495105236,23.792483854924313,,,830,10.15,0,No Defect
0.039565691597228836,101.28918008081338,210.56175217606233,35.43014489408663,24.753830074725933,,,831,10.155000000000001,0,No Defect
0.0400256600198224,101.67786930222947,207.6202346739447,35.18259755870902,25.015592677150394,,,832,10.16,0,No Defect
0.04158780603209792,102.071932140925,180.23034804560046,43.137270161114714,24.38068806443337,,,833,10.165,0,No Defect
0.03691406491829277,97.60419032241678,216.63241132294502,34.04549963676081,24.77197172619249,,,834,10.17,0,No Defect
0.04098311599415997,101.89785694440212,194.55968591079002,44.65670998756182,23.055653668060952,,,835,10.175,0,No Defect
0.04055675656262474,100.72032701233515,179.47592370367144,38.395775650532535,25.813587430882198,,,836,10.18,0,No Defect
0.040719028169994856,105.17150915728678,237.0710302005473,30.843021726375596,24.48865943143302,,Stencil thickness high,837,10.184999999999999,0,No Defect
0.04079168200979241,102.11299638677733,208.46241445238047,41.23350525495028,23.2186810227378,,,838,10.190000000000001,0,No Defect
0.039008138024885786,101.58048856852194,218.61884071603694,26.15183322704572,26.98746136495543,,Ambient RH low; Ambient temperature high,839,10.195,0,No Defect
0.040487366350837634,99.77495449328502,167.24468625618348,39.02267387926235,26.39007753937225,,Ambient temperature high,840,10.2,0,No Defect
0.03874723603105811,100.41229481830132,199.23016838967655,26.116293719396964,28.183514590126634,,Ambient RH low; Ambient temperature high,841,10.205,0,No Defect
0.03948726403801566,99.60196013213609,198.63415242748442,41.233752853040855,23.81825240131385,,,842,10.21,0,No Defect
0.04111679178226388,104.8240431829154,225.75208352086028,34.55600449847445,24.113460730111164,,,843,10.215,0,No Defect
0.03521557806108057,97.40534419046969,253.2271498873169,33.7749872871412,22.609045747598692,Paste volume per aperture low,Paste viscosity high,844,10.219999999999999,0,Open Circuit
0.04103991502769463,104.76346179749964,232.97259881312266,37.484795248098024,22.819605909011784,,,845,10.225,0,No Defect
0.0368579024593498,99.81170137062504,246.87046467360318,31.08855918525871,23.80237262571913,,,846,10.23,0,No Defect
0.037640829424566216,100.71267573212833,244.4337572115304,33.931405028131785,23.127897224787034,,,847,10.235,0,No Defect
0.03631581209626814,98.57214563405594,241.72690359720974,32.18672059797353,23.796818701166632,,,848,10.24,0,No Defect
0.03691343483179002,98.07623780919592,242.2276585975631,44.34261451494663,20.2254330297773,,,849,10.245000000000001,0,No Defect
0.042150915871669345,103.38034779668472,189.49920591329624,41.00967375263259,24.48060517309472,,,850,10.25,0,No Defect
0.04207110740116486,101.72854404693763,177.51610173178562,49.56490648208664,22.7172295159154,,,851,10.254999999999999,0,No Defect
0.04199547666766659,102.47633138213739,184.4976298505403,45.29281892152935,23.538113075273298,,,852,10.26,0,No Defect
0.040987225545993114,102.33450991824333,184.28021068269874,31.816679398134816,27.481358795813115,,Ambient temperature high,853,10.265,0,No Defect
0.03973569867469371,99.85978858752499,181.7539033089768,35.079077098136906,26.67611437111913,,Ambient temperature high,854,10.27,0,No Defect
0.0397974169879568,99.80835790362184,182.55415304441442,38.10244732418889,25.74446771334206,,,855,10.275,0,No Defect
0.04418684175375289,102.82414949814428,145.95841784471307,54.44617836695008,23.252859098131275,Paste volume per aperture high,Paste viscosity low; Ambient RH high,856,10.280000000000001,0,Solder Bridging
0.040406515202136783,100.62655821155425,188.9751426012776,44.500147386737254,23.48814940804838,,,857,10.285,0,No Defect
0.041017325089325825,101.2771481833138,173.07135492420332,36.98594389271689,26.668592704463144,,Ambient temperature high,858,10.29,0,No Defect
0.03694533897221645,96.26797101499857,202.60716006268962,38.797755536499785,24.29994563758019,,,859,10.295,0,No Defect
0.039152712602320616,98.00744542517484,171.83271839514072,40.669342155143404,25.656386195419174,,,860,10.3,0,No Defect
0.036803915355105445,96.76257467396088,216.58133964258326,40.55702071220829,22.930398063497346,,,861,10.305,0,No Defect
0.040088727044264055,98.37063476975784,167.47700374463835,47.470079287865815,23.951123946529492,,,862,10.309999999999999,0,No Defect
0.04201206330385879,101.22011249882394,169.95570026638796,49.66785139924451,23.17571417217987,,,863,10.315000000000001,0,No Defect
0.039960248495816614,100.69932342341984,206.78164585586117,43.020022140684866,22.846561697329488,,,864,10.32,0,No Defect
0.04207282653555992,102.07726692840143,178.65936717204477,49.491457642044196,22.6939785173868,,,865,10.325,0,No Defect
0.04136286979575211,100.5288459857767,171.6844147740423,47.79373853166957,23.61786161023229,,,866,10.33,0,No Defect
0.03870871833730463,97.11315702985083,179.68019971826703,42.37607696987059,24.69588105800547,,,867,10.335,0,No Defect
0.041882564221741726,103.06592446463634,203.47813905885383,49.66317288209975,21.12835966632043,,,868,10.34,0,No Defect
0.040054632577950895,100.87856623044087,187.40714542078624,33.44931052590593,26.839578589100277,,Ambient temperature high,869,10.344999999999999,0,No Defect
0.03592712524218667,96.89399407233708,229.9735626160655,32.18255510137209,24.5697303678488,Paste volume per aperture low,,870,10.35,0,Open Circuit
0.041431897983331835,102.66516428979295,191.4799913283251,40.61283279804199,24.509946309332964,,,871,10.355,0,No Defect
0.04061487262200582,100.26904280026655,180.61187188173358,45.69864906275586,23.68601489934898,,,872,10.36,0,No Defect
0.04419632557760401,104.29688419269733,157.8719028112995,45.41393646439291,25.19962733519741,Paste volume per aperture high,,873,10.365,0,Solder Bridging
0.0365151854897362,96.58700290469496,207.52839195900057,34.137533073272294,25.3840878015937,,,874,10.370000000000001,0,No Defect
0.04129214998532811,98.62112073490385,156.67734970986285,55.87993752112617,22.196437210295837,,Ambient RH high,875,10.375,0,No Defect
0.040314289309094156,101.46666444957275,196.4647057398293,37.79665253185867,25.029024366232914,,,876,10.379999999999999,0,No Defect
0.0391911898781412,99.04851880948765,182.0506149664778,36.36712230160094,26.323664107574224,,Ambient temperature high,877,10.385,0,No Defect
0.04102987687174859,103.14615720667372,211.12589273353137,39.12739563116687,23.753300284068416,,,878,10.39,0,No Defect
0.03728467574432323,96.81894406016664,195.43735995982283,37.76900582426402,25.07990455902154,,,879,10.395,0,No Defect
0.040974714278992415,103.46724607088399,208.11147659187412,35.36672587952713,25.03730398032357,,,880,10.4,0,No Defect
0.04169394460910246,102.40342024572729,182.13529196279654,41.63270794944654,24.808892258310465,,,881,10.405000000000001,0,No Defect
0.03866316724059135,99.45405538790165,201.3587952179853,31.625508669722393,26.536970382956948,,Ambient temperature high,882,10.41,0,No Defect
0.04121794042045469,102.49186691862897,182.2787720785848,33.36825822973694,27.215237503471883,,Ambient temperature high,883,10.415,0,No Defect
0.0427396939866234,101.98866818028169,166.20073982217912,51.87622107697185,22.80984010149805,,Ambient RH high,884,10.42,0,No Defect
0.03773418879361141,99.13996101820386,218.2315735537972,33.667747464926805,24.897872757427887,,,885,10.425,0,No Defect
0.03643730375184365,93.96901553382642,183.35007641546224,42.6160713355262,24.418922614688892,,Stencil thickness low,886,10.43,0,No Defect
0.0413918759098757,104.02960932354014,211.31815417625035,36.68910419711245,24.47460686757695,,,887,10.434999999999999,0,No Defect
0.037285839808578206,98.49784220947608,228.94439481524842,39.15653874376578,22.63986443915963,,,888,10.440000000000001,0,No Defect
0.03847712727782489,98.03457852952216,194.42642267777427,41.89066003361571,23.971079989213415,,,889,10.445,0,No Defect
0.0390099636025899,99.13758830842613,205.55597277615578,44.74020965471213,22.463555972835863,,,890,10.45,0,No Defect
0.04057751751034982,99.71364996887145,162.74311881389016,37.32506581849091,27.27345125570879,,Ambient temperature high,891,10.455,0,No Defect
0.042377446838973654,106.02428898284539,225.47370738818628,41.703569135670335,22.157016167396172,,Stencil thickness high,892,10.46,0,No Defect
0.03768692202885388,99.83471943360738,237.6606887202284,36.51253240616939,22.892250477091928,,,893,10.465,0,No Defect
0.04064643980931808,103.44311388180489,230.30360379867153,42.15876827314957,21.719948164514612,,,894,10.469999999999999,0,No Defect
0.041028234609548124,101.20473557455999,188.25383335935243,43.21463408748947,24.001211903865862,,,895,10.475,0,No Defect
0.03761069966529737,98.90861067924435,217.85101027521569,34.33256148373361,24.7480201551337,,,896,10.48,0,No Defect
0.036810148371570844,98.30982521922837,228.5282254111795,34.41486275657171,24.063927927005558,,,897,10.485,0,No Defect
0.040790926202657216,100.21947695565338,170.44729552694736,41.03678479426293,25.730878791811723,,,898,10.49,0,No Defect
0.04335511148752084,103.01042752205156,165.9734044642941,46.86733647896356,24.330578719369573,,,899,10.495000000000001,0,No Defect
0.03808223885033014,96.91704959532976,175.86539372962275,36.93636079976669,26.57561436789683,,Ambient temperature high,900,10.5,0,No Defect
0.04075889161547909,102.65798022773862,210.13504492388037,40.627834846521765,23.41899701562243,,,901,10.504999999999999,0,No Defect
0.03762576037214972,100.07636753918456,235.190761472206,30.930542139072045,24.6941371285607,,,902,10.51,0,No Defect
0.03817418371603432,98.40940756567632,207.78186782945562,40.86013218725187,23.479870219790776,,,903,10.515,0,No Defect
0.03902448536396384,101.4973585829112,232.65370675298195,40.297943493574685,22.122666375265613,,,904,10.52,0,No Defect
0.04228882989241184,101.06398497146256,160.00839697413016,49.20103261049207,24.013457980238677,,,905,10.525,0,No Defect
0.04033606647139667,102.61264880807205,220.15830563343795,38.124428136048124,23.546074352677344,,,906,10.530000000000001,0,No Defect
0.03872468909807399,99.90743888563821,211.8750842785727,36.59531022212961,24.48786804654939,,,907,10.535,0,No Defect
0.03791939098013598,101.69574681121395,242.20963599533366,24.848710929411748,26.05269394630641,,Ambient RH low; Ambient temperature high,908,10.54,0,No Defect
0.04116875280244415,101.87256212418363,188.72573900692106,41.95875215127102,24.36410773439946,,,909,10.545,0,No Defect
0.04278665928888506,104.89943094376419,202.1334205866558,42.33050254705053,23.451944829295126,,,910,10.55,0,No Defect
0.03939900409783195,98.74298785982268,186.7264681691987,42.80213386396359,24.23310430809163,,,911,10.555,0,No Defect
0.03785938890389146,101.29233483617018,244.64026087863803,29.758081052723007,24.476156088409795,,Ambient RH low,912,10.559999999999999,0,No Defect
0.03885859758278143,100.98953974583777,217.1757442423704,33.952796480342926,24.942966618092605,,,913,10.565000000000001,0,No Defect
0.03880705013755565,99.20851351805943,208.69138163387248,41.55077109243602,23.25271992393453,,,914,10.57,0,No Defect
0.039556879613497097,98.63961064876533,192.4190822364127,48.490222565738456,22.233195725423762,,,915,10.575,0,No Defect
0.04041898478824345,99.78920405265063,176.84897414934414,44.41342088816054,24.38342499435939,,,916,10.58,0,No Defect
0.0423864800465182,104.76581360224526,209.17429978664134,42.19899575139491,23.068260240112657,,,917,10.585,0,No Defect
0.03877269408392454,99.91374437117614,217.12014862615743,36.97971207005607,24.08218316430731,,,918,10.59,0,No Defect
0.04031621212653442,100.744582544385,201.1459901827464,46.20710221986723,22.375912547227532,,,919,10.594999999999999,0,No Defect
0.03956803295577025,101.81929665378463,233.84928199562495,44.19984673551463,20.949641354963816,,,920,10.6,0,No Defect
0.039492593807284454,99.81778373839161,200.31244262249953,43.07825426033931,23.33709437622354,,,921,10.605,0,No Defect
0.040135691478674504,97.94600817965954,168.285161468956,50.38117457668926,23.180216553404133,,Ambient RH high,922,10.61,0,No Defect
0.03938063461098775,101.94197919530535,207.7712168175858,26.107878421557828,27.838160766259563,,Ambient RH low; Ambient temperature high,923,10.615,0,No Defect
0.03909263059199316,102.52389728442712,235.53030442401524,31.8948311519882,24.444028887628498,,,924,10.620000000000001,0,No Defect
0.04252330723167802,102.36003309635548,162.21929629665834,43.73537559952314,25.512892995975346,,,925,10.625,0,No Defect
0.036909796206816774,96.93957614380287,215.16810110722383,40.62507193888864,23.131102435488845,,,926,10.629999999999999,0,No Defect
0.03417086723069329,95.79541456938401,245.9936872137974,25.000282080861204,25.78903222945271,Paste volume per aperture low,Ambient RH low,927,10.635,0,Open Circuit
0.04162813511316319,102.65661457460743,188.70145813388075,42.54918344130323,24.23299536202429,,,928,10.64,0,No Defect
0.04323294438682924,101.97643914652627,147.11316122854888,45.37412236838294,25.982156546335297,,Paste viscosity low,929,10.645,0,No Defect
0.03950271533275581,101.27743182816789,216.77362680996492,38.60981045075387,23.650210382546465,,,930,10.65,0,No Defect
0.04431031639387378,104.66852025089084,154.36764157695737,42.810628325853195,26.29305740070229,Paste volume per aperture high,Ambient temperature high,931,10.655000000000001,0,Solder Bridging
0.04296423722154312,103.3700945079212,167.85206363455512,41.53638085565132,25.831146211512454,,,932,10.66,0,No Defect
0.039684472430552786,99.55257364504878,201.19718048363183,46.124982114209544,22.42345593541221,,,933,10.665,0,No Defect
0.041304751256326794,99.68586098475367,160.50202095590254,46.4749581509883,24.832777908243468,,,934,10.67,0,No Defect
0.03807449291394074,99.94403920410332,236.42566695273206,40.813965728640554,21.799493005799764,,,935,10.675,0,No Defect
0.03953734884282155,99.5004342738042,202.2525473934536,45.311287565877024,22.600645656347673,,,936,10.68,0,No Defect
0.04133087960578309,100.96251854375411,167.07869460641956,38.572401735400966,26.743338773003092,,Ambient temperature high,937,10.684999999999999,0,No Defect
0.03983455233239846,101.0255204345998,212.9207617244432,43.10679518699202,22.592841222320704,,,938,10.690000000000001,0,No Defect
0.03960356642794702,101.19445727980116,222.3542675636557,42.62733710954576,22.155428030959325,,,939,10.695,0,No Defect
0.038014056499263885,96.66976575648354,190.4585122864918,45.13396298580644,23.368147634673882,,,940,10.7,0,No Defect
0.03974265370048747,102.67745434605456,227.01015888619978,35.20220106208079,24.04003408142622,,,941,10.705,0,No Defect
0.03878316888083402,100.49500114632738,224.10263370836827,38.80377961987797,23.16304642944267,,,942,10.71,0,No Defect
0.03992420576464888,104.32996533529929,257.349861325488,37.96435340694474,21.378984175260513,,Paste viscosity high,943,10.715,0,No Defect
0.04201452894404449,103.61127458966058,195.45488732011435,40.394680957652355,24.487310618808404,,,944,10.719999999999999,0,No Defect
0.033658473169743415,94.79600240589994,248.72339533538226,32.80402812998168,23.365918519728126,Paste volume per aperture low,Stencil thickness low,945,10.725,0,Open Circuit
0.03762181989003871,98.36590349352777,209.54219336481503,34.52936597398106,25.302095452994468,,,946,10.73,0,No Defect
0.04191588329952599,101.54518907007161,169.74321553468357,42.71646266800818,25.39462502701806,,,947,10.735,0,No Defect
0.04103785288990428,102.59766207987792,202.21160440694888,40.2675581380485,24.108170314880407,,,948,10.74,0,No Defect
0.03942975075563999,100.45310877638903,199.41505792018995,34.01881659582819,26.09623923451911,,Ambient temperature high,949,10.745000000000001,0,No Defect
0.042208102251381587,102.63667408787113,176.44954237959183,41.842432012915296,25.244076845108662,,,950,10.75,0,No Defect
0.04059000574571708,99.15561994219958,174.29731998339602,48.58329659008942,23.398242195252337,,,951,10.754999999999999,0,No Defect
0.037459732272350166,99.27659552269321,237.5095425124058,38.04935655866985,22.5700667373312,,,952,10.76,0,No Defect
0.040499149537511527,99.53437913321942,170.4716276266705,44.56883238448252,24.80328808472248,,,953,10.765,0,No Defect
0.04003036911932452,99.37733461091126,184.60330880058132,45.16077218084679,23.764702357449973,,,954,10.77,0,No Defect
0.04156542636705878,102.337518303292,196.20706231076954,44.47581591770374,23.270154534742908,,,955,10.775,0,No Defect
0.04055822716664182,101.8036736483177,189.69757462301897,32.58541472562466,27.133692134430696,,Ambient temperature high,956,10.780000000000001,0,No Defect
0.03938871367105819,101.29308376607767,214.81124724960307,32.067538172996535,25.74015468835851,,,957,10.785,0,No Defect
0.039468734300812644,99.67481433783433,195.1017715278811,40.54984597295297,24.46934388237764,,,958,10.79,0,No Defect
0.03747171840773995,99.00743195128163,215.12928441799937,26.219762607153985,27.416042038695156,,Ambient RH low; Ambient temperature high,959,10.795,0,No Defect
0.04101414854883516,101.73167488987144,181.27745348283116,35.50963163862108,26.807292155975812,,Ambient temperature high,960,10.8,0,No Defect
0.036807872108332314,96.50292763239621,213.77878770225678,42.8228514971987,22.641794650927277,,,961,10.805,0,No Defect
0.04151313785444767,99.44183061307291,154.4712234587979,48.501094619656484,24.66748348092353,,,962,10.809999999999999,0,No Defect
0.03950444238773726,102.28747483151975,224.28967140140827,33.395705540244386,24.776375793193708,,,963,10.815000000000001,0,No Defect
0.03968335532202685,100.20758284959359,192.67135785878256,37.24671150237627,25.596686894387663,,,964,10.82,0,No Defect
0.04048253188538584,101.40823523070306,203.72454185641254,44.30625062646498,22.86392460338807,,,965,10.825,0,No Defect
0.041737730065567885,100.75456985458077,167.00697375247944,48.30384777988006,23.961878827213166,,,966,10.83,0,No Defect
0.040185978299333985,100.2798004359887,183.7237873705951,40.8065859343704,25.112508281974247,,,967,10.835,0,No Defect
0.03838707436877219,99.29734386930964,218.58388830570988,40.157567646561226,23.155441657154174,,,968,10.84,0,No Defect
0.04106206443142753,98.58746567461243,144.0977149499948,44.99773481909995,26.335601723107644,,Paste viscosity low; Ambient temperature high,969,10.844999999999999,0,No Defect
0.034749806753350244,99.37161454892818,295.0730511506299,28.68982730901461,21.78539393389276,Paste volume per aperture low,Paste viscosity high; Ambient RH low,970,10.85,0,Open Circuit
0.04468780734667948,106.78598707877448,188.94170330603916,46.113733064999,23.290306994201202,Paste volume per aperture high,Stencil thickness high,971,10.855,0,Solder Bridging
0.03904830775888359,98.60081706448581,185.58595518443855,37.155288415685135,26.071908934088043,,Ambient temperature high,972,10.86,0,No Defect
0.03663030598063016,97.70917187908769,229.0736436292502,35.761145188646026,23.79013444753306,,,973,10.865,0,No Defect
0.046154376167732235,108.98349189873275,172.21691684943238,38.865202716214434,26.449057481262283,Paste volume per aperture high,Stencil thickness high; Ambient temperature high,974,10.870000000000001,0,Solder Bridging
0.03797082444390242,96.74934312507662,191.25491904431485,42.2494633778323,24.232604191287272,,,975,10.875,0,No Defect
0.041987776122796076,104.83717124773678,206.7636748375722,35.871659680775274,25.17385344429059,,,976,10.879999999999999,0,No Defect
0.03905154264119323,98.68060902948199,202.94876651387742,47.08862462395869,22.1128595171557,,,977,10.885,0,No Defect
0.038355672859161506,97.31233523800735,183.6897440662593,39.62095740768343,25.471127599595604,,,978,10.89,0,No Defect
0.03998030828557545,98.23111100695037,158.00348916938947,41.992514551254274,26.367059659625674,,Ambient temperature high,979,10.895,0,No Defect
0.03921616299232862,98.47296042444441,178.02144682296537,38.06311557762539,26.284850937481636,,Ambient temperature high,980,10.9,0,No Defect
0.04185668911594923,101.89380362689676,167.73134711926787,39.90763314697935,26.39883262391911,,Ambient temperature high,981,10.905000000000001,0,No Defect
0.0389633843250142,101.73491800481872,240.54387499214474,38.01894515642855,22.463329514400378,,,982,10.91,0,No Defect
0.04042283816626541,102.7986607358879,215.66584633667742,37.88782860121227,24.037789632467316,,,983,10.915,0,No Defect
0.04332782006972152,104.56475466239301,185.2009554121666,46.76595004076016,23.339803906099363,,,984,10.92,0,No Defect
0.03899742501241366,99.10364246825587,200.18240937920223,39.26790914533578,24.584161959094644,,,985,10.925,0,No Defect
0.04219332782099431,99.68172757841444,149.92189514158775,55.7263496172031,22.883670682663666,,Paste viscosity low; Ambient RH high,986,10.93,0,No Defect
0.04108689740789972,101.8682647424217,200.57313004067433,46.79234039550361,22.378198468096095,,,987,10.934999999999999,0,No Defect
0.04117464992453227,101.64163545860605,187.54566034848708,41.20601283899316,24.81502386156623,,,988,10.940000000000001,0,No Defect
0.042080345191940295,101.74430033916363,159.82973913604562,39.35514999002465,27.06338398383684,,Ambient temperature high,989,10.945,0,No Defect
0.04048046285611782,103.13514614875864,227.35450336441662,40.89902012539895,22.456618323866834,,,990,10.95,0,No Defect
0.03722110659361198,97.70148409120164,224.55343644181508,41.07547433279309,22.555529237106295,,,991,10.955,0,No Defect
0.0393624354703036,98.58909580016164,183.0834646039376,42.316712209841995,24.754736886830408,,,992,10.96,0,No Defect
0.03952852729949287,98.88972820057529,192.47061770962648,45.70683758345457,23.19426936070327,,,993,10.965,0,No Defect
0.043057821352253604,103.70508101294085,168.09928230422977,37.31229525484347,27.174225344586187,,Ambient temperature high,994,10.969999999999999,0,No Defect
0.03725203769833049,100.0910535205514,249.50933622179724,33.81471449632105,23.15074968369766,,,995,10.975,0,No Defect
0.03760381195286886,99.70417418184394,238.1098490217339,35.51127769183415,23.36083887526695,,,996,10.98,0,No Defect
0.04327194406703622,103.70600402099467,171.28911286976387,44.79606934107354,24.795280417865623,,,997,10.985,0,No Defect
0.035800840269991877,97.5939154649277,244.75735181924853,33.690060336735364,23.4721086554384,Paste volume per aperture low,,998,10.99,0,Open Circuit
0.03990205950783856,101.73489629039607,237.2264871364088,49.65757706055556,19.30719755022367,,Ambient temperature low,999,10.995000000000001,0,No Defect
0.03915239036741426,99.23623822006601,184.48658130845814,33.73478365451308,27.18859170078748,,Ambient temperature high,1000,11.0,0,No Defect
0.03745126432716701,99.78893164052008,243.95743528038173,34.76018990010453,23.23106077825844,,,1001,11.004999999999999,0,No Defect
0.043196984086975525,105.05880529235132,190.76197974919032,41.106399669156126,24.687733622418968,,Stencil thickness high,1002,11.01,0,No Defect
0.03897636386914457,96.57880867306868,179.58454974532344,52.325366087885094,22.06568085765507,,Ambient RH high,1003,11.015,0,No Defect
0.0398841721648394,99.54094021222099,184.66630636764302,39.21040765864598,25.59594953240552,,,1004,11.02,0,No Defect
0.037530713029585876,96.74182974013779,194.63429080969348,40.52394722371872,24.576410724729627,,,1005,11.025,0,No Defect
0.03752746508847124,100.16907004785195,249.27629869305102,36.81585916082574,22.3111861867326,,,1006,11.030000000000001,0,No Defect
0.044789233843915456,108.82406478559543,203.19970375307992,38.74243248467765,24.63177463849966,Paste volume per aperture high,Stencil thickness high,1007,11.035,0,Solder Bridging
0.040998297948786296,99.21406541963411,156.96927148485537,44.39498372822616,25.795510832293502,,,1008,11.04,0,No Defect
0.042142389160485384,99.7830630353118,141.6335604932605,49.945845848913834,25.12160651728143,,Paste viscosity low,1009,11.045,0,No Defect
0.04145828259385698,102.73884566383505,198.51620005757044,41.400645485916115,24.127152300211414,,,1010,11.05,0,No Defect
0.037756700798775314,99.57525673899566,231.4587259109351,35.29264732989583,23.8614320938279,,,1011,11.055,0,No Defect
0.03938955729824871,101.71313684389987,223.44164042830226,33.25066598054306,24.96729468187757,,,1012,11.059999999999999,0,No Defect
0.03959020302980485,100.388531407503,215.13331941857973,44.97912895278459,22.05331388475021,,,1013,11.065000000000001,0,No Defect
0.037641901885199794,98.06314321763001,217.6927127995337,38.00583138274035,23.922183173904862,,,1014,11.07,0,No Defect
0.040201603615626205,101.01254786786166,206.6681526150276,44.14363511542877,22.823943820829133,,,1015,11.075,0,No Defect
0.038012609316125115,98.96541778471035,218.37061089577935,36.220417237955616,24.407022924682895,,,1016,11.08,0,No Defect
0.04464984180951462,105.36961850878268,168.09910034873266,47.087812737375934,24.369974607748787,Paste volume per aperture high,Stencil thickness high,1017,11.085,0,Solder Bridging
0.036358091589251774,96.04622882048197,203.3536288390381,35.53664530670426,25.51057462294828,,,1018,11.09,0,No Defect
0.039308087654780076,101.3879208560259,215.28401697985277,31.689440569818462,25.93383024277641,,,1019,11.094999999999999,0,No Defect
0.04205775712940369,103.55400741386306,196.37308441957518,41.77916369790458,24.170098579157173,,,1020,11.1,0,No Defect
0.04040334876600483,99.60037623795341,176.41575479781665,42.17533930121127,25.270230434276847,,,1021,11.105,0,No Defect
0.03903860173024645,103.59234340690139,258.4196027333369,29.401388933771564,23.960983120000673,,Paste viscosity high; Ambient RH low,1022,11.11,0,No Defect
0.04103882812416009,104.29102091410607,221.8649796281428,32.03516387186745,25.45249989149367,,,1023,11.115,0,No Defect
0.0372385084954985,97.32498056604508,210.206336270263,37.22386894262291,24.62040858146226,,,1024,11.120000000000001,0,No Defect
0.03863258580885773,98.96131628427767,204.68744627300188,39.4380197675412,24.324943873498853,,,1025,11.125,0,No Defect
0.040872104427626677,102.87633680947326,213.28687859597702,40.46288786893651,23.51720200093315,,,1026,11.129999999999999,0,No Defect
0.040100466097747284,101.55716768855929,214.12314943396063,40.27517661700203,23.519425046532284,,,1027,11.135,0,No Defect
0.03885167635551915,100.3932583785197,226.8752650352896,40.159814438276065,22.762003504696494,,,1028,11.14,0,No Defect
0.04024698592178043,100.79540621494682,194.11696425058724,40.92879691848211,24.55654417469396,,,1029,11.145,0,No Defect
0.04455213564761536,104.00537968831587,152.0121177393604,48.64546814749037,24.92618386092713,Paste volume per aperture high,,1030,11.15,0,Solder Bridging
0.03997826341103169,100.91747462172134,223.64154068988515,49.4056152555721,20.275312614327895,,,1031,11.155000000000001,0,No Defect
0.04054607959125047,98.16412407453774,153.1975702848546,46.41875671599813,25.473524304156566,,,1032,11.16,0,No Defect
0.041947451898150676,101.9219691476658,174.01511912157187,42.08486316887462,25.476790458348276,,,1033,11.165,0,No Defect
0.0406198555720008,99.43816527317023,166.5778198272244,41.64836176040597,26.052149800545724,,Ambient temperature high,1034,11.17,0,No Defect
0.04360324393599662,102.37740138247497,133.26495521988193,41.26856041723775,28.22945175732257,,Paste viscosity low; Ambient temperature high,1035,11.175,0,No Defect
0.0404373651919346,100.49537572719791,186.23140715837812,41.60863996950873,24.856698409260105,,,1036,11.18,0,No Defect
0.03608948599832133,96.26427455221626,223.59407035584965,36.21868413793813,24.10889420400711,,,1037,11.184999999999999,0,No Defect
0.038729044885650134,99.39360026137565,212.71112964784538,39.8214849791517,23.746715108931216,,,1038,11.190000000000001,0,No Defect
0.03914259963493537,101.4130498300884,224.9422461691242,33.69619833888722,24.790185570116424,,,1039,11.195,0,No Defect
0.03933837974686873,99.29698709923431,195.7258844910057,42.332996453399595,24.06009586566418,,,1040,11.2,0,No Defect
0.041654648431692,104.11786732487037,207.40153050433338,35.280156357552066,25.42772989515677,,,1041,11.205,0,No Defect
0.04021436265966559,99.31760751616304,175.2907180526853,43.35219276394149,25.02746990077588,,,1042,11.21,0,No Defect
0.04100868312927796,102.1660609881062,194.67572981728924,37.81329985846903,25.465809029381507,,,1043,11.215,0,No Defect
0.0435699302680023,104.3088254342494,171.70058286934915,41.8909763481424,25.708047428444342,,,1044,11.219999999999999,0,No Defect
0.03785311529710917,97.92932362883792,210.4859153126744,41.12795148400251,23.50387472493285,,,1045,11.225,0,No Defect
0.043615602069115855,105.09197845391978,175.44113259958337,38.53548916012143,26.460082316520726,,Stencil thickness high; Ambient temperature high,1046,11.23,0,No Defect
0.04413689265287652,102.7544374153095,148.95295658771303,53.12200129649356,23.831773894620596,Paste volume per aperture high,Paste viscosity low; Ambient RH high,1047,11.235,0,Solder Bridging
0.039795988839993426,99.24772107087915,189.8024858632463,45.74037352492045,23.446723909067337,,,1048,11.24,0,No Defect
0.03997338789511276,99.78818463522641,176.9965787537379,37.46650038325709,26.649919658930493,,Ambient temperature high,1049,11.245000000000001,0,No Defect
0.038068229004958404,97.97467026141655,200.3785648982253,35.79826348218558,25.69549172474591,,,1050,11.25,0,No Defect
0.03773209775984374,97.82691957958576,203.5442682561939,33.91655623152316,26.05000816174477,,Ambient temperature high,1051,11.254999999999999,0,No Defect
0.04250534827607663,102.04723610362392,167.21980647746597,46.59347323814035,24.61197399773273,,,1052,11.26,0,No Defect
0.03836261556888035,100.7134145418698,230.60935041345812,31.24638020462522,25.177082003997622,,,1053,11.265,0,No Defect
0.04258179180332863,107.17503299716651,224.40210148753422,32.06419286293241,25.34898428690452,,Stencil thickness high,1054,11.27,0,No Defect
0.04156688429073944,100.06830643967257,149.41799190334527,40.65031097159933,27.439464203263057,,Paste viscosity low; Ambient temperature high,1055,11.275,0,No Defect
0.03871770090492218,100.41540295294328,230.32233565132054,40.99930475556117,22.350654616133525,,,1056,11.280000000000001,0,No Defect
0.040831741837566146,99.71205532110285,178.73415373152105,48.394320493674556,23.37808089265789,,,1057,11.285,0,No Defect
0.04314780366719837,104.53810786326856,174.85284360238552,35.73706501828027,27.33170051317084,,Ambient temperature high,1058,11.29,0,No Defect
0.03966171860249805,100.48632932484009,209.5495843065749,42.96158336935912,23.06435746900806,,,1059,11.295,0,No Defect
0.039582618807390536,99.81754807288391,202.9047314513726,44.175740577592315,23.118969324002443,,,1060,11.3,0,No Defect
0.042164455135643326,102.67302646123774,174.99012889187628,38.81093081229324,26.42287484208482,,Ambient temperature high,1061,11.305,0,No Defect
0.039455121938491176,102.00906138875625,223.39814706447248,33.236548110268366,25.05842609219335,,,1062,11.309999999999999,0,No Defect
0.0394793264668841,97.91417231690457,171.78338940000808,42.83865311854683,25.424333719610416,,,1063,11.315000000000001,0,No Defect
0.040446609389417215,99.34784124775138,180.03947530725873,48.05864336997642,23.402614418261894,,,1064,11.32,0,No Defect
0.039981633337221,99.90359670259068,191.1957656971982,42.90509808884025,24.21987952852683,,,1065,11.325,0,No Defect
0.03892236355942413,99.23817498539955,204.79601662129522,42.0638512085454,23.622561858965124,,,1066,11.33,0,No Defect
0.03900397023140967,98.93214149150207,191.46069742895637,37.155934423047576,25.879540169615684,,,1067,11.335,0,No Defect
0.03789210452309211,99.23105229876359,212.52516859870815,29.74620496215941,26.74377736651838,,Ambient RH low; Ambient temperature high,1068,11.34,0,No Defect
0.04335007612148271,103.6314191494628,153.50700992842013,34.20436117897448,29.11144539862297,,Ambient temperature high,1069,11.344999999999999,0,No Defect
0.041227672455965376,102.48477954177712,199.51628724947875,42.426399231169704,23.865769366567353,,,1070,11.35,0,No Defect
0.04179001174432248,100.03291842637212,146.99762239414895,41.204124140510785,27.45791007115975,,Paste viscosity low; Ambient temperature high,1071,11.355,0,No Defect
0.03990746771098438,100.77080846215375,203.4493391642709,38.50962657997418,24.76625793202913,,,1072,11.36,0,No Defect
0.037004787679339304,99.74302212111512,248.0943850135253,30.93622011065002,24.21590489220876,,,1073,11.365,0,No Defect
0.03751524231173517,96.51685047636845,188.20288589454609,36.66549261824881,26.221579294921078,,Ambient temperature high,1074,11.370000000000001,0,No Defect
0.04147950850059977,106.02828027238472,224.96518550810276,27.13290611109262,26.780740939346426,,Stencil thickness high; Ambient RH low; Ambient temperature high,1075,11.375,0,No Defect
0.03882704478510135,98.58533044157443,189.86494793246203,39.67561797637778,25.250070311937762,,,1076,11.379999999999999,0,No Defect
0.040046396898281204,102.76115499249848,216.28886792911908,29.032243044953326,26.755616900377454,,Ambient RH low; Ambient temperature high,1077,11.385,0,No Defect
0.03860102193170123,99.53029259004005,214.57659873921278,38.525648295758174,24.075725854014873,,,1078,11.39,0,No Defect
0.041606480571835275,102.65058185974982,197.91268304271316,41.03466444698608,24.396600263108095,,,1079,11.395,0,No Defect
0.03762421650450769,97.71282605552105,213.69479489423315,40.49540539411563,23.550519024128114,,,1080,11.4,0,No Defect
0.040012547648665506,98.39693241271198,177.04003143872853,48.217366978723376,23.566257242720784,,,1081,11.405000000000001,0,No Defect
0.03894682446495626,98.84344462892824,191.93368688821897,38.92276287192779,25.355979461653593,,,1082,11.41,0,No Defect
0.04128932817541288,101.3958766918341,168.49676559427078,34.95424544704856,27.976080977848362,,Ambient temperature high,1083,11.415,0,No Defect
0.0400678126692631,98.96117088067287,181.94161194626142,46.6554284659542,23.726592084413074,,,1084,11.42,0,No Defect
0.04131192399256196,103.43719845663072,209.46830530568636,37.50189309962472,24.723496081766175,,,1085,11.425,0,No Defect
0.03862775434481997,98.37995716250552,198.6268354368999,40.18806841022255,24.583434317764404,,,1086,11.43,0,No Defect
0.038773902880842925,99.36580465693116,216.50654799648487,43.36100127758217,22.56159280967065,,,1087,11.434999999999999,0,No Defect
0.03879598289098592,98.52207939393993,190.23948039430383,36.845585457565846,26.078630846980108,,Ambient temperature high,1088,11.440000000000001,0,No Defect
0.03955617619116712,98.20553761394848,188.55252852273418,50.026266252356464,22.34016063741818,,Ambient RH high,1089,11.445,0,No Defect
0.039116208023638896,99.95702129616066,221.0133584134485,43.06905963705921,22.38191354487849,,,1090,11.45,0,No Defect
0.04279927097007592,102.52772927414325,164.14444420018108,42.59429641804406,26.039319460812308,,Ambient temperature high,1091,11.455,0,No Defect
0.039926812256982316,101.58895288463748,221.64621807161043,40.72400340469731,23.036328931637414,,,1092,11.46,0,No Defect
0.03995750591592209,101.06914120111531,208.03580148138192,39.5050117247167,24.22764172322764,,,1093,11.465,0,No Defect
0.04303121243408569,104.27306323028665,182.1782417318853,40.27854120117716,25.614422919111558,,,1094,11.469999999999999,0,No Defect
0.04327382857912221,103.66653396597262,171.40703097700478,43.458211064436476,25.350449482695318,,,1095,11.475,0,No Defect
0.043920091990565964,105.26298745624469,180.0912184300145,43.374453310394046,24.8476226285173,,Stencil thickness high,1096,11.48,0,No Defect
0.04149046045929297,102.35832015345835,194.49225943266828,41.77433828771901,24.41563602057777,,,1097,11.485,0,No Defect
0.039177862571186356,101.37756618483905,224.22052340725136,37.60963767536189,23.783499594537783,,,1098,11.49,0,No Defect
0.037448362936337465,97.92144281704974,212.05685009126762,32.29163291588213,26.081171182324002,,Ambient temperature high,1099,11.495000000000001,0,No Defect
0.04140643486662464,102.87024188009214,201.3454470938117,38.68271520665282,24.903650333028978,,,1100,11.5,0,No Defect
0.04168374086422452,100.76839555782088,148.02812329966434,35.90921215157378,28.98405802235898,,Paste viscosity low; Ambient temperature high,1101,11.504999999999999,0,No Defect
0.04027115571030937,102.02653075375451,217.22949103897054,40.71411064313141,23.326157989187784,,,1102,11.51,0,No Defect
0.03696173687010876,98.38125437557468,237.6235851937058,35.606333018487696,23.54543131676127,,,1103,11.515,0,No Defect
0.03850795684777219,98.17567163440292,203.21806023882675,42.051520248749924,23.786616207006414,,,1104,11.52,0,No Defect
0.03877660223747066,101.11505715382896,231.99636624231977,35.145733655844836,24.03980281267889,,,1105,11.525,0,No Defect
0.04258439590106743,102.1170519988812,174.6244080093308,49.91623163153867,23.278224997917757,,,1106,11.530000000000001,0,No Defect
0.045002333733283294,104.0731053133317,138.30717486786034,45.7731906819938,26.739797509804642,Paste volume per aperture high,Paste viscosity low; Ambient temperature high,1107,11.535,0,Solder Bridging
0.0433787376953518,106.53988431951997,216.9733105147572,42.80685517303265,22.76654222152866,,Stencil thickness high,1108,11.54,0,No Defect
0.03665730446537337,100.36923388757195,269.82440886705615,31.235368625156127,22.851276546894407,,Paste viscosity high,1109,11.545,0,No Defect
0.03805426374989772,99.31934308724198,221.7157828933261,36.911413091167795,24.154857854289734,,,1110,11.55,0,No Defect
0.03709783514367632,97.86541229985023,230.90027874747585,40.131361954250885,22.647401605305422,,,1111,11.555,0,No Defect
0.03790871831180423,98.52214386398063,210.84256570187597,36.60958228333663,24.91153017595731,,,1112,11.559999999999999,0,No Defect
0.04138029435095109,103.66335822814321,216.50674626955353,41.09797706851094,23.284561285480535,,,1113,11.565000000000001,0,No Defect
0.03999442718517381,99.84437268489536,186.80386258628678,39.862910792708725,25.459106652659084,,,1114,11.57,0,No Defect
0.036084905872916746,95.73262506879219,217.42316600126134,36.43680829826174,24.554121346465806,,,1115,11.575,0,No Defect
0.04380094164045131,105.98305552945314,203.65561461703544,47.434279171974765,22.246939625739394,,Stencil thickness high,1116,11.58,0,No Defect
0.03855191632137397,98.23243158651789,178.46577923327894,32.43588966131378,28.12730444291185,,Ambient temperature high,1117,11.585,0,No Defect
0.038893527672463964,99.15884373964835,197.87113985995205,37.4322087871278,25.485166617442886,,,1118,11.59,0,No Defect
0.03651408481002472,97.7749715250722,232.67381124624234,34.1121414031298,24.302947007040505,,,1119,11.594999999999999,0,No Defect
0.03962355503190267,100.11227691461707,199.22971764831703,40.47031653870668,24.522369722368037,,,1120,11.6,0,No Defect
0.04044121406379102,99.17654413293866,168.23676778149007,44.14986126757779,25.35753034003684,,,1121,11.605,0,No Defect
0.04131920343140911,104.6120951028782,233.1788865401337,39.985609582519224,22.600590411900004,,,1122,11.61,0,No Defect
0.03489235685525542,95.2826061778391,232.8746462809596,34.21467024694708,24.25315108120788,Paste volume per aperture low,,1123,11.615,0,Open Circuit
0.03935916163326592,97.3287769989999,162.1333250622479,41.92583606336947,26.3781476403468,,Ambient temperature high,1124,11.620000000000001,0,No Defect
0.039804928457823456,100.93606196129564,214.86900000422568,41.00348358263582,23.421446018367654,,,1125,11.625,0,No Defect
0.038518862049438794,100.45547684270483,229.78417169539807,36.73570789136248,23.74061531832315,,,1126,11.629999999999999,0,No Defect
0.04141421533000825,105.17965543267452,224.3928646838218,31.49133969364151,25.628422051406563,,Stencil thickness high,1127,11.635,0,No Defect
0.0415729799428564,101.36862354058644,156.6879291503747,35.461495353207,28.620384919538203,,Ambient temperature high,1128,11.64,0,No Defect
0.036513733659416715,96.23820650065954,225.15940411189442,45.30158400346548,21.509420931178454,,,1129,11.645,0,No Defect
0.0396477376169201,100.40647746248247,203.41446197203834,40.45017453238322,24.286596824490285,,,1130,11.65,0,No Defect
0.03838822904020982,100.53819740922023,232.3292398324465,36.958910761206575,23.52297859586134,,,1131,11.655000000000001,0,No Defect
0.039890431610532615,99.13808671975143,182.1959071699778,40.60155113130992,25.55583240225507,,,1132,11.66,0,No Defect
0.03712718632187772,98.8008217565904,240.84721802668355,34.87502540694239,23.610149227055558,,,1133,11.665,0,No Defect
0.044995362247806744,105.69258344338662,158.63628872806828,47.063579793484394,25.146765098960344,Paste volume per aperture high,Stencil thickness high,1134,11.67,0,Solder Bridging
0.04004021721678232,100.93884731369772,212.87400466999156,44.65569680734529,22.491587175601992,,,1135,11.675,0,No Defect
0.038097428639606544,98.21316137730207,200.3125285587718,35.47311231484933,25.92916371563309,,,1136,11.68,0,No Defect
0.037011606156123915,99.52361728011786,244.47740080351124,29.528273250019144,24.95197237158931,,Ambient RH low,1137,11.684999999999999,0,No Defect
0.040136757696325756,98.14150771705947,165.94229186748873,45.010650447595964,25.275544101191603,,,1138,11.690000000000001,0,No Defect
0.041048032637297956,101.07248516067142,178.69531974764172,39.625447712226695,26.07144844161997,,Ambient temperature high,1139,11.695,0,No Defect
0.03994900631211528,100.24714683501495,196.40055479279695,39.960380454576494,24.88181083720443,,,1140,11.7,0,No Defect
0.03582797081036212,97.91404855424109,253.36989841956117,32.46625893380548,23.54414866419396,Paste volume per aperture low,Paste viscosity high,1141,11.705,0,Open Circuit
0.04017405149688201,99.24090291177413,183.77252446846722,46.74760899192203,23.67726570208149,,,1142,11.71,0,No Defect
0.039148398096988564,100.44591480240415,213.70424166888472,37.5795666149491,24.51034957555935,,,1143,11.715,0,No Defect
0.0391321606510815,102.3373016670403,236.00198615257807,30.489825891541457,25.216639003120896,,,1144,11.719999999999999,0,No Defect
0.037570128952361476,94.87571460306043,171.9960943058729,43.18310499416829,25.42434406603863,,Stencil thickness low,1145,11.725,0,No Defect
0.039710212014328394,100.39297303660862,210.31548218725518,42.825837817900435,23.1977771179866,,,1146,11.73,0,No Defect
0.03943768914536869,100.92448784837558,225.9982580684121,41.69173354703919,22.567394491608187,,,1147,11.735,0,No Defect
0.040676786960177645,99.80283604263464,174.92490072261944,41.7462794580458,25.697626046906326,,,1148,11.74,0,No Defect
0.04073357093945771,100.7721940120261,188.11535717611713,42.621361955538106,24.631172653650395,,,1149,11.745000000000001,0,No Defect
0.03990948175607971,98.67282134274055,185.57095576038319,46.48630077735551,23.65759037907989,,,1150,11.75,0,No Defect
0.03791523480104945,99.38521065524772,224.95810135374845,34.14680875477465,24.826856216767833,,,1151,11.754999999999999,0,No Defect
0.04005886745260785,101.44632303373699,203.06088111859464,33.23685530588145,26.456465546152913,,Ambient temperature high,1152,11.76,0,No Defect
0.039362239368922046,100.91374017066077,216.9417267836249,37.44960975882954,24.366971841278733,,,1153,11.765,0,No Defect
0.043777276150735886,104.13939691565096,173.07614933100191,45.959321195278505,24.613033295436587,,,1154,11.77,0,No Defect
0.03739403294325603,98.68257002510877,226.32531662684696,34.57744424140473,24.61744320436667,,,1155,11.775,0,No Defect
0.037534656823995434,97.11629240895596,208.00837095165906,43.712827146713906,23.07134025449671,,,1156,11.780000000000001,0,No Defect
0.04118239815862147,101.62845294898212,202.6720549198278,45.96026863679029,22.78358485598667,,,1157,11.785,0,No Defect
0.03674856566235185,93.59375971738052,175.90715092588565,44.97632427529719,24.673325171673,,Stencil thickness low,1158,11.79,0,No Defect
0.03978758919864266,105.04292174951797,262.5330274798064,30.447305544805275,23.6257675649889,,Stencil thickness high; Paste viscosity high,1159,11.795,0,No Defect
0.04059052804000382,100.83679590910924,187.80054971728813,42.421290256303436,24.718630304657665,,,1160,11.8,0,No Defect
0.04027352242432819,97.41810788112373,148.69898363907416,49.52677558411591,25.039373860886492,,Paste viscosity low,1161,11.805,0,No Defect
0.042206670149569435,104.97208525332053,214.08530213283697,37.82086527617568,24.472236669187392,,,1162,11.809999999999999,0,No Defect
0.04136847215645836,100.74615160277402,174.4043438611538,42.825661624384864,25.44101292141448,,,1163,11.815000000000001,0,No Defect
0.040067445292575735,101.07060109575093,197.0248416826008,37.06443642580166,25.7196631062229,,,1164,11.82,0,No Defect
0.0366507043865613,97.08738636242506,223.3453788209875,36.92971905290688,24.12157969777652,,,1165,11.825,0,No Defect
0.03952705195861397,99.94574679842232,193.32741663129673,37.13227008269076,25.926167699244118,,,1166,11.83,0,No Defect
0.03915985507184576,96.89852063002976,178.01140490028533,47.98815392546049,23.70085423205493,,,1167,11.835,0,No Defect
0.04071676535606796,99.516648379099,159.75453973334467,36.2610009348619,28.259911509410106,,Ambient temperature high,1168,11.84,0,No Defect
0.03890951137593472,103.89847879543075,260.4832999288507,25.475874572257204,25.213598470430803,,Paste viscosity high; Ambient RH low,1169,11.844999999999999,0,No Defect
0.040486321102392545,100.37446775626053,191.14311560753626,42.70676819012821,24.451134479362455,,,1170,11.85,0,No Defect
0.03640318746864843,93.66025899903558,178.46589085467477,40.33937576123628,25.886665464950525,,Stencil thickness low,1171,11.855,0,No Defect
0.04248707646248499,104.92132772115312,203.70614517248256,35.55002825808339,25.79053528063128,,,1172,11.86,0,No Defect
0.03880022943927009,98.4054477698669,190.80749732600358,37.295670789917914,26.041001373122885,,Ambient temperature high,1173,11.865,0,No Defect
0.03872878242052454,99.63198232720364,216.3817570309451,37.97459523118625,24.275769456573403,,,1174,11.870000000000001,0,No Defect
0.03803966662517518,96.20131996075702,184.7442620268972,42.780263048256614,24.80913125179786,,,1175,11.875,0,No Defect
0.035192150772551445,97.87193437285761,269.30516035349996,30.824831653618148,23.09283123351369,Paste volume per aperture low,Paste viscosity high,1176,11.879999999999999,0,Open Circuit
0.043344888031329576,102.82395588287507,153.87119320798732,39.92032856241507,27.586513219089877,,Ambient temperature high,1177,11.885,0,No Defect
0.03954451226189763,101.20461112107176,208.01300268273178,30.477574411042315,26.991039589519385,,Ambient temperature high,1178,11.89,0,No Defect
0.042013674594318935,100.2398448722943,160.62784963552204,50.65565984179054,24.024461679046016,,Ambient RH high,1179,11.895,0,No Defect
0.039859544318747164,96.65799310906615,148.89269559821324,48.1889790010918,25.44563300902768,,Paste viscosity low,1180,11.9,0,No Defect
0.03922398741857144,99.54297541368268,181.73367799432472,31.913651690644603,28.17660176198254,,Ambient temperature high,1181,11.905000000000001,0,No Defect
0.041011578595815765,101.46312122703577,199.5182678183079,46.281806138752906,22.910940671556695,,,1182,11.91,0,No Defect
0.03821277947995179,99.99198949088785,216.38078577500883,30.068086943091465,26.587679552082317,,Ambient temperature high,1183,11.915,0,No Defect
0.04250483408317105,103.32603547988451,188.90672424673775,44.652035630139665,24.053017422364924,,,1184,11.92,0,No Defect
0.03827835832220049,99.86724018637996,227.81183630439688,38.291033625990515,23.48816384607641,,,1185,11.925,0,No Defect
0.038066390293462316,97.45036791460218,199.2167878610254,37.38923656533176,25.514347339266656,,,1186,11.93,0,No Defect
0.04088358757286605,103.30194850758939,206.9682620368522,33.607198666132525,26.15707349978204,,Ambient temperature high,1187,11.934999999999999,0,No Defect
0.037357961918066944,99.09279706500989,235.5986573479562,32.68469161463546,24.651066572235074,,,1188,11.940000000000001,0,No Defect
0.04166738398235967,101.33958470027333,183.49199758210375,45.381528323929146,24.17697979451341,,,1189,11.945,0,No Defect
0.04027322388891388,100.88527377795981,193.3677111948834,38.857420178758,25.459097553159754,,,1190,11.95,0,No Defect
0.04171646094113994,102.10405276702635,188.80818243022395,43.74812880444194,24.327456899031453,,,1191,11.955,0,No Defect
0.03837473537268868,102.10721538230976,255.17388918263464,30.237616341444692,24.17772867675394,,Paste viscosity high,1192,11.96,0,No Defect
0.0402518295960817,102.10022896529736,224.01658187923928,42.46583248694509,22.531126968205317,,,1193,11.965,0,No Defect
0.04195163460008193,102.52208576467021,190.13115027723254,41.602950495798034,24.882957678557307,,,1194,11.969999999999999,0,No Defect
0.03872269231928336,101.77365824753613,247.56042239442846,36.19197036514326,22.909074796672673,,,1195,11.975,0,No Defect
0.038002905608136434,101.00803655057315,262.0945400521148,40.41666716687677,20.779656166097553,,Paste viscosity high,1196,11.98,0,No Defect
0.03886158236370912,98.23268538887606,192.7467830264371,41.813583373399034,24.633349727835384,,,1197,11.985,0,No Defect
0.04107565093516874,102.1011543934053,190.99792450080975,37.5533068354572,26.00290923051866,,Ambient temperature high,1198,11.99,0,No Defect
0.0403429751612725,102.63789393600067,212.1225388428813,33.420024462162196,25.909315136443034,,,1199,11.995000000000001,0,No Defect
0.03777159996388713,97.38953520371739,197.37861608739186,35.37269853553212,26.22718427380881,,Ambient temperature high,1200,12.0,0,No Defect
0.04167448730183546,101.75488520423049,169.5959396362663,38.884975275313266,26.933911622616698,,Ambient temperature high,1201,12.004999999999999,0,No Defect
0.03988254663726889,101.11484447353993,211.34816112046607,40.73738326484306,23.819504103450868,,,1202,12.01,0,No Defect
0.038277197365957694,102.10867628490473,258.52576172542905,32.13987684230379,23.42727617970921,,Paste viscosity high,1203,12.015,0,No Defect
0.04049895502946084,101.65801620890556,221.9902724410831,47.61817122120627,21.16957269482634,,,1204,12.02,0,No Defect
0.04023318185737402,102.40037169695147,209.25836893637558,29.217574196270654,27.325158441105753,,Ambient RH low; Ambient temperature high,1205,12.025,0,No Defect
0.03673180602649346,96.65346515024781,219.65538147206817,38.133224516805626,24.055517756532918,,,1206,12.030000000000001,0,No Defect
0.040138689093510635,101.99027029771692,204.4031360301274,32.87657866855314,26.549221067904835,,Ambient temperature high,1207,12.035,0,No Defect
0.04190837344183957,104.29250920621324,225.8764279422896,45.66263510531338,21.518654509324882,,,1208,12.04,0,No Defect
0.03916703442452312,99.72536754228916,217.20542010941318,42.529577286955615,22.947062619836807,,,1209,12.045,0,No Defect
0.042754655237664106,104.83863047255049,197.27010732149483,39.97509823154984,24.939376392890768,,,1210,12.05,0,No Defect
0.04300086880385405,103.66462137551316,186.10585933850587,50.270657403916516,22.617368914200867,,Ambient RH high,1211,12.055,0,No Defect
0.0400986668393886,101.73499397484298,211.29770289390936,39.97855786227354,24.055201314480204,,,1212,12.059999999999999,0,No Defect
0.03945407521977431,98.75105766318713,194.97908180000064,46.82707222785021,23.057315600855528,,,1213,12.065000000000001,0,No Defect
0.041153025484894044,99.43847009470093,162.04144777407762,46.98111314387955,25.048502857770483,,,1214,12.07,0,No Defect
0.0384581981960803,97.08916726587226,179.4067322769918,37.128232115005254,26.84396347541738,,Ambient temperature high,1215,12.075,0,No Defect
0.043097608478460295,104.12510325626467,191.73943040214024,46.90987503681815,23.266712806872416,,,1216,12.08,0,No Defect
0.039333853818806046,99.41529498921676,187.76999988050463,35.183186833770904,26.90393386985882,,Ambient temperature high,1217,12.085,0,No Defect
0.04149088022358305,102.1767392925889,189.47425432346276,39.63385655929486,25.52184665060974,,,1218,12.09,0,No Defect
0.04147663171962565,100.30510418775073,166.30238646380622,45.62971210615372,25.191097930556126,,,1219,12.094999999999999,0,No Defect
0.03882416216607038,99.71477844699373,205.51881253847176,34.572247692017825,25.993114817680365,,,1220,12.1,0,No Defect
0.042125933793286205,106.17700279844587,225.18520714616477,33.239549250432226,25.203003432539035,,Stencil thickness high,1221,12.105,0,No Defect
0.04208213008981838,100.72438710575933,162.04504573299113,46.5125093144489,25.20610539306158,,,1222,12.11,0,No Defect
0.03793772982251908,99.71381484330465,226.30591339931584,33.143651469924635,25.13126172443649,,,1223,12.115,0,No Defect
0.03977103087169946,100.53293451914865,199.3204978736924,36.964233918601366,25.687995557193,,,1224,12.120000000000001,0,No Defect
0.038443644679955154,100.74203894132073,246.12132279240615,38.882039706394835,22.251138247667342,,,1225,12.125,0,No Defect
0.0406039861235221,100.32021362982807,197.59932003891262,48.78921685492726,22.35156510061554,,,1226,12.129999999999999,0,No Defect
0.037705436612080104,99.87917842931522,235.3658339487878,32.32287977952862,24.81961071271895,,,1227,12.135,0,No Defect
0.03903138014027801,99.49886330762014,206.2718391355063,39.93166684509357,24.39322000971444,,,1228,12.14,0,No Defect
0.03955972564925139,100.19047393897135,201.9797540706386,36.021819447223464,25.808997895618376,,,1229,12.145,0,No Defect
0.043784786593018904,102.99104995644777,148.0164355130883,42.955703838419346,27.128166114525268,,Paste viscosity low; Ambient temperature high,1230,12.15,0,No Defect
0.04089706644397361,101.1918335883598,183.49932324499133,38.4187489630109,26.25170810049649,,Ambient temperature high,1231,12.155000000000001,0,No Defect
0.040286883686189386,102.12688839715022,206.61233088121492,31.33923514414893,26.901266568628245,,Ambient temperature high,1232,12.16,0,No Defect
0.03877635040503102,101.01279405874162,231.16438974446618,34.54077995518021,24.44633948400243,,,1233,12.165,0,No Defect
0.03823181397862924,98.96139570151756,213.34023393808212,34.52146407055767,25.545198537905343,,,1234,12.17,0,No Defect
0.039473328296879384,99.76690235354643,192.2170643401207,37.86442629473503,25.86823627358082,,,1235,12.175,0,No Defect
0.0419285171511305,101.99740482673874,166.976516362283,39.73429921602728,26.890369244812607,,Ambient temperature high,1236,12.18,0,No Defect
0.038502240899947554,99.65542984878252,228.0379342979285,41.10772669018829,22.723525739776573,,,1237,12.184999999999999,0,No Defect
0.0421662305757712,101.07593945459006,157.04878817225415,44.55780596689829,26.09832940767988,,Ambient temperature high,1238,12.190000000000001,0,No Defect
0.03970105677688177,98.07870445654181,169.89667688138547,41.82417369448099,26.093145621210354,,Ambient temperature high,1239,12.195,0,No Defect
0.03889535985405655,97.77313862820884,202.3776897647502,52.46806484445558,20.983014508759137,,Ambient RH high,1240,12.2,0,No Defect
0.04316457052232807,103.08687795418953,168.91061119517647,45.05938370938486,25.238690214413765,,,1241,12.205,0,No Defect
0.0419679142657039,102.67816693948471,184.29920137936824,38.39381345022499,26.235443208618705,,Ambient temperature high,1242,12.21,0,No Defect
0.0367168901248975,97.25752528120876,216.57090307801758,31.810641520768513,26.13410201706337,,Ambient temperature high,1243,12.215,0,No Defect
0.04239885461852371,102.8695593982591,180.6009475515828,45.029410526593445,24.522600400443384,,,1244,12.219999999999999,0,No Defect
0.03934431725149283,97.72332320301554,178.8628689467616,45.96005397865539,24.33718927669133,,,1245,12.225,0,No Defect
0.04058246754177355,100.55461772548627,186.92878861922915,37.68879584380685,26.276791427746364,,Ambient temperature high,1246,12.23,0,No Defect
0.041938945098155815,101.50760264131654,172.93066339602,43.167603288663564,25.543461596622958,,,1247,12.235,0,No Defect
0.039566907481537864,98.67342667493968,193.69780311898717,48.155051168547054,22.791619533554872,,,1248,12.24,0,No Defect
0.04099568265682357,102.31695514728203,207.91664894063624,39.43523512383154,24.484403764487205,,,1249,12.245000000000001,0,No Defect
0.03886048071787989,98.83790265823345,220.0703121025389,49.312976495469016,20.834478356032758,,,1250,12.25,0,No Defect
0.03558894148656906,98.18953552809039,251.94445084705706,24.980022081411246,25.96061321342314,Paste volume per aperture low,Paste viscosity high; Ambient RH low,1251,12.254999999999999,0,Open Circuit
0.042833125304943175,104.50465706662827,193.13394563364372,40.75341630333847,25.01904685498493,,,1252,12.26,0,No Defect
0.04027933712791343,100.90035449164957,206.24492198738838,44.762670080036,23.02362049832686,,,1253,12.265,0,No Defect
0.039275227698269945,100.89894516233039,219.85100832075148,35.21570507263094,24.974434788138183,,,1254,12.27,0,No Defect
0.04016907197335771,102.04419251120473,215.85804157537802,35.22516075269351,25.225203272066928,,,1255,12.275,0,No Defect
0.040226936248318725,101.01382456777294,208.5729331088234,44.27477681841855,23.026119027408825,,,1256,12.280000000000001,0,No Defect
0.038767581834109006,97.71387670846363,193.19884770239764,46.08127018159409,23.430103040827333,,,1257,12.285,0,No Defect
0.03951708744143678,102.22479790668365,236.94556950449203,37.48719457290135,23.26531628052649,,,1258,12.29,0,No Defect
0.04135760072001549,100.46761219396144,162.87816182226555,39.85416765924119,27.135216471177404,,Ambient temperature high,1259,12.295,0,No Defect
0.039556753406453725,97.89822077807703,180.96089164377727,48.60011333596104,23.45604541440703,,,1260,12.3,0,No Defect
0.04195712404068974,101.24292657523547,174.86991869316577,47.433198532935556,24.193761032119028,,,1261,12.305,0,No Defect
0.03962976527198263,101.95122715425207,218.55964106950776,32.565029233074505,25.834672465372766,,,1262,12.309999999999999,0,No Defect
0.0414328327545818,105.42245792301435,232.5100264243622,34.2304379014824,24.507491744109604,,Stencil thickness high,1263,12.315000000000001,0,No Defect
0.0424670748906931,102.95465765389658,178.4503220554729,43.210668210220334,25.210386009221573,,,1264,12.32,0,No Defect
0.037174247545848506,96.89863501112956,215.27451210748416,42.413590274336244,23.143096665642442,,,1265,12.325,0,No Defect
0.0426366749344832,101.09526580138478,149.42059861287038,45.00782379994195,26.47421349567573,,Paste viscosity low; Ambient temperature high,1266,12.33,0,No Defect
0.040168206690138715,101.70217558907831,209.56943194193596,36.80597518110846,25.15932174845962,,,1267,12.335,0,No Defect
0.03814802296078281,98.47417192188581,210.6737995414903,37.55091202772766,24.85994606691762,,,1268,12.34,0,No Defect
0.040151363201070975,99.99753192099762,199.1254861111366,44.244141367166286,23.63437543881598,,,1269,12.344999999999999,0,No Defect
0.04556051943139698,104.49456863452733,127.35427239324706,45.56968708885487,27.68861258033847,Paste volume per aperture high,Paste viscosity low; Ambient temperature high,1270,12.35,0,Solder Bridging
0.039529402062421636,103.2432743776073,236.06543737619705,25.116662301425556,26.951234242692,,Ambient RH low; Ambient temperature high,1271,12.355,0,No Defect
0.041796910503665324,103.97644980862516,205.56928096537922,37.85038730733214,25.11683294349334,,,1272,12.36,0,No Defect
0.04357507356624158,103.69505765728525,151.6725756778807,35.63171942741464,29.08949128444473,,Ambient temperature high,1273,12.365,0,No Defect
0.03948206724815731,99.69035877564403,208.04362585985098,45.58181529678433,22.690443780539177,,,1274,12.370000000000001,0,No Defect
0.04219720374941519,103.22223810965106,191.09837884132546,42.85320359723589,24.549969032719392,,,1275,12.375,0,No Defect
0.04411606070550434,102.4436687274029,136.10596478836501,46.86369217368076,26.771446244208008,Paste volume per aperture high,Paste viscosity low; Ambient temperature high,1276,12.379999999999999,0,Solder Bridging
0.0425361910729136,102.98566860838056,170.25413321014844,39.12965441050512,26.920330111319508,,Ambient temperature high,1277,12.385,0,No Defect
0.03611586902993326,96.59767481569763,217.9975929533097,29.284342207626025,26.819668741140724,,Ambient RH low; Ambient temperature high,1278,12.39,0,No Defect
0.04161870178462318,102.27849341875418,181.0171443955638,38.21588207493146,26.52162799907703,,Ambient temperature high,1279,12.395,0,No Defect
0.04066029790119951,99.92236275440969,175.92844442819083,42.555337132251644,25.56152837652801,,,1280,12.4,0,No Defect
0.04267422294590676,103.0328144200755,180.29859242516252,43.681511983729095,24.9844577584863,,,1281,12.405000000000001,0,No Defect
0.04087906571456011,101.21323488422776,178.57389503735192,35.486474124043674,27.466936655042172,,Ambient temperature high,1282,12.41,0,No Defect
0.03863950815794938,97.19335196555281,194.7311977026148,48.036960393064206,22.795333895897905,,,1283,12.415,0,No Defect
0.03772569202496496,96.97314907474603,209.77760757859588,44.5764241485241,22.87728654735182,,,1284,12.42,0,No Defect
0.041019487035550715,100.27583497329378,186.44324967929623,50.56472210457277,22.584615144349783,,Ambient RH high,1285,12.425,0,No Defect
0.038742525587710665,95.29152708668133,145.96280666877414,39.3587174906899,28.328509673196326,,Paste viscosity low; Ambient temperature high,1286,12.43,0,No Defect
0.03934746309738874,97.80556344836113,175.68616964631659,42.95113096815966,25.45775383733978,,,1287,12.434999999999999,0,No Defect
0.03620025477386832,96.48522924411412,216.30546248556524,32.59620088843489,25.963750289329894,,,1288,12.440000000000001,0,No Defect
0.03820375425117464,97.52973518948447,194.78573614689782,35.5875292342048,26.436064548148124,,Ambient temperature high,1289,12.445,0,No Defect
0.03945425278645553,101.38463475950978,215.98616943237766,31.8959111493628,26.219902135330816,,Ambient temperature high,1290,12.45,0,No Defect
0.03799120494080632,96.69099142947533,198.30121083511122,43.73215353124238,23.83928275904347,,,1291,12.455,0,No Defect
0.039238392082727426,97.80540621587375,178.847621880311,43.124344946932446,25.21734057218642,,,1292,12.46,0,No Defect
0.041618397937242896,100.81350482106683,167.1330137466225,43.357802773257035,25.887910974642423,,,1293,12.465,0,No Defect
0.04007515772280202,100.0728660955856,193.9751570772248,38.20928334736468,25.740946533900185,,,1294,12.469999999999999,0,No Defect
0.04123206522429929,103.2573465377317,205.24157388438235,34.83924434663201,26.038089355604587,,Ambient temperature high,1295,12.475,0,No Defect
0.041386582871308704,98.8107966140729,142.16585008730704,43.996380477282386,27.236394970169144,,Paste viscosity low; Ambient temperature high,1296,12.48,0,No Defect
0.04499739317869965,105.12035213779369,147.63923880907393,41.92137890432041,27.534212496681562,Paste volume per aperture high,Stencil thickness high; Paste viscosity low; Ambient temperature high,1297,12.485,0,Solder Bridging
0.040216051250936614,99.32124436759166,186.79626777120143,47.12533898730133,23.57570587234068,,,1298,12.49,0,No Defect
0.04076293248568124,102.72448130611696,222.81689063525693,41.907999511558174,22.89664829413905,,,1299,12.495000000000001,0,No Defect
0.0424548090758683,101.1016214982579,160.0469332933141,45.942030095650956,25.58712598158552,,,1300,12.5,0,No Defect
0.039483854000376906,101.85110201624269,233.08169067897623,35.720886772134286,24.067940646984486,,,1301,12.504999999999999,0,No Defect
0.04310282097638711,104.88791773663415,189.02306972243719,37.808096314185384,26.188406788921462,,Ambient temperature high,1302,12.51,0,No Defect
0.03859242929818858,101.59403435667767,245.94024856271278,30.262311641802075,24.87145074675192,,,1303,12.515,0,No Defect
0.03930361104249054,99.65146933108146,201.13059671493576,39.2721990757734,24.987093649277707,,,1304,12.52,0,No Defect
0.04056616662000288,100.51573764821717,188.55538688344691,41.51300073337302,25.117510665853313,,,1305,12.525,0,No Defect
0.04115798061950248,102.30606876129632,211.49242762689255,46.97151528670891,22.119773691919328,,,1306,12.530000000000001,0,No Defect
0.0416407714875314,100.66993136512964,173.27401726149932,46.32635511184685,24.66180463892228,,,1307,12.535,0,No Defect
0.040560150340159966,97.00176619954301,129.17376531684926,42.202678157327036,28.56174465063695,,Paste viscosity low; Ambient temperature high,1308,12.54,0,No Defect
0.03926128378805035,97.3460575197497,167.789126903341,41.533610402756764,26.377670930936972,,Ambient temperature high,1309,12.545,0,No Defect
0.039967550308988214,102.15789272651558,226.49616902892976,36.912476434631024,24.13547949538608,,,1310,12.55,0,No Defect
0.037193968849508874,97.48577362606235,226.90095766466365,41.97243548087187,22.608656767800706,,,1311,12.555,0,No Defect
0.0393941649923214,101.86679045784282,230.4737477798895,36.70268586443766,23.94411173518434,,,1312,12.559999999999999,0,No Defect
0.041414613400788884,104.07911124083024,217.81800906001672,36.86245348077287,24.694184165296335,,,1313,12.565000000000001,0,No Defect
0.03973396534004039,98.20160661996351,190.45228930223502,50.357314003562635,22.423027947204936,,Ambient RH high,1314,12.57,0,No Defect
0.04231225958940483,101.84715983671418,163.05353733353326,41.228461253881626,26.787703391950316,,Ambient temperature high,1315,12.575,0,No Defect
0.03942412651701927,100.2401713461678,207.4007941727095,35.59902665157274,25.69363565377017,,,1316,12.58,0,No Defect
0.04020709836341336,102.80207162963112,225.58013216779906,33.9187825179052,25.074475253661753,,,1317,12.585,0,No Defect
0.03956837978075037,98.24690675671482,189.82847119619285,47.216915072788204,23.380833248164496,,,1318,12.59,0,No Defect
0.04265661503150579,102.34377192162916,165.39892152174693,39.93325245360592,27.033908381572992,,Ambient temperature high,1319,12.594999999999999,0,No Defect
0.037420764142699424,97.9535141173871,227.1468348973222,40.685617000032366,22.980281219354964,,,1320,12.6,0,No Defect
0.036596305797564246,95.82533397209876,210.65118749971663,38.16897651220402,24.72423032924684,,,1321,12.605,0,No Defect
0.04136363204140925,103.24977970974275,200.4958426118201,37.44405237173481,25.58962068093504,,,1322,12.61,0,No Defect
0.039996571327515884,102.07289726227293,238.87042490879628,43.001382242466775,21.61367054523231,,,1323,12.615,0,No Defect
0.03524263003093457,95.9736226723336,242.4441293863499,35.34551917720121,23.588340433084515,Paste volume per aperture low,,1324,12.620000000000001,0,Open Circuit
0.03590053438365461,96.90176305044731,248.86674595122386,38.55997955240794,22.26381564138947,Paste volume per aperture low,,1325,12.625,0,Open Circuit
0.036863377329823054,97.98883669803398,230.1743055795655,32.76228143299452,25.11165653318689,,,1326,12.629999999999999,0,No Defect
0.039212692989488755,100.22403143104908,204.39045836208308,32.92109801882016,26.665411568365823,,Ambient temperature high,1327,12.635,0,No Defect
0.03780168743553839,100.93516090974232,246.95244683425477,28.400983235185528,25.364673426538776,,Ambient RH low,1328,12.64,0,No Defect
0.0435973432833335,104.86088941346472,177.37305952119155,40.64998112572373,26.09928076455499,,Ambient temperature high,1329,12.645,0,No Defect
0.0405145616418932,100.43139848847964,183.8191643801588,39.457642785176425,26.03032175187196,,Ambient temperature high,1330,12.65,0,No Defect
0.0436338982612313,102.16051815470841,157.7228406196037,52.93925896295973,23.722791591844693,,Ambient RH high,1331,12.655000000000001,0,No Defect
0.041666493011057376,101.1519840923633,180.76945525272873,43.00385565728696,25.201504551670684,,,1332,12.66,0,No Defect
0.03815167754308787,96.70205405511531,187.05211339472652,41.4151379869515,25.24437095483905,,,1333,12.665,0,No Defect
0.04048180482554294,99.9125444115322,185.49187281673585,43.94079004524363,24.623058286813343,,,1334,12.67,0,No Defect
0.041554038907549676,102.02824758223639,182.5106298278512,37.6488497399409,26.654014185909528,,Ambient temperature high,1335,12.675,0,No Defect
0.03936940017468889,100.20000369490737,215.2667864907128,40.910826110496615,23.674631265025937,,,1336,12.68,0,No Defect
0.04028664313685643,99.93927146124621,180.82108340447405,36.24476225165643,27.162115995298038,,Ambient temperature high,1337,12.684999999999999,0,No Defect
0.04094639169514583,100.31709628094751,176.92373196368132,42.937153870081936,25.447859001640698,,,1338,12.690000000000001,0,No Defect
0.037840704335483075,99.76304435849397,244.50862585066244,37.01585253013388,23.011371867177637,,,1339,12.695,0,No Defect
0.04238243509032969,102.58517937898075,163.27955475236638,33.50376228952877,29.056483341580968,,Ambient temperature high,1340,12.7,0,No Defect
0.03767366695013599,97.47709280175312,209.43511898286363,40.73356055097751,24.070818466902107,,,1341,12.705,0,No Defect
0.042145312070108666,104.71096522066549,222.90093649009995,43.52850358091472,22.468839770452384,,,1342,12.71,0,No Defect
0.04092174789490808,102.91598377854346,213.6958934643758,40.04007872382982,24.03880898559757,,,1343,12.715,0,No Defect
0.041136667806898446,103.18682769669061,215.78022308151768,35.819254683574954,25.157016921581842,,,1344,12.719999999999999,0,No Defect
0.042394591073118146,101.60063737159912,163.96124979692627,42.845567055842025,26.291363659076552,,Ambient temperature high,1345,12.725,0,No Defect
0.043363343103394666,102.45354044539513,157.72494129578357,45.92711902942936,25.781993312379853,,,1346,12.73,0,No Defect
0.04101947472627515,102.65442215936685,211.09174604468024,43.897403478007845,23.07361060806926,,,1347,12.735,0,No Defect
0.036578428901416375,96.40578570091569,206.77389336208668,29.89248336343656,27.403699810993203,,Ambient RH low; Ambient temperature high,1348,12.74,0,No Defect
0.03815542574608202,97.13839810085778,198.27754631930506,41.85663475043825,24.443373121142756,,,1349,12.745000000000001,0,No Defect
0.04178865603689087,101.05187043662033,169.08483309688995,43.83182650073747,25.68483205639656,,,1350,12.75,0,No Defect
0.03522968095373215,96.16401343237153,246.5485321653074,38.18640044867228,22.52539956922783,Paste volume per aperture low,,1351,12.754999999999999,0,Open Circuit
0.04163965405402548,101.75770626920644,185.75786186427183,45.702637236839536,24.11310615029037,,,1352,12.76,0,No Defect
0.040827320622949304,104.44333767380155,239.00643616524502,37.86145379174365,23.130309285250142,,,1353,12.765,0,No Defect
0.03993589818497187,100.39629149676013,185.43677860711063,30.572245546488446,28.544931329798384,,Ambient temperature high,1354,12.77,0,No Defect
0.04164430727113161,103.36174432512769,207.53853140124954,41.50769021770527,24.006478088568485,,,1355,12.775,0,No Defect
0.042404119372444204,102.8244566370167,182.42092452479943,42.48851190563247,25.27058604511102,,,1356,12.780000000000001,0,No Defect
0.039157512643744875,101.0303963856112,218.11602603956464,30.77597090849461,26.47718560724347,,Ambient temperature high,1357,12.785,0,No Defect
0.0398228927093015,99.54777162139808,198.45649692920284,43.3864926316139,24.006903698641707,,,1358,12.79,0,No Defect
0.042798753961213264,105.51283226911366,221.17819037580153,43.6350334214736,22.564434977889178,,Stencil thickness high,1359,12.795,0,No Defect
0.03810189220020437,97.14549992742653,179.30455276812793,34.71498352055944,27.69441478477789,,Ambient temperature high,1360,12.8,0,No Defect
0.03974690788675883,98.78376075454736,188.40310765967087,44.2878311423009,24.36162646610493,,,1361,12.805,0,No Defect
0.04088341921055285,99.13327072638872,158.34399289179376,39.43546032580424,27.636187226176556,,Ambient temperature high,1362,12.809999999999999,0,No Defect
0.04035709636940993,97.80946579900275,147.00409171701602,41.058068170565846,27.84899677167141,,Paste viscosity low; Ambient temperature high,1363,12.815000000000001,0,No Defect
0.04398449761205065,107.13552231008997,200.8820178603979,36.7986909558155,25.815955884169302,,Stencil thickness high,1364,12.82,0,No Defect
0.038804915010058276,96.95977727539787,178.6502803485424,42.79323268657264,25.391193376195755,,,1365,12.825,0,No Defect
0.040884727957888375,100.15568605807293,169.93786251341197,39.36227966958258,26.943652620305492,,Ambient temperature high,1366,12.83,0,No Defect
0.03764645946536849,99.43735829670727,224.02865103757398,27.74024712054444,26.99519067983239,,Ambient RH low; Ambient temperature high,1367,12.835,0,No Defect
0.0387274170474426,98.27585629194198,211.44012969870442,45.55211258283757,22.578348873441417,,,1368,12.84,0,No Defect
0.040874346675438024,101.40723412887434,198.6347925957353,45.79974138461135,23.300251789076782,,,1369,12.844999999999999,0,No Defect
0.03775892549267754,97.02085241744707,201.8728228892971,37.483562265372015,25.516469200869302,,,1370,12.85,0,No Defect
0.04338745502325181,104.00647695561203,175.39290072532046,41.47106423937933,26.019392260981938,,Ambient temperature high,1371,12.855,0,No Defect
0.038348158536082574,101.5120664088343,263.59401569672855,39.7580181828084,21.067859113704046,,Paste viscosity high,1372,12.86,0,No Defect
0.04206153916581831,104.09498484935982,200.88154614021113,35.56889308189448,26.16955994072505,,Ambient temperature high,1373,12.865,0,No Defect
0.04081821701496006,102.20849490508473,197.746641760298,33.66239844084802,26.908968847063736,,Ambient temperature high,1374,12.870000000000001,0,No Defect
0.03820220891876142,99.41895328068796,219.5451867107978,33.43111239989525,25.618946706551366,,,1375,12.875,0,No Defect
0.04037402025177412,100.69548242623283,191.10717906360648,37.76958416422692,26.11460361328517,,Ambient temperature high,1376,12.879999999999999,0,No Defect
0.038370090120404925,96.54205177624453,195.218658537276,47.90688511273001,22.889416148170113,,,1377,12.885,0,No Defect
0.04202189479733877,107.7039018698596,247.379447193062,28.17603918066805,25.476388240346488,,Stencil thickness high; Ambient RH low,1378,12.89,0,No Defect
0.038922304618685837,98.22680537222054,185.5724832539445,36.973411845042015,26.676730169890746,,Ambient temperature high,1379,12.895,0,No Defect
0.04189381682030224,102.35970907316668,189.79875709135823,42.770634140838375,24.750982221958168,,,1380,12.9,0,No Defect
0.040575189066690734,99.21091522485962,169.53573687028097,41.65688318667491,26.310166471446415,,Ambient temperature high,1381,12.905000000000001,0,No Defect
0.035779874084726555,98.17369510725996,254.15111218089976,30.57341595946984,24.31250090493548,Paste volume per aperture low,Paste viscosity high,1382,12.91,0,Open Circuit
0.03742772664557688,96.17616460113294,215.54998241941172,51.57760011253661,20.56146326621642,,Ambient RH high,1383,12.915,0,No Defect
0.04051480103800005,99.94782972982215,186.39755298015103,42.94592307153065,24.90104455994917,,,1384,12.92,0,No Defect
0.0373566069114943,97.7683127828761,212.38155378342637,32.99399573538333,26.185964804714487,,Ambient temperature high,1385,12.925,0,No Defect
0.03843512549934281,100.09427278276894,230.86214793535436,36.58851256502147,24.012452747104504,,,1386,12.93,0,No Defect
0.04096131956508989,103.50913918635646,218.77569559847615,34.63696659983187,25.345423563702035,,,1387,12.934999999999999,0,No Defect
0.03914194718453908,100.96633421055445,235.24564811932098,42.00770413233659,22.16625050496355,,,1388,12.940000000000001,0,No Defect
0.04216652115500498,99.78134705252398,152.75646524030986,50.426059791199876,24.796866527894593,,Ambient RH high,1389,12.945,0,No Defect
0.03733481946841304,99.46766704961391,233.47398190431073,27.610372430628168,26.468750122509203,,Ambient RH low; Ambient temperature high,1390,12.95,0,No Defect
0.03649105659968863,97.00730592794366,241.23954049098162,45.69503096897084,20.698689894143516,,,1391,12.955,0,No Defect
0.04223360042361144,102.95315948805273,191.36038451067103,43.06109875256759,24.581480535475237,,,1392,12.96,0,No Defect
0.041075071901978885,100.5775160854532,179.6091059247881,42.55213589926938,25.44148188179804,,,1393,12.965,0,No Defect
0.03786770857245096,98.16120500066747,228.6288185958715,45.9736155273293,21.408000333195766,,,1394,12.969999999999999,0,No Defect
0.04004886888478359,100.8996841896241,213.24045045307685,44.70181307015252,22.740093659011638,,,1395,12.975,0,No Defect
0.03736883717291234,99.70320942248118,244.4434861361471,31.342845793079736,24.71096068472107,,,1396,12.98,0,No Defect
0.03888984836823257,97.15251975134493,194.81257002731599,50.0881410306682,22.294545118654906,,Ambient RH high,1397,12.985,0,No Defect
0.04117627862139217,102.98626014445226,217.31229551144332,43.21064862265381,22.937989504932986,,,1398,12.99,0,No Defect
0.039404202939024656,100.92371002391234,216.33960469865065,35.243357567100645,25.31267037314267,,,1399,12.995000000000001,0,No Defect
0.04157053742336263,99.26589831778895,157.19208278111438,49.1325670763332,24.904902548378196,,,1400,13.0,0,No Defect
0.041554028885328956,104.32979617592308,230.42467351581539,43.51191573160838,22.050133091827842,,,1401,13.004999999999999,0,No Defect
0.04058282003866951,100.99295906482364,202.43752091829288,44.56935963668321,23.452622154486146,,,1402,13.01,0,No Defect
0.04080973305238534,101.11780453678399,187.11418177141059,39.81406684026742,25.781456200849583,,,1403,13.015,0,No Defect
0.044097852927618676,102.01668003935897,132.15898903070536,47.46741655478752,26.948462742399414,Paste volume per aperture high,Paste viscosity low; Ambient temperature high,1404,13.02,0,Solder Bridging
0.04079902383946582,101.6237600273666,192.25651429983492,34.50158687727647,27.024573316941808,,Ambient temperature high,1405,13.025,0,No Defect
0.037271497432909535,96.8322886206148,213.39749884175544,38.91880671666688,24.410598079759808,,,1406,13.030000000000001,0,No Defect
0.042448133409237906,100.44573833309292,143.05724961681904,41.010643604142324,28.159769174070007,,Paste viscosity low; Ambient temperature high,1407,13.035,0,No Defect
0.04153294020786686,101.26720522863117,183.29994449733164,42.440832863932904,25.265347529695035,,,1408,13.04,0,No Defect
0.03888966329575428,99.2633991963789,207.97845506909925,36.67232513051421,25.4143521790911,,,1409,13.045,0,No Defect
0.04193579509587832,102.88796080452579,200.90025227544857,45.05276779988786,23.42297105165408,,,1410,13.05,0,No Defect
0.036547611090927606,96.49617372315295,220.41829651265374,39.52174808734898,23.793524349395973,,,1411,13.055,0,No Defect
0.043072449572463756,104.32018175800795,183.84134917517778,39.363467337157914,26.140827265054952,,Ambient temperature high,1412,13.059999999999999,0,No Defect
0.03812148880319499,97.89632634887411,204.95017167685938,40.519168295783345,24.465889425380755,,,1413,13.065000000000001,0,No Defect
0.04241189370274609,101.35501291874502,153.0676758810407,42.31054197953265,27.161203238879743,,Ambient temperature high,1414,13.07,0,No Defect
0.04250930464012452,104.05917569925627,211.8646076696599,48.31808031632819,21.80449815198231,,,1415,13.075,0,No Defect
0.04068592580421497,102.9000275808198,214.47699696804284,33.52069656663587,25.952815005168713,,,1416,13.08,0,No Defect
0.03579038608795213,96.34626426556675,221.23208195558888,28.460475592934355,26.975160430680734,Paste volume per aperture low,Ambient RH low; Ambient temperature high,1417,13.085,0,Open Circuit
0.03904614549532946,101.9097200775082,230.8219890610512,30.578959995494795,25.792142055459404,,,1418,13.09,0,No Defect
0.036567567957001605,100.98251160213877,280.3956849400045,26.781780963327115,23.846366186143648,,Paste viscosity high; Ambient RH low,1419,13.094999999999999,0,No Defect
0.039559917076828315,99.71291175098601,201.4728209286933,39.83353394107611,24.900287438368217,,,1420,13.1,0,No Defect
0.03922465776244998,96.66383788141084,165.60545024805845,41.086410968552904,26.73800497708574,,Ambient temperature high,1421,13.105,0,No Defect
0.03804119093062628,98.62916667586961,227.43048934126648,40.585450670143,23.079573551834876,,,1422,13.11,0,No Defect
0.03913312854674631,102.10585631533208,239.4737059199277,31.465729004394447,25.01189317134756,,,1423,13.115,0,No Defect
0.03912832770959287,98.20578697230741,186.15400580503925,39.79401055061176,25.849676975275365,,,1424,13.120000000000001,0,No Defect
0.0361314125131193,96.50656350470122,234.13335473123377,38.04841240138605,23.39245973606692,,,1425,13.125,0,No Defect
0.03985129350357189,99.91241083171336,201.58617117979003,42.56025677016516,24.102292560380633,,,1426,13.129999999999999,0,No Defect
0.04103239802726606,100.38968967095153,174.6464906411952,40.2376386490428,26.4442743391375,,Ambient temperature high,1427,13.135,0,No Defect
0.033557281152803396,94.48950976135394,256.94260227320194,29.487714091950856,24.47854134527816,Paste volume per aperture low,Stencil thickness low; Paste viscosity high; Ambient RH low,1428,13.14,0,Open Circuit
0.04095160532751357,102.1712816368535,185.94635567319546,32.02310061830276,28.1443485323842,,Ambient temperature high,1429,13.145,0,No Defect
0.04137328174495728,102.81908550929049,198.41613480043742,37.21874169187625,25.868827135347566,,,1430,13.15,0,No Defect
0.03585680440020899,97.94406709614596,249.46649753926533,28.10548243859959,25.3584013437719,Paste volume per aperture low,Ambient RH low,1431,13.155000000000001,0,Open Circuit
0.04054453144204202,100.79042221396085,198.6117985426063,40.84166865881444,24.799271355859965,,,1432,13.16,0,No Defect
0.039767981145865106,102.94763699881935,239.38957765337324,35.24235493909778,23.920401854359802,,,1433,13.165,0,No Defect
0.03903257969701466,98.99269072878272,201.11858312458364,39.89054275187278,24.90695653839569,,,1434,13.17,0,No Defect
0.040719438313952666,102.82989022197764,211.76656991606185,33.40686366425133,26.163172394348315,,Ambient temperature high,1435,13.175,0,No Defect
0.04062895616418206,100.41801529951525,193.15148145106883,43.00892428475796,24.50340264990909,,,1436,13.18,0,No Defect
0.04137386213528572,98.60060900597256,162.82962671723584,54.55502947293567,22.997727812898493,,Ambient RH high,1437,13.184999999999999,0,No Defect
0.040316221474037114,100.69234960741646,197.70702614855782,41.32278331674619,24.70957536289643,,,1438,13.190000000000001,0,No Defect
0.04059581583510872,101.59627691150045,203.87575141123398,41.399788657474716,24.309406322296688,,,1439,13.195,0,No Defect
0.04027933309678521,100.7008749111532,204.97388380768479,41.779155591778284,24.136420895339928,,,1440,13.2,0,No Defect
0.040313679438358785,101.05870908097387,213.89009193190006,42.936540120435076,23.25369531962287,,,1441,13.205,0,No Defect
0.04473533303048807,104.48861898318081,147.4089685949177,41.36747887467075,27.8227470790729,Paste volume per aperture high,Paste viscosity low; Ambient temperature high,1442,13.21,0,Solder Bridging
0.04112769584711295,100.56070622225836,190.52814822787647,46.85072431890031,23.551220226730443,,,1443,13.215,0,No Defect
0.04221365659807798,99.11892390479527,135.74972143896335,52.70764834359877,25.199187917393182,,Paste viscosity low; Ambient RH high,1444,13.219999999999999,0,No Defect
0.037758225954658574,97.99197553942402,215.4177363416859,37.71657095940767,24.66152164668453,,,1445,13.225,0,No Defect
0.037921556313635495,100.77321203027726,251.62747075334923,34.55719913158281,23.363119011339883,,Paste viscosity high,1446,13.23,0,No Defect
0.04257303829684587,102.5033146125744,177.317580546074,43.307721175322186,25.40880131635215,,,1447,13.235,0,No Defect
0.04137655721318677,101.02628692431136,174.5568427522683,39.010126836926794,26.822735591970172,,Ambient temperature high,1448,13.24,0,No Defect
0.03874179028105664,98.88072968547773,207.2314097950066,36.381741214467155,25.568797709049345,,,1449,13.245000000000001,0,No Defect
0.0406726274118182,99.88022793647684,187.4819791757995,47.88933748177925,23.429291840683767,,,1450,13.25,0,No Defect
0.04363993121920289,103.82690476031735,175.41245072360343,45.742558369665,24.82457787814961,,,1451,13.254999999999999,0,No Defect
0.04396768985501534,104.29607890982824,172.99919361009677,47.57301514700242,24.436168792204278,,,1452,13.26,0,No Defect
0.03868661198549872,100.30991970000359,228.18472601721504,36.48582869006951,24.24917496346617,,,1453,13.265,0,No Defect
0.03656428980778059,97.23005955788108,237.1640586121876,38.299173608482235,23.153801577754354,,,1454,13.27,0,No Defect
0.038592017402154344,97.31860690959644,188.79908642871763,41.19186703286666,25.292169504150028,,,1455,13.275,0,No Defect
0.038449909270657584,100.81190159750221,253.37466113927084,40.99150436691402,21.389212442117035,,Paste viscosity high,1456,13.280000000000001,0,No Defect
0.03788678080560621,99.80841615216028,245.17581352664027,39.279575542037925,22.385328445016317,,,1457,13.285,0,No Defect
0.034090872808615114,93.43599040017826,227.21648127575256,31.812046281440907,25.641702878218105,Paste volume per aperture low,Stencil thickness low,1458,13.29,0,Open Circuit
0.03916198386210304,98.2297016546309,182.1206808938718,36.85885330624055,26.974754590558216,,Ambient temperature high,1459,13.295,0,No Defect
0.03867780908035333,98.20949416532191,196.32218839362176,38.927696839668535,25.493607613726443,,,1460,13.3,0,No Defect
0.03391003835414572,95.74874453085087,276.90118612100434,33.74380775288985,22.030665026178823,Paste volume per aperture low,Paste viscosity high,1461,13.305,0,Open Circuit
0.039099397312260635,98.26711158293847,193.08018635829154,39.34103875780212,25.582294122383125,,,1462,13.309999999999999,0,No Defect
0.04307872227742364,101.98546083769395,166.7509239820033,50.9421186721588,23.83695226382994,,Ambient RH high,1463,13.315000000000001,0,No Defect
0.04127079372713743,101.39376197637978,184.78332981500375,40.521298115376084,25.75901213352393,,,1464,13.32,0,No Defect
0.0414153343739116,103.48227907936392,216.06557231549553,37.64153311441724,24.68691596332467,,,1465,13.325,0,No Defect
0.04588672359350473,107.26993849547586,186.99290457378683,54.51366812491534,21.57392177692605,Paste volume per aperture high,Stencil thickness high; Ambient RH high,1466,13.33,0,Solder Bridging
0.04060287834476483,100.8448010672577,182.37905475406637,34.79760939175022,27.573818377981908,,Ambient temperature high,1467,13.335,0,No Defect
0.03880059227610312,99.71539167798717,223.44746807226167,39.154161158113446,23.77186657164781,,,1468,13.34,0,No Defect
0.03796396018533466,97.02580100885808,189.60082333219364,34.474738407683,27.207437771769687,,Ambient temperature high,1469,13.344999999999999,0,No Defect
0.038168850928516754,98.65339411955887,212.83293244956442,37.45925335158384,24.90782908864159,,,1470,13.35,0,No Defect
0.04172832402694205,102.48019902593934,191.5017988567961,38.598690810343356,25.918829776016533,,,1471,13.355,0,No Defect
0.03848049214028803,99.76917561867981,232.4395859918634,39.25914437894216,23.187960169436533,,,1472,13.36,0,No Defect
0.041528589198026905,104.41254582612777,220.12168812289121,33.23940534645109,25.727308496646433,,,1473,13.365,0,No Defect
0.04041775157468207,100.79501734699684,195.23210427423965,36.329518260278086,26.345164548668095,,Ambient temperature high,1474,13.370000000000001,0,No Defect
0.04394510910350789,104.92946453877897,183.9112778329253,45.912040748045385,24.2643559687964,,,1475,13.375,0,No Defect
0.04186353039557783,102.7442923964475,191.7088735082728,38.744543942946756,25.86572265078355,,,1476,13.379999999999999,0,No Defect
0.040628325908212824,100.44073648702752,191.07854988119422,43.31541423177806,24.55741527590795,,,1477,13.385,0,No Defect
0.04256586319640052,102.96802946242863,172.91590870428672,37.63667221836609,27.346974574496453,,Ambient temperature high,1478,13.39,0,No Defect
0.03632807143542202,98.69873667506666,256.88638324999965,32.83648439742947,23.546505392688125,,Paste viscosity high,1479,13.395,0,No Defect
0.03873958010780064,99.88567981080693,220.37333833440402,36.276145098988366,24.803187663156454,,,1480,13.4,0,No Defect
0.04333156123123301,103.04977521848738,172.17842231524565,44.67411057868068,25.34953490896808,,,1481,13.405000000000001,0,No Defect
0.042104646452079404,102.53214372963666,184.45978959941954,41.8178483113032,25.414442001794182,,,1482,13.41,0,No Defect
0.036473151000620194,97.92926724899148,236.0273552578697,30.59358938938132,25.48441916659291,,,1483,13.415,0,No Defect
0.039143272244804385,99.40794030475732,198.21883326020466,36.561193839750274,26.080364012162327,,Ambient temperature high,1484,13.42,0,No Defect
0.041079644005341545,100.86819596974442,176.92311292324297,38.39254902263178,26.870050627092912,,Ambient temperature high,1485,13.425,0,No Defect
0.04007943610320756,98.22187976394166,173.84932849080445,44.609853156580726,25.23926437272192,,,1486,13.43,0,No Defect
0.04058796139246668,99.70529314933137,179.4972972615861,40.66312301005293,26.050901757340107,,Ambient temperature high,1487,13.434999999999999,0,No Defect
0.043530203569928684,107.99571877358049,230.52816762465335,37.10196780914049,23.97808452039358,,Stencil thickness high,1488,13.440000000000001,0,No Defect
0.043005788762427895,104.44474091840436,189.57709209554386,41.07704500745642,25.324476678800334,,,1489,13.445,0,No Defect
0.03908385206625395,100.07167394166126,209.0103882578907,35.299521479129744,25.788604438248345,,,1490,13.45,0,No Defect
0.037899666739533655,96.80816779301759,202.8314449890644,42.12264490086103,24.17133531674346,,,1491,13.455,0,No Defect
0.03878851097924269,99.0129276441861,200.13072212316627,33.09285381545459,26.981596021751955,,Ambient temperature high,1492,13.46,0,No Defect
0.03827868587624717,98.06553619248201,203.8597501906617,37.19038479915193,25.551175824977836,,,1493,13.465,0,No Defect
0.04189648787268374,101.70662256638151,170.70238970526069,40.47737089910448,26.65007382303799,,Ambient temperature high,1494,13.469999999999999,0,No Defect
0.04346101221981661,100.35838817209859,129.74524050440084,53.75600687590744,25.297354306905994,,Paste viscosity low; Ambient RH high,1495,13.475,0,No Defect
0.039548965119119255,100.26071728286234,205.43136806940217,36.27103687989992,25.734056474413908,,,1496,13.48,0,No Defect
0.03874502487908861,100.85692588404386,237.6450488558533,36.920995123195226,23.560959723648438,,,1497,13.485,0,No Defect
0.03947123202097957,98.57549037602357,184.0399216195925,39.60988308053163,26.070740722015664,,Ambient temperature high,1498,13.49,0,No Defect
0.03899937140210691,98.49016741657655,212.1740656590768,43.96362987738016,23.078430180021403,,,1499,13.495000000000001,0,No Defect
0.04345175518987872,103.89738226329564,181.72692010639076,46.22452040890455,24.31406417930095,,,1500,13.5,0,No Defect
0.03551569056200253,96.08879795158781,232.54828190125374,30.630120370633485,25.688247896732946,Paste volume per aperture low,,1501,13.504999999999999,0,Open Circuit
0.04349009450054746,107.360223868176,223.8785619611289,36.923840841498674,24.44601400749516,,Stencil thickness high,1502,13.51,0,No Defect
0.04093718013069127,103.87382095316188,227.27816466683205,31.695233728386775,25.748807150670075,,,1503,13.515,0,No Defect
0.04197100933100927,99.85014269913063,154.23435147719033,48.0879325151186,25.444953055156038,,,1504,13.52,0,No Defect
0.03841828971320232,100.20274574246172,229.6706953337969,31.828351793927006,25.54133936305283,,,1505,13.525,0,No Defect
0.042521967623940365,103.70461354552161,194.05695771175792,40.696200881651215,25.167498821281907,,,1506,13.530000000000001,0,No Defect
0.03784829755159256,97.4585938041199,192.48524989014876,30.543068246783257,28.191301362476377,,Ambient temperature high,1507,13.535,0,No Defect
0.041219890009953214,101.41555771884282,195.6102180992973,46.063503527835785,23.49097529729567,,,1508,13.54,0,No Defect
0.04094111992193525,101.21362233240784,186.172886251282,38.63269950330732,26.23851371083066,,Ambient temperature high,1509,13.545,0,No Defect
0.04068428495412624,103.81567065139649,222.84574077468116,28.271484242133557,27.016929705462715,,Ambient RH low; Ambient temperature high,1510,13.55,0,No Defect
0.0405286367189411,102.75332974570564,222.50730002628438,35.483903419488435,24.930747314112715,,,1511,13.555,0,No Defect
0.03693430556851532,95.49362454644691,207.20261069174907,44.46015236871874,23.216275488820592,,,1512,13.559999999999999,0,No Defect
0.03655747833717998,96.27190376480904,210.06722386124721,34.593466112420224,25.91702995648159,,,1513,13.565000000000001,0,No Defect
0.03782827329437383,98.12386435916457,212.47501216777425,37.306033444542265,24.987190346816888,,,1514,13.57,0,No Defect
0.03720124542041394,94.22007006928182,177.32212665350784,42.34801677221274,25.67237374748481,,Stencil thickness low,1515,13.575,0,No Defect
0.04237870624943562,103.6273228011669,195.3401163856772,42.44807291572142,24.57446517467377,,,1516,13.58,0,No Defect
0.03835411291364977,97.04203221679543,197.1882714419883,44.59412990519001,23.80547293406194,,,1517,13.585,0,No Defect
0.03830682407479268,99.4659753417781,219.751669975339,33.57517920212428,25.63913741662305,,,1518,13.59,0,No Defect
0.03867819075863591,96.5628604082863,170.66190842535622,40.87717694986196,26.518913514825925,,Ambient temperature high,1519,13.594999999999999,0,No Defect
0.03974221778939051,99.22227448983149,195.07793435219847,41.73058512227721,24.78603186617353,,,1520,13.6,0,No Defect
0.03853733509181512,97.43365224439091,188.349251154974,38.298434599402206,26.189911037907425,,Ambient temperature high,1521,13.605,0,No Defect
0.04047096174660057,95.17701378237942,116.00223038337117,48.0556160154279,27.79497517006641,,Paste viscosity low; Ambient temperature high,1522,13.61,0,No Defect
0.037839764722984254,98.32597023274997,230.22450611379904,40.49136664941945,22.978937902761995,,,1523,13.615,0,No Defect
0.03839528543359938,97.87854353168723,196.20920860914288,35.92473939167179,26.401310194599052,,Ambient temperature high,1524,13.620000000000001,0,No Defect
0.04168909162864434,103.58109280126124,213.0416647099135,38.14675430903726,24.749240872347453,,,1525,13.625,0,No Defect
0.04214608778258949,101.10247480875492,173.34197404930816,49.198470288535056,23.955959300064126,,,1526,13.629999999999999,0,No Defect
0.03916434497957203,97.75432102238669,181.51720216525467,43.00900457884671,25.235651435835088,,,1527,13.635,0,No Defect
0.03586280796738979,96.23459094516679,229.93596803841922,33.61149699346744,24.986719626998937,Paste volume per aperture low,,1528,13.64,0,Open Circuit
0.03889474360041442,96.31904043019834,184.9118488087006,49.988008847619305,22.995262843277565,,,1529,13.645,0,No Defect
0.04220767513993655,101.86382085324497,175.07932071023652,44.02928635604712,25.36030780369944,,,1530,13.65,0,No Defect
0.03933300758042752,101.84758876601236,220.68165467131362,28.43848734903682,27.09066467196594,,Ambient RH low; Ambient temperature high,1531,13.655000000000001,0,No Defect
0.04274483495203239,103.18904625597324,177.3629580600753,41.21661731321838,26.045505517605047,,Ambient temperature high,1532,13.66,0,No Defect
0.041283924980871606,99.96903506796677,166.00767241750395,42.782079965003305,26.275400433900685,,Ambient temperature high,1533,13.665,0,No Defect
0.041499650660336,98.70499721722999,150.22480254026593,48.36041264712169,25.617893078633017,,,1534,13.67,0,No Defect
0.03851486828123648,98.42248303572919,181.33904176125657,25.57577360652295,30.337638607202088,,Ambient RH low; Ambient temperature high,1535,13.675,0,No Defect
0.04106567991118515,100.084325584268,174.10466745376766,44.91810640118668,25.150045040631387,,,1536,13.68,0,No Defect
0.04180473500014972,101.28085507175203,180.08768873597654,45.03840572826377,24.75888691515024,,,1537,13.684999999999999,0,No Defect
0.04081945795794271,100.14918117644204,192.30295378082928,47.61105563407327,23.250894737516376,,,1538,13.690000000000001,0,No Defect
0.04291151102796232,104.68386339741517,188.9035882961367,35.942615450553276,26.880563396210764,,Ambient temperature high,1539,13.695,0,No Defect
0.04178391602741004,100.33636566444241,159.3089667399371,44.34920587624374,26.231644556735585,,Ambient temperature high,1540,13.7,0,No Defect
0.03940054404594578,101.9890351541916,236.11175103081274,33.53732532187609,24.66272535606714,,,1541,13.705,0,No Defect
0.04066550953445535,98.88640546275666,166.2127242107925,44.26487993683421,25.826086830361977,,,1542,13.71,0,No Defect
0.04133523836065512,100.48405605783545,183.80295248272708,47.25255774615021,23.882388637830125,,,1543,13.715,0,No Defect
0.03965588063352203,102.03459338012671,232.90368427207233,35.971769058041886,24.14953072743142,,,1544,13.719999999999999,0,No Defect
0.037136985401205254,95.42757596407077,184.1350316881826,35.52044625304798,27.251554063544628,,Ambient temperature high,1545,13.725,0,No Defect
0.043085801365540514,103.66812019904745,178.7468159849879,41.324693796965846,25.93651393831672,,,1546,13.73,0,No Defect
0.036656121337704704,100.9423372349804,283.85601962379513,30.38228877320237,22.632007964620676,,Paste viscosity high,1547,13.735,0,No Defect
0.04141897307864953,101.42353591775121,181.95343435966308,40.629760626483716,25.928123885022504,,,1548,13.74,0,No Defect
0.0383800472804602,100.72552321566398,243.0658797153652,36.02888295456129,23.49836309664012,,,1549,13.745000000000001,0,No Defect
0.040043782305047765,100.73352759863856,211.8338362953424,40.926433931771484,24.00179350781379,,,1550,13.75,0,No Defect
0.04025112391744087,99.02914494144335,195.17269377184243,49.18378068168337,22.61712478012012,,,1551,13.754999999999999,0,No Defect
0.0426287331056352,103.91032799904724,187.30709578531372,38.10998819415087,26.345578724961037,,Ambient temperature high,1552,13.76,0,No Defect
0.03993946743822286,104.05108448497164,240.87220703045335,27.271052569287427,26.202446692245672,,Ambient RH low; Ambient temperature high,1553,13.765,0,No Defect
0.04178287767571688,101.68554343143504,180.32798936023795,42.188680235807944,25.57711834160702,,,1554,13.77,0,No Defect
0.041205075210393904,102.97468397184184,204.7351661376044,34.448328393568396,26.336815213931658,,Ambient temperature high,1555,13.775,0,No Defect
0.03922769219876491,100.95976822037477,227.1661771039337,40.08127668673504,23.29353553678138,,,1556,13.780000000000001,0,No Defect
0.040119396476618635,100.48577251128809,196.72536608660238,37.53719270887819,25.917656532189177,,,1557,13.785,0,No Defect
0.04022796561408633,99.2430379686754,175.64456834615777,38.77807091702496,26.850500645402306,,Ambient temperature high,1558,13.79,0,No Defect
0.0423874273266519,100.5796572007156,152.53775571657246,45.69539779865866,26.264412911010012,,Ambient temperature high,1559,13.795,0,No Defect
0.03833262586243067,97.51686975358265,193.18341169376737,37.65568491423377,26.085799847959755,,Ambient temperature high,1560,13.8,0,No Defect
0.03888930950873138,99.73510415042111,229.2817212827259,45.69494020185586,21.52583590288092,,,1561,13.805,0,No Defect
0.04115426729456945,101.08869186212482,188.7717409742224,41.802047785947614,25.17049300201054,,,1562,13.809999999999999,0,No Defect
0.0403028470446806,99.63484361901358,179.62740923863663,38.33134102592869,26.73788293676945,,Ambient temperature high,1563,13.815000000000001,0,No Defect
0.041198120280513145,102.67850250864679,204.72669025160144,37.50142006925725,25.44597940741558,,,1564,13.82,0,No Defect
0.04233143808325776,102.44131073682983,179.62327106386442,42.26615369479838,25.604316879944854,,,1565,13.825,0,No Defect
0.0396127397355723,100.92847868092899,222.56126428865892,39.227036252915596,23.837505207659845,,,1566,13.83,0,No Defect
0.03835052365385708,99.60406016861465,226.16272998281656,35.44735693441454,24.709915686390122,,,1567,13.835,0,No Defect
0.039874198868659644,99.39808445208402,196.5459095283727,42.91358729100819,24.359717662623456,,,1568,13.84,0,No Defect
0.0429307331235209,101.78657470826249,160.28835460453652,45.24058300904946,25.92951267237273,,,1569,13.844999999999999,0,No Defect
0.044005281488858274,103.73619495865447,166.05739914023687,47.34819552791426,24.96594376343446,Paste volume per aperture high,,1570,13.85,0,Solder Bridging
0.038289626900251256,96.67321907469771,182.21277440246178,34.69567203223583,27.631850832798825,,Ambient temperature high,1571,13.855,0,No Defect
0.04410882526326246,104.521192318305,161.90077633069276,38.36805731863284,27.84632155139394,Paste volume per aperture high,Ambient temperature high,1572,13.86,0,Solder Bridging
0.03796461368145811,99.44747041925744,238.550970830249,36.425906577639736,23.664380040535743,,,1573,13.865,0,No Defect
0.043053950566096205,106.0983792240453,235.77940018473055,46.47184948159923,20.942099135569688,,Stencil thickness high,1574,13.870000000000001,0,No Defect
0.039291511770562046,98.59160673383879,195.6725209643556,41.291429543522355,24.88331390064396,,,1575,13.875,0,No Defect
0.0373595644240103,97.19027043431383,224.23418593323902,42.12811705377038,22.87053308768548,,,1576,13.879999999999999,0,No Defect
0.04095061844818467,102.89434462833668,204.79064337162518,32.68944749909946,26.845146751147205,,Ambient temperature high,1577,13.885,0,No Defect
0.04033331128753434,102.11010449359392,210.48253905348173,31.74254202271262,26.771898522224458,,Ambient temperature high,1578,13.89,0,No Defect
0.038901565135602896,101.08386105982261,234.39456328307375,32.6159430783842,25.03987020806208,,,1579,13.895,0,No Defect
0.03702395965134193,95.52035473971512,202.45512640502412,39.74087719371185,24.903783065337986,,,1580,13.9,0,No Defect
0.03985774426842037,100.16931825448754,200.83463137592977,39.68191228826419,25.037811725154985,,,1581,13.905000000000001,0,No Defect
0.04067018007651165,101.69966513590045,204.87179074963072,39.090394231781964,24.97002685752259,,,1582,13.91,0,No Defect
0.040004463719701025,99.77330489826204,191.16061594372746,38.293136045609046,26.04177445164549,,Ambient temperature high,1583,13.915,0,No Defect
0.042621491008587746,104.55824873323425,195.00032058792542,36.8875839907376,26.232135668619563,,Ambient temperature high,1584,13.92,0,No Defect
0.04120159399737892,100.02006609841754,173.57048866649532,44.9239536429593,25.19213655992135,,,1585,13.925,0,No Defect
0.04121666390468772,103.4143555714416,216.8304537112685,38.64480369294273,24.368987473545985,,,1586,13.93,0,No Defect
0.041699350039092135,98.54593743415467,159.37271768397306,58.82188522854156,22.00715660408624,,Ambient RH high,1587,13.934999999999999,0,No Defect
0.0360554018557849,96.66523829469837,225.4027935749908,30.37691860014668,26.21788233641338,,Ambient temperature high,1588,13.940000000000001,0,No Defect
0.03811699312595268,99.97520060150731,242.64866140222887,38.719225239112156,22.74015256269763,,,1589,13.945,0,No Defect
0.03716865033373157,98.81144583330465,239.28620055763488,31.138895678543893,25.1578659040711,,,1590,13.95,0,No Defect
0.04419926225309357,104.30882406334962,182.74353293721285,52.38340606070847,22.476958429918774,Paste volume per aperture high,Ambient RH high,1591,13.955,0,Solder Bridging
0.038738948792480694,101.3685533452004,237.1574519617996,32.08404936829413,25.019402386473892,,,1592,13.96,0,No Defect
0.03907928842111628,100.79697688893302,225.1311140797752,34.076708258666514,25.181214756958465,,,1593,13.965,0,No Defect
0.043195134861198275,104.33159084886343,184.27027197110328,38.7003043143981,26.370960774555464,,Ambient temperature high,1594,13.969999999999999,0,No Defect
0.040641928487807275,99.32806302910204,180.26660863086408,46.238003876759244,24.39437069763006,,,1595,13.975,0,No Defect
0.038141949156797035,97.5540607293339,203.31265593917198,41.74071279138638,24.268757821787403,,,1596,13.98,0,No Defect
0.03831827712045713,98.81710502263398,214.6805852484279,36.70436543995248,25.047223290844787,,,1597,13.985,0,No Defect
0.04241871888262835,102.54740887267474,192.85344692150298,49.667494212091455,22.633332927126325,,,1598,13.99,0,No Defect
0.04442018207105465,105.07435160229069,167.29859454598687,43.32754421622109,26.065249889577427,Paste volume per aperture high,Stencil thickness high; Ambient temperature high,1599,13.995000000000001,0,Solder Bridging
0.039933942437577426,99.34209707280421,189.07485301497243,41.78824459584055,25.145653992857945,,,1600,14.0,0,No Defect
0.04114109618593254,101.45639385526096,204.06104705473297,45.72148048870725,23.090832360992387,,,1601,14.005,0,No Defect
0.03942381304066802,100.23299956784665,212.27952095524572,37.62109384913062,24.936769692892767,,,1602,14.01,0,No Defect
0.042689994540796,101.74999382088144,159.57660281225327,45.48755229949866,25.8932958284252,,,1603,14.015,0,No Defect
0.035229264529899024,94.54272383317854,211.7514289083441,28.79292068706894,27.514925114908635,Paste volume per aperture low,Stencil thickness low; Ambient RH low; Ambient temperature high,1604,14.02,0,Open Circuit
0.0397259916633338,98.17122053560655,179.36441687340044,41.0462820058485,25.96242814607181,,,1605,14.025,0,No Defect
0.03917007905902532,101.5827070713409,246.70399065344012,40.604046242773535,21.95033047913744,,,1606,14.03,0,No Defect
0.04397118371275196,101.79580836105849,128.5786957178188,44.027780270679635,28.236734776757782,,Paste viscosity low; Ambient temperature high,1607,14.035,0,No Defect
0.03959527908438263,99.47645330258622,189.1208696018061,36.395902224987886,26.71336196129885,,Ambient temperature high,1608,14.04,0,No Defect
0.041578318490208,100.78838663038367,170.31571822611343,39.40291708323006,27.010896071579246,,Ambient temperature high,1609,14.045,0,No Defect
0.03783895519497858,96.2266513208967,189.47624284236923,38.928045764841464,25.94225640706568,,,1610,14.05,0,No Defect
0.040932988554886154,101.20433136771834,192.5072308766734,40.059888412088156,25.448826879333524,,,1611,14.055,0,No Defect
0.04021057967408621,100.58859016438328,190.79997997669085,35.95488819784471,26.743742924135073,,Ambient temperature high,1612,14.06,0,No Defect
0.04018063883604707,102.07927465836002,228.78585056137757,40.019688808197834,23.22976000519841,,,1613,14.065,0,No Defect
0.04189522565446734,103.05720567708318,194.9593843937975,36.90267568689416,26.23018052335381,,Ambient temperature high,1614,14.07,0,No Defect
0.04030809649495852,100.33291274499584,204.05429463084943,45.00299549382032,23.29211481413765,,,1615,14.075,0,No Defect
0.038605122992869355,100.46193682520514,229.84408839645263,34.32964979282613,24.81098139976888,,,1616,14.08,0,No Defect
0.040470320686839284,97.63840172042153,154.34977944076147,46.043068764985044,26.038072708267805,,Ambient temperature high,1617,14.085,0,No Defect
0.03789890098011642,99.31567372809845,232.28273249726192,34.144669127944994,24.713074976975125,,,1618,14.09,0,No Defect
0.04527389994250308,107.14824428678637,191.75614174940145,47.08863745951297,23.47683494926156,Paste volume per aperture high,Stencil thickness high,1619,14.095,0,Solder Bridging
0.035207325014114645,94.33410919453891,219.05580947415416,32.443866156947486,26.002910498631863,Paste volume per aperture low,Stencil thickness low; Ambient temperature high,1620,14.1,0,Open Circuit
0.03603790510386211,96.1249300521288,234.97100110945817,40.04099618613311,22.80774385098163,,,1621,14.105,0,No Defect
0.038073002096612824,95.31596701664105,162.9668949414539,35.73858845040206,28.50246997812732,,Ambient temperature high,1622,14.11,0,No Defect
0.039680468974673436,98.2994948517737,184.27578297994,43.48407788419794,24.94463456017196,,,1623,14.115,0,No Defect
0.042280743999504766,100.648541713762,161.82759495937893,47.44136462312034,25.18646908368749,,,1624,14.12,0,No Defect
0.041770701217472596,103.22838832861231,197.7120568495039,35.86448905788614,26.360998444800963,,Ambient temperature high,1625,14.125,0,No Defect
0.039453928348538704,100.47023783216846,217.97083746531115,41.14177939633059,23.554030576088735,,,1626,14.13,0,No Defect
0.03975510193940654,98.52868608404438,187.73232652979527,42.28319349617899,25.087153568747073,,,1627,14.135,0,No Defect
0.03873976892549731,97.77440127989175,184.39394869481285,35.12426861429687,27.370211280449897,,Ambient temperature high,1628,14.14,0,No Defect
0.039949617267292084,101.02676654830472,224.90025308142398,44.209209523102245,22.241586184710453,,,1629,14.145,0,No Defect
0.040934603963608644,100.25137676492189,178.33491989322906,38.82597994110092,26.68151917535913,,Ambient temperature high,1630,14.15,0,No Defect
0.039227912623113016,99.63456484537703,202.17624436784072,35.618751646295365,26.13637435421496,,Ambient temperature high,1631,14.155,0,No Defect
0.0397165523700543,101.1662299682283,225.5310051922943,39.80337423961676,23.487515555078595,,,1632,14.16,0,No Defect
0.045986258663352285,108.73539483303176,195.25201552309022,42.996176153535856,24.464618969420535,Paste volume per aperture high,Stencil thickness high,1633,14.165,0,Solder Bridging
0.03891304338198512,100.9404112602153,235.67605610550004,34.907103710366464,24.289868911463717,,,1634,14.17,0,No Defect
0.042242615118661175,104.77239028006912,226.30301748395868,44.101728760573046,22.20323504976587,,,1635,14.175,0,No Defect
0.033516281847781805,94.09278027700886,255.0024425449093,32.091051484336745,23.880659609850056,Paste volume per aperture low,Stencil thickness low; Paste viscosity high,1636,14.18,0,Open Circuit
0.037347193158074284,98.31185249500982,235.82108793467967,38.52146927247922,23.20914841356918,,,1637,14.185,0,No Defect
0.04120823196385964,100.71842101940294,182.0617606638211,42.43165067417534,25.39737642416608,,,1638,14.19,0,No Defect
0.04199664795050858,103.08702288482188,212.68190107978558,50.517840353446275,21.159488084738694,,Ambient RH high,1639,14.195,0,No Defect
0.032325871625480736,94.30916145978253,279.2127676612273,24.854152121779066,24.50063951566762,Paste volume per aperture low,Stencil thickness low; Paste viscosity high; Ambient RH low,1640,14.2,0,Open Circuit
0.03910661876325643,100.148955977649,208.09397637198467,30.343410830595744,27.31512361697765,,Ambient temperature high,1641,14.205,0,No Defect
0.041246020759265666,102.33048587809947,197.99756498781375,35.44435535612277,26.462132425970303,,Ambient temperature high,1642,14.21,0,No Defect
0.04047979660184022,102.83020326585664,211.94393299097075,28.78455665903175,27.54236086431222,,Ambient RH low; Ambient temperature high,1643,14.215,0,No Defect
0.03669516268747096,98.26775340098098,248.42293044406262,35.96955253125232,23.17555780245754,,,1644,14.22,0,No Defect
0.039040460017594134,98.51053336659893,213.98834709294286,47.42272855064496,21.964958815703337,,,1645,14.225,0,No Defect
0.04001276444131124,97.35678307616655,147.96533671015555,37.59839421121096,28.890542699624607,,Paste viscosity low; Ambient temperature high,1646,14.23,0,No Defect
0.041576751233770866,103.06513704686796,199.6003203728161,37.85804407284116,25.65416338316133,,,1647,14.235,0,No Defect
0.04042569413281811,100.5260485076189,195.34034179581,41.72961952444488,24.776770668541594,,,1648,14.24,0,No Defect
0.037300501998044064,97.44658213546207,217.96910833812177,40.161139977992114,23.81605375587892,,,1649,14.245,0,No Defect
0.039181231652555125,97.71048730258765,171.46017465473432,34.300107122469264,28.40615560063045,,Ambient temperature high,1650,14.25,0,No Defect
0.042854961350222376,104.65046801602469,202.77112639941046,40.22788839228221,24.78272693726332,,,1651,14.255,0,No Defect
0.038962613525679035,101.65412838492135,241.3046144793176,33.0153509361187,24.49268768681782,,,1652,14.26,0,No Defect
0.03960908867576804,100.97575720354865,212.32569988094318,32.388352888433246,26.459873234623313,,Ambient temperature high,1653,14.265,0,No Defect
0.037046370998045634,98.7451766294447,239.9728322054183,31.22863204583284,25.081052829159624,,,1654,14.27,0,No Defect
0.04075617305160363,104.55693272349532,249.6548587786095,35.12311512721523,23.38117063819217,,,1655,14.275,0,No Defect
0.03936657344961297,101.53781229209748,238.3488751964207,34.021843644316014,24.390398827256043,,,1656,14.28,0,No Defect
0.0418889716169459,102.22293302044001,181.53710290189792,37.25427677151182,26.945079995147765,,Ambient temperature high,1657,14.285,0,No Defect
0.03982323459982531,103.24735103468154,251.8236859922083,39.066062131042706,22.08095638857182,,Paste viscosity high,1658,14.29,0,No Defect
0.04205517755854356,105.12232664814276,227.13162084742123,37.52593448512122,24.069012849127486,,Stencil thickness high,1659,14.295,0,No Defect
0.042907990168727816,102.2905740402836,163.18556613188474,42.34615513581561,26.58983353462806,,Ambient temperature high,1660,14.3,0,No Defect
0.0415963521052712,99.56128721150698,172.64562069661608,51.701311320288255,23.270368269592858,,Ambient RH high,1661,14.305,0,No Defect
0.03819449899818407,102.34712057154711,270.01757455453657,29.722955658505555,23.686605579697794,,Paste viscosity high; Ambient RH low,1662,14.31,0,No Defect
0.04153843539856771,101.35715104683251,190.53318088627356,44.04476354414115,24.40772935895009,,,1663,14.315,0,No Defect
0.035979138478060335,94.09360315311784,216.38639292134727,47.906737711106324,21.64351175873188,Paste volume per aperture low,Stencil thickness low,1664,14.32,0,Open Circuit
0.043326217129104644,103.18376274043078,169.8957705990648,43.41040857500039,25.87011656932183,,,1665,14.325,0,No Defect
0.03956956151213821,101.38388839765678,227.47801324318044,37.64600057622479,23.98894871915965,,,1666,14.33,0,No Defect
0.04077645428196325,99.41694565098753,164.8845358880123,39.24789625972404,27.371414018591647,,Ambient temperature high,1667,14.335,0,No Defect
0.04017480147380835,100.2466926644983,216.67604283401442,47.35612408870868,21.82708843264001,,,1668,14.34,0,No Defect
0.040664824469366284,100.19465833342618,189.59276848959135,43.73708076978928,24.543079183680533,,,1669,14.345,0,No Defect
0.03698522729264526,96.2448440309844,214.5459102733848,40.814961942546105,23.83542191365137,,,1670,14.35,0,No Defect
0.04191161152460266,101.91871051485715,178.0892408066352,38.44834223990512,26.804942600927177,,Ambient temperature high,1671,14.355,0,No Defect
0.04131060683373983,101.7878898812276,185.9146658142809,35.533503520258286,27.17039924542612,,Ambient temperature high,1672,14.36,0,No Defect
0.04070339962044296,101.64765885572325,208.91855205322827,42.65151172632562,23.671134575071548,,,1673,14.365,0,No Defect
0.0392278721743628,97.94376967414819,189.0555641207756,39.36891276984806,25.8465330904815,,,1674,14.37,0,No Defect
0.03958827643251327,97.62956603741226,168.88967470468492,41.45431724655898,26.468515880350463,,Ambient temperature high,1675,14.375,0,No Defect
0.04020359835018604,100.75136732107337,205.32368472936085,41.340580457063076,24.270551868817456,,,1676,14.38,0,No Defect
0.03708326314637597,99.61805650083225,257.68730833535943,32.43030448944561,23.63947754134976,,Paste viscosity high,1677,14.385,0,No Defect
0.0407919127788654,100.70180479164486,202.80577370398214,46.195032180347724,23.0164863261358,,,1678,14.39,0,No Defect
0.04179178325740289,103.2649051170146,206.39829647502722,40.776932787638934,24.38257895742362,,,1679,14.395,0,No Defect
0.04046778001954998,102.3001769129654,224.49763263570034,39.02187269876308,23.77620202273685,,,1680,14.4,0,No Defect
0.03526978549709494,98.4345515982843,265.2135492589029,21.94181505874044,26.223888091413862,Paste volume per aperture low,Paste viscosity high; Ambient RH low; Ambient temperature high,1681,14.405,0,Open Circuit
0.03970700745548946,101.2996803354494,215.09787655127022,33.41122567125206,25.982626502379002,,,1682,14.41,0,No Defect
0.04059034482908589,100.57395891016812,194.88594211433758,40.41892578472201,25.185792616869012,,,1683,14.415,0,No Defect
0.040574606222339306,102.0708533376848,210.5307366103679,34.609089282152034,25.922515681054136,,,1684,14.42,0,No Defect
0.03993498528996263,101.26054674266837,210.89005329827236,31.925071268840593,26.680981074429763,,Ambient temperature high,1685,14.425,0,No Defect
0.0384671315343883,98.42750870098233,205.47127889324682,37.33516310430406,25.415362901823922,,,1686,14.43,0,No Defect
0.04030098105136023,100.61451183289384,202.30115518016186,40.5119674967495,24.69893557234487,,,1687,14.435,0,No Defect
0.0384085202432946,100.58554150768636,238.69547505221345,31.502187650659558,25.084659468110225,,,1688,14.44,0,No Defect
0.038297457718139374,99.3717439194721,242.0127831239292,42.70944419214557,21.607305612871045,,,1689,14.445,0,No Defect
0.03648861486788538,97.24525070770748,229.44779452322115,30.840934685535156,25.82707830620613,,,1690,14.45,0,No Defect
0.04146445841367279,103.0488100918815,209.50306561901516,37.56708636880942,25.127135900059596,,,1691,14.455,0,No Defect
0.038499019893448325,95.32666944244806,170.7995252659247,44.76985056930453,25.375232711045697,,,1692,14.46,0,No Defect
0.039237643417373,100.21508882739879,227.92887665137062,40.56869394900537,23.103393831712932,,,1693,14.465,0,No Defect
0.03984864173536739,102.226443295848,227.61913705963147,32.21928222188673,25.56239489488596,,,1694,14.47,0,No Defect
0.03884541958833342,99.14383108021418,200.81129878117335,35.924143222193564,26.109292420952578,,Ambient temperature high,1695,14.475,0,No Defect
0.03935642605282586,99.37597041652033,217.76981828508596,44.182039643148755,22.67208487749033,,,1696,14.48,0,No Defect
0.0415145149346755,102.20701014958841,190.02092819137158,37.83473843760505,26.238519923638883,,Ambient temperature high,1697,14.485,0,No Defect
0.04253359232834373,101.14123508723281,160.38192515790294,44.530614247524724,26.112790628965293,,Ambient temperature high,1698,14.49,0,No Defect
0.041482797548456206,102.35095494209479,208.21503655992842,41.82510045650066,23.963289420535627,,,1699,14.495,0,No Defect
0.04501143151702225,104.39573357421187,166.42121831315274,53.09978433323485,23.25943890801885,Paste volume per aperture high,Ambient RH high,1700,14.5,0,Solder Bridging
0.03938867000990239,101.02518929689323,219.90782671784265,32.51821412379527,25.942116957725457,,,1701,14.505,0,No Defect
0.040006120885337816,100.94562445366662,213.48244074555222,39.76222773078635,24.2234223175843,,,1702,14.51,0,No Defect
0.040463511246977495,99.13250606149133,186.84987941841206,46.833394778335915,23.79921756109421,,,1703,14.515,0,No Defect
0.03953273631549131,99.89614253891628,204.1125017288966,35.78853771400843,25.95755773802649,,,1704,14.52,0,No Defect
0.03788912687952346,97.46282343315224,210.89299136343035,40.71381889231968,24.085088660468408,,,1705,14.525,0,No Defect
0.03823589059773863,96.12925422667313,187.51206792830493,45.82855511941307,24.027597045447138,,,1706,14.53,0,No Defect
0.041420016724916804,102.43491615169434,214.2426750498495,46.02155788078945,22.35966176592138,,,1707,14.535,0,No Defect
0.03935836394348333,97.3703835280388,172.40960311496661,40.91888001533921,26.398969075338098,,Ambient temperature high,1708,14.54,0,No Defect
0.043852982043727354,104.0285710234592,180.8902350384827,47.53122874030085,23.985402988556906,,,1709,14.545,0,No Defect
0.0373417016226894,96.2826041097532,208.78896373548523,41.056904366499964,24.110499274560333,,,1710,14.55,0,No Defect
0.04036254650708661,99.88646874567516,205.35632311455748,48.73759967855307,22.10313420466483,,,1711,14.555,0,No Defect
0.03919749612203284,100.31488003106232,227.0192258031706,40.509477704344796,23.165664890726543,,,1712,14.56,0,No Defect
0.04003650880981926,101.9343300274726,228.38895628300284,38.849995138417405,23.571711496280063,,,1713,14.565,0,No Defect
0.03855893638858096,99.2269332333916,222.13259943111157,40.26004652390077,23.52959856834059,,,1714,14.57,0,No Defect
0.040811734621279065,100.88505711676694,187.19836294278664,34.36732858873724,27.419254835246704,,Ambient temperature high,1715,14.575,0,No Defect
0.04034793147075327,99.46804130902319,173.36622507998075,37.47014134147856,27.350059367470372,,Ambient temperature high,1716,14.58,0,No Defect
0.041113868069207825,103.95822878348454,214.15409182718182,27.398080453095158,27.797614725749362,,Ambient RH low; Ambient temperature high,1717,14.585,0,No Defect
0.042909962252799916,100.49886099056074,158.5919237626195,54.93241851224387,23.180159109769598,,Ambient RH high,1718,14.59,0,No Defect
0.03960383828322063,98.99425793413559,201.5898483614589,43.007721810595456,24.000076183290524,,,1719,14.595,0,No Defect
0.039231554830884974,98.13201973635032,208.7085007248101,50.89666094883847,21.25335994450605,,Ambient RH high,1720,14.6,0,No Defect
0.04227579592854113,100.18470409589924,166.43844947886902,49.35087594145408,24.328958074648064,,,1721,14.605,0,No Defect
0.0390818388715245,99.99733862910617,220.27278959118874,37.793758309160886,24.368238955400965,,,1722,14.61,0,No Defect
0.03804374561621475,95.8383567994652,189.60752529610815,45.686233819980146,23.93430093027159,,,1723,14.615,0,No Defect
0.0384197975183205,99.50028305283784,223.96287423410178,36.84485550026116,24.409092277757498,,,1724,14.62,0,No Defect
0.04042246378990275,99.95176029729375,196.74477305081484,45.67329659299743,23.51859029847193,,,1725,14.625,0,No Defect
0.037344119807708756,96.95011698655242,224.97247187007184,44.69363005841806,22.046872805166462,,,1726,14.63,0,No Defect
0.037664236414574295,99.61532615549285,235.41705945073682,30.41732954351539,25.577214043478772,,,1727,14.635,0,No Defect
0.04323443430910217,102.11294708002674,168.0608675506306,50.0726148775826,24.016177422957913,,Ambient RH high,1728,14.64,0,No Defect
0.03605896312563705,92.78917388072735,183.5954595594316,41.67091081751618,25.457860514159254,,Stencil thickness low,1729,14.645,0,No Defect
0.03782238126749649,98.69996133551179,231.8206072616925,37.680110701780976,23.679565705794737,,,1730,14.65,0,No Defect
0.03765134528205691,97.1510638673763,222.22494812009884,44.221063312710456,22.356502805830996,,,1731,14.655,0,No Defect
0.0446123843806116,102.54244364612836,142.4483283047971,54.27683642128872,24.36515748316497,Paste volume per aperture high,Paste viscosity low; Ambient RH high,1732,14.66,0,Solder Bridging
0.041719444690744296,100.27594817942402,162.24465622313662,42.956779264887174,26.43508727469027,,Ambient temperature high,1733,14.665,0,No Defect
0.042242111804732044,104.62715621159542,214.37270959636112,39.271361194000555,24.31512912061808,,,1734,14.67,0,No Defect
0.04180437478507725,102.14416491583826,193.72822342639554,43.51625530457176,24.340427450255742,,,1735,14.675,0,No Defect
0.037751516823822016,97.93431930424713,207.10257379107665,32.49736221898964,26.702506900584975,,Ambient temperature high,1736,14.68,0,No Defect
0.04065441079904992,98.99852015317808,182.1328433364438,51.57763700618768,22.684115894418795,,Ambient RH high,1737,14.685,0,No Defect
0.04102117951024867,101.34963432337885,200.13081357468306,42.21302809314897,24.321949307912682,,,1738,14.69,0,No Defect
0.041811628135361115,105.35651707598004,223.89356921927407,30.132380386068085,26.396494088338905,,Stencil thickness high; Ambient temperature high,1739,14.695,0,No Defect
0.043184388927489166,102.32511300503144,153.7961678219412,41.15832154101223,27.48597134046557,,Ambient temperature high,1740,14.7,0,No Defect
0.041327337095569495,101.65726813978198,197.01948284848132,44.21914439070646,23.924084971206756,,,1741,14.705,0,No Defect
0.03977628196635446,99.11898140320561,184.2386919199347,36.59925155306911,26.92399861409274,,Ambient temperature high,1742,14.71,0,No Defect
0.04113332499337612,102.1209883020989,205.52554400302012,40.585444470748385,24.462906719320703,,,1743,14.715,0,No Defect
0.03938091429689534,99.68937667117926,210.53560937502925,40.14145655374892,24.271285526520703,,,1744,14.72,0,No Defect
0.03924507279967187,104.00387027752903,276.0990445909919,33.56207962788826,22.16863847426054,,Paste viscosity high,1745,14.725,0,No Defect
0.03909746622827328,98.91954149634108,206.24746825143774,37.82688976548694,25.21259105990809,,,1746,14.73,0,No Defect
0.03872609955455848,99.05452481353541,212.12553028951578,39.161444813282316,24.449979811676485,,,1747,14.735,0,No Defect
0.03849714901050602,100.79525476185313,243.07742586943408,35.51260305800937,23.615907826781072,,,1748,14.74,0,No Defect
0.038612243371202504,98.4787587471918,206.5433059827897,35.139256643717786,25.973758288593167,,,1749,14.745,0,No Defect
0.041762312057075084,102.58706491459124,202.02308881518957,41.99822274059641,24.269309486573434,,,1750,14.75,0,No Defect
0.04253878171840265,101.80446049491293,172.82689910519383,45.52968397646916,25.033462622721668,,,1751,14.755,0,No Defect
0.04194303164389245,100.01031409821798,150.65839975973668,42.661457660643464,27.22395656373934,,Ambient temperature high,1752,14.76,0,No Defect
0.039089559472201565,100.62529837328907,228.7818862840354,36.71625425383191,24.145795121940992,,,1753,14.765,0,No Defect
0.03924970210505612,101.61420826193,231.85292581232704,32.72034597851621,25.122921658109117,,,1754,14.77,0,No Defect
0.03724511563239899,96.73989802983631,221.96385503658877,43.46956927341129,22.573990997260825,,,1755,14.775,0,No Defect
0.03853050131430521,99.97385969895763,238.86152506645323,38.05164569314218,23.135033022630928,,,1756,14.78,0,No Defect
0.040450561347748444,101.40204375564701,207.2225194506426,38.542221005052305,24.942197560310927,,,1757,14.785,0,No Defect
0.03577016233355047,95.14157991409314,223.82598071045422,36.38053155746402,24.51949759660735,Paste volume per aperture low,,1758,14.79,0,Open Circuit
0.0363683152818987,95.60314588121226,223.39658527796703,42.285773444089074,22.822249652390326,,,1759,14.795,0,No Defect
0.03836800712609225,96.64109030161143,192.4853306511734,44.16167993357769,24.187704201789046,,,1760,14.8,0,No Defect
0.035971444419316795,94.67491758053359,212.67293142512864,38.62837950241929,24.545351970015172,Paste volume per aperture low,Stencil thickness low,1761,14.805,0,Open Circuit
0.04028853777319506,100.78695085672912,205.1217453393952,40.57620891965775,24.473323004234206,,,1762,14.81,0,No Defect
0.040131489323415016,99.72970065282063,194.1468149843954,41.87836527283858,24.76511106277123,,,1763,14.815,0,No Defect
0.04076173395966271,102.77677441007299,223.32223899350225,36.926862020688084,24.428496321331753,,,1764,14.82,0,No Defect
0.03726731229950102,95.64431367354909,201.12715006995757,42.00576228311248,24.275726962093966,,,1765,14.825,0,No Defect
0.039234283490921645,98.32296035281082,190.05819342084982,40.536744831239545,25.397406433165177,,,1766,14.83,0,No Defect
0.03996175156691955,99.13939065786907,179.65865503539987,38.83741799864089,26.535220823835303,,Ambient temperature high,1767,14.835,0,No Defect
0.0385865112584471,99.66313421097723,224.7595692844279,35.67372756583873,24.68551527083446,,,1768,14.84,0,No Defect
0.03851684554752469,97.99651653859074,205.10618720987705,39.09894536378721,24.8905964418747,,,1769,14.845,0,No Defect
0.043738531152607785,102.5990583666569,144.66095816588302,37.89721470357338,28.993889096640533,,Paste viscosity low; Ambient temperature high,1770,14.85,0,No Defect
0.038673529553595876,98.97905685055878,215.17462832932517,36.182449230609286,25.12743211375831,,,1771,14.855,0,No Defect
0.04059192951986929,100.78702240864101,195.25032391573276,36.528103913969716,26.263454895283537,,Ambient temperature high,1772,14.86,0,No Defect
0.04254407002864657,102.9513845980951,180.3956386352545,39.14617261217241,26.42076299492082,,Ambient temperature high,1773,14.865,0,No Defect
0.04211614679260356,102.22824123223425,173.12712398228746,35.59418690369499,27.900285885678613,,Ambient temperature high,1774,14.87,0,No Defect
0.03933383381283193,98.90904852476835,190.76236488827504,36.611685808815764,26.49649950889999,,Ambient temperature high,1775,14.875,0,No Defect
0.03568664988379776,95.11911121655379,232.03309478312593,39.153405096489415,23.196163684637156,Paste volume per aperture low,,1776,14.88,0,Open Circuit
0.04085802727509312,101.35319446580127,199.46733146529462,39.421278419663494,25.155186008442897,,,1777,14.885,0,No Defect
0.03939539682694198,100.17844901740486,208.68532981602507,33.062236274219664,26.43639210244744,,Ambient temperature high,1778,14.89,0,No Defect
0.04409174485707936,104.87124123923877,181.98145827254237,42.60432166365243,25.325848122695053,Paste volume per aperture high,,1779,14.895,0,Solder Bridging
0.03976683247527065,100.07241622425389,199.17419286812222,35.9533866784394,26.17425956173315,,Ambient temperature high,1780,14.9,0,No Defect
0.0384686145968008,99.55405509513791,215.53724456203793,31.59021537825442,26.43214176752536,,Ambient temperature high,1781,14.905,0,No Defect
0.038240525268752656,96.99201926933092,195.09786792795794,40.069623225117894,25.209047897780714,,,1782,14.91,0,No Defect
0.040867217277094615,103.49397783819303,225.55670669328813,31.681692564602393,25.81498236732661,,,1783,14.915,0,No Defect
0.04336698772855817,103.93527313842371,174.79812441194332,38.664337565289024,26.905080823261095,,Ambient temperature high,1784,14.92,0,No Defect
0.0412858479278698,99.2362804957599,160.78306393888136,43.00180330111197,26.483760630607193,,Ambient temperature high,1785,14.925,0,No Defect
0.03926723860826632,99.51086706586617,209.27631132215762,37.39510248462016,25.12921952423544,,,1786,14.93,0,No Defect
0.03990245830834059,98.39587614716109,196.6057595253104,51.195807666093415,21.878556293090455,,Ambient RH high,1787,14.935,0,No Defect
0.04283071051777678,105.5700554341393,214.8857046799668,37.70188234419823,24.719198333193848,,Stencil thickness high,1788,14.94,0,No Defect
0.03970558314372372,99.38197580384292,199.5034162035231,41.3508594987681,24.572010382436307,,,1789,14.945,0,No Defect
0.04047533593481958,98.63202025406672,165.22789850564317,40.1042687411893,27.046012239289695,,Ambient temperature high,1790,14.95,0,No Defect
0.042101772415030964,100.32859201732626,158.02624729630142,45.82805001570846,25.82529056708618,,,1791,14.955,0,No Defect
0.04092092937661562,100.68319787353285,192.03522536578376,42.011866931568115,24.846404584783045,,,1792,14.96,0,No Defect
0.036909558059995316,96.3364838637295,218.0978814988233,39.3815755172302,23.98089544472013,,,1793,14.965,0,No Defect
0.03921786737088373,101.40875062534057,231.2049767233269,34.3092466774728,24.673166160529423,,,1794,14.97,0,No Defect
0.038172888257399444,98.60346029584576,219.6631192996412,37.73828955844747,24.373072301979114,,,1795,14.975,0,No Defect
0.03938544209962725,101.40858345069586,231.67621029143356,36.07204539588257,24.131094273435885,,,1796,14.98,0,No Defect
0.04333368154812403,102.28137395956377,156.712380487741,45.66559473389074,25.95763733516588,,,1797,14.985,0,No Defect
0.04320248967035463,104.50588850261526,192.76769997263503,37.932324814740596,26.010786679622896,,Ambient temperature high,1798,14.99,0,No Defect
0.04020328175612167,101.92012053028247,233.3718115379377,41.345907991736865,22.496317512647977,,,1799,14.995,0,No Defect
0.041530967356644494,103.10551519964167,213.71031687295235,37.618520902172705,24.80354443648885,,,1800,15.0,0,No Defect
0.03768833866337619,97.34817317502818,220.31479420217048,41.825810332979806,23.132970139611693,,,1801,15.005,0,No Defect
0.04068358064124472,98.69673378525202,150.65824481099474,36.07356951279286,29.10795814984597,,Ambient temperature high,1802,15.01,0,No Defect
0.03804590041397729,95.4552379042199,175.1083805204928,40.02549693842789,26.433991795484996,,Ambient temperature high,1803,15.015,0,No Defect
0.04037730234499638,102.75074128207265,222.37734051150792,33.3095850378045,25.51011458892081,,,1804,15.02,0,No Defect
0.04138948622542922,100.69285531416223,188.25806840052127,46.93843398484231,23.633639921111662,,,1805,15.025,0,No Defect
0.039975949380836186,99.57446429069267,198.79848113236807,40.7595305320068,24.78271900176503,,,1806,15.03,0,No Defect
0.040790698712952655,100.797017512893,204.24599271174827,46.49415094549864,22.77524814647689,,,1807,15.035,0,No Defect
0.04043342435372485,100.83307429865468,205.57378406654172,38.51554641932818,25.026154481563296,,,1808,15.04,0,No Defect
0.03703080565102006,98.90553282405378,247.89879589385373,32.457459096679585,24.16620153246961,,,1809,15.045,0,No Defect
0.040844739557783505,99.10451980935062,170.2521303472039,43.56037463627437,25.717880872420814,,,1810,15.05,0,No Defect
0.03861930049209941,98.29739944753493,205.90069173118954,36.58366914793079,25.55246144425564,,,1811,15.055,0,No Defect
0.03979577213240353,99.80426436312648,205.14524827788523,39.97162210857295,24.6166871399086,,,1812,15.06,0,No Defect
0.03926577251436973,97.87142701014204,191.45404659974218,45.83840828818141,23.73285715986533,,,1813,15.065,0,No Defect
0.041846151741334485,101.01410051682649,164.17317267465958,40.09936018492344,27.101152975480524,,Ambient temperature high,1814,15.07,0,No Defect
0.04308594219351819,102.52985511162542,161.69007614379206,38.97997979537722,27.596267793599708,,Ambient temperature high,1815,15.075,0,No Defect
0.03978521988957594,102.14329578854118,233.142841239682,34.95738888878039,24.35715672354914,,,1816,15.08,0,No Defect
0.03919172329666434,102.1941846693336,261.46700649563485,39.81438367165993,21.19791664582023,,Paste viscosity high,1817,15.085,0,No Defect
0.04139462461719997,100.81855566764207,174.21962106774836,40.32645634011782,26.412715249236665,,Ambient temperature high,1818,15.09,0,No Defect
0.04031105633433477,98.36057306104318,163.349415438297,39.96055859018198,27.180015747685523,,Ambient temperature high,1819,15.095,0,No Defect
0.03931774147670176,100.79590296132423,231.05601995484025,40.646183377452736,22.815061736845472,,,1820,15.1,0,No Defect
0.03931354375656369,100.39600112608974,223.73894098346537,40.64068533631793,23.26425701820518,,,1821,15.105,0,No Defect
0.04369661188915406,104.44777804489274,190.5366500245715,45.7557806999753,23.8469033154391,,,1822,15.11,0,No Defect
0.04182208285544977,104.18334833921881,224.0747845070594,39.68769573324576,23.544718993479453,,,1823,15.115,0,No Defect
0.035615575756011555,93.42266497872981,209.1576107931008,41.67977870814243,23.827617062851655,Paste volume per aperture low,Stencil thickness low,1824,15.12,0,Open Circuit
0.04012882876484076,100.9247580821941,204.8159016884793,36.42650306100058,25.661054707370933,,,1825,15.125,0,No Defect
0.04244136120740016,105.40061329653486,224.06854368974763,38.00856997442909,24.036924264733067,,Stencil thickness high,1826,15.13,0,No Defect
0.03893706399740341,98.58472216198439,211.56999732395587,42.18129799697576,23.559187770102803,,,1827,15.135,0,No Defect
0.03999675622061795,99.66690030439457,198.20091982745757,40.844457048879775,24.776474219381672,,,1828,15.14,0,No Defect
0.03659006503793183,96.15425031389677,217.34183415567156,34.570581870757,25.40613401154075,,,1829,15.145,0,No Defect
0.041317404206198366,101.59945825887635,201.80722296172158,45.00869154871149,23.34617143370125,,,1830,15.15,0,No Defect
0.03907418883174132,99.47710101549087,217.40170150692597,41.93831254530539,23.26500231016364,,,1831,15.155,0,No Defect
0.03891693864336049,98.69629894742174,210.87697191687573,42.8704071977419,23.39197677812303,,,1832,15.16,0,No Defect
0.03987223072719398,97.92118374740171,168.47993394296816,40.46851949706782,26.702436324601162,,Ambient temperature high,1833,15.165,0,No Defect
0.037802407214388184,97.80018130834705,221.98608267351588,38.03307384937974,24.118107297748004,,,1834,15.17,0,No Defect
0.03924485728186071,101.06173039432942,227.39739917322535,32.21329937538489,25.495327929823944,,,1835,15.175,0,No Defect
0.03980968348555994,99.15474271745846,192.03734114485593,40.64067789171744,25.20427568615901,,,1836,15.18,0,No Defect
0.03986776112895039,97.22950602744925,169.15524612316952,46.11590751989359,25.010374771529104,,,1837,15.185,0,No Defect
0.0381206695209767,95.33338112922736,181.95631437912405,45.839090334675745,24.29010762384717,,,1838,15.19,0,No Defect
0.03694017622556652,99.17384128483049,264.2923963136899,33.56174746951069,22.82116480177311,,Paste viscosity high,1839,15.195,0,No Defect
0.04332873861282517,102.53702059511009,161.72299216753805,43.02615700846713,26.393830514745844,,Ambient temperature high,1840,15.2,0,No Defect
0.036590085363220566,98.09417765158948,234.0186001130328,27.073328590465522,26.560075253212784,,Ambient RH low; Ambient temperature high,1841,15.205,0,No Defect
0.03709723826453015,95.63316069918268,211.8173339806406,44.408444067788345,22.864291442243417,,,1842,15.21,0,No Defect
0.04240475410768535,104.13577555970085,208.17526895197318,38.827852928044614,24.76201707794432,,,1843,15.215,0,No Defect
0.04057283449351005,100.20961137141327,198.50993838393475,42.351081405558695,24.312694738114093,,,1844,15.22,0,No Defect
0.04036178075181014,99.5429437540027,182.86252660521995,37.27058634725061,26.753493188574552,,Ambient temperature high,1845,15.225,0,No Defect
0.039894478546198375,100.79336934927392,214.52286978764164,38.016243024780515,24.585008228204277,,,1846,15.23,0,No Defect
0.03737478581363193,98.09788708684368,218.85183148087816,28.579014467419512,27.055087356371786,,Ambient RH low; Ambient temperature high,1847,15.235,0,No Defect
0.0415640516389241,101.38134143109215,186.76006751377048,40.377466751963475,25.612894514724513,,,1848,15.24,0,No Defect
0.03847290676134893,98.96405731077833,212.2785484164853,35.559898346800345,25.421840755444496,,,1849,15.245,0,No Defect
0.03838678853165414,100.81873850566544,243.07799022662877,29.969422487527705,25.170210523661975,,Ambient RH low,1850,15.25,0,No Defect
0.039049114248353646,97.70797718975334,182.48267090813664,41.390903356350954,25.54636056236416,,,1851,15.255,0,No Defect
0.03614845509837012,98.3038491235464,263.69536692143504,32.381274517476875,23.18062822882929,,Paste viscosity high,1852,15.26,0,No Defect
0.0413470890543041,100.88703726305002,171.16012775501898,38.008523950861274,27.247400252492525,,Ambient temperature high,1853,15.265,0,No Defect
0.042991462057019314,104.81917520902783,196.1909967047996,37.51753044216103,25.86978426872617,,,1854,15.27,0,No Defect
0.036266201185124296,95.53938566545392,222.4349271109759,37.83562257028553,24.11679076111591,,,1855,15.275,0,No Defect
0.04228737569027989,102.35440198948059,178.89138814277965,40.27650686452777,26.11908192178704,,Ambient temperature high,1856,15.28,0,No Defect
0.034956253249266954,95.50811511487117,249.57003044044774,34.50511587125031,23.411140854973375,Paste volume per aperture low,,1857,15.285,0,Open Circuit
0.03865506959925116,99.06667700263282,205.86692140551077,32.65195841158494,26.660162207461305,,Ambient temperature high,1858,15.29,0,No Defect
0.03801007537251875,96.77549941195124,194.61171562706346,37.744418288933595,25.858784407718908,,,1859,15.295,0,No Defect
0.04084258449075587,102.01733130963572,214.57573146413526,37.87971485882238,24.621690720784457,,,1860,15.3,0,No Defect
0.04187493450486127,103.02325980417856,205.291268025683,41.23289027828869,24.214377041790083,,,1861,15.305,0,No Defect
0.04384743671865869,102.31763294805975,159.26684633235124,50.697395611131284,24.290346341708872,,Ambient RH high,1862,15.31,0,No Defect
0.03692661131017732,96.40138431073657,210.38392869508678,33.33702553391729,26.167330510733052,,Ambient temperature high,1863,15.315,0,No Defect
0.0391020875997008,98.39295202871682,199.24538590880158,38.32721685594323,25.413510356051034,,,1864,15.32,0,No Defect
0.04072390563580092,99.42582007362681,185.99711535347257,47.17417683843273,23.650829083172088,,,1865,15.325,0,No Defect
0.042821685144032694,102.25383344206946,168.32947648526724,43.25698932689959,25.891950296143325,,,1866,15.33,0,No Defect
0.03962529947558508,101.61091541387317,229.51156124152138,34.79824119029728,24.584282586387125,,,1867,15.335,0,No Defect
0.03813061312465935,98.14381657808788,225.60368183950658,43.124554541710495,22.379660046260764,,,1868,15.34,0,No Defect
0.039676430978287644,100.06819952802087,214.46434267537325,42.088178053191264,23.376383031390485,,,1869,15.345,0,No Defect
0.040649632372622785,101.26377578492722,197.66964347431608,36.059184095860466,26.17432704139833,,Ambient temperature high,1870,15.35,0,No Defect
0.04096517020812248,101.84895992227685,211.38367813159195,41.17551898654838,23.8429190502075,,,1871,15.355,0,No Defect
0.04284821101921994,104.86110033098912,206.90690722119413,39.09897322770262,24.736296277397155,,,1872,15.36,0,No Defect
0.03699807627127642,96.40535885845928,225.61234625116504,43.554811854782514,22.238527900517155,,,1873,15.365,0,No Defect
0.03698801441957471,96.80429161063118,217.56644295474476,35.20622925313557,25.16962370686574,,,1874,15.37,0,No Defect
0.037948334712261646,94.73902849539398,182.34313478902916,47.47087002568039,23.758812090654498,,Stencil thickness low,1875,15.375,0,No Defect
0.03999552329029201,98.2814786257424,169.48297875641038,37.41418389155368,27.500075238289565,,Ambient temperature high,1876,15.38,0,No Defect
0.04073329058784399,99.42578369863391,190.72645218693344,50.595806845416135,22.349016604085463,,Ambient RH high,1877,15.385,0,No Defect
0.03976065670552527,101.91956486951298,230.93571964635566,34.48015007037941,24.580978616975734,,,1878,15.39,0,No Defect
0.0414037955821934,102.24424680955575,198.92344346863507,37.31907311647779,25.729309034991164,,,1879,15.395,0,No Defect
0.04143062552621853,100.72376305286257,169.96535992813972,36.98246708041332,27.602074361671374,,Ambient temperature high,1880,15.4,0,No Defect
0.043611218279553055,101.6949097683653,145.41988241207534,45.54141047034169,26.626241374873732,,Paste viscosity low; Ambient temperature high,1881,15.405,0,No Defect
0.03993010955590591,98.45039275357789,186.11159488699974,43.97176800220572,24.558328297898505,,,1882,15.41,0,No Defect
0.03821426320845183,100.6985908042102,251.34375065391256,34.382476235744704,23.340361855721593,,Paste viscosity high,1883,15.415,0,No Defect
0.04058435991726886,100.88479490148728,203.332537052276,40.99216356305097,24.373736750249904,,,1884,15.42,0,No Defect
0.04004621361364851,98.45747196651647,175.4985765849751,38.11369326233951,26.92151375928639,,Ambient temperature high,1885,15.425,0,No Defect
0.04172569296636743,100.35725252341155,168.14668019445867,42.52178982518663,26.094580803714777,,Ambient temperature high,1886,15.43,0,No Defect
0.037159943211728,97.20988104301838,223.01090276448977,37.2538434171034,24.225830575493926,,,1887,15.435,0,No Defect
0.03648320771613413,95.98368499154013,214.59471277901883,33.57233796654453,25.812278420950705,,,1888,15.44,0,No Defect
0.0365207789822367,95.19609719278387,206.16297638917845,36.05098128130683,25.606522146129432,,,1889,15.445,0,No Defect
0.03965287419675137,100.15113058169491,206.60776082201443,36.540563540691124,25.45871926239566,,,1890,15.45,0,No Defect
0.03853524490736686,99.58157994022893,227.26738297133105,37.67644322886866,23.84793113050169,,,1891,15.455,0,No Defect
0.04076257052238847,100.57339023170599,192.73257306745822,40.989279971500466,25.01804026225026,,,1892,15.46,0,No Defect
0.03750060399603756,99.5243211452207,234.738614509927,25.63601369962091,26.898631532415955,,Ambient RH low; Ambient temperature high,1893,15.465,0,No Defect
0.04082479977751341,103.06019975860544,212.51530569929307,29.1639368840973,27.256989578716247,,Ambient RH low; Ambient temperature high,1894,15.47,0,No Defect
0.04006325068387762,100.34004581588056,216.30681477404354,44.93314475516814,22.412811127918133,,,1895,15.475,0,No Defect
0.04116779853102386,100.38215224595021,172.3667804097937,38.08709896364321,27.113533128375234,,Ambient temperature high,1896,15.48,0,No Defect
0.04259069004806633,102.21352951906809,185.6159093486387,46.836950743969645,23.759329700539094,,,1897,15.485,0,No Defect
0.040418742309793865,100.21703075733942,192.85490678362302,39.63890802230159,25.395674675881107,,,1898,15.49,0,No Defect
0.037580871710300466,99.31217913082747,248.61236017704297,36.25131899882566,22.941877810852883,,,1899,15.495,0,No Defect
0.03946441192361161,101.31389529343441,232.08499619491263,34.71913783648926,24.419780026449196,,,1900,15.5,0,No Defect
0.041981632732725996,101.66229966237759,187.73075483272152,44.524956566682725,24.295401041773378,,,1901,15.505,0,No Defect
0.03521733352609182,93.55057983360241,222.42938827141427,40.72059882437025,23.222223799772,Paste volume per aperture low,Stencil thickness low,1902,15.51,0,Open Circuit
0.037306141785861904,99.94165006921098,266.23012951783363,35.40223619934106,22.103654469369324,,Paste viscosity high,1903,15.515,0,No Defect
0.04205942804734516,104.8941706307922,231.35788118068047,42.716536732161885,22.138060732647915,,,1904,15.52,0,No Defect
0.038361051794664446,96.43625411265886,191.4350238163449,43.44116066466793,24.350037511122448,,,1905,15.525,0,No Defect
0.04161868964309275,103.32571940314973,201.91011039890446,32.08773661948652,27.048579283051527,,Ambient temperature high,1906,15.53,0,No Defect
0.03906442299541307,97.72380988225243,198.12485440823474,43.06883602905893,24.055934940173053,,,1907,15.535,0,No Defect
0.04065735805878056,99.6519234228818,188.96322216329315,44.351492662151976,24.253203481223935,,,1908,15.54,0,No Defect
0.03974848061875386,100.61112894348473,220.78850276112053,39.46627987725958,23.719047190130155,,,1909,15.545,0,No Defect
0.04072158835688248,100.68386561247065,199.95316820482046,42.20255732117651,24.20392402967248,,,1910,15.55,0,No Defect
0.044017373863343055,101.65907457647616,145.02268946324543,50.5594674518846,25.15995349112088,Paste volume per aperture high,Paste viscosity low; Ambient RH high,1911,15.555,0,Solder Bridging
0.03936572678616576,98.01215324331903,192.5698065473865,45.529996922201974,23.668261701398958,,,1912,15.56,0,No Defect
0.04020678601467475,98.57722384133362,182.12134916202874,47.86166839118016,23.632119972260224,,,1913,15.565,0,No Defect
0.039247952749937094,98.25615646669868,190.84688846287082,35.377688527775504,26.7454436562418,,Ambient temperature high,1914,15.57,0,No Defect
0.03830871552925696,95.74158045864044,185.50485975328883,43.98372394716331,24.54803767951595,,,1915,15.575,0,No Defect
0.04293319716134984,100.6650697034626,138.42062312121666,42.48448109298353,27.905730860090177,,Paste viscosity low; Ambient temperature high,1916,15.58,0,No Defect
0.036850981201039086,97.31111627534534,236.17495679893943,34.492745818481836,24.199453460046477,,,1917,15.585,0,No Defect
0.04175339849272334,101.13083519307031,189.31580406012526,48.748460085981584,22.941859820714228,,,1918,15.59,0,No Defect
0.03909701305324903,97.48229988977558,186.85180777692625,42.50558357418524,24.8944834267834,,,1919,15.595,0,No Defect
0.03560452988168622,97.35443520945961,260.26364585167266,31.51121047278994,23.57460457793716,Paste volume per aperture low,Paste viscosity high,1920,15.6,0,Open Circuit
0.04304960196879124,98.68615040383087,123.27926459934613,51.1974256071616,26.291407293301983,,Paste viscosity low; Ambient RH high; Ambient temperature high,1921,15.605,0,No Defect
0.04025588165557626,101.05199188452477,207.40299721577003,34.132752542688195,26.090594504312058,,Ambient temperature high,1922,15.61,0,No Defect
0.04081378193624549,102.17851784010955,206.10769860003177,35.26846270497616,25.834078686208905,,,1923,15.615,0,No Defect
0.0407249769716238,99.799462568802,185.48505464970683,44.15433710080264,24.503835367496965,,,1924,15.62,0,No Defect
0.03864004337415096,98.75721608206963,231.05503997569383,45.06381262060125,21.430399494143913,,,1925,15.625,0,No Defect
0.04400927358606849,103.69976264636456,165.61715501818117,42.77577834216445,26.15314053670571,Paste volume per aperture high,Ambient temperature high,1926,15.63,0,Solder Bridging
0.03718626147798755,96.90994744191282,230.33414099619955,41.43126335446858,22.520464143830825,,,1927,15.635,0,No Defect
0.036597356677520974,96.99611595166738,235.1657097497731,36.11144428301645,23.769310585964853,,,1928,15.64,0,No Defect
0.0394144217996794,100.00299071119002,214.3871717495307,38.20077184623442,24.454607233554572,,,1929,15.645,0,No Defect
0.04224709388469151,103.09639209147672,198.10001035520224,43.24711798943161,23.998853957572763,,,1930,15.65,0,No Defect
0.042610203358432026,103.35322536072131,179.5068622396581,36.53393820387767,27.101132699631084,,Ambient temperature high,1931,15.655,0,No Defect
0.03989607939088475,100.15044321657675,204.03771855901448,38.17358297869514,25.098107142718835,,,1932,15.66,0,No Defect
0.04254881596069863,102.20842522793305,175.7250696876648,40.58816707972652,26.153031568180168,,Ambient temperature high,1933,15.665,0,No Defect
0.040374254057474766,100.78714724585093,197.7546631986278,33.53881748977424,26.842861133580747,,Ambient temperature high,1934,15.67,0,No Defect
0.04296959997954486,101.25709202489547,168.04160811108557,52.20787376691067,23.23049205998399,,Ambient RH high,1935,15.675,0,No Defect
0.039204817921786025,96.9551634132542,184.969158357881,45.545533091758195,24.108621920363415,,,1936,15.68,0,No Defect
0.04198406391816758,98.98422182466796,136.0602794796324,42.461242858986864,28.02769611343956,,Paste viscosity low; Ambient temperature high,1937,15.685,0,No Defect
0.04096957255325792,100.34229398131258,204.50479611108432,50.40202400351548,21.50323478726167,,Ambient RH high,1938,15.69,0,No Defect
0.03840585688967722,98.41747993861216,218.91764402801002,41.62762328691229,23.1549343441727,,,1939,15.695,0,No Defect
0.03950795692179534,100.00264665726081,216.92994117510185,40.17512056059941,23.711727302430695,,,1940,15.7,0,No Defect
0.03838189989008621,100.543803164371,250.82393312472234,35.20855087476149,23.076097310830164,,Paste viscosity high,1941,15.705,0,No Defect
0.03790593348636081,98.7463315352123,220.44630445079127,30.78123317590407,26.22389583978838,,Ambient temperature high,1942,15.71,0,No Defect
0.03986765403635641,100.07731737778266,198.68565560913876,36.218652185594635,25.983460848277034,,,1943,15.715,0,No Defect
0.03935069150129342,99.5277970982793,210.45317221756258,38.966259613156,24.455991997501496,,,1944,15.72,0,No Defect
0.03940083736811418,99.22339272307727,194.82016274233536,33.94313747922879,26.88159941246023,,Ambient temperature high,1945,15.725,0,No Defect
0.037444854675016216,98.99976888688187,251.74015001303601,36.439938693333865,22.647033329779205,,Paste viscosity high,1946,15.73,0,No Defect
0.03971280623707885,100.1581102057409,207.1255034205736,37.99111042656412,24.94175535407239,,,1947,15.735,0,No Defect
0.03837152005731351,96.43934818787478,178.34773492404605,36.826165722307024,27.036977218613284,,Ambient temperature high,1948,15.74,0,No Defect
0.04130207002512006,100.93955552641573,179.56552303614745,36.86787961955072,26.974702672273217,,Ambient temperature high,1949,15.745,0,No Defect
0.039030639636077454,99.06031089622404,202.60202393527257,35.240248662646465,26.014826380362567,,Ambient temperature high,1950,15.75,0,No Defect
0.04209364839644836,103.06693555498306,196.3323683068686,38.16810439789606,25.56930384328054,,,1951,15.755,0,No Defect
0.03716083124175306,95.68702801890097,205.4924936418624,40.491546295433494,24.287525197388685,,,1952,15.76,0,No Defect
0.03939646961743956,100.60817769074279,223.91147801359602,37.76053253935467,23.970628244029,,,1953,15.765,0,No Defect
0.032154363953977305,92.3933055034329,254.93214911608152,25.21555286840463,25.673247624489505,Paste volume per aperture low,Stencil thickness low; Paste viscosity high; Ambient RH low,1954,15.77,0,Open Circuit
0.04317513935010865,103.58334572553895,185.28462529635422,44.07280914741574,24.52474465558453,,,1955,15.775,0,No Defect
0.03908454852047702,100.50111096707565,220.75146243554,32.432488430588734,25.714667509832864,,,1956,15.78,0,No Defect
0.040407931158792945,100.50448567344115,212.7155946576427,43.5450884192534,22.978378937169985,,,1957,15.785,0,No Defect
0.04164554009950833,101.95424624723871,195.6358149801894,40.16390693994963,25.0199354828775,,,1958,15.79,0,No Defect
0.04249034723288695,102.21715202426742,182.79954920701857,44.06446138864407,24.671990961214227,,,1959,15.795,0,No Defect
0.041867819770800556,102.42646398106825,212.42977644028818,47.18126848334243,21.941163385022637,,,1960,15.8,0,No Defect
0.03737663268514274,97.41683272590595,229.93664410371105,37.16407366868443,23.757124546041698,,,1961,15.805,0,No Defect
0.03887346055797021,97.62237800220088,197.0261153916696,43.67207739400072,23.87816626781158,,,1962,15.81,0,No Defect
0.040411016627476544,100.38347878442967,199.22224428342213,38.641312004428535,25.228949619039327,,,1963,15.815,0,No Defect
0.04059045361831454,100.9829564194638,197.81713436196813,36.08127590789454,26.060908220960496,,Ambient temperature high,1964,15.82,0,No Defect
0.03693142381656492,94.19808165988125,184.73560681970676,40.18882046237867,25.63123555308067,,Stencil thickness low,1965,15.825,0,No Defect
0.03796217258073164,96.53824064937142,195.66808161194896,38.0727185536622,25.587763264479744,,,1966,15.83,0,No Defect
0.04210946591040152,103.44379478052858,213.10422522295175,42.0083087906197,23.403218895869838,,,1967,15.835,0,No Defect
0.03778602363337391,99.58585404421657,239.88161541756034,30.00865547015678,25.228384682782796,,,1968,15.84,0,No Defect
0.03952273810924106,99.72082846368811,210.8232154936295,38.41604530129163,24.568130048597073,,,1969,15.845,0,No Defect
0.03872147677262009,98.2814574280171,211.36649049492465,40.53445535842396,23.90834919269265,,,1970,15.85,0,No Defect
0.04118346213547104,99.68870734765676,170.95379868664864,43.27067464237336,25.603545149907998,,,1971,15.855,0,No Defect
0.04121093797172571,101.71191351054135,204.18725546881726,40.32746179824266,24.427695406807153,,,1972,15.86,0,No Defect
0.039940460682522334,100.21419780721007,207.79015829794096,39.907766028789275,24.31392311421076,,,1973,15.865,0,No Defect
0.04011723031951183,98.06440544467324,171.9746394735892,44.536390372654715,25.157034578677187,,,1974,15.87,0,No Defect
0.03995815346867135,102.59309009936125,229.07312539680487,28.15555771506482,26.440604898509534,,Ambient RH low; Ambient temperature high,1975,15.875,0,No Defect
0.04009193166261543,99.51585943202532,185.88704605726264,37.28264538156988,26.42090257630562,,Ambient temperature high,1976,15.88,0,No Defect
0.037810778131071164,97.38811714935261,211.32269964288204,37.16509196060497,24.876212914742716,,,1977,15.885,0,No Defect
0.042504161596665764,103.6638195632082,197.05180536736242,38.54199263553669,25.387104106730025,,,1978,15.89,0,No Defect
0.03844321710007127,97.56331797465748,200.86554116762622,40.83812945946766,24.444365582529574,,,1979,15.895,0,No Defect
0.041869508513171116,102.20807356413717,185.44181408862025,37.074485691484696,26.519510222821467,,Ambient temperature high,1980,15.9,0,No Defect
0.03748320270795252,98.22259806403672,248.38435390761867,44.79968522497636,20.3648353255549,,,1981,15.905,0,No Defect
0.04043672401101999,101.6713692286438,211.21521737430757,36.24191951835387,25.16553453635995,,,1982,15.91,0,No Defect
0.04057988410444248,102.33589766864648,218.45387868280443,34.65472448696917,25.187387206940677,,,1983,15.915,0,No Defect
0.037940558731907444,98.0619862117196,207.96919697677632,32.526623591271864,26.425960262887312,,Ambient temperature high,1984,15.92,0,No Defect
0.03895810323250447,97.48524674849878,189.30884266400128,41.42414733527116,24.98121074655648,,,1985,15.925,0,No Defect
0.038588773812993485,97.09754699359064,198.18566169051346,42.20392001368518,24.208751391141888,,,1986,15.93,0,No Defect
0.040247535647044315,100.49286503907348,210.53719472144203,40.60033913055476,23.93268493987525,,,1987,15.935,0,No Defect
0.03886498456092392,101.34535665518081,259.40948573998696,42.920282877347695,20.237308966300358,,Paste viscosity high,1988,15.94,0,No Defect
0.03643539021301763,92.69514613771425,175.12207943026976,40.53558643362685,26.087880611715896,,Stencil thickness low; Ambient temperature high,1989,15.945,0,No Defect
0.041735795777473855,101.8505038453789,185.17863186823215,36.877220525470925,26.582007461656698,,Ambient temperature high,1990,15.95,0,No Defect
0.041394250442249994,101.7549474752775,190.064673561424,37.710865754290964,26.03063072987998,,Ambient temperature high,1991,15.955,0,No Defect
0.037858439116149493,96.45412024345907,205.178904511066,41.98381400451319,23.829267923649518,,,1992,15.96,0,No Defect
0.041002365301804,100.04266121889061,182.49580148615283,42.599617562671035,25.06377337706095,,,1993,15.965,0,No Defect
0.03817462920571576,98.99807672558117,233.99574391776838,39.648084462785725,22.741271257835738,,,1994,15.97,0,No Defect
0.03891633812039726,101.19869141413169,235.7137119569966,29.37012842963361,25.644927870446647,,Ambient RH low,1995,15.975,0,No Defect
0.0391083144098146,98.12067185194356,200.26478663831531,42.64028837576857,23.942572221741397,,,1996,15.98,0,No Defect
0.03921446386529747,98.42428923495115,185.81694772675448,32.74272407605076,27.72057266615478,,Ambient temperature high,1997,15.985,0,No Defect
0.04286755542791599,102.91987373182857,186.90442112225244,42.87322174509296,24.726147235929925,,,1998,15.99,0,No Defect
0.04260248128451568,99.3672615418814,134.85335287038754,47.01841961655175,26.69989732998041,,Paste viscosity low; Ambient temperature high,1999,15.995,0,No Defect
0.038642866007274325,97.94890908472186,199.830926108792,37.474278389788736,25.468520274497365,,,2000,16.0,0,No Defect
0.0384577514396767,99.7235040939106,226.3835170124617,31.47914480540293,25.58966128518838,,,2001,16.005000000000003,0,No Defect
0.04184406914527701,102.88329778418687,193.9794356861313,34.36394560960511,26.759778845988336,,Ambient temperature high,2002,16.009999999999998,0,No Defect
0.040083092530297425,98.23262095415993,180.87378062011067,43.86175827983045,24.776587705310362,,,2003,16.015,0,No Defect
0.04309001200424113,103.75558297983005,198.53790108475232,46.454306168228605,22.957015046816807,,,2004,16.02,0,No Defect
0.04295575537197609,103.08216039310817,180.8270021035283,39.36090829977185,26.116174449772632,,Ambient temperature high,2005,16.025,0,No Defect
0.04164702177327962,102.82374353238288,210.28528102436644,40.05497302902234,24.091870867864287,,,2006,16.03,0,No Defect
0.03900946431414347,98.31010221984845,199.10127832975795,39.55532333778688,24.89815447265414,,,2007,16.035,0,No Defect
0.040247084717654966,99.67775387083651,191.9043873364789,40.18685539783174,25.16511572897991,,,2008,16.04,0,No Defect
0.04024042272197717,100.67200329936584,208.80182767625755,40.28957733532605,24.096455979532763,,,2009,16.045,0,No Defect
0.036455829189199894,97.1670872301396,234.92426719944092,30.36534086073378,25.36369248163036,,,2010,16.05,0,No Defect
0.040867175573214544,100.28584126422429,177.0102976571279,36.4598381098777,27.166490805184043,,Ambient temperature high,2011,16.055,0,No Defect
0.0402796725015357,100.38957966130475,208.9979079748118,45.10051599647878,22.672880070210002,,,2012,16.060000000000002,0,No Defect
0.0398950411099856,99.23138468379065,198.27180008497803,42.48980302345237,24.09261286031545,,,2013,16.064999999999998,0,No Defect
0.03911810170257143,97.19281862594597,191.05533773166314,46.34490948724648,23.401752828537973,,,2014,16.07,0,No Defect
0.03937914160701124,98.14259138767801,183.73972993584448,38.00507145377601,26.285763606358483,,Ambient temperature high,2015,16.075,0,No Defect
0.04369771993688067,101.48175452406856,147.51034372253523,51.049320266858324,24.730232759181593,,Paste viscosity low; Ambient RH high,2016,16.08,0,No Defect
0.040351384846688064,98.64471943043486,167.92793605205162,39.51700766966346,26.81818410635147,,Ambient temperature high,2017,16.085,0,No Defect
0.039122206535992424,97.1589858580901,166.12777804991234,32.54201669616125,28.9580823883173,,Ambient temperature high,2018,16.09,0,No Defect
0.04319858712408682,103.95273290076092,191.62743516422344,42.08844940902469,24.6371891925687,,,2019,16.095,0,No Defect
0.042811594623588856,102.85587399006371,167.90826409503438,34.35401421856975,28.345866378777853,,Ambient temperature high,2020,16.1,0,No Defect
0.03890735561744896,99.4956853356212,218.89717508861852,36.6503412568774,24.514086652225288,,,2021,16.105,0,No Defect
0.03860692946151321,101.14746108032095,243.52739926195642,30.763317594706624,24.71755668129171,,,2022,16.11,0,No Defect
0.04024686455752814,100.65510667343837,210.2167692118342,39.43815366615324,24.242531448716615,,,2023,16.115000000000002,0,No Defect
0.04500687680305297,104.0186369819506,157.31916336806694,47.222580944607344,25.253693308926564,Paste volume per aperture high,,2024,16.119999999999997,0,Solder Bridging
0.0397455741362466,100.19436474310693,192.19285138576637,29.142731989647594,28.343891563597058,,Ambient RH low; Ambient temperature high,2025,16.125,0,No Defect
0.040648760513941395,98.83115452021683,168.03877057991355,40.44289413174927,26.533974419762107,,Ambient temperature high,2026,16.130000000000003,0,No Defect
0.039048829809019865,96.99511715141972,170.01445172863717,37.50685949534525,27.25214512105182,,Ambient temperature high,2027,16.134999999999998,0,No Defect
0.03964260016249639,100.50879225889662,213.59022022891435,34.1349826180743,25.57201585892112,,,2028,16.14,0,No Defect
0.04223610578574619,100.21530471031387,158.35185585260035,43.049159310871985,26.379816852334336,,Ambient temperature high,2029,16.145,0,No Defect
0.04006841665529774,98.51974742903877,178.9309161014014,39.09128538581119,26.25330533719379,,Ambient temperature high,2030,16.15,0,No Defect
0.0421116133798939,100.1971803719453,157.40347363890615,44.11408190986615,26.117315148724522,,Ambient temperature high,2031,16.155,0,No Defect
0.03701330229892098,96.49315265714247,221.15890260643042,38.010748140525024,23.94796979389625,,,2032,16.16,0,No Defect
0.041002286759927856,103.01331515677312,224.02876573711538,35.6403279648508,24.496801775944654,,,2033,16.165,0,No Defect
0.043540203159072324,104.63467381909163,196.218423210115,43.9613221610133,23.788812850645915,,,2034,16.17,0,No Defect
0.03959881491336919,99.21106507913936,205.35074963425325,43.74049919948125,23.25715674747965,,,2035,16.175,0,No Defect
0.03716092893365497,97.2262420029516,231.2164874443251,39.5702093315664,22.869502314717202,,,2036,16.18,0,No Defect
0.045828839189944015,103.63693521932413,122.40238791235379,46.82399010475904,27.49502945449632,Paste volume per aperture high,Paste viscosity low; Ambient temperature high,2037,16.185000000000002,0,Solder Bridging
0.038327432173838855,97.65513593524551,214.89461822624907,42.6190495240499,22.988862896080747,,,2038,16.189999999999998,0,No Defect
0.041131386293896934,101.26503144556362,204.2780915357069,45.78056794290439,22.734625716886192,,,2039,16.195,0,No Defect
0.040583527595147426,100.62871673353622,203.39621886015763,41.785175737947355,23.95247220165878,,,2040,16.2,0,No Defect
0.04239350914505399,104.39118040108386,201.93175106214176,33.005726914642516,26.61806732583964,,Ambient temperature high,2041,16.205,0,No Defect
0.03937799082443434,99.70440917709863,217.6012420521708,40.28329894520433,23.50757383242709,,,2042,16.21,0,No Defect
0.03806970326653954,99.13702821509206,213.31172708638942,27.360840232417633,27.5272081449194,,Ambient RH low; Ambient temperature high,2043,16.215,0,No Defect
0.04263263253256838,102.05366316260037,161.46446088121252,36.97843125837954,27.93697243870187,,Ambient temperature high,2044,16.22,0,No Defect
0.041849640593635475,100.5733706007337,173.2145202854571,43.58295945713364,25.283415226119654,,,2045,16.225,0,No Defect
0.04191098065754869,99.83095142174668,154.96325624252393,41.057430647843006,27.14060681509848,,Ambient temperature high,2046,16.23,0,No Defect
0.04029285977259951,101.75308770438951,220.0030845271879,34.21410950567117,25.135669551224662,,,2047,16.235,0,No Defect
0.043371762593285526,102.11660761413381,158.03623882984158,44.70585599572102,25.891581959538172,,,2048,16.240000000000002,0,No Defect
0.038960220974396345,96.67580718722907,185.3453409441841,46.03667872118544,23.79071741551673,,,2049,16.244999999999997,0,No Defect
0.03888361458812217,100.09053846446058,232.32304963369205,36.60669363989025,23.664072012631834,,,2050,16.25,0,No Defect
0.03729629699759543,98.0398124365501,232.4649609248974,33.47012468072123,24.555872968370988,,,2051,16.255000000000003,0,No Defect
0.04008062398493554,101.13583568242035,221.7102357322088,39.284999304199005,23.538215754610505,,,2052,16.259999999999998,0,No Defect
0.04080155987172647,99.87203205643466,184.417141214674,41.51490818104378,25.17893636029824,,,2053,16.265,0,No Defect
0.03926587658804643,98.39024502070986,211.60156115502343,48.41788956112576,21.480032531010583,,,2054,16.27,0,No Defect
0.0411420036087283,101.0282559853772,196.5441911900797,42.46370754522425,24.1572047408016,,,2055,16.275,0,No Defect
0.04069131431273935,100.30591808726889,200.9092138854793,44.87255803246602,23.181034487201927,,,2056,16.28,0,No Defect
0.04062811209751336,100.19443120284052,193.42278355484927,40.20639491018632,25.002451192912545,,,2057,16.285,0,No Defect
0.038002646513331975,95.62024029164844,180.6589724152346,38.59539873423661,26.231990734140478,,Ambient temperature high,2058,16.29,0,No Defect
0.03945734908258916,95.62695891199049,167.5504812620487,53.25383383333897,22.764068818427585,,Ambient RH high,2059,16.295,0,No Defect
0.043815387675406506,102.0510888979077,164.75714252466503,52.33185021566156,23.2433681357314,,Ambient RH high,2060,16.3,0,No Defect
0.0374520539991505,97.17812025894993,222.29057750579517,38.24347206425198,23.772387180921744,,,2061,16.305,0,No Defect
0.04019804999085797,99.11594178251198,183.90167815302976,40.90554851431295,25.36772478322557,,,2062,16.310000000000002,0,No Defect
0.0418310009384967,103.3665169706703,199.09642758194215,34.217954131183255,26.39848397302944,,Ambient temperature high,2063,16.314999999999998,0,No Defect
0.04050406120380076,101.1030819048466,215.68011955031773,42.0059324970404,23.09983109938854,,,2064,16.32,0,No Defect
0.03737132099228705,97.27943911069399,226.20508885378678,39.09082688162483,23.276537013471668,,,2065,16.325,0,No Defect
0.03845023059673501,97.34948363946538,214.36542439092716,46.18810352140327,21.940006670201573,,,2066,16.33,0,No Defect
0.03986596564218862,98.32981764692829,195.88273075051313,47.16047953139639,22.80061930504068,,,2067,16.335,0,No Defect
0.03909842342949533,95.79047900830564,161.64790643844447,41.31662507664257,26.59969939570651,,Ambient temperature high,2068,16.34,0,No Defect
0.038653028071366245,99.68108197853871,238.07981674098,41.78593666686607,21.76504249355194,,,2069,16.345,0,No Defect
0.040282259053372474,97.68737360530878,166.02836460039634,43.16690514072037,25.79709372947671,,,2070,16.35,0,No Defect
0.045146052821666886,105.58734308337958,157.11587553169326,36.88408603941022,28.21358761783261,Paste volume per aperture high,Stencil thickness high; Ambient temperature high,2071,16.355,0,Solder Bridging
0.040174733459245236,98.7698513962145,185.61586362701973,41.498420520660446,25.079873362163163,,,2072,16.36,0,No Defect
0.04129173284988243,99.45790196935971,173.4823563330372,44.41967223047963,24.97912987473783,,,2073,16.365000000000002,0,No Defect
0.038451295221578134,97.80623245516895,209.51733079314678,39.30541726374677,24.235387147007266,,,2074,16.369999999999997,0,No Defect
0.0411508360105153,102.28122767396061,216.3745711991046,40.95482726090307,23.352322070927816,,,2075,16.375,0,No Defect
0.04469871751901338,105.81067704935609,177.1961872048727,39.38604615548806,26.239263123534876,Paste volume per aperture high,Stencil thickness high; Ambient temperature high,2076,16.380000000000003,0,Solder Bridging
0.03972930270349388,97.57112258031995,174.21981501197823,44.36531752656454,24.922591905503563,,,2077,16.384999999999998,0,No Defect
0.03501714652088608,96.5312413291957,270.02767764943644,34.146388659233494,21.99582705855862,Paste volume per aperture low,Paste viscosity high,2078,16.39,0,Open Circuit
0.038281018510660916,97.26091721316969,214.09193677520744,44.278645971502044,22.493375693153205,,,2079,16.395,0,No Defect
0.03987338006969642,99.43952773934394,207.86354682184927,44.25151487768445,22.893708347884587,,,2080,16.4,0,No Defect
0.04209033490647993,101.95389249640596,181.33146106596277,40.95534224854511,25.496220911261243,,,2081,16.405,0,No Defect
0.040005852556643136,99.95492325391793,195.96650648950555,35.0627482304618,26.304946863539364,,Ambient temperature high,2082,16.41,0,No Defect
0.03961063114303354,101.20160254126712,230.25834737199443,37.73870639831359,23.412166800345368,,,2083,16.415,0,No Defect
0.042112801976202714,102.38870311080225,192.18142767654535,41.21050867115114,24.754968582167255,,,2084,16.42,0,No Defect
0.04101393942256558,100.63226705210558,187.96345489186226,41.02177582284718,25.05541247300028,,,2085,16.425,0,No Defect
0.03915491820980439,100.37577952542499,229.44109482874507,37.059176354697,23.654788793462064,,,2086,16.43,0,No Defect
0.040358866560588076,97.7594432375383,164.08987679377435,45.862039901533734,25.097133808041367,,,2087,16.435000000000002,0,No Defect
0.039363330167870504,98.22671026382662,193.2230841010013,39.78917868691285,25.079321126744556,,,2088,16.439999999999998,0,No Defect
0.040394668855935734,101.2305808158126,205.23340148565978,34.066097785195105,26.019201941360464,,Ambient temperature high,2089,16.445,0,No Defect
0.040911390881278625,99.39456382397113,183.53902827496537,48.13261595044619,23.242367818500696,,,2090,16.45,0,No Defect
0.03901814964533426,97.89320224470048,215.31324351483477,48.98372340718802,21.03278560780275,,,2091,16.455,0,No Defect
0.03746646619407239,95.65411765338477,194.22989545981642,36.56561183144421,25.93779651291877,,,2092,16.46,0,No Defect
0.03858229261187391,97.02413905934854,202.33248651269588,46.506489150550074,22.5409329212796,,,2093,16.465,0,No Defect
0.04104810953250231,100.85696403899553,190.43339819254396,37.87591489819522,25.813920573139903,,,2094,16.47,0,No Defect
0.037652489210229415,95.83066186518472,205.78314541932616,46.88928131008239,22.205149831558547,,,2095,16.475,0,No Defect
0.04221315000014108,101.511377958774,168.8092790947915,39.399816832071885,26.69731264994393,,Ambient temperature high,2096,16.48,0,No Defect
0.040143352374469476,99.44657232706214,200.8309834695854,42.85374616523256,23.711338457929394,,,2097,16.485,0,No Defect
0.03798357224140847,97.77791899937006,209.2438343470972,32.81157297387861,26.10690669080097,,Ambient temperature high,2098,16.490000000000002,0,No Defect
0.03947872782100461,96.9115941711896,174.4295001841322,45.800655561005655,24.455957005376327,,,2099,16.494999999999997,0,No Defect
0.0430829706191154,104.74804348064602,209.23945707103252,42.295691579304965,23.374334201349576,,,2100,16.5,0,No Defect
0.041527762248007374,100.60238545174458,167.17091883865862,37.018998214238906,27.479641182315078,,Ambient temperature high,2101,16.505000000000003,0,No Defect
0.03807551258999115,97.7386259447836,213.87289975220435,35.601537365289005,25.004952556980484,,,2102,16.509999999999998,0,No Defect
0.041932485127089254,99.89929533872584,171.56522237974556,47.74225838890803,24.085693441009767,,,2103,16.515,0,No Defect
0.039177391533061226,99.05630851891554,195.7479785402935,32.03178409658785,27.160544112717016,,Ambient temperature high,2104,16.52,0,No Defect
0.03982765743770151,98.64165311191759,183.1838109672692,39.73643751761969,25.68260802295547,,,2105,16.525,0,No Defect
0.04308183296138829,101.94853348017405,162.96335791785128,44.590940532488354,25.531051866321384,,,2106,16.53,0,No Defect
0.03757281478986863,98.87798331001434,232.2611758064055,27.535363241845687,26.220615077977225,,Ambient RH low; Ambient temperature high,2107,16.535,0,No Defect
0.03721206779567368,97.14551284049928,225.28729033019167,32.75851066544109,25.1219560054459,,,2108,16.54,0,No Defect
0.040896922019158025,101.08341519667472,206.80657178222114,42.54970374826566,23.418754418659685,,,2109,16.545,0,No Defect
0.03862119502417713,96.15881320974354,172.6458636657492,36.136960995424,27.36890041385376,,Ambient temperature high,2110,16.55,0,No Defect
0.036970530350104336,97.03602537861649,226.55812152790412,34.76131136119311,24.445306881495025,,,2111,16.555,0,No Defect
0.03912305187254468,99.69337993096651,219.28184721641145,37.145803729541406,24.21127388371011,,,2112,16.560000000000002,0,No Defect
0.03711700947649182,98.70399014622107,252.55379733160777,34.60995299130614,22.894002750607523,,Paste viscosity high,2113,16.564999999999998,0,No Defect
0.03630338609406519,95.17171755323702,208.79542426484417,33.80564981779023,25.80211263904008,,,2114,16.57,0,No Defect
0.04086622014400104,100.23512605014605,186.2782317775899,40.38673940348902,25.2970869907863,,,2115,16.575,0,No Defect
0.037822498414807025,101.67591783359325,269.7443554798443,24.620834986667973,24.76078774349711,,Paste viscosity high; Ambient RH low,2116,16.58,0,No Defect
0.03746517667020872,98.35313577296367,238.17056428747333,36.40156214916423,23.247100764563232,,,2117,16.585,0,No Defect
0.039441239999189054,98.53077679773331,196.13309428015947,41.32866827175582,24.40021144614552,,,2118,16.59,0,No Defect
0.04100033219239495,101.39478967910908,208.8319807638706,43.09306819976391,23.11860926013058,,,2119,16.595,0,No Defect
0.04237786571979583,101.0228630203958,162.49109505922814,40.02974455055359,26.868371097854233,,Ambient temperature high,2120,16.6,0,No Defect
0.036292140638788044,96.63023110794254,236.60652414230628,35.68185256596136,23.535172020503165,,,2121,16.605,0,No Defect
0.0395933201186623,100.91982707505893,235.613336929026,40.09631407757233,22.337160652728596,,,2122,16.61,0,No Defect
0.040588900671979636,100.7905430826303,201.2563435344424,40.39641031922255,24.357809517521392,,,2123,16.615000000000002,0,No Defect
0.03915764982197771,99.4703132785701,218.6812519666322,41.16926538462559,23.050205823364752,,,2124,16.619999999999997,0,No Defect
0.03942885592381197,101.01908444866747,225.5822318415849,34.34007796709176,24.62195555793775,,,2125,16.625,0,No Defect
0.042430147018961514,102.22603350348457,181.42542755259245,39.16242828091644,25.951623055774466,,,2126,16.630000000000003,0,No Defect
0.0377693279824505,96.21681430901212,192.346575281779,35.10765660480935,26.423570844388205,,Ambient temperature high,2127,16.634999999999998,0,No Defect
0.04054728744722708,99.281840493165,191.28360183378686,45.78838971923127,23.39099954256983,,,2128,16.64,0,No Defect
0.040452632738866665,103.03458732435529,238.72993993714852,35.3875618966239,23.51480937215003,,,2129,16.645,0,No Defect
0.03956112861923009,99.54794705821158,205.32649794531358,35.20845195790384,25.610589702028864,,,2130,16.65,0,No Defect
0.04290938676499396,104.69361803098093,200.77344290720166,36.87180806444169,25.423063210829763,,,2131,16.655,0,No Defect
0.042808931708968344,102.80799754928067,190.47559197111295,43.347861001505976,24.168355225287627,,,2132,16.66,0,No Defect
0.039984650237915476,100.8943584177416,223.86062866480145,40.72681939302866,22.85672937479088,,,2133,16.665,0,No Defect
0.04155955845386503,101.09873820642441,180.80663247440165,37.64181433220652,26.41144048388524,,Ambient temperature high,2134,16.67,0,No Defect
0.03897930897955076,100.26376295743515,231.31029827659827,35.509681080427015,23.912854765953384,,,2135,16.675,0,No Defect
0.038334869423851003,98.10665904207039,213.24056427514142,38.307473940219275,24.194126364194727,,,2136,16.68,0,No Defect
0.03829942340074586,95.46829317340648,177.82579307034237,43.68421779003896,24.79369929580367,,,2137,16.685000000000002,0,No Defect
0.03897852333861657,99.91332109852415,232.95458182671203,39.86890025065138,22.533321160168487,,,2138,16.689999999999998,0,No Defect
0.03784586150728659,99.53991027648892,259.42867282943797,41.68259279194609,20.367773107957444,,Paste viscosity high,2139,16.695,0,No Defect
0.03888342056197815,99.4276756080258,217.86201977501452,37.23182503630537,24.220910595906027,,,2140,16.7,0,No Defect
0.03858689850630282,98.2589089835982,204.99319908694525,34.993492449318175,25.663417570738464,,,2141,16.705,0,No Defect
0.042349773846153536,105.1468380507863,214.95523574840786,28.817847551705253,26.888052360603936,,Stencil thickness high; Ambient RH low; Ambient temperature high,2142,16.71,0,No Defect
0.03696284515210759,96.6543999272503,229.19853412518844,41.10909367577574,22.372817631786013,,,2143,16.715,0,No Defect
0.039613648404715394,96.26451225107705,163.03133891317754,45.58096243802636,25.149125909524944,,,2144,16.72,0,No Defect
0.038582872876055566,97.54949381208492,191.4148845325499,31.46896104677778,27.523840913116366,,Ambient temperature high,2145,16.725,0,No Defect
0.036859013863457656,96.98361672763212,226.88171562143293,32.98679623719495,24.885261142618987,,,2146,16.73,0,No Defect
0.03353418053958604,95.41747372089836,272.3193758810675,24.341719638642118,24.593194239755114,Paste volume per aperture low,Paste viscosity high; Ambient RH low,2147,16.735,0,Open Circuit
0.04194406772576942,101.77465856768566,182.35393418525734,38.35129198510709,26.087251926923877,,Ambient temperature high,2148,16.740000000000002,0,No Defect
0.03985404559241772,99.19639124287478,190.7456909284896,34.53440057575577,26.672316979564574,,Ambient temperature high,2149,16.744999999999997,0,No Defect
0.040651039558914,101.91519972168157,201.40740906820824,28.182490493753996,27.875004296861427,,Ambient RH low; Ambient temperature high,2150,16.75,0,No Defect
0.03999303756136937,99.38841321405445,196.25183649983745,40.55531594175114,24.568592357215866,,,2151,16.755000000000003,0,No Defect
0.04186848187363043,102.13039396116152,192.39203282104862,41.88307591430402,24.42778741377992,,,2152,16.759999999999998,0,No Defect
0.04186598943411139,96.945823529637,135.95309354278942,57.50379511533735,23.330317483586644,,Paste viscosity low; Ambient RH high,2153,16.765,0,No Defect
0.042475192785992634,104.45322827255833,219.49743063009953,42.98654641418911,22.44526962438215,,,2154,16.77,0,No Defect
0.04043315560686497,97.68230296499983,162.69935404597325,44.57949517952591,25.44851286425302,,,2155,16.775,0,No Defect
0.03750661052724893,94.66755234953308,180.54715369346584,40.565360362102275,25.49928715687233,,Stencil thickness low,2156,16.78,0,No Defect
0.04183333047317249,103.02677210968507,206.99188659788493,36.272832923638155,25.169959034868246,,,2157,16.785,0,No Defect
0.03948241605471645,98.3426432829604,194.23092442614364,41.678011375585854,24.34850966593831,,,2158,16.79,0,No Defect
0.039443701026664175,96.19163341430888,162.21703461029708,43.37512296931589,25.81570001129547,,,2159,16.795,0,No Defect
0.03886426336220635,99.23801404195612,221.0218062801598,38.28925545741737,23.687100609716225,,,2160,16.8,0,No Defect
0.03867817683526824,97.4184366716479,198.25344494797548,39.30694409911253,24.785134272876718,,,2161,16.805,0,No Defect
0.03857346346830049,98.51571039328051,214.65364156333504,37.69258313993147,24.24555582266557,,,2162,16.810000000000002,0,No Defect
0.03932175117895569,99.06715814851144,208.50321546817486,39.65488728278913,24.054818112618253,,,2163,16.814999999999998,0,No Defect
0.03801831511748577,97.52275119540552,202.51484201354646,33.051664351845346,26.336337945360278,,Ambient temperature high,2164,16.82,0,No Defect
0.03944332020308683,98.48415537929291,198.66224745574192,40.69202700350619,24.35460373515236,,,2165,16.825,0,No Defect
0.04287201879178422,102.89609220602104,180.082019897404,40.07885200356661,25.697972816079062,,,2166,16.83,0,No Defect
0.03952962014909006,98.0923227128057,184.7348057225237,38.3886808053983,25.878297855906574,,,2167,16.835,0,No Defect
0.03744043171497301,95.35014981536541,190.689109411742,38.400140813388646,25.488218817622194,,,2168,16.84,0,No Defect
0.039585632492594156,101.0871006925607,238.0419774088682,39.89086719587592,22.166462024960513,,,2169,16.845,0,No Defect
0.03827095523323158,98.90543763559121,225.64709507437732,34.800984927426114,24.400385250479598,,,2170,16.85,0,No Defect
0.038460503228995774,98.53450692397803,208.78791752671899,34.154836749645995,25.619031120037977,,,2171,16.855,0,No Defect
0.039700696236311395,97.28620725129241,175.0924068127509,43.111522147113504,25.08304659215548,,,2172,16.86,0,No Defect
0.04294373129755854,102.80037969211116,175.7186792816985,39.037711810410116,26.25887861655425,,Ambient temperature high,2173,16.865000000000002,0,No Defect
0.042597663227341966,102.60986447536621,190.96468302445948,45.274403250491865,23.49523437545096,,,2174,16.869999999999997,0,No Defect
0.03610040435628666,96.69234639218523,249.9600357698095,35.26782654642931,22.749238072041635,,,2175,16.875,0,No Defect
0.0382982532705026,96.79311420284048,194.68123184754575,38.91661160344432,25.086147859726342,,,2176,16.880000000000003,0,No Defect
0.04216286425576895,100.49162341275134,160.6943544515096,43.74995016446085,25.786055515352814,,,2177,16.884999999999998,0,No Defect
0.04016574733546051,100.46216254916459,208.12397264090984,39.40390705251639,24.129970154132597,,,2178,16.89,0,No Defect
0.040537667129231666,97.85535663302055,160.4618802991636,41.74434011701466,26.37455010372408,,Ambient temperature high,2179,16.895,0,No Defect
0.03814677612622051,96.93073733418564,192.45713293894548,35.02178492064725,26.350194879369642,,Ambient temperature high,2180,16.9,0,No Defect
0.03658922154412981,94.920572483559,211.2514628631119,39.08231910080828,24.000949099646455,,Stencil thickness low,2181,16.905,0,No Defect
0.0398507987563833,99.9486086916385,197.90104187947946,34.6088923008018,26.146807004698566,,Ambient temperature high,2182,16.91,0,No Defect
0.039964140244516215,99.49204443628231,195.8156744192159,36.846301409528046,25.624985752637965,,,2183,16.915,0,No Defect
0.043251006843147206,100.78611304112243,159.85238456125828,53.12211659342765,23.102381649866533,,Ambient RH high,2184,16.92,0,No Defect
0.03782634688800949,96.24862902254003,197.23658687731833,36.68550333614489,25.56414037230359,,,2185,16.925,0,No Defect
0.039185881514578795,101.54205557248535,235.3724987054261,29.756232128942102,25.253625545034716,,Ambient RH low,2186,16.93,0,No Defect
0.03785913090490014,98.4678407342876,227.26557067978482,30.817966501001944,25.435553105177796,,,2187,16.935000000000002,0,No Defect
0.03776588030301742,95.77018140388886,200.53764713535924,42.500502406822314,23.65650964275011,,,2188,16.939999999999998,0,No Defect
0.04242058997817863,101.026765235265,174.27013728422688,46.30435680975988,24.19373581882398,,,2189,16.945,0,No Defect
0.03861393837845822,99.72855505230694,237.24248973247035,38.783863153772195,22.491429614394,,,2190,16.95,0,No Defect
0.039697172765690375,96.03804479010546,160.2571065442648,47.254469244911064,24.747501627616185,,,2191,16.955,0,No Defect
0.034052754288976514,91.72746830397149,214.00025882701956,34.916249632105256,25.005881676084922,Paste volume per aperture low,Stencil thickness low,2192,16.96,0,Open Circuit
0.039659516155285596,100.18412910269828,208.16253190981755,35.03680828247419,25.37080753964681,,,2193,16.965,0,No Defect
0.04075518989171934,100.05173549952035,203.58904700054393,48.37659427376691,21.76480087797302,,,2194,16.97,0,No Defect
0.04049666384506662,101.1949223265172,207.31828388446812,37.79149724885542,24.620238301067022,,,2195,16.975,0,No Defect
0.03531454433406384,95.33413558059158,238.5977057263825,33.23074526685903,23.99126460569925,Paste volume per aperture low,,2196,16.98,0,Open Circuit
0.040390365667358825,102.45662793985676,229.51389432059537,35.767713877111284,23.846337132636176,,,2197,16.985,0,No Defect
0.039805287325747875,100.54026596550239,213.02887192115244,34.859208262167584,25.11892920380422,,,2198,16.990000000000002,0,No Defect
0.04048286965728443,100.53590643458283,211.30240247427366,44.735092404039776,22.34243322893794,,,2199,16.994999999999997,0,No Defect
0.0376433896515717,97.85798959217948,234.4534385247597,40.97110687590028,21.996734615560673,,,2200,17.0,0,No Defect
0.03957617580126916,98.43904501401148,188.52502140660076,38.278597542758604,25.615395201819688,,,2201,17.005000000000003,0,No Defect
0.04041339928318227,99.78123492439246,193.30932853860898,39.319477189703484,25.024909723587548,,,2202,17.009999999999998,0,No Defect
0.04015305242423013,99.45222632672382,190.00928226258262,36.283749513143796,26.11097764637375,,Ambient temperature high,2203,17.015,0,No Defect
0.041109395564423334,98.23171136431716,164.13466789877924,49.91108398454783,23.719975467031666,,,2204,17.02,0,No Defect
0.043196562218268904,103.07968242274478,170.1862420152137,38.52266576891527,26.689274959769726,,Ambient temperature high,2205,17.025,0,No Defect
0.03879327778921264,99.2126321961964,208.91016559874524,32.555986070388805,26.0170853320907,,Ambient temperature high,2206,17.03,0,No Defect
0.03802989793827892,97.41685412779626,215.65260328191678,39.861549114634876,23.465400452971274,,,2207,17.035,0,No Defect
0.0389877136113677,96.84357767720678,183.1054850608365,42.89807602031976,24.57863013731359,,,2208,17.04,0,No Defect
0.04171901158042822,103.45781072246638,212.32011083245072,35.34321760051107,25.01530634214728,,,2209,17.045,0,No Defect
0.04288899449544699,99.93186690462586,147.037979244699,49.478060955849145,24.900469794315054,,Paste viscosity low,2210,17.05,0,No Defect
0.03850988377096631,96.80333932808844,189.45894548708145,37.69555921482884,25.702522942537875,,,2211,17.055,0,No Defect
0.037637346036310915,96.25581463041202,192.55520283422476,34.39311677416525,26.46345242201478,,Ambient temperature high,2212,17.060000000000002,0,No Defect
0.03934578346566685,98.44989362962279,202.1227118894602,43.72644871889332,23.16282955344941,,,2213,17.064999999999998,0,No Defect
0.03860476752589502,95.72567416279718,169.84456087000063,39.45753203856299,26.384620499152266,,Ambient temperature high,2214,17.07,0,No Defect
0.0403899769436585,99.10900542141997,178.34889840128324,36.79903211079268,26.654748845403272,,Ambient temperature high,2215,17.075,0,No Defect
0.04177816486897024,103.9228609330537,225.44515902173444,38.165510248196995,23.374457790091373,,,2216,17.08,0,No Defect
0.039933856953189115,99.8123929585013,204.66947435887747,35.10815780579604,25.531314485644568,,,2217,17.085,0,No Defect
0.040982112484710384,101.0228223510185,198.82112667611398,40.13208585490867,24.42165135874287,,,2218,17.09,0,No Defect
0.04123329004726108,98.81606973840844,165.5233932270188,46.629730251268924,24.566374617105662,,,2219,17.095,0,No Defect
0.04074181458654533,98.79770570131355,167.4644517068448,40.728912972365194,26.16476578397057,,Ambient temperature high,2220,17.1,0,No Defect
0.036249869308420224,96.57782866507614,235.0607119740231,32.14772717645737,24.48697441986333,,,2221,17.105,0,No Defect
0.03829658410962357,99.28932390508925,232.67516246886836,34.85103898981451,23.859171143733338,,,2222,17.11,0,No Defect
0.040978527860368964,101.1803444973455,200.9959902380893,41.02459859042688,24.015700549002105,,,2223,17.115000000000002,0,No Defect
0.040826832114041624,100.44853918621936,199.51958960323265,43.460285627563145,23.394289394169746,,,2224,17.119999999999997,0,No Defect
0.04179931437645507,99.80940400137233,158.07587448298588,40.29079458090366,26.869940558349438,,Ambient temperature high,2225,17.125,0,No Defect
0.03684704622389421,96.97877277587008,234.3934883612003,38.16660842776283,22.7626158224682,,,2226,17.130000000000003,0,No Defect
0.03731329509073603,95.41147515305848,192.48784082778852,35.01362984308662,26.25958547947641,,Ambient temperature high,2227,17.134999999999998,0,No Defect
0.037668868687258765,99.41309790798007,238.00683898993466,30.331771680470915,24.83013542227695,,,2228,17.14,0,No Defect
0.04179679645420341,100.28990608758822,174.79769810213043,43.48357721544947,24.90625904577548,,,2229,17.145,0,No Defect
0.039852014676819744,98.7717789977441,184.14860520212275,33.43095897947777,27.252782681058324,,Ambient temperature high,2230,17.15,0,No Defect
0.04222583343753547,101.15343956178917,173.81922424191333,43.97305456166958,24.81775405680783,,,2231,17.155,0,No Defect
0.04265029156004676,100.72197976999917,146.50045373091046,42.3182434084217,26.97320260573231,,Paste viscosity low; Ambient temperature high,2232,17.16,0,No Defect
0.04037694733691141,98.00099723791233,178.24762025165774,47.34100945223671,23.546521970904905,,,2233,17.165,0,No Defect
0.041789108222256,101.82034569166959,184.84356669428468,36.46650687829569,26.326048625008575,,Ambient temperature high,2234,17.17,0,No Defect
0.04102061313783883,100.94253856569279,204.21445052238633,43.09758855372177,23.194442462332596,,,2235,17.175,0,No Defect
0.03324812273973637,92.10384374008672,247.33197476232752,35.91358444878581,22.582901242589035,Paste volume per aperture low,Stencil thickness low,2236,17.18,0,Open Circuit
0.03791687224797877,98.95064898528697,239.9554386000923,37.748797716962095,22.531700316183397,,,2237,17.185000000000002,0,No Defect
0.039679065734683404,98.78482373736354,194.76158269477676,38.65713396884999,25.05451302408201,,,2238,17.189999999999998,0,No Defect
0.041699470555246906,98.35290727788032,161.01514366337892,54.32510397876008,22.562214598862198,,Ambient RH high,2239,17.195,0,No Defect
0.04181386146495687,99.1581893592064,152.1708851809416,43.83060542427268,26.16850781001235,,Ambient temperature high,2240,17.2,0,No Defect
0.03990699693312715,100.10556593003518,205.63789001803696,37.198254075914285,24.806261895442372,,,2241,17.205,0,No Defect
0.04199126544868888,101.39031144552,188.0928805621823,45.579187148866716,23.45050560501004,,,2242,17.21,0,No Defect
0.04222414358806526,103.40205542091752,204.66298223113498,39.66148951656471,24.161242292816986,,,2243,17.215,0,No Defect
0.038153658576114455,97.2699264523742,207.9526515607789,36.20721954957128,24.939518330752303,,,2244,17.22,0,No Defect
0.03446475966401276,98.06053289691134,307.4707577053581,30.680548929742944,20.413657428055025,Paste volume per aperture low,Paste viscosity high,2245,17.225,0,Open Circuit
0.04060600828570891,99.23956865924576,184.8525641274501,42.87817197284267,24.420718868282513,,,2246,17.23,0,No Defect
0.04036296078147709,97.90841840583786,170.93112586731533,44.630214244745154,24.758442326456198,,,2247,17.235,0,No Defect
0.0395682925132407,100.79230446059915,223.8026163844741,35.25793685190094,24.242811060681937,,,2248,17.240000000000002,0,No Defect
0.03984123081139398,99.6782282879342,204.86039119445368,40.54685875365332,23.858316376027048,,,2249,17.244999999999997,0,No Defect
0.042566982532505786,101.9245941648878,172.40844640157397,41.119430758956426,25.70289845213583,,,2250,17.25,0,No Defect
0.041241133976205845,96.65718875623628,135.37140216740033,48.80686487089489,25.721173717853436,,Paste viscosity low,2251,17.255000000000003,0,No Defect
0.03889340014589761,97.54480519016936,196.40118358101384,38.42547968796084,24.989929117948613,,,2252,17.259999999999998,0,No Defect
0.042732720599076346,102.66438581132616,190.77700921414973,46.50476043642476,22.998644177502165,,,2253,17.265,0,No Defect
0.043740675759289714,102.50007287232114,156.5253354986626,44.21991800377968,25.77327083790007,,,2254,17.27,0,No Defect
0.04155151583221611,103.89558499118165,226.62522937619917,36.78699329977075,23.624865592415404,,,2255,17.275,0,No Defect
0.04427109711029296,103.27242447418863,158.72134658460095,44.20777184030348,25.64545650448469,Paste volume per aperture high,,2256,17.28,0,Solder Bridging
0.03854097051891063,97.26255099841606,190.73155792225725,34.12548494080698,26.578514925681898,,Ambient temperature high,2257,17.285,0,No Defect
0.041471466995244406,102.36664348549178,215.98394910020082,45.48351217371211,21.7287208248391,,,2258,17.29,0,No Defect
0.03753997178189411,95.83965160090307,198.97858187951425,37.59335217769199,25.04718314948285,,,2259,17.295,0,No Defect
0.04043866454306212,99.99552608488327,192.27384323481493,34.91849604404235,26.26539386302575,,Ambient temperature high,2260,17.3,0,No Defect
0.03890140569552528,98.03403330174895,195.28567709907006,34.93038447402284,26.05837750626063,,Ambient temperature high,2261,17.305,0,No Defect
0.0397483344950869,97.63989182159972,174.14511182871962,38.15929518629842,26.419506519824534,,Ambient temperature high,2262,17.310000000000002,0,No Defect
0.038266919890918884,99.12960658140092,234.34246938644358,36.70863160673634,23.133621195210665,,,2263,17.314999999999998,0,No Defect
0.04076112166839715,101.29755194813991,209.25103116506065,41.49524375943536,23.28880664399922,,,2264,17.32,0,No Defect
0.041827409050134774,101.526239793065,193.68779147567415,42.8896265582001,23.849358151474302,,,2265,17.325,0,No Defect
0.04069880152777296,100.71004363906837,205.24870264869267,43.0265441830111,23.084174399702228,,,2266,17.33,0,No Defect
0.03805088732861577,97.89323664209589,214.24221787914672,39.25863365616265,23.603079687332624,,,2267,17.335,0,No Defect
0.03984332161624035,98.56577137178748,187.3374877309746,39.724497398913684,25.13862647130462,,,2268,17.34,0,No Defect
0.03908650442536638,98.17192994611653,210.90355255417177,46.32158195243041,21.755891515630665,,,2269,17.345,0,No Defect
0.037317194832744205,97.62049058218822,242.2039365212989,42.66821942580587,20.8863946471301,,,2270,17.35,0,No Defect
0.0428451489126017,102.41725339892523,184.03549679230713,44.25265994951373,24.039277591529284,,,2271,17.355,0,No Defect
0.042659351702981595,101.26574388413403,161.85533310221223,41.851671602676255,26.094896918195403,,Ambient temperature high,2272,17.36,0,No Defect
0.04129843372244387,100.10870524554757,193.19363927987052,46.95945865719577,22.67274975541005,,,2273,17.365000000000002,0,No Defect
0.03847013861654969,95.26519841534142,176.868595526457,44.0579152245766,24.493564078890664,,,2274,17.369999999999997,0,No Defect
0.036636888052628436,96.11465856215948,232.1654485494734,40.45067928832327,22.13597200158386,,,2275,17.375,0,No Defect
0.04095779714970126,100.40464336396748,182.07156102269147,34.26694671246742,27.05129130708618,,Ambient temperature high,2276,17.380000000000003,0,No Defect
0.03967865920518804,100.44306221252683,225.03636378699372,40.58014775645589,22.555612998834487,,,2277,17.384999999999998,0,No Defect
0.03723840155568867,97.34396669280105,232.9401107453446,34.26892135922955,23.89960904228991,,,2278,17.39,0,No Defect
0.03861774403802713,98.28094741945318,207.14545589923938,35.28417899516836,25.18798221385308,,,2279,17.395,0,No Defect
0.039681667155184716,98.09061186386197,183.36282537780028,38.07222656441339,25.842142213681495,,,2280,17.4,0,No Defect
0.04114232691245777,99.46833781004467,186.54217739132332,48.36638336954896,22.64993737257534,,,2281,17.405,0,No Defect
0.03871560886753836,95.15647889289225,171.5080607065729,46.264279627095654,24.162690098724962,,,2282,17.41,0,No Defect
0.038715398235881784,98.14504541135221,205.3814428576186,36.49210534984847,24.936942197778247,,,2283,17.415,0,No Defect
0.040368473700689626,100.76385592514364,207.9262606462787,37.34693803462259,24.54260290392853,,,2284,17.42,0,No Defect
0.03925984795031681,93.75455836436117,134.13532551574028,46.80009978497141,26.297622458875544,,Stencil thickness low; Paste viscosity low; Ambient temperature high,2285,17.425,0,No Defect
0.039462587011662324,99.46266080265603,195.64494787161928,30.767300317151758,27.204299992009044,,Ambient temperature high,2286,17.43,0,No Defect
0.03758313557799679,96.78018376330554,223.52356158766855,42.77722868076378,21.970609661770954,,,2287,17.435000000000002,0,No Defect
0.03996093506073667,98.3659251350353,181.98220091773243,40.76006742919741,25.12407697594182,,,2288,17.439999999999998,0,No Defect
0.04118623443189422,100.07773439992614,189.02098672298888,46.62858683054575,22.985685900634387,,,2289,17.445,0,No Defect
0.03883671458623677,97.02715392852227,178.60575113126214,33.54962062348127,27.426687389108377,,Ambient temperature high,2290,17.45,0,No Defect
0.04121914962914835,103.56937711721609,235.50329352629865,37.56723048724011,22.780408267155398,,,2291,17.455,0,No Defect
0.04117699770811826,101.30525449594931,195.87334793732214,35.96741640303934,25.67772343995126,,,2292,17.46,0,No Defect
0.03971767058786005,98.69993170730532,196.33912149054694,40.7050294445273,24.249158625262496,,,2293,17.465,0,No Defect
0.04257416871547471,101.85631815216121,169.77897502996612,38.99377246680084,26.398218594088917,,Ambient temperature high,2294,17.47,0,No Defect
0.04284810119093484,104.07379921412651,202.9620660511964,38.351022913248514,24.553718554505057,,,2295,17.475,0,No Defect
0.040030249744699625,100.00307377893414,203.92718125585986,37.09395734001476,24.83472734149906,,,2296,17.48,0,No Defect
0.03995320709617194,95.84401783391652,144.27825619472753,42.299913989624315,26.971385155157037,,Paste viscosity low; Ambient temperature high,2297,17.485,0,No Defect
0.038372199358994975,98.1097272955293,217.5631033920819,40.20996730362779,23.066665831651974,,,2298,17.490000000000002,0,No Defect
0.03988498181322914,98.63642817777614,186.53003650170234,38.64843858389756,25.44000635059856,,,2299,17.494999999999997,0,No Defect
0.041107372751451106,101.20184591658149,204.342484417868,43.75895048945556,22.859418027081666,,,2300,17.5,0,No Defect
0.04024935334239139,101.36248365992851,217.89239966470802,37.44258364473338,23.863301826498006,,,2301,17.505000000000003,0,No Defect
0.04201704675087796,101.61952763335432,181.92318778566647,37.756583466476606,25.996790621361775,,,2302,17.509999999999998,0,No Defect
0.04306635164412726,102.06120653134099,176.11996131610485,48.19081274040536,23.307325842383747,,,2303,17.515,0,No Defect
0.04263297008049548,97.72645689903474,112.51416865598422,46.01818839018567,27.84190577534415,,Paste viscosity low; Ambient temperature high,2304,17.52,0,No Defect
0.04067259753251279,100.5667107695216,203.58638703376653,42.06995436882165,23.386703916663237,,,2305,17.525,0,No Defect
0.03756338837266738,97.61718992982355,221.9713217333441,31.799996850700914,25.23572337346176,,,2306,17.53,0,No Defect
0.04279050099515301,104.58362622654134,211.7806343063277,40.02360935302871,23.49407203043532,,,2307,17.535,0,No Defect
0.038717031786692425,99.84057010293019,234.14595220683833,37.500538053883226,22.823385987364357,,,2308,17.54,0,No Defect
0.042592789545814885,102.38234939276829,174.41040261914668,39.08085993701726,26.05331962904396,,Ambient temperature high,2309,17.545,0,No Defect
0.04250638334473851,101.8240471718742,187.5718361163027,48.668594841560946,22.445586757501374,,,2310,17.55,0,No Defect
0.041017178962551026,101.10416635904124,186.59246834967607,33.09007538710773,27.041623809855206,,Ambient temperature high,2311,17.555,0,No Defect
0.04034241075347487,98.07890546255247,165.85771891996478,41.839688196928215,25.74794280300492,,,2312,17.560000000000002,0,No Defect
0.03999171394766555,99.72008645009215,202.04709978372327,39.36752214256112,24.247796938195595,,,2313,17.564999999999998,0,No Defect
0.041987692210534645,101.0571408787409,176.87543734635955,41.53664852512031,25.173842285168114,,,2314,17.57,0,No Defect
0.040657434714327555,99.29971840768451,187.4698127237685,45.59181219242128,23.324431402747177,,,2315,17.575,0,No Defect
0.039738821270455964,99.87937768834433,208.22732855437525,37.47836252948058,24.41211053668486,,,2316,17.58,0,No Defect
0.042166754307102296,100.70346737092723,164.66543355671493,40.51830796166791,26.215967152390043,,Ambient temperature high,2317,17.585,0,No Defect
0.041129116656507154,98.8310852092421,184.48045675661314,54.50765536129119,20.902555519021817,,Ambient RH high,2318,17.59,0,No Defect
0.04173497375684155,98.72271645041411,171.62951586312874,54.665338207886855,21.652550324609848,,Ambient RH high,2319,17.595,0,No Defect
0.036287738077986485,96.46305144684491,230.05704325108363,30.750530490633118,25.001964678094698,,,2320,17.6,0,No Defect
0.03784428255102647,96.08089041901773,201.59851479476382,38.99961602137506,24.353665201068452,,,2321,17.605,0,No Defect
0.041326688051855215,104.67427128978461,246.07698370065947,34.21596430222618,23.046613081438828,,,2322,17.61,0,No Defect
0.040063184741339554,98.97976559999482,198.84891513643367,44.516562469973884,22.921387115579154,,,2323,17.615000000000002,0,No Defect
0.039371045437142926,100.8007619580126,230.42138727372918,33.49784722536448,24.19673114339,,,2324,17.619999999999997,0,No Defect
0.03634965575253573,94.68131902740022,208.17436612857043,39.36500698677978,23.813014887052674,,Stencil thickness low,2325,17.625,0,No Defect
0.04298817452122361,101.92881973256162,187.92712741340517,53.187765802765426,21.076791624335776,,Ambient RH high,2326,17.630000000000003,0,No Defect
0.040359429040605674,99.72210222265363,194.496314290358,39.389642447131,24.67985175740496,,,2327,17.634999999999998,0,No Defect
0.0407344778178045,100.12301851192431,204.5174492341574,42.080144109195125,23.288200246447712,,,2328,17.64,0,No Defect
0.04143563030475181,102.59160461344996,211.9239230529341,38.28177509869292,23.93751538854492,,,2329,17.645,0,No Defect
0.042982650454198724,101.9645085086244,173.2664163074626,47.418057158266976,23.647987848100087,,,2330,17.65,0,No Defect
0.03861982781510338,100.25345553915119,247.86954967997283,38.63721451295044,21.601470948615045,,,2331,17.655,0,No Defect
0.03823617515860724,96.78154349472366,212.33143216665638,44.269080254793934,22.135192262765223,,,2332,17.66,0,No Defect
0.03849242415680286,99.18895371669585,224.643052100604,33.84577999804182,24.42099112714142,,,2333,17.665,0,No Defect
0.03677291985073297,96.21570432958279,215.14409040311034,34.67636882198243,24.739334256871903,,,2334,17.67,0,No Defect
0.03839947895074046,97.85420028770146,209.84366338253378,35.4006559599093,24.87253292309862,,,2335,17.675,0,No Defect
0.03801848081761656,97.01694240494444,223.00882342837778,45.490029879531264,21.111691386294964,,,2336,17.68,0,No Defect
0.04101406068686362,102.11251369026499,195.04244695007367,27.75826232714372,28.02549728130103,,Ambient RH low; Ambient temperature high,2337,17.685000000000002,0,No Defect
0.0388564065643444,100.92816434721155,254.86581057239295,38.027294584374495,21.339932766618833,,Paste viscosity high,2338,17.689999999999998,0,No Defect
0.03797257239876162,96.45343802882053,193.82661041237884,35.92099951891936,25.68688159961186,,,2339,17.695,0,No Defect
0.04120759463852311,101.57386785505867,191.81581947925216,35.86883758440851,25.846075019588426,,,2340,17.7,0,No Defect
0.04149955574224047,99.78337182003071,177.71450189460487,47.59030583431351,23.290908183301656,,,2341,17.705,0,No Defect
0.0440042713644894,103.49095151793928,178.72330180783274,48.67092951020321,22.933699177584643,Paste volume per aperture high,,2342,17.71,0,Solder Bridging
0.036656979440477536,96.63620106073562,227.56627410543453,31.490966409987614,24.89487943781879,,,2343,17.715,0,No Defect
0.03957241396691396,97.48678377027795,180.36152592400174,39.461909583258546,25.48583917142788,,,2344,17.72,0,No Defect
0.038608490318981406,98.82248667620503,230.85403190218094,40.897167812328604,21.957967796091545,,,2345,17.725,0,No Defect
0.03793960846307587,101.02926289192457,271.7518191200127,33.48027515250828,21.60611547984095,,Paste viscosity high,2346,17.73,0,No Defect
0.03977198261097605,98.6788433809166,208.6862901069153,45.82445715830058,21.88629143289438,,,2347,17.735,0,No Defect
0.03996331996038996,99.20316642084165,197.1286469762765,39.77103145432334,24.358456474883468,,,2348,17.740000000000002,0,No Defect
0.04121809861777796,101.26143152563066,177.7640700843062,30.046541565401462,28.391360135781134,,Ambient temperature high,2349,17.744999999999997,0,No Defect
0.041292778004253274,102.91939869430561,213.5292897214483,33.54094323853834,25.17769365511511,,,2350,17.75,0,No Defect
0.04247112672101228,102.0258744840252,195.50801549071073,49.009226967896396,21.77338308608913,,,2351,17.755000000000003,0,No Defect
0.04013642809449425,100.77614351418117,203.21488399771303,31.855050947914407,26.287885448361617,,Ambient temperature high,2352,17.759999999999998,0,No Defect
0.04145099218175511,100.57977891598925,177.8665868588164,38.58813851254345,25.885804243690522,,,2353,17.765,0,No Defect
0.036149065458862935,96.6518976687047,247.93584499610216,36.21058947322313,22.23640388668657,,,2354,17.77,0,No Defect
0.0386697945554714,95.93140601306648,180.56697420784354,42.01536449572365,24.694195444981,,,2355,17.775,0,No Defect
0.03984028468369852,98.33044641238521,175.79776075299094,34.675276314657175,27.136615895724265,,Ambient temperature high,2356,17.78,0,No Defect
0.04046334548848564,98.8855886636205,191.09348476604927,48.47674892531623,22.167217372489855,,,2357,17.785,0,No Defect
0.03689761723917069,98.56396863951316,265.10785693789313,37.58668368600512,20.779942411807074,,Paste viscosity high,2358,17.79,0,No Defect
0.038896532207041395,95.50097420949604,165.1444382149753,43.996233906668266,25.049362246530148,,,2359,17.795,0,No Defect
0.03999904246188731,99.45434132562616,197.06094323048063,37.52052244552278,24.99446738229883,,,2360,17.8,0,No Defect
0.03887555556529962,96.1446810289296,181.21710816691188,45.14132386952346,23.726535237494925,,,2361,17.805,0,No Defect
0.03838035657679876,95.90506612158907,184.87918971442673,43.036302847578035,24.1088704482527,,,2362,17.810000000000002,0,No Defect
0.041408079310902755,102.14417683259171,210.36825641264292,40.56716577759042,23.292120489417957,,,2363,17.814999999999998,0,No Defect
0.03890755144822339,96.18506483300447,184.73155792417677,47.13437231343492,22.922439803740737,,,2364,17.82,0,No Defect
0.041644018049096856,103.56509210792659,221.60595409845192,35.759421617514114,24.006212277971578,,,2365,17.825,0,No Defect
0.038898814789823336,97.37163914153177,198.90107425048478,39.898600825661404,24.168614521791056,,,2366,17.83,0,No Defect
0.040038585870057215,99.40214106546448,201.69295319750537,43.85413563469935,22.84028387637016,,,2367,17.835,0,No Defect
0.041196471722246414,99.12790779874322,176.64427037353312,46.13954336900366,23.723060613083383,,,2368,17.84,0,No Defect
0.03978227956311948,100.7277924690316,213.27899683006683,29.074921630733087,26.448338776183864,,Ambient RH low; Ambient temperature high,2369,17.845,0,No Defect
0.04093716231951253,100.55940093571049,204.7409401008995,45.450429456408465,22.191823262722494,,,2370,17.85,0,No Defect
0.035348664334819355,94.38728961251508,237.63232399483,38.537620584387554,22.14765321428686,Paste volume per aperture low,Stencil thickness low,2371,17.855,0,Open Circuit
0.04084281026603189,98.71070509338827,177.48526199754713,48.31416820905749,23.01920023119739,,,2372,17.86,0,No Defect
0.037741630645022915,97.03357296377632,199.94211271039214,30.453637729396398,26.831673497441805,,Ambient temperature high,2373,17.865000000000002,0,No Defect
0.043351629528780126,102.44925499063365,173.6397576953904,44.53946872263432,24.37919891401249,,,2374,17.869999999999997,0,No Defect
0.03694930423436294,96.04714828235586,216.94267628725106,36.52975796294575,24.004737918810147,,,2375,17.875,0,No Defect
0.040166708456029904,99.05433191002071,189.63638292585938,40.130870166670356,24.652468080960666,,,2376,17.880000000000003,0,No Defect
0.041522510222055053,100.72791741826069,183.5696458130744,40.59438475699285,24.89857390572072,,,2377,17.884999999999998,0,No Defect
0.03928010114524007,101.71496623090249,240.11052643225815,29.685361930090963,24.595058966234898,,Ambient RH low,2378,17.89,0,No Defect
0.03950560412345015,98.39368961353324,199.00681845339,39.05660234234607,24.38418890791015,,,2379,17.895,0,No Defect
0.04126530035095707,98.78346515073702,149.17108059896358,35.8922263215276,28.374298981432467,,Paste viscosity low; Ambient temperature high,2380,17.9,0,No Defect
0.0451611334466125,105.35760958862768,159.18343769608916,36.95934679373888,27.4768093687571,Paste volume per aperture high,Stencil thickness high; Ambient temperature high,2381,17.905,0,Solder Bridging
0.04050742114781966,97.91599168180501,168.57679065926283,42.989389507668086,25.101260746026156,,,2382,17.91,0,No Defect
0.04051924659200488,101.06160625787399,217.71621714040518,41.990462728380116,22.373282133472486,,,2383,17.915,0,No Defect
0.041429251735057376,101.27262180439475,196.40948850050808,40.31005196600862,24.178836946912146,,,2384,17.92,0,No Defect
0.040147789611513975,103.18876440716141,250.44135650457577,33.190103849332644,22.930611190606783,,Paste viscosity high,2385,17.925,0,No Defect
0.0390163620194308,101.66265830437234,248.7047232553515,32.3532659641802,23.26601213670691,,,2386,17.93,0,No Defect
0.040522424719629746,101.08760120472336,208.0338264815972,35.40004026988849,24.885165090727288,,,2387,17.935000000000002,0,No Defect
0.041969395526034126,102.53141660149087,206.7166397807657,43.2131678985927,22.691712820331855,,,2388,17.939999999999998,0,No Defect
0.040087825957023364,100.32925133632276,200.73970313839814,32.25879356530741,26.241975047602235,,Ambient temperature high,2389,17.945,0,No Defect
0.04254839856581056,98.09041433526048,126.18519074932918,44.876364431066264,27.155023962027123,,Paste viscosity low; Ambient temperature high,2390,17.95,0,No Defect
0.03901799751945659,100.46995604906263,238.28539511097583,35.064476897676094,23.10717816575211,,,2391,17.955,0,No Defect
0.04003566830765493,99.46409086307618,191.9623133933843,34.42208331172779,26.142163590494146,,Ambient temperature high,2392,17.96,0,No Defect
0.04009293244340687,99.58084753179571,211.82575932324386,45.735949051939784,21.6159438277559,,,2393,17.965,0,No Defect
0.040525339923276574,97.71888235720465,159.80827502867407,40.40663979797452,26.366389026445823,,Ambient temperature high,2394,17.97,0,No Defect
0.03724940828402043,96.9249003641281,214.9022655636553,31.949347040469913,25.424278383562577,,,2395,17.975,0,No Defect
0.037340998704408934,96.28303452512722,196.43469704463166,28.74524986869127,27.492461018621302,,Ambient RH low; Ambient temperature high,2396,17.98,0,No Defect
0.04144143197201304,100.9240556686366,196.98092849885316,47.92379633509721,21.88371612255048,,,2397,17.985,0,No Defect
0.0389548468346936,96.14334840798308,175.62427329349026,40.412118554304975,25.373516608173798,,,2398,17.990000000000002,0,No Defect
0.0376373613053758,96.89400526631964,222.32193168416038,40.34265813730577,22.51456504854505,,,2399,17.994999999999997,0,No Defect
0.04234987837199061,98.89290579559592,141.85735304841882,46.9574035465309,25.55420164553886,,Paste viscosity low,2400,18.0,0,No Defect
0.0403610305611078,100.64014867154147,209.3856619929959,37.98066561751864,24.015371041145805,,,2401,18.005000000000003,0,No Defect
0.03877683813190531,99.3213654636936,220.61053416902976,35.240743246198974,24.10845852086892,,,2402,18.009999999999998,0,No Defect
0.03895737934950781,99.24698433522762,215.24631138103973,35.3753731720557,24.397904571738678,,,2403,18.015,0,No Defect
0.03880722359378227,98.96114682655401,223.59784383523737,40.58405649683872,22.360435025404158,,,2404,18.02,0,No Defect
0.040982652691778296,98.64894726758557,187.09880672980438,50.960747919066634,21.592235695938236,,Ambient RH high,2405,18.025,0,No Defect
0.040862659505090874,98.45813081228411,168.81624037012,43.8795401736749,24.773694081193657,,,2406,18.03,0,No Defect
0.038573226251209236,97.53766591742185,188.90899345424418,33.47548402299432,26.552702340590233,,Ambient temperature high,2407,18.035,0,No Defect
0.040653891366454274,99.85749562736127,192.3095644050531,41.79264292316189,23.933269894562525,,,2408,18.04,0,No Defect
0.04050304091262215,100.841102464595,211.80023749922827,41.15663068212043,22.919425972806792,,,2409,18.045,0,No Defect
0.04215101018663271,103.17098815623352,213.916532884627,41.966876379463244,22.56853053561,,,2410,18.05,0,No Defect
0.04047898498839662,97.77437665019195,179.9236279490857,50.06373006590458,22.27268146347666,,Ambient RH high,2411,18.055,0,No Defect
0.03884586820807716,96.20686077379092,177.56080643215623,40.83215176034048,25.096254907054288,,,2412,18.060000000000002,0,No Defect
0.04032361754575416,100.19494188415558,202.18756766686633,38.85193285474686,24.17256080174159,,,2413,18.064999999999998,0,No Defect
0.04140972901788239,101.97428200943123,207.8300509562524,38.15222785303007,24.042506524635662,,,2414,18.07,0,No Defect
0.040909848498168755,100.24213984465385,196.02215028149598,44.852295583308525,22.796174956335634,,,2415,18.075,0,No Defect
0.04251804057720565,102.00725061802518,177.16491544397692,39.65615383644552,25.484698327745214,,,2416,18.08,0,No Defect
0.04311692185878916,103.6490885877299,196.1474803216457,44.62880873602299,22.867942694645944,,,2417,18.085,0,No Defect
0.04117640118679477,98.5548779963071,164.51041963638465,44.71737209495753,24.768917309427717,,,2418,18.09,0,No Defect
0.04045642318597589,101.82017373165631,219.5289126761769,35.436013459410844,24.092736943035533,,,2419,18.095,0,No Defect
0.036729071113206745,94.69561515830719,205.04746446014107,40.06152917123912,23.597657770146718,,Stencil thickness low,2420,18.1,0,No Defect
0.03766474965327149,96.79808267560786,229.1146610243004,44.938328425967086,20.70590651701594,,,2421,18.105,0,No Defect
0.04098358403102373,101.47103334716509,204.79540342321368,37.95713777247841,24.25837469896697,,,2422,18.11,0,No Defect
0.04143880843355637,101.03400924117024,195.9825121951568,41.73248817686027,23.701659761750218,,,2423,18.115000000000002,0,No Defect
0.04189119601748762,101.11137094537645,186.12177036225364,42.90644873967969,23.963873047505317,,,2424,18.119999999999997,0,No Defect
0.03878425056533037,97.92023857907088,212.01455270463563,43.36211804274687,22.21164878094563,,,2425,18.125,0,No Defect
0.04391978541233848,103.72650198493868,169.32771583172908,40.34127606263398,25.75241781830457,,,2426,18.130000000000003,0,No Defect
0.04086822943887019,100.14063232831094,193.09760475049353,40.1059271660839,24.340000818638575,,,2427,18.134999999999998,0,No Defect
0.03768749898948456,95.36029053571909,197.62133770826432,44.145138351901416,22.849036122966936,,,2428,18.14,0,No Defect
0.04140209396529623,102.34758149773448,216.92368647080187,40.792732910275,22.676190602718716,,,2429,18.145,0,No Defect
0.035584434620766985,94.52565602694308,236.39823646495708,38.39536549456075,22.13494401957585,Paste volume per aperture low,Stencil thickness low,2430,18.15,0,Open Circuit
0.03809949254007952,97.5924637902881,221.5298641905137,39.118247653227705,22.85238329221321,,,2431,18.155,0,No Defect
0.039169728904524644,99.5604430898603,222.22642696357812,37.890333332361,23.17236445210743,,,2432,18.16,0,No Defect
0.04132475336802334,99.61916594782316,175.39648255304365,43.10672665394054,24.537263908746834,,,2433,18.165,0,No Defect
0.045049556319730136,104.93431379847142,154.91523792541508,36.75387456630328,27.676467409079237,Paste volume per aperture high,Ambient temperature high,2434,18.17,0,Solder Bridging
0.03934033323286507,95.68690413291294,158.54909770125667,40.02837095742291,26.45254015201425,,Ambient temperature high,2435,18.175,0,No Defect
0.04000107884015183,99.78384324768406,205.3871610696657,36.84600542489715,24.51127893810021,,,2436,18.18,0,No Defect
0.04384485858942566,103.78464492633378,176.21356121142838,39.656133230472804,25.508815477794116,,,2437,18.185000000000002,0,No Defect
0.04090617581885301,101.8425167241922,216.73917672782798,39.842968830782326,22.936869072516373,,,2438,18.189999999999998,0,No Defect
0.04101317668383482,99.34955233550983,180.2390871820185,42.51001139471792,24.400065061544826,,,2439,18.195,0,No Defect
0.040661797542099865,102.50526695071434,219.71583479687135,31.925722275794747,25.059508147043324,,,2440,18.2,0,No Defect
0.041517857180090746,102.09049555586513,209.56971505555975,43.04046781832836,22.43982427975031,,,2441,18.205,0,No Defect
0.03722785144040465,96.54144112413698,205.49375693996538,31.14194194784673,26.12647637334534,,Ambient temperature high,2442,18.21,0,No Defect
0.03913320657825974,97.89810030530005,198.52682487785833,39.947215384292946,23.999678949071864,,,2443,18.215,0,No Defect
0.041116583127375796,100.17712208689453,194.7544352367147,45.619389901337634,22.587836294179763,,,2444,18.22,0,No Defect
0.042670509738954754,99.94996469161904,151.65316558822053,47.97187939453434,24.553401203543388,,,2445,18.225,0,No Defect
0.0406191772345324,100.75248819609318,200.22416862227612,36.01718671177794,25.047888585139287,,,2446,18.23,0,No Defect
0.03889640676611099,101.66843078170396,249.5503099853469,30.729885906579327,23.546816689758685,,,2447,18.235,0,No Defect
0.03782649614890433,97.29767983443983,223.11056757570137,40.776457172986525,22.22532660387636,,,2448,18.240000000000002,0,No Defect
0.04589111997104213,105.57994707797556,155.8538499341834,44.14785514396043,25.42967499269631,Paste volume per aperture high,Stencil thickness high,2449,18.244999999999997,0,Solder Bridging
0.04185212950737687,99.2185859957618,176.52435048321925,55.23321758604057,20.89048740196798,,Ambient RH high,2450,18.25,0,No Defect
0.038581791159283375,99.12022387746329,235.5899584699809,38.348760642547695,22.17345004752621,,,2451,18.255000000000003,0,No Defect
0.036104905435769837,95.28434180799701,235.5112864073684,39.01710843354924,21.959119898902046,,,2452,18.259999999999998,0,No Defect
0.04029246073917325,98.69578768257468,190.0055127714892,43.0736342773702,23.598095117315587,,,2453,18.265,0,No Defect
0.035957564847896355,95.52420780376131,232.84915672549073,32.821683908056244,23.92661954036887,Paste volume per aperture low,,2454,18.27,0,Open Circuit
0.04205435938599289,101.03909460319532,182.0108783589381,44.22147055556687,23.759621660076384,,,2455,18.275,0,No Defect
0.044113609731700754,102.7134198001005,164.02982691231236,49.28291675755,23.39783084732461,Paste volume per aperture high,,2456,18.28,0,Solder Bridging
0.041213719308525666,100.88926158916321,185.75384174781325,35.27506901718182,26.1316243828897,,Ambient temperature high,2457,18.285,0,No Defect
0.039076411557193144,96.42564916813018,188.5540680687929,48.88844824933831,21.961621201304826,,,2458,18.29,0,No Defect
0.04254132909418954,101.32816594508634,169.30259336357432,40.58284774072415,25.59844553069158,,,2459,18.295,0,No Defect
0.04045417447485954,99.64215461478031,204.18862571244333,45.76147847898652,21.924932125496312,,,2460,18.3,0,No Defect
0.03863803729573034,98.96519815128096,231.4942163464051,40.82902767176341,21.672642476791975,,,2461,18.305,0,No Defect
0.0432703626178066,103.23312848843086,178.27304989443334,37.65775175108794,25.902221488031813,,,2462,18.310000000000002,0,No Defect
0.04150658734103268,103.54866474532069,228.5758251839305,39.33776069085295,22.303423911734235,,,2463,18.314999999999998,0,No Defect
0.041245670911636154,101.78102037662767,193.2256612870353,31.557798265092366,26.742308838295173,,Ambient temperature high,2464,18.32,0,No Defect
0.040548995138034075,98.0520057130887,154.38095113722198,35.23559122730482,28.04324258909417,,Ambient temperature high,2465,18.325,0,No Defect
0.038231965808634985,97.74543856575984,219.8501864236683,40.27535982869617,22.533023700986856,,,2466,18.33,0,No Defect
0.037371149837689445,96.21198792731509,217.7530307190056,40.6145870227608,22.553880261944673,,,2467,18.335,0,No Defect
0.039233082441048145,98.03768258972553,193.9937766392579,38.641342128867564,24.598836612975656,,,2468,18.34,0,No Defect
0.041700253863633345,101.30663019717417,191.0423246525642,40.22967216706254,24.337416138714126,,,2469,18.345,0,No Defect
0.038704556525395624,97.50379349715061,186.30419519459727,31.072369456686037,27.273413123084694,,Ambient temperature high,2470,18.35,0,No Defect
0.0411345566386259,99.68243223090143,181.7081525496692,42.127282155692185,24.346483392036795,,,2471,18.355,0,No Defect
0.04308054371854131,103.82504388464521,200.03211137674438,41.706562821612415,23.358388470305467,,,2472,18.36,0,No Defect
0.036625886761699845,95.53945572665377,224.52542145096504,40.0135098639716,22.29305681707144,,,2473,18.365000000000002,0,No Defect
0.04058972418273299,99.5857931429568,195.3942027815126,41.79208801202855,23.594482011268155,,,2474,18.369999999999997,0,No Defect
0.04012348250353253,99.672438587838,189.6282528243769,33.93918594262502,26.230399124528628,,Ambient temperature high,2475,18.375,0,No Defect
0.03984541306190239,102.69733139948931,244.42187073417557,29.985799851134203,24.021238537573876,,Ambient RH low,2476,18.380000000000003,0,No Defect
0.039847608548067334,98.64133919343065,184.51616867940828,35.19033925876029,26.174478881660864,,Ambient temperature high,2477,18.384999999999998,0,No Defect
0.04245740587238282,105.04785292709086,235.50916984139047,39.81142984995163,21.717087915021988,,Stencil thickness high,2478,18.39,0,No Defect
0.03968130890508863,101.644904172076,237.38295692095096,32.00963445315942,23.85636548853115,,,2479,18.395,0,No Defect
0.041514273270373575,101.83327826986039,201.1123949502395,39.89548954535988,23.785991771096718,,,2480,18.4,0,No Defect
0.04020768058758598,100.782447060394,209.95805180327324,33.67846535064319,25.049422252855177,,,2481,18.405,0,No Defect
0.04318012986637785,101.38011396161858,163.0904605848549,47.31740981124662,23.960377043824757,,,2482,18.41,0,No Defect
0.03969217166899625,98.16371630141359,192.6269282608018,43.59494196748401,23.203257438810056,,,2483,18.415,0,No Defect
0.03809005843230362,95.05832540322704,174.56244275944704,39.36705744104256,25.531249384128234,,,2484,18.42,0,No Defect
0.03878482876712547,96.98975226884899,195.28338378098152,40.721749744342176,23.87106227761113,,,2485,18.425,0,No Defect
0.042698935286225585,104.2843610965959,199.3406252230223,33.360415286163665,25.798225940623233,,,2486,18.43,0,No Defect
0.03950344489026323,99.24487646394999,208.50851094949493,38.116003606598404,23.820168348538736,,,2487,18.435000000000002,0,No Defect
0.040589216351311325,98.89421796384924,177.98301138889116,38.42141337991942,25.614055527104394,,,2488,18.439999999999998,0,No Defect
0.043924554680140185,102.00942018385132,145.83698687945633,43.01289725700716,26.264960355228055,,Paste viscosity low; Ambient temperature high,2489,18.445,0,No Defect
0.03960877186137509,100.99779164098813,235.39220373451565,36.59167499967591,22.611904895452756,,,2490,18.45,0,No Defect
0.03899471991209555,99.58103704466502,223.13001043082565,32.794756766627906,24.468382595931523,,,2491,18.455,0,No Defect
0.03692562058317531,99.4771162692087,260.62768773984544,26.589535809035052,23.956402775932226,,Paste viscosity high; Ambient RH low,2492,18.46,0,No Defect
0.039422622189189085,98.25858888708657,201.4798183913997,43.75076473941989,22.5879579035139,,,2493,18.465,0,No Defect
0.04295734270756673,100.65542314709732,158.70241897028995,47.68199956811065,24.093696003681252,,,2494,18.47,0,No Defect
0.04275275710377909,101.68939281308683,171.84993422505744,43.04179986233712,24.63666304768485,,,2495,18.475,0,No Defect
0.039526245447949734,98.59306054999381,194.33478225264997,38.1287751588719,24.662053234461887,,,2496,18.48,0,No Defect
0.039728224959835204,99.43537581260178,217.59030936411787,43.49768196073458,21.670654335172692,,,2497,18.485,0,No Defect
0.041401340034150566,100.85216049853953,184.18448938024218,35.47439106138071,26.076274140580757,,Ambient temperature high,2498,18.490000000000002,0,No Defect
0.03891449064786352,99.55965973673975,232.1128890657423,38.41142569418521,22.25369328997708,,,2499,18.494999999999997,0,No Defect
0.041021579895200846,98.75741941910957,166.28178379413876,40.17635522019249,25.792768194559404,,,2500,18.5,0,No Defect
0.042340633940448964,101.59523886916794,179.06697085067566,39.00785783296165,25.359260393840074,,,2501,18.505000000000003,0,No Defect
0.038439024547729524,97.87804563440375,211.6643600987674,37.83535661317145,23.66221416186728,,,2502,18.509999999999998,0,No Defect
0.03988213473856575,99.87228350671884,225.6719095215687,46.93265665627367,20.156629727825088,,,2503,18.515,0,No Defect
0.0400063966624609,98.47869137465882,182.58299363844637,37.51476338280465,25.55089706156154,,,2504,18.52,0,No Defect
0.04130687594697293,98.95769261437144,177.88104922065776,50.24168904208306,22.128858946241007,,Ambient RH high,2505,18.525,0,No Defect
0.04000063729080019,98.4222726103697,190.6223393364152,44.058858549681986,23.13832591732115,,,2506,18.53,0,No Defect
0.03693288918168328,97.24654858716814,239.7221946419059,34.108043126317426,23.010425753670674,,,2507,18.535,0,No Defect
0.03828160844702195,96.45086632060932,196.01400822444782,38.73713957029069,24.346071110476174,,,2508,18.54,0,No Defect
0.038483510858280036,97.39575475499979,208.0148113097718,39.13304313490009,23.49376985244466,,,2509,18.545,0,No Defect
0.04101628366079069,97.88227187661143,163.81031999403626,48.450276873996685,23.500702368955082,,,2510,18.55,0,No Defect
0.03700928632103983,96.27557246738871,222.7089610689672,35.08964338394751,23.758289667141387,,,2511,18.555,0,No Defect
0.03982487425659102,98.72716982410796,193.64304508080008,38.93520542570938,24.43577672572855,,,2512,18.560000000000002,0,No Defect
0.039130266149547455,99.18210719079998,214.89346252513909,33.97140058495013,24.57760042442419,,,2513,18.564999999999998,0,No Defect
0.03785945510971718,97.51125536575678,223.84788501742435,35.66944975632485,23.52013014675112,,,2514,18.57,0,No Defect
0.037775390481477884,99.36543862791851,248.04764322556278,31.064796406925005,23.375688121805414,,,2515,18.575,0,No Defect
0.04069626473422002,99.35675754294951,186.12688924727948,43.79310983891852,23.47142535038284,,,2516,18.58,0,No Defect
0.04011993848857364,101.49797309903927,229.77228521786364,34.69741399437318,23.451078469925474,,,2517,18.585,0,No Defect
0.03767374654361484,99.0321355364018,240.23956401989363,34.476160926772586,22.839319398467858,,,2518,18.59,0,No Defect
0.03840660516773897,97.68229616872897,217.79105583672182,41.84071060428523,22.07585918780897,,,2519,18.595,0,No Defect
0.04250458480664259,101.56313115526491,175.98181827630705,41.40995563559806,24.799248498215416,,,2520,18.6,0,No Defect
0.04073043987082665,100.41040122080555,206.02005744198752,39.90619838165499,23.383812379270896,,,2521,18.605,0,No Defect
0.04043718433690678,102.18376590277438,219.65904334838592,32.41606360841256,24.71902891666799,,,2522,18.61,0,No Defect
0.040978083225007775,102.734133426144,230.53284553822664,38.64011387037459,22.240357370006272,,,2523,18.615000000000002,0,No Defect
0.03903294074035135,98.23059836129836,201.65653342043794,36.47350604808605,24.62709502531954,,,2524,18.619999999999997,0,No Defect
0.04085817052838734,99.91418565736404,188.6647918453453,40.45167033409406,24.274152934967503,,,2525,18.625,0,No Defect
0.04385895096293575,102.94130733362208,167.72272842858905,42.77797777434042,24.904297803932852,,,2526,18.630000000000003,0,No Defect
0.04277421522829704,103.56501674933068,206.0787049552988,43.73792669567887,22.25637307210413,,,2527,18.634999999999998,0,No Defect
0.03709936475472554,96.03477300547098,216.1745543891501,37.97779998177817,23.269361447971157,,,2528,18.64,0,No Defect
0.043224966507566104,104.2561002055697,196.64838889221903,36.039263707479584,25.086953059960468,,,2529,18.645,0,No Defect
0.04271906002030501,99.90155771552162,162.48199312985992,52.78609058854329,22.281911609353386,,Ambient RH high,2530,18.65,0,No Defect
0.04322991048677645,104.47996797136456,207.44910428343272,42.534651945478046,22.517560044068865,,,2531,18.655,0,No Defect
0.039199799912705724,98.3494525660791,198.5317772790089,35.69848223449757,25.027452052803735,,,2532,18.66,0,No Defect
0.03872925392912694,98.16602609538087,210.07509235517756,37.74810681193938,23.712716117901106,,,2533,18.665,0,No Defect
0.03977326626514702,99.2008482816531,202.17515860181527,38.05161082680126,24.11635914594873,,,2534,18.67,0,No Defect
0.04071303014546332,100.91379791456595,211.22967159229026,42.01036157656361,22.407257644415008,,,2535,18.675,0,No Defect
0.04095746432912301,100.41943073529792,200.80235648626825,40.831132834784825,23.397572314986242,,,2536,18.68,0,No Defect
0.04317413735263326,98.70715570416066,125.18124863360379,51.89109169730301,24.815232639445398,,Paste viscosity low; Ambient RH high,2537,18.685000000000002,0,No Defect
0.03918989158235424,98.61049649968486,206.2391240419975,37.53876879303416,24.00173364289028,,,2538,18.689999999999998,0,No Defect
0.04221758500778169,103.57796319481938,211.12566814974167,35.9272121463121,24.197954210641473,,,2539,18.695,0,No Defect
0.03963198348685409,99.61493164601889,205.87254465050722,33.56918047438561,25.183657613438044,,,2540,18.7,0,No Defect
0.04187801766878313,100.16741963598244,163.76235334540573,43.79314892080168,24.786679853474936,,,2541,18.705,0,No Defect
0.03946593559979536,99.99250765404345,220.7561980547476,37.600228308582416,23.083474862300942,,,2542,18.71,0,No Defect
0.040182563238913976,99.23307316550736,186.0551742451988,38.179321787411865,25.043152510117203,,,2543,18.715,0,No Defect
0.037279663137554445,96.1812613135717,209.42682011928963,34.204328663446674,24.74966795282318,,,2544,18.72,0,No Defect
0.041990817818727495,102.43193979151022,199.29139941490317,38.82977131352364,24.056057804741112,,,2545,18.725,0,No Defect
0.036484050711337965,96.55981107852243,227.79216480026022,32.15280877670141,24.205110240943554,,,2546,18.73,0,No Defect
0.03963021026382653,97.69215780865879,182.73570936149318,42.77901588447296,23.888934292339478,,,2547,18.735,0,No Defect
0.03690126510133086,98.37613960744505,262.3479208825078,35.86251687546039,21.007496127362028,,Paste viscosity high,2548,18.740000000000002,0,No Defect
0.039970108657796405,102.14579361513483,234.5351145412417,31.60760702074919,23.97619791186699,,,2549,18.744999999999997,0,No Defect
0.0371336139270239,99.63814932650672,257.6748630856307,26.574268318782764,24.000800160395876,,Paste viscosity high; Ambient RH low,2550,18.75,0,No Defect
0.03920177391221115,99.04845482963906,208.7305459756157,35.819396737089235,24.317235596937053,,,2551,18.755000000000003,0,No Defect
0.04232041214352868,103.57544097682833,205.88770939670007,36.65204369729332,24.27235145051899,,,2552,18.759999999999998,0,No Defect
0.041238830523564335,100.47100200927935,192.27866054841635,41.662289911570284,23.63436023739862,,,2553,18.765,0,No Defect
0.04259615687200189,102.77492986815622,198.44150776357796,44.398762247425935,22.463359855163755,,,2554,18.77,0,No Defect
0.04063772200313376,98.21781007493456,182.19782725791183,44.49279326311192,23.423564097307093,,,2555,18.775,0,No Defect
0.04228203498595009,99.44221486030553,157.96391516760073,47.00829546789337,24.180637297382923,,,2556,18.78,0,No Defect
0.04189208342395452,101.39568433518824,175.2864875142144,33.160795630838244,27.155315164696287,,Ambient temperature high,2557,18.785,0,No Defect
0.04089798106937229,102.72745074241786,240.55716324461392,41.20257407684373,20.792551769616402,,,2558,18.79,0,No Defect
0.04004896455431994,97.80914088154417,175.63663536829313,37.61963589407042,25.81612240277027,,,2559,18.795,0,No Defect
0.04318986369147491,100.86855167700973,153.7087197695114,45.883555101273814,24.7651229547088,,,2560,18.8,0,No Defect
0.0364894220687174,95.37807354156573,219.99073171051322,35.07101711454029,23.801175261450712,,,2561,18.805,0,No Defect
0.042859343830809256,101.60541095863559,173.46184046296167,45.65636547525646,23.610571604577892,,,2562,18.810000000000002,0,No Defect
0.038771022067688427,98.11718858719362,215.12238609731298,38.7010128587829,23.05544301126043,,,2563,18.814999999999998,0,No Defect
0.042863482764972774,100.97764438068452,165.0941409115535,46.86119712203938,23.76739428496232,,,2564,18.82,0,No Defect
0.040963330283908465,100.40704817418998,185.6170187978996,36.14521979532633,25.61935699248907,,,2565,18.825,0,No Defect
0.041878605770659647,100.06853791537996,171.06396959688763,45.381974295195675,23.818184420438357,,,2566,18.83,0,No Defect
0.037840822213219785,95.51541182472084,191.50831000927698,39.05055858063951,24.38023756627199,,,2567,18.835,0,No Defect
0.038313615794507795,95.75845272464346,191.0977377756429,42.28315025872629,23.46469501890577,,,2568,18.84,0,No Defect
0.04007321511037255,101.99123003396925,227.8959106921037,28.55020428714203,25.231527461967588,,Ambient RH low,2569,18.845,0,No Defect
0.042378512869236426,104.20738097600413,212.05039173030488,34.14758076386662,24.58247668453747,,,2570,18.85,0,No Defect
0.0363763343934371,96.64900708886202,243.5170028182106,34.635880596159325,22.458283247886694,,,2571,18.855,0,No Defect
0.043280262704338275,101.71559744033401,168.80013652063448,44.99376924654473,24.0741836809715,,,2572,18.86,0,No Defect
0.04058281098055012,100.2645470458619,203.31774759757383,40.89524562277429,23.124089700960088,,,2573,18.865000000000002,0,No Defect
0.040394787254843745,99.75542843116651,200.96390884257042,41.00406901417889,23.23383230917446,,,2574,18.869999999999997,0,No Defect
0.03736411978040227,93.23079659681295,180.8646418204577,47.53745495969625,22.530834114499974,,Stencil thickness low,2575,18.875,0,No Defect
0.040613645276779804,96.59989361523958,144.87336151228826,43.646189064349024,25.899356698430896,,Paste viscosity low,2576,18.880000000000003,0,No Defect
0.03955445612426432,99.29537966502734,210.92226368376336,38.62305175474032,23.303683801530116,,,2577,18.884999999999998,0,No Defect
0.04196423115849206,100.50300374208202,166.99434451453646,37.804361070104804,26.256068273921827,,Ambient temperature high,2578,18.89,0,No Defect
0.041988217317459144,101.10908124228018,182.7991356027526,39.99132044160718,24.64731999780878,,,2579,18.895,0,No Defect
0.038695956814254834,97.73036974300499,218.32539570267352,44.65214818029942,21.07436082624529,,,2580,18.9,0,No Defect
0.03646060258934433,95.54846532635717,216.8433522908118,32.942035241969094,24.562587410795693,,,2581,18.905,0,No Defect
0.04033080476801963,98.4519902064787,195.53399717580123,52.34475314948553,20.22857751059826,,Ambient RH high,2582,18.91,0,No Defect
0.04070615370062826,100.03315257639798,194.7953656869507,38.46688222588506,24.335104732745485,,,2583,18.915,0,No Defect
0.037728563566021625,97.51769134325826,221.68786672145043,30.96487660846706,24.853873582267923,,,2584,18.92,0,No Defect
0.03992346928472076,101.1237556988773,230.50249190626513,35.223188268294734,23.082314506850285,,,2585,18.925,0,No Defect
0.038560901970585315,96.80128019789126,204.90156301021028,43.48522172458635,22.22355541620467,,,2586,18.93,0,No Defect
0.03735005167499302,97.97685582038412,244.69052728879893,33.946825759337585,22.560545374712337,,,2587,18.935000000000002,0,No Defect
0.04018693689189585,99.95133368564697,200.39489962357317,37.80471935835067,24.162521897443394,,,2588,18.939999999999998,0,No Defect
0.041664361287522586,102.07042657473849,197.13629049555217,38.77656839941641,24.086074561799766,,,2589,18.945,0,No Defect
0.041307924511593014,98.18944705149363,174.20159086638662,51.59973461977584,21.753111589389682,,Ambient RH high,2590,18.95,0,No Defect
0.038010244659619136,96.2550136601479,208.09169954784286,43.73436822882311,21.93537877204171,,,2591,18.955,0,No Defect
0.042181176628572827,102.9208060037019,198.03251659425365,38.291859214163914,24.170192146982863,,,2592,18.96,0,No Defect
0.03875032174649072,98.64077405588198,213.09287796586423,34.608619156575806,24.295277079190527,,,2593,18.965,0,No Defect
0.039625811609923414,100.04534481377561,218.06919176666156,36.65985490393188,23.39587863594287,,,2594,18.97,0,No Defect
0.041581540850634084,101.92972134244704,195.82034293834357,36.19153683243467,24.909483423266146,,,2595,18.975,0,No Defect
0.03743689707568422,96.49829166503912,211.50330950846813,35.31061265878271,24.168386498732385,,,2596,18.98,0,No Defect
0.03619434223305076,94.11963876213325,201.62809114485157,32.52473381732173,25.578185762705125,,Stencil thickness low,2597,18.985,0,No Defect
0.03951537219185973,97.79644455961808,200.93672296778135,42.545566674049944,22.724578817272832,,,2598,18.990000000000002,0,No Defect
0.038911307470356454,97.95953701940238,202.90491401964766,39.29998540169503,23.533461142501466,,,2599,18.994999999999997,0,No Defect
0.040023475239504655,99.97914504495002,199.08144101681887,31.651012273717477,26.01363388729351,,Ambient temperature high,2600,19.0,0,No Defect
0.038226481054808845,96.1660895860355,194.40044140276643,40.1030932584068,23.812546573327683,,,2601,19.005000000000003,0,No Defect
0.04215708211339247,99.82079935662915,154.61051412021047,43.639786733927195,25.246095745502465,,,2602,19.009999999999998,0,No Defect
0.03737789673769121,93.9253090200403,192.15227673006027,45.458309225604516,22.37814732341443,,Stencil thickness low,2603,19.015,0,No Defect
0.03968156266395881,100.36204869482214,221.65123672928607,39.241139885251286,22.39218227315733,,,2604,19.02,0,No Defect
0.04212379571343566,102.49062287531952,200.00326861392816,39.06768185118281,23.79545762879461,,,2605,19.025,0,No Defect
0.041020306122746916,99.31858667109081,181.87115120859633,45.08270156429757,23.13558068831531,,,2606,19.03,0,No Defect
0.041708920636945125,103.66112280501879,220.3544850975759,35.20202193229908,23.66371682368979,,,2607,19.035,0,No Defect
0.038207142398709745,96.63505371839578,216.03707252212968,44.109230628409044,21.30264337159339,,,2608,19.04,0,No Defect
0.043056288635219854,104.0063972517467,204.2102426192864,41.31123238241414,22.878399035927444,,,2609,19.045,0,No Defect
0.040563957807870095,102.08891091070672,229.4305371714983,39.75838973610794,21.75637997084316,,,2610,19.05,0,No Defect
0.039960634298983874,98.55378222442873,185.04524415003533,37.095140430009835,25.25500227781345,,,2611,19.055,0,No Defect
0.041048572030492725,103.45783487465093,239.33449280071002,37.95297085999043,21.67745433360815,,,2612,19.060000000000002,0,No Defect
0.04335646865735062,106.1060602999543,226.98489847307775,37.15849245116035,22.688482020147887,,Stencil thickness high,2613,19.064999999999998,0,No Defect
0.04056392866355851,100.39892098425622,209.9383630652181,42.32575410528206,22.19698440281269,,,2614,19.07,0,No Defect
0.03872746759572548,98.47906283182057,230.8968744139667,45.20471668166374,20.0524602073889,,,2615,19.075,0,No Defect
0.04205935316417638,100.64970430388962,173.3171337535291,40.608379558503096,24.95451665289594,,,2616,19.08,0,No Defect
0.039155898311629765,100.11675356539521,227.48249101086412,32.765825314432696,23.895923810617724,,,2617,19.085,0,No Defect
0.03909715338668141,98.47397481086523,213.1331763548664,38.551989368502724,23.0849945100092,,,2618,19.09,0,No Defect
0.04127437379879714,102.75790587228,217.11935999147457,34.61957955734076,23.999830363990895,,,2619,19.095,0,No Defect
0.04052783320176185,97.48847302493309,167.3327846716882,43.30642337956266,24.51346266236998,,,2620,19.1,0,No Defect
0.03574224830987948,92.1078800891726,200.4744280641438,42.79255473666938,22.58761733058389,Paste volume per aperture low,Stencil thickness low,2621,19.105,0,Open Circuit
0.04254196195544467,102.17478706436172,193.61194166342085,44.65301686790123,22.5161780156476,,,2622,19.11,0,No Defect
0.038790843506403654,100.55064359863992,244.03846670729672,31.049659761383314,23.365524250894378,,,2623,19.115000000000002,0,No Defect
0.04062959217307621,98.1914911610385,167.40665107699704,40.57462753858356,25.29314866393152,,,2624,19.119999999999997,0,No Defect
0.035058147137904706,95.77967817700393,255.16963395267953,27.872166100047725,23.57451396976398,Paste volume per aperture low,Paste viscosity high; Ambient RH low,2625,19.125,0,Open Circuit
0.039952759010102756,100.9161576747611,228.09737559188557,37.87913315280667,22.34696274443096,,,2626,19.130000000000003,0,No Defect
0.04096552834773346,99.48155294108163,178.28098201552797,40.177747265705015,24.735343318497232,,,2627,19.134999999999998,0,No Defect
0.040067142446659224,100.8382065401495,220.75138428258043,36.49511348987134,23.1972690855574,,,2628,19.14,0,No Defect
0.040861571623425,100.52135193376594,206.96346068937504,42.25261673025418,22.367778835956546,,,2629,19.145,0,No Defect
0.041584443538003085,101.09644252911346,186.70876078676477,39.67218024953529,24.361403743741025,,,2630,19.15,0,No Defect
0.041568736573482874,98.80225656784762,175.8909991362431,49.880992093187686,22.050083815192377,,,2631,19.155,0,No Defect
0.03983671389037007,98.41859837160007,195.1228550314574,42.40006644090335,23.03185525165133,,,2632,19.16,0,No Defect
0.03836825077199996,98.47490183723066,213.38100428030134,29.5734695183007,25.644969172892544,,Ambient RH low,2633,19.165,0,No Defect
0.038063767866406424,98.91727287034676,233.72604470501494,33.13503027953342,23.3496005801965,,,2634,19.17,0,No Defect
0.04225815395873916,101.08579718619927,192.9840193047073,49.17334611734642,21.200952524605473,,,2635,19.175,0,No Defect
0.040490606112894865,97.93452526518575,171.53877938360404,43.08109814946682,24.275841906693604,,,2636,19.18,0,No Defect
0.0448823678922326,102.74890107653144,154.48208260563842,53.148978548678826,22.413910854799195,Paste volume per aperture high,Ambient RH high,2637,19.185000000000002,0,Solder Bridging
0.03826939758698831,96.2430366603214,193.84280810740285,36.10831261417613,24.92554430685871,,,2638,19.189999999999998,0,No Defect
0.03703473117473917,98.18090797094108,254.05584912570384,35.946571320460734,21.26027718646349,,Paste viscosity high,2639,19.195,0,No Defect
0.040333970813817066,101.65021483184265,222.73222308009687,34.10702526417994,23.74403988959302,,,2640,19.2,0,No Defect
0.037357300094626594,101.12898072580893,282.8970989092681,28.235263916009053,21.741371498779568,,Paste viscosity high; Ambient RH low,2641,19.205,0,No Defect
0.041830105568192326,101.00861941593749,187.86441058361473,40.32331903795151,24.07932767866001,,,2642,19.21,0,No Defect
0.04103453060752627,100.82142668198118,209.83395677436778,43.90124724684274,21.67483232549444,,,2643,19.215,0,No Defect
0.042113685964404596,103.38835131138023,219.48672469172263,41.007367089293155,21.933650840254252,,,2644,19.22,0,No Defect
0.04685855137648099,106.14785106072124,141.20123431677308,41.964064117024456,26.492423355664354,Paste volume per aperture high,Stencil thickness high; Paste viscosity low; Ambient temperature high,2645,19.225,0,Solder Bridging
0.036790049525619,96.16356597810001,230.38563762584738,39.33610087451829,21.700782314605444,,,2646,19.23,0,No Defect
0.04172935375583153,97.59981590945281,149.656552057809,52.436941962202035,22.867332168927934,,Paste viscosity low; Ambient RH high,2647,19.235,0,No Defect
0.036539187178842275,94.49069251568807,202.14356406551366,31.651754598614602,25.678427108456415,,Stencil thickness low,2648,19.240000000000002,0,No Defect
0.03840418580645277,101.46012867562804,264.04025098922693,31.677299350240972,21.87797305697843,,Paste viscosity high,2649,19.244999999999997,0,No Defect
0.03893970790924125,98.1995924823802,203.53472890773944,34.81968371839264,24.678138933438788,,,2650,19.25,0,No Defect
0.03953213420244356,101.42968783610996,243.79494570625116,35.97985283237749,21.869899305886662,,,2651,19.255000000000003,0,No Defect
0.041225383255265,100.21256996872631,186.7864052892191,40.727363271156975,23.992508636181682,,,2652,19.259999999999998,0,No Defect
0.042252716286146,101.00210894318843,183.5525745929076,45.60400960438153,22.77401901564523,,,2653,19.265,0,No Defect
0.03905285236777574,97.89063247662264,212.99045944584407,44.241899208469455,21.337170077727542,,,2654,19.27,0,No Defect
0.03710525615770434,95.75125840807038,213.89963937592157,35.722176965046074,23.752597788341664,,,2655,19.275,0,No Defect
0.03914154399588992,98.36998450549153,208.96924306098643,37.92482170955118,23.42609639700338,,,2656,19.28,0,No Defect
0.040154765047654965,101.03925981036676,224.64010721429133,36.670552383659285,22.83576933239858,,,2657,19.285,0,No Defect
0.043415461517697346,103.89610104926061,196.64168381647065,43.986531260123066,22.437274186041154,,,2658,19.29,0,No Defect
0.04215148271615854,102.10636848312292,202.8004970426402,42.944866436863286,22.355802474407657,,,2659,19.295,0,No Defect
0.04031423076616524,99.52124679978817,195.15931125108435,39.39454779017661,23.838371006474954,,,2660,19.3,0,No Defect
0.03893034157164126,97.30593290135715,186.6556764643656,36.62049933466642,25.154218974356688,,,2661,19.305,0,No Defect
0.038823194558222925,99.28846601743439,231.8664417945987,36.73811285619323,22.350536160370087,,,2662,19.310000000000002,0,No Defect
0.04057963068669517,103.1820896008671,245.7422148901204,34.98141780673504,22.021071554288884,,,2663,19.314999999999998,0,No Defect
0.038511354728679004,96.372580934789,204.24626079487217,45.53629643817948,21.4658095321134,,,2664,19.32,0,No Defect
0.04302881776231575,98.58693891337417,138.40854889385466,54.80980183400703,22.83044758937759,,Paste viscosity low; Ambient RH high,2665,19.325,0,No Defect
0.03834301709150976,96.30833647705634,200.69257015041566,45.320366599370125,21.733903157460926,,,2666,19.33,0,No Defect
0.04253131542229856,101.33924192171119,172.72567079395807,40.243995370589985,24.97038031156164,,,2667,19.335,0,No Defect
0.0358939978535643,93.90357410317576,212.37044951684072,35.38639684458608,23.899487318118194,Paste volume per aperture low,Stencil thickness low,2668,19.34,0,Open Circuit
0.04072497894589622,99.79735690609773,190.09567679896307,36.16322402686899,25.079761297663957,,,2669,19.345,0,No Defect
0.03805489157490568,97.8491905290801,230.58787297336215,40.885396729919385,21.18611793594696,,,2670,19.35,0,No Defect
0.039732920085678275,98.04267622776635,186.14729780231795,36.60047448967987,25.17999029692684,,,2671,19.355,0,No Defect
0.039650540707502784,96.87210759023051,171.53375882191395,39.240411147521314,25.30075738500544,,,2672,19.36,0,No Defect
0.04213516309226095,100.70311788426987,160.84165560410418,35.35864999320569,27.105013584399483,,Ambient temperature high,2673,19.365000000000002,0,No Defect
0.039550111626017924,97.69858454357559,192.23196724865073,42.187738447770194,23.162470249431507,,,2674,19.369999999999997,0,No Defect
0.04082537062302122,99.26898118793311,181.60542724078897,42.38526770452324,23.760627542264125,,,2675,19.375,0,No Defect
0.04165406827647751,102.58174315436385,216.06625896514743,41.31676914436919,21.964142186928076,,,2676,19.380000000000003,0,No Defect
0.040408351232489925,99.22100983431167,205.11083574034586,48.05611699663602,20.656410866178017,,,2677,19.384999999999998,0,No Defect
0.04074566772901279,100.08311009568118,200.9836960686422,40.51693713890865,23.1155237643131,,,2678,19.39,0,No Defect
0.03954364870102536,99.05279837801419,204.03263674432935,35.3588690508429,24.42075302063787,,,2679,19.395,0,No Defect
0.037896680884512784,95.51402570769704,195.7232780282988,39.3049324110483,23.763356609861578,,,2680,19.4,0,No Defect
0.04021017432551472,97.03421234071828,160.7770486853922,43.98279377522135,24.549573859297904,,,2681,19.405,0,No Defect
0.03850671426385115,98.21702303847903,223.77917252988493,40.4236669412801,21.710950378289667,,,2682,19.41,0,No Defect
0.04195320341736476,97.97404029166036,136.45836553905147,44.747751401254206,25.83170483876766,,Paste viscosity low,2683,19.415,0,No Defect
0.03817624119840736,97.64634082279194,214.61241924417266,34.6720016435569,23.947659944040836,,,2684,19.42,0,No Defect
0.041818068614040235,99.39996035419048,158.56706460955192,40.74424098946324,25.63957195602642,,,2685,19.425,0,No Defect
0.03868406287847442,99.32449856529966,233.4870295289972,37.226291286502324,22.04146363334725,,,2686,19.43,0,No Defect
0.04233483008897813,97.17824566378191,131.14607803517828,55.05785162925221,23.138728105642603,,Paste viscosity low; Ambient RH high,2687,19.435000000000002,0,No Defect
0.04254609158758506,101.52648255363985,179.92434686976787,43.69946757841852,23.463058599997233,,,2688,19.439999999999998,0,No Defect
0.04268915420510674,102.81551298988148,187.40720904574232,37.97149090106126,24.67512251632936,,,2689,19.445,0,No Defect
0.04164439681916885,100.92865496483019,182.44402693653868,37.64166675189533,25.065044763811,,,2690,19.45,0,No Defect
0.04030246465448795,98.08602430488614,180.50789742254364,43.98423945468373,23.317351294442005,,,2691,19.455,0,No Defect
0.03921814019932573,98.59558186976166,214.97017512640005,39.43022063734179,22.52668540179528,,,2692,19.46,0,No Defect
0.04263536229825711,102.56641680134481,192.11460166152236,42.31795093748151,23.105576462234048,,,2693,19.465,0,No Defect
0.041507362749099226,97.53915281513589,136.5958363405849,43.63769878193882,26.112961798792295,,Paste viscosity low; Ambient temperature high,2694,19.47,0,No Defect
0.04080316280649064,99.34352555232276,179.7348109298935,38.96461104209855,24.82465631765127,,,2695,19.475,0,No Defect
0.044221134845663757,102.34982564586409,165.65857983967535,51.99674792998421,21.908747832899703,Paste volume per aperture high,Ambient RH high,2696,19.48,0,Solder Bridging
0.04159866316910572,101.5142234417711,199.63294862338657,40.60183721840268,23.12772195610326,,,2697,19.485,0,No Defect
0.03834824984177351,98.554761930612,226.27699153160236,35.04234937172896,23.088685781683246,,,2698,19.490000000000002,0,No Defect
0.04053063320082309,97.45022683973566,176.15966799892968,49.408677705704605,21.983485094555686,,,2699,19.494999999999997,0,No Defect
0.04086178378839589,100.28053485142368,203.7188935021387,43.64815199200652,21.973525231316728,,,2700,19.5,0,No Defect
0.042702275597794895,103.09053150230744,196.33990412002984,38.32123361939602,23.997567370459414,,,2701,19.505000000000003,0,No Defect
0.03952450261389191,97.87665286113456,181.69352015841298,35.32272382866079,25.73920807642439,,,2702,19.509999999999998,0,No Defect
0.03696944738038862,96.71195476579248,228.5496786384491,37.23994421996781,22.276362024015572,,,2703,19.515,0,No Defect
0.03912952063148808,96.87695978818715,197.9211075347842,45.513575152159646,21.762876921279165,,,2704,19.52,0,No Defect
0.041414060614150865,98.40082528443412,165.78710528428712,50.22804966811945,22.367495432700917,,Ambient RH high,2705,19.525,0,No Defect
0.0412759325164945,101.63936713306072,220.1067701944605,46.418936285970446,20.145535551648702,,,2706,19.53,0,No Defect
0.04180797534662452,99.53465766201599,173.89740458082636,45.931857359640155,23.12955426316461,,,2707,19.535,0,No Defect
0.033834219007753845,93.49509471759305,250.15869019535887,31.244049322075515,22.66738419291201,Paste volume per aperture low,Stencil thickness low; Paste viscosity high,2708,19.54,0,Open Circuit
0.04224843124232885,99.67627971641885,168.42386075928715,52.154444720873045,21.638867029537163,,Ambient RH high,2709,19.545,0,No Defect
0.04158086637613694,100.88887036828238,187.76821517649782,40.48604631258031,23.853989820085992,,,2710,19.55,0,No Defect
0.0391644007606982,95.55961008553876,165.44994363825384,42.7267677510699,24.547248112572742,,,2711,19.555,0,No Defect
0.0401018382366166,99.40960501739642,189.30788905227755,32.5859398068351,26.05157181259058,,Ambient temperature high,2712,19.560000000000002,0,No Defect
0.03868174022723764,98.63318943650167,216.00428447773447,32.968554968073924,24.289182545614416,,,2713,19.564999999999998,0,No Defect
0.03941169098564635,96.8292426916414,182.97230989996305,41.523265421536486,23.822298855952358,,,2714,19.57,0,No Defect
0.039710597657809654,101.26930631267697,239.5818142117737,33.9649104574391,22.558600617885972,,,2715,19.575,0,No Defect
0.0401104277782974,97.76284097556774,159.27956649609536,34.44219952453152,27.336514787156776,,Ambient temperature high,2716,19.58,0,No Defect
0.041042064724558604,99.17720073745265,182.85645158655876,43.465062538447604,23.267156692413383,,,2717,19.585,0,No Defect
0.03815863744731136,99.48116239160534,233.49278575142253,29.7409261448603,24.136501428474844,,Ambient RH low,2718,19.59,0,No Defect
0.03902096174391965,98.31703552779724,215.98194316776045,42.81736403270781,21.397553455983093,,,2719,19.595,0,No Defect
0.03821841809496575,97.34663608216415,227.4742215518673,45.97006311822227,19.763486955140262,,Ambient temperature low,2720,19.6,0,No Defect
0.04159154353609092,101.68379259506725,210.35865429203733,43.09494860343621,21.68167123888177,,,2721,19.605,0,No Defect
0.04013802170047819,97.95292373018381,174.91416674740634,37.931429600798964,25.349307891177833,,,2722,19.61,0,No Defect
0.04027227826518124,99.85641115353313,196.6044667457216,32.49810485748216,25.606389242003853,,,2723,19.615000000000002,0,No Defect
0.04287669753230537,102.41737633501573,189.27752687586565,45.29525945485431,22.331628859304082,,,2724,19.619999999999997,0,No Defect
0.04277622682992831,100.86446018490821,176.17523485025276,50.41707043598559,21.63763572346496,,Ambient RH high,2725,19.625,0,No Defect
0.03850382168713691,94.86344490762808,183.40056483049017,47.57474313134857,21.98867341947564,,Stencil thickness low,2726,19.630000000000003,0,No Defect
0.040751573804377585,98.98211970527487,172.91692161029857,39.57891548242528,24.976311283789276,,,2727,19.634999999999998,0,No Defect
0.0394130746891334,97.84985628036796,185.6127085439595,33.512618718010174,25.963087902501474,,,2728,19.64,0,No Defect
0.039052133314735143,98.12066383515361,193.1118711138335,30.016278635657944,26.518227855143966,,Ambient temperature high,2729,19.645,0,No Defect
0.040755503979720865,102.42089141064407,239.33094722808556,40.00668648918743,20.775380313172843,,,2730,19.65,0,No Defect
0.03936672567188665,101.4840557877477,254.556101123396,37.4491111099932,20.573313497197862,,Paste viscosity high,2731,19.655,0,No Defect
0.042890008353980394,102.79085352372253,200.95411273736056,43.9058356963783,22.00819740442256,,,2732,19.66,0,No Defect
0.03896902047361112,100.63658766080557,254.334644008453,39.071430487048836,20.105338151697453,,Paste viscosity high,2733,19.665,0,No Defect
0.04356660887589625,102.70699387855949,192.08546225125843,52.25235333711222,20.11022573012693,,Ambient RH high,2734,19.67,0,No Defect
0.041731929623820885,100.229329376647,180.3510181789724,45.18737386058986,22.870991056650038,,,2735,19.675,0,No Defect
0.03660960334434761,96.19023796818752,228.1229646611824,33.917944389740796,23.188344708772053,,,2736,19.68,0,No Defect
0.04294311413144099,103.3311621763246,203.87413070312687,43.46065980411121,21.942303674393948,,,2737,19.685000000000002,0,No Defect
0.04393732189474366,101.92830485759184,169.0605972056705,51.88135896987386,21.624647742142894,,Ambient RH high,2738,19.689999999999998,0,No Defect
0.04059246398280589,100.69179446432292,216.49021227109614,40.39137509134475,22.041207934088376,,,2739,19.695,0,No Defect
0.03862874482140687,95.4186082420173,173.61645451847392,38.62177839925894,25.16849968517719,,,2740,19.7,0,No Defect
0.04230467276866037,99.11573898762097,155.2389721820433,46.513527661800616,24.020031360026216,,,2741,19.705,0,No Defect
0.03875440618502208,96.1990006787508,193.78815843173777,43.67075242454747,22.452883958566023,,,2742,19.71,0,No Defect
0.03555954892672588,96.0029413425757,258.55055994886135,35.11441502395341,20.94853322622964,Paste volume per aperture low,Paste viscosity high,2743,19.715,0,Open Circuit
0.042418995974359656,100.4381504990598,165.00928172673795,46.241698468539965,23.483772098989032,,,2744,19.72,0,No Defect
0.041484578029110604,101.34670867257735,202.93403700102303,41.73154850526771,22.469576920993394,,,2745,19.725,0,No Defect
0.040543939110186306,99.48386293548604,205.5556159300359,44.19076867118049,21.585154820089823,,,2746,19.73,0,No Defect
0.0416448597712817,101.70951136077876,209.63820319359286,43.50963304875473,21.536448107561824,,,2747,19.735,0,No Defect
0.039855399280916116,97.38383466411355,175.82500535481313,38.53234711530475,25.049377819742695,,,2748,19.740000000000002,0,No Defect
0.03880662552030572,94.25366152952505,165.82413560435623,51.11863055181931,21.96862096328117,,Stencil thickness low; Ambient RH high,2749,19.744999999999997,0,No Defect
0.0395941088604281,98.52614588757478,198.97275697591786,38.37712150871014,23.664028933090442,,,2750,19.75,0,No Defect
0.03831772398054962,99.85723683765487,236.25443344402288,29.013670035632423,24.095986545897528,,Ambient RH low,2751,19.755000000000003,0,No Defect
0.043802068541973375,103.32428833975302,175.6206616775914,41.64807792844902,24.170829039264685,,,2752,19.759999999999998,0,No Defect
0.037714175174748205,95.57510330458817,189.08144691083274,32.28431104313468,26.02902400589803,,Ambient temperature high,2753,19.765,0,No Defect
0.0406004140413288,96.63948820060992,154.3966326769236,46.789042150757275,23.93901315330812,,,2754,19.77,0,No Defect
0.03873228769990451,97.12320986511837,197.3961781434722,37.06421562134066,24.125970722127516,,,2755,19.775,0,No Defect
0.04461586803514849,102.50597152060972,147.79829701779556,46.15829761309641,24.55631463214281,Paste volume per aperture high,Paste viscosity low,2756,19.78,0,Solder Bridging
0.04219670555130142,97.64449725458525,131.6093815047749,48.70546525666433,24.781476816509183,,Paste viscosity low,2757,19.785,0,No Defect
0.03835814722863162,98.02634449282652,227.7626743863421,40.29431771862565,21.307518659671036,,,2758,19.79,0,No Defect
0.0409125038179302,99.31378151666564,190.24523586530026,46.7982520410476,21.724520806224724,,,2759,19.795,0,No Defect
0.04022215860578858,96.62098517176582,180.47902061867111,53.15678738507225,20.464682367193998,,Ambient RH high,2760,19.8,0,No Defect
0.039929358757675046,97.7270977647972,177.72762050429796,41.26174986552723,24.094970251799726,,,2761,19.805,0,No Defect
0.043887582193610684,102.97139946248004,173.78743585864632,44.795724984789494,23.33909980814185,,,2762,19.810000000000002,0,No Defect
0.037916004194127856,97.04393139020802,211.8528696927863,35.30759977220111,23.721675153163524,,,2763,19.814999999999998,0,No Defect
0.04057542536887317,102.08944326501233,229.3153810317354,36.61189536887635,22.287682409103276,,,2764,19.82,0,No Defect
0.0426135124718545,103.34235886947145,201.43371137970718,38.76885231032637,23.383264219562275,,,2765,19.825,0,No Defect
0.040997935079794885,100.40754550351367,198.18407968936557,41.78532928892596,22.68443055062921,,,2766,19.83,0,No Defect
0.043270073957922824,103.61934230786018,193.0538227602227,40.539510426875665,23.381433520647768,,,2767,19.835,0,No Defect
0.0430420264331756,102.18943475047276,180.09160185687648,43.61037015456549,23.275219882575872,,,2768,19.84,0,No Defect
0.039262155215297745,98.21319788357562,215.35642795003324,44.523590573267185,20.812587170441994,,,2769,19.845,0,No Defect
0.03817724576692304,96.86386361545695,220.1431099005635,42.78244863914028,21.01817092636727,,,2770,19.85,0,No Defect
0.04051342514041828,98.02167402852652,173.14928900416385,42.20673198771831,24.08243835864039,,,2771,19.855,0,No Defect
0.04256097678000436,103.86561897929803,205.79961337121208,35.50721293762434,24.049114790485778,,,2772,19.86,0,No Defect
0.04303301794126209,103.10130126285354,193.6968420114775,43.17675440903495,22.552418251691527,,,2773,19.865000000000002,0,No Defect
0.03814437379536838,97.4244944705887,228.27597868524384,42.12650670030639,20.698816614373968,,,2774,19.869999999999997,0,No Defect
0.03951491544052146,95.03130673261634,156.94243047625497,46.75362019953238,23.7303333567766,,,2775,19.875,0,No Defect
0.03769048014350344,95.3577108070042,205.03457857471966,45.35264001484657,21.1678812950713,,,2776,19.880000000000003,0,No Defect
0.03731102162012317,97.58178661903254,232.9283002470018,31.40428497417791,23.529686760724495,,,2777,19.884999999999998,0,No Defect
0.041412284304847655,101.83753649821769,208.06296045573208,38.29946425419438,23.070915980722322,,,2778,19.89,0,No Defect
0.04113611007224386,101.88611744072745,206.13163644717613,33.39119283546043,24.616950171845495,,,2779,19.895,0,No Defect
0.03989810459023872,98.54273155931938,195.85708463038716,39.299725315704684,23.512207082084572,,,2780,19.9,0,No Defect
0.03581067879318096,94.5984224028041,225.94412764658298,33.31011751784921,23.379569825472245,Paste volume per aperture low,Stencil thickness low,2781,19.905,0,Open Circuit
0.038280940550402105,99.39014956706308,253.20578854779973,36.86622951368824,20.69005925492839,,Paste viscosity high,2782,19.91,0,No Defect
0.03920052187568625,93.81158398772247,136.81522532999836,43.7451893707272,25.818221206152444,,Stencil thickness low; Paste viscosity low,2783,19.915,0,No Defect
0.041805548572304944,101.27065689937167,192.76000592688044,43.27941877927547,22.538579515642507,,,2784,19.92,0,No Defect
0.0388261896327587,94.80392844149546,153.4788355761433,39.13193486082069,26.133033678064212,,Stencil thickness low; Ambient temperature high,2785,19.925,0,No Defect
0.04036652285478613,96.65687069769756,155.61757323784636,42.67271922123098,24.982389471764446,,,2786,19.93,0,No Defect
0.03920273101479911,96.62317330302301,179.44885298355274,41.102591344956444,23.963051164665735,,,2787,19.935000000000002,0,No Defect
0.04122444401447483,98.85092630914835,151.59172524726583,33.08696992221596,28.029520229164348,,Ambient temperature high,2788,19.939999999999998,0,No Defect
0.04069809888323428,104.60439131395917,266.20983056648373,37.240630381508936,19.771487892899053,,Paste viscosity high; Ambient temperature low,2789,19.945,0,No Defect
0.03874009334759879,98.2368032961852,229.19613547390472,46.22297902830234,19.404035425196934,,Ambient temperature low,2790,19.95,0,No Defect
0.04050642132414307,97.33411352270066,173.07038468179917,49.740055290140575,21.83208626288731,,,2791,19.955,0,No Defect
0.03866508972630515,98.17816108174767,220.34295762766368,39.007131185887154,22.05215989005223,,,2792,19.96,0,No Defect
0.03965233327332827,100.11833329526118,228.02237310266247,37.884606680900895,21.916943779533334,,,2793,19.965,0,No Defect
0.03949119697955705,99.56735091357734,219.8202063159112,36.898934874420085,22.70289997923342,,,2794,19.97,0,No Defect
0.03933830849228184,99.62912156759836,225.1972882272169,37.392530923066616,22.224301439706032,,,2795,19.975,0,No Defect
0.04263037624826748,100.74248692080756,171.43996591699766,45.90081499609662,23.060976539565065,,,2796,19.98,0,No Defect
0.03869073068253875,97.8238773039859,219.9852849203512,40.767923815357484,21.550007867081895,,,2797,19.985,0,No Defect
0.03741681376743869,94.62680585903398,200.02972682960493,40.709349484489906,22.77954019416423,,Stencil thickness low,2798,19.990000000000002,0,No Defect
0.0412367103135187,100.82665538466391,196.35991998302487,39.07845362189621,23.50422505920706,,,2799,19.994999999999997,0,No Defect
0.03955147032149064,98.19925233049298,214.97199581456132,48.95098725252334,19.463238599996778,,Ambient temperature low,2800,20.0,0,No Defect
0.03900596787194862,97.84186929652827,196.34346843063705,33.43506886463819,25.132140342317342,,,2801,20.005000000000003,0,No Defect
0.038955820217492464,100.79889199085942,237.94973752388523,27.453772119538577,24.323778723083286,,Ambient RH low,2802,20.009999999999998,0,No Defect
0.039872486576745726,100.21903752013945,222.85831722263828,38.13086653845594,22.13584111473172,,,2803,20.015,0,No Defect
0.03936180619420997,96.94930618225747,179.99833035942666,40.315122710646435,24.11645675482501,,,2804,20.02,0,No Defect
0.043235061921788276,101.67809984131603,163.12715460507317,42.950840384794105,24.410976809768837,,,2805,20.025,0,No Defect
0.04223550295930013,101.94593694761357,200.98001833467234,42.42639104079807,22.23843172374604,,,2806,20.03,0,No Defect
0.03817746578411061,98.97325009541812,235.8591272726025,34.19406980792908,22.460144886865255,,,2807,20.035,0,No Defect
0.03827520244056943,96.35094597059916,210.32008151657917,43.22091749710987,21.394259323428763,,,2808,20.04,0,No Defect
0.038434750731782,96.91918560792398,205.1415268508128,37.953867604552514,23.247953779437314,,,2809,20.045,0,No Defect
0.04057260765499636,98.25858814592048,172.81299506028083,39.04130400626371,24.92825293004013,,,2810,20.05,0,No Defect
0.041887604294458,103.10107627833509,211.10376267736092,38.09181027633633,22.85640044481783,,,2811,20.055,0,No Defect
0.042167327862251774,100.03537835996124,162.82692264386998,40.51145499397734,25.118587226905998,,,2812,20.060000000000002,0,No Defect
0.04116006788671655,101.1160801220909,198.10782195356492,34.70731342132329,24.63883893475263,,,2813,20.064999999999998,0,No Defect
0.03977726747471051,98.41198370841445,190.6878086710352,37.45455246916248,24.27498734727305,,,2814,20.07,0,No Defect
0.03899046156273188,97.28924151081002,202.81671926601663,41.323911845705744,22.394987422706397,,,2815,20.075,0,No Defect
0.038562761523741385,100.26116141717978,250.41720841863014,33.35267540128992,21.796311426253574,,Paste viscosity high,2816,20.08,0,No Defect
0.03897229104586649,99.98007388733241,226.574735468211,29.519015843482563,24.37845345759097,,Ambient RH low,2817,20.085,0,No Defect
0.039968620724663104,98.50777962708662,184.1700790985041,35.063895473919864,25.365421455581668,,,2818,20.09,0,No Defect
0.038743670533547006,98.71996913160125,229.9253348351302,39.65027062505,21.207086493930195,,,2819,20.095,0,No Defect
0.03567742766096306,93.99108010638253,231.2609992001568,39.32186558113549,21.194860793993332,Paste volume per aperture low,Stencil thickness low,2820,20.1,0,Open Circuit
0.04455586304134109,106.22743033357992,205.73521549719737,42.88764705146992,21.78368106451813,Paste volume per aperture high,Stencil thickness high,2821,20.105,0,Solder Bridging
0.03842472935592324,96.66202095661785,200.711071488505,38.145496579571585,23.42885853059392,,,2822,20.11,0,No Defect
0.0407721314677008,100.52885689288257,216.53768873195622,43.72025627685533,20.847862790794657,,,2823,20.115000000000002,0,No Defect
0.034639460142500945,93.14092069968568,240.95257809809624,37.17545599219674,21.208707322725903,Paste volume per aperture low,Stencil thickness low,2824,20.119999999999997,0,Open Circuit
0.03948675566904144,98.64662028044303,197.18909880846442,34.67677331997768,24.655886416894127,,,2825,20.125,0,No Defect
0.04138754368034161,101.4123588860394,213.82835817515323,42.71885195792885,21.304025685047947,,,2826,20.130000000000003,0,No Defect
0.04112775322198242,100.72819595100783,194.30007590947318,33.70013623404357,25.13326228858473,,,2827,20.134999999999998,0,No Defect
0.03969496815816756,97.78062635078427,196.24439209870062,43.90732231126893,22.014238817403132,,,2828,20.14,0,No Defect
0.03613668398724628,93.37874418281072,223.2969090000374,48.27808304644646,19.046121907106354,,Stencil thickness low; Ambient temperature low,2829,20.145,0,No Defect
0.03963663944853797,98.19951958450807,206.01219318632127,43.68824752843989,21.47459283232663,,,2830,20.15,0,No Defect
0.03930306987790916,101.14834238750151,249.83031495926684,37.7777548119229,20.50228904080232,,,2831,20.155,0,No Defect
0.04211649762742394,100.57860907954904,178.4548583721278,45.887363582204046,22.531714824947866,,,2832,20.16,0,No Defect
0.04040653875808418,99.99483477689914,209.4878165423443,40.345565824889114,22.235303997996677,,,2833,20.165,0,No Defect
0.03740986038521236,98.53051180569605,257.74118479307845,39.61443433935469,19.456243808588237,,Paste viscosity high; Ambient temperature low,2834,20.17,0,No Defect
0.03826215194726887,99.43109819734104,230.04162961889816,24.994921480196428,25.436123566302335,,Ambient RH low,2835,20.175,0,No Defect
0.040384028475422884,101.70168755210915,228.0360379583242,34.27081646002534,22.863222530998108,,,2836,20.18,0,No Defect
0.04093929299920373,100.52824306539948,200.57741206760033,36.46476519302006,23.912439015337753,,,2837,20.185000000000002,0,No Defect
0.04284084471417743,102.04659652144893,180.0342872378729,43.02307733608984,23.26238571715211,,,2838,20.189999999999998,0,No Defect
0.03954925572931185,98.68123778146847,203.0664455832291,37.7046962386285,23.375969657130973,,,2839,20.195,0,No Defect
0.037201015818839396,96.39850040643088,215.40696670148458,31.984556086866476,24.26718934040184,,,2840,20.2,0,No Defect
0.03943789374238188,96.60289293462479,179.61772309968143,41.24857249653125,23.776157904239454,,,2841,20.205,0,No Defect
0.039703990980652214,101.19231783566356,245.11733662691984,38.44824602808481,20.573862570336953,,,2842,20.21,0,No Defect
0.03921344341514774,98.18575750862114,204.06846210595705,38.82076802722093,22.97380497981251,,,2843,20.215,0,No Defect
0.04159746654101529,101.90064068552451,213.14886959321484,43.006941864233,21.211965695247354,,,2844,20.22,0,No Defect
0.04340230537678708,105.02829460656044,209.18077086934886,37.16280553535235,23.175474695992545,,Stencil thickness high,2845,20.225,0,No Defect
0.04110174300354602,99.716281945611,178.71882558035944,37.91799396364065,24.800590174625285,,,2846,20.23,0,No Defect
0.04145179690921885,100.8925517164152,194.18160133100872,41.00729830801418,22.948780328910992,,,2847,20.235,0,No Defect
0.039070054934189746,97.71531707931642,190.98606329940986,33.21361081199025,25.401225524064213,,,2848,20.240000000000002,0,No Defect
0.040679638424258764,101.87678126343286,223.80154644737206,36.03656521627421,22.572954603622133,,,2849,20.244999999999997,0,No Defect
0.044686213087844026,103.81577707612388,160.1144109056987,42.339447689047816,24.66779539442054,Paste volume per aperture high,,2850,20.25,0,Solder Bridging
0.03935483387078919,99.5304983506712,230.6261318191898,42.4399635910986,20.268057065121095,,,2851,20.255000000000003,0,No Defect
0.038602903695925214,97.39349078798902,212.1634900103872,41.50766774751298,21.664252620451403,,,2852,20.259999999999998,0,No Defect
0.039240103139593634,98.98500433011745,223.09164382446258,41.0095293187557,21.143290072935358,,,2853,20.265,0,No Defect
0.03963714928777194,99.96991106192979,212.13286509783984,29.17083040433029,25.278272419371397,,Ambient RH low,2854,20.27,0,No Defect
0.04102293945081971,100.84224022306088,196.92314050699102,36.63762884726572,24.0324642845373,,,2855,20.275,0,No Defect
0.036831007353635904,97.87794312271016,253.92292324890855,32.28738111431176,21.77321862732855,,Paste viscosity high,2856,20.28,0,No Defect
0.03596912691011799,95.76822928248846,244.33610512180474,34.40581009125191,21.732832419035315,Paste volume per aperture low,,2857,20.285,0,Open Circuit
0.03723198717479997,95.2433935341304,202.80108402343245,35.356731752423585,24.010478851445406,,,2858,20.29,0,No Defect
0.04086011864834539,99.24407875253708,180.24997268607092,41.24682694481577,23.69541354048348,,,2859,20.295,0,No Defect
0.040286603866438266,98.05470574670214,192.9685496448276,45.67225545938012,21.624875929386153,,,2860,20.3,0,No Defect
0.038607617611680446,95.77086151807525,185.04866117446247,39.716156146391,23.831570101473734,,,2861,20.305,0,No Defect
0.04005436012457727,98.02384271602327,184.37598124694583,40.29398204728487,23.711394563953675,,,2862,20.310000000000002,0,No Defect
0.039703109579702314,99.8420586354442,223.10307291258152,40.04620782747204,21.400845696817157,,,2863,20.314999999999998,0,No Defect
0.03776097978983658,95.9516806886291,219.84003903331535,44.64291519457946,20.24337736954663,,,2864,20.32,0,No Defect
0.03959402007774562,98.69575445326198,187.2412030934327,31.92569157428875,25.96254366304546,,,2865,20.325,0,No Defect
0.04065719622031054,99.21582805130748,181.31951908222177,35.483917129366304,25.299514644069426,,,2866,20.33,0,No Defect
0.04217157508628322,100.84637119042236,176.90035830798726,39.77351063393017,24.327585819375322,,,2867,20.335,0,No Defect
0.04292871444662071,103.60183145431499,205.3585897263574,41.87077256416864,21.970084536609534,,,2868,20.34,0,No Defect
0.03950830938262092,97.37714941243004,176.91725732421517,36.59846898867673,25.2214505688052,,,2869,20.345,0,No Defect
0.04239213857230717,102.60869240476852,203.73176881445073,42.828092727132464,21.78006083975093,,,2870,20.35,0,No Defect
0.043716096058544984,102.67247511780711,174.93298057765384,44.168542765224124,23.1665174355409,,,2871,20.355,0,No Defect
0.04095469369037312,100.17284981494804,191.59357397507424,35.73236832807567,24.584570613355016,,,2872,20.36,0,No Defect
0.042392522232477726,100.36224815481525,167.09471414951736,45.27618431062685,23.302506583704616,,,2873,20.365000000000002,0,No Defect
0.038545855485409876,96.28262271016233,206.89163490996995,48.95530724670637,19.752921205347455,,Ambient temperature low,2874,20.369999999999997,0,No Defect
0.041566936323541234,99.58435064484615,190.21341934713953,50.54811895125296,20.33711532115477,,Ambient RH high,2875,20.375,0,No Defect
0.03978892764372169,98.27477262053266,207.95974668386327,47.03777630605171,20.255759416747146,,,2876,20.380000000000003,0,No Defect
0.040510710733047066,98.1242676245778,174.8192950519812,41.190194526700914,23.999583302372937,,,2877,20.384999999999998,0,No Defect
0.03778484127326792,98.47492030449389,237.21117750102917,32.30272492173776,22.74253643782706,,,2878,20.39,0,No Defect
0.03882356846201708,99.88655132431488,230.3547520426706,30.915767338762763,23.573261441604476,,,2879,20.395,0,No Defect
0.03989147923705186,96.82905198283639,180.72561187948335,47.720509018099776,21.71670668524154,,,2880,20.4,0,No Defect
0.04141512512208823,100.86033885722794,187.81843101474402,34.88127283188416,25.043193131292647,,,2881,20.405,0,No Defect
0.04061889828157433,98.65376203461386,177.8045172524545,38.680076138682765,24.53868119737549,,,2882,20.41,0,No Defect
0.0383078937291878,94.5753907151979,185.59067189416479,48.506973598780995,21.167687011492156,,Stencil thickness low,2883,20.415,0,No Defect
0.04027265162791919,97.79844285486199,177.80900902836203,41.584990023302986,23.682061124838828,,,2884,20.42,0,No Defect
0.044006320832409025,102.22298463404128,155.0738002851118,41.92299117635889,25.006177713342055,Paste volume per aperture high,,2885,20.425,0,Solder Bridging
0.03669544340868826,94.43012894330035,219.7848434363158,43.898645249764485,20.39682966647294,,Stencil thickness low,2886,20.43,0,No Defect
0.04426474710636715,103.50993373631046,167.739838600109,41.190870009199216,24.438577910926924,Paste volume per aperture high,,2887,20.435000000000002,0,Solder Bridging
0.04251214161752531,102.249600468331,200.62861531316574,46.64653400935651,20.808291141496586,,,2888,20.439999999999998,0,No Defect
0.038110293046395384,96.90844159561472,207.04320394599472,35.25697469587482,23.704445461701635,,,2889,20.445,0,No Defect
0.03966368489109071,98.76298973404492,204.91421651452345,39.95478182381844,22.471860198873934,,,2890,20.45,0,No Defect
0.0356066395936037,95.18806815033888,249.7431377471648,37.745414610960474,20.333188987971486,Paste volume per aperture low,,2891,20.455,0,Open Circuit
0.037729734025351847,97.34482687470236,228.17577564849876,36.33410882480045,22.08384427146627,,,2892,20.46,0,No Defect
0.03810619812595058,99.64209542654477,250.49144083410198,30.272413167093276,22.48950871811305,,Paste viscosity high,2893,20.465,0,No Defect
0.04191919654336143,100.24061930489546,167.64367335961043,37.890028585289,25.370717705341935,,,2894,20.47,0,No Defect
0.04098373356761253,101.01320181735129,200.74116865725662,34.20540975479443,24.40761400716848,,,2895,20.475,0,No Defect
0.03828212849390815,95.52662982780562,182.70250573556785,37.67931834055439,24.472976276866586,,,2896,20.48,0,No Defect
0.03863176222496257,97.50696254849859,221.27261859613947,42.410673692065814,20.730060730592164,,,2897,20.485,0,No Defect
0.040910248090837535,99.61025780437238,185.84981066558063,39.77411490572331,23.68346520592919,,,2898,20.490000000000002,0,No Defect
0.035582973556749435,93.47021332455805,236.59498959179473,45.808358992156464,18.76478716594476,Paste volume per aperture low,Stencil thickness low; Ambient temperature low,2899,20.494999999999997,0,Open Circuit
0.04234603840513426,101.23482547298177,188.26711727804445,46.294759372451,21.637985142225634,,,2900,20.5,0,No Defect
0.03935590746434295,98.47744357606479,204.17994683438278,36.760499235226206,23.420379273066473,,,2901,20.505000000000003,0,No Defect
0.03841858360012543,96.85751287731216,199.53940453295618,35.119828712246836,24.175219607068655,,,2902,20.509999999999998,0,No Defect
0.04080461037854419,101.09008847408667,209.85870538503673,38.32019004665925,22.619621458409956,,,2903,20.515,0,No Defect
0.0410082950450672,100.09857772336878,197.75595316149898,43.39262075133583,21.88077477205638,,,2904,20.52,0,No Defect
0.04267017782476572,101.59025134969778,184.59482037192703,46.60214772999468,21.7614227679341,,,2905,20.525,0,No Defect
0.039363098463966614,98.24545994257448,211.51754415098145,43.60119829044214,20.95825392413833,,,2906,20.53,0,No Defect
0.03698245972991444,96.21014318755589,221.27711876435117,30.709362379843167,24.10755729575184,,,2907,20.535,0,No Defect
0.04065283154079797,101.55140252308479,222.91153369330323,37.14342754191657,22.15138438363921,,,2908,20.54,0,No Defect
0.03691076118477119,96.54770364848608,233.7992076955826,35.761493680051764,21.853548096336542,,,2909,20.545,0,No Defect
0.038363951183587534,97.4295078899493,226.9051537290596,44.63897258120166,19.693357126920503,,Ambient temperature low,2910,20.55,0,No Defect
0.037317770276538605,93.6472384569913,195.53081741755727,45.21037424483549,21.444853059564874,,Stencil thickness low,2911,20.555,0,No Defect
0.042642703694219804,99.07147542426351,157.92143778304074,52.504186624969556,21.660622679953896,,Ambient RH high,2912,20.560000000000002,0,No Defect
0.03950524545544378,97.27194737721419,192.22812564116754,42.21542164268897,22.53306874172043,,,2913,20.564999999999998,0,No Defect
0.039558827947339816,96.37302438395048,177.30481963179108,42.58845558708581,23.338786563536694,,,2914,20.57,0,No Defect
0.04036521450296081,98.89525255105734,194.71260627881813,42.825538666132935,22.200694724556115,,,2915,20.575,0,No Defect
0.03987119120090002,93.72208003117777,135.28536359884626,50.1014042110893,23.717978979075237,,Stencil thickness low; Paste viscosity low; Ambient RH high,2916,20.58,0,No Defect
0.04063150609858774,101.2384082069101,215.6060446715386,34.317230446981185,23.404045689799243,,,2917,20.585,0,No Defect
0.03732850215812996,95.18440234265515,215.4803921905162,43.27891118317723,20.764253937171933,,,2918,20.59,0,No Defect
0.036405633913448775,95.4953125913653,236.56099710596555,36.29467997106349,21.504507135077535,,,2919,20.595,0,No Defect
0.04266097040240788,104.33748520476665,220.48079822232452,39.241878828292975,21.67212068039801,,,2920,20.6,0,No Defect
0.04419995238157768,102.17767644079835,149.98474295843684,42.79587192365986,24.970315699034458,Paste volume per aperture high,Paste viscosity low,2921,20.605,0,Solder Bridging
0.04441656244916314,103.44517560074391,176.24338521361477,48.056569052917794,21.822561586004877,Paste volume per aperture high,,2922,20.61,0,Solder Bridging
0.04295380191490969,100.85999804488759,175.96662815134383,52.19828039824634,20.61295863857083,,Ambient RH high,2923,20.615000000000002,0,No Defect
0.043658339117486615,105.84751469069201,216.33001839447692,35.7932445282868,22.934505107969734,,Stencil thickness high,2924,20.619999999999997,0,No Defect
0.044489842669116965,102.6672904299323,165.21444768960936,49.20466191571115,22.15884889249274,Paste volume per aperture high,,2925,20.625,0,Solder Bridging
0.03859961567855414,95.6495586477625,184.96441264797028,40.50260074086454,23.437374246867346,,,2926,20.630000000000003,0,No Defect
0.03989719919755818,99.67640120717819,211.42765032802612,36.12478364221997,23.10025279273986,,,2927,20.634999999999998,0,No Defect
0.04409031320531938,103.26278120388297,159.5829192913336,36.32569194442544,26.251956904501267,Paste volume per aperture high,Ambient temperature high,2928,20.64,0,Solder Bridging
0.043691192466287235,104.06881594476589,186.40696395883967,41.195371330472376,23.17160960815023,,,2929,20.645,0,No Defect
0.04249292511312884,99.59250015753335,140.75845869268574,35.9658417201902,27.496061436654177,,Paste viscosity low; Ambient temperature high,2930,20.65,0,No Defect
0.04422462856805048,103.37807950892373,165.8634901777215,41.494037782692764,24.348858596743046,Paste volume per aperture high,,2931,20.655,0,Solder Bridging
0.04124199906136515,101.88895465952254,213.05853097231991,35.6203222492615,23.145885044669434,,,2932,20.66,0,No Defect
0.041604836467282684,100.58647748439387,205.35582781264446,48.41873125474745,19.881723391842826,,Ambient temperature low,2933,20.665,0,No Defect
0.04083627191611196,98.65300319026048,183.52309450722802,43.4939154332637,22.65067056154545,,,2934,20.67,0,No Defect
0.04378208362357087,102.00097022441325,157.53872201291546,44.240946713853575,24.04186842807588,,,2935,20.675,0,No Defect
0.038613965930160705,98.30789396897163,228.8077622153524,41.6678511415182,20.377741402036357,,,2936,20.68,0,No Defect
0.04119214430668894,99.31917144634059,177.25458169645663,42.247555275263444,23.38854871474481,,,2937,20.685000000000002,0,No Defect
0.0405564684546945,99.61581854436862,191.35270932583836,37.77898592154426,23.821173222178867,,,2938,20.689999999999998,0,No Defect
0.03602699566013505,95.26992249467051,230.16084819444296,33.58510812561099,22.625974520817834,,,2939,20.695,0,No Defect
0.03928697012664556,98.65464932213955,213.10672416259538,39.36912643633115,22.008031190397165,,,2940,20.7,0,No Defect
0.04330418056161431,102.91417161210681,195.31107566354174,48.02494860982391,20.602160491888267,,,2941,20.705,0,No Defect
0.03743133002053896,95.40851973309707,219.26851470948304,46.182489749026004,19.61971054496873,,Ambient temperature low,2942,20.71,0,No Defect
0.03436279107738555,92.86674331218619,236.25072032568417,33.01459480095369,22.399046808780774,Paste volume per aperture low,Stencil thickness low,2943,20.715,0,Open Circuit
0.04175261180790212,102.05833263417945,209.97613426391004,38.12018038505026,22.580919713877346,,,2944,20.72,0,No Defect
0.04460867038024173,103.98764417635118,175.36178515332568,45.791343701697045,22.479213448875065,Paste volume per aperture high,,2945,20.725,0,Solder Bridging
0.03523326799147301,93.69361664675924,230.9007421193457,37.01506182803761,21.55458330327738,Paste volume per aperture low,Stencil thickness low,2946,20.73,0,Open Circuit
0.03670662648984351,96.17043495550985,227.89864922148473,30.629245224569473,23.61861279367749,,,2947,20.735,0,No Defect
0.04108512402262354,101.79002718035021,220.72209924552632,40.03422914934598,21.340948641264248,,,2948,20.740000000000002,0,No Defect
0.0402026759382575,100.06366671517668,195.43191007112594,29.966403644938012,25.82258668180244,,Ambient RH low,2949,20.744999999999997,0,No Defect
0.04232605286454397,100.91836544653069,179.66119612584362,41.07670123185886,23.565640255923313,,,2950,20.75,0,No Defect
0.041254789872877756,100.90328593219435,196.03348534381277,35.89245915297849,24.061591203518297,,,2951,20.755000000000003,0,No Defect
0.038610855238677015,98.07615642225925,203.98188780109012,29.039928764356354,25.549819394380926,,Ambient RH low,2952,20.759999999999998,0,No Defect
0.04087906527448775,99.94012510334754,210.81444918542212,44.16211283531991,20.737280575434927,,,2953,20.765,0,No Defect
0.039197568199303486,99.29621179146339,229.6604586462216,38.42492683412818,21.23604102523264,,,2954,20.77,0,No Defect
0.039193284551955934,99.82117603886358,223.3157359173513,31.798275703891004,23.554832252091963,,,2955,20.775,0,No Defect
0.04211228569685929,100.13490640429778,173.14744216398796,44.43528726842237,22.962279384869245,,,2956,20.78,0,No Defect
0.041774094152027,100.89735288540916,187.9039072484045,39.43126937992083,23.514878880073127,,,2957,20.785,0,No Defect
0.040499238119897966,99.08421427148744,193.38245088534032,38.985585249877765,23.29936498778087,,,2958,20.79,0,No Defect
0.04036226315799932,100.67087425430547,217.5573622766507,35.083377839587186,22.95257606893453,,,2959,20.795,0,No Defect
0.03960009756504344,99.51931513825602,203.38819631466512,30.269246293183215,25.213366824403835,,,2960,20.8,0,No Defect
0.03867688332045391,97.59244231732976,207.0633731811268,35.14484678130616,23.556969577049017,,,2961,20.805,0,No Defect
0.03857846462471076,98.40708688113699,219.37742949747008,32.633280496992,23.531922090907603,,,2962,20.810000000000002,0,No Defect
0.04192168467879151,97.92809027416325,142.348025173564,45.30664351217911,24.578257561379125,,Paste viscosity low,2963,20.814999999999998,0,No Defect
0.037018696766363844,97.55874902054163,251.84921118517485,36.77982827950047,20.3086496891438,,Paste viscosity high,2964,20.82,0,No Defect
0.04090467633115862,100.37665754016155,213.29668470565133,46.57253768140431,19.841631776439264,,Ambient temperature low,2965,20.825,0,No Defect
0.041266525239464405,99.06710891408163,180.54914477863784,45.757979037757146,22.089952421697348,,,2966,20.83,0,No Defect
0.039756282822040634,98.95154803058239,204.12065881431587,37.86935308988224,22.932649478817446,,,2967,20.835,0,No Defect
0.039938807354657886,99.07198139149904,214.82284082971495,44.69746093618493,20.28166105385481,,,2968,20.84,0,No Defect
0.03808363715233702,97.88654616140015,230.41515684034974,38.78345868449725,21.03200137636677,,,2969,20.845,0,No Defect
0.03636708010184441,92.61080996661444,198.2330933740882,42.72413966475699,21.84436877925519,,Stencil thickness low,2970,20.85,0,No Defect
0.04022848962264124,98.77104826242315,194.21048928109258,39.231902814081366,23.139509291980186,,,2971,20.855,0,No Defect
0.03883088862665067,97.06466602184787,198.99910403674207,38.36626364060246,23.083039355738673,,,2972,20.86,0,No Defect
0.03974039069377701,100.06800329757873,233.603966033338,43.17888458739124,19.557614053552886,,Ambient temperature low,2973,20.865000000000002,0,No Defect
0.040653734040188065,100.74234658108992,213.22219851635217,39.83265562307942,21.788829664810002,,,2974,20.869999999999997,0,No Defect
0.0392802424258587,99.41413764487157,224.23407752710978,36.733066902337214,22.00759833454507,,,2975,20.875,0,No Defect
0.04033207306079141,100.615579029774,223.97900404766486,40.99094880396576,20.785016885100525,,,2976,20.880000000000003,0,No Defect
0.042543664477653516,101.10467611799129,169.8300031824249,41.19357124115496,24.059595130254465,,,2977,20.884999999999998,0,No Defect
0.038619176698702296,94.7098576379453,178.10244893617505,43.51211534558309,22.84947808278048,,Stencil thickness low,2978,20.89,0,No Defect
0.04117659889419496,101.04473094382129,201.11008013458573,36.749710590711196,23.426050602126626,,,2979,20.895,0,No Defect
0.03890308960586077,98.08711438853615,210.12398585692023,35.928239886120856,23.092572208570814,,,2980,20.9,0,No Defect
0.04226615366993699,101.81390522277064,198.83009951200444,45.522432644409314,21.004980100679152,,,2981,20.905,0,No Defect
0.03928313468938306,95.22152303864976,189.30688813102864,55.428657891215124,18.67508854229979,,Ambient RH high; Ambient temperature low,2982,20.91,0,No Defect
0.03752341396042512,97.80086650381921,252.07145305948325,40.64740073365873,19.123145998509923,,Paste viscosity high; Ambient temperature low,2983,20.915,0,No Defect
0.03972237763194431,95.16041507230794,156.72422062686286,47.23439070624096,23.061132694853256,,,2984,20.92,0,No Defect
0.03943166036371509,99.00274739672956,219.26481016206336,37.63742116521955,22.028364924535772,,,2985,20.925,0,No Defect
0.044872489157714766,101.64499644739378,135.53185404305066,51.70830319413929,23.088057737739344,Paste volume per aperture high,Paste viscosity low; Ambient RH high,2986,20.93,0,Solder Bridging
0.03897309727559211,98.05992252179509,211.92057967751646,37.22208530539259,22.588841168923597,,,2987,20.935000000000002,0,No Defect
0.03944000809649494,98.38549489138028,201.20819834099814,34.71663781923817,23.9798055596761,,,2988,20.939999999999998,0,No Defect
0.04343060178781647,102.3277393236205,173.3891215307414,43.46034797754489,23.157692213284655,,,2989,20.945,0,No Defect
0.04373646377499837,102.50323648608465,176.65281402397216,45.56317323310311,22.347706453604218,,,2990,20.95,0,No Defect
0.04055024555381495,99.23828128129539,191.1389592129526,38.1744714240398,23.587610120462585,,,2991,20.955,0,No Defect
0.04125801219489321,99.83873358609445,189.95490103040785,42.716047048255376,22.33608606914883,,,2992,20.96,0,No Defect
0.03959906733620874,98.39724552696057,222.52776576935184,49.25036867130943,18.414236544975516,,Ambient temperature low,2993,20.965,0,No Defect
0.04087614051767232,99.25140425615294,197.2322965375249,45.823960929155184,20.975132724813538,,,2994,20.97,0,No Defect
0.039331514811681616,96.66000779420762,188.19782875471486,41.83723681448359,22.680271404877395,,,2995,20.975,0,No Defect
0.03761142831024587,95.9015850490002,201.43463960848226,37.1841871349701,23.19969544385708,,,2996,20.98,0,No Defect
0.04001962957129849,100.50264609916798,230.36014163006806,41.39972626339809,20.217131564124404,,,2997,20.985,0,No Defect
0.04270246569925925,102.83839777525971,199.58513559647238,41.382243910486046,22.130327172920477,,,2998,20.990000000000002,0,No Defect
0.03818050217586319,98.80306481974992,248.1150840580994,37.66158436659198,20.20422275707113,,,2999,20.994999999999997,0,No Defect
0.03971312301532144,98.42827056646543,201.9623641483904,41.29062526836001,21.980432158383746,,,3000,21.0,0,No Defect
0.03830712572963074,98.92684335709824,234.56056472919613,31.153238693457826,22.93227222636457,,,3001,21.005000000000003,0,No Defect
0.039339824222260254,100.43595000973335,243.0446448927036,39.44961205126336,19.989484092679874,,Ambient temperature low,3002,21.009999999999998,0,No Defect
0.041892688910389234,99.62029419314176,170.35116548112984,42.09585518116765,23.699289587589018,,,3003,21.015,0,No Defect
0.041368355708708504,100.32988706889023,201.68646290916888,44.10278385062616,21.185265696449378,,,3004,21.02,0,No Defect
0.0375031284849994,96.4044696413373,226.02628260690952,39.20880100948521,21.085022251634918,,,3005,21.025,0,No Defect
0.03808033088984427,94.34209411588665,184.7573800865331,47.06401725860287,21.32014427800552,,Stencil thickness low,3006,21.03,0,No Defect
0.04244464870986299,101.26595391083278,172.9334055885477,36.43423242607422,25.188170957105687,,,3007,21.035,0,No Defect
0.039190989266308325,95.97681111019463,167.50553820064087,35.95405871715288,25.631976051846017,,,3008,21.04,0,No Defect
0.03998719713131669,97.98995230358676,191.37547121116947,43.577667536412,21.941418778839363,,,3009,21.045,0,No Defect
0.03975735681626154,99.90443262241192,213.82546849599498,33.373949263860055,23.54189344461169,,,3010,21.05,0,No Defect
0.03752582998951207,95.64963021129776,195.47670164849558,33.918624083372535,24.4822017020508,,,3011,21.055,0,No Defect
0.04317256613407842,101.98058405850786,180.80288265644418,44.705573774910484,22.282658293658024,,,3012,21.060000000000002,0,No Defect
0.041301117846133106,101.04909879773498,209.12334295452743,41.667710925171775,21.41458769923204,,,3013,21.064999999999998,0,No Defect
0.03681130776083468,96.34785427116671,242.370586853114,40.85490642688067,19.568926188806003,,Ambient temperature low,3014,21.07,0,No Defect
0.038466877180013015,94.66935589772538,184.59660139784538,44.43801215530775,22.08649278087516,,Stencil thickness low,3015,21.075,0,No Defect
0.039551338562667696,98.195315526442,202.23747463003977,40.01710173592084,22.295837346124575,,,3016,21.08,0,No Defect
0.04002931494171633,95.43001319700335,159.80917948949192,48.36867054877163,22.46357666333208,,,3017,21.085,0,No Defect
0.038371417204784396,96.26246379088094,209.20369105816354,44.24812778006321,20.618975295539716,,,3018,21.09,0,No Defect
0.04236269489019111,100.96255549009754,185.5466411143418,46.4530220308639,21.454405412743753,,,3019,21.095,0,No Defect
0.04294628092762435,99.55750972498537,155.47184110113497,48.56188862667389,22.6915566057332,,,3020,21.1,0,No Defect
0.043724226378124946,102.14621884345355,165.72466705579845,44.72019854518698,23.182007599967257,,,3021,21.105,0,No Defect
0.04363694473400931,102.66608619420144,174.13877880276067,41.64004364274805,23.564906625069117,,,3022,21.11,0,No Defect
0.038744356303224536,96.95956014597911,198.92721355367004,37.05100837586851,23.342777165739566,,,3023,21.115000000000002,0,No Defect
0.03793959041798399,96.90049792878878,222.7423164820149,40.18171535466215,20.955865735131404,,,3024,21.119999999999997,0,No Defect
0.03951854358226791,98.9354994517338,214.67488257707825,38.7026611723471,21.894896978377155,,,3025,21.125,0,No Defect
0.03906405287904717,96.08161447214651,179.11701711388886,40.07238981630626,23.66907245396065,,,3026,21.130000000000003,0,No Defect
0.04356128477149078,101.49040896149138,167.69591952088388,48.64147673169736,21.90100742374634,,,3027,21.134999999999998,0,No Defect
0.041152580186417154,98.3745808021663,158.6430062974164,38.72144049043678,25.330068746998467,,,3028,21.14,0,No Defect
0.03803916368339304,94.87246254271116,190.28334411845847,44.16108444643067,21.771072929531158,,Stencil thickness low,3029,21.145,0,No Defect
0.041180666360491607,99.76078366039799,179.86241092539825,38.16183119139643,24.186017593090707,,,3030,21.15,0,No Defect
0.04004325786805385,98.26371005452545,199.08883065702292,42.69641615681006,21.676453013447706,,,3031,21.155,0,No Defect
0.03832022629313953,96.28579971219965,176.56073621985516,29.924827732119596,26.76131580277079,,Ambient RH low; Ambient temperature high,3032,21.16,0,No Defect
0.03846514156911513,95.50878990506544,185.30268229842318,40.86651007375767,23.033750579888366,,,3033,21.165,0,No Defect
0.03971680100134795,101.10449501788638,229.96428832452045,30.663502498127322,23.28184152639802,,,3034,21.17,0,No Defect
0.041264437919207156,100.18201153622063,196.58855360239366,42.241252280147656,21.960645786921784,,,3035,21.175,0,No Defect
0.03920125488962216,94.98909608316826,163.57595431967766,42.20636404791723,23.978190397628396,,Stencil thickness low,3036,21.18,0,No Defect
0.039481776692209265,100.00622225225175,233.1018534876679,38.660505538843225,20.745305582029903,,,3037,21.185000000000002,0,No Defect
0.03788205842621784,93.33520895927857,172.6257305793751,45.537326083709786,22.43057902448671,,Stencil thickness low,3038,21.189999999999998,0,No Defect
0.03893017742070176,98.35279842108572,216.90236596737924,39.45329185470198,21.494246783942053,,,3039,21.195,0,No Defect
0.04191922050676126,101.7798239281622,191.6958074285783,36.352030809686894,23.969628641573188,,,3040,21.2,0,No Defect
0.04121297863630878,100.6749257237537,204.02290259078748,45.14979233148736,20.631946552961125,,,3041,21.205,0,No Defect
0.041872874218596666,99.8873182002204,181.91381143366618,47.48549925865543,21.313759906426526,,,3042,21.21,0,No Defect
0.04333884946479361,100.73144495936344,153.4019103461365,44.92617720448907,23.82073045043785,,,3043,21.215,0,No Defect
0.040358897264350144,101.00859463367449,218.63950737209802,32.77216407576615,23.344457300142047,,,3044,21.22,0,No Defect
0.039845623006966265,99.3795111022028,211.96845157816594,37.671642793965404,22.314766546163643,,,3045,21.225,0,No Defect
0.04005770393492707,98.31799179665707,191.94570519890266,39.709347281782165,22.947438833668393,,,3046,21.23,0,No Defect
0.0403880833390239,102.49212203417784,243.91953986895817,33.593262331497925,21.545447565823117,,,3047,21.235,0,No Defect
0.04082734086539039,101.02914791381231,218.0028782142297,40.902959535640704,20.99924792690234,,,3048,21.240000000000002,0,No Defect
0.03779559610633697,97.06309868336808,214.70722682046784,31.647181084119854,23.878521540317234,,,3049,21.244999999999997,0,No Defect
0.04071501651936618,99.93028559210093,204.7769733017764,41.86737862300261,21.52399280921517,,,3050,21.25,0,No Defect
0.03947793742279351,99.57259789292941,230.16158416530538,38.83567612026925,20.843497183689625,,,3051,21.255000000000003,0,No Defect
0.03854606639289575,98.82740582056721,240.7744024597537,38.24183936990741,20.355388154495678,,,3052,21.259999999999998,0,No Defect
0.043669253433608474,103.00225967821025,190.7656907857856,49.13806593685284,20.27535150391425,,,3053,21.265,0,No Defect
0.039619996683497964,98.38235474027744,204.31408499732566,41.084548206731284,21.760534331444212,,,3054,21.27,0,No Defect
0.03412697264809555,90.8678110523088,202.27610252377443,30.004937470558517,25.07523363978668,Paste volume per aperture low,Stencil thickness low,3055,21.275,0,Open Circuit
0.040566510249302766,97.83510535603098,181.0759412342059,46.76034088359711,21.532268644517217,,,3056,21.28,0,No Defect
0.03706761130422936,95.77557053353877,234.86376256310547,45.24674793664161,18.641984029715,,Ambient temperature low,3057,21.285,0,No Defect
0.03853985115423592,98.57750492357385,225.7893410087404,33.15324046540047,22.7444759298817,,,3058,21.29,0,No Defect
0.04020478620597069,97.96440111971715,186.37781322178608,39.27851855274059,23.388802389286248,,,3059,21.295,0,No Defect
0.03513723979891271,95.47600016400752,262.485254831865,32.80702851079767,20.561400581899175,Paste volume per aperture low,Paste viscosity high,3060,21.3,0,Open Circuit
0.038043643127017905,96.85605990227765,221.88620465644908,36.1343366477832,22.10864413949326,,,3061,21.305,0,No Defect
0.03995470691611457,98.36216160252567,206.69963505062734,44.02994430888028,20.742915198906072,,,3062,21.310000000000002,0,No Defect
0.03616785383234099,97.13712060806047,257.8043264328895,29.83853892484653,21.716232885825793,,Paste viscosity high; Ambient RH low,3063,21.314999999999998,0,No Defect
0.04127260718669507,100.49353372209032,216.19756305574523,50.164892726088354,18.37096768757076,,Ambient RH high; Ambient temperature low,3064,21.32,0,No Defect
0.03887716694572961,96.98715505649885,189.87862747014566,34.76991012961692,24.458383780359092,,,3065,21.325,0,No Defect
0.038773142141120744,96.25986962774336,203.66769190309748,44.30372014390344,20.83049691506695,,,3066,21.33,0,No Defect
0.03769395052356588,94.07985462010869,188.96256149498475,42.80947495439305,22.154620078621026,,Stencil thickness low,3067,21.335,0,No Defect
0.04230611394995519,99.9636815197189,174.06632729550262,49.343023173672954,21.190490266331174,,,3068,21.34,0,No Defect
0.041474202710421876,99.80575819104857,190.5150194903175,43.40305604008424,21.91467504838233,,,3069,21.345,0,No Defect
0.039217381223026135,96.57755184563534,184.24373905253213,39.65994669668535,23.367765042381624,,,3070,21.35,0,No Defect
0.03918459200373043,96.64142799582632,186.98097368359296,39.253061704830586,23.31741328242816,,,3071,21.355,0,No Defect
0.03677362277084834,95.57116924718771,221.75528987139444,35.55600022373074,22.23730490195911,,,3072,21.36,0,No Defect
0.038915717416221095,100.3281487238923,238.25223683407287,29.88647458723371,22.89825466219454,,Ambient RH low,3073,21.365000000000002,0,No Defect
0.03730285773478668,98.31626636612492,252.93690358874989,33.21600513072593,21.00940111513677,,Paste viscosity high,3074,21.369999999999997,0,No Defect
0.0407175591946746,101.14350187942102,226.1740110567119,42.276425984271555,20.029598259773344,,,3075,21.375,0,No Defect
0.04062631353538425,100.31610017426468,196.06377509381224,31.000983097914578,25.169225420310227,,,3076,21.380000000000003,0,No Defect
0.041752278167070646,98.11442092007985,161.028585495154,49.38685917959098,21.954680706422515,,,3077,21.384999999999998,0,No Defect
0.038730822188518525,98.38570070683566,228.6439491650113,39.124830818854946,20.77757630885193,,,3078,21.39,0,No Defect
0.03870281859405659,99.86728449187686,242.40501211739064,32.020649073625485,22.006064613012967,,,3079,21.395,0,No Defect
0.040253568206734175,100.06819069875212,203.86981858836862,35.96878565147117,23.2196111785269,,,3080,21.4,0,No Defect
0.04093301130956778,99.46984160997957,191.11733877941077,41.189154738363555,22.486377373645563,,,3081,21.405,0,No Defect
0.03998414113615954,99.81745586356078,212.5803683509402,36.49202807936261,22.530058394820223,,,3082,21.41,0,No Defect
0.04243331560779831,99.86209024477182,162.4189388983304,43.61055264851176,23.547329564350694,,,3083,21.415,0,No Defect
0.04144514544366085,99.64938563894853,192.550563802616,46.24199110922816,20.922178598738945,,,3084,21.42,0,No Defect
0.03844826276481115,97.75973256112344,220.14023571510523,36.766521952411814,21.967627291486917,,,3085,21.425,0,No Defect
0.03869117687113809,98.25001572131733,216.31759682748915,34.31253185521979,22.917157255732544,,,3086,21.43,0,No Defect
0.0386748245791521,97.2290885680448,221.21932513720367,45.1753681658421,19.443231334548305,,Ambient temperature low,3087,21.435000000000002,0,No Defect
0.04044069351626098,98.53560980114355,199.7458305395009,47.5462999706973,20.078990294991733,,,3088,21.439999999999998,0,No Defect
0.04094124315910321,99.17678904529546,172.85462533578914,36.31188978077373,25.007757593109282,,,3089,21.445,0,No Defect
0.0436762755751553,102.98253356366013,179.0061149866135,43.13003439384547,22.65999076981047,,,3090,21.45,0,No Defect
0.043276911350042024,101.88174833619239,173.15880706056035,42.23144960377743,23.279490024961426,,,3091,21.455,0,No Defect
0.036903146855567504,96.74118584300894,243.29144905728896,37.09731558832549,20.419744415692772,,,3092,21.46,0,No Defect
0.04306628304738566,103.0449448900531,190.18644303750946,37.94541585594826,23.479283579082004,,,3093,21.465,0,No Defect
0.041102684098954755,98.27122467539603,179.09172687798602,49.72066357772787,20.699423382611762,,,3094,21.47,0,No Defect
0.039628863405592595,98.32300177607203,209.41030465053151,44.78839421553482,20.26457492095228,,,3095,21.475,0,No Defect
0.039363570786651175,97.63260160831294,189.48770310336448,34.57187180012277,24.469725130173046,,,3096,21.48,0,No Defect
0.039442582830632344,95.79154188149995,193.30701959871507,54.22203244917864,18.495970112940586,,Ambient RH high; Ambient temperature low,3097,21.485,0,No Defect
0.037803913395527806,96.8620836610252,220.71165522364564,33.64367126594438,22.812063955260154,,,3098,21.490000000000002,0,No Defect
0.04159002136908664,103.17222741851555,229.96618896425517,38.821854632677784,20.752704206356146,,,3099,21.494999999999997,0,No Defect
0.03982688924272824,100.12844403846141,235.19898623730222,44.11753667781147,18.868971419680427,,Ambient temperature low,3100,21.5,0,No Defect
0.03986606795590475,98.94570419623679,204.7920242078293,38.6656432044446,22.32566803626927,,,3101,21.505000000000003,0,No Defect
0.04200583312067559,103.19743208684586,216.6547855442598,34.27154686096884,22.900068838749426,,,3102,21.509999999999998,0,No Defect
0.04376802334847412,101.7117691031565,166.73520278786708,48.92215680445581,21.691561842755917,,,3103,21.515,0,No Defect
0.040013850917179294,97.28793430496488,165.0093759071212,33.33124005318752,26.320743294974037,,Ambient temperature high,3104,21.52,0,No Defect
0.04219507914589142,100.69852101818118,177.64244858167262,39.73828392878609,23.690159268412437,,,3105,21.525,0,No Defect
0.042717003687709885,102.9701304621699,205.3076657074795,39.97671486485838,21.927079584953116,,,3106,21.53,0,No Defect
0.04389502326909289,104.23453043581728,182.38852958567827,35.644706451150604,24.600426130364273,,,3107,21.535,0,No Defect
0.03847552072029553,93.66629086149803,165.4460493660114,44.36668778652478,23.05002841446255,,Stencil thickness low,3108,21.54,0,No Defect
0.03929056372675355,97.74525072720812,202.58893150574215,38.3662723340135,22.52772321235219,,,3109,21.545,0,No Defect
0.036484778895966644,95.60699008065053,212.6080845305575,24.904325769049155,25.816198454444883,,Ambient RH low,3110,21.55,0,No Defect
0.03788109296656487,97.61022487078299,238.7203080247626,35.01366142034256,21.280722335613763,,,3111,21.555,0,No Defect
0.034247840552558174,92.72464191030156,241.0226538410619,30.532100041945434,22.41399268802775,Paste volume per aperture low,Stencil thickness low,3112,21.560000000000002,0,Open Circuit
0.04057209254185232,97.94864038621424,188.8712554640957,45.75090688606501,21.21666453394817,,,3113,21.564999999999998,0,No Defect
0.035400599126698726,96.7555508893812,273.5954613607603,31.625855767404733,20.092820377052053,Paste volume per aperture low,Paste viscosity high,3114,21.57,0,Open Circuit
0.04114765774528604,99.91346370590017,194.83022985832548,42.13107469991404,21.902417483095995,,,3115,21.575,0,No Defect
0.03990674053764538,98.96546280156844,207.03063582384698,37.45693483340142,22.510431848510756,,,3116,21.58,0,No Defect
0.042165913532805875,100.35138639853339,181.56093580613327,43.84611198799247,22.22225303653645,,,3117,21.585,0,No Defect
0.03831262707347352,96.62526976816379,203.52585141346822,38.242842608826265,22.470985774419713,,,3118,21.59,0,No Defect
0.04369827109476838,102.94890174337277,163.13523240555423,36.03001283038683,25.635450353679186,,,3119,21.595,0,No Defect
0.040461116442298016,97.94228115666563,196.01918596624145,52.162869774389634,18.88026026523379,,Ambient RH high; Ambient temperature low,3120,21.6,0,No Defect
0.03974525753425186,98.7555201212175,213.00274392371122,42.020160491801434,20.794848595477617,,,3121,21.605,0,No Defect
0.0385647298685237,97.20059615716345,219.50978320418858,43.26516450695511,20.019450397018623,,,3122,21.61,0,No Defect
0.04129688367064554,99.3566266549082,188.6755758917384,49.107643584933555,20.219025765947865,,,3123,21.615000000000002,0,No Defect
0.04160338107597056,99.124077634974,171.9888120756127,43.63159258390345,22.847706450338567,,,3124,21.619999999999997,0,No Defect
0.04492655204438349,103.10358688570662,160.72253887489077,45.782795081473274,22.940240102489508,Paste volume per aperture high,,3125,21.625,0,Solder Bridging
0.0422843524631602,100.12967989362672,154.24867120138617,35.3681992814056,26.34863082098788,,Ambient temperature high,3126,21.630000000000003,0,No Defect
0.0414483043426793,103.10295123909681,227.09281580506726,33.21180995862426,22.50338608373976,,,3127,21.634999999999998,0,No Defect
0.040396199428420966,99.75155955681127,202.84607011645937,38.20661242089398,22.517406330332392,,,3128,21.64,0,No Defect
0.04008647258842809,97.36706900881086,177.65005000251878,37.77253545874732,24.193304303079344,,,3129,21.645,0,No Defect
0.040052688188669756,98.9696065299556,206.9961816054225,41.773156531497435,21.215388035886935,,,3130,21.65,0,No Defect
0.04009734645350625,96.6226405849576,166.67906977405505,42.293479967251784,23.535208867718687,,,3131,21.655,0,No Defect
0.041720484819551096,99.36335618340092,175.19145336558918,44.76083052963784,22.30331947745734,,,3132,21.66,0,No Defect
0.04180177423300431,101.47381307557997,185.50723464224333,34.31379907321805,24.715352473718823,,,3133,21.665,0,No Defect
0.03903564873009205,98.0212448067358,205.76330993904318,32.493015876029325,23.988474288850124,,,3134,21.67,0,No Defect
0.03891960686160691,97.01647497783813,194.17607892481297,35.5270257262642,23.806988281519118,,,3135,21.675,0,No Defect
0.038459381961385763,97.90378371063686,227.4859095807958,42.287985933216,19.77604631307232,,Ambient temperature low,3136,21.68,0,No Defect
0.040486257902041696,98.1821799005745,185.84463710088758,43.827884776925906,21.899958080870462,,,3137,21.685000000000002,0,No Defect
0.0415676297425861,98.09470319354273,158.10078316605978,45.77432602294975,23.039101043639754,,,3138,21.689999999999998,0,No Defect
0.03958644715068297,98.00485413294909,194.40825015454195,38.65868476091733,22.8693471038577,,,3139,21.695,0,No Defect
0.04063638642855875,99.88103820391665,196.84232855831277,36.3122264492934,23.41395581817541,,,3140,21.7,0,No Defect
0.04278238126752738,99.69520003144505,151.26973394052266,42.519905274565126,24.415426922771083,,,3141,21.705,0,No Defect
0.04318276953964038,102.61826699822626,187.93775711056156,41.535164882781004,22.45316526893095,,,3142,21.71,0,No Defect
0.03835137954685425,98.16421650195298,222.34649615955067,31.933699817268195,23.10434519345701,,,3143,21.715,0,No Defect
0.04172783869928937,101.24398013783033,191.6013381579704,35.927957534366854,23.848249440513342,,,3144,21.72,0,No Defect
0.03830125716384668,98.97861081480363,223.57301806541108,24.709633782569792,25.132995929018588,,Ambient RH low,3145,21.725,0,No Defect
0.034311506858591155,90.83611842668105,219.13937751214937,39.97863257967409,20.9116755343996,Paste volume per aperture low,Stencil thickness low,3146,21.73,0,Open Circuit
0.04309078205318275,102.35662428722901,187.6367332719373,43.33907755200352,21.9306157671951,,,3147,21.735,0,No Defect
0.03721058390673907,95.97878957604074,227.48706296539996,39.12213166367062,20.66741862770371,,,3148,21.740000000000002,0,No Defect
0.04187501224957254,102.71434067986642,222.51115339170664,42.315779240952345,20.073412202578343,,,3149,21.744999999999997,0,No Defect
0.04215209743899144,100.98410654532266,190.31734366172907,44.233557308303936,21.489759942802458,,,3150,21.75,0,No Defect
0.03827981185354442,96.7702342087918,218.33327939393575,41.13455954932929,20.644916459871975,,,3151,21.755000000000003,0,No Defect
0.04147429835073007,99.6371238509906,192.65286147138303,46.83610363981357,20.578702419079708,,,3152,21.759999999999998,0,No Defect
0.040868346440046145,99.45525874451435,186.82059564279487,37.824827681970426,23.55881231983605,,,3153,21.765,0,No Defect
0.03748313918942071,95.76752319054522,208.911017723657,35.85973635372977,22.746317779703535,,,3154,21.77,0,No Defect
0.037545907291995334,98.7258659969936,252.3177476411139,30.453067060329648,21.66453790983708,,Paste viscosity high,3155,21.775,0,No Defect
0.03910699594054409,97.59270706053775,202.22554758929923,36.73494033930213,22.91297632466841,,,3156,21.78,0,No Defect
0.03942733620679156,95.87835093348474,179.1348537722911,43.851024256179855,22.25338147309333,,,3157,21.785,0,No Defect
0.042385466456825734,99.19504817545065,141.31282709167823,39.02135640527754,25.999224145999886,,Paste viscosity low,3158,21.79,0,No Defect
0.03956464339321361,97.69782988137304,198.56237422074068,40.21481610156144,22.11838483610417,,,3159,21.795,0,No Defect
0.03704722457536703,96.3200965188398,235.87866421188062,36.58580657224675,20.866484678553192,,,3160,21.8,0,No Defect
0.042034565104998034,99.14968016314549,160.25209524399918,44.29566752285913,23.2875693255592,,,3161,21.805,0,No Defect
0.036405329840366256,97.63087614232472,258.7937163323332,28.47408826372091,21.8179867939768,,Paste viscosity high; Ambient RH low,3162,21.810000000000002,0,No Defect
0.04125028674676537,102.79426589602929,218.5028788006773,31.009042827579925,23.582286549886998,,,3163,21.814999999999998,0,No Defect
0.03972564095962429,99.50740622645993,224.64588324804834,38.720814768147044,20.945995981929464,,,3164,21.82,0,No Defect
0.03688214344893681,93.77838769051527,198.70763977861762,41.59165946398889,21.664958507594307,,Stencil thickness low,3165,21.825,0,No Defect
0.039936125417397425,100.6835913016322,227.36091687914987,33.068032079050525,22.4259406912221,,,3166,21.83,0,No Defect
0.04274187567127115,101.4442556654316,194.40745332903788,50.523301366551934,19.366993449315665,,Ambient RH high; Ambient temperature low,3167,21.835,0,No Defect
0.04010216348911448,97.41759258589,177.20489098670086,46.42540328986849,21.584722577803944,,,3168,21.84,0,No Defect
0.041722379407588765,99.38145918466007,185.4924165284934,50.676370565251666,19.855353595491014,,Ambient RH high; Ambient temperature low,3169,21.845,0,No Defect
0.04366661878354083,100.03934279377495,134.4610697192955,43.23106124799304,25.17740954881488,,Paste viscosity low,3170,21.85,0,No Defect
0.04064697362977314,98.38907382811752,198.32828297355692,52.150055013857006,18.622529064506153,,Ambient RH high; Ambient temperature low,3171,21.855,0,No Defect
0.04391106895244271,104.73517142098373,197.39199816622457,35.67559811494419,23.523001154979305,,,3172,21.86,0,No Defect
0.03871061842157323,97.61209823153466,214.55934416087695,38.35091229168608,21.639732150394128,,,3173,21.865000000000002,0,No Defect
0.03757469781654527,96.78306936203182,223.54232793497778,34.8423398887113,22.10113565070302,,,3174,21.869999999999997,0,No Defect
0.03755093963407699,95.71872421093119,211.96859020229996,36.99000926417024,22.183549070189134,,,3175,21.875,0,No Defect
0.03855906982654098,96.31407117017649,194.6040950614554,39.066771640142285,22.64379559937629,,,3176,21.880000000000003,0,No Defect
0.04092018877982517,102.47220644487746,232.53538023505604,36.467531584961506,21.0924958327525,,,3177,21.884999999999998,0,No Defect
0.04205460193061591,100.61466348673919,188.6871511412201,42.79994184367838,21.946758194739438,,,3178,21.89,0,No Defect
0.03879052082989508,100.73893641235206,248.762700228457,28.120974771353776,22.517115918309013,,Ambient RH low,3179,21.895,0,No Defect
0.041119742773976044,99.91743207706124,202.1343195704557,45.49851395677571,20.316941109331445,,,3180,21.9,0,No Defect
0.03838527249509201,99.0181384800343,238.41637221540014,35.10083401936022,21.101065732351515,,,3181,21.905,0,No Defect
0.03806448101495668,96.19210196592444,201.61830705490095,34.62052014242525,23.498118930264134,,,3182,21.91,0,No Defect
0.04102331916195238,97.21728710932356,159.93307261055008,44.95979791433958,23.058295941184387,,,3183,21.915,0,No Defect
0.040265397502509785,98.01918331543621,196.646389985448,48.31321638863436,19.814548694079107,,Ambient temperature low,3184,21.92,0,No Defect
0.03901007418412213,96.14489652540544,188.56614380439893,41.80933692939878,22.199861255602247,,,3185,21.925,0,No Defect
0.03764828065378718,96.16490499267177,214.0649159162165,37.04638837336016,22.01074342231557,,,3186,21.93,0,No Defect
0.042201834101279166,98.88799560920617,160.69724986179892,46.55190322707186,22.547325616139826,,,3187,21.935000000000002,0,No Defect
0.03914270422600973,99.32308588179588,225.48557735004474,36.74860012310329,21.402169645791577,,,3188,21.939999999999998,0,No Defect
0.039211735093579836,99.52818702676996,232.6132345122883,35.974869423180806,21.195863199919085,,,3189,21.945,0,No Defect
0.04051901291989436,99.12108074912602,190.39139460551178,39.17490061028086,22.853884550875822,,,3190,21.95,0,No Defect
0.04125861039979824,99.06944100750351,186.12370221225183,47.02181674081788,20.829550794038056,,,3191,21.955,0,No Defect
0.03716571787589676,96.61141360063063,222.03648299563787,29.902899215039618,23.590807535613674,,Ambient RH low,3192,21.96,0,No Defect
0.04243759001949242,100.418109558835,181.47476568214708,46.99561995777103,21.131040763144163,,,3193,21.965,0,No Defect
0.044121121977996745,101.08660299023138,149.29431292415498,52.49136772214976,21.502986451445807,Paste volume per aperture high,Paste viscosity low; Ambient RH high,3194,21.97,0,Solder Bridging
0.04012358970248768,99.87604404249724,215.32914045315437,35.62964676220298,22.35242204317477,,,3195,21.975,0,No Defect
0.035993676507729895,93.93768034259554,230.3953212001565,40.45274808384819,19.981643814626032,Paste volume per aperture low,Stencil thickness low; Ambient temperature low,3196,21.98,0,Open Circuit
0.04175871510957997,99.04767710509046,160.80188035614313,40.6138197333089,24.245118667584226,,,3197,21.985,0,No Defect
0.037512388846568254,97.03537256350019,234.99447348347735,36.46996352350643,20.869680299881278,,,3198,21.990000000000002,0,No Defect
0.040940885686250865,101.292182709913,214.99622990918593,37.459520700110616,21.829769279966442,,,3199,21.994999999999997,0,No Defect
