Paste volume per aperture,Stencil thickness,Paste viscosity,Ambient RH,Ambient temperature,mech causes,root causes,board_number,hour_of_day,stencil_batch,Defect
0.04086394270886572,102.44721814215487,195.0301453993111,45.068970749123245,20.82855794072233,,,0,6.0,0,No Defect
0.03959276192231294,103.41702978247585,235.625979648363,37.25390594769202,20.615740899168483,,,1,6.003125,0,No Defect
0.039193970346048004,100.34849311146858,199.37985560502426,38.752159269926814,22.4031662648268,,,2,6.00625,0,No Defect
0.03902200449045213,99.46155913113653,191.48859074893187,41.37076144689693,22.12050950623154,,,3,6.009375,0,No Defect
0.042549225867617196,104.01365285835297,177.1756552073596,41.92899296993272,22.866229504257735,,,4,6.0125,0,No Defect
0.04019292939822106,100.44972441537125,180.5855282045154,43.57740458430002,22.15660655844454,,,5,6.015625,0,No Defect
0.038953442261790906,103.12933398730173,240.45108112704145,32.798469669521765,21.623669394140347,,,6,6.01875,0,No Defect
0.037876567511387925,99.90701172189745,207.6403937308831,29.636322893873476,24.552539829907523,,Ambient RH low,7,6.021875,0,No Defect
0.04128442649290409,103.26365119915972,192.59911595139098,40.28669990960367,22.392560283911006,,,8,6.025,0,No Defect
0.03874796368979693,99.90229879340689,207.86682088801365,43.369569258468715,20.535931336934755,,,9,6.028125,0,No Defect
0.0405636843257264,101.81494579180885,184.78315394836486,40.304526235012325,22.86168827628384,,,10,6.03125,0,No Defect
0.04161979010250559,102.27695281299104,171.0709010709303,43.41519025535144,22.805259806340057,,,11,6.034375,0,No Defect
0.039166564740398355,100.67662378174808,196.20542058567722,34.80344633122939,23.76276793212503,,,12,6.0375,0,No Defect
0.04235892953130552,104.01511150499076,187.09422841021527,46.2555828492481,21.002082313330142,,,13,6.040625,0,No Defect
0.04062858103901873,104.38571879854194,222.1196990347951,38.51155165057104,21.099015154451994,,,14,6.04375,0,No Defect
0.041429547903454635,103.29166865180854,188.88650942638915,40.57909957310076,22.54512860439896,,,15,6.046875,0,No Defect
0.03961792124365803,101.83219224039028,218.29125167007578,42.48718804957228,20.173064970574522,,,16,6.05,0,No Defect
0.03912728611254796,102.06937672890493,224.74598462053814,37.04484768643674,21.363270884577528,,,17,6.053125,0,No Defect
0.04016884850259521,103.1790351328939,211.4561745533231,35.21014670904535,22.723186994124113,,,18,6.05625,0,No Defect
0.03745448552031464,99.58696914945848,226.06162550445907,37.198515822187076,21.225969733303618,,,19,6.059375,0,No Defect
0.03753822349227751,98.73421050963492,209.0805433942844,36.35410474992993,22.51795939300121,,,20,6.0625,0,No Defect
0.040702771985939315,104.90725843622224,228.98880462762023,36.78481411889298,21.19538712548464,,,21,6.065625,0,No Defect
0.03666265116186141,98.37135678463527,225.12409875584,39.45513812889794,20.616979379716007,,,22,6.06875,0,No Defect
0.04052448601717429,102.22003778486068,188.21817941215232,38.51631186326511,23.189967067039273,,,23,6.071875,0,No Defect
0.0413758542594059,101.92852867581412,182.235879459048,46.41229414404343,21.26634167186555,,,24,6.075,0,No Defect
0.04380989379010033,104.25474237973148,150.27003248330178,45.19358054385032,23.600000313349607,,,25,6.078125,0,No Defect
0.03730290679850228,99.13145795137298,215.0380634112691,34.190905931943,22.78769094666536,,,26,6.08125,0,No Defect
0.042695825195068995,103.40962263345818,163.84602323618066,45.00345315102182,22.815122567562565,,,27,6.084375,0,No Defect
0.040395624628106516,103.83750601791837,210.12112357559704,32.48289793308949,23.616054348265234,,,28,6.0875,0,No Defect
0.04135983677050812,101.48000788579596,159.79359986877824,41.33093419776579,24.12853532515961,,,29,6.090625,0,No Defect
0.0404356861393366,102.62173084083547,198.61632019079053,37.83019800328001,22.763949212477,,,30,6.09375,0,No Defect
0.0387575173861458,102.92609723468988,245.17462479211295,33.85185933241119,21.060962505283477,,,31,6.096875,0,No Defect
0.03830472089962994,101.06465160287667,233.81925167671355,38.60623345001656,20.366632921565728,,,32,6.1,0,No Defect
0.04071795633368546,103.52162535001929,220.751262268802,44.104496264535086,19.58261040828592,,Ambient temperature low,33,6.103125,0,No Defect
0.0384528536156117,99.11875845495555,196.84647727698237,40.53852703005889,22.071634802292962,,,34,6.10625,0,No Defect
0.04143873278538204,103.18421223860551,198.3204155889783,45.62287570501492,20.523863686313394,,,35,6.109375,0,No Defect
0.041088233020943755,101.69718205574135,170.07466839446445,40.759610874706006,23.672711643716006,,,36,6.1125,0,No Defect
0.04124187224635703,103.58608867810035,198.5018184050817,38.948021442023844,22.463735741649895,,,37,6.115625,0,No Defect
0.03922336954785924,102.06741755953377,222.27356107712652,36.10894090798018,21.820682453784762,,,38,6.11875,0,No Defect
0.04067018855572743,101.24144850816909,180.31540467019968,43.53950423068328,22.235168408910123,,,39,6.121875,0,No Defect
0.04062230516167761,103.07801416943425,211.85385434071787,43.7624238159163,20.234439818618963,,,40,6.125,0,No Defect
0.03836882621420281,100.76467575971677,224.56659636016536,39.02063726964198,20.823514790393116,,,41,6.128125,0,No Defect
0.04099295880997947,104.19668649321125,218.3811674056179,41.83872762624835,20.40239248606009,,,42,6.13125,0,No Defect
0.04132008705675804,102.03201258040251,174.95155564902439,42.16040196453068,22.97894123929487,,,43,6.134375,0,No Defect
0.04402592191115993,103.30745281097134,140.919255918892,49.41109547268171,22.975573836217233,Paste volume per aperture high,Paste viscosity low,44,6.1375,0,Solder Bridging
0.041894028835018235,103.69626089981837,180.17320434590954,37.85683428023505,23.922856431602526,,,45,6.140625,0,No Defect
0.03872966187404656,100.73069713215725,213.69338622126222,37.39556998501304,21.97760219229716,,,46,6.14375,0,No Defect
0.0411025852877813,100.17616837386315,157.14731594385086,46.18638473821183,22.900268033369077,,,47,6.146875,0,No Defect
0.03862155626240365,100.18838300391694,211.5098233521293,41.30355225644755,20.969294280478284,,,48,6.15,0,No Defect
0.039418196759525743,100.5136076587037,192.00203669361858,40.698740980057316,22.348016823672253,,,49,6.153125,0,No Defect
0.0378069247826548,100.71972310586837,245.82654984790813,42.81130878906769,18.420414483060522,,Ambient temperature low,50,6.15625,0,No Defect
0.03915776409006874,102.52460466953151,224.31570903879657,34.21928052706847,22.261302144427194,,,51,6.159375,0,No Defect
0.03838777530760787,100.02274719434212,191.1466198284491,27.401314890303958,26.284544618373047,,Ambient RH low; Ambient temperature high,52,6.1625,0,No Defect
0.037829711161301606,101.67207350940427,236.33407049061827,28.585420898200475,23.163009466113383,,Ambient RH low,53,6.165625,0,No Defect
0.04250682921358884,102.34196501106295,162.9383496554585,49.973997866943684,21.459293063722594,,,54,6.16875,0,No Defect
0.04080374381303817,102.77229019271287,193.73106447571774,38.66437340948263,22.859529374667552,,,55,6.171875,0,No Defect
0.0401974424971889,102.76958041398635,219.95122620236748,41.823078563574526,20.329034378356962,,,56,6.175,0,No Defect
0.03660470310491624,98.11493658919214,226.61209143238742,38.7095872352755,20.798494391747273,,,57,6.178125,0,No Defect
0.0396380097090875,100.70077305821077,190.41738009814125,40.095487503221506,22.6382645887517,,,58,6.18125,0,No Defect
0.038794811484433374,101.67440351115914,226.84780446609363,38.243346742235474,20.939269630190893,,,59,6.184375,0,No Defect
0.03855811598878281,99.53160800185657,205.63749903701716,42.79830274225982,20.910680854189685,,,60,6.1875,0,No Defect
0.04020406935607817,103.57455075748965,217.31435323493386,35.82811842721855,22.243760430912943,,,61,6.190625,0,No Defect
0.03962138367259082,102.75761420010787,227.3049400372046,40.2116764959608,20.347661004030126,,,62,6.19375,0,No Defect
0.04003653231084072,102.62760131156008,209.82238047166612,37.74728605767672,22.145188389486112,,,63,6.196875,0,No Defect
0.04016870660164773,102.6454466979573,204.16231908932815,38.68763967513297,22.216219362202832,,,64,6.2,0,No Defect
0.037888142721832156,101.09946411548694,241.239645237333,37.80393281869756,20.186766105373717,,,65,6.203125,0,No Defect
0.03997869899610453,100.5057348015346,184.8243642614092,41.69738952299419,22.53169071105257,,,66,6.20625,0,No Defect
0.03974422079225356,100.36399663645341,185.41080245002237,41.35212874856568,22.593525023478946,,,67,6.209375,0,No Defect
0.038569899183415766,100.58453123578087,216.60990398777292,37.91883033621594,21.676349923786642,,,68,6.2125,0,No Defect
0.040403608091812,100.20858467589821,162.76420764863198,39.0737969407387,24.658397798655926,,,69,6.215625,0,No Defect
0.040540766400154325,104.16013186295106,227.18918375939768,39.2135686101732,20.667398742399698,,,70,6.21875,0,No Defect
0.038256284968423204,99.92583224887923,211.07072802447263,37.62128715027141,22.102869489591548,,,71,6.221875,0,No Defect
0.04090330752935752,104.59542773576862,219.50056516188627,37.23226892030324,21.721791690244178,,,72,6.225,0,No Defect
0.039302150946913736,101.28593371305297,209.29828500508518,38.803155418210466,21.878409143019635,,,73,6.228125,0,No Defect
0.04004263093011478,102.38261471426145,217.39837593829031,44.27179848773113,19.790707377939373,,Ambient temperature low,74,6.23125,0,No Defect
0.03866534036104258,101.49337847691068,226.58128219447684,39.4298981438733,20.62835938779547,,,75,6.234375,0,No Defect
0.03853945864310621,99.44578183620239,187.38183792864965,32.901511930035596,24.9450315204938,,,76,6.2375,0,No Defect
0.04026158226919274,102.39456862185904,215.61282903678583,46.18230803362192,19.348727371715565,,Ambient temperature low,77,6.240625,0,No Defect
0.038437373285733906,100.76602773469159,212.33144950950808,35.20603412165625,22.738680127154,,,78,6.24375,0,No Defect
0.039183955437235116,98.63346913969187,184.3408805263612,47.40915832265431,20.905491274912315,,,79,6.246875,0,No Defect
0.03722678699151524,98.12962762217846,210.43167606488353,38.51796407619371,21.885947722523834,,,80,6.25,0,No Defect
0.04108333264616473,101.37260423640616,172.1305782329187,43.653629661644906,22.768143751488225,,,81,6.253125,0,No Defect
0.04123772290706475,101.45151623562363,161.37699484648775,41.16191310337107,24.154990723299665,,,82,6.25625,0,No Defect
0.038698145639656116,102.40412770933459,237.87289961489682,36.32683466270287,20.855923446663397,,,83,6.259375,0,No Defect
0.04358429115361185,107.55392374093988,202.29716636432224,39.902132841903565,22.035298500287315,,Stencil thickness high,84,6.2625,0,No Defect
0.04238048231177917,102.79929717140641,169.2459101455029,48.437506658168466,21.562734922081216,,,85,6.265625,0,No Defect
0.037941939929588074,96.95932491551028,177.97232017286282,42.969678894505236,22.590350528194705,,,86,6.26875,0,No Defect
0.04012887421250351,103.9314166253499,219.20147875730734,29.80674013770561,23.92834477665229,,Ambient RH low,87,6.271875,0,No Defect
0.04066801105288992,102.30114121475624,181.62663888505347,34.508536739364054,24.862537153427084,,,88,6.275,0,No Defect
0.04116477195663107,103.31784025105506,191.8592140646565,36.92435910377761,23.536215159776088,,,89,6.278125,0,No Defect
0.039890981264054666,102.81164995356406,211.56878069705664,35.06944365749788,22.85768980888997,,,90,6.28125,0,No Defect
0.03862094386008913,100.1548281928491,202.15193181602464,34.97059152531767,23.457938593796783,,,91,6.284375,0,No Defect
0.0434172772070579,105.13406554718566,170.48238856425806,41.8654828707435,23.425771395605807,,Stencil thickness high,92,6.2875,0,No Defect
0.03961566411337309,102.08842242692062,218.39355032141282,39.647276718303765,21.107534205360565,,,93,6.290625,0,No Defect
0.03952159827362533,98.18754762407325,153.7257263180017,42.42720077975231,24.258706779319006,,,94,6.29375,0,No Defect
0.03956684771449493,101.98853919813232,215.34802425788632,42.62972268132758,20.417860522023005,,,95,6.296875,0,No Defect
0.039777510928920574,100.1985522044187,174.94399607877884,37.61163474756929,24.370648368250883,,,96,6.3,0,No Defect
0.03752625183898001,98.35038080207717,200.63534287583022,37.65175812448327,22.763200257414866,,,97,6.303125,0,No Defect
0.03998613306004241,103.58369522244385,226.6493659536716,35.407355570603116,21.84987843195667,,,98,6.30625,0,No Defect
0.04093733468264058,101.24830333705764,173.47310909389319,42.087794339476474,23.170548075037022,,,99,6.309375,0,No Defect
0.04161091511980132,105.76637840474282,212.83409196114425,33.37107652320881,23.304173148804193,,Stencil thickness high,100,6.3125,0,No Defect
0.03915273518772192,100.04296155125138,190.6402561387182,38.03398443997372,23.28742189806424,,,101,6.315625,0,No Defect
0.040470409794605096,102.0667181954744,194.08678235021182,38.85763523766414,22.84986392690317,,,102,6.31875,0,No Defect
0.041313863794572706,103.6281782590187,192.86608953241674,37.360745005355646,23.367507493233592,,,103,6.321875,0,No Defect
0.037096377238250086,99.46667349577471,227.4264941893277,34.061897047743926,22.177382708687386,,,104,6.325,0,No Defect
0.03686074028336354,96.39683700499972,195.35205960900888,41.12318803694624,22.083851654828024,,,105,6.328125,0,No Defect
0.04111071386903862,100.5998648975022,161.93334833033725,43.854264028768846,23.37525076749092,,,106,6.33125,0,No Defect
0.04008244125166454,100.61651991245984,181.8503771112396,42.332107230850184,22.58602228251447,,,107,6.334375,0,No Defect
0.04145353238416573,101.63463430183873,172.38468033068006,47.81216900483088,21.57842418972912,,,108,6.3375,0,No Defect
0.03861394759637977,101.02267035556918,219.3864293541107,36.80980217294221,21.888425309765527,,,109,6.340625,0,No Defect
0.040150606974043185,101.60142512876422,203.321274696402,44.37743773232234,20.678878258320886,,,110,6.34375,0,No Defect
0.03928361593952167,100.30055352085705,194.15747611435654,39.61842035502944,22.62427345216209,,,111,6.346875,0,No Defect
0.04050400994880169,104.86451939987087,238.11905571731927,37.48023797570034,20.56496690358099,,,112,6.35,0,No Defect
0.039290228109965575,98.28155084867805,163.24781195311198,39.177669187820364,24.65708870567475,,,113,6.353125,0,No Defect
0.04003203537550414,103.87002740508498,231.30246094794055,36.46730751427974,21.27767398008616,,,114,6.35625,0,No Defect
0.03615413771290362,98.11214391840267,237.9662435158894,35.67765145416036,21.072940766976245,,,115,6.359375,0,No Defect
0.04058875210512761,101.69458215473729,192.1383372394432,46.31375759528198,20.80725827099687,,,116,6.3625,0,No Defect
0.04043173395488028,101.47910261580697,183.40557309227154,40.08744587510426,23.163890526010857,,,117,6.365625,0,No Defect
0.040124476277697795,101.14708148352474,193.59974917683667,43.19644943585964,21.63135858066566,,,118,6.36875,0,No Defect
0.03911292048651864,100.40608780764579,195.91413873524195,36.2346208347755,23.516736155307992,,,119,6.371875,0,No Defect
0.0413166421614532,101.75666222900072,179.1702124710572,48.047794937017315,21.110417372669126,,,120,6.375,0,No Defect
0.04326434036247925,103.89627543753934,154.02713905196356,39.76452650919764,25.09475094998256,,,121,6.378125,0,No Defect
0.041138148438718714,102.70722742155965,192.1466840855923,40.915733169151515,22.403682204697034,,,122,6.38125,0,No Defect
0.04022475642645114,102.00849744127645,204.7040611096063,42.72194976710877,21.09669519028383,,,123,6.384375,0,No Defect
0.03862511539446484,100.88100836199892,230.30011266834535,44.51443470252249,18.990268609961195,,Ambient temperature low,124,6.3875,0,No Defect
0.03911083456423962,99.45866885286621,188.51283006210312,41.2310534204181,22.520038639103262,,,125,6.390625,0,No Defect
0.037056269751946896,100.69167750772152,248.21200312274536,31.826256035140496,21.58983565395402,,,126,6.39375,0,No Defect
0.037121681862276434,99.83415470752918,236.70218947993018,33.3784692741605,21.84674927301553,,,127,6.396875,0,No Defect
0.03941596441143924,103.23051000228496,232.21043635964978,32.51452297504213,22.394734429915193,,,128,6.4,0,No Defect
0.03952564762209623,97.64111812941616,155.7472985013062,45.937600784381004,23.165851309648502,,,129,6.403125,0,No Defect
0.04321591830544186,106.31906180022504,193.88287546828454,38.576350861694344,23.00852757560638,,Stencil thickness high,130,6.40625,0,No Defect
0.04010299955011772,101.75419249621781,199.31822677761667,40.241502823529416,22.16269383724706,,,131,6.409375,0,No Defect
0.03900222068327847,99.92093235432048,197.7057656625409,39.54573198060807,22.459133216447793,,,132,6.4125,0,No Defect
0.04018511576257674,101.48332253328057,203.38478494786239,42.233886911472375,21.342066298834208,,,133,6.415625,0,No Defect
0.04216733549901391,101.09054856632238,144.98828445289797,46.24957818327067,23.763584260958154,,Paste viscosity low,134,6.41875,0,No Defect
0.03864713124841637,98.82725850193992,201.46774407420668,47.712289915616196,19.842844280763682,,Ambient temperature low,135,6.421875,0,No Defect
0.041255215528171456,101.409247107414,167.3930760035215,43.29163225654763,23.246493520381186,,,136,6.425,0,No Defect
0.041240129340881115,102.55306110573736,184.08410497175396,41.71282407885376,22.684460989654625,,,137,6.428125,0,No Defect
0.03937216589216141,102.51151915517045,218.49796241049575,33.81538569056894,22.86571140125904,,,138,6.43125,0,No Defect
0.03946160102811763,101.51249887805761,202.09768239184282,35.90201439786975,23.264031820538552,,,139,6.434375,0,No Defect
0.03909081966037018,102.08429731220365,221.0040198340478,32.51519592348392,23.097030939421728,,,140,6.4375,0,No Defect
0.041054042603358834,101.00558405898248,180.3029875247679,47.25480004115635,21.309810095431448,,,141,6.440625,0,No Defect
0.04036702598693396,101.86271787693677,192.1625759075079,39.492044432801066,22.83846612285699,,,142,6.44375,0,No Defect
0.041918990249960625,103.688400559538,188.43743366003963,41.864567222892354,22.390114357556783,,,143,6.446875,0,No Defect
0.04053536443928195,99.92324027639205,157.51780732477224,41.80342020230147,24.292243947258658,,,144,6.45,0,No Defect
0.03967999490042497,101.32322627472892,204.88636588689872,40.000804692294075,21.9107947044644,,,145,6.453125,0,No Defect
0.04034063672070114,100.68166694802854,182.71060202145708,42.090673029009736,22.670424896520352,,,146,6.45625,0,No Defect
0.04082199620583352,102.77288844352276,204.35803467823203,45.18878923821029,20.435822103464165,,,147,6.459375,0,No Defect
0.036798138606568345,96.74539557997889,197.8044815609746,37.8634564699953,22.94920323595196,,,148,6.4625,0,No Defect
0.03873770241480483,100.59698325157304,208.17032946554957,35.12099756019333,23.13240701173344,,,149,6.465625,0,No Defect
0.038394205949791184,98.24475262300277,182.30835070491372,39.98899451425646,23.29255885534092,,,150,6.46875,0,No Defect
0.044578543369618334,106.83371016135565,175.22990994422926,43.37226806815247,22.79453675628766,Paste volume per aperture high,Stencil thickness high,151,6.471875,0,Solder Bridging
0.038998784109712706,100.77045102008645,225.5025192390367,46.15271290223558,18.854703794639917,,Ambient temperature low,152,6.475,0,No Defect
0.03877695422638775,100.34280307516224,219.5461664601188,43.305788669587805,20.052003610066137,,,153,6.478125,0,No Defect
0.041231004030417746,102.10650609960521,184.6902783844777,45.86449942037315,21.460333838332055,,,154,6.48125,0,No Defect
0.03726888354236323,97.92996338449977,206.30445277069114,37.98820685873227,22.40599763717121,,,155,6.484375,0,No Defect
0.040309078135148196,100.17422952402379,176.48844404864195,45.62892598948228,22.028656424330684,,,156,6.4875,0,No Defect
0.04187981884966424,104.57453155801127,203.31479423324197,41.255209099630086,21.675579500552715,,,157,6.490625,0,No Defect
0.04074724169980935,102.62406992567276,199.68618154893807,39.601993301322864,22.375999064780984,,,158,6.49375,0,No Defect
0.04183176525863462,103.38450342215987,189.6636591939931,44.22238549222233,21.64917723522539,,,159,6.496875,0,No Defect
0.04163197172479483,102.56190910297755,179.17075223587852,42.87835992413608,22.686126499848143,,,160,6.5,0,No Defect
0.03946225208153224,101.35541819140828,205.02394150765764,38.883598981939855,22.24662736113488,,,161,6.503125,0,No Defect
0.039674971221399236,100.70324422581703,203.63402649790328,45.34533420918763,20.451463909387062,,,162,6.50625,0,No Defect
0.03741614156736921,99.36669978833548,229.71563455917905,39.210802525647715,20.6261288056061,,,163,6.509375,0,No Defect
0.03910027209384839,102.54003077091963,245.7998437622193,41.869285505325905,18.87963981004234,,Ambient temperature low,164,6.5125,0,No Defect
0.04252789439272544,106.18752565883045,205.49513480257576,36.70173713822913,22.889055526686374,,Stencil thickness high,165,6.515625,0,No Defect
0.03766157616126434,98.06155834527284,195.2977265851195,35.819273721725295,23.73556985055159,,,166,6.51875,0,No Defect
0.04040737335398471,104.02786135351,218.0751631538249,34.65231063652838,22.698477528485245,,,167,6.521875,0,No Defect
0.039913966994802534,102.39077211585438,205.61270383032547,35.25654048401985,23.28547384672039,,,168,6.525,0,No Defect
0.04085652819923158,102.82865768133146,213.76203851192093,46.835776314700105,19.41722238309196,,Ambient temperature low,169,6.528125,0,No Defect
0.03891616191900365,99.785658249635,194.47565336872873,39.7100149010481,22.6618023840124,,,170,6.53125,0,No Defect
0.03900729202881029,99.51439444501749,195.74785433083952,41.786842945501654,21.98390646131415,,,171,6.534375,0,No Defect
0.04035294718957107,99.96663873691213,180.17793066230573,51.05362618214489,20.240735123510497,,Ambient RH high,172,6.5375,0,No Defect
0.039325664602282866,101.2900595662934,212.19351958908933,40.30384010375133,21.410831245840175,,,173,6.540625,0,No Defect
0.03969223291480476,100.24052754086745,179.7587199475807,36.688357415411105,24.463221558234228,,,174,6.54375,0,No Defect
0.04312130260920667,104.0336344450503,168.67587598861766,45.45314122590541,22.611841546672647,,,175,6.546875,0,No Defect
0.04439513316038032,105.28868259481395,154.4179621086398,46.02003885141532,23.33006073363407,Paste volume per aperture high,Stencil thickness high,176,6.55,0,Solder Bridging
0.04321200698592231,105.55994579298091,183.79702960597854,41.70251542430942,22.78150512660003,,Stencil thickness high,177,6.553125,0,No Defect
0.04142707751309772,103.67464577697481,204.72883480952092,44.88320127918914,20.555175016499145,,,178,6.55625,0,No Defect
0.041128311271491996,102.49482948400501,189.4347391735671,43.5561385522859,21.879627929766468,,,179,6.559375,0,No Defect
0.04064123926250787,101.71169575195995,188.4033477477155,43.32368109025312,22.008203402220573,,,180,6.5625,0,No Defect
0.04008076781577732,99.88901438567201,180.03937786795336,46.578955442039174,21.56955468225823,,,181,6.565625,0,No Defect
0.039464676493666986,101.33294793816104,209.4433005967601,41.463770762291155,21.253575558695456,,,182,6.56875,0,No Defect
0.04048530651149057,102.85955391039258,208.19078888800482,39.015607395325844,22.0594189482418,,,183,6.571875,0,No Defect
0.04186738452422781,102.10700791360316,168.62768886411132,44.275643193447124,22.963787152416405,,,184,6.575,0,No Defect
0.03735069715116828,98.20128735502821,212.50169122481515,41.47162049423875,21.051423465021667,,,185,6.578125,0,No Defect
0.03903433276433852,103.06788442951404,231.50213022854797,27.149900360261277,24.09022471149323,,Ambient RH low,186,6.58125,0,No Defect
0.03912676922138181,99.37131917886043,192.97930164194034,44.05966584077844,21.51372181590293,,,187,6.584375,0,No Defect
0.03777314649954132,100.48869907292135,236.20483835237042,37.12390505721917,20.878527056984247,,,188,6.5875,0,No Defect
0.03813878479980647,97.72354489465455,182.92767202440663,39.69898946490482,23.398909542646553,,,189,6.590625,0,No Defect
0.03958041434487619,101.61409924927618,201.65379954287417,36.58321166541685,23.16935709806783,,,190,6.59375,0,No Defect
0.04194333014570817,103.96294818688739,194.16803607582528,43.335002787128914,21.680156221400523,,,191,6.596875,0,No Defect
0.04111789776643844,104.42423249803927,216.17561819963663,39.27425810862927,21.51024187891601,,,192,6.6,0,No Defect
0.042504818436634006,103.19215422899136,180.26373326789763,49.88474971080835,20.630131614621735,,,193,6.603125,0,No Defect
0.04022281401599842,100.90392834303567,191.50438189824902,43.743441572735655,21.71803208561592,,,194,6.60625,0,No Defect
0.03671349220128164,97.69346846888702,201.92112339986656,28.335263886000238,25.55232119864403,,Ambient RH low,195,6.609375,0,No Defect
0.04136675452788349,103.48956520850597,191.2025117857524,37.47013828660648,23.578426908896517,,,196,6.6125,0,No Defect
0.03798523814679229,101.51516447269448,247.11623377892883,36.28331547546684,20.470375940116153,,,197,6.615625,0,No Defect
0.0403624434828117,99.26365043712173,159.774057238033,44.07765573067423,23.573929172034678,,,198,6.61875,0,No Defect
0.039511077856295054,103.42251087921714,239.31074173839076,36.102674018848504,21.01791056090552,,,199,6.621875,0,No Defect
0.042433920835999915,105.20381425694217,198.26139754686255,39.75501263077217,22.494595396163845,,Stencil thickness high,200,6.625,0,No Defect
0.0406843952960057,103.41552436792819,214.5128918294161,41.62458209349712,20.935694712194717,,,201,6.628125,0,No Defect
0.042291364139330274,104.11044459006312,198.9627703397673,47.46453971854909,20.20327172739109,,,202,6.63125,0,No Defect
0.04034422932654909,101.05497339292727,182.94075455922172,40.21639518990521,23.286746225777517,,,203,6.634375,0,No Defect
0.04090937595614335,101.72033846170908,182.8727909266321,44.949000111252595,21.90977207767967,,,204,6.6375,0,No Defect
0.0407589045949973,102.36727018462322,195.67470126399493,41.83619716929193,22.03709984576076,,,205,6.640625,0,No Defect
0.03955234095587573,98.93285958728076,176.45465848930252,45.739936625023795,22.068304798275893,,,206,6.64375,0,No Defect
0.04273765983866547,102.69390980447753,148.69116380469637,42.0509488610651,24.875885848364327,,Paste viscosity low,207,6.646875,0,No Defect
0.04292888181758577,103.88493195712243,176.4363028743955,47.631555818077736,21.54892267653405,,,208,6.65,0,No Defect
0.041536963574482826,103.94279658973996,190.15410684140036,37.05567400566015,23.781406276068104,,,209,6.653125,0,No Defect
0.038911948991928,100.98298224962035,218.2403701253618,39.5694020383671,21.30846974252573,,,210,6.65625,0,No Defect
0.03883183495312887,100.35197617916701,215.60944539588806,42.93398018872734,20.487981294358924,,,211,6.659375,0,No Defect
0.041342227658430826,99.17608468353207,146.76752969885462,50.17403680044856,22.623982004232495,,Paste viscosity low; Ambient RH high,212,6.6625,0,No Defect
0.038052540609252915,97.91461189699247,199.0708436677717,44.079305429137236,21.167282395731206,,,213,6.665625,0,No Defect
0.0399183903020023,102.09106887929524,209.49296093548463,37.39703212292443,22.49688702524315,,,214,6.66875,0,No Defect
0.039141201438713545,98.65905120343706,176.4323330112867,43.521686362828234,22.725696034848085,,,215,6.671875,0,No Defect
0.03939358387993158,100.48604145076995,196.44735379336856,41.71573022991207,22.02743288640758,,,216,6.675,0,No Defect
0.04074797817486576,103.63939225426799,213.96745964164327,38.60604463656216,21.878380804793228,,,217,6.678125,0,No Defect
0.03987546280765029,101.37298257971425,204.77260654586382,42.20494566812225,21.3856998039668,,,218,6.68125,0,No Defect
0.03985960838754718,101.50734196839183,190.12351881330403,34.72431974847841,24.46708576154906,,,219,6.684375,0,No Defect
0.041735854620933314,99.49929250945881,148.7469245485784,55.4563387228958,20.972419832073093,,Paste viscosity low; Ambient RH high,220,6.6875,0,No Defect
0.03819127532767113,100.53475239482083,217.9652809075513,32.51202250443295,23.398567948531323,,,221,6.690625,0,No Defect
0.03966834311273434,101.49429635896377,211.7016016899408,42.27698153334531,20.943155779099527,,,222,6.69375,0,No Defect
0.040634782389810206,105.31234121923777,237.18107201195818,34.620457197507875,21.62520583160879,,Stencil thickness high,223,6.696875,0,No Defect
0.041922858576609615,105.01140355925251,210.31637913861343,39.66625774633832,21.815094046620175,,Stencil thickness high,224,6.7,0,No Defect
0.0380061434969462,99.94092243751518,215.74629210970681,34.662573426060085,22.910318304018247,,,225,6.703125,0,No Defect
0.040558941639867827,102.6474406376961,213.15922119574088,44.930002582292474,20.092743086724912,,,226,6.70625,0,No Defect
0.041676851917152626,104.76567429395845,200.70909267763122,35.84185972829516,23.519223665133623,,,227,6.709375,0,No Defect
0.03948244313637145,102.81415281015894,227.21716124158718,35.60055778444921,21.94894535634498,,,228,6.7125,0,No Defect
0.04002709688155146,100.13136855469779,171.60517404877697,40.39993135853709,23.961405437549505,,,229,6.715625,0,No Defect
0.0382756557534235,96.99992524269986,171.16077625418416,40.10211227165583,24.070014470947672,,,230,6.71875,0,No Defect
0.0417563906853402,102.39066272816935,188.49662066305817,51.65067372569429,19.659745565602726,,Ambient RH high; Ambient temperature low,231,6.721875,0,No Defect
0.035652744479351454,100.17638909993588,264.63440351102065,23.168118132152646,23.262665466518623,Paste volume per aperture low,Paste viscosity high; Ambient RH low,232,6.725,0,Open Circuit
0.04424349958646488,107.57959559873612,195.79254366160595,43.5817492431732,21.59134829802908,Paste volume per aperture high,Stencil thickness high,233,6.728125,0,Solder Bridging
0.04132001638713362,103.21656006049062,195.62033695508055,40.98886314532021,22.33850070109261,,,234,6.73125,0,No Defect
0.03951181744117951,98.83154198721877,173.2632310619754,42.321438822291114,23.310076589621385,,,235,6.734375,0,No Defect
0.04031289271568858,103.6575571344321,227.81705731819352,37.68220875359729,21.32752306662554,,,236,6.7375,0,No Defect
0.04163629806730106,101.88047019646734,168.94420582770192,44.313999755577555,23.009810001470367,,,237,6.740625,0,No Defect
0.04018328126886648,99.96820131650148,171.40920048472555,42.19067006341435,23.46889001006193,,,238,6.74375,0,No Defect
0.04076612461310685,102.26525870358499,197.27173421446543,42.82924990505381,21.702668480818996,,,239,6.746875,0,No Defect
0.040217804939477034,101.18134951540391,191.5448027381992,42.353618154923495,22.18917742245862,,,240,6.75,0,No Defect
0.04007060176450283,100.67744417368831,183.01376206578448,38.219367910118685,23.92411430524343,,,241,6.753125,0,No Defect
0.03783652918579486,98.45507205223177,199.71395773969144,38.2673653875618,22.8641282077907,,,242,6.75625,0,No Defect
0.042170217336664255,102.81146619925887,173.45785339761267,43.98765183102389,22.845042972997998,,,243,6.759375,0,No Defect
0.03793439146245183,99.85957503598252,224.9748795551519,39.30269867387577,21.017584347257788,,,244,6.7625,0,No Defect
0.039774200822918764,101.35051744495307,201.5714781694579,40.3380882785745,22.1657355933137,,,245,6.765625,0,No Defect
0.0390303458035367,98.76100621383608,182.6556115857808,45.22138221028246,21.892354499843435,,,246,6.76875,0,No Defect
0.04285094154144357,106.5565208077516,204.59285781082622,37.89130985414195,22.723204985991654,,Stencil thickness high,247,6.771875,0,No Defect
0.039340577179914855,100.59118112205825,197.81020387674084,36.83502445268348,23.42478383278868,,,248,6.775,0,No Defect
0.03787118151728504,99.43151872945938,211.93914541242026,35.50592425794453,22.933036999770113,,,249,6.778125,0,No Defect
0.0405755051721327,103.17719600648024,198.03772344316212,32.95933814342206,24.551801712879943,,,250,6.78125,0,No Defect
0.03789605242349609,101.59280481290816,247.94349281729174,33.79936365736162,21.228384882272035,,,251,6.784375,0,No Defect
0.04097110674683301,102.58198946164437,197.32267213350704,41.41362220630791,22.13725105358078,,,252,6.7875,0,No Defect
0.03754110422540907,98.90791940297203,211.0480750857139,33.957986015144044,23.44537715971969,,,253,6.790625,0,No Defect
0.0418981327914316,104.20246847895034,189.64938415178597,36.89621511072423,23.935558705722315,,,254,6.79375,0,No Defect
0.04024649044831904,104.78245316028989,241.41506685879585,35.74780363738384,21.082944550734574,,,255,6.796875,0,No Defect
0.040232269788011005,101.54124322354701,199.92595618481343,43.91180159640606,21.24429839247413,,,256,6.8,0,No Defect
0.03768456566607633,96.79602192539537,188.28736438975366,42.33967504437866,22.403088638766416,,,257,6.803125,0,No Defect
0.04067586085512275,105.43532198716336,238.76644938692948,35.347921492563316,21.368693511234135,,Stencil thickness high,258,6.80625,0,No Defect
0.039827999676798384,102.53262184591124,215.69815753398058,36.900908193242145,22.326395841728218,,,259,6.809375,0,No Defect
0.03883797980631598,101.63720408849822,225.17586918033035,34.744717542092786,22.370518596242565,,,260,6.8125,0,No Defect
0.038437280562045685,99.97770132066417,212.24930360913967,39.448698638190365,21.78434395190876,,,261,6.815625,0,No Defect
0.03995647021853138,102.52582205709601,223.30603095855045,42.69803810355604,20.17266921040769,,,262,6.81875,0,No Defect
0.03771830268718119,97.83011339873411,196.59936548009736,38.545496519749335,23.00921650035638,,,263,6.821875,0,No Defect
0.04009853210196638,102.28985990559717,208.1505726825268,39.11917021876497,22.151268814798414,,,264,6.825,0,No Defect
0.036564040049467166,96.83844125807772,208.53103134442756,36.710703392302236,22.80827160010497,,,265,6.828125,0,No Defect
0.04266245890654855,105.75013878059677,200.03111816947194,40.97178487790012,22.129735499702324,,Stencil thickness high,266,6.83125,0,No Defect
0.039413701088960584,100.11041023124265,191.76091997472403,39.547790659562395,23.032672048688493,,,267,6.834375,0,No Defect
0.04027928884111832,101.7792114102334,200.63762203756093,43.028680753463355,21.47695174159667,,,268,6.8375,0,No Defect
0.03741729369804607,95.58014548358423,180.29444596503993,44.84776967565173,22.178434218278525,,,269,6.840625,0,No Defect
0.03796480408040652,97.10782242909465,186.9789006746442,44.87410529692518,21.7616969497461,,,270,6.84375,0,No Defect
0.03549335954473859,96.27519486970809,226.85050677340624,35.80360691634457,21.95088806121361,Paste volume per aperture low,,271,6.846875,0,Open Circuit
0.0399733713394582,102.2214785978262,211.1421866347998,37.692678389066195,22.39907961394811,,,272,6.85,0,No Defect
0.039724267029787756,101.17978753611226,195.84746662129803,36.4323381939696,23.703375565818895,,,273,6.853125,0,No Defect
0.03969919220825077,103.42334271255662,223.96265354953803,29.24684987635767,24.080440941554244,,Ambient RH low,274,6.85625,0,No Defect
0.03963592004863967,100.25188936408131,197.3792166777081,43.71393342789682,21.48680867462171,,,275,6.859375,0,No Defect
0.041179127089784696,102.02995239567734,195.79922815399615,48.32639032995558,20.2512711589797,,,276,6.8625,0,No Defect
0.04052056427442677,103.70634904430703,228.62432175841943,41.97839893510028,20.085695897857654,,,277,6.865625,0,No Defect
0.0408000367550723,101.40128791783117,194.433238085624,48.838110619323324,20.1840450666455,,,278,6.86875,0,No Defect
0.0403212173495678,100.0479873332756,167.85286287559325,42.309749767606114,23.71512937964024,,,279,6.871875,0,No Defect
0.03817909132478643,100.36422574784363,230.52472155272648,41.01522491506674,20.23466613670503,,,280,6.875,0,No Defect
0.038683694444961406,98.31160915775315,194.16193921841625,46.30276195252983,20.929608484064264,,,281,6.878125,0,No Defect
0.0423101488811065,104.51727794551769,195.1513544150538,45.08669127848336,21.248550065590546,,,282,6.88125,0,No Defect
0.04161380687220059,103.16866031848343,190.46534909169492,44.27120772560647,21.77149721681212,,,283,6.884375,0,No Defect
0.04093626680433127,103.81571719355885,209.56518178919987,36.204984846399896,22.956197951852293,,,284,6.8875,0,No Defect
0.036579885175160184,100.74382266900241,255.25954205670425,27.351203410012715,22.703242741320786,,Paste viscosity high; Ambient RH low,285,6.890625,0,No Defect
0.040534677285957374,103.07716313243266,215.6341429741861,40.40163225379707,21.358333832915452,,,286,6.89375,0,No Defect
0.04049149573535603,101.64379120626425,201.81760671954518,46.59666741446424,20.396190362803203,,,287,6.896875,0,No Defect
0.04115295977663822,104.16010196300203,213.07298346851243,37.28575141706828,22.434663890045023,,,288,6.9,0,No Defect
0.038867084749147164,99.6526556576889,202.8662352990824,43.32274523504465,21.27591086007237,,,289,6.903125,0,No Defect
0.04053715809761893,104.23260276668583,227.40797416529395,40.050921227862354,20.73737456356552,,,290,6.90625,0,No Defect
0.03693747774531288,99.39488480267443,238.7626122478199,37.337447958389205,20.808901156050158,,,291,6.909375,0,No Defect
0.03975918133772422,99.63346836143542,178.96625564299947,41.22844385043689,23.369839400120192,,,292,6.9125,0,No Defect
0.041023723640674095,104.67381603768355,224.11116494174044,36.633038011623164,21.954747878668076,,,293,6.915625,0,No Defect
0.04208131989358331,102.75474845584303,172.70482090606606,43.49276625491429,23.112591435526245,,,294,6.91875,0,No Defect
0.041127564315863264,102.43834010784019,191.93602493317687,41.773000555218054,22.43112401483678,,,295,6.921875,0,No Defect
0.04125644921396414,102.23743632094464,194.58804956877447,47.06909843191678,20.72404253607179,,,296,6.925,0,No Defect
0.04162206984573994,101.23737382571413,151.90099189608546,38.33490140792966,25.898771523499587,,,297,6.928125,0,No Defect
0.03904014448031813,103.84531524731584,248.8334988840817,30.906648837425927,22.098679057052912,,,298,6.93125,0,No Defect
0.0434892287919029,107.64347627263278,217.39525950599278,43.45456157191594,20.399424372364173,,Stencil thickness high,299,6.934375,0,No Defect
0.04135381561516295,102.0979945611535,175.01535021762507,40.45522224700724,23.861173120203688,,,300,6.9375,0,No Defect
0.03921169335261345,101.58391176423882,224.11427139717762,40.315665211714766,20.874730343998518,,,301,6.940625,0,No Defect
0.038014242235765924,99.2242937279063,207.17441184918775,33.916341884526446,23.778226643453834,,,302,6.94375,0,No Defect
0.039788242651125086,103.22460818407164,232.14790806037223,36.57125949156191,21.485314197429663,,,303,6.946875,0,No Defect
0.042123763037822365,104.34272275045869,192.80742872595295,39.055875570309794,23.193057998034373,,,304,6.95,0,No Defect
0.041893677532799795,105.81162774639077,228.40144930224835,41.34261404220909,20.34108951552484,,Stencil thickness high,305,6.953125,0,No Defect
0.0402450456566629,99.39498023866761,168.99217705751295,45.59537267786552,22.731176788138352,,,306,6.95625,0,No Defect
0.03722630796924404,99.35471480519155,226.72165047335136,32.60848826608383,22.96101145398856,,,307,6.959375,0,No Defect
0.039952142894541014,103.72121414915168,241.82237492437147,39.86079295898668,19.939611382705372,,Ambient temperature low,308,6.9625,0,No Defect
0.040815346408361375,100.96707890543173,178.11429539031334,45.278957876911946,22.271171660403166,,,309,6.965625,0,No Defect
0.03982580044556114,101.01409973560025,192.31459656999832,36.70791393045888,23.899430213810096,,,310,6.96875,0,No Defect
0.04063896458189993,103.28411375681229,206.31015688789572,37.72999186410334,22.74530770221856,,,311,6.971875,0,No Defect
0.03996283553015631,100.43970101915924,172.16984617236758,35.63440910917151,25.44856071324174,,,312,6.975,0,No Defect
0.0395106825720551,101.04935014728746,208.05931907276118,38.980680915918384,22.274292030871624,,,313,6.978125,0,No Defect
0.04138147700183073,101.19401086699185,169.27793620311368,44.021519454650246,23.197571363173047,,,314,6.98125,0,No Defect
0.039938008211408096,99.2791431825348,179.20251384541126,46.69393585930018,21.797399545972684,,,315,6.984375,0,No Defect
0.040348853147268396,103.29588359115081,211.33132555393937,34.46876477056593,23.398196558014746,,,316,6.9875,0,No Defect
0.04120552944231368,102.88240509749457,191.7344832955298,38.80586492111897,23.344704349615782,,,317,6.990625,0,No Defect
0.03813521181814499,95.76925382242429,165.32787270143612,47.78542175865199,22.316288297561023,,,318,6.99375,0,No Defect
0.03824375956480493,100.49754399266507,236.86534568151103,42.66781476565606,19.426904581902626,,Ambient temperature low,319,6.996875,0,No Defect
0.03968188535435904,102.92043614117311,222.63723174877072,33.23739794889027,23.067201274164848,,,320,7.0,0,No Defect
0.0383418606148724,99.94563699912865,224.70995277800867,43.10568604831043,20.047867457783145,,,321,7.003125,0,No Defect
0.03949244808786687,98.89454012988612,181.74765574858233,45.997618411887544,21.850502542234103,,,322,7.00625,0,No Defect
0.04555382202246438,107.38269081068316,158.6569196520476,42.65379623530448,24.293565986072824,Paste volume per aperture high,Stencil thickness high,323,7.009375,0,Solder Bridging
0.04019701299977276,99.75986588114155,178.84632886218458,45.870643066131855,22.075690797407788,,,324,7.0125,0,No Defect
0.041878544522925235,102.73308056416982,185.82490893739913,47.166771315044386,21.282615271163348,,,325,7.015625,0,No Defect
0.040843103383929616,101.17624122232966,174.7526365302893,42.39277421547683,23.346257297123447,,,326,7.01875,0,No Defect
0.03929792790350612,99.48869518042433,191.09430763979884,45.38272261101079,21.45804197688163,,,327,7.021875,0,No Defect
0.04004212528046215,103.32127895389851,224.0651293082083,36.729517639785115,21.9728976546418,,,328,7.025,0,No Defect
0.04074496124490261,101.9354872793505,197.15292841020042,45.67934998802282,21.016635331286757,,,329,7.028125,0,No Defect
0.04100816505988153,102.86704093126315,199.3187376002718,40.45381138618405,22.416384108581436,,,330,7.03125,0,No Defect
0.039486203698986415,101.13931135210352,214.97522775094998,41.762453994752505,21.065099434702542,,,331,7.034375,0,No Defect
0.042290878873225364,103.56797473632805,167.52363916632072,35.75510241437052,25.7520173370895,,,332,7.0375,0,No Defect
0.03996022522094602,100.08708328769627,179.58621039990848,41.9937085357904,23.17076109938829,,,333,7.040625,0,No Defect
0.039584421656318355,100.53588068506822,194.26338031363528,38.20466435677562,23.37926310273183,,,334,7.04375,0,No Defect
0.039439382957773265,102.45718431420799,235.0568946527225,42.01660886308117,19.76047715610489,,Ambient temperature low,335,7.046875,0,No Defect
0.04070221407177847,102.09842374978594,188.6944025836304,38.512688791558766,23.640085255915945,,,336,7.05,0,No Defect
0.04206574936894997,102.88564232318657,177.44636529882132,44.42978809615654,22.61540089231014,,,337,7.053125,0,No Defect
0.041020445721243255,101.82630747270795,189.29692507196373,43.37349191329727,22.193951898974067,,,338,7.05625,0,No Defect
0.04337240958726384,103.49063931305015,152.71621617739513,44.88804839441317,24.01150154823035,,,339,7.059375,0,No Defect
0.04060985642535015,102.67212693326202,207.9220737921471,42.650786808655454,21.256669514563857,,,340,7.0625,0,No Defect
0.0395803767812893,101.88137652771155,226.73374719479858,43.363586581650836,19.891104176479793,,Ambient temperature low,341,7.065625,0,No Defect
0.04192556275386628,103.18977795034789,169.93016362600852,36.92786289687785,25.271623738204738,,,342,7.06875,0,No Defect
0.03984253404361,101.69691984787441,208.2121483930529,40.38904463038055,21.898635520926398,,,343,7.071875,0,No Defect
0.040892452954125774,101.97342960178837,193.2403824444242,44.60826872244025,21.595557840545226,,,344,7.075,0,No Defect
0.04188886570986588,102.6077100105186,181.26896777069527,46.33898957075455,21.83476003298372,,,345,7.078125,0,No Defect
0.03961132211558846,100.57362055006308,196.66460364487477,40.04333984007359,22.713101585829687,,,346,7.08125,0,No Defect
0.03718872563433977,97.23165496358405,196.0999720259789,37.485217415523366,23.4737252172834,,,347,7.084375,0,No Defect
0.03981832983768407,101.0141180167187,198.8312467574604,41.81864963349214,22.063405443358025,,,348,7.0875,0,No Defect
0.040414598906443486,103.102244951136,217.134045644767,39.69633468306791,21.568938088848302,,,349,7.090625,0,No Defect
0.035298225718456124,97.59875765113317,243.43680716021453,28.892769487596485,23.074627181432433,Paste volume per aperture low,Ambient RH low,350,7.09375,0,Open Circuit
0.042389225830128094,103.621991441189,185.4002667411351,47.788148446053405,21.168982607146013,,,351,7.096875,0,No Defect
0.042852416000952534,105.23195932060906,191.98173745734692,39.60268129603261,23.167411516880005,,Stencil thickness high,352,7.1,0,No Defect
0.038533327984751835,102.77827338629015,248.23728542920276,32.42792570870766,21.774324307014737,,,353,7.103125,0,No Defect
0.040075838418140136,103.69810709624274,225.44348062872263,34.10548026393932,22.696437204499812,,,354,7.10625,0,No Defect
0.03770406416407877,98.31554927578806,206.34594594013723,38.38902595758002,22.60156865057541,,,355,7.109375,0,No Defect
0.037553970001208435,98.85448094299095,207.74108179327257,33.8688878341548,23.832978590822954,,,356,7.1125,0,No Defect
0.037464857840016984,98.469310157063,209.072833632469,36.087044275822144,23.105757643702663,,,357,7.115625,0,No Defect
0.036738483143282735,98.29588681862037,225.68518061015652,36.38938775338602,21.993570492107533,,,358,7.11875,0,No Defect
0.03869208795942706,99.68122930004147,199.35496046730114,38.244585524085686,23.083233740959166,,,359,7.121875,0,No Defect
0.043306770747646876,104.63040791003529,169.5743344737698,39.91239446915494,24.467503877811126,,,360,7.125,0,No Defect
0.03724468753403777,98.99741002759218,228.6636630587588,35.901687993870325,21.967358957237646,,,361,7.128125,0,No Defect
0.03915980434419094,100.75375564861609,218.87698236464092,44.597819128083515,20.040362323050307,,,362,7.13125,0,No Defect
0.03844993539910681,97.04319443163175,169.37699268587676,41.37019507259659,24.01703878417179,,,363,7.134375,0,No Defect
0.03977170270059798,101.27214196250469,201.6922155372743,38.10229082007946,23.00206058827601,,,364,7.1375,0,No Defect
0.04076867429613635,100.74433553972064,183.68609828566701,47.77003752655679,21.29279134391839,,,365,7.140625,0,No Defect
0.04123180844269644,102.93377183020952,200.67707522867258,43.97956860166378,21.361449969755235,,,366,7.14375,0,No Defect
0.0406287687454398,100.53288438652059,175.77260038883347,43.91433578841226,22.905517470166775,,,367,7.146875,0,No Defect
0.03977643269242442,98.71653055104557,165.15904749118204,43.02887868289282,23.809440555928152,,,368,7.15,0,No Defect
0.0382125485257404,101.26017467360704,230.45985327560635,33.31715996571626,22.62607847484278,,,369,7.153125,0,No Defect
0.038876006714878446,102.58747606095221,232.4029004470134,31.70770684521196,22.983697111317664,,,370,7.15625,0,No Defect
0.03883357976305404,102.04440567636195,231.79905212725424,34.728226719982594,22.14181527079167,,,371,7.159375,0,No Defect
0.03976639470160661,102.21673707658827,220.94000445309445,37.97501775813743,21.873972815497286,,,372,7.1625,0,No Defect
0.03710840163723174,99.84813978002373,246.98645308241362,36.22952496130579,20.764762649266657,,,373,7.165625,0,No Defect
0.03807683054588619,99.18710956307062,208.8478517732265,38.40802460398032,22.473006996281548,,,374,7.16875,0,No Defect
0.0424275347197257,103.08197600078803,170.46345315986147,41.51594366625488,23.96222760352589,,,375,7.171875,0,No Defect
0.041678181562772754,105.17413113974068,208.16293829000924,33.32093615619996,24.035054453192565,,Stencil thickness high,376,7.175,0,No Defect
0.04048728869310897,100.81752780374752,184.67253893897032,43.32709045857737,22.54693609637536,,,377,7.178125,0,No Defect
0.04095016075175196,102.34423703729561,190.24184982979364,39.599985485968695,23.297688363719043,,,378,7.18125,0,No Defect
0.03935643401838133,100.40396887384956,210.16341528173024,45.41559756466602,20.365601577952532,,,379,7.184375,0,No Defect
0.041212223715669495,102.16014498918565,192.1940292847874,46.16813457626398,21.264942544070113,,,380,7.1875,0,No Defect
0.040778721063904975,100.11129831647503,159.4977126277683,40.08525863547016,25.047682601475252,,,381,7.190625,0,No Defect
0.043013390483705026,107.3064220835374,220.46483429419993,40.15555203195744,21.303259342453984,,Stencil thickness high,382,7.19375,0,No Defect
0.03905611895749211,99.40937455450864,189.4282152042494,38.90021187473865,23.54486359857539,,,383,7.196875,0,No Defect
0.036557372828080456,98.91483447514484,232.57343651051485,31.312636585826453,23.094022310385782,,,384,7.2,0,No Defect
0.038400899974906456,96.47822596818835,165.7523395021603,45.14251970631605,23.16992327654782,,,385,7.203125,0,No Defect
0.03786142512574641,99.88853505528355,222.0400885768557,34.82354326704551,22.72970127133372,,,386,7.20625,0,No Defect
0.03738586015923498,99.09505785109224,227.10801928946503,39.13353822755411,21.15582503055133,,,387,7.209375,0,No Defect
0.040535797129905224,101.40049930808472,190.7123076583459,42.000681139483,22.581338592320016,,,388,7.2125,0,No Defect
0.039357130951452705,101.22458668427667,211.31975338109203,39.56686495913746,22.01654475008417,,,389,7.215625,0,No Defect
0.03691613684811817,99.93830968151931,239.94594519696312,29.83900274656058,23.086545976876312,,Ambient RH low,390,7.21875,0,No Defect
0.042390581710192145,100.97542262259469,163.66727283522715,58.81052285118114,19.34982547324725,,Ambient RH high; Ambient temperature low,391,7.221875,0,No Defect
0.03990452200464713,101.64929262851034,208.96485100346084,41.49429646984112,21.60869025259689,,,392,7.225,0,No Defect
0.04015580908246024,101.269252434922,194.41383049682992,39.99275125160931,22.945032444641242,,,393,7.228125,0,No Defect
0.04103238250692887,98.5644861764554,144.45182108698816,50.877713201679256,22.839882209800674,,Paste viscosity low; Ambient RH high,394,7.23125,0,No Defect
0.03932424376722291,102.16065256339462,230.7496545160277,38.301106273057144,21.208109693010258,,,395,7.234375,0,No Defect
0.03830998221766345,97.87810397021282,184.60596362369802,40.789150976460846,23.301717212698524,,,396,7.2375,0,No Defect
0.040892417510214045,103.20547067700117,209.21103791799067,39.92796279088597,22.069714954614124,,,397,7.240625,0,No Defect
0.041392164828070635,103.74213344232871,210.0973989061851,44.03257707242012,20.819677188257348,,,398,7.24375,0,No Defect
0.041861329076652035,103.19106690014546,180.0288403987606,39.29657152089,24.053692314118955,,,399,7.246875,0,No Defect
0.03882565184762218,100.0015323323748,201.44211363641602,36.31565593047423,23.588139473838382,,,400,7.25,0,No Defect
0.0403709850871264,101.73547098573867,192.1789687609741,38.736441791109904,23.46135109732671,,,401,7.253125,0,No Defect
0.03720394594060351,97.57160415283971,202.95160262658277,35.41271586671485,23.750865077194454,,,402,7.25625,0,No Defect
0.039662875159958304,100.67883089763372,185.531097089114,35.03334853629252,24.947600075531668,,,403,7.259375,0,No Defect
0.0401042417628486,101.82626501482184,212.48881036003536,41.94262387252712,21.28712851079095,,,404,7.2625,0,No Defect
0.04031977239375067,104.02858732245114,236.9377215190114,39.719561398462346,20.43622368824053,,,405,7.265625,0,No Defect
0.04140384097835401,101.49076999636668,175.18118130554498,46.08606784504044,22.37525013671445,,,406,7.26875,0,No Defect
0.044799919944120074,106.66731422613678,167.50123454653948,42.77986228258528,23.841304733775107,Paste volume per aperture high,Stencil thickness high,407,7.271875,0,Solder Bridging
0.03879167456630917,99.61401937914982,198.6901137670388,38.307962828043586,23.186890533514408,,,408,7.275,0,No Defect
0.04194982620402192,103.3044143623094,185.21184445081974,41.75346832207584,23.035807486053024,,,409,7.278125,0,No Defect
0.041435106339402505,101.65690920257761,169.82325666506205,41.4792051437935,24.057147756353235,,,410,7.28125,0,No Defect
0.03857505196842797,99.30711568925638,207.7721461919779,42.5716215213913,21.388168577304924,,,411,7.284375,0,No Defect
0.04147998015749533,102.65218838694796,188.80435200443233,43.050403571586564,22.437446125490702,,,412,7.2875,0,No Defect
0.03898639873613483,97.1548839880573,163.8746383106837,46.397978699390244,22.96747862612193,,,413,7.290625,0,No Defect
0.04167913097082819,104.64184968913736,209.63085059495916,39.206074309299005,22.286291881254936,,,414,7.29375,0,No Defect
0.0394502495292725,101.60316414810332,222.4245218314405,41.26436484280896,20.88541782179196,,,415,7.296875,0,No Defect
0.04000091828711136,102.13361719819773,201.67867447785991,31.39918955376728,25.048461256893262,,,416,7.3,0,No Defect
0.03787679575144605,98.56146393520304,206.183017192757,37.954880029950864,22.838973849185088,,,417,7.303125,0,No Defect
0.04056831228852027,102.30630564651018,204.83488960293008,40.38261116270032,22.237737617326506,,,418,7.30625,0,No Defect
0.0398682219893516,102.0883815888225,206.19563743691887,33.07278494559098,24.284935681716448,,,419,7.309375,0,No Defect
0.04065469498633795,100.82121526842968,173.80101168604773,41.759286311465345,23.73791949749957,,,420,7.3125,0,No Defect
0.04285712680505063,103.02368489841555,166.48271290845074,47.01499402879628,22.675304122029615,,,421,7.315625,0,No Defect
0.03905361399092714,100.18355854141073,204.53658650575696,38.29710522122924,22.858797485405088,,,422,7.31875,0,No Defect
0.03910735960278935,100.15039786972544,196.58705853347638,33.56340724442554,24.733798361985485,,,423,7.321875,0,No Defect
0.04419629980374718,106.55877424292578,181.99049575728287,42.294130399867626,23.11748723087431,Paste volume per aperture high,Stencil thickness high,424,7.325,0,Solder Bridging
0.0409516128493041,100.74920441487535,178.88200501411686,48.27932506569055,21.534536580340347,,,425,7.328125,0,No Defect
0.0407626477225637,102.12601489640406,198.73173202419227,43.52307390741587,21.705765763589252,,,426,7.33125,0,No Defect
0.03900232544918944,100.47268826582484,218.8857688255995,41.813790623920305,20.960422048145897,,,427,7.334375,0,No Defect
0.04028657111264082,101.6889300711242,199.7997249871456,40.99914098055093,22.37721137691547,,,428,7.3375,0,No Defect
0.04259134282198876,101.83604740775988,147.110552445424,44.37046147605086,24.645624929174488,,Paste viscosity low,429,7.340625,0,No Defect
0.03969413367907885,103.19671906328875,231.70500249874834,35.74325032503616,21.952996963917776,,,430,7.34375,0,No Defect
0.03892795294582662,99.7717328207138,199.53332880352644,40.3322772667185,22.57975208861459,,,431,7.346875,0,No Defect
0.03806682376114049,99.72132256742529,222.02294150101844,40.066467910272905,21.27303098818318,,,432,7.35,0,No Defect
0.03823443076762542,98.50788184306137,191.304559202507,36.05273131987734,24.33486262806747,,,433,7.353125,0,No Defect
0.04171728639429231,102.94756670297109,183.71259171121812,41.32521071559161,23.290036292742343,,,434,7.35625,0,No Defect
0.043634367437603454,102.86386039314178,145.35801555575443,51.117083808037876,22.796848600134794,,Paste viscosity low; Ambient RH high,435,7.359375,0,No Defect
0.039669462128884204,100.53112983131045,195.08939603654375,41.633314245656855,22.48632694107954,,,436,7.3625,0,No Defect
0.04266712526255313,102.13473813316489,153.1193594148566,45.30370778271311,24.01894971883476,,,437,7.365625,0,No Defect
0.037220357275304976,99.15064737506465,241.62929913857047,40.18870325110624,20.043621734824324,,,438,7.36875,0,No Defect
0.038848604026200356,100.72992394468231,216.32044969958653,36.924538869111416,22.561607167836165,,,439,7.371875,0,No Defect
0.04313833093793616,104.21204883936974,177.36029851247423,44.61171560674948,22.744775061802596,,,440,7.375,0,No Defect
0.04082166364079406,104.08135590399351,222.1247852182938,37.813480745554436,21.964338414929095,,,441,7.378125,0,No Defect
0.03782514623687797,99.93698277654211,232.52391126787236,38.146584026290256,21.207309080183826,,,442,7.38125,0,No Defect
0.04046244617062244,101.21335269707423,188.40526005593532,43.92475653700167,22.243365557241685,,,443,7.384375,0,No Defect
0.039376733359104486,99.85190075106148,197.89348650323367,42.98499337324147,21.93403135105677,,,444,7.3875,0,No Defect
0.042298164805566425,105.46910368824345,203.9351716956883,34.90656770028098,23.950377617174745,,Stencil thickness high,445,7.390625,0,No Defect
0.03880921261725355,101.15957471958353,210.77528610259432,31.788722840616597,24.408189330357697,,,446,7.39375,0,No Defect
0.041271029481928075,102.60623114027757,184.76375369240662,38.028939915973126,24.206451060604618,,,447,7.396875,0,No Defect
0.040184183881461014,102.26289588078501,221.09017020637702,42.79333708981288,20.583387258402208,,,448,7.4,0,No Defect
0.040181507917186304,100.32347091976666,174.59361643827202,38.28031223474362,24.750876103886675,,,449,7.403125,0,No Defect
0.03977815181648364,103.06452614412066,219.34458974436936,31.50960811082729,23.980396089200664,,,450,7.40625,0,No Defect
0.04063247063084561,103.10277915680706,208.24727161065076,34.08038147842413,23.92518779255926,,,451,7.409375,0,No Defect
0.040759626205863736,102.5990455697774,209.00162222068334,42.25423433359002,21.492085637530927,,,452,7.4125,0,No Defect
0.04207414700069891,101.063147981199,154.96959057888915,47.22429115834778,23.366158988371513,,,453,7.415625,0,No Defect
0.04060471915522453,101.27865201411672,182.68136206257367,39.93022124109845,23.78416831682912,,,454,7.41875,0,No Defect
0.03811140734058704,100.30783466676856,219.15371880884592,33.49636290862859,23.405374866709252,,,455,7.421875,0,No Defect
0.03699827731661932,97.42315717524369,218.11273057679455,40.81687237418589,21.329046851378727,,,456,7.425,0,No Defect
0.04080366975121793,103.1328379503759,206.17413882969166,37.42492058997431,23.082458643403605,,,457,7.428125,0,No Defect
0.043024495430378853,105.60693570553653,194.91205130430174,40.15958197093248,22.9948309379568,,Stencil thickness high,458,7.43125,0,No Defect
0.0409088169700565,102.7595868534438,209.14518587263956,44.92470648228976,20.712264696366912,,,459,7.434375,0,No Defect
0.0418296689734545,101.83044332867493,166.22603348787766,43.73460530312862,23.701958703392272,,,460,7.4375,0,No Defect
0.045409130070763824,107.50199134153769,168.68125265293784,44.553027153700604,23.34200621924392,Paste volume per aperture high,Stencil thickness high,461,7.440625,0,Solder Bridging
0.03944225777463773,103.08748632478512,237.25406418947318,36.065926931597424,21.567526537651535,,,462,7.44375,0,No Defect
0.04073327219727427,103.12896631345623,205.42928785498435,36.15180449394592,23.508809625724734,,,463,7.446875,0,No Defect
0.040764431376537145,103.08080134373026,210.76637096895402,42.219469718098836,21.40699556700392,,,464,7.45,0,No Defect
0.04116315283943778,101.03696649314476,169.59410925686953,43.75107430000982,23.492301255090467,,,465,7.453125,0,No Defect
0.03948869868204412,100.69349800688695,193.2422773295685,34.628864599347374,24.695268394442163,,,466,7.45625,0,No Defect
0.0410004630968448,102.95056741491041,201.56527580803422,39.99037934830072,22.632647026128435,,,467,7.459375,0,No Defect
0.04121548322052438,103.06049791627883,201.2639449091947,41.130426932776444,22.32295045807805,,,468,7.4625,0,No Defect
0.041908294901777096,102.57768815111474,171.82469348905835,41.58007474895862,24.001615401448852,,,469,7.465625,0,No Defect
0.041843563959889564,103.94218866161825,201.1518016930842,40.90726255120147,22.405197134678364,,,470,7.46875,0,No Defect
0.04045439714225675,101.2653273778111,190.94607626580708,39.774959157324204,23.35315847964349,,,471,7.471875,0,No Defect
0.038209598007593104,97.73692778533407,180.31597769436047,38.2136933339442,24.43777191767628,,,472,7.475,0,No Defect
0.042667636636352736,103.25839900689438,159.87479491183205,37.88601162827738,25.829608943272174,,,473,7.478125,0,No Defect
0.0397288438564971,100.30341765876307,193.3784386043253,42.17761237103305,22.496377918566417,,,474,7.48125,0,No Defect
0.04251939740568518,103.33795955124442,166.4470744434497,39.250337727530905,25.02867803625872,,,475,7.484375,0,No Defect
0.0383237189994361,98.36320600607473,197.92830650677772,41.55899224718396,22.391204493895327,,,476,7.4875,0,No Defect
0.03868073718022693,99.66758588261216,200.2116317650775,37.39932215629634,23.467587981034523,,,477,7.490625,0,No Defect
0.03678889652507862,96.8630352326697,198.66467641831198,33.53539401388897,24.680449471992485,,,478,7.49375,0,No Defect
0.03747860935629053,97.56147380688824,196.62499860913618,36.78099855112241,23.863305592205833,,,479,7.496875,0,No Defect
0.03874467056527337,100.25996819505292,209.22951139149703,36.18458165605815,23.27716270931319,,,480,7.5,0,No Defect
0.042331484909765724,101.91754969086605,164.60762189735658,49.37829104945578,22.190606766691374,,,481,7.503125,0,No Defect
0.041424112784417225,104.71281431632973,209.40462768048255,33.18723190058822,24.16747020765215,,,482,7.50625,0,No Defect
0.040472216047916294,102.4728332049858,208.24549625229915,40.60124244499048,22.065440244405156,,,483,7.509375,0,No Defect
0.04182161609653412,104.62743751344313,205.42074940512776,38.29357395979075,22.92569347864772,,,484,7.5125,0,No Defect
0.040894451354501836,102.91977036068543,202.93340471726287,40.67852486630885,22.373586287952342,,,485,7.515625,0,No Defect
0.0409820279331705,100.92892613119979,174.47358928414567,43.42566739187973,23.322654949610552,,,486,7.51875,0,No Defect
0.039357276022920364,100.46298295576351,207.6352524029584,41.58527678686393,21.81517670723526,,,487,7.521875,0,No Defect
0.043043078697121234,106.12094807298755,193.36763928655486,36.78680348733807,24.11929053091204,,Stencil thickness high,488,7.525,0,No Defect
0.04045828744195146,102.1171649419742,200.27368159336635,38.12296550542264,23.290156547425333,,,489,7.528125,0,No Defect
0.03840645304647915,98.59547788312037,196.97628162445267,39.303903370013884,23.132780347818862,,,490,7.53125,0,No Defect
0.04258679054019626,103.10182948478317,171.71154055932743,45.67701323948648,22.854262821589884,,,491,7.534375,0,No Defect
0.040132110187556025,102.37340239918396,215.0570625338436,38.22724181599731,22.356330143844804,,,492,7.5375,0,No Defect
0.041543278855359356,101.81756999341556,175.12732141472594,44.596565692018814,22.954617046542484,,,493,7.540625,0,No Defect
0.041866247529933905,106.22073403322612,222.6869511023216,32.02701620219145,23.715568916725772,,Stencil thickness high,494,7.54375,0,No Defect
0.04125502497063038,102.22229628598134,195.411522355239,44.76773449134295,21.66624385658531,,,495,7.546875,0,No Defect
0.03894621678180728,102.4586604267879,250.53543434576562,39.50443005033184,19.803424252025252,,Paste viscosity high; Ambient temperature low,496,7.55,0,No Defect
0.04149509467987456,102.25633194812849,181.6029774242643,42.54915304117648,23.162718241192774,,,497,7.553125,0,No Defect
0.03997593179140804,100.34181573776898,184.9921622747524,41.969163926978744,23.1103023701619,,,498,7.55625,0,No Defect
0.04141442052263572,102.31486002467402,182.67268451229825,42.38565726240893,23.14563969448387,,,499,7.559375,0,No Defect
0.04099247612644668,103.51975173878918,207.51037589509573,36.90494600745655,23.223560444895124,,,500,7.5625,0,No Defect
0.038564350532648936,103.67686555269272,270.4693851825929,32.991021174268546,20.488442509153593,,Paste viscosity high,501,7.565625,0,No Defect
0.04083811719103989,102.81410004207966,206.69078023403452,40.879482191212304,22.114883100920363,,,502,7.56875,0,No Defect
0.04057028599359728,101.9432242070084,183.51743446425732,33.47294333277766,25.697518355801172,,,503,7.571875,0,No Defect
0.04030474796612571,105.46080654916993,252.54505916668853,33.43078728836371,21.47578302418041,,Stencil thickness high; Paste viscosity high,504,7.575,0,No Defect
0.04083954660499229,102.64655641535138,204.79749218656843,44.12280807278493,21.28376868202559,,,505,7.578125,0,No Defect
0.04082379569208074,100.87249926570028,180.8833557754696,43.86799630184296,22.83339115956303,,,506,7.58125,0,No Defect
0.03948674548868777,102.01754900986467,226.73032218472264,38.213329671948784,21.663671280008614,,,507,7.584375,0,No Defect
0.03876581664091483,98.37983401828801,185.82110956013236,40.828968562655184,23.402989384742433,,,508,7.5875,0,No Defect
0.040753053807878296,100.20986644619121,166.56138573369074,43.87887675592976,23.70839421111993,,,509,7.590625,0,No Defect
0.03724147437578709,96.04303897830648,199.27081483428822,47.82538045956518,20.5253284903202,,,510,7.59375,0,No Defect
0.040929888746078426,98.74262392633972,146.5682566756033,48.180719494178376,23.68528662613778,,Paste viscosity low,511,7.596875,0,No Defect
0.03823651488442328,99.6010634965915,209.1286974561948,35.33904934571447,23.5768478929035,,,512,7.6,0,No Defect
0.03929018381631159,99.24184500565764,191.83924350154567,44.733723638214755,21.90369350362198,,,513,7.603125,0,No Defect
0.04006650794374811,99.42594971056812,172.1341515166414,42.82165371926555,23.680360870040676,,,514,7.60625,0,No Defect
0.03806593832973596,101.22664606758782,246.55247412817008,37.42769856557638,20.675302870222204,,,515,7.609375,0,No Defect
0.0406472088786656,102.40291686619693,201.63616598935292,41.01634145608044,22.40273145155305,,,516,7.6125,0,No Defect
0.03891174969072602,98.43743613472033,183.7349785041315,40.60599481844845,23.612990496301315,,,517,7.615625,0,No Defect
0.04215229553587652,102.80070368162163,175.4166204217451,43.5069702376638,23.30190455583357,,,518,7.61875,0,No Defect
0.0360919501770664,96.54665790334309,220.14898944821653,39.260270223586815,21.74841889405327,,,519,7.621875,0,No Defect
0.03673608247649336,98.79016198747269,231.6621219111255,31.459125551891148,23.331733014640086,,,520,7.625,0,No Defect
0.039679052154279956,100.13296107504016,178.1722436541829,35.62641132952746,25.416312860767285,,,521,7.628125,0,No Defect
0.04113320240760427,100.89001167103524,170.1550752694818,43.560406727241094,23.607548672338343,,,522,7.63125,0,No Defect
0.04116245508360758,101.44488471486515,178.789604024462,43.96229901077106,22.96142187120321,,,523,7.634375,0,No Defect
0.041225359262948215,103.49476366818664,205.15544229199116,41.269744831924804,22.130117068853274,,,524,7.6375,0,No Defect
0.0385022963062821,101.57347890487712,240.3403634890092,36.312268323336596,21.403367385353405,,,525,7.640625,0,No Defect
0.040515838492418486,102.35820824812198,205.47701987633408,40.35098195617454,22.37874865018094,,,526,7.64375,0,No Defect
0.041863751793654626,103.34890443847128,195.07867030036846,43.19117489093435,22.20304728764298,,,527,7.646875,0,No Defect
0.04314695488236074,104.0972458349748,167.1512965656278,40.7409899322371,24.64210821179726,,,528,7.65,0,No Defect
0.03863505131751873,99.38706028827528,195.1207663549984,35.22306486645475,24.501293993412588,,,529,7.653125,0,No Defect
0.0384211254531175,101.63862023704975,241.84156953095288,37.110983427779374,21.082190116160124,,,530,7.65625,0,No Defect
0.04148628911616564,101.29367693098932,175.02524373361555,47.32895725447267,22.225902997490376,,,531,7.659375,0,No Defect
0.03795526988318269,98.01991891713216,203.36899803317496,40.68424761766737,22.403062678579516,,,532,7.6625,0,No Defect
0.037622115792864674,99.96103287611191,225.30808658035852,32.132658498895786,23.549012092302853,,,533,7.665625,0,No Defect
0.03878809385916223,100.77821716173376,221.0159322740332,37.30443268732258,22.316183201956004,,,534,7.66875,0,No Defect
0.03658637438399157,98.27304777070208,222.30497280253152,30.71483058940462,24.143120514679904,,,535,7.671875,0,No Defect
0.04118124367015045,102.01464548078148,183.72177113354314,41.966400873407515,23.262182654395144,,,536,7.675,0,No Defect
0.04054989500986969,102.38919071405338,194.64061409394785,35.69408968237208,24.419839975081228,,,537,7.678125,0,No Defect
0.03823166710504302,99.13983122988478,208.82135308387078,38.37822156059035,22.751827193862862,,,538,7.68125,0,No Defect
0.04248959867033964,105.12554858798389,192.14847301862633,36.797424119092504,24.26970361376871,,Stencil thickness high,539,7.684375,0,No Defect
0.04067278212056304,103.32044135056105,226.54147057900903,45.21839395705954,19.68843148356271,,Ambient temperature low,540,7.6875,0,No Defect
0.041817738757455356,103.22920242278593,188.96314119554373,41.307968099825445,23.148678696319948,,,541,7.690625,0,No Defect
0.03857649419816048,101.79900638956197,240.830544086587,34.33517243322134,21.98094712627642,,,542,7.69375,0,No Defect
0.03634739099195883,98.38618212977492,244.0786497339729,36.289855031621194,21.19311541449156,,,543,7.696875,0,No Defect
0.04339889664232325,103.95760863719539,158.87703610095093,43.65413299589847,24.3223663384889,,,544,7.7,0,No Defect
0.040006427939948866,102.54555843226419,226.03973183124654,40.56894860685196,21.083317532046333,,,545,7.703125,0,No Defect
0.0421408793261114,105.5572709968078,216.97249133777137,38.718642125890696,22.19852678678555,,Stencil thickness high,546,7.70625,0,No Defect
0.039076473998166585,99.85647920648321,203.18696884590412,42.70200617865473,21.852792775112775,,,547,7.709375,0,No Defect
0.04072158206490544,102.54200971052751,202.9757715048935,40.41045309499632,22.551732493593907,,,548,7.7125,0,No Defect
0.03948410599918471,101.01430673179469,201.05106121300705,35.80712086715201,24.005604498693156,,,549,7.715625,0,No Defect
0.0430533263869297,106.3192080463229,201.7609784836153,37.794498596801326,23.413354945041714,,Stencil thickness high,550,7.71875,0,No Defect
0.039214421596500404,100.68230083654215,204.69543762595495,35.006139029365606,24.020555239632436,,,551,7.721875,0,No Defect
0.041094950669326724,101.25686205598322,183.08006308044847,45.21936064353221,22.380651502664428,,,552,7.725,0,No Defect
0.04142683719431316,102.59348367181246,191.42991481993536,42.428651906802386,22.687110912672892,,,553,7.728125,0,No Defect
0.039641945466457655,99.87775839868138,188.46552687409797,39.14395380904449,23.817507920654098,,,554,7.73125,0,No Defect
0.03950451159094376,100.37940526925358,197.74274372870883,39.305008556870234,23.19852833398746,,,555,7.734375,0,No Defect
0.04152106124900028,101.88051911531203,169.64092543469584,38.50459636928752,25.175793246644652,,,556,7.7375,0,No Defect
0.039387897738007244,99.5902434285658,183.07010390481844,36.8531139056608,24.817404093534915,,,557,7.740625,0,No Defect
0.04103494407286856,101.51310265421206,179.8139205722225,40.23859229879595,24.044820119632195,,,558,7.74375,0,No Defect
0.03852431478334485,100.47792350138272,210.2333871615917,31.09643876955826,24.827827956420382,,,559,7.746875,0,No Defect
0.04031974625456483,105.0384100743327,247.17547811585004,33.32317915104204,21.92953817611945,,Stencil thickness high,560,7.75,0,No Defect
0.03691054692191725,98.00957061894115,216.78944366457452,35.34888059294357,23.171860498182912,,,561,7.753125,0,No Defect
0.039796907213165214,100.16955685071031,201.06324221383596,46.24524089552052,20.983459664405963,,,562,7.75625,0,No Defect
0.041416066916008236,103.24574077262402,200.06399289537103,41.91803250807406,22.320692234634862,,,563,7.759375,0,No Defect
0.03951493374299962,101.81820131017943,218.25046805578697,35.482833151934244,23.074295417303208,,,564,7.7625,0,No Defect
0.04296397742440308,105.78925657279845,199.18196651387558,41.05088383392989,22.642214341064424,,Stencil thickness high,565,7.765625,0,No Defect
0.037036429452717595,97.02905908627983,215.7497280552102,43.43847276519809,20.886328892737648,,,566,7.76875,0,No Defect
0.03947848672734462,103.16086212479456,247.507009458769,42.06404828960614,19.354974607523385,,Ambient temperature low,567,7.771875,0,No Defect
0.040514184305131797,99.73064255534322,178.5084746642683,47.507707539410504,22.015848864512584,,,568,7.775,0,No Defect
0.038091444521116985,98.51867392145766,198.88717248241062,36.14499816703912,24.063574034856895,,,569,7.778125,0,No Defect
0.039046387494693746,101.32839973147331,215.07100760607966,33.74651333241223,23.77835612764608,,,570,7.78125,0,No Defect
0.03910738952242475,99.36380783040434,192.67839532093262,41.550408370578246,22.873775580685727,,,571,7.784375,0,No Defect
0.039076050654306395,100.89996808197606,208.7074258397326,35.2283719910553,23.738541966482778,,,572,7.7875,0,No Defect
0.03946462390339514,99.56142286719702,183.80707161409723,39.52006337878239,24.0181616312578,,,573,7.790625,0,No Defect
0.03889152065023459,100.6802401452732,203.58026666191157,30.627012443719703,25.400870854881365,,,574,7.79375,0,No Defect
0.038417773379894535,98.38516856026352,191.34307429266514,38.97518457653919,23.71047362052859,,,575,7.796875,0,No Defect
0.0361070093471991,94.52876001034656,188.32253418791956,39.81280731366721,23.63404030767306,,Stencil thickness low,576,7.8,0,No Defect
0.03913081147483104,99.63137464764291,205.86062233208543,44.09479132652516,21.336245953679324,,,577,7.803125,0,No Defect
0.04024569075697553,98.65100578144065,165.35332142878758,48.29104438477871,22.605002659095007,,,578,7.80625,0,No Defect
0.04682896675922261,105.29142953219002,122.3214922683904,57.77988097047955,22.529996372117168,Paste volume per aperture high,Stencil thickness high; Paste viscosity low; Ambient RH high,579,7.809375,0,Solder Bridging
0.03992083983866023,100.55124270712578,189.6117443686169,39.67611441249752,23.632150599315015,,,580,7.8125,0,No Defect
0.041305494106169086,101.94487110435404,175.8349827121335,38.588825954914896,24.80902387153114,,,581,7.815625,0,No Defect
0.03906888329550536,100.71911132265697,208.8423555903108,36.748200736824856,23.302747494621805,,,582,7.81875,0,No Defect
0.043215314307814966,104.1660235513293,176.7336020194271,46.15507232653296,22.562625741115173,,,583,7.821875,0,No Defect
0.03874972356554322,100.90256813043179,221.36982226794797,36.039808410678916,22.743813328751752,,,584,7.825,0,No Defect
0.04043872567361555,101.46591992596208,195.961488574868,43.30328671293615,22.193332585335714,,,585,7.828125,0,No Defect
0.0415117342006719,102.0946834135247,175.06858530940414,41.30996905684588,24.068272029226865,,,586,7.83125,0,No Defect
0.04256143918018508,102.9492595672042,168.5897335727907,41.76310709701449,24.34949413507772,,,587,7.834375,0,No Defect
0.04173335070334957,102.29991773853098,182.63434530486674,44.822736709216855,22.586625171524826,,,588,7.8375,0,No Defect
0.03800380238362809,99.29081517941135,198.14006363488238,28.348532267984275,26.41609893215736,,Ambient RH low; Ambient temperature high,589,7.840625,0,No Defect
0.04209760515819066,104.2854772397162,200.71977974499217,43.5523919260568,21.85032669865569,,,590,7.84375,0,No Defect
0.043039216187877184,105.4277455565394,191.9939128354166,41.63405247244703,22.955520416614895,,Stencil thickness high,591,7.846875,0,No Defect
0.03856590960034058,98.94421954073104,196.85546177000268,37.11796572489876,23.94661898564018,,,592,7.85,0,No Defect
0.0395497704856977,101.18105367775418,206.09402278710039,34.7227095987981,24.09041618255513,,,593,7.853125,0,No Defect
0.036673984959980074,97.755714439486,215.48703426023098,34.71781037340613,23.485461088343516,,,594,7.85625,0,No Defect
0.040183939226112284,103.00221106115373,215.6496620239159,35.07156915498187,23.405276892383377,,,595,7.859375,0,No Defect
0.04045921426413876,103.28766755290135,223.45792443936818,39.79843608643584,21.551072788429988,,,596,7.8625,0,No Defect
0.03833017643658427,99.33770787243947,211.0329594523809,37.394815338123685,23.002713086924807,,,597,7.865625,0,No Defect
0.04263748793921325,104.58838345559978,191.11886329253466,41.36014395738823,23.100549088654187,,,598,7.86875,0,No Defect
0.04013476307982711,101.63616264274023,195.86396700680254,36.154924474404666,24.309233841118584,,,599,7.871875,0,No Defect
0.03668172042299382,96.72411702397697,207.37030426947663,39.50396647931521,22.5963710803099,,,600,7.875,0,No Defect
0.03767717598249648,99.47543890487069,216.57219476543347,32.804061612195,23.999088778404168,,,601,7.878125,0,No Defect
0.03983713710983115,102.72957443050892,216.64540919601882,30.899617367892418,24.575193521257148,,,602,7.88125,0,No Defect
0.04180606860493105,100.98351182117544,142.1251436834315,36.85319082579234,27.42316637242076,,Paste viscosity low; Ambient temperature high,603,7.884375,0,No Defect
0.042087634067060356,102.64241894815206,173.52894853281478,43.64222095729347,23.515506705261505,,,604,7.8875,0,No Defect
0.039324239728368224,100.73207262408928,211.230909350365,39.505468070064154,22.394054737019054,,,605,7.890625,0,No Defect
0.03567201324701597,95.97260267336767,223.90815820964463,37.06375292773453,22.302809825601592,Paste volume per aperture low,,606,7.89375,0,Open Circuit
0.04077725234225881,101.48694413452262,189.14407192312402,41.11240088059954,23.295618135594324,,,607,7.896875,0,No Defect
0.04106135854465306,102.42187965356344,191.12740917610398,39.28322610022397,23.709002535701742,,,608,7.9,0,No Defect
0.036434505015624466,99.1036310247972,245.28584688958,32.557701237644864,22.314583825265295,,,609,7.903125,0,No Defect
0.03761422644697955,97.84327183897646,203.75343885540101,37.362672759181216,23.47330937205624,,,610,7.90625,0,No Defect
0.03850980287327441,98.93836135025195,202.73624711525855,38.95097296535927,23.081858128172197,,,611,7.909375,0,No Defect
0.04055215143116031,101.2695730525604,189.38866346153836,40.558162953350426,23.4477554280111,,,612,7.9125,0,No Defect
0.04055935211121509,104.00059189888012,226.79763330683448,36.453433591107434,22.351359259081796,,,613,7.915625,0,No Defect
0.03779223357944538,101.16510332889139,247.91914859518164,35.728048593063725,21.243863025554393,,,614,7.91875,0,No Defect
0.043162183587357364,105.32171573322181,193.1679269859546,43.47631724800018,22.388127929162998,,Stencil thickness high,615,7.921875,0,No Defect
0.042088103523552155,103.41855581672172,174.56240818944534,34.7288023688424,26.078826212529048,,Ambient temperature high,616,7.925,0,No Defect
0.04053918608849386,101.61218057691305,202.4458598187787,42.09397478002629,22.21003561889692,,,617,7.928125,0,No Defect
0.036837960249127284,98.97671928540501,236.6938334049642,34.74877912573289,22.219971144527463,,,618,7.93125,0,No Defect
0.04222539340232993,104.72918314165676,205.1304774487691,41.411423728119935,22.257057380324763,,,619,7.934375,0,No Defect
0.038770490680884166,101.03160888370797,234.53273878238917,42.668351113402224,20.05804813185582,,,620,7.9375,0,No Defect
0.04062861880263123,100.08372956652684,176.00229931370546,46.264485059844056,22.616209518018078,,,621,7.940625,0,No Defect
0.03797929115741668,98.75257441712432,208.42760443147736,36.13596926259572,23.56823197413253,,,622,7.94375,0,No Defect
0.040437391988126806,101.32473506740051,188.6120970546339,39.95692262150139,23.684251149381257,,,623,7.946875,0,No Defect
0.039158933934688875,99.50035183620344,198.60234244117098,41.68193579480065,22.56273272717754,,,624,7.95,0,No Defect
0.041286490315704034,99.93311939895412,164.77687871808465,50.36753362112371,22.119757418022797,,Ambient RH high,625,7.953125,0,No Defect
0.03984479363743904,100.93387024668282,189.83516849303285,36.49404198919714,24.61914260640561,,,626,7.95625,0,No Defect
0.040770520546458716,103.14916923536303,204.64046989029703,35.91514373494031,23.891475384076852,,,627,7.959375,0,No Defect
0.041472801676565724,99.8320123637499,150.79064602014444,46.07167532133848,24.23948972172178,,,628,7.9625,0,No Defect
0.040817555219756926,101.02876296148312,176.9660878445399,40.449932086597364,24.27022065310171,,,629,7.965625,0,No Defect
0.041464475433727443,102.1161164861729,164.50335342434974,33.394673610555515,27.101388540696693,,Ambient temperature high,630,7.96875,0,No Defect
0.03716269641528696,96.6818273062174,200.3198332999024,41.913158906664684,22.38145268842441,,,631,7.971875,0,No Defect
0.03894509915416182,100.6725584968593,213.17078112171356,35.45491291738967,23.498968038358697,,,632,7.975,0,No Defect
0.03695301670870678,97.57631954690048,217.13208456483744,37.96592757221127,22.507394089000325,,,633,7.978125,0,No Defect
0.03835504905865046,100.279555228915,215.02164498517615,33.57393807908279,23.92958898114825,,,634,7.98125,0,No Defect
0.03869127760249243,97.90649231145105,180.96203630723747,41.947344905964094,23.578344211471723,,,635,7.984375,0,No Defect
0.04170178490939941,103.51065489553464,189.53078564128907,36.84908425177694,24.56965662172851,,,636,7.9875,0,No Defect
0.04231428977808539,101.87851769467652,166.94259140704486,49.38502144657079,22.29962158397666,,,637,7.990625,0,No Defect
0.03928742569045684,101.3434122867202,232.00193241393362,43.50765071257122,20.005836265725765,,,638,7.99375,0,No Defect
0.036730069091966695,98.78652778236209,225.65082946660922,28.434055531158258,24.775844991254047,,Ambient RH low,639,7.996875,0,No Defect
0.04032207871254452,102.00126631459736,206.43063447151374,41.45474386536991,22.18052330231498,,,640,8.0,0,No Defect
0.03882249174849753,98.9375743788632,200.40832321117415,44.22968581587126,21.730474260923643,,,641,8.003125,0,No Defect
0.0420584690778384,101.6422614533678,173.97616273034043,52.12452800057754,21.07324805139278,,Ambient RH high,642,8.00625,0,No Defect
0.04309911075930798,102.05690380982212,144.16702442919586,45.242393955081546,24.9256393814761,,Paste viscosity low,643,8.009375,0,No Defect
0.038173473757971185,100.2828361107787,235.59686734230138,40.97100256827317,20.5236042396102,,,644,8.0125,0,No Defect
0.03828177642014013,98.29623388668823,205.7741193447587,44.934445720776495,21.19816920414243,,,645,8.015625,0,No Defect
0.03927312337922922,97.74752728185642,163.20694781923095,43.425140597321224,24.256425218165774,,,646,8.01875,0,No Defect
0.04032956522182574,102.76132864127969,207.51564481840663,34.23607087722638,24.235116384354683,,,647,8.021875,0,No Defect
0.040021740266433056,104.88139442324325,240.06935561539282,28.923702602997505,23.786214760046057,,Ambient RH low,648,8.025,0,No Defect
0.041342612819777184,103.03311820945176,193.1060331568582,38.43362510102167,23.90494905460087,,,649,8.028125,0,No Defect
0.04104923782944502,102.5520275204598,201.2613011286652,43.57958744025065,21.900045863375368,,,650,8.03125,0,No Defect
0.04025757424812492,100.22062972753521,178.14248053522851,41.80929965727173,23.829759303243662,,,651,8.034375,0,No Defect
0.03958585078740049,100.75809823142802,198.3613719999527,38.09373893856507,23.670493052100493,,,652,8.0375,0,No Defect
0.04337638990229848,103.33985352436561,156.6835802431247,45.14590540739074,24.20241530417634,,,653,8.040625,0,No Defect
0.03962488589892594,99.59576061881535,192.89393106344988,45.32105536035481,21.900900430131653,,,654,8.04375,0,No Defect
0.04235754290108409,104.9929569012512,203.62435690458662,40.12768093346517,22.783610906290818,,,655,8.046875,0,No Defect
0.038501226348711934,99.64903791301406,198.58163419831476,32.82565970159803,25.1932634489772,,,656,8.05,0,No Defect
0.04261492166321667,103.29014274401028,173.11957826057332,42.37562339456776,24.005430989290574,,,657,8.053125,0,No Defect
0.042467273794210614,100.32550813978894,145.41025969752542,53.3533285549606,22.498864806680366,,Paste viscosity low; Ambient RH high,658,8.05625,0,No Defect
0.03812969230674038,101.4233430859714,237.83049144655848,29.41712809988801,23.78760128224224,,Ambient RH low,659,8.059375,0,No Defect
0.04058885032218142,100.4685755043152,180.3656047927396,42.49050875857165,23.517138935621936,,,660,8.0625,0,No Defect
0.04184605914879817,103.64274804178908,197.65063957148843,43.86977940284583,22.059503703835666,,,661,8.065625,0,No Defect
0.037944347816013885,99.63379181755383,236.31529373173737,41.62613482939606,20.31995512444586,,,662,8.06875,0,No Defect
0.04072433111895975,101.75475834155125,187.51925603115296,39.32317555815693,24.003829096938397,,,663,8.071875,0,No Defect
0.04034113451967428,100.26114082763202,171.94592750185083,38.34484562042732,25.245176322123406,,,664,8.075,0,No Defect
0.04082646670642292,101.92207045021263,190.0783072690332,37.85983669324797,24.283297385204563,,,665,8.078125,0,No Defect
0.04158933729807903,100.6694282421528,170.56767681410795,51.184808566711965,21.594351596377958,,Ambient RH high,666,8.08125,0,No Defect
0.037665616178559215,96.98098347812422,192.66444002832634,41.045578913484405,23.16908391526354,,,667,8.084375,0,No Defect
0.04122809411766574,102.00695571158765,180.11560291430735,40.36310186339787,24.16632799393269,,,668,8.0875,0,No Defect
0.04283242087221307,103.55525026857387,183.3956240113825,49.46697332534043,21.323564296765806,,,669,8.090625,0,No Defect
0.0390966057525638,99.74607271041897,203.46341622577074,41.2454735860289,22.46572320508904,,,670,8.09375,0,No Defect
0.039711914692916295,100.90762799832369,190.43361586852694,33.62424794738859,25.49510198035413,,,671,8.096875,0,No Defect
0.03799399088065515,96.88461208222871,174.37590533598117,35.08639274910683,26.045386580630524,,Ambient temperature high,672,8.1,0,No Defect
0.0433973342216268,103.80077086244913,166.16041706139222,46.13783493784132,23.3641172313653,,,673,8.103125,0,No Defect
0.039865301375372655,99.39540274274022,188.91175384079006,49.413660193278275,20.982639039333737,,,674,8.10625,0,No Defect
0.0382188910273585,98.9434282007123,202.5828696237833,36.434650876704765,23.92412327821974,,,675,8.109375,0,No Defect
0.04376571594090396,106.40615857160059,193.8242318836356,43.00252695545792,22.588922125718454,,Stencil thickness high,676,8.1125,0,No Defect
0.03901911729807296,99.04127771437778,193.51752680208773,42.254017325072084,22.790348113785736,,,677,8.115625,0,No Defect
0.03725710531009371,97.29640862648854,206.13053506804923,38.68890669881204,23.047132918563996,,,678,8.11875,0,No Defect
0.03758932945608187,99.33514441513208,236.30534345430334,43.19157754129369,19.88087693756622,,Ambient temperature low,679,8.121875,0,No Defect
0.04085475094684868,102.68208693601993,204.7819628366151,39.96354784792473,22.78983686016928,,,680,8.125,0,No Defect
0.03559562470866449,97.57051851696401,246.07494740058823,33.46570009032803,22.11376795100067,Paste volume per aperture low,,681,8.128125,0,Open Circuit
0.038826076686229734,99.38250870133595,214.05286498111712,44.722748161959146,20.820853380557377,,,682,8.13125,0,No Defect
0.039744276377427674,101.9226843754206,218.02246656141105,36.65448046590982,22.94247287850465,,,683,8.134375,0,No Defect
0.038943618918265255,99.92328644126981,209.24878795931042,40.79735563813415,22.262557655940046,,,684,8.1375,0,No Defect
0.041850529229526125,103.25851718000187,199.00271957082657,46.10169304646726,21.36748951825408,,,685,8.140625,0,No Defect
0.04081146957005212,103.64620233021814,220.80066099076902,38.91107126988531,22.124016047817157,,,686,8.14375,0,No Defect
0.04154631619624358,103.37159137773648,190.5499387228924,34.88923675917346,25.16364641349614,,,687,8.146875,0,No Defect
0.040253107299309095,100.52756070849034,188.13968566239635,44.16189960332372,22.589431541451148,,,688,8.15,0,No Defect
0.03801542602162912,98.94569349526881,208.06888689749277,35.19677288096688,23.972337750441024,,,689,8.153125,0,No Defect
0.03916922355441054,98.60548663444315,183.38307181310824,41.23896476777567,23.734017695266544,,,690,8.15625,0,No Defect
0.043570766408247294,106.06344874633311,189.87325190493755,40.080321054306594,23.709554805970278,,Stencil thickness high,691,8.159375,0,No Defect
0.0429493973700169,106.49652807123513,212.09677776286017,40.112665970461734,22.33136754778957,,Stencil thickness high,692,8.1625,0,No Defect
0.03767501250030603,98.20946170170718,211.12925872841677,38.32274017893942,22.876174402723116,,,693,8.165625,0,No Defect
0.0398410273175732,100.80558340346583,200.0990125421893,38.928916595934105,23.396117983823572,,,694,8.16875,0,No Defect
0.037765702459760554,100.11176295176244,221.12215032590083,30.050028412728686,24.678201287485017,,,695,8.171875,0,No Defect
0.03947441257048599,97.14525678923442,155.89246159382589,44.915747168049805,24.35799117028137,,,696,8.175,0,No Defect
0.039103872575191,102.16835071461789,237.82489085151562,35.987131894239134,21.939612748540746,,,697,8.178125,0,No Defect
0.0394312136557635,100.21889354666186,203.5983670526949,40.76925722671779,22.646343953970575,,,698,8.18125,0,No Defect
0.04336584374193235,105.49395492932183,188.63252018249338,41.29838420368437,23.442029596539168,,Stencil thickness high,699,8.184375,0,No Defect
0.042053507237347715,102.2980668163805,173.71154828780888,44.088641357672955,23.533353236909242,,,700,8.1875,0,No Defect
0.03761284916873094,99.09832113407505,223.3518406160427,36.925579005493056,22.54466573855529,,,701,8.190625,0,No Defect
0.042123393612892815,102.04035121246207,179.06837514721911,47.68029160646484,22.16448715304469,,,702,8.19375,0,No Defect
0.04082692403518175,100.84936752135714,182.3554465426553,45.75021506206329,22.510415073513602,,,703,8.196875,0,No Defect
0.04087443192069055,98.68013745598687,143.52103934969608,46.385813151769426,24.707953310797198,,Paste viscosity low,704,8.2,0,No Defect
0.037958252185514525,98.75974111210986,224.69496218519058,42.27511139338443,20.91558936463416,,,705,8.203125,0,No Defect
0.04260450638836198,106.08610206209457,212.4016511541742,36.364248821664745,23.43223876659647,,Stencil thickness high,706,8.20625,0,No Defect
0.04277323863374393,104.71535364262749,185.99212862275039,38.85024931483307,24.32658712203115,,,707,8.209375,0,No Defect
0.04057545485790673,103.52502134749473,226.63224253406676,38.29159911567517,21.983535221248932,,,708,8.2125,0,No Defect
0.0405446356372893,102.49618610226787,217.0299775499005,41.936508429728825,21.51003788322345,,,709,8.215625,0,No Defect
0.039075632771973956,98.08378870926899,181.5073561633886,47.005156624393315,22.190687548583398,,,710,8.21875,0,No Defect
0.03994385382742801,101.83291267329633,212.46568646287162,38.533658430420644,22.779364684266152,,,711,8.221875,0,No Defect
0.04040488962930598,100.46912171744772,170.1060689752295,37.22361123237179,25.76208029066661,,,712,8.225,0,No Defect
0.04008985474646293,101.43984318863832,209.9809446807847,43.00843231519158,21.629263168915124,,,713,8.228125,0,No Defect
0.03948258454705945,102.24512791264304,228.99725963137502,37.260044834768095,22.137666675803118,,,714,8.23125,0,No Defect
0.0404991068134205,100.46217021811091,177.63830097488702,39.799698362936525,24.558541971138023,,,715,8.234375,0,No Defect
0.043695648192253925,106.4798656605476,207.36515918563157,45.027567557979054,21.237421913103663,,Stencil thickness high,716,8.2375,0,No Defect
0.03775018192076354,97.89011644504582,199.08570298149357,37.987013973171095,23.7486806225903,,,717,8.240625,0,No Defect
0.04185824891449568,103.69205153629912,210.8044826024648,45.690683361795216,20.822119008096436,,,718,8.24375,0,No Defect
0.04199402256836033,101.76794771239939,173.99741869246233,48.13699257101611,22.364041501204962,,,719,8.246875,0,No Defect
0.038566916098061954,98.6729841592245,210.80400400410457,46.40603951826353,20.586854968617377,,,720,8.25,0,No Defect
0.038624376313628736,98.65014518577222,203.3314885671763,42.11517477018015,22.302898851939847,,,721,8.253125,0,No Defect
0.0400591844092205,101.24656906495329,200.41002323914802,39.712152818193495,23.19248478238969,,,722,8.25625,0,No Defect
0.04127776659314205,101.03174544925298,171.2280837211942,44.50921661475297,23.59160044002436,,,723,8.259375,0,No Defect
0.03761216404603305,99.11183923087401,212.03603023101041,30.552385346700724,25.137606249291192,,,724,8.2625,0,No Defect
0.03835131534524054,98.30209705779566,202.47477201697123,40.76582185539695,22.754111102766714,,,725,8.265625,0,No Defect
0.041037399415654825,101.24724190695356,179.53321016757008,42.95217011828329,23.54073647239253,,,726,8.26875,0,No Defect
0.04046408141719579,101.05836371380582,192.80187598816943,42.35005700731284,22.901761773637425,,,727,8.271875,0,No Defect
0.039135678342765386,99.93378184152478,197.21092184741516,36.48837026313211,24.333121332468647,,,728,8.275,0,No Defect
0.03806232155431772,99.4356875764581,220.5105801048103,38.74857507984426,22.235469540609134,,,729,8.278125,0,No Defect
0.040709732709888265,102.46237461386086,207.0811585827371,39.73762752680844,22.7970035385921,,,730,8.28125,0,No Defect
0.04063335492228971,101.67553746555814,182.47345979527842,34.6067871037387,25.80263605272965,,,731,8.284375,0,No Defect
0.03937377805874417,99.4558383487916,194.21037662900392,42.658898945017604,22.723655285279246,,,732,8.2875,0,No Defect
0.03781217020810905,99.79858557921834,233.05639384072975,37.29782405587573,21.896147649426712,,,733,8.290625,0,No Defect
0.04179055152731688,103.95840562339274,194.78521414202459,37.29868856931806,24.274349994715234,,,734,8.29375,0,No Defect
0.040126751060472095,101.25128651557546,199.4049306431799,40.91592239537985,22.922647099621933,,,735,8.296875,0,No Defect
0.03805275587781849,98.56793802475362,208.88534566892338,40.834410598124684,22.3499538780826,,,736,8.3,0,No Defect
0.03852065066346123,102.79173112319181,256.58563662444595,34.300559519698055,21.33672291323615,,Paste viscosity high,737,8.303125,0,No Defect
0.04092768009100595,103.04899008905242,215.28828445109195,43.79948582517267,21.118377692818104,,,738,8.30625,0,No Defect
0.039451964711645075,99.73102632845234,196.1218810179438,42.9597424699432,22.529185483381696,,,739,8.309375,0,No Defect
0.041852670289115566,104.7718638655586,205.9351147013254,34.59809859162386,24.392933522089542,,,740,8.3125,0,No Defect
0.04053503553346662,100.87326348491825,195.05594869017742,46.50512760117069,21.572806778789538,,,741,8.315625,0,No Defect
0.03750250006725898,96.8081956869896,197.42949577059613,38.9019272999915,23.629954872810202,,,742,8.31875,0,No Defect
0.03972492054052371,104.97870177389545,273.434367736352,38.11344739687987,19.21320281379442,,Paste viscosity high; Ambient temperature low,743,8.321875,0,No Defect
0.04173163052610684,104.97387514668594,206.8124196454122,30.526809361450113,25.53527971254986,,,744,8.325,0,No Defect
0.04101356460876546,102.68071480635754,207.68957539901115,41.64849642315503,22.22969428980972,,,745,8.328125,0,No Defect
0.04149235753328297,101.42895229660031,161.68728881575356,37.887414542993305,26.151312457934893,,Ambient temperature high,746,8.33125,0,No Defect
0.0397877041177064,100.20728937377373,192.5570694395143,40.016995255946156,23.62557547480702,,,747,8.334375,0,No Defect
0.038756944700870766,100.45379805681162,220.5589702654494,38.447833075539926,22.35826292975152,,,748,8.3375,0,No Defect
0.03968430870630007,97.85814897790297,165.13982007497046,47.45221004808766,23.13512868010458,,,749,8.340625,0,No Defect
0.038980886817464845,100.4248468446939,221.22406364744916,41.25635934184592,21.50418647876493,,,750,8.34375,0,No Defect
0.03657542112924474,97.7247625601139,240.29383119192457,42.38832614479106,19.98487237247373,,Ambient temperature low,751,8.346875,0,No Defect
0.040560202809513,101.55756775098386,190.5576074908897,39.18542163607793,24.002447009333558,,,752,8.35,0,No Defect
0.04003063500505321,99.76870616912076,190.62702305993727,47.23649864191836,21.645938483260192,,,753,8.353125,0,No Defect
0.04174248966463295,102.10249605635539,173.24578903024394,39.96231407888714,24.853901884864484,,,754,8.35625,0,No Defect
0.04082016105040253,99.43904079174781,153.97321805173533,39.446131431351105,26.183994624135096,,Ambient temperature high,755,8.359375,0,No Defect
0.03973854526822334,100.320318355775,189.79205029337305,36.021321783107354,24.977617911669736,,,756,8.3625,0,No Defect
0.0390424163991141,100.46271498471926,207.34941495918602,35.67848851737415,23.993713538012685,,,757,8.365625,0,No Defect
0.04101952736068774,101.48694619168981,186.61754184781014,42.67818785662004,23.240547014138134,,,758,8.36875,0,No Defect
0.0394336595953137,100.22444810950904,202.69308451826006,39.24908614630889,23.246226100716566,,,759,8.371875,0,No Defect
0.03758488618039209,96.50130250201633,182.55694463996872,37.937958697693226,24.848121186584166,,,760,8.375,0,No Defect
0.04089333768496505,101.94135914685626,181.72133897325017,35.766897375806494,25.559957159636408,,,761,8.378125,0,No Defect
0.03827135907778746,99.82246290082401,215.18233896902726,34.541711578428796,23.847284735624985,,,762,8.38125,0,No Defect
0.03688122185265718,97.3838265904058,216.06210741369446,36.66384574528781,23.165591243040595,,,763,8.384375,0,No Defect
0.03930444929560398,100.65622558056793,209.7226014544745,38.617882064011916,23.003664446031067,,,764,8.3875,0,No Defect
0.0420379873275797,101.50122476957553,166.88910964452393,48.146831270134314,22.87051483149524,,,765,8.390625,0,No Defect
0.03964774643871005,99.95644046106075,199.7459052577522,42.38570798211914,22.525556499448083,,,766,8.39375,0,No Defect
0.039308521549532426,101.92112093884415,229.36711288882427,36.05520805085957,22.55442508810172,,,767,8.396875,0,No Defect
0.038931498130238586,99.00159318302678,201.60895805669654,41.94166473763574,22.538316306587966,,,768,8.4,0,No Defect
0.04144055287686747,103.85876792514922,205.4734191807139,37.24264646202398,23.691672243927375,,,769,8.403125,0,No Defect
0.03908744645496128,100.7261213093143,223.58366369674914,40.30205647465946,21.67298041544595,,,770,8.40625,0,No Defect
0.03973684289568854,98.90832205584005,181.05017147509872,44.19793290585101,23.150476060550986,,,771,8.409375,0,No Defect
0.039213917376276414,99.1760843958871,191.99356269376005,40.868207432082684,23.447442991003356,,,772,8.4125,0,No Defect
0.03873297528785132,100.14152289475486,225.4001922932502,42.90694314975417,20.80034521109628,,,773,8.415625,0,No Defect
0.037581965223538856,98.77882595859866,214.28416395707458,31.854107177860033,24.704582708941828,,,774,8.41875,0,No Defect
0.04207308918706254,104.30124526516533,202.56603593634443,38.7886433092573,23.436793884178826,,,775,8.421875,0,No Defect
0.04052475155252821,101.74170207462905,187.75615512134172,33.537747260506805,25.86558146392739,,,776,8.425,0,No Defect
0.040932779181546426,99.05326999025726,153.26919994708052,46.342146969682794,24.245789090456455,,,777,8.428125,0,No Defect
0.041205098051979035,102.9510219188278,196.22156199856687,35.183212747115284,24.877145065902024,,,778,8.43125,0,No Defect
0.041742153927184826,104.5451753414707,215.76073753058594,41.0177446979424,21.976107693997108,,,779,8.434375,0,No Defect
0.03903273395047261,99.84740635075636,215.3113595394043,43.15381431336566,21.363394986450466,,,780,8.4375,0,No Defect
0.039439891385344504,102.15300256838245,218.9030316208562,32.45105003028821,24.268411174357247,,,781,8.440625,0,No Defect
0.03753840359863449,98.80659627747485,228.6762015424096,38.73133421007006,21.825643010747413,,,782,8.44375,0,No Defect
0.0398402529623655,100.70725188922037,203.04847190593478,42.82023635231854,22.219769501065937,,,783,8.446875,0,No Defect
0.04322730598750714,104.49879595313857,177.42518335272786,40.06647387549209,24.6298284559027,,,784,8.45,0,No Defect
0.039414916915324956,101.64750257187987,224.18802183922844,36.88145904842598,22.66152182988499,,,785,8.453125,0,No Defect
0.041168004688560286,104.13988127063624,223.56112213568252,40.959079711657054,21.520815487075225,,,786,8.45625,0,No Defect
0.04067539715511797,103.28294885276158,208.6857652793464,33.13393440740025,24.717561810984805,,,787,8.459375,0,No Defect
0.04065946695998358,103.24085838917763,213.00403811067008,32.955839564707205,24.510983585748196,,,788,8.4625,0,No Defect
0.04158881917443362,103.26494456919059,200.10385190998696,41.34753911003453,22.8568366305237,,,789,8.465625,0,No Defect
0.040896259487249405,100.78113642440272,192.00109695727483,50.3738125233504,20.713232174523043,,Ambient RH high,790,8.46875,0,No Defect
0.038936608060013284,99.78875761244849,204.92178478112712,39.65901449189328,23.0329879073795,,,791,8.471875,0,No Defect
0.038727461453286836,102.16724493820014,243.21826838090024,34.80468808822282,22.10180910297749,,,792,8.475,0,No Defect
0.040631572700643354,102.00842300531693,189.0541181932413,36.61863878619577,24.908336110229733,,,793,8.478125,0,No Defect
0.039309151963358324,98.84087031973047,187.94876066217105,43.19950431255177,23.050846263780418,,,794,8.48125,0,No Defect
0.04033321356684117,101.96284560806659,215.32401844658816,44.09867362621063,21.118019258043002,,,795,8.484375,0,No Defect
0.04236992691840127,105.47828536148656,230.42644656513718,46.579364884047656,19.48949698142606,,Stencil thickness high; Ambient temperature low,796,8.4875,0,No Defect
0.03637857310315411,98.06891550474575,233.72884261246307,35.18634011206781,22.55908436879107,,,797,8.490625,0,No Defect
0.037061977475889504,97.41408077253048,201.71890763483933,32.8892254278376,25.202721178725618,,,798,8.49375,0,No Defect
0.040049496716826165,98.30273679899834,161.05256373177565,46.36029436380786,23.788262039404348,,,799,8.496875,0,No Defect
0.03849811204363898,99.42200580361347,210.9109628219876,39.02248744092918,22.86406401823918,,,800,8.5,0,No Defect
0.04103066154376572,98.46377025399975,140.69248206099567,45.59741396954888,25.27579325291119,,Paste viscosity low,801,8.503125,0,No Defect
0.0400393621966418,99.16697135959983,168.87098610065726,40.916988082012054,24.905752761332444,,,802,8.50625,0,No Defect
0.038992720362375416,99.32660635336433,203.4356076236657,41.58727585876997,22.58506526780567,,,803,8.509375,0,No Defect
0.04377420470628458,102.87475885401815,134.9826989082653,43.21044971378744,26.346504347646103,,Paste viscosity low; Ambient temperature high,804,8.5125,0,No Defect
0.039446484481841466,99.3862425592489,188.82153297196638,42.49865226933298,23.21727493530213,,,805,8.515625,0,No Defect
0.04149967886357067,100.60882017416651,156.62315356684098,38.46727113590944,26.39729368379466,,Ambient temperature high,806,8.51875,0,No Defect
0.0416640088417368,103.29511161425278,195.1647929951377,39.837373925007256,23.62977151153168,,,807,8.521875,0,No Defect
0.04035614033233016,102.31162154021322,200.83394309025996,33.935519155744885,24.995173071710433,,,808,8.525,0,No Defect
0.03927800956360136,101.14783219336984,235.1552967696403,45.737623851052405,19.439157894194576,,Ambient temperature low,809,8.528125,0,No Defect
0.03871628575048568,99.90737613223057,215.73169099989877,39.721167592305605,22.383060071846412,,,810,8.53125,0,No Defect
0.040358928262149214,103.22018647567118,225.8091367557675,39.14646746358493,21.945648641453797,,,811,8.534375,0,No Defect
0.04130431323589067,102.62035231397668,189.19848123601108,38.257524734386294,24.461281112585294,,,812,8.5375,0,No Defect
0.038899221421904426,100.0977845406213,213.4861984055971,37.77236744224937,23.099194357080815,,,813,8.540625,0,No Defect
0.04099489948206073,101.02482195609173,170.5868424108195,38.11878465155,25.64516418475164,,,814,8.54375,0,No Defect
0.04019678696964064,100.67185440079942,179.73751075272375,34.65492857241871,26.090800811356974,,Ambient temperature high,815,8.546875,0,No Defect
0.041102136548610786,101.13853944624931,189.72542523840747,45.79134040686407,22.240026779055196,,,816,8.55,0,No Defect
0.03960983849931488,101.678899155402,218.58106043209858,38.95706280906054,22.44758183237376,,,817,8.553125,0,No Defect
0.038089152281268156,100.88985283577804,238.7605877388994,34.15839713870177,22.60220793458729,,,818,8.55625,0,No Defect
0.03820510407871731,99.92801953958862,220.4147896316744,34.54781589291595,23.617138617230747,,,819,8.559375,0,No Defect
0.03739064061086109,97.31920006443836,214.3318846777357,44.19981578916467,21.16563235623658,,,820,8.5625,0,No Defect
0.04042286844065762,100.98173974786577,199.9874814068644,45.06315553156549,21.821811560457046,,,821,8.565625,0,No Defect
0.041993308185743365,101.92004670223145,180.85719323348025,47.07809627604016,22.42429117069496,,,822,8.56875,0,No Defect
0.03935179951773932,99.97634504530839,188.9681997545943,33.68004421227876,25.815564427256998,,,823,8.571875,0,No Defect
0.03894311119086948,99.70435435210209,211.47461651833277,42.29940380612951,21.91605173437468,,,824,8.575,0,No Defect
0.03809454596234798,97.88482630995532,209.9780344759089,44.666321478741814,21.31402456215803,,,825,8.578125,0,No Defect
0.03957723984849585,100.51843746468384,209.8357173667738,44.248953945121826,21.45331399090799,,,826,8.58125,0,No Defect
0.039324722774005366,100.18904658164944,206.20207233320576,41.46424730558308,22.489503117469592,,,827,8.584375,0,No Defect
0.04107643863488205,104.15034146519447,223.0747844233881,38.520638160440434,22.330803740582876,,,828,8.5875,0,No Defect
0.035424329854649016,96.86798260277537,240.83344995209072,33.01579170023854,22.806839572473407,Paste volume per aperture low,,829,8.590625,0,Open Circuit
0.03989493884740025,102.30091924978112,221.18946616832477,36.36914216965673,23.070727460680015,,,830,8.59375,0,No Defect
0.03962234051932942,101.24272863713784,209.1841323270107,36.02621295137968,23.906372591766406,,,831,8.596875,0,No Defect
0.04002231306071513,101.58058882967359,206.6262910208215,35.810954398877406,24.13368552763907,,,832,8.6,0,No Defect
0.041380700897476454,101.92312173288708,182.80899830052215,42.72806100966497,23.58128922897692,,,833,8.603125,0,No Defect
0.0373165781898198,98.03799841244516,214.46296636777828,34.82217359718331,23.921231949831874,,,834,8.60625,0,No Defect
0.040854883473182585,101.77149112721503,195.26929209633914,44.049313032662454,22.428478914701593,,,835,8.609375,0,No Defect
0.040484136141412816,100.74742162106983,182.15297713362733,38.6050223048109,24.826381030872643,,,836,8.6125,0,No Defect
0.040625241886952046,104.61788435581038,232.23567843525854,32.03741019684834,23.673969967310143,,,837,8.615625,0,No Defect
0.040688419138949924,101.95817759884564,207.35862126293952,41.07261326517416,22.569342554931033,,,838,8.61875,0,No Defect
0.03913751132598764,101.49499688731922,216.19029627481473,27.958115849604972,25.846245891723115,,Ambient RH low,839,8.621875,0,No Defect
0.04042379682681533,99.92483682189581,171.5171184836378,39.15015119935856,25.32648613752152,,,840,8.625,0,No Defect
0.03891064002700705,100.47891536538823,199.3305812084144,27.9272119299104,26.88570246333444,,Ambient RH low; Ambient temperature high,841,8.628125,0,No Defect
0.03955414264175275,99.77414607307064,198.8123064586821,41.07282856786161,23.089529553173403,,,842,8.63125,0,No Defect
0.04097112328892511,104.31495742157439,222.39311610509588,35.26609086823865,23.345941111118634,,,843,8.634375,0,No Defect
0.0358396330965918,97.86378438466508,246.28447816288426,34.5869454670793,22.03746424464147,Paste volume per aperture low,,844,8.6375,0,Open Circuit
0.040904273937125764,104.26201708643025,228.67182505488927,37.812865433128714,22.220271525693413,,,845,8.640625,0,No Defect
0.03726774126899983,99.95600801958277,240.7569258031332,32.25092103065975,23.074564183730573,,,846,8.64375,0,No Defect
0.03794854732570975,100.73933355132478,238.6380497491569,34.722960894027636,22.48777815750867,,,847,8.646875,0,No Defect
0.03679635834458099,98.87787259647921,236.2842639975737,33.20584399823785,23.069164749158872,,,848,8.65,0,No Defect
0.03731603028851306,98.44651796616614,236.71970312831573,43.7761865347362,19.96332915643423,,Ambient temperature low,849,8.653125,0,No Defect
0.04187036162753856,103.05865708572163,190.86887470721413,40.87797717620225,23.663197435829744,,,850,8.65625,0,No Defect
0.04180096295753467,101.62217556420241,180.4487841145962,48.317309984423176,22.129547315421068,,,851,8.659375,0,No Defect
0.04173519710231877,102.27229498611526,186.5196781309046,44.60245123611248,22.84308055131371,,,852,8.6625,0,No Defect
0.04085845699651575,102.14884153925085,186.3306179849554,32.884069041856364,26.27171274970682,,Ambient temperature high,853,8.665625,0,No Defect
0.039770172760603226,99.99677951253926,184.13382896432765,35.720936607075565,25.57122451587473,,,854,8.66875,0,No Defect
0.03982384085909287,99.95192674392781,184.82969829949081,38.349954194946854,24.760822732103374,,,855,8.671875,0,No Defect
0.04364073195978512,102.57422378264299,153.00731986496788,52.5618942321305,22.593933727196546,,Ambient RH high,856,8.675,0,No Defect
0.04035349148011894,100.66314440299948,190.41316747937182,43.91317164064109,22.798262618574675,,,857,8.678125,0,No Defect
0.040884630512457235,101.22874437844257,176.58378689061158,37.37908164584077,25.56359554870605,,,858,8.68125,0,No Defect
0.03734377301931865,96.87280771034236,202.26709570668663,38.954570031738946,23.503633954695246,,,859,8.684375,0,No Defect
0.03926322834984401,98.3852637191913,175.50671164794846,40.582036656646444,24.682880436961536,,,860,8.6875,0,No Defect
0.037220795960961256,97.30263697900524,214.41855621094197,40.484365836702864,22.312190376354152,,,861,8.690625,0,No Defect
0.04007715395153396,98.7008196710026,171.71913369098985,46.495721119883314,23.19951395302181,,,862,8.69375,0,No Defect
0.04174962026422503,101.17849595714704,173.87452197077212,48.40682730369088,22.524981888805684,,,863,8.696875,0,No Defect
0.03996543347462314,100.72550545679564,205.89708335292275,42.62610620929119,22.2385011048631,,,864,8.7,0,No Defect
0.041802457857008625,101.92358676547528,181.4429279756911,48.25344142786452,22.105560294981217,,,865,8.703125,0,No Defect
0.04118510417021923,100.57700333710595,175.3777519774281,46.777163940582234,22.908678572485336,,,866,8.70625,0,No Defect
0.0388771463802649,97.60670859282259,182.33060845066697,42.06615388684399,23.845829923966722,,,867,8.709375,0,No Defect
0.04163701236673194,102.78289766654912,203.0244687468294,48.40275902791283,20.743382008600467,,,868,8.7125,0,No Defect
0.04004750658952252,100.88071659333568,189.0496916702489,34.30374828339646,25.709405397131952,,,869,8.715625,0,No Defect
0.0364583697758145,97.4157408036802,226.06396749223086,33.20222182728008,23.735371866895694,,,870,8.71875,0,No Defect
0.04124512868115812,102.43401925364182,192.59129680723922,40.532898085253905,23.683134730234894,,,871,8.721875,0,No Defect
0.04053467184522245,100.35030491492321,183.1407581580292,44.95534701109206,22.966423107341477,,,872,8.725,0,No Defect
0.04364897876313392,103.85264525616738,163.36687200982564,44.70777083860253,24.2823597805823,,,873,8.728125,0,No Defect
0.036969726512814084,97.14827022312183,206.54642779043527,34.902202672410695,24.442513608334366,,,874,8.73125,0,No Defect
0.04112360868289401,98.91693790156435,162.32813018248942,53.808641322718415,21.67039842900887,,Ambient RH high,875,8.734375,0,No Defect
0.04027329505138622,101.39119330562426,196.92583107811242,38.0840456798771,24.133274075076045,,,876,8.7375,0,No Defect
0.039296686850557566,99.28832753163721,184.39183910128506,36.8409759144356,25.25880562529915,,,877,8.740625,0,No Defect
0.04089554510586834,102.85136092049467,209.67468933350554,39.24121359231901,23.0234659945946,,,878,8.74375,0,No Defect
0.03763884847332455,97.34930601048852,196.03248692158508,38.06000506457741,24.176795761838935,,,879,8.746875,0,No Defect
0.04084757763390645,103.13030775893839,207.0534579059775,35.9710659821975,24.13951410119628,,,880,8.75,0,No Defect
0.041472995312263006,102.2051113892369,184.465471271997,41.41974604299699,23.940659023737457,,,881,8.753125,0,No Defect
0.038837536730949,99.64031586069287,201.18156105911763,32.71783362584556,25.443100957607676,,,882,8.75625,0,No Defect
0.041059078626482344,102.28176067002099,184.59023659007374,34.2332680258582,26.03266525202247,,Ambient temperature high,883,8.759375,0,No Defect
0.042382342597063825,101.84406611493638,170.6093389758079,50.32714876258422,22.201653197441402,,Ambient RH high,884,8.7625,0,No Defect
0.03802972938574905,99.3667990174774,215.8535422206932,34.49369344776244,24.017103561494846,,,885,8.765625,0,No Defect
0.036902003262472734,94.87019424845354,185.5218055786628,42.274844639588,23.60039647097122,,Stencil thickness low,886,8.76875,0,No Defect
0.04121032687815278,103.61840623950894,209.84187319673944,37.120960171402125,23.648590357759055,,,887,8.771875,0,No Defect
0.03763986070311148,98.80804353162715,225.16903896978124,39.266555429361546,22.05293646137158,,,888,8.775,0,No Defect
0.038675762850282513,98.40507511427593,195.15341102415155,41.64405220314409,23.210291009761686,,,889,8.778125,0,No Defect
0.039139098784860785,99.36408361767069,204.83128067491808,44.121921438880115,21.899177878984695,,,890,8.78125,0,No Defect
0.040502189139434625,99.864876365884,167.6027120120784,37.673970276948616,26.0814743456011,,Ambient temperature high,891,8.784375,0,No Defect
0.042067345077368395,105.35225811716569,222.15104990277067,41.4813644658003,21.63218069823998,,Stencil thickness high,892,8.7875,0,No Defect
0.03798862785117729,99.96989329174133,232.74842497411163,36.96741948362556,22.27129673824921,,,893,8.790625,0,No Defect
0.040562121573320065,103.10749715973917,226.35095982493178,41.877189802738755,21.251686797864775,,,894,8.79375,0,No Defect
0.040894117051780976,101.16095080561317,189.7859420516108,42.79533398912128,23.235179291478975,,,895,8.796875,0,No Defect
0.03792234753504119,99.16419002707782,215.52261763062234,35.07179259455097,23.884364186338953,,,896,8.8,0,No Defect
0.037226215975278996,98.64337658358568,224.80715253146045,35.14335891875801,23.289289318123217,,,897,8.803125,0,No Defect
0.0406877619153541,100.30381287612916,174.301996110389,40.90155199501124,24.738601273501157,,,898,8.80625,0,No Defect
0.04291748825001812,102.73059597734496,170.4116560559079,45.97159693822918,23.520740028258476,,,899,8.809375,0,No Defect
0.03833238160898273,97.43187604106514,179.01338585184587,37.3359659128406,25.472737461134788,,,900,8.8125,0,No Defect
0.040659905752590514,102.42385919968154,208.81308254250467,40.54594334480153,22.727646859572193,,,901,8.815625,0,No Defect
0.03793544380186933,100.17884816615627,230.60066214974432,32.11351490354091,23.836259935171068,,,902,8.81875,0,No Defect
0.0384123336661168,98.72918731962736,206.76684159083098,40.74794103239293,22.780172788280897,,,903,8.821875,0,No Defect
0.039151726403446815,101.4142316824403,228.39452761128865,40.2590812987606,21.599794191312416,,,904,8.825,0,No Defect
0.04199028686296682,101.03725462900671,165.22469302098276,48.00089792216702,23.243761003021692,,,905,8.828125,0,No Defect
0.04029223171425798,102.38378839997148,217.52896142038082,38.36906794438967,22.837142197565264,,,906,8.83125,0,No Defect
0.03889103399832521,100.03130151089859,210.32616024223714,37.03940019315618,23.65589651953186,,,907,8.834375,0,No Defect
0.03819077476533563,101.58622144618182,236.70403130029013,26.82496602557543,25.016419522623618,,Ambient RH low,908,8.8375,0,No Defect
0.041016306784734044,101.73984345745981,190.19629478862703,41.70326274023567,23.547890063147953,,,909,8.840625,0,No Defect
0.04242318199033483,104.37177286579073,201.85514833622244,42.02652395395698,22.75451285481414,,,910,8.84375,0,No Defect
0.039477394867679955,99.01821366236332,188.4577984079989,42.43663814257704,23.433591444921213,,,911,8.846875,0,No Defect
0.03813859904686214,101.23490668527421,238.8176181553374,31.09398352410696,23.644751850784893,,,912,8.85,0,No Defect
0.039007476158940374,100.97147617194167,214.93542977597426,34.74156215681994,24.050486637737215,,,913,8.853125,0,No Defect
0.038962652293526655,99.42262727822138,207.55772315988912,41.34849660211828,22.580521048456347,,,914,8.85625,0,No Defect
0.03961467792478009,98.9277986962265,193.40789759688062,47.38280223107692,21.693793971438105,,,915,8.859375,0,No Defect
0.040364334598472565,99.92731469960503,179.86867317334276,43.83775729405264,23.563375818923934,,,916,8.8625,0,No Defect
0.042075200040450615,104.25467082968731,207.97765198838377,41.912170218604274,22.419573122780257,,,917,8.865625,0,No Defect
0.038932777464282205,100.03534975919241,214.88708576187602,37.37366266961397,23.301065625524835,,,918,8.86875,0,No Defect
0.04027496706655167,100.75768730111317,200.99651320238817,45.3974801911889,21.817174007638062,,,919,8.871875,0,No Defect
0.03962437648327848,101.69209087450416,229.43415825706518,43.65204063957795,20.57676171986365,,,920,8.875,0,No Defect
0.03955877722372562,99.9515144263363,200.2716892369561,42.676742835077654,22.65263292826137,,,921,8.878125,0,No Defect
0.040117992590151745,98.32375307091714,172.4218795382226,49.02710832755588,22.516044106444525,,,922,8.88125,0,No Defect
0.03946142140085891,101.79838004104391,206.75757984137897,27.9198942796155,26.566258630072575,,Ambient RH low; Ambient temperature high,923,8.884375,0,No Defect
0.039210983123472314,102.3042653359324,230.895916890448,32.95202708868539,23.614669434006064,,,924,8.8875,0,No Defect
0.04219418020145915,102.16164430282664,167.14721417100725,43.248152695237515,24.543947892777044,,,925,8.890625,0,No Defect
0.037312866266797196,97.44807303973741,213.1896531367164,40.5435408164249,22.472658655457444,,,926,8.89375,0,No Defect
0.03493118889625504,96.45301949676448,239.99451062069338,26.956767026835827,24.783736526850937,Paste volume per aperture low,Ambient RH low,927,8.896875,0,Open Circuit
0.04141576966362017,102.41914993608921,190.17518098598327,42.21668125330716,23.430497147300425,,,928,8.9,0,No Defect
0.04281125598854716,101.82756260732297,154.01144454656423,44.67314988555039,24.951344617123503,,,929,8.903125,0,No Defect
0.03956757855022244,101.21959972179394,214.58576244344775,38.791139522394666,22.923404677529504,,,930,8.90625,0,No Defect
0.04374810121206416,104.16824182850955,160.319688327789,42.444024631176696,25.221373443536674,,,931,8.909375,0,No Defect
0.042577597583950536,103.03904553027508,172.0452727257001,41.33598335274028,24.819554056825602,,,932,8.9125,0,No Defect
0.03972562820048069,99.71933173647298,201.04102650750596,45.32607140366048,21.856189232748214,,,933,8.915625,0,No Defect
0.04113456630984939,99.83510333621636,165.65393126600222,45.63039839216374,23.951097526137424,,,934,8.91875,0,No Defect
0.038325646012122384,100.05947570086823,231.6744930023757,40.70779628577439,21.313305787433194,,,935,8.921875,0,No Defect
0.039597694645931776,99.67360184843422,201.9587368638727,44.61851092684959,22.0098091735707,,,936,8.925,0,No Defect
0.04115728661372443,100.94484903969501,171.3727779186257,38.758610204696495,25.612001523959734,,,937,8.928125,0,No Defect
0.039856132462955184,100.9995028578217,211.2354449777767,42.70156103216697,22.002725333171124,,,938,8.93125,0,No Defect
0.03965527515473654,101.146274027562,219.43849353361367,42.28464096482241,21.62221975673278,,,939,8.934375,0,No Defect
0.03827309260805555,97.21162922467713,191.70305416216678,44.46431563983169,22.676613871122626,,,940,8.9375,0,No Defect
0.039776220609119534,102.4355758243041,223.487094683652,35.828000923548515,23.260719893865012,,,941,8.940625,0,No Defect
0.03894188598333393,100.53765999845437,220.95881192032024,38.95980836511128,22.497980486189412,,,942,8.94375,0,No Defect
0.0399340919692599,103.872281032343,249.86944463085916,38.229872527778035,20.94648216872304,,,943,8.946875,0,No Defect
0.041751764299169124,103.24720212309194,196.04772810444726,40.343200832741175,23.649236508517284,,,944,8.95,0,No Defect
0.034485628843255144,95.58161761547399,242.36816985685414,33.7426331565058,22.673976341936182,Paste volume per aperture low,,945,8.953125,0,Open Circuit
0.037932017295685835,98.68574899601992,208.29755944766524,35.24292693389657,24.357473475195444,,,946,8.95625,0,No Defect
0.04166598547784869,101.4502147147537,173.68975263885528,42.36214145044189,24.43780061314751,,,947,8.959375,0,No Defect
0.04090248077382981,102.36527820154181,201.92313426691206,40.23265925047696,23.319012603833784,,,948,8.9625,0,No Defect
0.03950413109186086,100.50031880720364,199.49135471320866,34.79897095289408,25.047638073428256,,,949,8.965625,0,No Defect
0.04192008891424486,102.39894081718806,179.52134119964506,41.60211479383939,24.306498814394747,,,950,8.96875,0,No Defect
0.040513048474536587,99.37180677747368,177.64984346382263,47.463736165295145,22.701298349132006,,,951,8.971875,0,No Defect
0.03779107154117406,99.47687249964206,232.61699348904853,38.30378831188683,21.981020551146745,,,952,8.975,0,No Defect
0.04043404307609698,99.70090172618657,174.32315445797434,43.972897725636976,23.92282856437401,,,953,8.978125,0,No Defect
0.04002640792984741,99.56421083722297,186.61157287007072,44.487627983345035,23.019588582003557,,,954,8.98125,0,No Defect
0.04136124031918155,102.13815317842362,196.70179331371264,43.892013841481514,22.589426674791934,,,955,8.984375,0,No Defect
0.04048541492751463,101.67381000018509,191.0413692374078,33.55253454402144,25.948905903579657,,,956,8.9875,0,No Defect
0.03946844667048538,101.22968836345463,212.87934543443745,33.102207106953514,24.737017167478623,,,957,8.990625,0,No Defect
0.03953802982679361,99.8223671215039,195.74067089380966,40.478126933002585,23.63184889082031,,,958,8.99375,0,No Defect
0.037801494267599954,99.24190417667546,213.1558994939125,28.01718487578607,26.194081355633685,,Ambient RH low; Ambient temperature high,959,8.996875,0,No Defect
0.04088186830333492,101.61068064501443,183.71952476767927,36.0953318596705,25.664621519125124,,,960,9.0,0,No Defect
0.03722423661594114,97.06381346460118,211.98155452370156,42.454653475824955,22.042339310709067,,,961,9.003125,0,No Defect
0.0413157720473458,99.61925083910266,160.40975952938948,47.392256191005636,23.80369904298486,,,962,9.00625,0,No Defect
0.03956908033716284,102.09359363775208,221.12145339252893,34.25713525238642,23.898280845814014,,,963,9.009375,0,No Defect
0.03972465680176249,100.28486147955543,193.62726770328916,37.605836089022844,24.611489335507642,,,964,9.0125,0,No Defect
0.04041959294381378,101.32877659356365,203.23873204905436,43.74456576214346,22.235070443358737,,,965,9.015625,0,No Defect
0.04151106962223294,100.7602414838921,171.31041195867778,47.2207371998957,23.189711046861895,,,966,9.01875,0,No Defect
0.04016172026029042,100.34726807642075,185.8467716266044,40.701379073365565,24.190157857502502,,,967,9.021875,0,No Defect
0.038597455972845376,99.49282758365634,216.15990287453033,40.13701534483585,22.488261911433643,,,968,9.025,0,No Defect
0.04092353428819785,98.8754117621805,151.38931734782156,44.34585636443474,25.25352127165027,,,969,9.028125,0,No Defect
0.03543461456813065,99.55714991375942,282.6722183918521,30.165067225230096,21.296723291320994,Paste volume per aperture low,Paste viscosity high,970,9.03125,0,Open Circuit
0.0440763542145039,106.00429993971272,190.3840898313384,45.316289621738264,22.60524945459691,Paste volume per aperture high,Stencil thickness high,971,9.034375,0,Solder Bridging
0.039172441529463996,98.8866303620704,187.46604798646828,37.526337752769685,25.023941528550584,,,972,9.0375,0,No Defect
0.03706983128750449,98.11115628781117,225.28142924282625,36.31403929447481,23.03969924888153,,,973,9.040625,0,No Defect
0.04535163145020194,107.91478239185034,175.84079726037598,39.01321975322995,25.35171735367407,Paste volume per aperture high,Stencil thickness high,974,9.04375,0,Solder Bridging
0.038235499516436885,97.27626171910589,192.3955817776651,41.95605511115853,23.424279458648872,,,975,9.046875,0,No Defect
0.04172850097634442,104.30902530402776,205.88145638049758,36.410138852848064,24.242671536628595,,,976,9.05,0,No Defect
0.03917525447060281,98.95536250554532,202.56414479467603,46.16402141213799,21.580853830172547,,,977,9.053125,0,No Defect
0.03857015031231436,97.76542877382826,185.81716875326893,39.67039774581168,24.501004766905957,,,978,9.05625,0,No Defect
0.03998287677006561,98.56423379030045,163.48129492990387,41.73262134891676,25.27999562514851,,,979,9.059375,0,No Defect
0.03931840260202489,98.77440719681701,180.88821462866554,38.31575267619599,25.208430963408233,,,980,9.0625,0,No Defect
0.04161451227473846,101.74892302503645,171.94030184284162,39.91968099737335,25.307468340641996,,,981,9.065625,0,No Defect
0.03909859506522974,101.6106311797512,235.2555434714302,38.2773436142857,21.88521627641786,,,982,9.06875,0,No Defect
0.04036768536196992,102.53549442415918,213.62247507537168,38.163329218445455,23.2542382712394,,,983,9.071875,0,No Defect
0.04289375658236654,104.07109783851145,187.13126557579704,45.88343481805231,22.647222090335234,,,984,9.075,0,No Defect
0.0391281956629684,99.32217419143566,200.1586168514802,39.36339925681372,23.72920219094695,,,985,9.078125,0,No Defect
0.041907241583473316,99.82472646113877,156.4538218622502,53.67508662365486,22.25044543675839,,Ambient RH high,986,9.08125,0,No Defect
0.040945128180782366,101.72593269071031,200.49837394841245,45.906382952611835,21.81083738717113,,,987,9.084375,0,No Defect
0.04102143471698458,101.52873331347931,189.17013943346703,41.048706816515796,23.929750692787458,,,988,9.0875,0,No Defect
0.041808995819078515,101.6178766878772,165.06933837917012,39.439260860891004,25.88478285167461,,,989,9.090625,0,No Defect
0.040417793787928535,102.82717739187285,223.7865246647101,40.78175663078169,21.87883776902362,,,990,9.09375,0,No Defect
0.03758357095096694,98.1021234287798,221.3508142972305,40.935195071993995,21.96478706001451,,,991,9.096875,0,No Defect
0.03944559606113357,98.87382926265809,185.28996922081532,42.01453235638435,23.877083042280606,,,992,9.1,0,No Defect
0.03959002373868945,99.13511830649604,193.4527110518491,44.96246746387354,22.520097967703176,,,993,9.103125,0,No Defect
0.04265897508891618,103.32225118681392,172.26024548193894,37.66286543899432,25.98087417354901,,,994,9.10625,0,No Defect
0.03761046756376564,100.17948814995351,243.0515967146063,34.62149086636613,22.48214630956613,,,995,9.109375,0,No Defect
0.03791635821988597,99.84294089890355,233.1389991493338,36.09676321029056,22.6647808968129,,,996,9.1125,0,No Defect
0.042845168753944535,103.32266249816506,175.034011191099,44.17049507919438,23.91207141403334,,,997,9.115625,0,No Defect
0.03634855675651468,98.00767244941117,238.91943636456392,34.51309594498727,22.761439031596957,,,998,9.11875,0,No Defect
0.03991483435464222,101.6083949063402,232.3708583794859,48.39789309613527,19.139730674907895,,Ambient temperature low,999,9.121875,0,No Defect
0.03926294814557762,99.4355183234445,186.51007070300707,34.55198578653311,25.99307208356491,,,1000,9.125,0,No Defect
0.03778370811058,99.91599086296976,238.22385676554933,35.44364339139524,22.551697755913487,,,1001,9.128125,0,No Defect
0.042779986162587415,104.49835925586649,191.9669389123394,40.96208666883142,23.81832842390774,,,1002,9.13125,0,No Defect
0.0391098816253431,97.12431871735984,182.24743456115084,50.71770964163922,21.53824289306679,,Ambient RH high,1003,9.134375,0,No Defect
0.03989928014333861,99.69995483836186,186.66635336316784,39.31339796403998,24.608003815908788,,,1004,9.1375,0,No Defect
0.03785279393877033,97.26581529741995,195.3341659214726,40.45560628149454,23.721412131575093,,,1005,9.140625,0,No Defect
0.0378499696421489,100.24589382586704,242.84895538526175,37.2311818789789,21.751617191417502,,,1006,9.14375,0,No Defect
0.04416455116862214,107.77184577173094,202.78235108963472,38.90646303015448,23.769487449375774,Paste volume per aperture high,Stencil thickness high,1007,9.146875,0,Solder Bridging
0.04086808517285765,99.41519414915588,162.58197520422206,43.821724981066225,24.781400952584093,,,1008,9.15,0,No Defect
0.04186294709607424,99.90984424974518,149.24657434196564,48.64856160775116,24.195367919394663,,Paste viscosity low,1009,9.153125,0,No Defect
0.0412680718207452,102.47995957889583,198.70973918049603,41.2179525964488,23.33059757474818,,,1010,9.15625,0,No Defect
0.038049305042413314,99.72888225294852,227.35541383559573,35.90664985208333,23.09951071401369,,,1011,9.159375,0,No Defect
0.0394691802593467,101.5877779963435,220.38403515504544,34.1310138961244,24.061106281254418,,,1012,9.1625,0,No Defect
0.039643654808525955,100.43581674730274,213.15940819006934,44.32967735024747,21.527187600219886,,,1013,9.165625,0,No Defect
0.037949479900173735,98.41360962567406,215.38496765176842,38.26594033281769,23.152270734716414,,,1014,9.16875,0,No Defect
0.040175307491848875,100.97817888674504,205.79839357828487,43.60316096993806,22.197261139876105,,,1015,9.171875,0,No Defect
0.03827183418793488,99.1979353361787,215.97444425719942,36.71340629387445,23.57383455576008,,,1016,9.175,0,No Defect
0.04404334070392575,104.76667509624158,172.26008725976754,46.16331542380516,23.541603264271917,Paste volume per aperture high,,1017,9.178125,0,Solder Bridging
0.0368331231210885,96.65924928032793,202.9161989904679,36.11882200582979,24.533415747867302,,,1018,9.18125,0,No Defect
0.03939833709111311,101.30406844167048,213.29044954769807,32.77342658245084,24.901452245149414,,,1019,9.184375,0,No Defect
0.04178935402556843,103.18749153544192,196.84616036484798,41.54709886774312,23.367762420308406,,,1020,9.1875,0,No Defect
0.0403507380573955,99.7494209476944,179.49196069375358,41.89159939235762,24.324390450802586,,,1021,9.190625,0,No Defect
0.03916400150456213,103.22056631199699,250.79965455072772,30.783816464149186,23.185907913807622,,Paste viscosity high,1022,9.19375,0,No Defect
0.040903328803617474,103.82798153565324,219.01302576360246,33.0740555407543,24.48287416327821,,,1023,9.196875,0,No Defect
0.03759870303956392,97.77042471125237,208.87507501762,37.58597299358514,23.759313403201574,,,1024,9.2,0,No Defect
0.03881094418161542,99.19319490101985,204.07604023739293,39.51132153699235,23.50238622963631,,,1025,9.203125,0,No Defect
0.04075835167619711,102.59743014032036,211.55380747476264,40.40251119037957,22.800002412322126,,,1026,9.20625,0,No Defect
0.04008736182412807,101.45019612213429,212.28099950779188,40.239284014784374,22.801937677027848,,,1027,9.209375,0,No Defect
0.039001457700451436,100.43797063514334,223.3697956828605,40.138969076761796,22.14331419441722,,,1028,9.2125,0,No Defect
0.040214770366765594,100.78753397116694,194.88431673964106,40.80764949433227,23.703790052426974,,,1029,9.215625,0,No Defect
0.04395837882401336,103.5786848175748,158.2714067298786,47.51779838912206,24.025223343454964,,,1030,9.21875,0,No Defect
0.03998109861828842,100.89341954227521,220.55786146946534,48.178795874410525,19.980996722095117,,Ambient temperature low,1031,9.221875,0,No Defect
0.040474851818478666,98.49907124037642,159.30223503030837,45.5815275791288,24.501191815397362,,,1032,9.225,0,No Defect
0.0416934364331745,101.76663217353126,177.4044514100625,41.81292449467358,24.504044736212368,,,1033,9.228125,0,No Defect
0.040539004845218087,99.60667228266554,170.93723463236904,41.433358052526934,25.004371767567804,,,1034,9.23125,0,No Defect
0.0431332555965188,102.16239933423489,141.96952627815818,41.10309601498935,26.89769415155827,,Paste viscosity low; Ambient temperature high,1035,9.234375,0,No Defect
0.040380317558204,100.52572485138526,188.0273105725027,41.3988173647902,23.964883264194565,,,1036,9.2375,0,No Defect
0.03659955304201855,96.84637600357514,220.51658291813015,36.71189925038098,23.31463862676007,,,1037,9.240625,0,No Defect
0.038894821639695765,99.56739835936591,211.05315621551773,39.84476954708843,22.999721951594534,,,1038,9.24375,0,No Defect
0.03925443446516119,101.32331102781178,221.6889097122819,34.5184333381628,23.907111019483253,,,1039,9.246875,0,No Defect
0.03942467804075542,99.4831260444604,196.28337781826582,42.02869256817356,23.272275639049273,,,1040,9.25,0,No Defect
0.041438824723210435,103.67506537110046,206.43611348202901,35.8957881370018,24.461549637591112,,,1041,9.253125,0,No Defect
0.04018640231275269,99.50079597222451,178.51366787190025,42.91495022951433,24.113526270751105,,,1042,9.25625,0,No Defect
0.040877115764589536,101.97758160000117,195.3701998411211,38.098521616060026,24.4947213199753,,,1043,9.259375,0,No Defect
0.04310428718956722,103.84072459664743,175.3918111907384,41.64432725925426,24.705395784628564,,,1044,9.2625,0,No Defect
0.03813314373661667,98.29320128759397,209.11818722841252,40.98082737739348,22.788758037548572,,,1045,9.265625,0,No Defect
0.04314400179923118,104.52146635288254,178.6444631300725,38.72651231314907,25.359409295661003,,,1046,9.26875,0,No Defect
0.04359729795902306,102.48869153669969,155.61126659801133,51.4104359099944,23.073961466095746,,Ambient RH high,1047,9.271875,0,No Defect
0.039822598991298634,99.43924254154287,191.13259640282286,44.99162915210474,22.73917494156375,,,1048,9.275,0,No Defect
0.039976859039228485,99.90908042358396,179.99702500325037,37.796956855006165,25.52460389671561,,,1049,9.278125,0,No Defect
0.038320199134746435,98.33198096809713,200.329186868022,36.34631607146572,24.69470970747343,,,1050,9.28125,0,No Defect
0.0380279110955163,98.20337167954861,203.08197239669033,34.71004889697666,25.003029814708245,,,1051,9.284375,0,No Defect
0.042178563718327504,101.87308170045135,171.49548389344866,45.73345498968726,23.752612070221858,,,1052,9.2875,0,No Defect
0.038576187451200304,100.71310642936082,226.6168264464853,32.3881566996741,24.244058885362268,,,1053,9.290625,0,No Defect
0.04224503635072054,106.33177465135796,221.21921868481238,33.09929814168035,24.393589484584542,,Stencil thickness high,1054,9.29375,0,No Defect
0.04136250807890386,100.15188199266757,156.0156451333437,40.565487801390724,26.211450266639815,,Ambient temperature high,1055,9.296875,0,No Defect
0.03888495730862798,100.45357461290298,226.36724839245264,40.86896065700971,21.786452418319726,,,1056,9.3,0,No Defect
0.040723253771796655,99.84183754173739,181.50795976654004,47.2994091249344,22.679922347352925,,,1057,9.303125,0,No Defect
0.0427372205801725,104.03827453492497,178.13290748033523,36.29310001589589,26.117910038153827,,Ambient temperature high,1058,9.30625,0,No Defect
0.03970584226304179,100.51485841455238,208.3039863535434,42.57528988639923,22.407236354264565,,,1059,9.309375,0,No Defect
0.03963705983251351,99.93317906502527,202.5258534359762,43.63107876312375,22.45478613530825,,,1060,9.3125,0,No Defect
0.04188213490055941,102.41607331576773,178.2522859929359,38.96602679329847,25.327810481859125,,,1061,9.315625,0,No Defect
0.039526192989992326,101.83858194839252,220.3462148386717,34.11873748718988,24.141398151015977,,,1062,9.31875,0,No Defect
0.03954724040598618,98.27767840765192,175.46381686957224,42.46839401612768,24.459645357564625,,,1063,9.321875,0,No Defect
0.04038835599079758,99.52421660838827,182.64302200631195,47.00751597389254,22.70169705423817,,,1064,9.325,0,No Defect
0.039984028988887824,100.00735178650942,192.34414408452017,42.526172251165434,23.412432668942795,,,1065,9.328125,0,No Defect
0.03906292483428185,99.42859377156061,204.17044923590888,41.794653224822085,22.893098123651395,,,1066,9.33125,0,No Defect
0.039133887157747536,99.16234725512801,192.5745195034403,37.52689949830224,24.855761906836733,,,1067,9.334375,0,No Defect
0.038167047411384436,99.42213926144238,210.8914509553984,31.083656488834265,25.607348286099267,,,1068,9.3375,0,No Defect
0.04291310967085453,103.24841478378953,159.57131298123488,34.960314068673455,27.666267653305308,,Ambient temperature high,1069,9.340625,0,No Defect
0.04106754126605685,102.25120642928023,199.57938021693803,42.109912374930175,23.104889662655058,,,1070,9.34375,0,No Defect
0.04155653195158476,100.11902285066719,153.91097599491215,41.04706447000938,26.228571533710618,,Ambient temperature high,1071,9.346875,0,No Defect
0.039919537139986416,100.76053592525992,202.99942536023556,38.70402311302103,23.888087545874594,,,1072,9.35,0,No Defect
0.03739546754725157,99.86667823740024,241.82120435958723,32.11845227013045,23.40960460759319,,,1073,9.353125,0,No Defect
0.03783934114063928,97.06118115501182,189.74163990830095,37.10042836369462,25.153756062256086,,,1074,9.35625,0,No Defect
0.04128652913095632,105.33185923850424,221.70885696356763,28.81122270529793,25.64007217147361,,Stencil thickness high; Ambient RH low,1075,9.359375,0,No Defect
0.038980038943566386,98.8595985160605,191.18691124561914,39.71792867511111,24.309144664046023,,,1076,9.3625,0,No Defect
0.040040345128940176,102.49061986469012,214.1642329818427,30.46282003908985,25.61840787853466,,,1077,9.365625,0,No Defect
0.03878349733191411,99.68104386255234,212.6753032514894,38.717955039789715,23.288161946251144,,,1078,9.36875,0,No Defect
0.041396939627682844,102.39420844490867,198.18494177627232,40.899708214770506,23.567279121032755,,,1079,9.371875,0,No Defect
0.037934101308267555,98.10037731079669,211.9085172993332,40.430787299230985,22.83165409689827,,,1080,9.375,0,No Defect
0.04001091099883957,98.69512196922358,180.03480994672046,47.145536503237714,22.845439141058357,,,1081,9.378125,0,No Defect
0.03908419518691848,99.08326302680295,192.9858146854078,39.0632720625459,24.401820813869264,,,1082,9.38125,0,No Defect
0.04112115493514164,101.30263873367761,172.60588312545286,35.61238734525961,26.680273287991728,,Ambient temperature high,1083,9.384375,0,No Defect
0.04005896753848965,99.18537281092871,184.29705386631426,45.787329100829744,22.985170732766413,,,1084,9.3875,0,No Defect
0.041140803471793004,103.07744026828337,208.2333089614664,37.827733130108456,23.85215080214812,,,1085,9.390625,0,No Defect
0.0388067429085391,98.6797087081745,198.80594385817383,40.16353774801961,23.730466843512612,,,1086,9.39375,0,No Defect
0.038933828592037326,99.53683696419678,214.35351999694336,42.922609806593194,21.972454525454687,,,1087,9.396875,0,No Defect
0.038953028600857316,98.80303238768268,191.51259164722072,37.257030832665954,25.030861057637058,,,1088,9.4,0,No Defect
0.03961406625318881,98.52764823116837,190.04567697629057,48.71849239335344,21.78013183948416,,,1089,9.403125,0,No Defect
0.03923148523794687,100.05054708526592,218.27248557691172,42.66874751048627,21.816555014910847,,,1090,9.40625,0,No Defect
0.04243414866963124,102.28581489220731,168.82125582624442,42.25590992873396,24.997026143095805,,,1091,9.409375,0,No Defect
0.03993635848433245,101.46935716220229,218.8227983231395,40.629568177997655,22.38585004840231,,,1092,9.4125,0,No Defect
0.03996304862254095,101.01721656783519,206.98765346207125,39.569575412797136,23.42189609384738,,,1093,9.415625,0,No Defect
0.04263583689920495,103.80310528885374,184.50281889729155,40.24220974015405,24.6279165273615,,,1094,9.41875,0,No Defect
0.04284680746010627,103.27555810249372,175.13654867565631,43.007140056031716,24.39850001415632,,,1095,9.421875,0,No Defect
0.04340877564397041,104.66364809403464,182.68801602609958,42.93430722642961,23.961386742163448,,,1096,9.425,0,No Defect
0.041296052573298235,102.13772000465522,195.21066037623328,41.5429028588861,23.58587555101679,,,1097,9.428125,0,No Defect
0.03928509788798814,101.28476003194278,221.0613247019577,37.92142406553208,23.036322907877665,,,1098,9.43125,0,No Defect
0.03778118516203258,98.2793049295173,210.48421747066752,33.297072100767075,25.034431276656374,,,1099,9.434375,0,No Defect
0.041222986840543166,102.58247802781504,201.16995399461888,38.8545349623068,24.010635049229847,,,1100,9.4375,0,No Defect
0.04146412249063002,100.7546551388835,154.80706373883856,36.44279317528155,27.558952466700617,,Ambient temperature high,1101,9.440625,0,No Defect
0.040235787574182065,101.84855530926058,214.98216612084397,40.62096577663601,22.63917808596532,,,1102,9.44375,0,No Defect
0.037358032060964136,98.67861932823463,232.71616103800503,36.17942001607626,22.82999111119696,,,1103,9.446875,0,No Defect
0.038702571171975814,98.4997212924331,202.7983132511537,41.78393065108689,23.03985954541795,,,1104,9.45,0,No Defect
0.038936175858670145,101.05557826584705,227.82292716723458,35.77889883116942,23.260166131498,,,1105,9.453125,0,No Defect
0.0422473007835369,101.92674769632725,177.93426783420068,48.62281011438145,22.59807075263647,,,1106,9.45625,0,No Defect
0.04434985542024634,103.62753318715377,146.35406510248725,45.0201658104294,25.60828188589208,Paste volume per aperture high,Paste viscosity low,1107,9.459375,0,Solder Bridging
0.04293803277856678,105.77242797514359,214.75940044761498,42.44074362872404,22.15342724841328,,Stencil thickness high,1108,9.4625,0,No Defect
0.03709330823075946,100.40651455605835,260.716877275701,32.37858141317924,22.227261114401706,,Paste viscosity high,1109,9.465625,0,No Defect
0.03830805543469367,99.49343559924966,218.88328947245748,37.31427225318939,23.36096380551896,,,1110,9.46875,0,No Defect
0.037476378385805496,98.22901752325686,226.86980760650076,40.11422778630512,22.05028789838195,,,1111,9.471875,0,No Defect
0.03818149418417759,98.79995801380502,209.42831800163128,37.05181068116229,24.019252851712576,,,1112,9.475,0,No Defect
0.041200255957348775,103.27044876525075,214.35369240830744,40.954762668270384,22.604656683550125,,,1113,9.478125,0,No Defect
0.03999515407406419,99.94946133633958,188.52509790111893,39.88079199365976,24.495726976755183,,,1114,9.48125,0,No Defect
0.036595570324275434,96.37389819190204,215.1505791315316,36.90157243327107,23.708946401305333,,,1115,9.484375,0,No Defect
0.043305166643870706,105.28718554899852,203.17879531916125,46.46459058432588,21.7028664879273,,Stencil thickness high,1116,9.4875,0,No Defect
0.03874079680119475,98.54738212035916,181.27459063763388,33.4225127489685,26.816394153077354,,Ambient temperature high,1117,9.490625,0,No Defect
0.03903785014996866,99.3528274709074,198.14881726952353,37.7671380757633,24.519051849753804,,,1118,9.49375,0,No Defect
0.0369687694000215,98.14932989301509,228.41200977934116,34.8801229592433,23.49120554247145,,,1119,9.496875,0,No Defect
0.03967265654948059,100.18163892740193,199.3301892594061,40.4089709032232,23.68218054613726,,,1120,9.5,0,No Defect
0.04038366440329654,99.36782781289897,172.37979807086094,43.60857501528504,24.408581711261366,,,1121,9.503125,0,No Defect
0.041147133418616616,104.09426343893335,228.8512056870728,39.98748659349498,22.01141908421251,,,1122,9.50625,0,No Defect
0.035558571178482976,95.98153393889935,228.58664893996487,34.96927847560616,23.44860670387499,Paste volume per aperture low,,1123,9.509375,0,Open Circuit
0.039442749246318194,97.76068247903918,167.07245657586773,41.67464005510389,25.29661004316061,,,1124,9.5125,0,No Defect
0.0398303725720204,100.89732157668763,212.92956522106581,40.872594419683324,22.725747302511756,,,1125,9.515625,0,No Defect
0.038712053956033735,100.47929103878259,225.89927973512874,37.1614851229239,23.003469877151222,,,1126,9.51875,0,No Defect
0.041229752460876734,104.58714198658232,221.2111866815842,32.60116495099262,24.645226908507173,,,1127,9.521875,0,No Defect
0.04136780864596209,101.27307077607095,162.337329695978,36.05347422018,27.247121616897047,,Ambient temperature high,1128,9.525,0,No Defect
0.03696846405166671,96.81170813265626,221.87774270599516,44.61007304649172,21.06386444571279,,,1129,9.528125,0,No Defect
0.039693684884278345,100.43616114293707,202.96909736698987,40.391456115115844,23.478991690257836,,,1130,9.53125,0,No Defect
0.03859846003496505,100.55056979227425,228.11238246299695,37.35557457496224,22.815169435592377,,,1131,9.534375,0,No Defect
0.039904723139593576,99.3329518014318,184.5181801478068,40.5230879402695,24.583063906403932,,,1132,9.5375,0,No Defect
0.03750190114945889,99.0395474856396,235.51932002320308,35.54350035386295,22.891362915568042,,,1133,9.540625,0,No Defect
0.044343793258962386,105.03225330024502,164.03155541571155,46.14224329868208,24.22774996753335,Paste volume per aperture high,Stencil thickness high,1134,9.54375,0,Solder Bridging
0.04003497149285419,100.89843927442858,211.19478666955789,44.0484320063872,21.91910085277511,,,1135,9.546875,0,No Defect
0.038345590121396995,98.52814715582367,200.2717639641494,36.063575925955945,24.90850101482565,,,1136,9.55,0,No Defect
0.03740139665749905,99.66754359305479,238.67600069870542,30.89415065219056,24.058974500590047,,,1137,9.553125,0,No Defect
0.04011891973593544,98.46557875561271,170.38460162390322,44.35708734573562,24.340548231043698,,,1138,9.55625,0,No Defect
0.040911332728085184,101.01412435875353,181.47419108490584,39.674302358458,25.03284789190516,,,1139,9.559375,0,No Defect
0.039955657662708935,100.29630842340008,196.8700476459104,39.96554822137086,23.998591262063066,,,1140,9.5625,0,No Defect
0.036372148530749666,98.26739687490108,246.40860732135752,33.44892081200476,22.835619539462165,,,1141,9.565625,0,No Defect
0.04015134912772349,99.42105283797328,185.88915171171064,45.8674860799322,22.951588185733755,,,1142,9.56875,0,No Defect
0.039259476606077016,100.46875882982548,211.9167318859867,37.89527531734704,23.67622557137433,,,1143,9.571875,0,No Defect
0.039245357087896955,102.11331262516126,231.30607491528528,31.730283383949093,24.29060884409478,,,1144,9.575,0,No Defect
0.03788706865422737,95.62484561300485,175.6487776572808,42.76791738623329,24.471442423584026,,,1145,9.578125,0,No Defect
0.039748010447242084,100.42233120739458,208.96998451065667,42.45725027643516,22.53551966205021,,,1146,9.58125,0,No Defect
0.03951103403945103,100.8843875654528,222.60718092905398,41.4710726495993,21.98758519775787,,,1147,9.584375,0,No Defect
0.04058851040015447,99.90890773437373,178.19556584575602,41.51850387656157,24.709751953628185,,,1148,9.5875,0,No Defect
0.04063788777344149,100.75169727297501,189.66552797923228,42.27944517872879,23.782629382810136,,,1149,9.590625,0,No Defect
0.039921288483547576,98.92602538663974,187.45300500902886,45.64026154552653,22.936266240596762,,,1150,9.59375,0,No Defect
0.038187160696564734,99.54536391925467,221.70269682934648,34.91026848241274,23.953251218219414,,,1151,9.596875,0,No Defect
0.04005118908922422,101.33750511794099,202.66163575529967,34.119004613809956,25.370536820701787,,,1152,9.6,0,No Defect
0.03944542553819309,100.87425915004863,214.73193633358687,37.78226935550395,23.553821722285374,,,1153,9.603125,0,No Defect
0.04328458795716164,103.67904762395314,176.58795594000168,45.18201843067696,23.76802609220575,,,1154,9.60625,0,No Defect
0.03773394168978785,98.93385032782949,222.8915796755191,35.28473412296063,23.772100623563226,,,1155,9.609375,0,No Defect
0.03785622332521342,97.57173935726183,206.9638008275296,43.228545344968616,22.427905044834667,,,1156,9.6125,0,No Defect
0.04102817231184476,101.49522678337154,202.32352601724156,45.182842292861125,22.177926670347176,,,1157,9.615625,0,No Defect
0.037172665793349435,94.50840658197885,179.04969645729184,44.327238500258424,23.821424773273048,,Stencil thickness low,1158,9.61875,0,No Defect
0.039815294955341446,104.46406921862011,254.37654563461422,31.69330916939589,22.910752714256137,,Paste viscosity high,1159,9.621875,0,No Defect
0.04051350264348158,100.80643805304729,189.39178236285923,42.10546978808995,23.861317684623412,,,1160,9.625,0,No Defect
0.04023784558637234,97.83353542001642,155.39042055571667,48.28415268183993,24.140476616118722,,,1161,9.628125,0,No Defect
0.041918843608321245,104.40208096105711,212.24808881116257,38.105100240152765,23.647567279877496,,,1162,9.63125,0,No Defect
0.04118997578822466,100.7272256127558,177.74290770535112,42.457097064682486,24.490236800372205,,,1163,9.634375,0,No Defect
0.040058648080500636,101.00922517186615,197.4129058109572,37.447336022436225,24.73279864711577,,,1164,9.6375,0,No Defect
0.03708756903179244,97.54542975158279,220.30032940955434,37.33019048078859,23.343420190059575,,,1165,9.640625,0,No Defect
0.03958874083357736,100.03083013071084,194.19775359243195,37.50632181103544,24.912888389590112,,,1166,9.64375,0,No Defect
0.03926943919290936,97.38093781036949,180.87948252198723,46.94622080474825,22.97809639588166,,,1167,9.646875,0,No Defect
0.04062327422266779,99.65744020086449,165.00394759421278,36.748696465097304,26.94275917803666,,Ambient temperature high,1168,9.65,0,No Defect
0.039051749022551936,103.46759708463121,252.59417385117456,27.370325715006263,24.294058423344943,,Paste viscosity high; Ambient RH low,1169,9.653125,0,No Defect
0.04042288791512395,100.4031092244832,192.2983613978576,42.3537114696767,23.63131531920046,,,1170,9.65625,0,No Defect
0.0368723369292595,94.56453639211367,181.2746876997172,40.29510935759677,24.879874152558457,,Stencil thickness low,1171,9.659375,0,No Defect
0.04216267518476956,104.35663962873763,203.22273493259354,36.13045935485512,24.79655566662314,,,1172,9.6625,0,No Defect
0.03895672125153921,98.69052662761918,192.00651941391615,37.64840938253732,25.014627207448566,,,1173,9.665625,0,No Defect
0.03889459340915177,99.75694798182504,214.2450061138653,38.238778461901084,23.479919831893458,,,1174,9.66875,0,No Defect
0.03829536228276103,96.7736328805671,186.7341408929541,42.41762004196227,23.9439915591317,,,1175,9.671875,0,No Defect
0.03581926154134908,98.2262106302198,260.2653568291304,32.02159274227665,22.451837585639655,Paste volume per aperture low,Paste viscosity high,1176,9.675,0,Open Circuit
0.04290859828811267,102.53218585632192,159.88799409390202,39.93072048905658,26.359669927586726,,Ambient temperature high,1177,9.678125,0,No Defect
0.03960392370599795,101.12392954171035,206.96782841976676,31.71962992264549,25.842151526028772,,,1178,9.68125,0,No Defect
0.041751021386364294,100.28487193407778,165.7633475091496,49.26579116677438,23.262805281366262,,,1179,9.684375,0,No Defect
0.03987786462499753,97.17008779214027,155.55886573757672,47.12085130529722,24.49889512626882,,,1180,9.6875,0,No Defect
0.03932520645093169,99.6786376222416,184.1162417341954,32.968392774473564,26.873941220497983,,Ambient temperature high,1181,9.690625,0,No Defect
0.04087963356157892,101.34819919907036,199.5811024507025,45.4624401206547,22.295398116096475,,,1182,9.69375,0,No Defect
0.03844589519995808,100.06882377633305,214.24416154348594,31.363553863557797,25.49285695700398,,,1183,9.696875,0,No Defect
0.04217811659406178,102.96786376676492,190.35367325803284,44.04524837403449,23.28909949974173,,,1184,9.7,0,No Defect
0.03850292028017434,99.96008525067401,224.18420548208422,38.513942283470016,22.798221018102076,,,1185,9.703125,0,No Defect
0.038318600255184625,97.85832675347594,199.31894596610906,37.72977092637544,24.560420222723828,,,1186,9.70625,0,No Defect
0.04076833701988353,102.946527269117,206.05935829291496,34.441042318376105,25.119615025803967,,,1187,9.709375,0,No Defect
0.03770257558092778,99.28626514513482,230.95535421561408,33.63886227359605,23.810348249766907,,,1188,9.7125,0,No Defect
0.04144989911509536,101.23986308884216,185.64521528878586,44.67958984689491,23.39840531988104,,,1189,9.715625,0,No Defect
0.0402375859903599,100.84467967813475,194.23279234337687,39.00645232935478,24.513598747197737,,,1190,9.71875,0,No Defect
0.041492574731426035,101.90435705993173,190.26798472193389,43.25924243864517,23.529873794342354,,,1191,9.721875,0,No Defect
0.03858672641103363,101.90697672539558,247.97729494142143,31.51097073169104,23.399987718517163,,,1192,9.725,0,No Defect
0.04021898225746234,101.9007711453848,220.88398424281675,42.144202162560944,21.968474504966263,,,1193,9.728125,0,No Defect
0.041697073565288637,102.26747271005684,191.4183915454196,41.39386999634611,24.01386102875027,,,1194,9.73125,0,No Defect
0.03888929766894205,101.6165357386359,241.35688903863343,36.68866988273327,22.297759455091917,,,1195,9.734375,0,No Defect
0.03826339618098821,100.95064730649418,253.99525221923028,40.36231927554502,20.44641138806504,,Paste viscosity high,1196,9.7375,0,No Defect
0.03901007162061662,98.53716803545322,193.69285480559748,41.577029020346984,23.7977715599632,,,1197,9.740625,0,No Defect
0.04093534863927717,101.90092369156561,192.1721082615737,37.87244072648452,24.98901714449252,,,1198,9.74375,0,No Defect
0.040298239270671735,102.36752329382244,210.54133812424462,34.27828214101061,24.907957240279575,,,1199,9.746875,0,No Defect
0.03806226083816272,97.80360265705438,197.72053572816685,35.97625959611489,25.184693438037943,,,1200,9.75,0,No Defect
0.04145607591463953,101.59942874445709,173.56168664023158,39.0304132828811,25.79956919960795,,,1201,9.753125,0,No Defect
0.03989786664110338,101.04274115255224,209.86796619170963,40.64120283899397,23.091720978637607,,,1202,9.75625,0,No Defect
0.03850191075300669,101.90681229286946,250.89196671776438,33.165110297655474,22.750987439913256,,Paste viscosity high,1203,9.759375,0,No Defect
0.0404338739386616,101.51480353113105,219.12197603572443,46.62449671409241,20.788103230857857,,,1204,9.7625,0,No Defect
0.04020276683249915,102.16019960769272,208.05075559684835,30.623977561974478,26.1411246935589,,Ambient temperature high,1205,9.765625,0,No Defect
0.037158092196950834,97.16275913229822,217.091636062668,38.37671697113533,23.29829907938853,,,1206,9.76875,0,No Defect
0.04012059921174838,101.80332882574962,203.82881393924123,33.805720581350556,25.467078934333575,,,1207,9.771875,0,No Defect
0.04165945516681702,103.80514526792034,222.5012416889475,44.92403052635946,21.093017419425845,,,1208,9.775,0,No Defect
0.039275682108280974,99.83358729929071,214.9612348777506,42.19963242343967,22.33545761303254,,,1209,9.778125,0,No Defect
0.04239535238057748,104.27977245603968,197.6261802795607,39.978346288304216,24.068252553870234,,,1210,9.78125,0,No Defect
0.04260945113378613,103.25876454557245,187.9181385552225,48.93100643818828,22.049465795663576,,,1211,9.784375,0,No Defect
0.040085797251642255,101.58069724064185,209.82408947296466,39.981354662846556,23.30010701821924,,,1212,9.7875,0,No Defect
0.039525282799803746,98.98583957833242,195.6339841739136,45.936584545956705,22.43273448952563,,,1213,9.790625,0,No Defect
0.0410026308564296,99.5834590839966,166.99256328180664,46.07053316859091,24.164557849146995,,,1214,9.79375,0,No Defect
0.03865930277920026,97.54045662414558,182.09281067564504,37.50281053478718,25.726186132946722,,,1215,9.796875,0,No Defect
0.04269357258996547,103.65853139839984,192.8168960018611,46.00858698853752,22.61589356190056,,,1216,9.8,0,No Defect
0.03942074245113569,99.56291551401036,189.36521728739532,35.8114668119747,25.77905667406456,,,1217,9.803125,0,No Defect
0.04129641758572439,101.96404099520353,190.84717767257632,39.68161439938684,24.5776058931515,,,1218,9.80625,0,No Defect
0.041284027582283174,100.33640177360512,170.69772735983148,44.895401831438015,24.290364508259493,,,1219,9.809375,0,No Defect
0.038977532318322065,99.82294460772947,204.79896742475805,35.28021538436332,24.988138701136002,,,1220,9.8125,0,No Defect
0.04184863808111844,105.44213969594871,221.90018012709982,34.12134717428889,24.301455534023702,,Stencil thickness high,1221,9.815625,0,No Defect
0.04181054790418989,100.7006043110039,166.99569194173142,45.66305157778165,24.30452511035499,,,1222,9.81875,0,No Defect
0.038206721584799194,99.82171538713027,222.8747073037529,34.03795779993446,24.239817887696493,,,1223,9.821875,0,No Defect
0.039800896410173446,100.53386293134244,199.40912858581947,37.36020340747945,24.724310502167903,,,1224,9.825,0,No Defect
0.03864664754778709,100.71556242888337,240.1054980803532,39.027860614256376,21.736117177543115,,,1225,9.828125,0,No Defect
0.040525205324801826,100.3486273754115,197.9124522077501,47.642797265154144,21.823825136217817,,,1226,9.83125,0,No Defect
0.03800472748876531,99.96498807061771,230.75289908590244,33.324243286546626,23.97033402834477,,,1227,9.834375,0,No Defect
0.039157721861111314,99.63414883436113,205.45377316130984,39.94057986529875,23.599943790207877,,,1228,9.8375,0,No Defect
0.039617152738479475,100.23541894857956,201.72152527881616,36.540712562803016,24.831441295721284,,,1229,9.840625,0,No Defect
0.04329111877653818,102.67057200725472,154.79690044616373,42.57017725079943,25.978932410167353,,,1230,9.84375,0,No Defect
0.04078005777736836,101.10590560022169,185.65158543042725,38.624999098270344,25.217185337925937,,,1231,9.846875,0,No Defect
0.04024946407494729,101.91886630351772,205.74985294018688,32.4689001253469,25.782411136446587,,,1232,9.85,0,No Defect
0.03893595687394002,100.94995818316241,227.09946934301408,35.25285213493932,23.648086297944882,,,1233,9.853125,0,No Defect
0.03846244693793847,99.16600308992409,211.60020342441925,35.23605571352841,24.604012293940496,,,1234,9.85625,0,No Defect
0.03954202460598207,99.86631322212311,193.2322298609745,38.14297938672612,24.88531307591206,,,1235,9.859375,0,No Defect
0.04167697143576565,101.80575015533383,171.28392727155045,39.76895584002372,25.77452477841226,,,1236,9.8625,0,No Defect
0.03869760078256309,99.76911973971971,224.38081243298132,40.96324060016373,22.151585044156757,,,1237,9.865625,0,No Defect
0.04188367876154018,101.00421504911758,162.6511201497862,43.9633095364333,25.086601395014725,,,1238,9.86875,0,No Defect
0.03974004937120154,98.39779331168431,173.82319728816128,41.58623799520086,25.082500242834392,,,1239,9.871875,0,No Defect
0.03903944335135352,98.13195346095999,202.06755631717408,50.8417955169179,20.63931648268017,,Ambient RH high,1240,9.875,0,No Defect
0.04275180045419832,102.75246591833451,172.96574886537084,44.399464095117274,24.34031458847875,,,1241,9.878125,0,No Defect
0.04171122979626426,102.39693460119987,186.34713163423325,38.6033160436739,25.20746888315873,,,1242,9.88125,0,No Defect
0.03714512184773695,97.68320272443817,214.40948093740658,32.878818713711745,25.119760694205407,,,1243,9.884375,0,No Defect
0.0420859605378467,102.56310195665587,183.13125874050678,44.373400457907344,23.718871553453162,,,1244,9.8875,0,No Defect
0.03942984108825463,98.0879835260093,181.61988604066227,45.18265563361338,23.558063129460045,,,1245,9.890625,0,No Defect
0.04050649351458569,100.54984832815775,188.6337292341123,37.99025725548422,25.245094363829146,,,1246,9.89375,0,No Defect
0.04168603921578767,101.37840042887973,176.46144643132175,42.75443764231614,24.60783894692058,,,1247,9.896875,0,No Defect
0.03962339781003293,98.91376915376942,194.51982879911927,47.09134884221483,22.215357531889694,,,1248,9.9,0,No Defect
0.04086581100593355,102.0819243471106,206.88404255707496,39.5089001076796,23.687770576854064,,,1249,9.903125,0,No Defect
0.03900911366772165,99.0565308783727,217.45244530655557,48.09824043084262,20.514351183986,,,1250,9.90625,0,No Defect
0.03616429694484266,98.49260293911786,245.1690876930931,26.939149636009777,24.972290575991757,,Ambient RH low,1251,9.909375,0,No Defect
0.04246358722168972,103.98388253784645,194.0295179422989,40.65514461159867,24.15397007391689,,,1252,9.9125,0,No Defect
0.0402429018503595,100.84957595090845,205.4303669455551,44.14145224350957,22.41925160687424,,,1253,9.915625,0,No Defect
0.03936976321588691,100.84822001237004,217.26174636587086,35.83974354141821,24.116048779694687,,,1254,9.91875,0,No Defect
0.04014701910726757,101.84395683747816,213.78960136989394,35.847965871907405,24.334547286734317,,,1255,9.921875,0,No Defect
0.040197335868103236,100.94785427797225,207.45472444245513,43.71719723340743,22.42274110899524,,,1256,9.925,0,No Defect
0.03892833202966,98.07820396552938,194.08595452382403,45.28806102747313,22.774474583447326,,,1257,9.928125,0,No Defect
0.03958007603603199,102.000613703112,232.12658217781916,37.81495180252291,22.631626813613327,,,1258,9.93125,0,No Defect
0.041180522365230864,100.47249569204922,167.72014071501354,39.873189268905385,25.997204517331,,,1259,9.934375,0,No Defect
0.03961456817952498,98.23811185214971,183.4442536032846,47.47835942257482,22.798374479352077,,,1260,9.9375,0,No Defect
0.04170184699190412,101.14642124098314,178.14775538536153,46.46365089820483,23.44031750205603,,,1261,9.940625,0,No Defect
0.03967805675824577,101.7622043531715,216.1388183213111,33.53480802876044,24.867650230562248,,,1262,9.94375,0,No Defect
0.041245941525723306,104.78053545644303,228.26958819509758,34.982989479549914,23.714035300318113,,,1263,9.946875,0,No Defect
0.04214528251364618,102.63449174416671,181.26114961345468,42.791885400191596,24.325705008463068,,,1264,9.95,0,No Defect
0.037542823952911746,97.36825466349974,213.28218444129058,42.098774151596736,22.528521446951277,,,1265,9.953125,0,No Defect
0.04229276081259409,101.01736839415646,156.0179118372786,44.35462939125387,25.425606166315113,,,1266,9.95625,0,No Defect
0.04014626668707714,101.54498560084649,208.32124516690084,37.222587114007354,24.282685470852034,,,1267,9.959375,0,No Defect
0.0383895851832894,98.73789545546171,209.2815648186872,37.870358284980576,24.0228242681469,,,1268,9.9625,0,No Defect
0.040131620174844326,100.06242588947197,199.23955314011877,43.690557710579384,22.95757820042625,,,1269,9.965625,0,No Defect
0.04483523428817129,103.97276216210649,136.82980208108438,44.84320616422163,26.483471369405923,Paste volume per aperture high,Paste viscosity low; Ambient temperature high,1270,9.96875,0,Solder Bridging
0.03959078440210577,102.88454976478474,231.36124989234526,27.057967218630917,25.842744428991598,,Ambient RH low,1271,9.971875,0,No Defect
0.041562530872752454,103.52196318306115,204.84285301337326,38.130771571593165,24.248086525615072,,,1272,9.975,0,No Defect
0.043108759622818765,103.27714392102642,157.9761527633745,36.201495154273594,27.70304774838697,,Ambient temperature high,1273,9.978125,0,No Defect
0.03954962369404983,99.79466663264276,206.99445726943563,44.85375243198637,22.13913637188394,,,1274,9.98125,0,No Defect
0.04191061195601321,102.86573561873583,192.2594598620221,42.48104660629208,23.756594658460777,,,1275,9.984375,0,No Defect
0.043579183222177686,102.18858832982438,144.43996938118698,45.968427977113706,25.688795828972367,,Paste viscosity low,1276,9.9875,0,No Defect
0.042205383541664,102.65976213937019,174.13402887838993,39.243177748265325,25.818743967827505,,,1277,9.990625,0,No Defect
0.03662249480863762,97.10485449355893,215.65008082896495,30.682036702283497,25.73169829923282,,,1278,9.99375,0,No Defect
0.04140756676923754,102.04456632230377,183.4931690396207,38.44859310863605,25.473020445928615,,,1279,9.996875,0,No Defect
0.04057417208799957,99.99562661417812,179.0682125462529,42.22203228891448,24.63864127064592,,,1280,10.0,0,No Defect
0.04232541125731023,102.70023675823535,182.86834123927176,43.20131476846009,24.137332847931606,,,1281,10.003125,0,No Defect
0.0407644049691827,101.11786324880254,181.368604380306,36.07519489047276,26.29650431763062,,Ambient temperature high,1282,10.00625,0,No Defect
0.03881696361560816,97.62218244995475,195.4184327848824,46.98866121136018,22.23473727142022,,,1283,10.009375,0,No Defect
0.038022340891273876,97.43057124055755,208.50226745964858,43.97949925958617,22.306498724100425,,,1284,10.0125,0,No Defect
0.040886510465696274,100.30234158712081,188.2115214602576,49.18671487354155,22.052502184943183,,,1285,10.015625,0,No Defect
0.038906543989313626,95.96803038137084,153.01113623371663,39.44236303538252,27.047695468745463,,Ambient temperature high,1286,10.01875,0,No Defect
0.039432576606425,98.15401852196197,178.857538822884,42.566200841877965,24.55189049216419,,,1287,10.021875,0,No Defect
0.036695873716407236,97.00577138783416,214.1786630309263,33.56191381603034,24.99239391020113,,,1288,10.025,0,No Defect
0.03843804717493447,97.91390699250401,195.46585751904158,36.16306889930852,25.403610522577026,,,1289,10.028125,0,No Defect
0.0395254372056135,101.26586314035211,213.9010168977197,32.95296621683722,25.21615382688221,,,1290,10.03125,0,No Defect
0.03825322168765767,97.18430372293085,198.5227920305315,43.24535089673251,23.14656270038031,,,1291,10.034375,0,No Defect
0.03933773224584994,98.15322962414687,181.6066277220096,42.71682169298474,24.345388580969697,,,1292,10.0375,0,No Defect
0.04140730255412425,100.76883710692347,171.42001195358478,42.91982849848438,24.929010077833574,,,1293,10.040625,0,No Defect
0.040065354541566976,100.12467299780934,194.76100615410851,38.442855084664934,24.801733771982157,,,1294,10.04375,0,No Defect
0.04107136106460808,102.89365599097987,204.55789033424554,35.51238638837566,25.060639755861562,,,1295,10.046875,0,No Defect
0.04120572423592061,99.02696040518961,149.70943485852786,43.47511345850642,26.10316762171249,,Paste viscosity low; Ambient temperature high,1296,10.05,0,No Defect
0.04434555928582578,104.51339999103378,154.46890331223818,41.67076426462644,26.362664430183727,Paste volume per aperture high,Ambient temperature high,1297,10.053125,0,Solder Bridging
0.04018787065298836,99.47056714737984,188.51849371408818,46.19594694547942,22.921011866364264,,,1298,10.05625,0,No Defect
0.0406634195527663,102.42977318088009,219.8407744654408,41.65913001005059,22.331056189072523,,,1299,10.059375,0,No Defect
0.04213461658771157,101.01846030448091,165.25820286375142,45.166982691870395,24.671133241919442,,,1300,10.0625,0,No Defect
0.03955117739163209,101.6700520592503,228.76668754693586,36.279031975768945,23.3506358187687,,,1301,10.065625,0,No Defect
0.042698105196858356,104.31063094654722,190.4548432369019,38.09399679494381,25.19505478850678,,,1302,10.06875,0,No Defect
0.038776025476685724,101.44625409441115,239.9480422284459,31.532444905914847,24.05041305546805,,,1303,10.071875,0,No Defect
0.03939444438477439,99.75693668084924,200.983127578205,39.367129631107304,24.15151160176207,,,1304,10.075,0,No Defect
0.04049231880000251,100.50834391314115,190.04816250734513,41.315652811628716,24.265459270844257,,,1305,10.078125,0,No Defect
0.04100693966913259,102.06502314190563,209.99341532773263,46.06218720583384,21.65927510276238,,,1306,10.08125,0,No Defect
0.04142675781524469,100.6421645365433,176.7600150099994,45.5011783581277,23.87028249930423,,,1307,10.084375,0,No Defect
0.04048708725231301,97.45232526212014,138.4119698407385,41.915372310719164,27.262082455582245,,Paste viscosity low; Ambient temperature high,1308,10.0875,0,No Defect
0.039357638076565525,97.751578584039,171.99054513334002,41.333574263266755,25.36343775809491,,,1309,10.090625,0,No Defect
0.039971782877381054,101.9356526768789,223.04014698167805,37.31519689967915,23.414257986110425,,,1310,10.09375,0,No Defect
0.03755997291261642,97.87280998083261,223.39213709970753,41.71516128771467,22.087140030416805,,,1311,10.096875,0,No Defect
0.039473186949844696,101.68225939977215,226.49891111294738,37.13277031690232,23.24896127152567,,,1312,10.1,0,No Defect
0.041230098609381635,103.6058861675873,215.49392092175367,37.27169867893293,23.901756290601632,,,1313,10.103125,0,No Defect
0.0397686655130786,98.49488214944232,191.69764287150872,49.006360003097946,21.927398035160586,,,1314,10.10625,0,No Defect
0.04201066051252594,101.66479799009507,167.87264115959414,41.06822717728837,25.723330254428863,,,1315,10.109375,0,No Defect
0.039499240449581974,100.26728625918517,206.43547319366044,36.17306665354151,24.77253134388721,,,1316,10.1125,0,No Defect
0.040180085533402916,102.4948952013272,222.2435931893905,34.711984798178435,24.23469740923783,,,1317,10.115625,0,No Defect
0.03962467807021771,98.53375183357389,191.1551923445155,46.275578324163654,22.762533717519624,,,1318,10.11875,0,No Defect
0.04231010002739634,102.09611284654288,169.91210567108428,39.94195865530949,25.939691351206502,,,1319,10.121875,0,No Defect
0.03775718621104297,98.27836692981066,223.60594338897585,40.59618869568032,22.41537080248383,,,1320,10.125,0,No Defect
0.03704026591092543,96.42764506434254,209.2619021736666,38.4078056627861,23.9324230002881,,,1321,10.128125,0,No Defect
0.04118576699252978,102.88355440142426,200.43116748853922,37.77743684498679,24.685513136116697,,,1322,10.13125,0,No Defect
0.03999701854566598,101.86004792536355,233.8003694859098,42.609897602145026,21.22874405461605,,,1323,10.134375,0,No Defect
0.03586315654863876,96.5562004558511,236.907938596826,35.952625371479314,22.946429244022305,Paste volume per aperture low,,1324,10.1375,0,Open Circuit
0.03643524729013445,97.36314861073258,242.49282256628163,38.747808306441684,21.795251571655967,,,1325,10.140625,0,No Defect
0.03727250202593309,98.30829960863403,226.2385265909265,33.7063316808648,24.272220049304444,,,1326,10.14375,0,No Defect
0.03931538520825109,100.2518167677776,203.81778988007224,33.84443305984362,25.623898555576357,,,1327,10.146875,0,No Defect
0.038088423856989906,100.87005979272824,240.8282146384824,29.913898465378715,24.493411160139914,,Ambient RH low,1328,10.15,0,No Defect
0.043128124594203045,104.28360631770423,180.32439958364483,40.565200978890196,25.13279147808223,,,1329,10.153125,0,No Defect
0.04044744490599409,100.43174464380417,185.9297081566598,39.5283850305882,25.073420526754187,,,1330,10.15625,0,No Defect
0.043159911531505474,101.93519652748137,163.23725271269888,51.251529533008465,23.06746804863062,,Ambient RH high,1331,10.159375,0,No Defect
0.0414491243574412,101.0580799515291,183.27778717628584,42.61204839764084,24.353902972132044,,,1332,10.1625,0,No Defect
0.03839276308094597,97.18844513653085,188.74096816932743,41.23055477126218,24.391777752884764,,,1333,10.165625,0,No Defect
0.04041896071786343,99.98004544645856,187.3842372319442,43.426773952385766,23.852107596053767,,,1334,10.16875,0,No Defect
0.04135133818047798,101.81965689924482,184.79185202421843,37.955521512992085,25.618760013627888,,,1335,10.171875,0,No Defect
0.03945165232581642,100.22974917113262,213.27546651366333,40.79202270477967,23.028598147663295,,,1336,10.175,0,No Defect
0.040249254901614295,100.00289505490552,183.3226812212818,36.73457587100559,26.06180153867889,,Ambient temperature high,1337,10.178125,0,No Defect
0.0408229493001268,100.3313079416023,179.93367996841855,42.55404684354951,24.571753339171345,,,1338,10.18125,0,No Defect
0.03812235159607224,99.84939322642532,238.7031529136195,37.405089156638155,22.45368101311898,,,1339,10.184375,0,No Defect
0.04207168268724321,102.30329324423991,168.06917804553598,34.3510976430685,27.710913908450905,,Ambient temperature high,1340,10.1875,0,No Defect
0.03797710169577043,97.86134839447676,208.20445128944664,40.63787873998044,23.376169453421728,,,1341,10.190625,0,No Defect
0.04186548875661623,104.15154180222663,219.91385781747823,43.06826398340411,21.983762889551226,,,1342,10.19375,0,No Defect
0.04080151990861572,102.59055793951184,211.9094725777181,40.03485106419984,23.349573985358713,,,1343,10.196875,0,No Defect
0.040988406788607344,102.82594395529196,213.7219331143632,36.36456929006518,24.32255127099256,,,1344,10.2,0,No Defect
0.04208225310705926,101.4465175856472,168.66195634515327,42.474406135514805,25.309564382185656,,,1345,10.203125,0,No Defect
0.04292464617686493,102.18804199764372,163.23907938763787,45.15401654732988,24.8672603752116,,,1346,10.20625,0,No Defect
0.04088649976197839,102.36259131414087,209.6449965605915,43.389046502615514,22.51277379527824,,,1347,10.209375,0,No Defect
0.03702472078384033,96.92886395896595,205.8903420539884,31.210855098640486,26.278699655650733,,Ambient temperature high,1348,10.2125,0,No Defect
0.03839602238789741,97.56578778500254,198.50221419070004,41.614465000381095,23.70513552188787,,,1349,10.215625,0,No Defect
0.04155535307555728,100.96867677262216,173.11724617120865,43.332023044119545,24.78530010553327,,,1350,10.21875,0,No Defect
0.03585189648150622,96.71823589936233,240.47698449157164,38.42295691188894,22.038604669947603,Paste volume per aperture low,,1351,10.221875,0,Open Circuit
0.041425786133935195,101.58218619226226,187.61553205588854,44.958814988556114,23.419858337774638,,,1352,10.225,0,No Defect
0.040719409237347216,103.91738741364931,233.9186401436913,38.14039460151621,22.56589370557743,,,1353,10.228125,0,No Defect
0.039944259291279885,100.39808639013502,187.33632922357447,31.801952649120388,27.274904126458406,,Ambient temperature high,1354,10.23125,0,No Defect
0.041429832409679665,102.97661058871552,206.55524469673873,41.31103497191763,23.32906856129142,,,1355,10.234375,0,No Defect
0.04209053858473409,102.509273468619,184.7138474128691,42.16392339620215,24.42894047435223,,,1356,10.2375,0,No Defect
0.039267402298908585,100.94909064130987,215.75306612136055,31.9791051378214,25.47880717710087,,,1357,10.240625,0,No Defect
0.039845993660262174,99.65972128112455,198.65782341669814,42.94477620140339,23.331387733913328,,,1358,10.24375,0,No Defect
0.04243369909670719,104.84660010522506,218.4158177180883,43.160898627368354,22.077720978646123,,,1359,10.246875,0,No Defect
0.03834947147843858,97.57052850375797,182.0039589288069,35.40433349613865,26.53922894620232,,Ambient temperature high,1360,10.25,0,No Defect
0.03977991990152942,98.99497270125435,189.91574579101814,43.72854881939209,23.64181019931113,,,1361,10.253125,0,No Defect
0.04076819061787204,99.29876398111641,163.77738512329893,39.50909593548195,26.489914481140183,,Ambient temperature high,1362,10.25625,0,No Defect
0.04031051858209559,98.14749882686775,153.9166014930574,40.92005927875291,26.675628493437394,,Ambient temperature high,1363,10.259375,0,No Defect
0.04346478053221796,106.25698274955228,200.76697205251992,37.216253005056956,24.908431176990852,,Stencil thickness high,1364,10.2625,0,No Defect
0.038960795660920235,97.40837837155914,181.43502639003685,42.42889798832403,24.53973889079792,,,1365,10.265625,0,No Defect
0.04076932865903337,100.18729905214616,173.8590108812278,39.445460582245715,25.89037195909439,,,1366,10.26875,0,No Defect
0.037953443013363904,99.56253578139341,220.8944791631078,29.33934532221255,25.93585826331094,,Ambient RH low,1367,10.271875,0,No Defect
0.038893406128210954,98.55240360333663,209.94793886843863,44.82792398507615,22.095798950379205,,,1368,10.275,0,No Defect
0.04076030145690263,101.27521041806042,198.81286312672634,45.043253377922916,22.724215401382285,,,1369,10.278125,0,No Defect
0.038051239558850036,97.46083501681933,201.62854164286705,37.811793274236535,24.652037854952493,,,1370,10.28125,0,No Defect
0.04294561306369723,103.53516070218016,178.60252236984388,41.27918629511246,25.090041226267466,,,1371,10.284375,0,No Defect
0.03856361611833267,101.36597761802561,255.29914408411182,39.78958102852904,20.785041293219066,,Paste viscosity high,1372,10.2875,0,No Defect
0.04179264275288549,103.61186321848258,200.76656186105316,36.14686354947346,25.221986040129625,,,1373,10.290625,0,No Defect
0.040711493056487004,101.9713067451999,198.04055805243303,34.48904212247654,25.865635558560022,,,1374,10.29375,0,No Defect
0.03843670340761863,99.5454879413766,216.9958145311285,34.28792382599587,24.744564521642836,,,1375,10.296875,0,No Defect
0.04032523500154272,100.65538285054606,192.26711222922302,38.06050796889298,25.176259967954913,,,1376,10.3,0,No Defect
0.03858268706122168,97.04357358968667,195.84231177154436,46.87555227193914,22.37244066372764,,,1377,10.303125,0,No Defect
0.041758169388990234,106.74939975804762,241.19951929831478,29.718294939711342,24.622675243218744,,Stencil thickness high; Ambient RH low,1378,10.30625,0,No Defect
0.03906287358146595,98.50831584705712,187.45433326429958,37.36818421308001,25.667146558886913,,,1379,10.309375,0,No Defect
0.04164679723504543,102.10201471744507,191.12935399248542,42.40924707898989,23.993280945863695,,,1380,10.3125,0,No Defect
0.04050016440581803,99.36380267543892,173.50933640893996,41.440767988412965,25.34979325209572,,,1381,10.315625,0,No Defect
0.03633032529106657,98.46174170361314,247.087923635565,31.802970399538992,23.613394770466392,,,1382,10.31875,0,No Defect
0.037763240561371196,96.72462822002443,213.5217238429667,50.067478358727485,20.352327017516526,,Ambient RH high,1383,10.321875,0,No Defect
0.04044765307652179,100.00420659279766,188.17178520013135,42.56167223611361,24.126582171407644,,,1384,10.325,0,No Defect
0.03770139731434286,98.10884403023586,210.76656850732726,33.9078223785942,25.244612422401953,,,1385,10.328125,0,No Defect
0.038639239564645926,100.13128750840355,226.836650378569,37.03348918697519,23.355312332941082,,,1386,10.33125,0,No Defect
0.040835930056599905,103.1006061202188,216.32669182476187,35.336492695505974,24.515129882845446,,,1387,10.334375,0,No Defect
0.039253867116990505,100.88934092386921,230.64838966897477,41.74582968029269,21.75134615964731,,,1388,10.3375,0,No Defect
0.04188393143913476,99.85878687340795,158.9186654263564,49.06613894886946,24.039555039178072,,,1389,10.340625,0,No Defect
0.03768245171166351,99.58589121870354,229.10781035157456,29.226410809241884,25.49408564335909,,Ambient RH low,1390,10.34375,0,No Defect
0.03694874486929446,97.44631633029462,235.86046999215793,44.95220084258334,20.477362846561313,,,1391,10.346875,0,No Defect
0.04194226123792299,102.61649333908511,192.48729087884436,42.66182500223269,23.854425512143965,,,1392,10.35,0,No Defect
0.040934845132155555,100.55058603247683,182.2687877606853,42.21924860806033,24.60297784486706,,,1393,10.353125,0,No Defect
0.038145833541261706,98.44931552396748,224.89462486597523,45.19444828463418,21.096329757999396,,,1394,10.35625,0,No Defect
0.040042494682420514,100.83047134045152,211.5134351765886,44.08853310448045,22.25540105111788,,,1395,10.359375,0,No Defect
0.037712032324271595,99.78992806467507,238.64650968360615,32.472039820069334,23.96992983347518,,,1396,10.3625,0,No Defect
0.03903465075498484,97.57180661151311,195.48919132810087,48.77229654840713,21.86943237332428,,,1397,10.365625,0,No Defect
0.04102285097512363,102.64449390986732,215.05417000995072,42.79186836752505,22.429684796121588,,,1398,10.36875,0,No Defect
0.03948191559915187,100.85084163113694,214.20835191187015,35.86378918878317,24.495362345116938,,,1399,10.371875,0,No Defect
0.0413656847159675,99.4091357997253,162.77572415749077,47.94136267507235,24.141521390083483,,,1400,10.375,0,No Defect
0.04135132946550344,103.81239480679847,226.45623783983947,43.05383976661599,21.65985502782826,,,1401,10.378125,0,No Defect
0.04050680003362566,100.91066688410329,202.1195834072112,43.973356205811484,22.880154694115863,,,1402,10.38125,0,No Defect
0.04070411569772638,101.01909772928622,188.79494067079182,39.83831899153689,24.905973836447284,,,1403,10.384375,0,No Defect
0.04356335037184233,101.80059816630794,141.00781654843945,46.493405699815234,25.921510291001535,,Paste viscosity low,1404,10.3875,0,No Defect
0.04069480333866593,101.45879815587979,193.2665341737695,35.21877119763172,25.98844365597487,,,1405,10.390625,0,No Defect
0.03762738907209525,97.29217084566082,211.64999899283083,39.05983192753642,23.71617406649553,,,1406,10.39375,0,No Defect
0.04212881166020688,100.4341705956418,150.4845648841905,40.878820525341155,26.977077299368702,,Ambient temperature high,1407,10.396875,0,No Defect
0.04133299148510162,101.14835920045768,185.47821260637534,42.122463359941655,24.460945467574316,,,1408,10.4,0,No Defect
0.039034489822395026,99.4057887376296,206.93778701660807,37.106369678708006,24.591273382030113,,,1409,10.403125,0,No Defect
0.041683300083372454,102.55745100558342,200.78282806560745,44.39371113033727,22.860398372727417,,,1410,10.40625,0,No Defect
0.03699792268776314,96.99924484786791,217.75504044578585,39.58412877160781,23.183381484971463,,,1411,10.409375,0,No Defect
0.042671695280403266,103.8025996607853,185.94899928276328,39.44649333665905,25.2252794081728,,,1412,10.4125,0,No Defect
0.038366512002778255,98.21650800066892,204.30449711031252,40.45145069198552,23.769578774356315,,,1413,10.415625,0,No Defect
0.04209729887195312,101.2239311049045,159.18928337481802,42.00916693872405,26.114099069243863,,Ambient temperature high,1414,10.41875,0,No Defect
0.042182004034890884,103.57524656621864,210.31705014753035,47.23311331854626,21.45686589848684,,,1415,10.421875,0,No Defect
0.040596457221056495,102.56716124583909,212.58869301568944,34.36582310142249,25.06487129734077,,,1416,10.425,0,No Defect
0.03633946616343664,96.8681061890973,218.46267996138164,29.9656309503777,25.954642772153743,,Ambient RH low,1417,10.428125,0,No Defect
0.03917056130028649,101.70576341687247,226.8017296183054,31.807791300430253,24.926708694225287,,,1418,10.43125,0,No Defect
0.03701527648434923,100.8993647426382,269.90929125217787,28.50589648984967,23.23550933023997,,Paste viscosity high; Ambient RH low,1419,10.434375,0,No Defect
0.03961731919724201,99.79523443728796,201.28071385103766,39.85524690528358,24.152744346004745,,,1420,10.4375,0,No Defect
0.03932578935865216,97.14373542026607,170.09169586787692,40.944705190046,25.751543450207247,,,1421,10.440625,0,No Defect
0.038296687765761984,98.8525865458824,223.85259942718824,40.50908753925478,22.571084685953302,,,1422,10.44375,0,No Defect
0.03924619873630114,101.87566449324108,234.32496166950236,32.578894786429956,24.252150669555846,,,1423,10.446875,0,No Defect
0.039242024095298145,98.48416941235004,187.9600050478602,39.8208787396624,24.98144847899266,,,1424,10.45,0,No Defect
0.036636010880973305,97.00645335356207,229.6811780271598,38.30296730555309,22.845530090321464,,,1425,10.453125,0,No Defect
0.03987069000310599,99.96792929009436,201.37927928677394,42.226310234926224,23.46357037890839,,,1426,10.45625,0,No Defect
0.040897737415013964,100.38282393291016,177.95347012277844,40.20664230351547,25.500872728169572,,,1427,10.459375,0,No Defect
0.03439763578504643,95.25210227239052,249.5153063245234,30.8588818190877,23.792338245012047,Paste volume per aperture low,,1428,10.4625,0,Open Circuit
0.04082748289349006,101.93177346847708,187.77943971582212,33.06356575504588,26.980797323852276,,Ambient temperature high,1429,10.465625,0,No Defect
0.041194158039093286,102.49495074885708,198.62272591342384,37.581514514675,25.002885821111295,,,1430,10.46875,0,No Defect
0.036397221217573036,98.25567386786183,243.01434568631768,29.656941250956166,24.559842162520212,,Ambient RH low,1431,10.471875,0,No Defect
0.04047350560177568,100.73063483987478,198.79286829791852,40.731885790273424,24.074449129109286,,,1432,10.475,0,No Defect
0.039798244474665304,102.6063433484474,234.25180665510717,35.862917338345895,23.311023836291536,,,1433,10.478125,0,No Defect
0.039158764953925784,99.16712920058944,200.97268097789882,39.9048197842372,24.169708631107024,,,1434,10.48125,0,No Defect
0.04062559853387188,102.50369397728068,210.23179992701031,34.2668379689142,25.26288350168393,,,1435,10.484375,0,No Defect
0.04054691840363657,100.40628100122643,194.0447664791903,42.616455899789536,23.820420819894427,,,1436,10.4875,0,No Defect
0.04119466272633541,98.82579726771105,167.67793627585723,52.656547367770145,22.511955809892395,,Ambient RH high,1437,10.490625,0,No Defect
0.04027497519481488,100.64457170374922,198.0061096943981,41.15024636238799,24.001338453878944,,,1438,10.49375,0,No Defect
0.04051810072618149,101.43046501164835,203.37021861846432,41.21720752823889,23.654187032149757,,,1439,10.496875,0,No Defect
0.04024289834503062,100.65172414178119,204.3251163545085,41.54709181893764,23.50458867877598,,,1440,10.5,0,No Defect
0.040272764729007635,100.9627538546687,212.07834081034787,42.553513148204416,22.737827078568678,,,1441,10.503125,0,No Defect
0.04411768089607659,103.94515376963128,154.2686683434067,41.189112064931095,26.711743521839427,Paste volume per aperture high,Ambient temperature high,1442,10.50625,0,Solder Bridging
0.040980605084446044,100.52944702100305,191.76360715467519,45.95715158165245,22.99820240247189,,,1443,10.509375,0,No Defect
0.04192491878093737,99.2755928319047,144.13019255562028,51.05012899443371,24.432049941960287,,Paste viscosity low; Ambient RH high,1444,10.5125,0,No Defect
0.038050631264920504,98.29550729679927,213.40672725363993,38.01440952991971,23.965348310338502,,,1445,10.515625,0,No Defect
0.03819265766403086,100.7138433758021,244.89345282899933,35.26712967963723,22.837138895994215,,,1446,10.51875,0,No Defect
0.04223742460595293,102.21814996910396,180.2761569965861,42.87627928288886,24.616831529273714,,,1447,10.521875,0,No Defect
0.04119700627233632,100.93364763148394,177.87551543675505,39.13924072776243,25.84718014943702,,,1448,10.525,0,No Defect
0.038905904592223164,99.06781524988946,206.28818243044054,36.853688012580136,24.75764203539758,,,1449,10.528125,0,No Defect
0.04058489340158104,99.93681372901912,189.1147645006952,46.86029346241674,22.898046902793695,,,1450,10.53125,0,No Defect
0.04316515758191555,103.36857618453261,178.6195223683508,44.9935290171,24.112185961330574,,,1451,10.534375,0,No Defect
0.04345016509131768,103.77642327106382,176.52103792182328,46.5852305626108,23.77528788112744,,,1452,10.5375,0,No Defect
0.03885792346565106,100.31006743643368,224.50845740627398,36.94419886093001,23.613535601743393,,,1453,10.540625,0,No Defect
0.03701242591980921,97.6317977476315,232.31657270625007,38.52102052911499,22.66189015421192,,,1454,10.54375,0,No Defect
0.03877566730622117,97.70866500999269,190.26007515540664,41.03640611553623,24.52219577239869,,,1455,10.546875,0,No Defect
0.03865209501796312,100.74618212991075,246.41274881675724,40.86217771036002,21.12917741223676,,,1456,10.55,0,No Defect
0.03816241809183148,99.87345565570037,239.28331611012197,39.373543949598194,21.99622468521745,,,1457,10.553125,0,No Defect
0.03486162852923053,94.33208543658557,223.66650545717616,32.88004024473123,24.82871616979219,Paste volume per aperture low,Stencil thickness low,1458,10.55625,0,Open Circuit
0.03927129031487221,98.50039957089223,184.45276599467113,37.268568092383084,25.988755212638914,,,1459,10.559375,0,No Defect
0.03885026876552464,98.4826974062757,196.80190295097543,39.067562469276986,24.701667058564965,,,1460,10.5625,0,No Defect
0.03470438117751802,96.34278468064872,266.87059662696026,34.55983282859987,21.69128047130042,Paste volume per aperture low,Paste viscosity high,1461,10.565625,0,Open Circuit
0.039216867228052725,98.53253863898576,193.98277074634046,39.42699022417575,24.78052353284193,,,1462,10.56875,0,No Defect
0.04267714980645534,101.76575538225138,171.0877599843507,49.51488580187722,23.26370699215808,,,1463,10.571875,0,No Defect
0.041105038023597766,101.25110419849995,186.76811288261194,40.45330270902268,24.935937529964335,,,1464,10.575,0,No Defect
0.04123072554253183,103.06707559239919,213.9700628830396,37.949159229928036,24.004556217280324,,,1465,10.578125,0,No Defect
0.04511889008130846,106.36056204119218,188.6894822380755,52.62058097818725,21.298483074542354,Paste volume per aperture high,Stencil thickness high; Ambient RH high,1466,10.58125,0,Solder Bridging
0.04052424203892594,100.77335558187204,184.67743891657943,35.4761820797828,26.516664887364822,,Ambient temperature high,1467,10.584375,0,No Defect
0.0389570367618288,99.79113002598463,220.38910267153187,39.26448796357691,23.21150235570699,,,1468,10.5875,0,No Defect
0.03822953059594318,97.45222509630716,190.9572376801684,35.19542470233304,26.1998401870805,,Ambient temperature high,1469,10.590625,0,No Defect
0.03840769645957979,98.86739301865566,211.1590716952734,37.79065508833377,24.201067172860437,,,1470,10.59375,0,No Defect
0.04150289045821048,102.19491902420391,192.61025987547487,38.78147026986379,25.081087011773057,,,1471,10.596875,0,No Defect
0.03867868881764177,99.83737693093475,228.2083356450986,39.35577772081927,22.707308691052305,,,1472,10.6,0,No Defect
0.04132920799828426,103.87495972001993,217.49712010686193,34.121222040392254,24.91633066940839,,,1473,10.603125,0,No Defect
0.04036326223885397,100.72915234686259,195.85400371673012,36.8082767480679,25.454491895353136,,,1474,10.60625,0,No Defect
0.04343052965522425,104.32419338319488,186.0098068112394,45.140904998300336,23.645990319370462,,,1475,10.609375,0,No Defect
0.04162046121354594,102.42391325942839,192.79032478980244,38.90829908082326,25.039382370598325,,,1476,10.6125,0,No Defect
0.04054637035496767,100.42069072949798,192.24221728799498,42.88296889719831,23.90262516297562,,,1477,10.615625,0,No Defect
0.04223118538817437,102.61820636028156,176.44861626459715,37.944932363796596,26.329232374826724,,Ambient temperature high,1478,10.61875,0,No Defect
0.03680701863949741,98.9056474147494,249.46642021739098,33.770855997764755,23.02538213300389,,,1479,10.621875,0,No Defect
0.038903982702435336,99.9376414458279,217.71594637774265,36.76186530346814,24.119056987428312,,,1480,10.625,0,No Defect
0.04289700976628957,102.68889832207176,175.80732375238753,44.064443981461466,24.595051305749898,,,1481,10.628125,0,No Defect
0.04183012734963427,102.23865354915809,186.48677356471262,41.58073766200278,24.652404106574533,,,1482,10.63125,0,No Defect
0.036933174783148,98.23602182685794,231.3281350068432,31.8205125125055,24.714167759187962,,,1483,10.634375,0,No Defect
0.039255019343308155,99.52169404926302,198.4511593566997,37.009733773695885,25.233296705775704,,,1484,10.6375,0,No Defect
0.04093882087421004,100.7913511492518,179.9331416723852,38.60221654141894,25.92089884920788,,,1485,10.640625,0,No Defect
0.04006907487235439,98.49007618768418,177.26028564417777,44.008567962244115,24.50374406865169,,,1486,10.64375,0,No Defect
0.040511270776057984,99.77987043584915,182.17156283616183,40.576628704393855,25.21043802322939,,,1487,10.646875,0,No Defect
0.04306974223472059,106.98880576128317,226.54623271708985,37.47997200794825,23.408912660019954,,Stencil thickness high,1488,10.65,0,No Defect
0.04261372935863295,103.90086849591262,190.93660182221205,40.936560876049064,24.580614949986476,,,1489,10.653125,0,No Defect
0.039203349622829516,100.09807112483166,207.83512022425276,35.9126273731563,24.985132897800597,,,1490,10.65625,0,No Defect
0.038173623251768395,97.26010925644586,202.46212607744732,41.84577817466177,23.57974260579718,,,1491,10.659375,0,No Defect
0.03894653128629799,99.17716130094023,200.11367141144893,33.993785926482246,26.02438034105483,,Ambient temperature high,1492,10.6625,0,No Defect
0.03850320510978015,98.35321221250189,203.35630451361888,37.55685634708863,24.781471556941337,,,1493,10.665625,0,No Defect
0.04164911988929021,101.5192438419797,174.5238171350093,40.41510512965607,25.737971989352953,,,1494,10.66875,0,No Defect
0.04300957584331879,100.34673567303803,138.90890478643553,51.96174510948473,24.562633195361183,,Paste viscosity low; Ambient RH high,1495,10.671875,0,No Defect
0.039607795755755876,100.26167403022392,204.7229287560019,36.757423373826015,24.943315346692593,,,1496,10.675,0,No Defect
0.03890871728616401,100.77998585733827,232.73482509204635,37.32260445495237,23.054609223986372,,,1497,10.678125,0,No Defect
0.039540201757373536,98.79599845905975,186.12167097355868,39.660767896114464,25.23797279858969,,,1498,10.68125,0,No Defect
0.039129888175745135,98.72167414649714,210.58614405137112,43.44663467598274,22.636911035845056,,,1499,10.684375,0,No Defect
0.04300152625206845,103.4234696653833,184.110365309905,45.4126264425257,23.71232487598565,,,1500,10.6875,0,No Defect
0.03610060048869785,96.63326591607213,228.30285382717716,31.852278583159553,24.90821882032137,,,1501,10.690625,0,No Defect
0.04303486478308475,106.43437540875752,220.76396692272078,37.32507899260754,23.82896910780903,,Stencil thickness high,1502,10.69375,0,No Defect
0.04081493924407936,103.402590265267,223.72014318854963,32.77846411164067,24.962788467752887,,,1503,10.696875,0,No Defect
0.041713921157399365,99.90360917480503,160.203783893209,47.03298479575531,24.699525359727396,,,1504,10.7,0,No Defect
0.038624599750610715,100.21009008204945,225.80060463808428,32.89421895124087,24.78429947217332,,,1505,10.703125,0,No Defect
0.042193015325165534,103.25506208471023,194.83213714065906,40.605392071001056,24.460182758589273,,,1506,10.70625,0,No Defect
0.03812895439268918,97.82361013566526,193.4654346870859,31.776581084159353,27.09054037743604,,Ambient temperature high,1507,10.709375,0,No Defect
0.04106077392169844,101.26431788759822,196.18279834721505,45.27261176333547,23.00426651154063,,,1508,10.7125,0,No Defect
0.04081836514950891,101.0885914646113,187.97642282720176,38.81104304635419,25.394398625839887,,,1509,10.715625,0,No Defect
0.04059503039489238,103.35111174199274,219.86586154320102,29.801290645333527,26.072252461170912,,Ambient RH low; Ambient temperature high,1510,10.71875,0,No Defect
0.04045968410342704,102.42720660660939,219.57156524024728,36.072959495207336,24.259153263183318,,,1511,10.721875,0,No Defect
0.037334178755230714,96.11428904203657,206.2631397319557,43.87839336410325,22.76928272893009,,,1512,10.725,0,No Defect
0.03700650290189564,96.79092314496016,208.75410770543235,35.29866618471324,25.118741490116523,,,1513,10.728125,0,No Defect
0.03811154199510768,98.40119322700846,210.8478366676298,37.65742038655849,24.31116400698772,,,1514,10.73125,0,No Defect
0.037566300365577336,95.00645906189303,180.28011013348507,42.0417537149676,24.907956442338335,,,1515,10.734375,0,No Defect
0.04206844021690054,103.186548393967,195.94792729189322,42.12875905714906,23.954236201158615,,,1516,10.7375,0,No Defect
0.038568793837956326,97.46007832060052,197.5550186452072,43.994895569730446,23.286532244512365,,,1517,10.740625,0,No Defect
0.038527673108515376,99.56772451623762,217.17536519594697,34.413199306195025,24.882010129368094,,,1518,10.74375,0,No Defect
0.038850600659683404,97.04314631320126,174.4886160220489,40.76276256509736,25.648021935729027,,,1519,10.746875,0,No Defect
0.039775841555991745,99.35554986237099,195.7199429149552,41.504856628067145,24.142159521884473,,,1520,10.75,0,No Defect
0.038728117471143575,97.80009573590092,189.86891404780351,38.52037791252366,25.363917293718014,,,1521,10.753125,0,No Defect
0.04040953195356572,95.8376709863257,126.95846120293145,47.00488349167644,26.76062058997592,,Paste viscosity low; Ambient temperature high,1522,10.75625,0,No Defect
0.038121534541725434,98.57576355186532,226.28217922939047,40.42727534732126,22.573759532071897,,,1523,10.759375,0,No Defect
0.038604596029216856,98.18656642050642,196.70365966012426,36.45629512319287,25.550734953148524,,,1524,10.7625,0,No Defect
0.04146877532925595,103.14517448100555,211.34057800862044,38.38848200785849,24.11515452822648,,,1525,10.765625,0,No Defect
0.04186616328920825,100.98972405273919,176.8191078689636,47.99866981611744,23.42634813865856,,,1526,10.76875,0,No Defect
0.03927334346049742,98.07815554285376,183.92800188283013,42.61652572073627,24.540129660600943,,,1527,10.771875,0,No Defect
0.03640244171077373,96.75652069309734,226.03127655514714,34.44477999431951,24.32467504781628,,,1528,10.775,0,No Defect
0.03903890747862124,96.82982459312478,186.87986852930487,48.685225084886355,22.593983403961246,,,1529,10.778125,0,No Defect
0.0419197175129883,101.65124235229577,178.32984409585785,43.50372726612794,24.65155622338939,,,1530,10.78125,0,No Defect
0.039420006591676104,101.63699705905002,217.9840475402727,29.946510738292886,26.157228430600142,,Ambient RH low; Ambient temperature high,1531,10.784375,0,No Defect
0.0423868130017673,102.80335139814642,180.3156157044133,41.057928098450766,25.249410520372443,,,1532,10.7875,0,No Defect
0.041116456505105745,100.00321123466254,170.44145427609038,42.41919996956809,25.45033735596416,,,1533,10.790625,0,No Defect
0.041304044052466085,98.90391745141316,156.71721960023123,47.26992404097538,24.879612117581942,,,1534,10.79375,0,No Defect
0.03870858111411868,98.65812251097768,183.77307979239703,27.457194440454735,28.984761026836523,,Ambient RH low; Ambient temperature high,1535,10.796875,0,No Defect
0.04092667818363926,100.10307255318534,177.48231952501536,44.27661426190146,24.474834536311093,,,1536,10.8,0,No Defect
0.041569334782738894,101.14340254230189,182.68494672693612,44.38122237240328,24.13572354658937,,,1537,10.803125,0,No Defect
0.04071257213734149,100.159207850728,193.3069163311559,46.618309247020235,22.825454584797082,,,1538,10.80625,0,No Defect
0.04253174871996723,104.10227934722637,190.35094634446668,36.47183952222024,25.982718857814767,,,1539,10.809375,0,No Defect
0.04155123132818264,100.32171610116309,164.6164928173366,43.781918153255425,25.41947433514563,,,1540,10.8125,0,No Defect
0.03947873395299633,101.75868957051021,231.40152263548933,34.3802828885879,24.05623157017892,,,1541,10.815625,0,No Defect
0.04057870394300465,99.06062027361027,170.6197601832978,43.708591249421055,25.06888711558658,,,1542,10.81875,0,No Defect
0.04116107683535228,100.4497512258527,185.9156108545453,46.30657195317409,23.379753717126043,,,1543,10.821875,0,No Defect
0.03970076576828003,101.79791411480161,228.61189936701942,36.49719048525382,23.613092199463118,,,1544,10.825,0,No Defect
0.037510422088004564,96.05255114431819,186.20437538102834,36.104735872215635,26.311546878927782,,Ambient temperature high,1545,10.828125,0,No Defect
0.04268330553525262,103.21811134864575,181.5189704217286,41.15190764953552,25.16907887860046,,,1546,10.83125,0,No Defect
0.037092279424091046,100.84773485815265,272.9182779337349,31.63677284626293,22.296642643927544,,Paste viscosity high,1547,10.834375,0,No Defect
0.04123388963360829,101.26603806056205,184.30733422579397,40.5476179360728,25.163879689649235,,,1548,10.8375,0,No Defect
0.03859134546126974,100.65894005874708,237.44859105683932,36.54685474309677,23.05209557793766,,,1549,10.840625,0,No Defect
0.04003807156960675,100.66576995698584,210.29029243073253,40.80559472327955,23.490914576371217,,,1550,10.84375,0,No Defect
0.040218368623861626,99.1835676463813,195.80234241029777,47.98589624494206,22.287910303164104,,,1551,10.846875,0,No Defect
0.042285854874465394,103.42794421821078,188.96269198722933,38.35651147317468,25.531101724200223,,,1552,10.85,0,No Defect
0.039947362989759004,103.55021072771025,235.5410495916986,28.931350060249937,25.40769870840874,,Ambient RH low,1553,10.853125,0,No Defect
0.041550328413666855,101.49308807246103,182.89390379151126,41.90320020505039,24.864996611430726,,,1554,10.85625,0,No Defect
0.041047891487299044,102.6139494119452,204.11753577182992,35.172459472668166,25.52666633781893,,,1555,10.859375,0,No Defect
0.03932842799892601,100.86171832371296,223.62276269907278,40.0706753797696,22.881401997926137,,,1556,10.8625,0,No Defect
0.040103823023146634,100.44941770711586,197.15249224921945,37.85842844250277,25.164314219032132,,,1557,10.865625,0,No Defect
0.04019823096877072,99.36864853962655,178.8213637792676,38.93745297132605,25.97655295294636,,,1558,10.86875,0,No Defect
0.042076023762306,100.5307956979224,158.72848323180213,44.95251982492058,25.467983446553756,,,1559,10.871875,0,No Defect
0.03855010944559189,97.86737183085026,194.07253190762378,37.961465142811974,25.313741802698445,,,1560,10.875,0,No Defect
0.03903418218150555,99.79614087157935,225.46236633280512,44.95212191465727,21.349631887421733,,,1561,10.878125,0,No Defect
0.04100371069092995,100.97304322958259,190.23629649932383,41.56699807473706,24.51997711424535,,,1562,10.88125,0,No Defect
0.040263345256244004,99.70869693122499,182.28470368577098,38.54899219645973,25.88400512728115,,,1563,10.884375,0,No Defect
0.04104184372218534,102.35522640047125,204.11016543617515,37.82732179935413,24.761693056581812,,,1564,10.8875,0,No Defect
0.0420273374637024,102.1488422510652,182.2811052729256,41.97056843025946,24.900462176315507,,,1565,10.890625,0,No Defect
0.03966325194397591,100.83320568071665,219.61849068579036,39.327857611230954,23.36519061917345,,,1566,10.89375,0,No Defect
0.038565672742484416,99.68140697435635,222.75019998505786,36.041179942969165,24.124896902648455,,,1567,10.896875,0,No Defect
0.039890607711877954,99.50216722085145,196.99644306815017,42.53355416609408,23.821467414366413,,,1568,10.9,0,No Defect
0.04254846358567035,101.5789848349197,165.46813443872742,44.55702870352127,25.187599141535788,,,1569,10.903125,0,No Defect
0.04348285346857241,103.27417635699966,170.4846949045538,46.38973524166457,24.350807777259366,,,1570,10.90625,0,No Defect
0.03851271904369674,97.13232776225468,184.5328473064885,35.387540897596374,26.670084535673418,,Ambient temperature high,1571,10.909375,0,No Defect
0.0435728915332717,103.95652188713056,166.87024028755891,38.58091940750682,26.857679564768812,,Ambient temperature high,1572,10.9125,0,No Defect
0.038230098853441835,99.54445936621964,233.52258333065134,36.89209267620846,23.22230949113003,,,1573,10.915625,0,No Defect
0.04265560918790974,105.32772789212214,231.11252189976568,45.62769520139064,20.856211562232303,,Stencil thickness high,1574,10.91875,0,No Defect
0.03938392327874961,98.79996920498603,196.2369747516136,41.12298221175857,24.28445974624441,,,1575,10.921875,0,No Defect
0.03770396906435678,97.58128546626868,221.07320515933827,41.85053656849599,22.53532252244259,,,1576,10.925,0,No Defect
0.040826624737551886,102.54121954802767,204.16577684489144,33.64299782530388,25.992617328816884,,,1577,10.928125,0,No Defect
0.04028983590220377,101.8591411699905,209.11525135085367,32.81960175888054,25.93003427878101,,,1578,10.93125,0,No Defect
0.039044839248350345,100.96662514062415,229.908315898325,33.57908093772539,24.42503581265681,,,1579,10.934375,0,No Defect
0.03741213882725385,96.12866312313936,202.13489252610793,39.774675820619,24.307814326877374,,,1580,10.9375,0,No Defect
0.0398762993638438,100.17110965772407,200.72576641385197,39.72340198979495,24.425478195632078,,,1581,10.940625,0,No Defect
0.040582765283923176,101.50171564156139,204.23633978228756,39.209038462419095,24.36765408780731,,,1582,10.94375,0,No Defect
0.0400038814953922,99.82648934796278,192.31357908150216,38.515770474442654,25.30072981941121,,,1583,10.946875,0,No Defect
0.042279557398771955,103.98717963924297,195.65245268515253,37.293551296293565,25.467384660265857,,,1584,10.95,0,No Defect
0.04104486434554688,100.04080343505451,177.01781623173505,44.28169881996461,24.564163002259008,,,1585,10.953125,0,No Defect
0.04105796861277193,102.99222906377109,214.63517714023348,38.821568428645854,23.849508625550957,,,1586,10.95625,0,No Defect
0.041477695686167076,98.7586915530868,164.67192842084614,56.36685672047092,21.79687213342592,,Ambient RH high,1587,10.959375,0,No Defect
0.03656991465720426,97.12317056225523,222.0893857173833,31.63210313056233,25.459504294623184,,,1588,10.9625,0,No Defect
0.03836260271821972,100.00126822034997,237.08579252367727,38.88628281661927,22.436525014659257,,,1589,10.965625,0,No Defect
0.03753795681194049,98.98917711756505,234.16191352837816,32.29469189438599,24.540020050317377,,,1590,10.96875,0,No Defect
0.043651532393994406,103.76937557847371,184.9943764671416,50.76817918322475,22.20993380903098,,Ambient RH high,1591,10.971875,0,No Defect
0.03890343373259191,101.2124879974744,232.31082779286922,33.11656466808185,24.42189433027098,,,1592,10.975,0,No Defect
0.03919938123575328,100.71533455724187,221.85314267806538,34.84931152927523,24.56374246827667,,,1593,10.978125,0,No Defect
0.042778378140172414,103.7887814789205,186.32197562704633,38.869829838607046,25.599447990292386,,,1594,10.98125,0,No Defect
0.040558198685049805,99.43775728782364,182.84052924422966,45.424351197181956,23.88181981589034,,,1595,10.984375,0,No Defect
0.03838430361460612,97.89501615759048,202.88057038188867,41.51366329685772,23.773739070933907,,,1596,10.9875,0,No Defect
0.038537632278658376,98.9931851082862,212.76572630298077,37.13423081734999,24.451815444944707,,,1597,10.990625,0,No Defect
0.042103233810981175,102.23679715179989,193.78560601869825,48.406516706166485,22.353932260924097,,,1598,10.99375,0,No Defect
0.04384363658352578,104.43400822103118,171.56399525737987,42.89351670975747,25.33936183023528,,,1599,10.996875,0,No Defect
0.039942558641371674,99.44930863017335,190.49987218693255,41.554995300730916,24.540869208336527,,,1600,11.0,0,No Defect
0.04099225755298482,101.28769713665748,203.5313452649852,44.97520042496283,22.755225806650877,,,1601,11.003125,0,No Defect
0.039498967861450456,100.22374558238417,210.67784430890933,37.931385955765755,24.361548753890403,,,1602,11.00625,0,No Defect
0.04233912568764869,101.54274058502313,164.84921983674195,44.7717846082597,25.194472692635816,,,1603,11.009375,0,No Defect
0.03585153437382524,95.27541885658582,210.21863383334272,30.25471364092951,26.60574922846584,Paste volume per aperture low,Ambient temperature high,1604,11.0125,0,Open Circuit
0.03976173188115983,98.43050294565366,182.05601467252214,40.90981043986826,25.256918007311047,,,1605,11.015625,0,No Defect
0.039278329616543754,101.3968825419444,240.6121657856001,40.52525760241177,21.76930559987492,,,1606,11.01875,0,No Defect
0.04345320322847997,101.58205757648143,137.8945180154946,43.50241762667794,27.23691432070825,,Paste viscosity low; Ambient temperature high,1607,11.021875,0,No Defect
0.03964806876902837,99.56509665607076,190.5398866102662,36.86600193477207,25.913414536282364,,,1608,11.025,0,No Defect
0.04137245086105044,100.70577781067723,174.1875810661856,39.48079746367831,26.173314105631587,,Ambient temperature high,1609,11.028125,0,No Defect
0.0381208306043292,96.738921019819,190.84890681945149,39.06786588247084,25.245238505740645,,,1610,11.03125,0,No Defect
0.04081129439555318,101.06720801705521,193.48454858841166,40.052076880076655,24.817347658901685,,,1611,11.034375,0,No Defect
0.04018311276007496,100.53165044893777,191.9999825884268,36.482511476386705,25.944541943208407,,,1612,11.0375,0,No Defect
0.040157077248736586,101.82776740022189,225.0311744011979,40.01712070278073,22.89008697846812,,,1613,11.040625,0,No Defect
0.04164802230823247,102.67801176432899,195.61685599460654,37.30667451034275,25.500332677616,,,1614,11.04375,0,No Defect
0.0402679099956161,100.30893095381825,203.52547359204297,44.35043086419158,22.94667933158809,,,1615,11.046875,0,No Defect
0.038787063472060304,100.42099537139156,225.95138121430662,35.06926068941402,24.268621306692083,,,1616,11.05,0,No Defect
0.04040897451029503,97.9656170194058,160.30415603544475,45.25484240433482,25.33684766992806,,,1617,11.053125,0,No Defect
0.03817295737401428,99.42398398260313,228.0719413019669,34.90840793734347,24.1858681920485,,,1618,11.05625,0,No Defect
0.04458599995000268,106.23478446841871,192.83142760817518,46.164032573489536,23.112071344697092,Paste volume per aperture high,Stencil thickness high,1619,11.059375,0,Solder Bridging
0.035832456534012735,95.0919278664644,216.57026910796014,33.429448832128244,25.309855277890485,Paste volume per aperture low,,1620,11.0625,0,Open Circuit
0.036554700090314876,96.64903296002082,230.40956618213755,40.03564885750705,22.53264801328506,,,1621,11.065625,0,No Defect
0.03832434964922855,95.94545640742278,167.79729994909033,36.29442473948005,27.48578430811612,,Ambient temperature high,1622,11.06875,0,No Defect
0.039722146934498645,98.5396980031903,186.3267678086435,43.02963294278082,24.39321692682021,,,1623,11.071875,0,No Defect
0.041983255651743275,100.58221701361492,166.80660431250342,46.470751846191604,24.604712378584992,,,1624,11.075,0,No Defect
0.041539740189106604,102.82543146131084,198.01048421695992,36.40390352859664,25.627248833076372,,,1625,11.078125,0,No Defect
0.03952515508568583,100.4269092904901,215.6268151872271,40.99285164898312,23.187615795998678,,,1626,11.08125,0,No Defect
0.039787045164701336,98.7384729877735,189.33245785199588,41.98538564885129,24.52197682402562,,,1627,11.084375,0,No Defect
0.038904146891736796,98.08244272329296,186.4295206041851,35.76023357764945,26.50845700989396,,Ambient temperature high,1628,11.0875,0,No Defect
0.039956188928080075,100.91045600017381,221.65239398384693,43.660182194001955,22.04999763402239,,,1629,11.090625,0,No Defect
0.04081269909879013,100.2360735798409,181.1607999071557,38.97911299226167,25.91202555970962,,,1630,11.09375,0,No Defect
0.03932861967227219,99.69958495414971,201.89238640681802,36.19021882286554,25.439205222413925,,,1631,11.096875,0,No Defect
0.03975352380004722,101.03133723488995,222.2008740802559,39.82902107792762,23.13707038974708,,,1632,11.1,0,No Defect
0.04520544231595851,107.6130892912408,195.87131784616543,42.60537056829205,23.987948183811916,Paste volume per aperture high,Stencil thickness high,1633,11.103125,0,Solder Bridging
0.039054820332160976,100.83471227140039,231.0226574830435,35.571394530753444,23.83721626823067,,,1634,11.10625,0,No Defect
0.041950100103183625,104.16673750605588,222.8721891164858,43.56672066136787,22.023978701694862,,,1635,11.109375,0,No Defect
0.03436198421546244,94.87998967730783,247.82821090861677,33.12265346464065,23.4838374185136,Paste volume per aperture low,Stencil thickness low,1636,11.1125,0,Open Circuit
0.03769321144180372,98.54861769296085,231.14877211711274,38.71432110650367,22.901145306321826,,,1637,11.115625,0,No Defect
0.041050636490312736,100.6411555402592,184.40153101201835,42.114478847108984,24.805184940915186,,,1638,11.11875,0,No Defect
0.04173621560913789,102.70067890149306,211.02774006937875,49.145948133431546,21.121299315350225,,,1639,11.121875,0,No Defect
0.033326844891722385,95.06762548841537,268.880667531502,26.829697497199184,24.02788505509869,Paste volume per aperture low,Paste viscosity high; Ambient RH low,1640,11.125,0,Open Circuit
0.039223146750657766,100.14557724308186,207.03824032346495,31.602965939648474,26.476501202709834,,Ambient temperature high,1641,11.128125,0,No Defect
0.041083496312404925,102.0424293304301,198.2587521633163,36.03856987488936,25.73601039836037,,,1642,11.13125,0,No Defect
0.040417214436382805,102.47683575456678,210.38602868780066,30.24744057307109,26.67658213819225,,Ambient temperature high,1643,11.134375,0,No Defect
0.03712622842388779,98.50935761119663,242.1068960383153,36.49526307065419,22.88060674337561,,,1644,11.1375,0,No Defect
0.03916561740660359,98.72034018999486,212.1637800808199,46.45454656577823,21.829158626243874,,,1645,11.140625,0,No Defect
0.04001109951418368,97.71694863309713,154.75246670448308,37.91164714018345,27.85265412980251,,Ambient temperature high,1646,11.14375,0,No Defect
0.04137108802936597,102.68060425979401,199.65245249810096,38.13742962855753,25.03966188693512,,,1647,11.146875,0,No Defect
0.04037016881114618,100.47257074740352,195.94812330070434,41.50401697777816,24.27796433338011,,,1648,11.15,0,No Defect
0.037652610433081796,97.79464346726715,215.62531159836678,40.14012171999314,23.443812946510935,,,1649,11.153125,0,No Defect
0.03928802752396098,98.02399578650679,175.1827605693342,35.04357141084284,27.436462469212813,,Ambient temperature high,1650,11.15625,0,No Defect
0.04248257508714989,104.05863118949551,202.40967512992214,40.198163819375836,24.286913539157823,,,1651,11.159375,0,No Defect
0.03909792480493829,101.45298803201435,235.91705606897182,33.92639211836409,24.035966086685924,,,1652,11.1625,0,No Defect
0.03966007710936351,100.8629696134294,210.71799989647232,33.38117642472456,25.747824793688327,,,1653,11.165625,0,No Defect
0.03743162695482229,98.92320389681727,234.75898452645072,32.372723518115514,24.550115092617467,,,1654,11.16875,0,No Defect
0.04065754178400316,103.97677441338303,243.1781380683561,35.75923054540455,23.073223215300096,,,1655,11.171875,0,No Defect
0.039449194304011274,101.35132186434143,233.34684799688756,34.801603168970445,23.95208147857565,,,1656,11.175,0,No Defect
0.04164258401473557,101.94694858463927,183.9453068712156,37.612414583923325,26.17481388037602,,Ambient temperature high,1657,11.178125,0,No Defect
0.03984629095636984,102.83761642311016,245.06407477583332,39.18788011395018,21.946413677679082,,,1658,11.18125,0,No Defect
0.04178711092047266,104.46789956525036,223.5927137803663,37.8486386827141,23.676432905627667,,,1659,11.184375,0,No Defect
0.04252868710324158,102.0053755584163,167.98744881033454,42.040134900709226,25.86972735258975,,,1660,11.1875,0,No Defect
0.041388132265453216,99.63195222904534,176.21358321444876,50.175053321989786,22.98451425623846,,Ambient RH high,1661,11.190625,0,No Defect
0.03842999912885571,102.05428558560196,260.88484743872743,31.06343970304831,23.34774015959608,,Paste viscosity high,1662,11.19375,0,No Defect
0.04133776991179801,101.19331208585015,191.7679833793683,43.517185690557525,23.97608670857724,,,1663,11.196875,0,No Defect
0.036503598676574205,94.87705304783738,214.24903732291065,46.875424096614196,21.57370359898337,,Stencil thickness low,1664,11.2,0,No Defect
0.04289236272096056,102.7814092107182,173.82240921657808,42.96557267391338,25.25029847347805,,,1665,11.203125,0,No Defect
0.039625705662728876,101.2161706517843,223.89392455928734,37.953043979325905,23.615788660077847,,,1666,11.20625,0,No Defect
0.04067517763648978,99.50565521989797,169.46481381566286,39.34599674758612,26.558353123235424,,Ambient temperature high,1667,11.209375,0,No Defect
0.04015200128157248,100.22704392729865,214.50090681218646,46.39662964235538,21.73849270103024,,,1668,11.2125,0,No Defect
0.04057810823423155,100.1816662481055,190.95023346920985,43.24963545199068,24.10151802054046,,,1669,11.215625,0,No Defect
0.0373784585153437,96.74691468076482,212.64861762903027,40.70866255873574,23.487460073676676,,,1670,11.21875,0,No Defect
0.041662270890958836,101.68058118848026,180.9471659188132,38.650732382526186,26.070950144898525,,Ambient temperature high,1671,11.221875,0,No Defect
0.041139658116295504,101.5666936809763,187.75188331676603,36.1160900176159,26.390038667829504,,Ambient temperature high,1672,11.225,0,No Defect
0.04061165184386344,101.444623224016,207.7552626549811,42.30566237071793,23.348501926528,,,1673,11.228125,0,No Defect
0.039328584499445915,98.22371958786377,190.48309923545705,39.45122849552005,25.241456876956402,,,1674,11.23125,0,No Defect
0.039641979506533274,97.95036859939775,172.94754322146514,41.26462369265998,25.783617508182633,,,1675,11.234375,0,No Defect
0.04017704204364003,100.66484797649437,204.6292910690094,41.16572213657659,23.873652448787197,,,1676,11.2375,0,No Defect
0.03746370708380519,99.67922987193688,250.16287681335604,33.41765607777879,23.326202119805544,,Paste viscosity high,1677,11.240625,0,No Defect
0.04068861980770905,100.62148925525219,202.43980322085403,45.3869845046502,22.785782544634937,,,1678,11.24375,0,No Defect
0.04155807239774164,102.85014171209544,205.56373606524105,40.67559372838168,23.975003056285274,,,1679,11.246875,0,No Defect
0.04040676523439129,102.01111718683526,221.30228924843507,39.149454520663554,23.449034599306046,,,1680,11.25,0,No Defect
0.035886769997473866,98.64957343493865,256.70743413817644,24.29723048586125,25.578775058950804,Paste volume per aperture low,Paste viscosity high; Ambient RH low,1681,11.253125,0,Open Circuit
0.03974522387433866,101.14085929334308,213.12858830545235,34.27063101848005,25.37030212010868,,,1682,11.25625,0,No Defect
0.040513343329639906,100.50966674962022,195.55299314290224,40.36428329106262,24.678724791414297,,,1683,11.259375,0,No Defect
0.04049965758464287,101.811183643113,209.15716226988513,35.31225154969742,25.320677198831373,,,1684,11.2625,0,No Defect
0.03994346546953272,101.10643877788132,209.4696115637151,32.97832284247008,25.981537932080208,,,1685,11.265625,0,No Defect
0.03866707089946809,98.64279700250215,204.7576338202146,37.68275052548179,24.88232795073118,,,1686,11.26875,0,No Defect
0.04026172265335672,100.54440842155564,202.00100450448855,40.44518912760826,24.26067717459394,,,1687,11.271875,0,No Defect
0.038616104559386605,100.5190863996361,233.6482391758378,32.610597957095266,24.597420717394932,,,1688,11.275,0,No Defect
0.03851952845055598,99.46347980118891,236.53285489037324,42.35603842795267,21.574968163841795,,,1689,11.278125,0,No Defect
0.03694662162424815,97.61422483443707,225.60677784627927,32.03559537872622,25.24567107761843,,,1690,11.28125,0,No Defect
0.041273442098845904,102.6606677771971,208.26353532088274,37.8844229293995,24.638362807069818,,,1691,11.284375,0,No Defect
0.03869479990734637,95.94563242986366,174.6082828399345,44.14769614722133,24.85543840894538,,,1692,11.2875,0,No Defect
0.03933708123249826,100.1963014602556,224.28597969684404,40.494516477395976,22.88126752775905,,,1693,11.290625,0,No Defect
0.03986838411771078,101.945174911081,224.01664092141866,33.234158453814544,25.020872451738775,,,1694,11.29375,0,No Defect
0.038996017033333406,99.26451211487769,200.7054772010203,36.45577671495092,25.497780588728226,,,1695,11.296875,0,No Defect
0.03944037048071814,99.4662419725352,215.45201590007477,43.63655621143371,22.510251474557776,,,1696,11.3,0,No Defect
0.04131696950841348,101.92788521868135,191.3225462533666,38.117163858786995,25.61284828989005,,,1697,11.303125,0,No Defect
0.042203123763777155,101.00099386011128,165.5495001373069,43.93966456306498,25.504869354885344,,,1698,11.30625,0,No Defect
0.04128938917257061,102.0527937339043,207.14351005211168,41.587043875217965,23.63709069187264,,,1699,11.309375,0,No Defect
0.04435776653654109,103.83073167487568,170.80105940274152,51.39111681150857,23.02640152543993,Paste volume per aperture high,Ambient RH high,1700,11.3125,0,Solder Bridging
0.03946840870426295,100.89969317285946,217.31115366768927,33.49409923808284,25.360521738119974,,,1701,11.315625,0,No Defect
0.04000532250898941,100.8303759178798,211.7238615178715,39.79324150503161,23.867363283413635,,,1702,11.31875,0,No Defect
0.0404030532582413,99.2536207942491,188.5651125377496,45.94208241594427,23.49985013705217,,,1703,11.321875,0,No Defect
0.039593683752601146,99.91752207896647,203.5760884599101,36.33785888174646,25.378030167173307,,,1704,11.325,0,No Defect
0.038164458156107355,97.80146198699774,209.4721664029829,40.62071208027798,23.751160600446006,,,1705,11.328125,0,No Defect
0.038465991824120555,96.64170615527675,189.14092863330862,45.06830879948962,23.70253423304783,,,1706,11.33125,0,No Defect
0.04123479715210157,102.1247600031213,212.3849348259561,45.236137287643004,22.253523996744597,,,1707,11.334375,0,No Defect
0.03944205560302898,97.7206881564643,176.0083505347536,40.79902610029497,25.76733532807015,,,1708,11.3375,0,No Defect
0.04335041916845857,103.510285978569,183.3828130769415,46.54889455678335,23.669954325651933,,,1709,11.340625,0,No Defect
0.037688436193642955,96.77453214056378,207.64257716129148,40.91904727521736,23.780107743872062,,,1710,11.34375,0,No Defect
0.04031525783224923,99.9081970413655,204.65767227352825,47.59791276395919,22.035948860876925,,,1711,11.346875,0,No Defect
0.03930217054089812,100.28059815909344,223.4949789592788,40.44302409073461,22.961266468321323,,,1712,11.35,0,No Defect
0.04003174679114718,101.6886851124937,224.6860489417416,38.99999577253687,23.315730272358685,,,1713,11.353125,0,No Defect
0.03874690120746171,99.33429659590152,219.24573863574918,40.22612741208763,23.280492051729915,,,1714,11.35625,0,No Defect
0.040705856192416574,100.7760130162279,188.86814168937968,35.102024859771504,26.66418548197449,,Ambient temperature high,1715,11.359375,0,No Defect
0.04030254910500285,99.5436949225377,176.84019572172238,37.80012290563353,26.605401057873955,,Ambient temperature high,1716,11.3625,0,No Defect
0.04096858092974594,103.44807533511278,212.30790593667984,29.041809089647963,26.99596709182793,,Ambient RH low; Ambient temperature high,1717,11.365625,0,No Defect
0.042530401958956444,100.43979899343991,163.99297718488654,52.984711749777276,22.98217766923008,,Ambient RH high,1718,11.36875,0,No Defect
0.03965551155062663,99.13131807480934,201.3824768360512,42.61541027008301,23.69654032249015,,,1719,11.371875,0,No Defect
0.03933178680946519,98.38141529412648,207.57260932592183,49.47535734681606,21.30948461395658,,,1720,11.375,0,No Defect
0.04197895298134011,100.16622778069078,170.81604302510348,48.131196470829636,23.98531287383254,,,1721,11.378125,0,No Defect
0.039201599018716955,100.00317085304462,217.62851268799022,38.08152896448773,24.020867171840774,,,1722,11.38125,0,No Defect
0.03829890923149108,96.38653447944378,190.96306547487666,44.94455114780882,23.64492867493659,,,1723,11.384375,0,No Defect
0.038625910885496086,99.57068774324608,220.8372819426972,37.25639608718362,24.059191537019398,,,1724,11.3875,0,No Defect
0.04036735981730674,99.963146216686,197.1693678702738,44.93330138521516,23.286244713823983,,,1725,11.390625,0,No Defect
0.03769053896322501,97.35289116386745,221.71519293049727,44.08141744210266,22.007894997722822,,,1726,11.39375,0,No Defect
0.037968901230064606,99.67033391946782,230.7974430006407,31.66724308131773,25.07916347055022,,,1727,11.396875,0,No Defect
0.042812551573132324,101.8420477668886,172.22684134837442,48.758795545724,23.723148747972115,,,1728,11.4,0,No Defect
0.03657301141359744,93.73428846315,185.7351822255927,41.452965928274935,24.978196542177354,,Stencil thickness low,1729,11.403125,0,No Defect
0.03810641849347521,98.87397320644082,227.67009327103693,37.982704958070414,23.43326545070396,,,1730,11.40625,0,No Defect
0.0379576915496147,97.52697540806213,219.3260418435642,43.67048983713953,22.284190087828854,,,1731,11.409375,0,No Defect
0.04401076902661879,102.21500130262913,149.9550680911279,52.41464036633802,24.03226233819879,Paste volume per aperture high,Paste viscosity low; Ambient RH high,1732,11.4125,0,Solder Bridging
0.041495169296299386,100.24400524462537,167.16926628098835,42.57111240424972,25.833619189061995,,,1733,11.415625,0,No Defect
0.041949662438897424,104.02753396825267,212.49800834466186,39.36640103826135,23.99159710880806,,,1734,11.41875,0,No Defect
0.04156902155224109,101.86828066759428,194.54628124034394,43.05761330832327,24.01501733894937,,,1735,11.421875,0,No Defect
0.0380447972381061,98.20741491838459,206.17615112267535,33.47596714694752,26.070423040710814,,Ambient temperature high,1736,11.425,0,No Defect
0.04056905286873906,99.13267652615063,184.46334203169027,50.067510440163204,22.577595449948863,,Ambient RH high,1737,11.428125,0,No Defect
0.040887982182824925,101.17699319589043,200.113750934507,41.92437225491215,24.003225761943902,,,1738,11.43125,0,No Defect
0.041575328813357494,104.66110863293494,220.77701671241223,31.419461205276594,25.808606972943103,,,1739,11.434375,0,No Defect
0.042769033849990576,102.02497465819704,159.82275462777497,41.007236122619325,26.757409607446572,,Ambient temperature high,1740,11.4375,0,No Defect
0.04115420617006043,101.44410955798011,197.40824595520112,43.66882120930997,23.661550104859632,,,1741,11.440625,0,No Defect
0.039805462579438664,99.236773265305,186.2945147129867,37.0428274374514,26.271605536423458,,Ambient temperature high,1742,11.44375,0,No Defect
0.04098549999424011,101.84708361216875,204.80482087219139,40.50908214847686,24.13296237917223,,,1743,11.446875,0,No Defect
0.03946166460599595,99.73250828093427,209.16139945654717,40.1230056989121,23.967773883555687,,,1744,11.45,0,No Defect
0.03934354156493206,103.48411141689058,266.17308225303645,34.40180837207675,22.14082564692165,,Paste viscosity high,1745,11.453125,0,No Defect
0.03921518802458546,99.06282552020542,205.43258108820672,38.11033892651039,24.789183317744115,,,1746,11.45625,0,No Defect
0.038892260482224765,99.18007188298309,210.54393938218763,39.27082157676723,24.127487353923453,,,1747,11.459375,0,No Defect
0.03869317305261393,100.69361966412893,237.45863119081224,36.09791570261684,23.403653490748923,,,1748,11.4625,0,No Defect
0.03879325510539348,98.67914486877127,205.68983128938234,35.77326664671112,25.455406234075916,,,1749,11.465625,0,No Defect
0.041532445267021816,102.25145457955338,201.75920766538223,41.73758499182296,23.974726703746235,,,1750,11.46875,0,No Defect
0.042207636276871865,101.57079856244181,176.37121661321203,44.80842084910361,24.640659421805317,,,1751,11.471875,0,No Defect
0.041689592733819524,100.01054082618533,157.0942606606406,42.314311009255185,26.546890357860992,,Ambient temperature high,1752,11.475,0,No Defect
0.039208312584523106,100.54517932624715,225.02772720350907,37.144568916375576,23.87168369509336,,,1753,11.478125,0,No Defect
0.03934756704787489,101.404970533761,227.69819635854526,33.669866068274956,24.72281626751991,,,1754,11.48125,0,No Defect
0.03760444837599912,97.16630946237518,219.0990043796424,43.01701675948808,22.507814008488317,,,1755,11.484375,0,No Defect
0.038722175055917574,99.9783196094372,233.792630492568,38.305778863601894,22.99713768457471,,,1756,11.4875,0,No Defect
0.040391792476303,101.2200883543845,206.28045169621097,38.73236609134983,24.570048012661104,,,1757,11.490625,0,No Defect
0.03632188029004389,95.7760763182507,220.71824409604713,36.852636136925234,24.20394758807308,,,1758,11.49375,0,No Defect
0.03684201328860756,96.17730759400644,220.3448567634496,41.987629081816586,22.72954642749157,,,1759,11.496875,0,No Defect
0.038580875761819344,97.07973752478833,193.46550491406384,43.618852116154514,23.91836668086198,,,1760,11.5,0,No Defect
0.036496908190710255,95.36989168037282,211.01994036967707,38.80728652384286,24.23083506428409,,,1761,11.503125,0,No Defect
0.04025090241147397,100.68457279010806,204.4536915994741,40.501051234485004,24.169673356421963,,,1762,11.50625,0,No Defect
0.04011433854210002,99.76509435192676,194.91027389947425,41.63336110681615,24.42487612824804,,,1763,11.509375,0,No Defect
0.04066237735622844,102.41459327127664,220.28020782043674,37.32770610494616,24.13364353106132,,,1764,11.5125,0,No Defect
0.037623749825653065,96.2123230656037,200.98013049561527,41.74414111574999,24.002278330480568,,,1765,11.515625,0,No Defect
0.039334159557323174,98.5414506127878,191.35495080073895,40.466734635860476,24.979131349449947,,,1766,11.51875,0,No Defect
0.03996674049297352,99.25125957370803,182.31187394382596,38.989059129252944,25.9700165771551,,,1767,11.521875,0,No Defect
0.03877087935517139,99.7065583155412,221.5300602473286,36.23802397029455,24.363060217942778,,,1768,11.525,0,No Defect
0.03871030047610843,98.25719512216165,204.44016279119745,39.21647422938018,24.542876763965836,,,1769,11.528125,0,No Defect
0.043250896654441554,102.25927497265397,151.8790940572896,38.171491046585544,28.11244426560981,,Ambient temperature high,1770,11.53125,0,No Defect
0.038846547437909454,99.11131713256863,213.1953289820219,36.68039063531242,24.75179652885753,,,1771,11.534375,0,No Defect
0.040514721321625466,100.68333066133579,195.86984688324588,36.98095992519106,25.74113303223468,,,1772,11.5375,0,No Defect
0.042212234807518755,102.56525430433935,182.95272924804738,39.25754140188905,25.879415125261886,,,1773,11.540625,0,No Defect
0.04184012764574222,101.93630355141687,176.63228172372823,36.168858177126076,27.167451043806693,,Ambient temperature high,1774,11.54375,0,No Defect
0.039420725054636466,99.04991858840305,191.96727381589133,37.05363983375284,25.94826334402335,,,1775,11.546875,0,No Defect
0.03624926076851979,95.75419049430342,227.85486502880514,39.26383051868645,23.07990404180893,,,1776,11.55,0,No Defect
0.040746110673994015,101.17500201538819,199.5368099698214,39.49676384318565,24.784901479578497,,,1777,11.553125,0,No Defect
0.03947425811038433,100.15335379939131,207.55246070958702,33.967161977582315,25.900495327201494,,,1778,11.55625,0,No Defect
0.043558039006155964,104.23391225315993,184.33170284568902,42.26462753361081,24.93630832751185,,,1779,11.559375,0,No Defect
0.03979724563067013,100.06089050099915,199.2819068418454,36.48120580733861,25.675562646385462,,,1780,11.5625,0,No Defect
0.03866836051895722,99.61001125828962,213.51064744525036,32.687143807177755,25.901315106577638,,,1781,11.565625,0,No Defect
0.038470021972828394,97.38202358367485,195.73727645909383,40.06054193488513,24.839264104531097,,,1782,11.56875,0,No Defect
0.04075410198008227,103.03577016529408,222.22322321155488,32.766689186610776,25.36767434722204,,,1783,11.571875,0,No Defect
0.04292781541613754,103.41937477419032,178.08532557560287,38.83855440459915,26.31709856968382,,Ambient temperature high,1784,11.575,0,No Defect
0.04111812863293026,99.3331637805696,165.8983164685925,42.610263740097366,25.952247522532545,,,1785,11.578125,0,No Defect
0.03936281618110115,99.57180427631418,208.0663576714414,37.73487172575666,24.77590184320396,,,1786,11.58125,0,No Defect
0.039915181137687474,98.60211652091846,197.04848654374817,49.73548492703776,21.95075612919402,,,1787,11.584375,0,No Defect
0.042461487406762415,104.84040285742127,212.9440910260581,38.00163682104194,24.42239941893095,,,1788,11.5875,0,No Defect
0.039743985342368456,99.45933361368529,199.56818800306357,41.174660433711395,24.29593148289882,,,1789,11.590625,0,No Defect
0.04041333559549529,98.8070679182277,169.7633900049071,40.09066847059939,26.448760839908918,,Ambient temperature high,1790,11.59375,0,No Defect
0.04182762818698345,100.28221727758383,163.5010846054795,45.06786957887692,25.388788934733796,,,1791,11.596875,0,No Defect
0.040800808153578796,100.59043976124174,193.074109013725,41.749449505711404,24.53911073877231,,,1792,11.6,0,No Defect
0.037312659182604624,96.81055801358664,215.73728825984637,39.462239580200176,23.788022904621332,,,1793,11.603125,0,No Defect
0.03931988467033368,101.22109432803107,227.13476236811033,35.05151884997635,24.39152805121448,,,1794,11.60625,0,No Defect
0.03841120718034734,98.78158099803558,217.09836460838366,38.03329526821519,24.13210928107788,,,1795,11.609375,0,No Defect
0.03946560182576283,101.22068808920957,227.5445306882031,36.58438730076745,23.923227813775593,,,1796,11.6125,0,No Defect
0.04289885352010785,101.97950592300775,162.35859172847043,44.92660411642674,25.51306213486701,,,1797,11.615625,0,No Defect
0.04278477362639533,103.91373596044384,193.71104345446525,38.2020215780353,25.56081675789656,,,1798,11.61875,0,No Defect
0.040176766744453626,101.6651116366762,229.01896655472845,41.17035477542336,22.506296208045548,,,1799,11.621875,0,No Defect
0.04133127596229956,102.6957591752494,211.92201467213246,37.92914861058496,24.51412187693168,,,1800,11.625,0,No Defect
0.03798985970728364,97.68924437123768,217.66503843667,41.587661159112876,23.062991752880126,,,1801,11.628125,0,No Defect
0.04059441794890845,98.86177533664971,157.09412592260412,36.58571261981988,28.260178467136477,,Ambient temperature high,1802,11.63125,0,No Defect
0.0383007829686759,96.04295283140439,178.3551134960807,40.02217125080686,25.936537086128062,,,1803,11.634375,0,No Defect
0.04032808899564903,102.38673837736332,219.45855696652865,34.18224785896044,25.134714140711687,,,1804,11.6375,0,No Defect
0.04120824889167758,100.59714188352815,189.78962469610545,46.03342085638462,23.50454736049319,,,1805,11.640625,0,No Defect
0.03997908641811842,99.62449751529375,198.95520098466787,40.66046133217982,24.505298665290933,,,1806,11.64375,0,No Defect
0.0406875640982197,100.68745683894622,203.69216757543327,45.64708777869447,22.761225719169953,,,1807,11.646875,0,No Defect
0.040376890742369435,100.71868013091289,204.84676875351454,38.709170799415816,24.720091238991166,,,1808,11.65,0,No Defect
0.037418091870452225,99.04242667473821,241.65112686422063,33.441268779721376,23.973863506071563,,,1809,11.653125,0,No Defect
0.040734556137203046,99.21532840108328,174.13228725843817,43.09597794458641,25.32470910414101,,,1810,11.65625,0,No Defect
0.03879939173226036,98.51335417341745,205.1310362879909,37.02927751993982,25.182427112241502,,,1811,11.659375,0,No Defect
0.039822410549916115,99.82354105654055,204.4741289372915,39.97532357267213,24.370273086885426,,,1812,11.6625,0,No Defect
0.039361541316843246,98.142682488728,192.56873617368885,45.076876772331666,23.60328980940807,,,1813,11.665625,0,No Defect
0.04160534934029086,100.87531162497534,168.84623710839963,40.086400160802995,26.533808992331032,,Ambient temperature high,1814,11.66875,0,No Defect
0.04268342799436364,102.19322866393094,166.6870227337322,39.11302590902367,26.965911683381133,,Ambient temperature high,1815,11.671875,0,No Defect
0.03981323468658777,101.85695968733594,228.81986194754955,35.615120772852514,24.15086319330777,,,1816,11.675,0,No Defect
0.039297150692751595,101.90108045324239,253.44957086576943,39.8385944970956,21.40526950343454,,Paste viscosity high,1817,11.678125,0,No Defect
0.04121271705843475,100.70475088655411,177.5822791893464,40.28387507836332,25.941450341456786,,,1818,11.68125,0,No Defect
0.04027048376898676,98.56724427212029,168.12992646808436,39.96570312189738,26.610243282946872,,Ambient temperature high,1819,11.684375,0,No Defect
0.039406731718871095,100.68479201149512,227.00523474333937,40.56189858908933,22.816207974596146,,,1820,11.6875,0,No Defect
0.03940308152744669,100.33692085042165,220.6425573769264,40.55711768375472,23.208391198578724,,,1821,11.690625,0,No Defect
0.04321444512100353,103.86007469285904,191.77100002136652,45.0050266956307,23.71662053896527,,,1822,11.69375,0,No Defect
0.04158441987430415,103.63000538357736,220.93459522352993,39.72843107238762,23.455433702655114,,,1823,11.696875,0,No Defect
0.036187457179140486,94.27275898315214,207.96313982008763,41.460677137515155,23.70301591445057,,Stencil thickness low,1824,11.7,0,No Defect
0.040112025012905006,100.79618776877327,204.18774059867766,36.89261135739181,25.298895158532236,,,1825,11.703125,0,No Defect
0.04212292278904362,104.68810534646087,220.9291684258675,38.26832171689486,23.88819520505966,,,1826,11.70625,0,No Defect
0.039075707823829055,98.76111305554743,210.0608672382225,41.896780866935444,23.474361300248194,,,1827,11.709375,0,No Defect
0.03999717932227648,99.70200709242584,198.43558245865876,40.73431047728676,24.53446213442802,,,1828,11.7125,0,No Defect
0.03703483916341898,96.64739840503645,215.07985578754048,35.27876684413653,25.083585009289962,,,1829,11.715625,0,No Defect
0.0411455688749551,101.38223140067088,201.571498227584,44.355383955401294,23.29390756404259,,,1830,11.71875,0,No Defect
0.039194946810209845,99.53657292816176,215.13191435384869,41.685489169830774,23.2249218180462,,,1831,11.721875,0,No Defect
0.03905820751596564,98.85748417331904,209.45823644945716,42.496006258906,23.336932236652288,,,1832,11.725,0,No Defect
0.03988889628451651,98.1833405211277,172.59124690692883,40.40740825831984,26.217192285057475,,Ambient temperature high,1833,11.728125,0,No Defect
0.0380890497516419,98.07799057412365,219.11833275957903,38.28962943424325,23.971550959870086,,,1834,11.73125,0,No Defect
0.03934335415813975,100.9139897793257,223.82382536802206,33.228955978595565,25.17073715692078,,,1835,11.734375,0,No Defect
0.039834507378747774,99.25560919074226,193.07594882161385,40.55711121018908,24.919253018183607,,,1836,11.7375,0,No Defect
0.03988500967734816,97.58135989508207,173.17847488971262,45.318180452081386,24.752250024277057,,,1837,11.740625,0,No Defect
0.038365799583458,95.9324252009761,184.30983859054265,45.07746985623978,24.127538988978166,,,1838,11.74375,0,No Defect
0.03733928367440567,99.27182533628316,255.90643157712162,34.401519538704946,22.851807352796342,,Paste viscosity high,1839,11.746875,0,No Defect
0.04289455531550015,102.19619864956978,166.71564536307656,42.63144087692794,25.96008486126208,,,1840,11.75,0,No Defect
0.037034856837583105,98.33272652476924,229.5813914026372,28.75941616562219,26.106258895561343,,Ambient RH low; Ambient temperature high,1841,11.753125,0,No Defect
0.037475859360461,96.19258134876333,210.2759425918614,43.83342962416378,22.894148953938664,,,1842,11.75625,0,No Defect
0.04209109052842205,103.58602905356173,207.10892952345492,38.980741676560534,24.545961987710175,,,1843,11.759375,0,No Defect
0.04049811695087831,100.17184280287688,198.7042942468998,42.044418613529295,24.15686545400706,,,1844,11.7625,0,No Defect
0.04031459195809577,99.59200139643292,185.0978492219304,37.62659682369618,26.280919147367904,,Ambient temperature high,1845,11.765625,0,No Defect
0.039908242214085544,100.67919756623398,212.6285824240362,38.27499393459175,24.39690202150696,,,1846,11.76875,0,No Defect
0.03771720505533212,98.33516951194682,216.39289693989406,30.068708232538704,26.54642059577784,,Ambient temperature high,1847,11.771875,0,No Defect
0.04136004490341226,101.19021676781504,188.48701522936562,40.32823195822911,25.293965252381263,,,1848,11.775,0,No Defect
0.038672092835955595,99.0881001414552,210.6769986230307,36.13904204069595,25.129458643543956,,,1849,11.778125,0,No Defect
0.03859720741882969,100.70073596309616,237.45912193619893,31.2777586848067,24.91227854579134,,,1850,11.78125,0,No Defect
0.039173142824655345,97.99559568838998,184.76753992011882,41.20948117943561,25.240996038129072,,,1851,11.784375,0,No Defect
0.03665083052032184,98.51361476125352,255.38727558385656,33.375021319545105,23.185469690246556,,Paste viscosity high,1852,11.7875,0,No Defect
0.041171381786351394,100.75973488256102,174.92185022175565,38.26828169640111,26.72342709109603,,Ambient temperature high,1853,11.790625,0,No Defect
0.04260127135392984,104.17885483558521,196.68782322156488,37.84133081927047,25.527135747831842,,,1854,11.79375,0,No Defect
0.036753218421847214,96.1093421889992,219.50863227041384,38.117932669813506,24.004430861702854,,,1855,11.796875,0,No Defect
0.04198902233937382,102.03531290554412,181.64468534154753,40.24044075176327,25.74719259790135,,,1856,11.8,0,No Defect
0.035614133260232134,96.08188953631854,243.1043742960415,35.221839888043746,23.394101914753378,Paste volume per aperture low,,1857,11.803125,0,Open Circuit
0.038830495303696665,99.1761607430678,205.10167078740065,33.610398618769516,26.220980242365762,,Ambient temperature high,1858,11.80625,0,No Defect
0.03826963075871195,97.18370196856208,195.3145353278813,38.03862459907269,25.525774038390562,,,1859,11.809375,0,No Defect
0.04073268216587467,101.74168622741814,212.67454909924805,38.15627379028033,24.45168614010201,,,1860,11.8125,0,No Defect
0.04163037783031415,102.6162762226728,204.60110263102868,41.07207850285973,24.099147758764946,,,1861,11.815625,0,No Defect
0.04334559714665973,102.00255721735209,164.5798663759576,49.30208314011416,24.166857128110546,,,1862,11.81875,0,No Defect
0.03732748809580636,96.85786275011455,209.02950321311894,34.206109159928076,25.800668063795626,,,1863,11.821875,0,No Defect
0.039219206608435475,98.58953033096692,199.3438138337405,38.54540596168977,25.1468247440783,,,1864,11.825,0,No Defect
0.04062948316156601,99.487546022193,187.823578568237,46.238414642115416,23.61571256314383,,,1865,11.828125,0,No Defect
0.0424536392556806,101.94655764692575,172.460414335015,42.8321646320866,25.56616943564111,,,1866,11.83125,0,No Defect
0.039674173457030504,101.38736805718985,225.66222716654033,35.476731469823726,24.430724569584793,,,1867,11.834375,0,No Defect
0.03837444619535596,98.37236906955046,222.26407116478833,42.71700394931347,22.515320652059295,,,1868,11.8375,0,No Defect
0.0397186356332936,100.04561511297045,212.57768928293328,41.81580700277502,23.38369712081368,,,1869,11.840625,0,No Defect
0.040564897715324164,101.0851162059325,197.9736030211444,36.573203561617795,25.818354408371906,,,1870,11.84375,0,No Defect
0.040839278441845636,101.59384154275826,209.89885054921038,41.022190423085554,23.79270727273317,,,1871,11.846875,0,No Defect
0.042476705234104295,104.21296363729067,206.00600627929924,39.21649845887185,24.571222859419574,,,1872,11.85,0,No Defect
0.03738963154024037,96.86001453074299,222.27160543579566,43.091140743289145,22.40091784261934,,,1873,11.853125,0,No Defect
0.03738088210397801,97.20678214132724,215.27516778673458,35.831503698378754,24.951365948471786,,,1874,11.85625,0,No Defect
0.038215943228053606,95.41077073677316,184.6462041643732,46.49640871798295,23.726244039558587,,,1875,11.859375,0,No Defect
0.039996107208949576,98.49103171968483,173.46345978818292,37.75146425352494,26.981188797757017,,Ambient temperature high,1876,11.8625,0,No Defect
0.04063764398942955,99.48594917437309,191.93604537994213,49.213745082970554,22.503681485730215,,,1877,11.865625,0,No Defect
0.03979187539610893,101.6543241055723,226.9006257794397,35.200130495982094,24.446193778849505,,,1878,11.86875,0,No Defect
0.04122069181060296,101.936525792566,199.06386388576965,37.66875923171982,25.44641937778414,,,1879,11.871875,0,No Defect
0.04124402219671177,100.61423556935453,173.8829216766432,37.376058330794194,27.076590022772262,,Ambient temperature high,1880,11.875,0,No Defect
0.043140189808307,101.45858053935692,152.53902818441333,44.81861780029712,26.22972030128084,,Ambient temperature high,1881,11.878125,0,No Defect
0.03993922570078775,98.63713096128089,187.92312598869543,43.453711306265845,24.433217362027516,,,1882,11.88125,0,No Defect
0.038447185398653765,100.59195535313509,244.64673969905442,35.115196726734524,23.37580009431344,,,1883,11.884375,0,No Defect
0.04050813905849466,100.75374152468036,202.89785830632695,40.86275092439215,24.276072584767086,,,1884,11.8875,0,No Defect
0.04004018575099871,98.64289549427096,178.69441442171748,38.35973327159957,26.493218116444258,,Ambient temperature high,1885,11.890625,0,No Defect
0.04150060257944994,100.2947481524406,172.3014610386597,42.192860717553586,25.775834879423517,,,1886,11.89375,0,No Defect
0.03753038540150261,97.55777295209873,220.00948066477372,37.612037754002955,24.152525212540443,,,1887,11.896875,0,No Defect
0.03694191975316011,96.49138508124807,212.69105459045116,34.41072866656046,25.533737241033577,,,1888,11.9,0,No Defect
0.03697459041933626,95.80639569102523,205.35910990363342,36.56607067939725,25.356512533370037,,,1889,11.903125,0,No Defect
0.039698151475435976,100.11498994225222,205.74587897566474,36.99179438320967,25.229683706118383,,,1890,11.90625,0,No Defect
0.03872629991944944,99.6195980801079,223.71076780115743,37.97951585119014,23.830695418788185,,,1891,11.909375,0,No Defect
0.04066310480207693,100.48191137704447,193.68049831952888,40.86024345347867,24.849880288320207,,,1892,11.9125,0,No Defect
0.03782661217046744,99.56954695401379,230.2074908781974,27.50957713010514,26.48687733423546,,Ambient RH low; Ambient temperature high,1893,11.915625,0,No Defect
0.040717217197837746,102.64409357434833,210.88287452112442,30.577336420954172,26.800194935131728,,Ambient temperature high,1894,11.91875,0,No Defect
0.0400550005946762,100.27861188502236,214.1798389339509,44.28969109145056,22.589569373124178,,,1895,11.921875,0,No Defect
0.041015476983499013,100.31509573725684,175.97111339982064,38.33660779447236,26.678858862138455,,Ambient temperature high,1896,11.925,0,No Defect
0.042252773954840284,101.90746727909847,187.49209508577277,45.94517455997361,23.763866983137905,,,1897,11.928125,0,No Defect
0.04036412374764684,100.1712509645518,193.78687546402003,39.686006975914424,25.188484022316583,,,1898,11.93125,0,No Defect
0.03789641018286997,99.38429302845445,242.27161754525477,36.74027739028318,23.05645759193433,,,1899,11.934375,0,No Defect
0.03953427123792314,101.12478534376484,227.89999669122838,35.407945944773275,24.343301534284567,,,1900,11.9375,0,No Defect
0.041723158898022604,101.42761522980238,189.33109115888826,43.93474484059367,24.236859081316368,,,1901,11.940625,0,No Defect
0.03584115958790593,94.37381537869354,219.50381588818632,40.626607673365434,23.305376268316838,Paste volume per aperture low,Stencil thickness low,1902,11.94375,0,Open Circuit
0.03765751459640166,99.93113732270098,257.5914169720292,36.00194452116614,22.334423674897522,,Paste viscosity high,1903,11.946875,0,No Defect
0.04179080699769144,104.23754650668465,227.2677227658091,42.36220585405381,22.366060152977617,,,1904,11.95,0,No Defect
0.0385748276475343,96.88270605613391,192.55219462290862,42.99231362145038,24.291237806152463,,,1905,11.953125,0,No Defect
0.041407556211385005,102.87341500438686,201.66096556426476,33.11977097346654,26.63951704822558,,Ambient temperature high,1906,11.95625,0,No Defect
0.03918645477862006,98.00205889925877,198.3694386158563,42.668553068746895,24.038940391674206,,,1907,11.959375,0,No Defect
0.04057161570328745,99.67854893458865,190.40280188112447,43.78390666274085,24.212202615927296,,,1908,11.9625,0,No Defect
0.03978128749456858,100.51251025685207,218.0769589227135,39.53589554544312,23.749444835356922,,,1909,11.965625,0,No Defect
0.04062746813641955,100.57562909944853,199.95927669984388,41.915267235805665,24.172804406813622,,,1910,11.96875,0,No Defect
0.04349336857682005,101.42350645945331,152.19364301151776,49.18214561033444,25.00586349452594,,,1911,11.971875,0,No Defect
0.039448458074926744,98.25214008279494,193.5389622151187,44.8086929758278,23.710470902417317,,,1912,11.975,0,No Defect
0.04017981392580413,98.74337538541631,184.45334709741627,46.83623338363492,23.68077559512894,,,1913,11.978125,0,No Defect
0.039346045869510515,98.46405592921202,192.0407725764094,35.98059871980479,26.38974744232728,,Ambient temperature high,1914,11.98125,0,No Defect
0.03852931785152779,96.2773376613353,187.39553022025115,43.464107780142015,24.480695073357673,,,1915,11.984375,0,No Defect
0.042550606227260736,100.55850222205022,146.4527157575797,42.160418341724814,27.402165284374778,,Paste viscosity low; Ambient temperature high,1916,11.9875,0,No Defect
0.03726172278351225,97.64189054542652,231.4564841729908,35.211083320418986,24.18105395333325,,,1917,11.990625,0,No Defect
0.04152469434149855,100.9632548217091,190.70939483489153,47.607356596505724,23.08923441839897,,,1918,11.99375,0,No Defect
0.03921479395934698,97.79048499275716,188.56678937124022,42.17876832537847,24.788909707612692,,,1919,11.996875,0,No Defect
0.03617785207103149,97.67916787943892,252.4031703058023,32.618443889382554,23.642932253353187,,Paste viscosity high,1920,12.0,0,No Defect
0.04265182779894891,98.83705065715306,133.28631704290967,49.736891832314434,26.007114244032994,,Paste viscosity low; Ambient temperature high,1921,12.003125,0,No Defect
0.04022250578745762,100.8941736838434,206.4373888832783,34.89804568929408,25.834240835284856,,,1922,12.00625,0,No Defect
0.04070763646630043,101.87363103652582,205.31104226089718,35.885619743457525,25.61293156865706,,,1923,12.009375,0,No Defect
0.04063041475793373,99.80475688756275,187.37830839104942,43.61246704417621,24.45794777114002,,,1924,12.0125,0,No Defect
0.038817429021000834,98.89832515996937,227.00438258755986,44.40331532226195,21.78714591534048,,,1925,12.015625,0,No Defect
0.04348632485745086,103.19606130283454,170.1018739288532,42.413720297534304,25.895629886546764,,,1926,12.01875,0,No Defect
0.03755327085042395,97.29174373374606,226.37751390973872,41.24457682997267,22.73853502925421,,,1927,12.021875,0,No Defect
0.037041179719583456,97.36654243788047,230.57887804328095,36.618647202623,23.82624418516917,,,1928,12.025,0,No Defect
0.03949080156493861,99.98108570703059,212.5105841300267,38.43545377933428,24.423911587299518,,,1929,12.028125,0,No Defect
0.04195399468234044,102.67086951597554,198.34783509148022,42.82358086037531,24.02936320823708,,,1930,12.03125,0,No Defect
0.04226974205081046,102.89407235879693,182.17988020839834,36.98603322076319,26.728757255907972,,Ambient temperature high,1931,12.034375,0,No Defect
0.03990963425294326,100.10891397258426,203.5110596165343,38.41181128582186,24.988757800301986,,,1932,12.0375,0,No Defect
0.042216361704955324,101.89833311289408,178.8913649457955,40.511449634544796,25.907846823017962,,,1933,12.040625,0,No Defect
0.040325438310847624,100.66230878064876,198.0475332161981,34.38158042589064,26.509463589321772,,Ambient temperature high,1934,12.04375,0,No Defect
0.04258226085177814,101.07082597981793,172.21009400963962,50.61554240600928,23.37003959360391,,Ambient RH high,1935,12.046875,0,No Defect
0.039308537323292196,97.32988805665161,186.92970291989653,44.82220268848538,24.135398810172877,,,1936,12.05,0,No Defect
0.041725272972319635,99.09415624048965,144.40024302576734,42.14021118172771,27.545058974852456,,Paste viscosity low; Ambient temperature high,1937,12.053125,0,No Defect
0.04084310656805037,100.2749581158328,203.91721400963854,49.04523826392651,21.87338543157452,,,1938,12.05625,0,No Defect
0.038613788599719326,98.60107633957158,216.45012524174786,41.415324597315035,23.311418528000768,,,1939,12.059375,0,No Defect
0.03957213645373508,99.97935174709214,214.72168797834942,40.152278748347314,23.797360451715235,,,1940,12.0625,0,No Defect
0.03859295642616192,100.44979218805753,244.1947244562803,35.8335224997926,23.24641437337331,,,1941,12.065625,0,No Defect
0.038179072596835485,98.88664294531083,217.77939517460112,31.98368102252528,25.985407656341994,,,1942,12.06875,0,No Defect
0.039884916553353404,100.04389150406766,198.85709183403372,36.71187146573447,25.778112436640505,,,1943,12.071875,0,No Defect
0.03943538391416819,99.56591734797779,209.08971497179357,39.10109531578782,24.451658852226547,,,1944,12.075,0,No Defect
0.03947898901575146,99.30108745649775,195.49579368898725,34.73316302541633,26.562664400874105,,Ambient temperature high,1945,12.078125,0,No Defect
0.0377781345000141,99.10650151198001,244.99143479394436,36.90429451594249,22.882216242638137,,,1946,12.08125,0,No Defect
0.03975026629311205,100.11362439794439,206.19608993093357,38.25313950136011,24.879411422776744,,,1947,12.084375,0,No Defect
0.03858393048462044,96.87978786066951,181.17194341221398,37.24014410635393,26.70312970711772,,Ambient temperature high,1948,12.0875,0,No Defect
0.041132234804452224,100.7928811985312,182.23088959664994,37.27641706047889,26.650765657657097,,Ambient temperature high,1949,12.090625,0,No Defect
0.039157077944415176,99.15862499836452,202.26262950893266,35.86108579360562,25.817879850681926,,,1950,12.09375,0,No Defect
0.04182056382299857,102.64251600598105,196.81075504945096,38.40704730251831,25.43225967559618,,,1951,12.096875,0,No Defect
0.037531157601524395,96.2250746702575,204.77608142770643,40.42743156124652,24.319461770462937,,,1952,12.1,0,No Defect
0.03947519097168657,100.50420481968517,220.79258957704002,38.05263699074319,24.04569291680277,,,1953,12.103125,0,No Defect
0.03317770778606722,93.36070726550265,247.76708618789698,27.143959016004022,25.528026713476812,Paste volume per aperture low,Stencil thickness low; Ambient RH low,1954,12.10625,0,Open Circuit
0.042760990739224916,103.09104658907313,187.20402199682977,43.54157317166586,24.531125172843563,,,1955,12.109375,0,No Defect
0.03920395523519741,100.41071201649635,218.04474994394783,33.419555157033685,25.567638877435524,,,1956,12.1125,0,No Defect
0.04035472274677648,100.41351610898809,211.0570388327328,43.08268558195948,23.190057172752457,,,1957,12.115625,0,No Defect
0.04143090443435506,101.67404704272509,196.2050565045125,40.14252777386924,24.96712487850439,,,1958,12.11875,0,No Defect
0.04216551933294518,101.90253032709789,185.04308626697267,43.534314250994846,24.666367048290788,,,1959,12.121875,0,No Defect
0.04162419110504396,102.0844102895334,210.8085012524245,46.24458128986298,22.29353847360619,,,1960,12.125,0,No Defect
0.0377188110305589,97.72807876330529,226.0318644380096,37.53397710320385,23.874440710199195,,,1961,12.128125,0,No Defect
0.03902040048519149,97.90668335138784,197.41401338406052,43.19311077739194,23.981501428424387,,,1962,12.13125,0,No Defect
0.04035740576302308,100.30751011854332,199.32369068123666,38.81853217776394,25.157904163995077,,,1963,12.134375,0,No Defect
0.040513437928969165,100.8286645837904,198.1018559669288,36.59241383295178,25.883156411341286,,,1964,12.1375,0,No Defect
0.03733167288396949,94.92864305371862,186.72661462583196,40.16419170641623,25.511339454689313,,Stencil thickness low,1965,12.140625,0,No Defect
0.03822797615715795,96.96343347936224,196.23311444517302,38.32410309014104,25.475350377891527,,,1966,12.14375,0,No Defect
0.04183431818295784,102.96813272384671,211.39497845474065,41.746355470104085,23.577560953172416,,,1967,12.146875,0,No Defect
0.03807480315945557,99.6132712140102,234.67966558048727,31.311874321875457,25.16647746998727,,,1968,12.15,0,No Defect
0.039584989660209624,99.73050983963762,209.41149173359088,38.62264808807968,24.594160294176007,,,1969,12.153125,0,No Defect
0.03888824067184356,98.47875241731501,209.88390477819536,40.464743789933884,24.022256553315252,,,1970,12.15625,0,No Defect
0.04102909750910525,99.70231756482775,174.74243364056403,42.84406490641162,25.498160188420076,,,1971,12.159375,0,No Defect
0.04105298954063105,101.4614968369013,203.641091712015,40.28474938977622,24.477503794176247,,,1972,12.1625,0,No Defect
0.0399482266804542,100.15900492096105,206.7740506938617,39.919796546773284,24.380394455923703,,,1973,12.165625,0,No Defect
0.040101939408271156,98.28948982310295,175.6301212813819,43.94468728056932,25.115359394422793,,,1974,12.16875,0,No Defect
0.03996361171188813,102.22734604457078,225.28097860591726,29.700484969621584,26.233333475425557,,Ambient RH low; Ambient temperature high,1975,12.171875,0,No Defect
0.040079940576187335,99.55136285558302,187.72786613675012,37.637082940495546,26.218028437980077,,Ambient temperature high,1976,12.175,0,No Defect
0.0380963288096271,97.70102174021545,209.84582577641916,37.5348625744391,24.876648890765054,,,1977,12.178125,0,No Defect
0.04217753182318762,103.15802383922029,197.4363524933586,38.73216750916234,25.32273239048323,,,1978,12.18125,0,No Defect
0.03864627573919241,97.85310941439359,200.75264449358804,40.72880822562405,24.50479148283611,,,1979,12.184375,0,No Defect
0.04162565957667053,101.89189688350636,187.34070790314806,37.45607451433452,26.31109823562418,,Ambient temperature high,1980,12.1875,0,No Defect
0.03781148061561089,98.42613557907119,242.07335122401622,44.1736393260664,20.961041601226043,,,1981,12.190625,0,No Defect
0.0403797600095826,101.42493659177299,209.7523629341805,36.732103929003365,25.137398660434773,,,1982,12.19375,0,No Defect
0.040504247047341284,102.00265697438404,216.0468510285256,35.35193433649493,25.158238412364966,,,1983,12.196875,0,No Defect
0.038209181506006475,98.28608179444761,206.92973650154462,33.501411818497274,26.23709731168072,,Ambient temperature high,1984,12.2,0,No Defect
0.039094002810873454,97.78443878295124,190.70334144695764,41.23838898719231,24.98263365370889,,,1985,12.203125,0,No Defect
0.03877284679390738,97.44717812650937,198.42231451348997,41.9164521858132,24.312771551891842,,,1986,12.20625,0,No Defect
0.040215248388734186,100.39949816605967,209.16277801864524,40.52203402656936,24.074556867527424,,,1987,12.209375,0,No Defect
0.03901303005297732,101.1406647887617,251.66042238259735,42.53937641508495,20.863030966528996,,Paste viscosity high,1988,12.2125,0,No Defect
0.0369003393156675,93.61861216487773,178.36702559153895,40.46572733358857,25.952330491114868,,Stencil thickness low,1989,12.215625,0,No Defect
0.041509387632585965,101.5796623454557,187.11185379846273,37.28453958736603,26.383853339357206,,Ambient temperature high,1990,12.21875,0,No Defect
0.04121239168891304,101.49643941493274,191.3605857055861,38.009448481992145,25.906244042561372,,,1991,12.221875,0,No Defect
0.03813777314447782,96.8868939959602,204.5033952270139,41.72505565609843,23.993865648121723,,,1992,12.225,0,No Defect
0.04087162200156869,100.00723397459632,184.77895781404595,42.260537011018286,25.069200183282778,,,1993,12.228125,0,No Defect
0.038412721048448485,99.0987691978055,229.56151645023337,39.693986489378894,23.051486052351326,,,1994,12.23125,0,No Defect
0.039057685322084576,101.01221675306682,231.05540170173617,30.756633417072706,25.57825916984904,,,1995,12.234375,0,No Defect
0.03922462122592574,98.3355475685554,200.23024925070897,42.29590293545093,24.09980562627219,,,1996,12.2375,0,No Defect
0.03931692510025867,98.59943224943157,187.666911066743,33.68932528352241,27.386880510015185,,Ambient temperature high,1997,12.240625,0,No Defect
0.04249352645905738,102.50850572497714,188.61254010630648,42.49845369138519,24.78489080321519,,,1998,12.24375,0,No Defect
0.042263027203926676,99.41914729893614,143.35074162642394,46.10297357961022,26.503055111197455,,Paste viscosity low; Ambient temperature high,1999,12.246875,0,No Defect
0.03881988348458637,98.1856669014061,199.85297922503653,37.80372033894673,25.434153715177104,,,2000,12.25,0,No Defect
0.03865891429537104,99.72866256157023,222.94218870648842,32.59056070035037,25.5413563655104,,,2001,12.253125,0,No Defect
0.0416035383871974,102.47617881398436,194.76472668359244,35.09908313878705,26.560713915356303,,Ambient temperature high,2002,12.25625,0,No Defect
0.040072254374171674,98.43198157048268,183.36850488705275,43.35805067811343,24.83806527393825,,,2003,12.259375,0,No Defect
0.042686966960209675,103.23442681019583,198.72860963891506,45.61244014628575,23.257694946344895,,,2004,12.2625,0,No Defect
0.0425702220625879,102.64871151739419,183.32782791611157,39.44426808675813,26.006658216446212,,Ambient temperature high,2005,12.265625,0,No Defect
0.0414321928463301,102.42387076893742,208.94372262988387,40.04780263393247,24.24826373717071,,,2006,12.26875,0,No Defect
0.03913866462099432,98.49883484499443,199.21850289544167,39.61332464155381,24.951250785683232,,,2007,12.271875,0,No Defect
0.04021485627622171,99.68796671541884,192.96033681432948,40.162482954636296,25.18526324199316,,,2008,12.275,0,No Defect
0.04020906323650189,100.55240100109651,207.6537631967457,40.251806378544394,24.25786748858754,,,2009,12.278125,0,No Defect
0.03691811233843469,97.50451746263892,230.36892799951386,31.62203553107285,25.36168722501634,,,2010,12.28125,0,No Defect
0.040754065715838735,100.21634705749516,180.00895448445903,36.921598356415394,26.931214248733504,,Ambient temperature high,2011,12.284375,0,No Defect
0.040243193479596255,100.30642392452165,207.82426780418416,44.43523130128589,23.025604313802297,,,2012,12.2875,0,No Defect
0.03990873139998748,99.29916742233547,198.49721746519828,42.16504610734989,24.26203357740504,,,2013,12.290625,0,No Defect
0.0392331319152795,97.52637085029663,192.22203281014185,45.51731259760564,23.663166083181665,,,2014,12.29375,0,No Defect
0.039460123136531515,98.35212977354188,185.8606347268213,38.26527952502262,26.17288324732796,,Ambient temperature high,2015,12.296875,0,No Defect
0.043215408640765805,101.25561945735976,154.3568206282915,49.6081045798768,24.822130776404574,,,2016,12.3,0,No Defect
0.04030555204059832,98.78850198463479,172.11124874091445,39.58000666927257,26.63962503256821,,Ambient temperature high,2017,12.303125,0,No Defect
0.03923670133564559,97.49642931303066,170.5458939564455,33.514797127096735,28.502291874585065,,Ambient temperature high,2018,12.30625,0,No Defect
0.04278138010790158,103.40390500230963,192.71950883845517,41.816042964369295,24.746880506470337,,,2019,12.309375,0,No Defect
0.04244486489007726,102.44998421039901,172.09414269133424,35.09044714658239,27.973705586307467,,Ambient temperature high,2020,12.3125,0,No Defect
0.03904987444995561,99.52795059784032,216.4323261640161,37.087253266849906,24.64361294227057,,,2021,12.315625,0,No Defect
0.03878863431435931,100.96414689757921,237.84991240170126,31.96810225626663,24.82243445739991,,,2022,12.31875,0,No Defect
0.04021466483263317,100.53588219594218,208.8841471407254,39.51143797056804,24.411261418522507,,,2023,12.321875,0,No Defect
0.044353805915698236,103.46056072508325,162.88622901571037,46.28050516922377,25.292426305233157,Paste volume per aperture high,,2024,12.325,0,Solder Bridging
0.03977876011847531,100.13497616956704,193.21117511805772,30.558897382302252,27.981450246904853,,Ambient temperature high,2025,12.328125,0,No Defect
0.04056413957734034,98.94944554096695,172.20762659122917,40.38512533195589,26.409505594957906,,Ambient temperature high,2026,12.33125,0,No Defect
0.039172895486104226,97.35276087244772,173.92561019881492,37.83205173508283,27.035899515240516,,Ambient temperature high,2027,12.334375,0,No Defect
0.039689217532605556,100.40800009634067,211.81758280775162,34.899984885281995,25.576816519531963,,,2028,12.3375,0,No Defect
0.04194443981369234,100.15266309757307,163.78422248052206,42.65144287901912,26.281152447877076,,Ambient temperature high,2029,12.340625,0,No Defect
0.04005949274373717,98.67813502689907,181.6790574794795,39.20981337896625,26.173044024611062,,Ambient temperature high,2030,12.34375,0,No Defect
0.04183618554773383,100.1366419337743,162.959542294701,43.57746253031839,26.056694582172355,,Ambient temperature high,2031,12.346875,0,No Defect
0.03740287156427912,96.91561783394576,218.39904574472212,38.27021577436958,24.17221151538253,,,2032,12.35,0,No Defect
0.040871553704285093,102.5851939205811,220.89457890183948,36.20898083900069,24.651362215812686,,,2033,12.353125,0,No Defect
0.04307843752962811,103.99494058346677,196.71167235662173,43.44462796609852,24.037626468543905,,,2034,12.35625,0,No Defect
0.03965114340292973,99.27862863568218,204.65282576891585,43.252607999548914,23.577224905352416,,,2035,12.359375,0,No Defect
0.03753124255100432,97.55256509117108,227.14477169071748,39.62626898397078,23.24204347869941,,,2036,12.3625,0,No Defect
0.04506855581734262,103.12695049671242,132.52381557595982,45.933904438920905,27.266151666143816,Paste volume per aperture high,Paste viscosity low; Ambient temperature high,2037,12.365625,0,Solder Bridging
0.038545593194642486,97.92525546707884,212.95184193586874,42.277434368739044,23.349657925350648,,,2038,12.36875,0,No Defect
0.04098381416860603,101.06416460648589,203.72007959626686,45.026580819916866,23.13049536454836,,,2039,12.371875,0,No Defect
0.0405074153001282,100.5107170308099,202.95323379144142,41.552326728649874,24.191406837466637,,,2040,12.375,0,No Defect
0.04208131230004695,103.78229413302522,201.6797835322972,33.91802340403697,26.511231450609984,,Ambient temperature high,2041,12.378125,0,No Defect
0.03945912245602986,99.70671045999458,215.30542787145288,40.246346908873335,23.808371586616097,,,2042,12.38125,0,No Defect
0.038321481101338734,99.21320527564104,211.57541485772992,29.00942628905881,27.30562413290179,,Ambient RH low; Ambient temperature high,2043,12.384375,0,No Defect
0.04228924568049425,101.74927914303959,166.49083554888043,37.37254892033003,27.6638605437387,,Ambient temperature high,2044,12.3875,0,No Defect
0.041608383124900415,100.46193778489464,176.70827850909313,43.11561691924665,25.358340392490543,,,2045,12.390625,0,No Defect
0.041661722310911906,99.81622545534071,160.83761412393383,40.91950491116783,26.975211770413733,,Ambient temperature high,2046,12.39375,0,No Defect
0.04025466067182566,101.48751787503015,217.39398654538078,34.96879087449667,25.233711497161746,,,2047,12.396875,0,No Defect
0.0429319674724222,101.80349170959039,163.50977289551443,44.092048691931325,25.89295133103996,,,2048,12.4,0,No Defect
0.03909584432556204,97.07223046880367,187.256818212334,45.24928584450908,24.068038552470117,,,2049,12.403125,0,No Defect
0.03902923007662797,100.04143157943977,228.10699968147136,37.04929881729587,23.959839327082495,,,2050,12.40625,0,No Defect
0.03764895391095255,98.25806112038717,228.23040080425864,34.32184754845324,24.73724688486567,,,2051,12.409375,0,No Defect
0.04007010781298743,100.95012481244825,218.8784658540946,39.37826026452087,23.85425728570813,,,2052,12.4125,0,No Defect
0.040697008584109975,99.85103470289549,186.44968801276,41.317311461777194,25.28290182173106,,,2053,12.415625,0,No Defect
0.03936163181569254,98.56239380226522,210.08831404784647,47.319903966196314,22.068395921250925,,,2054,12.41875,0,No Defect
0.04099304661628548,100.85618594545421,196.99494886093885,42.14235438715152,24.398305211257057,,,2055,12.421875,0,No Defect
0.04060114288064291,100.22793559927308,200.79062076998198,44.23700698475306,23.551396208714973,,,2056,12.425,0,No Defect
0.040546184432620314,100.13086004759623,194.28068135204285,40.17947383494462,25.137172756821872,,,2057,12.428125,0,No Defect
0.038263170881158236,96.15317229873357,183.18171514368225,38.77860759498836,26.208274745298556,,Ambient temperature high,2058,12.43125,0,No Defect
0.03952812963703405,96.15888414250924,171.78302718439016,51.52507289855563,23.1946288737188,,Ambient RH high,2059,12.434375,0,No Defect
0.04331772841339696,101.74495369548075,169.3540369779696,50.72334801361875,23.613350522014432,,Ambient RH high,2060,12.4375,0,No Defect
0.03778439478187,97.50745922682182,219.3831108746045,38.472584403697375,24.075307943950683,,,2061,12.440625,0,No Defect
0.04017221738335476,99.19239098644098,186.00145926350413,40.78743349070691,25.46450011881732,,,2062,12.44375,0,No Defect
0.041592174729127566,102.88841288918735,199.21428485386275,34.97213402711587,26.362755766039527,,Ambient temperature high,2063,12.446875,0,No Defect
0.04043831409026153,100.92007804934065,213.63488656549367,41.744289127861215,23.496306490837906,,,2064,12.45,0,No Defect
0.03771419216720613,97.59504083703403,222.78703378590154,39.20941467967376,23.651909552441545,,,2065,12.453125,0,No Defect
0.038652374431943484,97.65581868813959,212.49167338341493,45.38095958382893,22.491656213340427,,,2066,12.45625,0,No Defect
0.03988344838451184,98.50815260767256,196.41976587001142,46.226503940344685,23.241963197360054,,,2067,12.459375,0,No Defect
0.0392160203734742,96.2999016175659,166.6503534247343,41.14489137099354,26.547460482457414,,Ambient temperature high,2068,12.4625,0,No Defect
0.0388287200620576,99.68290420037728,233.11288412259128,41.5529884059705,22.345361588877772,,,2069,12.465625,0,No Defect
0.0402454426551065,97.94911431061212,170.4594474786055,42.75383055714814,25.853444888642887,,,2070,12.46875,0,No Defect
0.0444748285405799,104.81852255241282,162.7094569840811,37.290509599487144,27.956696913294724,Paste volume per aperture high,Ambient temperature high,2071,12.471875,0,Solder Bridging
0.04015194213847412,98.8901384766171,187.49205532784325,41.30297436579169,25.23368218497339,,,2072,12.475,0,No Defect
0.04112324595641951,99.4883128880477,176.94117942003234,43.84319324389533,25.148034537751254,,,2073,12.478125,0,No Defect
0.03865330019267664,98.05194809309921,208.27593982012763,39.39601501195371,24.503258309333177,,,2074,12.48125,0,No Defect
0.04100072696566548,101.94311784857024,214.23875756443877,40.830284574698325,23.7373334030778,,,2075,12.484375,0,No Defect
0.044085841320881204,105.012073827175,180.17059756945451,39.466127091728744,26.249675883278744,Paste volume per aperture high,Stencil thickness high; Ambient temperature high,2076,12.4875,0,Solder Bridging
0.039764611046516414,97.84711341931748,177.5824478365028,43.79592828396917,25.106704530434758,,,2077,12.490625,0,No Defect
0.03566708393120529,96.94273841833987,260.8936327386404,34.90990318194216,22.563652943345307,Paste volume per aperture low,Paste viscosity high,2078,12.49375,0,Open Circuit
0.03850523348753123,97.57710875223029,212.2538580653978,43.72056171434961,22.998266432744256,,,2079,12.496875,0,No Defect
0.0398898957127795,99.47142225325139,206.83786680160807,43.696969458856046,23.34834546427013,,,2080,12.5,0,No Defect
0.041817682527373855,101.65769595504443,183.7664878834459,40.83073239003922,25.613364720872205,,,2081,12.503125,0,No Defect
0.04000508917968969,99.9193313963592,196.49261433870046,35.70673759170591,26.318570704407524,,Ambient temperature high,2082,12.50625,0,No Defect
0.039661418385246554,101.00326990709762,226.31160641042993,38.03365773766399,23.8050769735735,,,2083,12.509375,0,No Defect
0.04183721910974149,102.03540083712818,193.2012414578655,41.052616235783596,24.974699056509106,,,2084,12.5125,0,No Defect
0.040881686454404854,100.50793469913107,189.53343903640194,40.888500715519285,25.237924136573735,,,2085,12.515625,0,No Defect
0.039265146269395125,100.2847716324523,225.6009520249957,37.44276204756261,24.021961185490763,,,2086,12.51875,0,No Defect
0.04031205787877224,98.00956616472475,168.77380590762988,45.09742600133368,25.278146082694303,,,2087,12.521875,0,No Defect
0.03944637405901783,98.41575488323632,194.1070296530446,39.81667711905465,25.264629790673997,,,2088,12.525,0,No Defect
0.040343190309509336,101.02768579800674,204.55078390057372,34.84008503060444,26.083891603900966,,Ambient temperature high,2089,12.528125,0,No Defect
0.0407925138098075,99.43101884857937,185.68611154344816,47.07183995690973,23.671228534080253,,,2090,12.53125,0,No Defect
0.03914621708289935,98.12535660573533,213.3158639259433,47.81193339755481,21.751829143370923,,,2091,12.534375,0,No Defect
0.037796927125280336,96.17819609154776,194.98251779114472,37.013575505603654,26.019033606115435,,Ambient temperature high,2092,12.5375,0,No Defect
0.03876721096684688,97.36938861847278,202.02824914147467,45.65781665265224,23.067217908634486,,,2093,12.540625,0,No Defect
0.04091139959348027,100.70214947033972,191.68121581960344,38.152969476691496,25.91527399622273,,,2094,12.54375,0,No Defect
0.03795868626976471,96.33132149311294,205.02882210376188,45.99067940007164,22.779193486175245,,,2095,12.546875,0,No Defect
0.04192447826099224,101.27094418319058,172.87763399547086,39.47810159310599,26.687404161305185,,Ambient temperature high,2096,12.55,0,No Defect
0.040124654238669115,99.47533059039765,200.7225943213786,42.48151840455005,24.092888131574604,,,2097,12.553125,0,No Defect
0.038246584557746495,98.02419726196975,208.03811682356277,33.74919389032923,26.17797533794465,,Ambient temperature high,2098,12.55625,0,No Defect
0.03954671984435183,97.27074088963893,177.76478276881062,45.04404831391796,24.74435243574858,,,2099,12.559375,0,No Defect
0.04268084401662209,104.08491420220972,208.03431049655,41.996253547221706,23.805797508904636,,,2100,12.5625,0,No Defect
0.04132848891131076,100.47986374229541,171.4529729031814,37.40782453412079,27.377617427328055,,Ambient temperature high,2101,12.565625,0,No Defect
0.03832653268694883,97.98950764928587,212.06339108887335,36.17524988286,25.22770315233371,,,2102,12.56875,0,No Defect
0.04168042184964283,99.86822016575738,175.27410641717006,46.732398599050455,24.43033739041268,,,2103,12.571875,0,No Defect
0.03928468828961846,99.13505771374842,196.3025900350378,33.07111660572856,27.106111685139897,,Ambient temperature high,2104,12.575,0,No Defect
0.03985013690234914,98.77435735983717,185.37722692806017,39.77081523271278,25.82294207794721,,,2105,12.578125,0,No Defect
0.0426798547490333,101.64977507136452,167.7942242763924,43.992122202163785,25.69314743090936,,,2106,12.58125,0,No Defect
0.03788940416510316,98.97960101035608,228.05319635339612,29.1611854276919,26.29476203267723,,Ambient RH low; Ambient temperature high,2107,12.584375,0,No Defect
0.03757571112667277,97.4729745151256,221.98894811321014,33.70305275255747,25.341401834820616,,,2108,12.5875,0,No Defect
0.040779932190572195,100.8971069987564,205.91875807149665,42.217133694144046,23.862353591001234,,,2109,12.590625,0,No Defect
0.038801039151458376,96.61471396664234,176.21379449195584,36.64083564819478,27.29926086035841,,Ambient temperature high,2110,12.59375,0,No Defect
0.03736567856530812,97.37737672218402,223.09401871991662,35.44461857495053,24.759004414403684,,,2111,12.596875,0,No Defect
0.03923743641090842,99.68798937640145,216.76682366644474,37.518090199601225,24.557497347827823,,,2112,12.6,0,No Defect
0.03749305171868854,98.82751999836194,245.69895420139804,35.31300260113577,23.414045162259157,,,2113,12.603125,0,No Defect
0.03678555312527408,95.7558481783758,207.64819501290796,34.6136085372089,25.944838426057053,,,2114,12.60625,0,No Defect
0.04075323490782699,100.15868165394888,188.06802763268686,40.33629513346871,25.50768882490441,,,2115,12.609375,0,No Defect
0.038106520360701765,101.41141363955512,260.64726563464717,26.62681303188519,25.043345866978715,,Paste viscosity high; Ambient RH low,2116,12.6125,0,No Defect
0.03779580580018149,98.52190749987723,233.1917950325855,36.8709236079689,23.72910160805413,,,2117,12.615625,0,No Defect
0.039514121738425265,98.67624752141606,196.6374732870952,41.15536371457028,24.733812908049593,,,2118,12.61875,0,No Defect
0.04086985408034344,101.16656307043846,207.67998327293097,42.68962452153384,23.621383652729406,,,2119,12.621875,0,No Defect
0.04206770932156159,100.84301814981822,167.38356092106795,40.02586482656834,26.884054614332296,,Ambient temperature high,2120,12.625,0,No Defect
0.036775774468511345,97.0232077911632,231.8317601237446,36.24508918779248,23.987630191051124,,,2121,12.628125,0,No Defect
0.03964636532057591,100.75316080604703,230.96811906871827,40.08375137180202,22.947891792783928,,,2122,12.63125,0,No Defect
0.04051208754085185,100.64060950828299,201.09247263864557,40.344704625410905,24.706989436677468,,,2123,12.634375,0,No Defect
0.039267521584328446,99.4924531569263,216.24456692750627,41.016752508370075,23.571955475086124,,,2124,12.6375,0,No Defect
0.0395033529772278,100.8390802613588,222.24541899268252,35.07832866703632,24.940708155314084,,,2125,12.640625,0,No Defect
0.0421131713208361,101.88847074380845,183.84819787181954,39.271676766014295,26.098955591492874,,Ambient temperature high,2126,12.64375,0,No Defect
0.03806028520213087,96.66293231383241,193.34484807111215,35.745788352008134,26.51136084816762,,Ambient temperature high,2127,12.646875,0,No Defect
0.04047590212802355,99.32804203918275,192.4205233337277,45.03338236454893,23.876359243165187,,,2128,12.65,0,No Defect
0.040393593685971015,102.59116971847864,233.67820864099872,35.98918425793383,23.986037923039614,,,2129,12.653125,0,No Defect
0.03961837271237399,99.5591781827015,204.63173734375093,35.833436485133774,25.810474597010884,,,2130,12.65625,0,No Defect
0.042529901534777356,104.03354424597919,200.67255904974056,37.27983309951451,25.649428113185756,,,2131,12.659375,0,No Defect
0.04244254931214639,102.3937438271094,191.71790606183734,42.91118347957042,24.560398752808318,,,2132,12.6625,0,No Defect
0.039986652380796066,100.72957936490153,220.74837275200127,40.63201686350319,23.421876625513963,,,2133,12.665625,0,No Defect
0.041356137785969596,100.90717048549527,183.31011519513189,37.949403767136104,26.51495288020221,,Ambient temperature high,2134,12.66875,0,No Defect
0.039112442590913704,100.18097461680895,227.22634632747676,36.09537485254523,24.344293786497285,,,2135,12.671875,0,No Defect
0.03855206036856609,98.30510164692656,211.5135341522969,38.52823820888633,24.590902944295788,,,2136,12.675,0,No Defect
0.03852123773977901,96.01074002200141,180.7180809307325,43.203667643512134,25.114296887399945,,,2137,12.678125,0,No Defect
0.03911175942488398,99.87585126123417,228.65615811018438,39.88600021795772,23.150777873255745,,,2138,12.68125,0,No Defect
0.03812683609329269,99.55101576381225,251.67710680820693,41.463124166909644,21.2697208125931,,Paste viscosity high,2139,12.684375,0,No Defect
0.03902906135824187,99.45328996514866,215.53219110870828,37.59289133591771,24.62230436054514,,,2140,12.6875,0,No Defect
0.038771216092437236,98.43684072651595,204.3419122495176,35.646515173320154,25.878688467884338,,,2141,12.690625,0,No Defect
0.0420432816053509,104.42621382841865,213.0045528247025,30.27638917539587,26.945619504010526,,Ambient temperature high,2142,12.69375,0,No Defect
0.037358995784441386,97.04135459056126,225.3900296740769,40.96442928328325,23.02136065408953,,,2143,12.696875,0,No Defect
0.03966404209105687,96.70219139388888,167.85333818537177,44.8530108156751,25.437574980637773,,,2144,12.7,0,No Defect
0.03876771554439615,97.81943622954789,192.5346822022173,32.58170525806763,27.50457875839075,,Ambient temperature high,2145,12.703125,0,No Defect
0.037268707707354486,97.32723876480632,223.37540488820255,33.90156194538691,25.212196767092276,,,2146,12.70625,0,No Defect
0.03437754829529221,95.96524484590739,262.88641380962395,26.384104033601837,24.960261735755868,Paste volume per aperture low,Paste viscosity high; Ambient RH low,2147,12.709375,0,Open Circuit
0.0416904936745821,101.49310123441809,184.65559494370206,38.566340856614865,26.261479507024035,,Ambient temperature high,2148,12.7125,0,No Defect
0.039873083123841496,99.25099921284342,191.95277472042574,35.24730484848328,26.772269882701647,,Ambient temperature high,2149,12.715625,0,No Defect
0.04056612135557739,101.61505006397975,201.22383397235498,29.72390477717739,27.820124076542694,,Ambient RH low; Ambient temperature high,2150,12.71875,0,No Defect
0.03999394570553858,99.41771397039096,196.740727391163,40.482883427609686,24.947023371182674,,,2151,12.721875,0,No Defect
0.04162476684663516,101.80191462004927,193.38437636612923,41.637457316786104,24.82662537512419,,,2152,12.725,0,No Defect
0.04162259950792295,97.29346207089752,144.30703786329514,55.22069140464117,23.87434575241558,,Paste viscosity low; Ambient RH high,2153,12.728125,0,No Defect
0.04215234155303707,103.82150967343782,216.95428750443438,42.59699688190357,23.10678194163527,,,2154,12.73125,0,No Defect
0.0403766570494478,97.93361810164781,167.56465569215064,43.982169721326876,25.720341790350457,,,2155,12.734375,0,No Defect
0.03783183524108603,95.31196539254628,183.084481472579,40.491617706175894,25.766538298809238,,,2156,12.7375,0,No Defect
0.04159420041145434,102.58072170572193,206.07990138946516,36.7589851509897,25.482211927217698,,,2157,12.740625,0,No Defect
0.03954992700410127,98.50743576943961,194.98341254447274,41.4591403265964,24.769954992361022,,,2158,12.74375,0,No Defect
0.03951626176231668,96.6368619706122,167.14524748721485,42.93488953853556,26.047820501034856,,Ambient temperature high,2159,12.746875,0,No Defect
0.039012402923657694,99.28575816856633,218.27983154796505,38.51239604992815,24.19891326660885,,,2160,12.75,0,No Defect
0.03885058855240716,97.70338654221135,198.48125647650042,39.39734269488046,25.1557748614929,,,2161,12.753125,0,No Defect
0.038759533450696076,98.65740716971797,212.74229701159567,37.99355055646215,24.688626866974367,,,2162,12.75625,0,No Defect
0.03941021841648321,99.1367965220927,207.39410040710857,39.69990198503403,24.52481958750883,,,2163,12.759375,0,No Defect
0.03827679575433545,97.79370351939188,202.18681914221432,33.957969001604646,26.510802413714202,,Ambient temperature high,2164,12.7625,0,No Defect
0.039515930611379854,98.62957672277223,198.83673691803645,40.60176261174451,24.789608746323026,,,2165,12.765625,0,No Defect
0.04249740764502975,102.46591309384017,182.68001730209045,40.06856695962314,25.95981017721609,,,2166,12.76875,0,No Defect
0.03959097404268701,98.28859179539204,186.72591801958583,38.59885287425939,26.118669892777028,,Ambient temperature high,2167,12.771875,0,No Defect
0.03777428844780262,95.90396318892223,191.9035734015148,38.608818098598825,25.78152698827445,,,2168,12.775,0,No Defect
0.03963968042834275,100.89248569083118,233.07998035553757,39.90510190945732,22.895100003102172,,,2169,12.778125,0,No Defect
0.03849648281150572,98.9952569456403,222.30182180380638,35.47911732819662,24.8397000408454,,,2170,12.78125,0,No Defect
0.0386613071556485,98.67257806597667,207.64166741453823,34.91724934751826,25.901451120999898,,,2171,12.784375,0,No Defect
0.039739735857662085,97.5869696549457,178.34122331543557,42.70567143227261,25.437437552329218,,,2172,12.7875,0,No Defect
0.042559766345703076,102.38177177739679,178.8858080710422,39.16322766122619,26.461961027248208,,Ambient temperature high,2173,12.790625,0,No Defect
0.042258837588993015,102.21597593674902,192.14320262996475,44.586437609123365,24.06085387512059,,,2174,12.79375,0,No Defect
0.03660904726633623,97.07017760354816,243.44350936505174,35.88506656211244,23.414224095724038,,,2175,12.796875,0,No Defect
0.03852022023521965,97.15767135194403,195.37498421525717,39.057923133429846,25.448383123793366,,,2176,12.8,0,No Defect
0.041880751526755605,100.37363588230129,165.8211777839214,43.26082622996596,26.05906293618893,,Ambient temperature high,2177,12.803125,0,No Defect
0.04014412811779175,100.34788730526934,207.06432403557378,39.48165830653599,24.621054064867185,,,2178,12.80625,0,No Defect
0.040467536634114495,98.080969117318,165.61902634709878,41.51681749305622,26.57492896564853,,Ambient temperature high,2179,12.809375,0,No Defect
0.03838850097932218,97.27682190093981,193.4409851643004,35.67111732230195,26.555817648771384,,Ambient temperature high,2180,12.8125,0,No Defect
0.037034105690547665,95.5287220308297,209.7838807505321,39.202016609398505,24.515063257805895,,,2181,12.815625,0,No Defect
0.0398702597881594,99.90079699437709,198.17481902563432,35.312080261566784,26.383095563768812,,Ambient temperature high,2182,12.81875,0,No Defect
0.03996881760392714,99.50365416363258,196.36145601670947,37.25765339958961,25.93140774460271,,,2183,12.821875,0,No Defect
0.04282696247230192,100.62880077653702,165.08903005326806,51.41053616819796,23.73990962893417,,Ambient RH high,2184,12.825,0,No Defect
0.03810986685913868,96.68303206472625,197.59703206723333,37.11782898795208,25.882640931923827,,,2185,12.828125,0,No Defect
0.03929207088224243,101.28588123859174,230.75869452645748,31.09237576429748,25.61470045496103,,,2186,12.83125,0,No Defect
0.03813837469991316,98.61252050972413,223.70919189546507,32.01562304434952,25.77497161859084,,,2187,12.834375,0,No Defect
0.03805728722001515,96.26659935285566,200.46751924813847,42.17434991897592,24.230051454572326,,,2188,12.8375,0,No Defect
0.04210486085059011,100.83741138013926,177.62620633411032,45.4820493997912,24.699279665144424,,,2189,12.840625,0,No Defect
0.038794729024746274,99.70840252539313,232.384773680409,38.94248969893234,23.221089274214773,,,2190,12.84375,0,No Defect
0.039736671970165546,96.49913273217444,165.44096221240414,46.30823412600962,25.18496775539379,,,2191,12.846875,0,No Defect
0.03482848199041436,92.75067491814491,212.1741381104518,35.579347506178486,25.411723642670296,Paste volume per aperture low,Stencil thickness low,2192,12.85,0,Open Circuit
0.039703927091552696,100.10416256921167,207.09785383462395,35.684181115194946,25.73112891546702,,,2193,12.853125,0,No Defect
0.04065668686236465,99.98890726210044,203.1209104352556,47.28399502066688,22.59755023131221,,,2194,12.85625,0,No Defect
0.04043188160440576,100.98285232905423,206.3637251169288,38.07956282509167,25.082619421933323,,,2195,12.859375,0,No Defect
0.03592569072527291,95.88638559346671,233.5632223707674,34.11369153639916,24.537766742330675,Paste volume per aperture low,,2196,12.8625,0,Open Circuit
0.040339448406398984,102.07972677543644,225.6642559309525,36.31975119748807,24.413824659672258,,,2197,12.865625,0,No Defect
0.039830684631085106,100.41319462382394,211.32945384448038,35.52974631492833,25.5225091030015,,,2198,12.86875,0,No Defect
0.04041988665850821,100.40927329258955,209.8281760645858,44.117471655686764,23.11024825162702,,,2199,12.871875,0,No Defect
0.03795077361006235,98.08051951658663,229.9595117606606,40.84444076165242,22.81172506554057,,,2200,12.875,0,No Defect
0.039631457218494925,98.58565466600577,190.02175774487023,38.50312829805096,25.960471574838905,,,2201,12.878125,0,No Defect
0.0403594776375498,99.75264589242401,194.18202481618172,39.40824103452477,25.449091894594535,,,2202,12.88125,0,No Defect
0.04013308906454794,99.46642102488606,191.3124193587675,36.76847783751634,26.395585556952838,,Ambient temperature high,2203,12.884375,0,No Defect
0.04096469179515073,98.40497323148897,168.81275469459064,48.61833389960681,24.318540816964134,,,2204,12.8875,0,No Defect
0.04277961932023383,102.62046980403473,174.07499305670757,38.71536153818719,26.90262877955001,,Ambient temperature high,2205,12.890625,0,No Defect
0.038950676338445775,99.25768699834047,207.7479700858654,33.52694440903374,26.320205274233054,,Ambient temperature high,2206,12.89375,0,No Defect
0.03828686777241645,97.69601041712296,213.6109593755798,39.87960792576946,24.10343887964091,,,2207,12.896875,0,No Defect
0.0391197509664067,97.1973787209582,185.30911744420564,42.52006610462588,25.073555518681477,,,2208,12.9,0,No Defect
0.041494792678633236,102.94875528205351,210.71313985430498,35.95062400044441,25.455365585675175,,,2209,12.903125,0,No Defect
0.042512169126475645,99.88258674480089,153.94606890843392,48.241792135520996,25.357600144342346,,,2210,12.90625,0,No Defect
0.03870424675736201,97.16199754781182,190.8338656409404,37.996138447677254,26.057130886120888,,Ambient temperature high,2211,12.909375,0,No Defect
0.037945518292444275,96.6857586802671,193.52626333410848,35.12444936883935,26.720902708079066,,Ambient temperature high,2212,12.9125,0,No Defect
0.03943111605710161,98.5935230274069,201.84583642561753,43.24039019034202,23.85289066859082,,,2213,12.915625,0,No Defect
0.0387867543703435,96.22450609973245,173.77787901739185,39.528288729185206,26.656543601337706,,Ambient temperature high,2214,12.91875,0,No Defect
0.04033911038579,99.16640284636097,181.17295513155062,37.21654966155885,26.893534186928523,,Ambient temperature high,2215,12.921875,0,No Defect
0.04154623032084369,103.35223372604247,222.12622523629082,38.404791520171294,24.04320433345549,,,2216,12.925,0,No Defect
0.039942484307120975,99.77778331338823,204.0604124859804,35.74622417895308,25.920829822520364,,,2217,12.928125,0,No Defect
0.0408540108562699,100.83020017644665,198.97489276183825,40.11485726513797,24.9580040655066,,,2218,12.93125,0,No Defect
0.04107242612805311,98.91115442635095,170.0203419365381,45.76498282719037,25.08594984861182,,,2219,12.934375,0,No Defect
0.040645056162213325,98.89505526365974,171.70821887551722,40.63383736727408,26.477955449785977,,Ambient temperature high,2220,12.9375,0,No Defect
0.03673901678993063,96.96459697127939,230.4875756295853,33.17193667518032,25.02110744027038,,,2221,12.940625,0,No Defect
0.038518768790977015,99.32228848433427,228.4131847555377,35.522642599838704,24.47729331167208,,,2222,12.94375,0,No Defect
0.04085089379162519,100.9665237819484,200.86607846790372,40.89095529602338,24.615508359484277,,,2223,12.946875,0,No Defect
0.04071898444699271,100.33004090270828,199.58225182889794,43.008944023967956,24.077254109700657,,,2224,12.95,0,No Defect
0.04156462119691745,99.77414074197172,163.5442386808573,40.252864852959696,27.10166349754103,,Ambient temperature high,2225,12.953125,0,No Defect
0.03725830106425584,97.31259185023063,229.90738118365243,38.4057464589242,23.532181546756327,,,2226,12.95625,0,No Defect
0.03766373486150959,95.94959391735098,193.46768767633785,35.6640259505101,26.575130248071712,,Ambient temperature high,2227,12.959375,0,No Defect
0.03797292929326849,99.42913544336976,233.04942520863884,31.592844939539923,25.334236461733624,,,2228,12.9625,0,No Defect
0.04156243169930731,100.19144690389858,178.08495487141778,43.02919757865171,25.40253791929265,,,2229,12.965625,0,No Defect
0.03987131711027804,98.87120595620804,186.21617843662847,34.28779041693719,27.44510099245387,,Ambient temperature high,2230,12.96875,0,No Defect
0.041935507336987365,100.94208470755159,177.23410803644637,43.45483005362572,25.329793268220644,,,2231,12.971875,0,No Defect
0.042304601356562395,100.5667718451255,153.478655418183,42.01586383341018,27.206205554485866,,Ambient temperature high,2232,12.975,0,No Defect
0.04032778029296645,98.20056964331086,181.08488717535454,46.38348648020584,24.228593189891868,,,2233,12.978125,0,No Defect
0.04155574628022261,101.52161177701281,186.82049277763886,36.92739728547451,26.64768353882605,,Ambient temperature high,2234,12.98125,0,No Defect
0.040887489685077244,100.75817079790255,203.66473958468376,42.69355526410589,23.926659114896115,,,2235,12.984375,0,No Defect
0.03412880238237945,93.0722187756364,241.15823892376307,36.44659517285723,23.396996227726998,Paste volume per aperture low,Stencil thickness low,2236,12.9875,0,Open Circuit
0.0381885845634598,99.02583203233229,234.74385965225417,38.042432797358344,23.354586483196222,,,2237,12.990625,0,No Defect
0.03972092672581166,98.88150572979016,195.44485451719717,38.832290407695645,25.550450174622927,,,2238,12.99375,0,No Defect
0.041477800482823395,98.50579576502214,166.10012492467732,52.45661215544355,23.38534837063761,,Ambient RH high,2239,12.996875,0,No Defect
0.041577270839092934,99.20591061834918,158.40946537473184,43.330961238497984,26.523370432834337,,Ambient temperature high,2240,13.0,0,No Defect
0.03991912776793665,100.02958589733072,204.90251305916257,37.5636991964472,25.340924390997245,,,2241,13.003125,0,No Defect
0.041731535172772935,101.14662547601317,189.64598309754984,44.85146708597106,24.164122198340852,,,2242,13.00625,0,No Defect
0.04193403790266544,102.89583762853276,204.05476715750868,39.705643057882355,24.784271116115256,,,2243,13.009375,0,No Defect
0.03839448571836039,97.56342113414726,206.915349183286,36.70193004310546,25.463150594948434,,,2244,13.0125,0,No Defect
0.03518674753392414,98.25077456417957,293.4528327872679,31.896129504124296,21.529737770117933,Paste volume per aperture low,Paste viscosity high,2245,13.015625,0,Open Circuit
0.0405269637267034,99.27589261838341,186.8283166325653,42.5027582372545,25.01625810239297,,,2246,13.01875,0,No Defect
0.04031561807084964,98.11824022411567,174.72271814549157,44.026273256300136,25.312050436422044,,,2247,13.021875,0,No Defect
0.0396246021854267,100.62583679347331,220.69792729084705,35.876466827739954,24.865795863011503,,,2248,13.025,0,No Defect
0.039861939835994765,99.65694446941683,204.2264271256119,40.47552935100288,24.533573774670792,,,2249,13.028125,0,No Defect
0.04223215872391807,101.61017566676777,176.00734469702084,40.97341805126646,26.13967997658248,,Ambient temperature high,2250,13.03125,0,No Defect
0.04107924693583117,97.02969270272298,143.80121927600027,47.658143365995564,26.157693968883912,,Paste viscosity low; Ambient temperature high,2251,13.034375,0,No Defect
0.03903773925730227,97.80140264527348,196.8705944182729,38.63085190257464,25.523952222078254,,,2252,13.0375,0,No Defect
0.04237627878180552,102.2530814462794,191.98000801230413,45.65631342297805,23.794523885198412,,,2253,13.040625,0,No Defect
0.04325276152981714,102.11007019497069,162.19594391188053,43.66949391633016,26.20936716493149,,Ambient temperature high,2254,13.04375,0,No Defect
0.041349144201927056,103.32342855919723,223.15237337060796,37.20608113023543,24.34331379134217,,,2255,13.046875,0,No Defect
0.04371399748721127,102.78141941398589,164.10551876921824,43.658932035046504,26.102475120721753,,Ambient temperature high,2256,13.05,0,No Defect
0.038731278712096195,97.55531204374887,191.9404851497889,34.89172603548433,26.915956672956842,,Ambient temperature high,2257,13.053125,0,No Defect
0.041279536517603826,101.9935229020756,213.89908617408767,44.76827145540183,22.700871461199487,,,2258,13.05625,0,No Defect
0.03786084502773401,96.31774735025932,199.1118103300124,37.907262763210426,25.588618567029265,,,2259,13.059375,0,No Defect
0.04038144742874967,99.93142081458993,193.28160281288257,35.58130090786291,26.650060564098112,,Ambient temperature high,2260,13.0625,0,No Defect
0.0390447006048046,98.22564448142965,195.90058878180005,35.591638673063336,26.472175310733988,,Ambient temperature high,2261,13.065625,0,No Defect
0.039781160430510346,97.88278232477815,177.5174885467127,38.399387118520366,26.78833014338778,,Ambient temperature high,2262,13.06875,0,No Defect
0.038492973818190335,99.1780560289531,229.863016857777,37.13794052759682,23.93316879055679,,,2263,13.071875,0,No Defect
0.040661844929041,101.06309547829136,208.04437492613968,41.3002119647264,24.070243519941958,,,2264,13.075,0,No Defect
0.04158905134794328,101.26182403909579,194.51112302232534,42.51271874626095,24.55981109811476,,,2265,13.078125,0,No Defect
0.04060765350241127,100.55195781822916,204.56408925973275,42.63177755044443,23.896566027976593,,,2266,13.08125,0,No Defect
0.03830511941618763,98.10242999477481,212.38453728621454,39.35533361405448,24.3499207398902,,,2267,13.084375,0,No Defect
0.039863757927165525,98.68711236841968,188.98911976606487,39.76043252079451,25.687312149685027,,,2268,13.0875,0,No Defect
0.03920565602205772,98.34451112870582,209.48135004710588,45.49702778472209,22.74793744020839,,,2269,13.090625,0,No Defect
0.0376671259415167,97.86486820355076,236.69907523591212,42.32019080504859,21.99398776196337,,,2270,13.09375,0,No Defect
0.04247404253269713,102.03583587027859,186.1178232976584,43.6979651734902,24.737760264500228,,,2271,13.096875,0,No Defect
0.04231247974172313,101.03439281393841,166.8307244367063,41.61014921971848,26.527391091837114,,Ambient temperature high,2272,13.1,0,No Defect
0.041129072802125105,100.02814182386324,194.08142546075698,46.051703180170236,23.55374730878493,,,2273,13.103125,0,No Defect
0.03866968575352147,95.81626631933615,179.8857352403974,43.52862193441443,25.139201064879014,,,2274,13.10625,0,No Defect
0.037075554828372555,96.55479688178663,227.96995526041167,40.39189503332459,23.091258542025532,,,2275,13.109375,0,No Defect
0.04083286708669675,100.2850880137936,184.41005306320997,35.0147362717108,27.36758737486732,,Ambient temperature high,2276,13.1125,0,No Defect
0.039720573221902644,100.31836527341041,221.77075111912498,40.50447630996164,23.460440606601665,,,2277,13.115625,0,No Defect
0.037598610048424935,97.62336916930103,228.6435745611692,35.01645335585178,24.63127211696634,,,2278,13.11875,0,No Defect
0.03879803829393664,98.43800458378117,206.21343991238206,35.8992860827551,25.753736490861524,,,2279,13.121875,0,No Defect
0.039723188830595405,98.27236497022359,185.53289163286982,38.32367527340295,26.324711725147555,,Ambient temperature high,2280,13.125,0,No Defect
0.040993327749963275,99.47025709733897,188.29754555767244,47.27511597352084,23.551022452023886,,,2281,13.128125,0,No Defect
0.03888313814568553,95.7206841259021,175.2244006144112,45.44719967573535,24.86860119707037,,,2282,13.13125,0,No Defect
0.03888295498772329,98.31930718543248,204.679515528364,36.949656825955195,25.544006048871093,,,2283,13.134375,0,No Defect
0.040320411913643155,100.59640328438157,206.89240056198147,37.69298959532399,25.20324503387341,,,2284,13.1375,0,No Defect
0.03935638952201462,94.5012314923968,142.7263700136872,45.91313024780123,26.731492272006193,,Stencil thickness low; Paste viscosity low; Ambient temperature high,2285,13.140625,0,No Defect
0.03953268435796724,99.4646683952619,196.21299814923415,31.97156549317544,27.522051350752506,,Ambient temperature high,2286,13.14375,0,No Defect
0.03789837876347547,97.1319492306093,220.45527094579876,42.41498146153372,22.973160665464576,,,2287,13.146875,0,No Defect
0.0399660304875971,98.51072433646127,184.33234862411516,40.6609281993021,25.71745108917807,,,2288,13.15,0,No Defect
0.04103150820164715,99.9991236972359,190.4530319330338,45.76398854830065,23.86012606738913,,,2289,13.153125,0,No Defect
0.03898844746629284,97.34631459166732,181.3963053315323,34.3909744552011,27.724012512675937,,Ambient temperature high,2290,13.15625,0,No Defect
0.04106013011230291,103.0350738861837,230.8724291533032,37.884548249774014,23.68591635720731,,,2291,13.159375,0,No Defect
0.04102347626792892,101.06614117203866,196.41160690201923,36.49340556786029,26.207467950005633,,Ambient temperature high,2292,13.1625,0,No Defect
0.039754496163356565,98.80051266017432,196.8166273830843,40.61306908219765,24.967385303213348,,,2293,13.165625,0,No Defect
0.04223840757867366,101.54506609048379,173.72084785214446,39.12501953634856,26.83828125786914,,Ambient temperature high,2294,13.16875,0,No Defect
0.042476609731247686,103.47318005741015,202.575709609736,38.566106881085666,25.236516861161366,,,2295,13.171875,0,No Defect
0.040026304125825765,99.93328837463416,203.41494022248685,37.473006382621534,25.483021531505315,,,2296,13.175,0,No Defect
0.03995931051841038,96.31658755287971,151.54630973454567,41.99992520836897,27.343134570007926,,Ambient temperature high,2297,13.178125,0,No Defect
0.03858452118173476,98.28663925862996,215.27226381920167,40.18258026402417,23.94987670045811,,,2298,13.18125,0,No Defect
0.03989998418541664,98.7445095910185,188.28698826234987,38.82472920338918,26.0158018148527,,Ambient temperature high,2299,13.184375,0,No Defect
0.04096293282734879,100.97517718997969,203.77607340684173,43.26865259952657,23.773963227334296,,,2300,13.1875,0,No Defect
0.040216828993383816,101.11473174941189,215.55860840409395,37.77615969107251,24.649057426227444,,,2301,13.190625,0,No Defect
0.041753953696415616,101.33811781326041,184.28103285710128,38.04920301432748,26.506417340826196,,Ambient temperature high,2302,13.19375,0,No Defect
0.04266639273402371,101.72205598542273,179.23474897052594,47.12244586122206,24.16990508146287,,,2303,13.196875,0,No Defect
0.04228953920043085,97.95257804428687,123.92536404868193,45.23320729581363,28.115171328093176,,Paste viscosity low; Ambient temperature high,2304,13.2,0,No Defect
0.040584867419576336,100.42223358384067,203.11859742066653,41.799960320714476,24.24323650905325,,,2305,13.203125,0,No Defect
0.03788120728058033,97.85730241888582,219.10549715942963,32.869562478870364,25.853233757633962,,,2306,13.20625,0,No Defect
0.04242652260448088,103.91494267690129,210.2440298315893,40.02052987219888,24.34090905718906,,,2307,13.209375,0,No Defect
0.03888437546668906,99.7904156128916,229.69213235377245,37.826554829463674,23.759859012883005,,,2308,13.2125,0,No Defect
0.04225459960505642,102.00052803883777,177.74817619056233,39.20074777131936,26.570652651629928,,Ambient temperature high,2309,13.215625,0,No Defect
0.042179463778033485,101.51491741197334,189.192900970698,47.537908557879085,23.43564979793495,,,2310,13.21875,0,No Defect
0.040884503445696545,100.88880366168382,188.3412768258053,33.99136990183281,27.43436039377176,,Ambient temperature high,2311,13.221875,0,No Defect
0.040297748481282494,98.25801157778054,170.31105993040416,41.599728866894104,26.31157749396479,,Ambient temperature high,2312,13.225,0,No Defect
0.039992794737100476,99.68499504520635,201.780086768455,39.45001925440098,25.009260400593345,,,2313,13.228125,0,No Defect
0.041728428009160566,100.84752063533568,179.89168464900828,41.33621610880027,25.81667525790484,,,2314,13.23125,0,No Defect
0.040571682360284834,99.31919674746057,189.10418497719002,44.86244538471416,24.210650374565247,,,2315,13.234375,0,No Defect
0.039772888061266054,99.82311786107782,207.154198742935,37.807271764765716,25.15861726526216,,,2316,13.2375,0,No Defect
0.041884134180088954,100.53958715028034,169.27429004931733,40.4507025753634,26.729347635686963,,Ambient temperature high,2317,13.240625,0,No Defect
0.04098184057087579,98.9112983140324,186.50474500575055,52.615352488079296,22.11114954261603,,Ambient RH high,2318,13.24375,0,No Defect
0.04150867283203613,98.81693417592109,175.33001379402498,52.75246800685814,22.76547923314582,,Ambient RH high,2319,13.246875,0,No Defect
0.03677194615477086,96.85187765107833,226.13655934876837,31.956983035333145,25.680174189945376,,,2320,13.25,0,No Defect
0.0381254630878491,96.51943327905468,201.390012865012,39.13010088815223,25.118596689291618,,,2321,13.253125,0,No Defect
0.04115364178422193,103.99180794928675,240.06694234839955,34.97040374106625,23.984191239038154,,,2322,13.25625,0,No Defect
0.04005494325333874,99.03993343642607,198.99905664037712,43.92744562606425,23.877461137006573,,,2323,13.259375,0,No Defect
0.039453082988819936,100.62327809557195,226.45338023802537,34.34595410901259,24.988618414518303,,,2324,13.2625,0,No Defect
0.036825787610900634,95.30189293851771,207.10814445962646,39.4478321624172,24.65711500052809,,,2325,13.265625,0,No Defect
0.042598412627150965,101.60393702996241,189.50184992470014,51.46762243718733,22.279953741890584,,Ambient RH high,2326,13.26875,0,No Defect
0.040312546991831025,99.68492180395546,195.21418633944174,39.46925430185305,25.415213245803578,,,2327,13.271875,0,No Defect
0.040638676363308264,100.03341422940822,203.92821672535425,41.8088209645175,24.207245648177437,,,2328,13.275,0,No Defect
0.04124837417804505,102.17988040464792,210.36862874168182,38.505891390167754,24.774032073523394,,,2329,13.278125,0,No Defect
0.04259360909060759,101.63444900914743,176.7534054847501,46.45048448544954,24.524433965761563,,,2330,13.28125,0,No Defect
0.03879985027400294,100.14644642699682,241.6256953738894,38.81496914169604,22.747019428895506,,,2331,13.284375,0,No Defect
0.03846623926835412,97.1272620405381,210.72298449274467,43.71224369982081,23.213290696642876,,,2332,13.2875,0,No Defect
0.0386890644841764,99.22053179877477,221.42874095704695,34.648504346123325,25.20310805829785,,,2333,13.290625,0,No Defect
0.03719384334846346,96.63496711432865,213.16877426357422,35.370755497376024,25.48209474101123,,,2334,13.29375,0,No Defect
0.03860824256586127,98.05961577356227,208.5597072891598,36.00057039992113,25.60008662933495,,,2335,13.296875,0,No Defect
0.038276939841405705,97.33143500594747,220.00767254641548,44.77393902567936,22.331956989846258,,,2336,13.3,0,No Defect
0.04088179190162054,101.76223612361751,195.6890843044119,29.355010719255404,28.346129849439222,,Ambient RH low; Ambient temperature high,2337,13.303125,0,No Defect
0.03900557092551687,100.7322366948754,247.709400497733,38.284603986412606,22.534763603407562,,,2338,13.30625,0,No Defect
0.03823701947718401,96.84103989627451,194.631835141199,36.45304305992988,26.316887602574667,,Ambient temperature high,2339,13.309375,0,No Defect
0.04105008229436792,101.29345713648158,192.88332128630623,36.4076848560074,26.457485529887858,,Ambient temperature high,2340,13.3125,0,No Defect
0.041303961514991716,99.73637362776162,180.62130599530857,46.60026594288132,24.237770561722698,,,2341,13.315625,0,No Defect
0.043481975099556,102.96022553898646,181.49852331115892,47.53993870452453,23.929323639739675,,,2342,13.31875,0,No Defect
0.03709302560041525,96.99944253272241,223.97067313516047,32.600840356510965,25.636867747813188,,,2343,13.321875,0,No Defect
0.03962818605818605,97.73894923667225,182.9230660208711,39.53209528979004,26.15291610637423,,Ambient temperature high,2344,13.325,0,No Defect
0.03878999158172296,98.90029958965233,226.8295929584182,40.780145923764,23.0873725534656,,,2345,13.328125,0,No Defect
0.038208355185283364,100.81910499462585,262.3928861913154,34.330674045659364,22.783585057868525,,Paste viscosity high,2346,13.33125,0,No Defect
0.03980172400954439,98.77513150679283,207.5532957451437,45.06474535504399,23.029387712003277,,,2347,13.334375,0,No Defect
0.039968104313382574,99.23093415020593,197.5031712837187,39.800896916802905,25.181268181691035,,,2348,13.3375,0,No Defect
0.04105921618937214,101.0205994587181,180.66440876896192,31.34481875252301,28.690313011308646,,Ambient temperature high,2349,13.340625,0,No Defect
0.041124154786307196,102.46217960539198,211.76459975778113,34.38342890307681,25.897992840496062,,,2350,13.34375,0,No Defect
0.042148805844358504,101.68507159645247,196.0939265136615,47.83411040686644,22.93989553817474,,,2351,13.346875,0,No Defect
0.040118633125647174,100.5982185791968,202.79555130235914,32.917435606882094,26.867722857137835,,Ambient temperature high,2352,13.35,0,No Defect
0.04126173233196096,100.42733631989948,180.7535537902751,38.77229435873344,26.52026044765439,,Ambient temperature high,2353,13.353125,0,No Defect
0.03665136126857647,97.01165697443466,241.68334347487144,36.70486041149837,23.34904257986351,,,2354,13.35625,0,No Defect
0.03884329961345339,96.38501205648838,183.10171670247266,41.75249086584665,25.48842670044191,,,2355,13.359375,0,No Defect
0.03986111711625958,98.47100370806989,178.9545745678182,35.36980549100624,27.61444495999415,,Ambient temperature high,2356,13.3625,0,No Defect
0.0404029091204223,98.95360566566578,192.25520414439066,47.37108602201411,23.29540355818635,,,2357,13.365625,0,No Defect
0.03730227586014843,98.67380564470288,256.615527772081,37.90146407478706,22.091252523339964,,Paste viscosity high,2358,13.36875,0,No Defect
0.03904046278873165,96.01020179251408,169.69081583910895,43.47498600579849,25.805966837100538,,,2359,13.371875,0,No Defect
0.039999167358162876,99.4477818934968,197.4442984612875,37.84393256132416,25.76040780527304,,,2360,13.375,0,No Defect
0.03902222223069532,96.56968598332587,183.66705057992337,44.47071640828127,24.66003404908841,,,2361,13.378125,0,No Defect
0.038591614414607615,96.36119475955151,186.8514693168928,42.64026334572003,24.99467568347347,,,2362,13.38125,0,No Defect
0.04122441679208935,101.78637798651032,209.01587514142864,40.49318763268732,24.28663485701537,,,2363,13.384375,0,No Defect
0.039050044737585554,96.60441103034749,186.72309384711025,46.20380201168254,23.967350212129148,,,2364,13.3875,0,No Defect
0.04142958091225814,103.02169561723629,218.78778617256688,36.3125405369688,24.9119381686197,,,2365,13.390625,0,No Defect
0.039042447643324645,97.63595390732776,199.0444123917259,39.91182680492296,25.055334905359626,,,2366,13.39375,0,No Defect
0.04003355293048453,99.40147731944315,201.47213321522204,43.35142229104291,23.902442454689602,,,2367,13.396875,0,No Defect
0.041040410193257756,99.16288317446815,179.6906698900288,45.338733364351015,24.672252353473223,,,2368,13.4,0,No Defect
0.03981067788097346,100.55395680080586,211.5469537652755,30.49993185281138,27.04423768020583,,Ambient temperature high,2369,13.403125,0,No Defect
0.04081492375609785,100.40739894574403,204.12255660947784,44.73950387513779,23.345098341900705,,,2370,13.40625,0,No Defect
0.035955360291147265,95.04021518644367,232.72375999550434,38.72836572555439,23.308868371253354,Paste volume per aperture low,,2371,13.409375,0,Open Circuit
0.04073287849220164,98.7995764741595,180.4219669543888,47.22971148613695,24.068914373768628,,,2372,13.4125,0,No Defect
0.03803620056088949,97.34107027449693,199.94966322642793,31.69881541686643,27.386287810312385,,Ambient temperature high,2373,13.415625,0,No Defect
0.042914460459808804,102.05022855872069,177.07805016990469,43.94736410663854,25.25588076523099,,,2374,13.41875,0,No Defect
0.03734722107335908,96.48304881239218,214.73276198891398,36.982398228648485,24.93244231148491,,,2375,13.421875,0,No Defect
0.04014496387480861,99.09786066253552,190.98815906596468,40.11380014493074,25.497865983967735,,,2376,13.425,0,No Defect
0.041323921932221785,100.55302197404856,185.7127354896299,40.51685631042857,25.714051348989326,,,2377,13.428125,0,No Defect
0.03937400099586093,101.41119485460665,234.8787186367462,31.03074950442692,25.452305857977656,,,2378,13.43125,0,No Defect
0.039570090542130565,98.52299779602468,199.13636387251304,39.17965421073571,25.271121373021828,,,2379,13.434375,0,No Defect
0.04110026117474528,98.8618026109845,155.80093965127267,36.42802288828487,28.742963326017012,,Ambient temperature high,2380,13.4375,0,No Defect
0.04448794212748913,104.57831951349812,164.50733712703405,37.355953733685986,27.96471882822117,Paste volume per aperture high,Ambient temperature high,2381,13.440625,0,Solder Bridging
0.04044123578071275,98.10721698582623,172.67547013848943,42.59946913710268,25.90120585540078,,,2382,13.44375,0,No Defect
0.04045151877565641,100.84240357371229,215.40540620904798,41.73083715511314,23.531232247747287,,,2383,13.446875,0,No Defect
0.04124282759570207,101.02576491851295,196.87781608739832,40.26961040522489,25.103461841609676,,,2384,13.45,0,No Defect
0.040128512705664324,102.6918454426579,243.86204913441372,34.078351173332734,24.020230289374805,,,2385,13.453125,0,No Defect
0.039144662625592,101.36466622284131,242.35193326552303,33.35066605580887,24.314065650287656,,,2386,13.45625,0,No Defect
0.040454282364895434,100.86448613619001,206.9859360709541,36.00003501729434,25.724207316951695,,,2387,13.459375,0,No Defect
0.04171251784872533,102.11984735077046,205.8405563311006,42.79405904225452,23.81904030122876,,,2388,13.4625,0,No Defect
0.040076370397411624,100.20479059845036,200.6432201203462,33.26851614374557,26.908407836211744,,Ambient temperature high,2389,13.465625,0,No Defect
0.04221599875287874,98.25784538013532,135.81320934724278,44.24031689657936,27.704546604911,,Paste viscosity low; Ambient temperature high,2390,13.46875,0,No Defect
0.03914608479952747,100.32688165300677,233.29164792258769,35.70824078058791,24.18686408394982,,,2391,13.471875,0,No Defect
0.040031015919699944,99.45208583910551,193.01070729859507,35.14963766237199,26.82816542783794,,Ambient temperature high,2392,13.475,0,No Defect
0.0400808108203538,99.55348294233988,210.28326897673378,44.987781784295464,22.894505930027456,,,2393,13.478125,0,No Defect
0.04045681732458833,97.93425235573895,165.05067393797748,40.35359982432567,27.02751180345206,,Ambient temperature high,2394,13.48125,0,No Defect
0.037608181116539505,97.24370279654197,212.95849179448288,32.99943220910427,26.210469302861306,,Ambient temperature high,2395,13.484375,0,No Defect
0.037687824960355595,96.68542815393249,196.8997365605493,30.213260755383715,28.011073311278242,,Ambient temperature high,2396,13.4875,0,No Defect
0.041253419106098296,100.72096827872326,197.37472043378537,46.890257682693225,23.136088339040175,,,2397,13.490625,0,No Defect
0.03909117116060313,96.56370109554629,178.80371590738284,40.358363960265194,26.172882132913337,,Ambient temperature high,2398,13.49375,0,No Defect
0.037945531569892,97.21631575496939,219.41037537753076,40.29796359765719,23.689022144210202,,,2399,13.496875,0,No Defect
0.042043372497383144,98.9543596934705,149.44117656384248,46.04991612741817,26.334369414520545,,Paste viscosity low; Ambient temperature high,2400,13.5,0,No Defect
0.040313939618354604,100.47357088994488,208.16144521130076,38.24405705871186,24.998441020315898,,,2401,13.503125,0,No Defect
0.03893638098426548,99.32667244833804,217.92220362524327,35.86151586625997,25.08157198894655,,,2402,13.50625,0,No Defect
0.0390933733473981,99.26186277141112,213.25766207046934,35.97858536700495,25.3354496969154,,,2403,13.509375,0,No Defect
0.03896280312502806,99.01317798126014,220.51986420455424,40.50787521464237,23.56592268995729,,,2404,13.5125,0,No Defect
0.040854480601546346,98.74156966911367,188.7815710693951,49.531085147014466,22.900109063739126,,,2405,13.515625,0,No Defect
0.04075013870007902,98.57551188189501,172.88368727836522,43.37351319449991,25.66878055199564,,,2406,13.51875,0,No Defect
0.03875932717496455,97.77497719071044,190.35564648195145,34.326507846082016,27.21793033330085,,Ambient temperature high,2407,13.521875,0,No Defect
0.04056860118822111,99.7920899819621,193.31266470004616,41.55881993318425,24.94234920450084,,,2408,13.525,0,No Defect
0.040437426880541,100.64726984042622,210.26107608628547,41.00576581053951,24.062932144406776,,,2409,13.528125,0,No Defect
0.04187044364055018,102.67312696359015,212.10133294315392,41.71032728648978,23.759992158428805,,,2410,13.53125,0,No Defect
0.04041650868556228,97.98029087138009,182.542285173118,48.751069622525726,23.504918704338547,,,2411,13.534375,0,No Defect
0.0389964071374584,96.6171031527705,180.48765776709237,40.72361022638302,25.962386692204294,,,2412,13.5375,0,No Defect
0.04028140656152536,100.0848693356963,201.9022327537968,39.00168074325814,25.16136127970246,,,2413,13.540625,0,No Defect
0.04122585131989773,101.63199118376207,206.8087399619586,38.393241611330495,25.050457573810814,,,2414,13.54375,0,No Defect
0.040791172607103264,100.12565017091217,196.54100024477913,44.21938746374654,23.968878075855123,,,2415,13.546875,0,No Defect
0.04218960050191795,101.66039866949593,180.14340473389296,39.701003336039584,26.308911678728794,,Ambient temperature high,2416,13.55,0,No Defect
0.0427103668337297,103.08795342576092,196.64998288838757,44.0250510748026,24.03565929695653,,,2417,13.553125,0,No Defect
0.041022957553734585,98.65807465061064,169.13949533598665,44.10206269126742,25.690868102981785,,,2418,13.55625,0,No Defect
0.04039688972693556,101.49733181178388,216.98166319667558,36.031316051661605,25.105072676685673,,,2419,13.559375,0,No Defect
0.037155714011484126,95.30193305234987,204.38909953055744,40.05350362716445,24.6767566446715,,,2420,13.5625,0,No Defect
0.037969347524583905,97.13003524130696,225.31709654286993,44.29419863127573,22.16437802621698,,,2421,13.565625,0,No Defect
0.040855290461759765,101.19334017309586,204.1699160201858,38.22359806302471,25.25566857022358,,,2422,13.56875,0,No Defect
0.04125113776830989,100.8131887765786,196.50653234361462,41.506511458139364,24.773756486831797,,,2423,13.571875,0,No Defect
0.041644518276076195,100.88032938893183,187.93197422804664,42.52734673015625,25.00395598304076,,,2424,13.575,0,No Defect
0.03894282657854815,98.1053012443183,210.44743713446576,42.92358090673641,23.4824707289557,,,2425,13.578125,0,No Defect
0.04340850905420737,103.15409551029028,173.32844854932964,40.29676179359477,26.563588422089026,,Ambient temperature high,2426,13.58125,0,No Defect
0.040754982120756685,100.0358175480053,193.9979171743422,40.09211057920339,25.33758789284124,,,2427,13.584375,0,No Defect
0.037989129556073524,95.87886816314283,197.93159800718638,43.604468132088186,24.043285086361628,,,2428,13.5875,0,No Defect
0.041219212143735855,101.95464291272143,214.7162491050451,40.68933296545652,23.895172930763007,,,2429,13.590625,0,No Defect
0.036160377931101724,95.1528381555115,231.6506404043105,38.60466564744413,23.426712084811356,,,2430,13.59375,0,No Defect
0.03834738481746045,97.81949708015934,218.7216210352293,39.23325882889365,24.052760735091105,,,2431,13.596875,0,No Defect
0.03927802513436925,99.53065299283082,219.32732779441577,38.1655072455313,24.333193688012813,,,2432,13.6,0,No Defect
0.04115195945045508,99.58158591279853,178.60563700264666,42.70150143820917,25.522251296082693,,,2433,13.603125,0,No Defect
0.04439091853889577,104.2033231742318,160.79585906557833,37.17728223156807,28.254182031335475,Paste volume per aperture high,Ambient temperature high,2434,13.60625,0,Solder Bridging
0.0394263767242305,96.16196694331138,163.95573713152754,40.02467039775905,27.192086063162492,,Ambient temperature high,2435,13.609375,0,No Defect
0.04000093812187116,99.72439226050366,204.6844878866658,37.2573960216497,25.506221475422073,,,2436,13.6125,0,No Defect
0.04334335529515275,103.2032198071556,179.3161401838508,39.70098541780244,26.375833230152548,,Ambient temperature high,2437,13.615625,0,No Defect
0.04078797897291566,101.51428224007596,214.5558058502852,39.86345115720202,24.14154680327201,,,2438,13.61875,0,No Defect
0.04088102320333462,99.34635668469998,182.8165975495813,42.182618604102544,25.41607987752967,,,2439,13.621875,0,No Defect
0.0405754761235651,102.0903259153126,217.14420417119248,32.97888893547369,25.991697407748074,,,2440,13.625,0,No Defect
0.04131987580877456,101.72952470240025,208.32149135266064,42.643885059415965,23.715900217074083,,,2441,13.628125,0,No Defect
0.037589436035134476,96.90412954437576,204.777179947796,32.297340824214544,26.92387344425409,,Ambient temperature high,2442,13.63125,0,No Defect
0.039246266589791086,98.08370274538713,198.7189781546594,39.954100334167784,25.076673191132116,,,2443,13.634375,0,No Defect
0.040970941849891994,100.06533038155625,195.43863933627367,44.88642600116316,23.851172747382435,,,2444,13.6375,0,No Defect
0.04232218238169979,99.86767177696886,157.9592744245396,46.932069038725515,25.562548452786167,,,2445,13.640625,0,No Defect
0.04053841498654991,100.56538786781594,200.19492923676185,36.536684097198204,25.994726310690126,,,2446,13.64375,0,No Defect
0.039040353709661725,101.36172924660792,243.0872260742147,31.93903122311246,24.691635231235125,,,2447,13.646875,0,No Defect
0.038109996651221154,97.56094581420433,220.0961457180012,40.67518015042307,23.544702242546286,,,2448,13.65,0,No Defect
0.045122713018297504,104.76278689553975,161.61204342102906,43.60683055996559,26.333280962946652,Paste volume per aperture high,Ambient temperature high,2449,13.653125,0,Solder Bridging
0.041610547397719015,99.23103812839734,179.58639172453846,53.246276161774404,22.388350124275682,,Ambient RH high,2450,13.65625,0,No Defect
0.03876677492111598,99.14537541683342,230.94778997389645,38.56413968917191,23.50615860627181,,,2451,13.659375,0,No Defect
0.03661296124849551,95.80969535642797,230.8793794846682,39.14531168134717,23.32197333536443,,,2452,13.6625,0,No Defect
0.04025431368623761,98.77603959519115,191.3091415404254,42.67272545858278,24.749357926406876,,,2453,13.665625,0,No Defect
0.03648483899817074,96.01801361361431,228.5644841091224,33.75798600700543,25.03722006067018,,,2454,13.66875,0,No Defect
0.04178639946608078,100.81343691746997,184.3572855295114,43.67084396136249,24.894193205869644,,,2455,13.671875,0,No Defect
0.043577051940609346,102.26924143651794,168.72158861940204,48.072101528304344,24.581781159173136,,,2456,13.675,0,No Defect
0.041055408094370145,100.68288647048554,187.6120363024463,35.891364362766794,26.961181552433853,,Ambient temperature high,2457,13.678125,0,No Defect
0.03919687961495056,96.80135393045681,190.04701571199382,47.72908543420723,23.337280412074993,,,2458,13.68125,0,No Defect
0.04220985138625178,101.0642815625926,173.30660292484725,40.506824122368826,26.501924889377918,,Ambient temperature high,2459,13.684375,0,No Defect
0.040394934325964825,99.59805431884823,203.6422832282116,45.00998128607523,23.309753897644207,,,2460,13.6875,0,No Defect
0.03881568460498291,99.00926608971835,227.3862750838305,40.720893627620356,23.092560034197252,,,2461,13.690625,0,No Defect
0.04284379358070139,102.72037942637044,181.1069999082029,37.963262392250385,26.77264321147246,,Ambient temperature high,2462,13.69375,0,No Defect
0.041310075948724066,102.99462834540508,224.84854363820045,39.424139731176474,23.645442341090998,,,2463,13.696875,0,No Defect
0.041083192097074915,101.4574158508894,194.10927068437852,32.658955013123794,27.5075305415228,,Ambient temperature high,2464,13.7,0,No Defect
0.040477387076551366,98.21466396955118,160.3312618584539,35.857035849830275,28.640965479917895,,Ambient temperature high,2465,13.703125,0,No Defect
0.03846257896403042,97.94795340665651,217.26103167275505,40.23944332930102,23.851658923839015,,,2466,13.70625,0,No Defect
0.03771404333712126,96.61438763409586,215.4374180165266,40.53442349805287,23.871983120078777,,,2467,13.709375,0,No Defect
0.03933311516612882,98.20181777532233,194.77719707761557,38.818558372928315,25.652394013721196,,,2468,13.7125,0,No Defect
0.04147848162055073,101.04425047745158,192.21071708918623,40.19971492788047,25.427259761697982,,,2469,13.715625,0,No Defect
0.038873527413387496,97.73730552090936,188.0906045170411,32.236843005813945,27.982488433365933,,Ambient temperature high,2470,13.71875,0,No Defect
0.04098657099010948,99.63164355025789,184.0940456953645,41.84981057016712,25.439519873754346,,,2471,13.721875,0,No Defect
0.042678733668296796,103.23378411873075,200.02792293629946,41.48396767096732,24.582494535530934,,,2472,13.725,0,No Defect
0.03706598848843465,96.0287944161295,221.32645343562177,40.01174770780139,23.6583067274019,,,2473,13.728125,0,No Defect
0.040512803637159124,99.54721825639301,195.99495894044574,41.55833740176396,24.792168253509356,,,2474,13.73125,0,No Defect
0.040107376090028284,99.62243168672448,190.98108941250163,34.72972690663046,27.08645743338513,,Ambient temperature high,2475,13.734375,0,No Defect
0.039865576575567295,102.25264282729084,238.6277136818918,31.29199987055148,25.167635464027647,,,2476,13.7375,0,No Defect
0.0398674856939716,98.7255626481094,186.53579885165937,35.81768631196547,27.042205499421907,,Ambient temperature high,2477,13.740625,0,No Defect
0.04213687467163724,104.2963137208574,230.87753899251345,39.83602595647968,23.16840036918251,,,2478,13.74375,0,No Defect
0.03972287730877272,101.33709741214882,232.5069190616965,33.05185604622558,25.0308286356546,,,2479,13.746875,0,No Defect
0.041316759365542244,101.50077054065699,200.96729995673,39.9091213437912,24.971820876864264,,,2480,13.75,0,No Defect
0.040180591815292155,100.58687383677318,208.65917548110716,34.50301334838538,26.072642732773907,,Ambient temperature high,2481,13.753125,0,No Defect
0.04276533031858944,101.1064537508815,167.90474833465643,46.36296505325793,25.127833425850596,,,2482,13.75625,0,No Defect
0.039732323190431525,98.30945578548585,193.58863327026245,43.126036493464355,24.471654947939694,,,2483,13.759375,0,No Defect
0.038339181245481406,95.60898543923669,177.88038500821483,39.44961516612396,26.498182031331083,,Ambient temperature high,2484,13.7625,0,No Defect
0.0389433293627178,97.28835662673403,195.89859459215785,40.62760847334102,25.0567271922393,,,2485,13.765625,0,No Defect
0.04234690024889182,103.6313643030357,199.42663062871503,34.226448074924924,26.73470766299306,,Ambient temperature high,2486,13.76875,0,No Defect
0.03956821294805498,99.24907331812621,207.39870517347387,38.36174226660731,25.016843418537068,,,2487,13.771875,0,No Defect
0.04051236204461854,98.94402244847339,180.85479251207926,38.627315982538626,26.578930999356242,,Ambient temperature high,2488,13.775,0,No Defect
0.04341265624360016,101.65276350934477,152.90172772126635,42.619910658267095,27.147120731291835,,Ambient temperature high,2489,13.778125,0,No Defect
0.03965980161858703,100.77295608076807,230.77582933436142,37.036239130152964,23.972736143344985,,,2490,13.78125,0,No Defect
0.039125843401822215,99.54086512744364,220.11305254854403,33.73457110141557,25.589249795480928,,,2491,13.784375,0,No Defect
0.03732662659406549,99.45036880095986,252.71972846943083,28.33872679046526,25.146235005154946,,Paste viscosity high; Ambient RH low,2492,13.7875,0,No Defect
0.039497932338425294,98.39064933824497,201.28679860121713,43.261534556017295,23.958467827900467,,,2493,13.790625,0,No Defect
0.04257160235440585,100.47472260781954,164.0890599741652,46.679999624444044,25.26999002094171,,,2494,13.79375,0,No Defect
0.042393701829373125,101.3736962304191,175.52168193483254,42.64504335855402,25.74431981649819,,,2495,13.796875,0,No Defect
0.03958803951995629,98.68110295816432,195.0737236979565,38.37284796423644,25.768582601298437,,,2496,13.8,0,No Defect
0.03976367387811757,99.41342057782342,215.29592118618945,43.04146257455181,23.169550346611736,,,2497,13.803125,0,No Defect
0.04121855655143527,100.64527682646495,186.24738206977582,36.06468787946149,27.0027080842308,,Ambient temperature high,2498,13.80625,0,No Defect
0.03905607882422915,99.52123268576948,227.92425136151505,38.618631038421924,23.68090854031898,,,2499,13.809375,0,No Defect
0.04088833034365291,98.82350197478671,170.67981199490328,40.15335236538478,26.760548590522717,,Ambient temperature high,2500,13.8125,0,No Defect
0.04203533386125997,101.29104062701138,181.79736595710926,39.13726768083622,26.385768700326132,,Ambient temperature high,2501,13.815625,0,No Defect
0.038642630041503936,98.05856824895557,210.14292182501512,38.11770140275778,24.912259539156526,,,2502,13.81875,0,No Defect
0.03989750846831804,99.7925577031426,222.3233995839728,46.028397092411886,21.866108259166992,,,2503,13.821875,0,No Defect
0.040005562315183395,98.5806080230904,184.85477707690987,37.8389246806997,26.558958308739115,,Ambient temperature high,2504,13.825,0,No Defect
0.04113641386693299,98.99700040544921,180.7661297570937,48.9058165583331,23.58545558261547,,,2505,13.828125,0,No Defect
0.04000055416591321,98.53128735849118,191.845512466448,43.52944221711477,24.465435325357845,,,2506,13.83125,0,No Defect
0.0373329471145072,97.50878820788111,234.54103881904862,34.87655924027602,24.356399949710514,,,2507,13.834375,0,No Defect
0.03850574647567126,96.81676015000389,196.53392019517202,38.90186049590494,25.520012630432298,,,2508,13.8375,0,No Defect
0.03868131378980873,97.63827183208255,206.969401138932,39.246124465130514,24.781062811429187,,,2509,13.840625,0,No Defect
0.04088372492242669,98.06119976391876,168.5307130382924,47.34806684695364,24.789272566755656,,,2510,13.84375,0,No Defect
0.03739937940959985,96.66393940807292,219.7469226686671,35.73012468169348,25.015442768513015,,,2511,13.846875,0,No Defect
0.03984771674486176,98.79563276174184,194.4722131137392,39.074091674529896,25.606742959750314,,,2512,13.85,0,No Defect
0.03924370969525865,99.1911000371262,212.95083697838183,34.75773963908707,25.73224868437004,,,2513,13.853125,0,No Defect
0.038138656617145376,97.73805497187125,220.73729131949943,36.23430413593465,24.8148898374174,,,2514,13.85625,0,No Defect
0.03806555694041555,99.35025780853361,241.78055932657634,32.23025774515218,24.691468353565494,,,2515,13.859375,0,No Defect
0.04060544759497393,99.34257860421275,187.93642543241694,43.29835638166828,24.776898142877517,,,2516,13.8625,0,No Defect
0.040104294337890124,101.20437473994298,225.8889436677075,35.389055647281026,24.761384973369008,,,2517,13.865625,0,No Defect
0.03797717090749116,99.06003772895386,234.9909252346901,35.19666167545442,24.231600074439285,,,2518,13.86875,0,No Defect
0.03861443927629476,97.8861339309775,215.47048333627984,41.600617916769764,23.569900878760155,,,2519,13.871875,0,No Defect
0.042177899831863125,101.26064261492179,179.11462458809308,41.22604837878092,25.940244478539526,,,2520,13.875,0,No Defect
0.04063516510506665,100.25813832408757,205.23483255825002,39.918433375352166,24.711609174086206,,,2521,13.878125,0,No Defect
0.040380160292962416,101.80006413449524,217.09482030294427,33.405272702967444,25.87484547102012,,,2522,13.88125,0,No Defect
0.04085050715218067,102.27851415481665,226.55030046802315,38.81749032206486,23.721657069662008,,,2523,13.884375,0,No Defect
0.03915907890465335,98.36226627234218,201.44046384385908,36.93348352007482,25.799258997665802,,,2524,13.8875,0,No Defect
0.04074623524207595,99.82612479066016,190.143297256822,40.392756812255705,25.494530427315738,,,2525,13.890625,0,No Defect
0.04335560953298761,102.4582740743628,171.9328073292079,42.41563284725254,26.044659794045554,,Ambient temperature high,2526,13.89375,0,No Defect
0.04241236106808438,103.00049965323986,205.285830395912,43.25037103972076,23.744293563641016,,,2527,13.896875,0,No Defect
0.03747770848237003,96.45233118031837,214.0648299036088,38.24156520154624,24.627329739801137,,,2528,13.9,0,No Defect
0.04280431870223139,103.60118091953466,197.08555555845132,36.55588148476485,26.210020604429882,,Ambient temperature high,2529,13.903125,0,No Defect
0.042364400017656526,99.8144917977537,167.3756461998782,51.11833964221155,23.773030241912757,,Ambient RH high,2530,13.90625,0,No Defect
0.042808617814588217,103.79558767239975,206.47748198559367,42.20404516998091,23.980117733710586,,,2531,13.909375,0,No Defect
0.039304173837135414,98.46457427649933,198.72328459044255,36.25954976912832,26.164808022829305,,Ambient temperature high,2532,13.9125,0,No Defect
0.03889500341663212,98.30494256284871,208.76094987406745,38.041832010382066,25.02373456848814,,,2533,13.915625,0,No Defect
0.039802840230562624,99.20465750743325,201.89144226244807,38.30574854504457,25.376903372726893,,,2534,13.91875,0,No Defect
0.04062002621344636,100.69404849257486,209.7649318193828,41.748140501359664,23.892902699219846,,,2535,13.921875,0,No Defect
0.040832577677498275,100.26403355408092,200.69770129240717,40.72272420416072,24.756220110960356,,,2536,13.925,0,No Defect
0.0427601194370724,98.77496830961374,134.94021620313373,50.34007973678523,25.991142110155433,,Paste viscosity low; Ambient RH high,2537,13.928125,0,No Defect
0.03929555789769934,98.69078639267826,205.42532525391087,37.85979895046449,25.28592523667632,,,2538,13.93125,0,No Defect
0.041928334789375375,103.01019221453437,209.67449404325365,36.45844534461922,25.458725039282832,,,2539,13.934375,0,No Defect
0.03967998564074268,99.56394738949047,205.10656056565847,34.40798302120488,26.318031314923907,,Ambient temperature high,2540,13.9375,0,No Defect
0.04163305884242011,100.04424129380659,168.48900290904845,43.2983903659145,25.975005800944118,,,2541,13.940625,0,No Defect
0.039535596173735095,99.89201348342486,218.04886787369358,37.91324200746297,24.496130173255782,,,2542,13.94375,0,No Defect
0.04015875064253389,99.23150523252392,187.87406456104245,38.41680155427119,26.202369532685488,,Ambient temperature high,2543,13.946875,0,No Defect
0.03763448968482995,96.57762536127552,208.1972348863388,34.960285794301456,25.94933705457933,,,2544,13.95,0,No Defect
0.04173114592932826,102.01286751600468,199.38382557817667,38.982409837846646,25.34836892160675,,,2545,13.953125,0,No Defect
0.03694265279246779,96.9065382003631,224.16709982631323,33.176355458001225,25.48015049969754,,,2546,13.95625,0,No Defect
0.03967844370767524,97.89105709613386,184.98757335782014,42.41653555171562,25.207385290290688,,,2547,13.959375,0,No Defect
0.03730544791420075,98.48569344290453,254.21558337609378,36.40218858735687,22.703956914410593,,Paste viscosity high,2548,13.9625,0,No Defect
0.03997400752851861,101.76352301480868,230.03053438368846,32.70226697456451,25.287606382144094,,,2549,13.965625,0,No Defect
0.03750749037132513,99.5828323290451,250.15205485707017,28.325450711985013,25.31116891982572,,Paste viscosity high; Ambient RH low,2550,13.96875,0,No Defect
0.03930589035844448,99.0699240708993,207.59177910923106,36.3646928148602,25.588499066351716,,,2551,13.971875,0,No Defect
0.04201774969002493,103.00630332932477,205.11974730147833,37.08873364982028,25.55163788673943,,,2552,13.975,0,No Defect
0.04107724393353421,100.30666074884738,193.28579178123164,41.44546948832198,24.999031043595433,,,2553,13.978125,0,No Defect
0.042257527714784256,102.30994584352293,198.64478935963302,43.8250106499356,23.98293757459589,,,2554,13.98125,0,No Defect
0.040554540872290226,98.34710254506932,184.51984978948855,43.9067767505321,24.820065122550922,,,2555,13.984375,0,No Defect
0.04198437824865225,99.41167192365276,163.44688275443542,46.09416997208119,25.4805565824974,,,2556,13.9875,0,No Defect
0.0416452899338735,101.11021059746382,178.50998914279515,34.0528657659463,28.06939952403737,,Ambient temperature high,2557,13.990625,0,No Defect
0.040780853103801994,102.26813790809827,235.26709847357733,41.04571658855976,22.538727917697514,,,2558,13.99375,0,No Defect
0.04004257787332168,97.99121628994723,178.8144655376462,37.930118168756884,26.90921592553234,,Ambient temperature high,2559,13.996875,0,No Defect
0.04277379451432601,100.65144306861293,159.7467128430534,45.11613487067289,25.997468666051226,,,2560,14.0,0,No Defect
0.03694732353801513,95.87698382040077,217.38324496566366,35.71392792568721,25.161418166865303,,,2561,14.003125,0,No Defect
0.042486385939834136,101.29192940046151,176.92333953301016,44.91857867413605,24.99784032129213,,,2562,14.00625,0,No Defect
0.03893132353712037,98.25856212094675,213.1499009541852,38.870445964159046,24.5172838448992,,,2563,14.009375,0,No Defect
0.04248998501301981,100.74578455006927,169.64707905352478,45.966258366990765,25.13853551959586,,,2564,14.0125,0,No Defect
0.04083767850774649,100.2494835009436,187.4930598242605,36.648017213327236,26.75110105193559,,Ambient temperature high,2565,14.015625,0,No Defect
0.041633570235356215,99.95499631936967,174.8382344320762,44.67997764799624,25.187026774377436,,,2566,14.01875,0,No Defect
0.03812245409845199,95.99562580575304,192.61592174719738,39.17439876577349,25.677930941870372,,,2567,14.021875,0,No Defect
0.03853357895174591,96.20683528394662,192.25890241360253,41.98534805106634,24.883968845409644,,,2568,14.025,0,No Defect
0.04006366531336743,101.62651120509948,224.2573136453076,30.043655901862632,26.422506293130837,,Ambient temperature high,2569,14.028125,0,No Defect
0.04206827206020559,103.55346854599938,210.47860150461293,34.910939794666625,25.860275271822914,,,2570,14.03125,0,No Defect
0.036848986429075734,96.98083907891927,237.84087201583532,35.33554834448637,24.01531104844053,,,2571,14.034375,0,No Defect
0.0428524023515985,101.3864393845471,172.8696839309865,44.34240804047368,25.422601905315954,,,2572,14.0375,0,No Defect
0.0405067921570001,100.12452599804962,202.88499791093378,40.77847445458634,24.598592810182538,,,2573,14.040625,0,No Defect
0.040343293265081515,99.68168372440144,200.83818160223515,40.87310349059034,24.696180282211113,,,2574,14.04375,0,No Defect
0.03770793024382806,94.00796039018095,183.36055810474582,46.554308660605436,24.087036151496594,,Stencil thickness low,2575,14.046875,0,No Defect
0.04053360458850418,96.9374795366389,152.06379261938108,43.170599186390454,27.018344398227974,,Ambient temperature high,2576,14.05,0,No Defect
0.03961257054283854,99.28125001471521,209.49762059457683,38.80265369977419,24.76339522787074,,,2577,14.053125,0,No Defect
0.041708027094340926,100.33122747302362,171.2994300126404,38.09074875661287,27.33284328898659,,Ambient temperature high,2578,14.05625,0,No Defect
0.04172888462387752,100.85812095145681,185.04272661108922,39.992452557919286,25.936088475422338,,,2579,14.059375,0,No Defect
0.03886604940369986,97.91998051730447,215.93512669797698,44.04534624373863,22.83132369915603,,,2580,14.0625,0,No Defect
0.03692226312116899,96.02254189413246,214.64639329635807,33.86263934084269,25.86671995782605,,,2581,14.065625,0,No Defect
0.04028765632001707,98.54721570293378,196.11651928330542,50.73456795607437,22.100170951308407,,Ambient RH high,2582,14.06875,0,No Defect
0.04061404669619848,99.92200906808098,195.47423103213106,38.66685410946526,25.67321894291705,,,2583,14.071875,0,No Defect
0.038024837883497066,97.73452103926384,218.85901454039168,32.143370963884394,26.126476541998446,,Ambient temperature high,2584,14.075,0,No Defect
0.03993345155193109,100.87009873980213,226.52390600544794,35.84625066808238,24.588144134119567,,,2585,14.078125,0,No Defect
0.038748610409204624,97.11129395633601,204.26222870453068,43.03062758659683,23.843550332696736,,,2586,14.08125,0,No Defect
0.037695697108689585,98.13340319328633,238.86132807721646,34.736370225510946,24.138737798684165,,,2587,14.084375,0,No Defect
0.04016255381903987,99.85021003264532,200.34339097702016,38.09106031160927,25.533913063199766,,,2588,14.0875,0,No Defect
0.04144727068480225,101.69276906663795,197.50981782221928,38.936146434275145,25.469588798519027,,,2589,14.090625,0,No Defect
0.041137325662254795,98.31787382903372,177.56660075337967,50.086725756326814,23.443076497965915,,Ambient RH high,2590,14.09375,0,No Defect
0.03826977796488621,96.63562740177656,207.0362604763851,43.247276720715746,23.603720324620706,,,2591,14.096875,0,No Defect
0.041896675329193764,102.43183813530177,198.2891448645684,38.514660186229484,25.549186394083577,,,2592,14.1,0,No Defect
0.038913323257818024,98.70994078937142,211.38511127466455,35.311842744848526,25.660105454780624,,,2593,14.103125,0,No Defect
0.03967461879123775,99.93117623101806,215.71234066666224,37.095526003419025,24.88016886583381,,,2594,14.10625,0,No Defect
0.041375252913594854,101.56963408203669,196.36551559855963,36.68829289776928,26.19849541136295,,Ambient temperature high,2595,14.109375,0,No Defect
0.03777121484842106,96.84652131907328,210.00287783345055,35.922271877202355,25.556211224657645,,,2596,14.1125,0,No Defect
0.03669073237656587,94.77799705567686,201.41573143030573,33.499768536801504,26.784270997956163,,Stencil thickness low; Ambient temperature high,2597,14.115625,0,No Defect
0.039578584514660634,97.97508905348977,200.8145417111142,42.2135362383043,24.305020468474538,,,2598,14.11875,0,No Defect
0.03905331084378822,98.11677814895437,202.52601219099796,39.391291653647855,25.010542658626157,,,2599,14.121875,0,No Defect
0.04002041325174318,99.87282860595232,199.2012530581034,32.74001067279781,27.16936030285575,,Ambient temperature high,2600,14.125,0,No Defect
0.03845780961287725,96.5569977721136,195.13081861110126,40.089646311658086,25.257516459760836,,,2601,14.128125,0,No Defect
0.04187572357686301,99.7348758334994,160.5308818436613,43.16503194254539,26.506225512477457,,Ambient temperature high,2602,14.13125,0,No Defect
0.037719910206688,94.60823206255257,193.17589280874805,44.746355848351755,24.014501300400436,,Stencil thickness low,2603,14.134375,0,No Defect
0.03972309796865983,100.20526656236287,218.82716237329225,39.34012163934894,24.028849007704338,,,2604,14.1375,0,No Defect
0.0418467788812484,102.05607019757797,200.002842272981,39.18928856624592,25.251231268971736,,,2605,14.140625,0,No Defect
0.040887222715432096,99.29764741129215,184.23578365964897,44.41974049069354,24.679567470024484,,,2606,14.14375,0,No Defect
0.04148601794516967,103.07363535383821,217.69955225876166,35.82784515852094,25.140957930580814,,,2607,14.146875,0,No Defect
0.038440993390182386,96.96387962633995,213.9452804540258,43.57324402470351,23.08999163531943,,,2608,14.15,0,No Defect
0.042657642291495525,103.37361313360161,203.6610805385099,41.140202071664476,24.46235440998474,,,2609,14.153125,0,No Defect
0.04049039809380008,101.7061032718277,225.59177145347678,39.78990411835473,23.488825515320666,,,2610,14.15625,0,No Defect
0.03996576895563815,98.63194789245556,186.9958644782916,37.47403515653029,26.533245035828763,,Ambient temperature high,2611,14.159375,0,No Defect
0.04091180176564585,102.8962110665618,234.2039067832261,38.21997466086124,23.42447242583365,,,2612,14.1625,0,No Defect
0.04291866839769619,105.1988853494343,223.46512910702413,37.52912387057422,24.305764970225468,,Stencil thickness high,2613,14.165625,0,No Defect
0.04049037275092045,100.23602507491424,208.6420548393201,42.022394874158316,23.880513156902218,,,2614,14.16875,0,No Defect
0.03889345008323955,98.56645276844844,226.8668473164928,44.52584059275108,22.017846308897457,,,2615,14.171875,0,No Defect
0.04179074188189251,100.45383665720415,176.79750761176442,40.529025703046166,26.282640265099264,,Ambient temperature high,2616,14.175,0,No Defect
0.03926599853185197,99.9902707976438,223.89781827031663,33.709413316897994,25.36426030114714,,,2617,14.178125,0,No Defect
0.039214915988418614,98.5616370980525,211.42015335205775,38.74086032043715,24.66123930848114,,,2618,14.18125,0,No Defect
0.041108151129388815,102.2866641079784,214.88639999258658,35.32137352812239,25.458883033728466,,,2619,14.184375,0,No Defect
0.04045898539283639,97.70441815376368,171.593725801468,42.8751507648371,25.907653464287016,,,2620,14.1875,0,No Defect
0.03629760722598215,93.0255112531024,200.41254614273373,42.42830846666903,24.235138357667644,,Stencil thickness low,2621,14.190625,0,No Defect
0.04221040170038667,101.77921297065815,194.44516666384422,44.04610162426194,24.175149577100512,,,2622,14.19375,0,No Defect
0.03894855957078579,100.36678387003049,238.2943188759102,32.21709544468114,24.915843234787932,,,2623,14.196875,0,No Defect
0.04054747145484888,98.31521653298579,171.6579574582583,40.499676120507445,26.594169437952807,,Ambient temperature high,2624,14.2,0,No Defect
0.03570273664165627,96.21785741643399,247.97359474146046,29.454057478302367,25.101834891554866,Paste volume per aperture low,Ambient RH low,2625,14.203125,0,Open Circuit
0.03995892087835022,100.68423089274455,224.43250051468308,38.15576795896232,24.03652878840943,,,2626,14.20625,0,No Defect
0.04083958986759431,99.43661808084937,181.11389740480695,40.15456283974349,26.115510542658146,,Ambient temperature high,2627,14.209375,0,No Defect
0.04005838473622541,100.6161864278649,218.04468198485256,36.952272599888126,24.780183101511813,,,2628,14.2125,0,No Defect
0.04074919271602174,100.34053024840094,206.05518320815222,41.95879715674277,24.0610149745727,,,2629,14.215625,0,No Defect
0.041377776989567905,100.8404785921814,188.44240068414328,39.71493934742199,25.796728918139593,,,2630,14.21875,0,No Defect
0.041364118759550324,98.84540384325459,179.03565142282008,48.59216703755451,23.789011890454685,,,2631,14.221875,0,No Defect
0.03985801207858267,98.51165758564801,195.75900437518033,42.087014296437694,24.644851888941815,,,2632,14.225,0,No Defect
0.03858108762782605,98.56048668619636,211.6356558959142,30.93345175504409,26.91924988357588,,Ambient temperature high,2633,14.228125,0,No Defect
0.038316319883831676,98.94502671499296,229.32699539566516,34.03046111263775,24.925401523901794,,,2634,14.23125,0,No Defect
0.041963612138034054,100.83056959834298,193.89914722148458,47.976822710736016,23.059135546213668,,,2635,14.234375,0,No Defect
0.04042661401121293,98.09020271050514,175.25111250748176,42.67921578214506,25.735075338572244,,,2636,14.2375,0,No Defect
0.04424553729759357,102.27648602471876,160.41920226577255,51.4338943901555,24.118127095789514,Paste volume per aperture high,Ambient RH high,2637,14.240625,0,Solder Bridging
0.03849512833651157,96.61908218453613,194.64592009339378,36.61592401232707,26.304277716675667,,Ambient temperature high,2638,14.24375,0,No Defect
0.03742150536933841,98.30405723724888,247.00508619626422,36.47527940909629,23.1192097397406,,,2639,14.246875,0,No Defect
0.04029040940331919,101.32071537716331,219.76715050443207,34.87567414276516,25.281123505570683,,,2640,14.25,0,No Defect
0.037702000082284,100.86733789365573,272.0844338341462,29.769794709573087,23.541792125667573,,Paste viscosity high; Ambient RH low,2641,14.253125,0,No Defect
0.0415913961462542,100.76254545028925,189.4473135509693,40.28114698952305,25.576916174232412,,,2642,14.25625,0,No Defect
0.040899591832631546,100.59963872510986,208.5512667603198,43.39238891029804,23.488168600790726,,,2643,14.259375,0,No Defect
0.04183798779513443,102.83161666371772,216.9449779928023,40.87597138199405,23.715345402442924,,,2644,14.2625,0,No Defect
0.04596395771867912,105.23105122836208,148.8706385363244,41.707881840890835,27.681611908248854,Paste volume per aperture high,Stencil thickness high; Paste viscosity low; Ambient temperature high,2645,14.265625,0,Solder Bridging
0.03720873871792957,96.54893376521318,226.4222935876934,39.422696412624596,23.517083282186288,,,2646,14.26875,0,No Defect
0.041503785874636115,97.79771631421562,156.22308874592088,50.81473214104525,24.53358947864132,,Ambient RH high,2647,14.271875,0,No Defect
0.03699059754681937,95.09400031963759,201.86396875262056,32.74065617270835,26.980134137194845,,Ambient temperature high,2648,14.275,0,No Defect
0.038612335483871975,101.15424915436799,255.68717477324083,32.76286900020954,23.67750501391717,,Paste viscosity high,2649,14.278125,0,No Defect
0.03907800687760109,98.3188698558916,203.07367731107777,35.49537714642838,26.11454464327611,,Ambient temperature high,2650,14.28125,0,No Defect
0.039593160176037874,101.12751798956967,238.08256148369668,36.5042198542413,23.67470916765618,,,2651,14.284375,0,No Defect
0.04106555065675218,100.06902419184475,188.5099176427992,40.632489801006066,25.522567680581364,,,2652,14.2875,0,No Defect
0.04195888372708348,100.7554493870292,185.69789095035443,44.87305182989699,24.46512199684661,,,2653,14.290625,0,No Defect
0.03917639336328325,98.04968724218938,211.29605169203833,43.68860800736474,23.217797880924046,,,2654,14.29375,0,No Defect
0.03748283144148203,96.18923153040481,212.08664293558397,36.28015388264876,25.320278777688163,,,2655,14.296875,0,No Defect
0.039253516518165145,98.4662542238145,207.79934179216212,38.19549713874016,25.038472726450543,,,2656,14.3,0,No Defect
0.04013457830230866,100.78723274979296,221.4261801863403,37.10482815970373,24.52725227014887,,,2657,14.303125,0,No Defect
0.042969966537128125,103.27131208796153,197.07972505780054,43.46654892184614,24.182841397658155,,,2658,14.30625,0,No Defect
0.041870854535790036,101.7148924652331,202.4352148196871,42.56075342335938,24.114102293473074,,,2659,14.309375,0,No Defect
0.040273244144491516,99.46683013189855,195.79070543572553,39.473519817544876,25.405397396436324,,,2660,14.3125,0,No Defect
0.0390698622362098,97.54033978543679,188.39624040379618,37.06130376927514,26.551717304639954,,Ambient temperature high,2661,14.315625,0,No Defect
0.038976690920193846,99.26415119072134,227.70994938660755,37.16357639668977,24.115835738092127,,,2662,14.31875,0,No Defect
0.040504026684082754,102.64978039370631,239.77583903488733,35.63601548411742,23.831447466763144,,,2663,14.321875,0,No Defect
0.03870552585102522,96.72833807537752,203.69240069119317,44.81417081580824,23.35071281386381,,,2664,14.325,0,No Defect
0.04263375457592674,98.6537363176255,146.44221642943882,52.87808855131047,24.539455684808065,,Paste viscosity low; Ambient RH high,2665,14.328125,0,No Defect
0.03855914529696501,96.67221245995782,200.6022349134049,44.62640573858272,23.5880390596581,,,2666,14.33125,0,No Defect
0.042201143845477004,101.04678241183161,176.28319199474615,40.21216988746956,26.40446647831853,,Ambient temperature high,2667,14.334375,0,No Defect
0.036429563350925474,94.5808538739747,210.75691262333976,35.98817116920529,25.47535382090283,,Stencil thickness low,2668,14.3375,0,No Defect
0.040630416474692364,99.70575196347208,191.3875450425766,36.6636730668426,26.50377684065053,,Ambient temperature high,2669,14.340625,0,No Defect
0.0383086013694832,98.01156380954369,226.59815041161926,40.7699101999299,23.120096999683447,,,2670,14.34375,0,No Defect
0.03976775659624198,98.1796818084013,187.9541720020156,37.04389086059119,26.595125654220514,,Ambient temperature high,2671,14.346875,0,No Defect
0.03969612235435025,97.1616656018484,175.2467468016643,39.33948795436636,26.7022358478217,,Ambient temperature high,2672,14.35,0,No Defect
0.041856663558487786,100.49284846623046,165.94926574269928,35.96404347235277,28.273248780407798,,Ambient temperature high,2673,14.353125,0,No Defect
0.039608792718276456,97.8800803438876,193.2451889118702,41.9023812589306,24.84704388677424,,,2674,14.35625,0,No Defect
0.04071771358523584,99.24551220854632,184.00471933981652,42.07414583002021,25.36927347809921,,,2675,14.359375,0,No Defect
0.04143832024041523,102.1260443532687,213.97065996969343,41.14501664727756,23.80920426718538,,,2676,14.3625,0,No Defect
0.040355088028252106,99.2035371184407,204.4442049916051,47.00531912750958,22.67413771355194,,,2677,14.365625,0,No Defect
0.040648406720880687,99.95305908484899,200.85538788577583,40.44951055557274,24.814587017191624,,,2678,14.36875,0,No Defect
0.03960317278350031,99.05700541731247,203.5066406472429,35.96423395725469,25.951658382449743,,,2679,14.371875,0,No Defect
0.03817102685609808,95.97968135616712,196.2811113289555,39.395593400911565,25.382097870545362,,,2680,14.375,0,No Defect
0.04018276028305628,97.30145234140298,165.89308581338452,43.46329893497509,26.067852718875393,,Ambient temperature high,2681,14.378125,0,No Defect
0.03870149066421839,98.32985294815145,220.67754133033472,40.368406035895745,23.601571279644766,,,2682,14.38125,0,No Defect
0.041698437754230225,98.11843316830914,144.7464048165665,44.12847947935148,27.186921959482863,,Paste viscosity low; Ambient temperature high,2683,14.384375,0,No Defect
0.038414122781223796,97.83334667364095,212.70645151667188,35.36695795091904,25.550707105348003,,,2684,14.3875,0,No Defect
0.04158092922960021,99.35810278790056,163.97136053004516,40.647166077794125,27.024019115162314,,Ambient temperature high,2685,14.390625,0,No Defect
0.03885570685084733,99.29235340625635,229.11915611217148,37.58807937956724,23.897312557896424,,,2686,14.39375,0,No Defect
0.042030287033894026,97.42591610058875,140.12702437841588,53.093784025436705,24.85353797731798,,Paste viscosity low; Ambient RH high,2687,14.396875,0,No Defect
0.04221399268485657,101.20686122220435,182.54291032153728,43.216928329059584,25.137646001929944,,,2688,14.4,0,No Defect
0.04233839496096238,102.32762681893621,189.04974699629767,38.236079044401095,26.193695236612378,,Ambient temperature high,2689,14.403125,0,No Defect
0.04142991027753813,100.68675027541335,184.73393646655538,37.949275436430725,26.534837772553107,,Ambient temperature high,2690,14.40625,0,No Defect
0.040263012743033004,98.2147670928533,183.05034558482055,43.46455604755107,25.017183129486064,,,2691,14.409375,0,No Defect
0.03932012191245715,98.65773019274505,213.01754358817396,39.50453968464504,24.331725471991476,,,2692,14.4125,0,No Defect
0.042291619389788794,102.11049969846954,193.14313187958464,42.01560951085349,24.837185993163047,,,2693,14.415625,0,No Defect
0.04131075021660802,97.7388353626357,144.86594464398686,43.16321633212072,27.454379752764893,,Paste viscosity low; Ambient temperature high,2694,14.41875,0,No Defect
0.04069840244042664,99.30772469931992,182.37809646077696,39.099661775737864,26.336189274167612,,Ambient temperature high,2695,14.421875,0,No Defect
0.04367055203970762,101.92176825892108,170.1378955127612,50.431954721725404,23.802690913705014,,Ambient RH high,2696,14.425,0,No Defect
0.041390141886178886,101.1950272118837,199.68082488990134,40.52333671165451,24.86474172116931,,,2697,14.428125,0,No Defect
0.03856369551458566,98.62145198478883,222.84955785356726,35.688999453677354,24.832869601009982,,,2698,14.43125,0,No Defect
0.040461420174628775,97.66085625359202,179.26927652080843,48.181458874525745,23.87389697115039,,,2699,14.434375,0,No Defect
0.04074937720730078,100.12186322027723,203.23382043664236,43.17230608000567,23.867306729235956,,,2700,14.4375,0,No Defect
0.04234980486764773,102.5652081340892,196.81730793046074,38.540203147300886,25.629412939779165,,,2701,14.440625,0,No Defect
0.039586524012079925,98.03127018524323,184.08132187688085,35.93280332927026,27.145951742029784,,Ambient temperature high,2702,14.44375,0,No Defect
0.03736473685251184,97.01835879798925,224.82580751169488,37.59995149562418,24.13684893642327,,,2703,14.446875,0,No Defect
0.039243061418685284,97.16171099137591,198.19226742155146,44.794413175791,23.69240687404077,,,2704,14.45,0,No Defect
0.04122961792534858,98.48668098811241,170.2496567689453,48.89395623314736,24.22022786808503,,,2705,14.453125,0,No Defect
0.041109506536082176,101.30267389996163,217.48414799518304,45.58168372693083,22.290153648178276,,,2706,14.45625,0,No Defect
0.04157215247532567,99.47236131644446,177.302090939849,45.1581368344697,24.88701637148578,,,2707,14.459375,0,No Defect
0.0346384513110903,94.22043701694626,243.6162523437903,32.38612984528306,24.487192230495957,Paste volume per aperture low,Stencil thickness low,2708,14.4625,0,Open Circuit
0.04195515760202508,99.59525005940348,172.5424876167714,50.569082365976556,23.594891385508667,,Ambient RH high,2709,14.465625,0,No Defect
0.041374666414032125,100.64954627841526,189.36366537086766,40.422648967461136,25.523146047606392,,,2710,14.46875,0,No Defect
0.03927339196582452,96.01527646733383,169.95647272891637,42.3711023922347,26.128039298279106,,Ambient temperature high,2711,14.471875,0,No Defect
0.040088554988362265,99.36296771242745,190.70251221937178,33.552991136378346,27.43820583430311,,Ambient temperature high,2712,14.475,0,No Defect
0.03885368715411968,98.6876932942581,213.91676911107345,33.88569997223819,25.907751413221717,,,2713,14.478125,0,No Defect
0.039488426944040304,97.11891351611874,185.1933129564896,41.32457862742304,25.50382259156395,,,2714,14.48125,0,No Defect
0.0397483457893997,100.97970796919316,234.41896887980323,34.75209604994704,24.407010560618662,,,2715,14.484375,0,No Defect
0.040096024155041224,97.93047724127207,164.590927387909,35.16713002133176,28.5637735390315,,Ambient temperature high,2716,14.4875,0,No Defect
0.04090614323874661,99.16022486030243,185.09256659700765,43.013097859519654,25.027255287106772,,,2717,14.490625,0,No Defect
0.0383988151715751,99.42440890739172,229.12416152297612,31.079066212922,25.78526023138429,,,2718,14.49375,0,No Defect
0.03914866238601709,98.41199424321078,213.89734188500907,42.449881767572,23.405618333902346,,,2719,14.496875,0,No Defect
0.03845079834344848,97.56803820352982,223.89062743640633,45.19135923323676,21.986741921534538,,,2720,14.5,0,No Defect
0.04138395090094863,101.3393482147499,209.0075254713368,42.69125965516192,23.65677821918375,,,2721,14.503125,0,No Defect
0.04012001886998103,98.09498398441649,178.1862319542664,38.20124313112953,26.848076426566102,,Ambient temperature high,2722,14.50625,0,No Defect
0.04023676370885325,99.75006000472024,197.047362387584,33.4766129195497,27.073673348619963,,Ambient temperature high,2723,14.509375,0,No Defect
0.04250147611504815,101.97685581470512,190.6761103268397,44.60457343900375,24.228102518952625,,,2724,14.5125,0,No Defect
0.04241411028689418,100.62636351026379,179.28281291326326,49.05832211824834,23.626676090686725,,,2725,14.515625,0,No Defect
0.03869897538011905,95.40795892132455,185.56570854825233,46.586733157694404,23.933971090512838,,,2726,14.51875,0,No Defect
0.0406535424385892,98.98928483232176,176.44949705243354,39.633839549935026,26.533960850742822,,Ambient temperature high,2727,14.521875,0,No Defect
0.03948963016446383,98.00457750631575,187.4893117773561,34.358798885226236,27.394070225117108,,Ambient temperature high,2728,14.525,0,No Defect
0.03917576809976969,98.23993190178153,194.0103227076813,31.31850316144169,27.878842322538407,,Ambient temperature high,2729,14.528125,0,No Defect
0.040656959982365966,101.97912979351237,234.20082367659614,40.00581433842385,22.887102505757102,,,2730,14.53125,0,No Defect
0.039449326671205785,101.16435968664597,247.44008793338782,37.781835747820175,22.71343183244021,,,2731,14.534375,0,No Defect
0.042513050742591645,102.30057510923277,200.82966324987873,43.39637886641591,23.963195513814984,,,2732,14.5375,0,No Defect
0.03910349606400967,100.42717001104411,247.24751652908958,39.19254824960768,22.310572778193436,,,2733,14.540625,0,No Defect
0.04310139902251848,102.227392809091,193.11779326196387,50.654220293141066,22.316859266282677,,Ambient RH high,2734,14.54375,0,No Defect
0.04150602575984425,100.07277150308013,182.91392885128036,44.51075987877379,24.719560119516043,,,2735,14.546875,0,No Defect
0.037051828995084884,96.56038766963711,224.45475187928906,34.71125599107895,24.99755409721101,,,2736,14.55,0,No Defect
0.0425592296795139,102.76975654627805,203.36880930706684,43.00926939487931,23.916073359029582,,,2737,14.553125,0,No Defect
0.04342375816934232,101.5497501821626,173.0961714831917,50.33161649554249,23.64188293483091,,Ambient RH high,2738,14.55625,0,No Defect
0.04051518607200512,100.47439331845051,214.33931501834445,40.34032616638674,24.006140231380982,,,2739,14.559375,0,No Defect
0.03880760419252772,95.88888355992387,177.05778653780342,38.80154643413822,26.72755431881782,,Ambient temperature high,2740,14.5625,0,No Defect
0.04200406327709598,99.10364942566619,161.07736711482028,45.663937097217925,25.730915075688714,,,2741,14.565625,0,No Defect
0.03891687494349746,96.56722480925735,194.59839863629372,43.19195863004128,24.370205976466377,,,2742,14.56875,0,No Defect
0.036138738197152936,96.39660799519204,250.9135303903142,35.751665238220355,23.06410157866961,,Paste viscosity high,2743,14.571875,0,No Defect
0.042103474760312745,100.25318117474343,169.573288458033,45.42756388568693,25.27068269246031,,,2744,14.575,0,No Defect
0.04129093741661792,101.04310132562826,202.55133652262873,41.5056943524067,24.390798309024515,,,2745,14.578125,0,No Defect
0.04047299053059679,99.42310503250539,204.83097037394427,43.64414667059173,23.62375897059045,,,2746,14.58125,0,No Defect
0.04143031284459278,101.35832105449906,208.38104625529814,43.05185482500411,23.583427552809827,,,2747,14.584375,0,No Defect
0.03987426024427489,97.59673262261626,178.97826552592446,38.723780100264996,26.640170170508608,,Ambient temperature high,2748,14.5875,0,No Defect
0.03896228306113541,94.87471250558278,170.28185704726627,49.668374392886356,23.96327117357017,,Stencil thickness low,2749,14.590625,0,No Defect
0.03964705118298096,98.58978586040864,199.1067451964503,38.58880131192186,25.43955785819539,,,2750,14.59375,0,No Defect
0.03853715128743446,99.74712581700001,231.52559429915033,30.446669596202106,25.81719093085854,,,2751,14.596875,0,No Defect
0.04330614655823772,102.76182277534623,178.8005753718186,41.433111242129584,25.884287985717286,,,2752,14.6,0,No Defect
0.03801232623891149,96.02327057085506,190.50560600941978,33.29070525489972,27.502125186620148,,Ambient temperature high,2753,14.603125,0,No Defect
0.04052209916637287,96.94869221956962,160.34489797993356,45.903514913701976,25.68673879724617,,,2754,14.60625,0,No Defect
0.038897641478177834,97.3691893191422,197.7358070812802,37.4471440185571,25.85132380572888,,,2755,14.609375,0,No Defect
0.044013798291433474,102.0497211934825,154.6072147980831,45.355041402692535,26.227547964684153,Paste volume per aperture high,Ambient temperature high,2756,14.6125,0,Solder Bridging
0.0419101787402621,97.82222183172208,140.5298969606738,47.56996978840377,26.425352081831555,,Paste viscosity low; Ambient temperature high,2757,14.615625,0,No Defect
0.03857230193794054,98.15413247367103,224.14145598812357,40.25592845097882,23.406528661664495,,,2758,14.61875,0,No Defect
0.04079348158080887,99.27351249440069,191.51759640460892,45.91152351395443,23.771147826200412,,,2759,14.621875,0,No Defect
0.0401931813963379,96.93182002057476,183.0252353205836,51.44068468267152,22.677643581307244,,Ambient RH high,2760,14.625,0,No Defect
0.03993857283276091,97.89352662321073,180.63271348199822,41.09717379611063,25.836421931285837,,,2761,14.628125,0,No Defect
0.04338050625531364,102.4536585342393,177.20646596404026,44.17019563894739,25.181148392506408,,,2762,14.63125,0,No Defect
0.03818782973402422,97.29920803661145,210.30684321111852,35.91965197582705,25.51582654120344,,,2763,14.634375,0,No Defect
0.040500369885976675,101.68647923209346,225.4916356797699,37.053822059892475,24.27087908865153,,,2764,14.6375,0,No Defect
0.042272619540743045,102.7758406272753,201.24670554757145,38.92943679158815,25.22556050383254,,,2765,14.640625,0,No Defect
0.04086776963460425,100.22369856992071,198.42093886031788,41.552460251239964,24.61987944919638,,,2766,14.64375,0,No Defect
0.042843542572106805,103.01643492152637,193.95984587845453,40.46913950163101,25.227968197850146,,,2767,14.646875,0,No Defect
0.042645240376674436,101.7729066107547,182.68834944076215,43.139452308317814,25.137606531261785,,,2768,14.65,0,No Defect
0.03935839583938934,98.31517890040936,213.35341560872456,43.933557020232335,22.99818360574385,,,2769,14.653125,0,No Defect
0.03841499631906351,97.1417143194366,217.51574773962042,42.41952055577415,23.178947715081478,,,2770,14.65625,0,No Defect
0.040446456643841985,98.14837554819275,176.65155565579465,41.918897380624614,25.845522514945273,,,2771,14.659375,0,No Defect
0.04222693633043857,103.2299363749506,205.04314206192356,36.093228641412466,25.818538717472407,,,2772,14.6625,0,No Defect
0.04263740690544529,102.5651818389119,194.51899305345867,42.76239513829126,24.51905547529087,,,2773,14.665625,0,No Defect
0.0383864119959725,97.62869767172508,224.58780755238595,41.849136261135996,22.909218760445206,,,2774,14.66875,0,No Defect
0.039578187339583876,95.54753442131434,162.55863519674344,45.87271321698468,25.547309854656483,,,2775,14.671875,0,No Defect
0.03799172186391603,95.83123361643422,204.3778944127997,44.654469578127454,23.321079029149388,,,2776,14.675,0,No Defect
0.037661757930541884,97.76508214863277,228.63330456261025,32.52546519493731,25.376810046709807,,,2777,14.678125,0,No Defect
0.04122807330856318,101.46560378270682,207.01126996150614,38.52127326451686,24.979864840141502,,,2778,14.68125,0,No Defect
0.04098792180195118,101.50771764575877,205.33185778015317,34.25321116126994,26.326227072505098,,Ambient temperature high,2779,14.684375,0,No Defect
0.03991139529585976,98.60029514018655,196.39746489598883,39.39106549191711,25.367564347044436,,,2780,14.6875,0,No Defect
0.0363571119940704,95.17033065626022,222.5601109970287,34.182710885086266,25.254209802692916,,,2781,14.690625,0,No Defect
0.03850516569600183,99.33691949474628,246.26590308504325,37.27498218581586,22.91748591654744,,,2782,14.69375,0,No Defect
0.03930480163103152,94.48586246923271,145.05671767825945,43.256686409328,27.378736889861827,,Stencil thickness low; Paste viscosity low; Ambient temperature high,2783,14.696875,0,No Defect
0.041570042236786904,100.97188239240593,193.70435297989602,42.8516685037178,24.528853011541646,,,2784,14.7,0,No Defect
0.038979295332833654,95.34850982033966,159.54681354447243,39.24516074853973,27.656442534117176,,Ambient temperature high,2785,14.703125,0,No Defect
0.04031871552590098,96.95963352138496,161.40658542421423,42.32410367063563,26.657858304624927,,Ambient temperature high,2786,14.70625,0,No Defect
0.03930672262156445,96.93020100427667,182.12943737700238,40.958775082570824,25.773451856689693,,,2787,14.709375,0,No Defect
0.04106473392563029,98.86724709655957,157.9058480411007,33.98866949757909,29.311485336522907,,Ambient temperature high,2788,14.7125,0,No Defect
0.04060704250716024,103.87012970943854,257.5737657099859,37.600548157833856,22.132559807938982,,Paste viscosity high,2789,14.715625,0,No Defect
0.038904428997911994,98.33296621572204,225.38794389035195,45.41128611156725,21.815006805786453,,,2790,14.71875,0,No Defect
0.040440366368820056,97.54788815182245,176.58294320156452,48.46961329577441,23.9283249670905,,,2791,14.721875,0,No Defect
0.03883920845765665,98.28171211621115,217.68952837188147,39.13663581381491,24.12166166561864,,,2792,14.725,0,No Defect
0.03969768110724197,99.96868795404897,224.36728095883691,38.16052754860947,24.006049482756236,,,2793,14.728125,0,No Defect
0.03955756259091917,99.48944240475869,217.23496201383583,37.303421629930504,24.69145541298613,,,2794,14.73125,0,No Defect
0.03942461608024508,99.54302558216827,221.9106854149712,37.73263558527532,24.27724723570571,,,2795,14.734375,0,No Defect
0.04228728369414564,100.51103893278497,175.165187753911,45.13114347486663,25.006753972104793,,,2796,14.7375,0,No Defect
0.03886150494133804,97.97298709207048,217.37850862639235,40.66775983944129,23.694830043076205,,,2797,14.740625,0,No Defect
0.0377537511021206,95.19279453124271,200.02584941704777,40.61682563868687,24.76594915963218,,,2798,14.74375,0,No Defect
0.041075400272624955,100.58383759700787,196.8347130287173,39.19865532338801,25.398069177557343,,,2799,14.746875,0,No Defect
0.03960997419260055,98.29900885425056,213.01912679527072,47.78346717610725,21.886125865151485,,,2800,14.75,0,No Defect
0.03913562423647706,97.98811056384645,196.82040733098873,34.291364230120166,26.817562284626156,,Ambient temperature high,2801,14.753125,0,No Defect
0.03909201758042823,100.55930421109092,232.99977175990023,29.090236625685716,26.11659446439431,,Ambient RH low; Ambient temperature high,2802,14.75625,0,No Defect
0.03988911876238759,100.0549524974214,219.87679758490285,38.37466655517908,24.215994028976354,,,2803,14.759375,0,No Defect
0.03944504886453041,97.21157742100227,182.6072437908058,40.2740197483882,25.940221181263404,,,2804,14.7625,0,No Defect
0.04281309732329415,101.32344147235754,167.93665617832448,42.565948160690525,26.19827693183728,,Ambient temperature high,2805,14.765625,0,No Defect
0.04194391561678272,101.55621286913802,200.8521898562368,42.10990525286789,24.31105731543478,,,2806,14.76875,0,No Defect
0.03841518763835705,98.97113734548981,231.18184980226306,34.95136505037311,24.505800058902995,,,2807,14.771875,0,No Defect
0.038500176035277764,96.69074245434288,208.97398392746015,42.8007978235738,23.58089039708441,,,2808,14.775,0,No Defect
0.038638913679810434,97.18473344332098,204.47089291375028,38.22075443874132,25.194744627168927,,,2809,14.778125,0,No Defect
0.04049791969999683,98.34930086766576,176.35912613937464,39.16635130979453,26.65781898473735,,Ambient temperature high,2810,14.78125,0,No Defect
0.04164139503865913,102.56002967846108,209.6554458064008,38.340704588118555,24.858151439659608,,,2811,14.784375,0,No Defect
0.04188463292369719,99.89407496683165,167.67558490771302,40.44474347302377,26.827212338810877,,Ambient temperature high,2812,14.7875,0,No Defect
0.041008754684101346,100.83368519477048,198.35462778570863,35.397663844628944,26.41198051194764,,Ambient temperature high,2813,14.790625,0,No Defect
0.03980631954322653,98.48216657418226,191.90244232263933,37.78656736448911,26.09752706749459,,Ambient temperature high,2814,14.79375,0,No Defect
0.039122140489332075,97.50573857626536,202.44932110088402,41.15122769191804,24.464682400245913,,,2815,14.796875,0,No Defect
0.03875022741194903,100.08988632093472,243.84105079880882,34.21971774025211,23.94603108496351,,,2816,14.8,0,No Defect
0.039106340039883905,99.8453319471544,223.1084656245313,30.886100733463095,26.193307117693315,,Ambient temperature high,2817,14.803125,0,No Defect
0.03997271367362009,98.5649456338972,186.23485139000357,35.707735194712924,27.053473919861947,,Ambient temperature high,2818,14.80625,0,No Defect
0.0389075395943887,98.749327811736,226.02203029141756,39.69588750004348,23.439462856237412,,,2819,14.809375,0,No Defect
0.03624124144431571,94.63711996371973,227.1834775653537,39.410317896639555,23.43076281128634,,Stencil thickness low,2820,14.8125,0,No Defect
0.04396162003594878,105.27729407432615,204.98714391060642,42.5109974360608,23.944710049815715,,Stencil thickness high,2821,14.815625,0,No Defect
0.038630199439933254,96.9594163552287,200.61832303348262,38.38738833006225,25.377227372583334,,,2822,14.81875,0,No Defect
0.04067141866756591,100.32175195198063,214.38059889735322,43.23500545813507,23.134810079030306,,,2823,14.821875,0,No Defect
0.035338660993479085,93.89732917528768,235.61093747660544,37.543874775823255,23.45051336340884,Paste volume per aperture low,Stencil thickness low,2824,14.825,0,Open Circuit
0.03955370058177516,98.68476359333755,197.5557380943169,35.371107234763194,26.44998443119037,,Ambient temperature high,2825,14.828125,0,No Defect
0.041206559722036185,101.08962325037787,212.02465928274194,42.36421909385117,23.537245549797053,,,2826,14.83125,0,No Defect
0.04098065497563689,100.49456852426346,195.04354426910712,34.52185759482049,26.86893772547709,,Ambient temperature high,2827,14.834375,0,No Defect
0.03973475492014571,97.93133408928645,196.73425399887012,43.39767157501646,24.158663206654747,,,2828,14.8375,0,No Defect
0.0366405947715185,94.10348003017901,220.25818173916295,47.19833308386649,21.57961036845498,,Stencil thickness low,2829,14.840625,0,No Defect
0.039684034303076494,98.29532820556801,205.22799407506199,43.20717176386077,23.693241185159465,,,2830,14.84375,0,No Defect
0.03939397380687753,100.85939151251884,243.33070866023203,38.06761287993295,22.849675172882367,,,2831,14.846875,0,No Defect
0.04184043271949908,100.36384080995147,181.26509423663288,45.11944659322091,24.616307364848563,,,2832,14.85,0,No Defect
0.04035351196355146,99.85608054677765,208.25027525421243,40.300492021642704,24.36047150803963,,,2833,14.853125,0,No Defect
0.03774770468279336,98.58262578920974,250.20972590702473,39.664725512482335,21.945808684573958,,Paste viscosity high,2834,14.85625,0,No Defect
0.0384888277802338,99.36561395585755,226.1231561903462,26.952105634953412,27.14761394260608,,Ambient RH low; Ambient temperature high,2835,14.859375,0,No Defect
0.04033393780471555,101.33990904696026,224.37916344202102,35.01810126958725,24.91221706966495,,,2836,14.8625,0,No Defect
0.04081677652104672,100.31939210199533,200.50209745008726,36.92588277653918,25.826486160065947,,,2837,14.865625,0,No Defect
0.042470299751458634,101.6395690202992,182.6385106416286,42.628762900947684,25.26312790392434,,,2838,14.86875,0,No Defect
0.039608048460271175,98.71303968118576,202.6664744201992,38.00408368576391,25.36380057645128,,,2839,14.871875,0,No Defect
0.037566100712034256,96.72792022463133,213.39736234911703,33.03004877118824,26.140676787152692,,Ambient temperature high,2840,14.875,0,No Defect
0.03951121194989729,96.90552242306082,182.27628095624473,41.085715214375,25.715594043054992,,,2841,14.878125,0,No Defect
0.039742600852741054,100.89619625005105,239.2324666321042,38.65064872007375,22.93288905502781,,,2842,14.88125,0,No Defect
0.039316037752302385,98.28166553088373,203.53779313561483,38.97458089323559,25.02169368126803,,,2843,14.884375,0,No Defect
0.04138910134001329,101.5118682934084,211.43379964627377,42.61473205585478,23.491556233419843,,,2844,14.8875,0,No Defect
0.042958526414597464,104.23143692039616,207.98327901682512,37.53287437856726,25.200850602928448,,,2845,14.890625,0,No Defect
0.040958037394387845,99.6121650413097,181.494630939443,38.18955996838317,26.615888257958574,,Ambient temperature high,2846,14.89375,0,No Defect
0.04126243209497292,100.63487788548726,194.94052289652933,40.87591157218624,25.007511105970252,,,2847,14.896875,0,No Defect
0.039191352116686735,97.87193472279267,192.1617941733999,34.0987920104263,27.14196293916304,,Ambient temperature high,2848,14.9,0,No Defect
0.04059098993413806,101.49046879593739,220.69699691075832,36.553534970673226,24.68448622654,,,2849,14.903125,0,No Defect
0.04407496790247307,103.1764216765383,165.31687904843363,42.034302338302446,26.507974726930236,Paste volume per aperture high,Ambient temperature high,2850,14.90625,0,Solder Bridging
0.0394389859745993,99.44996191527508,226.6314189732085,42.12170747052052,22.684001626838732,,,2851,14.909375,0,No Defect
0.03878513364863062,97.5915640346819,210.57694783511928,41.31101543261998,23.89996953543772,,,2852,14.9125,0,No Defect
0.039339220121385764,98.97535841914139,220.07969028214137,40.8778515815267,23.44884193824523,,,2853,14.915625,0,No Defect
0.039684477641540816,99.83166862071734,210.55031747638247,30.583330786374162,27.04636056797578,,Ambient temperature high,2854,14.91875,0,No Defect
0.04088951256593018,100.59008528257047,197.32447000607914,37.076198997622356,25.964929442544523,,,2855,14.921875,0,No Defect
0.03724435422055296,98.01230519530897,246.88949847731178,33.29337488201023,24.002246783448477,,,2856,14.925,0,No Defect
0.03649489296531999,96.17764098642053,238.55313488852588,35.13548703587123,23.969005605572555,,,2857,14.928125,0,No Defect
0.03759303232591302,95.72113164002222,202.43572523776734,35.96237543689007,25.951443463366093,,,2858,14.93125,0,No Defect
0.04074792925943078,99.19985791689759,182.82606320527904,41.08419734331806,25.679347845311728,,,2859,14.934375,0,No Defect
0.04024922075342458,98.16549008573676,193.88569534332834,44.93239605163488,23.88075304625156,,,2860,14.9375,0,No Defect
0.038789232705809085,96.17940814780036,186.9988358038804,39.753179257731304,25.80148870023217,,,2861,14.940625,0,No Defect
0.04004726967354545,98.13839179818993,186.4138967364746,40.25563656285641,25.698857853377202,,,2862,14.94375,0,No Defect
0.03974183441713244,99.71931868464291,220.0896286196361,40.0401807195409,23.691553006406092,,,2863,14.946875,0,No Defect
0.03805302590420572,96.33625090480369,217.25220785505684,44.03731756050388,22.686925346553735,,,2864,14.95,0,No Defect
0.03964697398064837,98.72227156970186,188.9053939942893,32.97886223851195,27.661978418813607,,Ambient temperature high,2865,14.953125,0,No Defect
0.04057147497418308,99.17437904626316,183.75610354975808,36.07297141684026,27.087294886313046,,Ambient temperature high,2866,14.95625,0,No Defect
0.04188832616198541,100.59211221071088,179.91335505042372,39.80305272515667,26.244001273051108,,Ambient temperature high,2867,14.959375,0,No Defect
0.04254670821445279,102.98803417931316,204.65964324031077,41.62675875145099,24.195860486410425,,,2868,14.9625,0,No Defect
0.03957244294140949,97.57513675158712,179.92804984714363,37.042146946675416,27.024994064546025,,Ambient temperature high,2869,14.965625,0,No Defect
0.042080120497658406,102.12417413622927,203.24501636039193,42.459211067071706,24.034338459314693,,,2870,14.96875,0,No Defect
0.04323138787699564,102.17950693017589,178.2025918066555,43.62481979584707,25.24180852457935,,,2871,14.971875,0,No Defect
0.04083016842641141,100.00578927551582,192.69006432615151,36.28901593745711,26.47675230645273,,Ambient temperature high,2872,14.975,0,No Defect
0.04208045411519802,100.17035304931339,171.38670795610204,44.587986357066825,25.363766506119717,,,2873,14.978125,0,No Defect
0.03873552650905207,96.62272222787607,205.9927260086695,47.787223692788146,22.279021431937338,,,2874,14.98125,0,No Defect
0.04136255332481847,99.49365956238374,191.48992986707785,49.172277348915614,22.788865639319173,,,2875,14.984375,0,No Defect
0.03981645882062755,98.3547656281981,206.92151885553326,46.11980548352322,22.719969112157862,,,2876,14.9875,0,No Defect
0.04044409628960614,98.22376128388952,178.10373482780972,41.03495176234862,25.97731429054546,,,2877,14.990625,0,No Defect
0.03807377502023297,98.528546222947,232.35754565306885,33.306717323250226,24.88607461418113,,,2878,14.99375,0,No Defect
0.03897701605392789,99.75592102279133,226.39543655884398,32.10066725109805,25.610287139026283,,,2879,14.996875,0,No Defect
0.03990563411917553,97.09709550846222,183.23966250389856,46.713486102695455,23.99773305412322,,,2880,15.0,0,No Defect
0.04123054358442455,100.6024319209766,189.4073313171687,35.54893289729058,26.892169714618266,,Ambient temperature high,2881,15.003125,0,No Defect
0.04053817241876029,98.68353903174696,180.69958021952567,38.85224012059371,26.455301827888107,,Ambient temperature high,2882,15.00625,0,No Defect
0.038528603242772005,95.13699875399395,187.47014947318678,47.397368346766086,23.525839066862474,,,2883,15.009375,0,No Defect
0.040237088372103644,97.93952235370186,180.70348611161916,41.378252194176504,25.71408625507607,,,2884,15.0125,0,No Defect
0.04348375724557307,101.7868195529882,160.93373937835807,41.67216624031208,26.86732528104795,,Ambient temperature high,2885,15.015625,0,No Defect
0.03712647252929414,95.01029286538738,217.20421168375287,43.39012630414303,22.86102821898951,,,2886,15.01875,0,No Defect
0.04370847574466709,102.90564485930922,171.94768573922522,41.0355391384341,26.37742195809127,,Ambient temperature high,2887,15.021875,0,No Defect
0.042184470971761145,101.80957245237056,200.54662201144848,45.77959479074479,23.22247927284702,,,2888,15.025,0,No Defect
0.03835677656208294,97.16495604131292,206.1245251704302,35.875630170325934,25.742701119253883,,,2889,15.028125,0,No Defect
0.03970755207920931,98.77747616168702,204.2732317517595,39.96067984679865,24.672712995755756,,,2890,15.03125,0,No Defect
0.03617968660313366,95.66871826281219,243.25490238883896,38.03949096605259,22.814822407429432,,,2891,15.034375,0,No Defect
0.038025855674219,97.54403019704131,224.50067447695545,36.81226854330474,24.338953213713143,,,2892,15.0375,0,No Defect
0.038353215761696154,99.54152458994776,243.90560072530607,31.541228840950673,24.69352512298815,,,2893,15.040625,0,No Defect
0.041668866559444726,100.06184970155705,171.86406379096562,38.1652422480774,27.200742807702692,,Ambient temperature high,2894,15.04375,0,No Defect
0.040855420493576114,100.73353014717082,200.64449448457097,34.961225873734286,26.36507824168516,,Ambient temperature high,2895,15.046875,0,No Defect
0.03850619869035491,95.9624675475659,184.95870063962423,37.98201594830816,26.423730250294422,,Ambient temperature high,2896,15.05,0,No Defect
0.03881022802170658,97.68436556555977,218.49792921403431,42.09623799310071,23.170834670092578,,,2897,15.053125,0,No Defect
0.04079152007898916,99.51318752718916,187.69548753528753,39.80357817888983,25.74082439975461,,,2898,15.05625,0,No Defect
0.036159107440651685,94.17388797952451,231.8217300798215,45.05074694970127,21.465523316637974,,Stencil thickness low,2899,15.059375,0,No Defect
0.04204003339576892,100.92559419554514,189.79749328525605,45.473703802131304,23.965764922901343,,,2900,15.0625,0,No Defect
0.03943991953421126,98.52774037213908,203.63473637772415,37.18304281324018,25.517479770016156,,,2901,15.065625,0,No Defect
0.03862485530445689,97.11897454713679,199.59948220257058,35.756372793258116,26.175667896678565,,Ambient temperature high,2902,15.06875,0,No Defect
0.040699661198734076,100.79934463128853,208.57278729133628,38.539295692747174,24.82477739860926,,,2903,15.071875,0,No Defect
0.04087677830005843,99.93703093501212,198.0486549230426,42.950105001161596,24.184103876563686,,,2904,15.075,0,No Defect
0.04232189376066584,101.23400800138516,186.60419162776265,45.74099802608232,24.082119692133766,,,2905,15.078125,0,No Defect
0.03944617257736227,98.32536329953881,210.01525578346212,43.13147677429752,23.38551047488608,,,2906,15.08125,0,No Defect
0.037376051939056035,96.5553922082183,218.50184240378363,31.92118467812449,26.125831921334424,,Ambient temperature high,2907,15.084375,0,No Defect
0.040567679600693886,101.1998351086782,219.92307277678543,37.51602394949267,24.426607072152304,,,2908,15.0875,0,No Defect
0.037313705378061904,96.84866217424454,229.39061538746313,36.314342330479796,24.169412365990002,,,2909,15.090625,0,No Defect
0.03857734885529351,97.61531803638648,223.39578585135618,44.03388920104492,22.29277709762162,,,2910,15.09375,0,No Defect
0.037667626327424875,94.32625765990127,196.11375427613675,44.530760212900425,23.817606988863837,,Stencil thickness low,2911,15.096875,0,No Defect
0.04229800321236504,99.04285502274665,163.40994589829631,50.87320576084309,24.00702098023962,,Ambient RH high,2912,15.1,0,No Defect
0.03956977865690763,97.47791759052986,193.24184838362393,41.92645360233824,24.76745624527239,,,2913,15.103125,0,No Defect
0.03961637212812158,96.69611498769186,180.26506054938355,42.25083094529201,25.469865231434405,,,2914,15.10625,0,No Defect
0.04031757782866157,98.88922643734999,195.40226632940707,42.45699014446342,24.482003221400603,,,2915,15.109375,0,No Defect
0.039887992348608715,94.39068511571558,143.72640312943153,48.78382974877331,25.80316217188502,,Stencil thickness low; Paste viscosity low,2916,15.1125,0,No Defect
0.040549135737902385,100.92649222504804,213.57047362742486,35.058461258244506,25.531956307784757,,,2917,15.115625,0,No Defect
0.03767695839837388,95.66200886482635,213.46121060044885,42.85122711580629,23.23826308681471,,,2918,15.11875,0,No Defect
0.03687446427256415,95.93223516805257,231.7921713964918,36.777982583533465,23.883737647943985,,,2919,15.121875,0,No Defect
0.04231388730644163,103.62095048405374,217.80938975854306,39.340764198515636,24.031262941445696,,,2920,15.125,0,No Defect
0.04365213250571972,101.74272547190739,156.50847213777115,42.431192977095535,26.901031247176466,,Ambient temperature high,2921,15.128125,0,No Defect
0.04384048908622881,102.84476821968615,179.34207409879545,47.00571221992852,24.165624644226657,,,2922,15.13125,0,No Defect
0.042568523404269296,100.59665730155021,179.10141578377724,50.60720034630117,23.115565126682704,,Ambient RH high,2923,15.134375,0,No Defect
0.04318116444998836,104.93349786311926,214.20001599519733,36.34195176372765,25.136068561655186,,,2924,15.1375,0,No Defect
0.04390421101662345,102.16795502767604,169.75169364313857,48.00405383974883,24.463350509346572,,,2925,15.140625,0,No Defect
0.03878227450309056,96.06544913013708,186.92557621562634,40.4370441224909,25.57687553555783,,,2926,15.14375,0,No Defect
0.03991060799787668,99.56692092093333,209.93708724176184,36.63024664540867,25.285488525151436,,,2927,15.146875,0,No Defect
0.04355679409158207,102.68538178763315,164.85471242724662,36.80494951689168,28.027861104508695,,Ambient temperature high,2928,15.15,0,No Defect
0.043209732579380204,103.38615112753133,188.17996865986058,41.03945333084555,25.351056770975806,,,2929,15.153125,0,No Defect
0.042167760967938124,99.49357218211175,148.48561625450932,36.49203627842626,29.113206419264802,,Paste viscosity low; Ambient temperature high,2930,15.15625,0,No Defect
0.04367359005917433,102.78524987897295,170.31607841541,41.29916328929806,26.378263269100323,,Ambient temperature high,2931,15.159375,0,No Defect
0.04107999918379578,101.490228270798,211.35524432375644,36.191584564575216,25.33395249631539,,,2932,15.1625,0,No Defect
0.04139550997155016,100.3575089880774,204.65724157621258,47.32063587369343,22.497302455142034,,,2933,15.165625,0,No Defect
0.040727192970532136,98.67609655839621,185.67225609324177,43.03818733327279,24.90683220579033,,,2934,15.16875,0,No Defect
0.043288768368322496,101.58724180548556,163.07714957644822,43.687779751177025,26.118317287616726,,Ambient temperature high,2935,15.171875,0,No Defect
0.03879475298274844,98.3757407137972,225.0502280133499,41.45030534045061,22.933865880243484,,,2936,15.175,0,No Defect
0.041036647223207774,99.25498199846585,180.22137538822315,41.95439589153343,25.55370339869956,,,2937,15.178125,0,No Defect
0.040483885612777826,99.5128055619685,192.48061680507683,38.06868341003849,25.93164101858932,,,2938,15.18125,0,No Defect
0.03654521361750874,95.73363508397014,226.22682451690693,34.421833152705204,24.89407838552036,,,2939,15.184375,0,No Defect
0.039379974023170054,98.67674536872583,211.39715144573512,39.45141429246187,24.35847513054216,,,2940,15.1875,0,No Defect
0.04287320048836026,102.38054736000171,195.9226744900363,46.978216182455576,23.13771582491117,,,2941,15.190625,0,No Defect
0.037766373930903444,95.85376311738453,216.75523018215915,45.376078042631306,22.285146656151863,,,2942,15.19375,0,No Defect
0.03509807919772657,93.64339231659247,231.52236550059493,33.925734609524945,24.703694106977128,Paste volume per aperture low,Stencil thickness low,2943,15.196875,0,Open Circuit
0.041524010267740975,101.63594824876053,208.67489935992177,38.36537424786979,24.86357593958926,,,2944,15.2,0,No Defect
0.04400753946107977,103.31348002456203,178.57546535071796,45.03595104495395,24.776865357986832,Paste volume per aperture high,,2945,15.203125,0,Solder Bridging
0.03585501564475914,94.36202130317773,226.87021053856148,37.404401589597924,23.97456695824574,Paste volume per aperture low,Stencil thickness low,2946,15.20625,0,Open Circuit
0.037136196947690006,96.51564591948261,224.25969497520413,31.85151758658215,25.771101186086963,,,2947,15.209375,0,No Defect
0.04094358610662917,101.4021174193438,218.0192167352403,40.02976447769216,23.79224779557734,,,2948,15.2125,0,No Defect
0.04017623994631087,99.90080397136681,196.02774788793562,31.275133604293924,27.691046640416783,,Ambient temperature high,2949,15.215625,0,No Defect
0.042022654664820844,100.64388982471812,182.3140835876901,40.93626194074684,25.73020496984309,,,2950,15.21875,0,No Defect
0.041091121628589355,100.63064676877347,196.55085682070674,36.42822535041608,26.16318524984389,,Ambient temperature high,2951,15.221875,0,No Defect
0.03879204803363219,98.17214284709078,203.4625111313827,30.469503273353347,27.459013450671364,,Ambient temperature high,2952,15.225,0,No Defect
0.04076440458651109,99.79285474368929,209.4038688568888,43.6192285524521,23.27591195747535,,,2953,15.228125,0,No Defect
0.03930223321678564,99.232799689877,225.79170317062747,38.63037116011146,23.711329704649835,,,2954,15.23125,0,No Defect
0.03929850830604864,99.6891599050076,220.27455297160984,32.86806582947044,25.729381043778098,,,2955,15.234375,0,No Defect
0.041836770171181994,99.96183848364603,176.6499497078156,43.85677153775858,25.215826953000473,,,2956,15.2375,0,No Defect
0.04154269056698,100.62470498896027,189.48165847687346,39.505451634713765,25.69805565189595,,,2957,15.240625,0,No Defect
0.0404341201042591,99.04793228120225,194.24560946551333,39.11790021728501,25.512357789235505,,,2958,15.24375,0,No Defect
0.04031501144173854,100.42750617930488,215.26727154491365,35.724676382249726,25.212505849326607,,,2959,15.246875,0,No Defect
0.039652258752211685,99.4260199914358,202.9462576649262,31.53847503755062,27.180112612067912,,Ambient temperature high,2960,15.25,0,No Defect
0.03884946375691644,97.75034797323906,206.1420636357624,35.778127635918395,25.741467050395183,,,2961,15.253125,0,No Defect
0.038763882282357186,98.45860411568012,216.84993869345226,33.59415695390609,25.72138460783507,,,2962,15.25625,0,No Defect
0.04167103015547088,98.04195489222471,149.8678479770122,44.614472619286175,26.632937624752646,,Paste viscosity low; Ambient temperature high,2963,15.259375,0,No Defect
0.03740756240553378,97.72065814994502,245.08627059580422,37.1998506778265,22.92192931567202,,,2964,15.2625,0,No Defect
0.040786675070572716,100.17088294961451,211.56233452665333,45.71525015774289,22.517519070386577,,,2965,15.265625,0,No Defect
0.04110132629518644,99.03201457911024,183.08621285098943,45.006938293701864,24.474270884077864,,,2966,15.26875,0,No Defect
0.03978807201916577,98.93139641954569,203.58318157766598,38.14726355641934,25.20873940885771,,,2967,15.271875,0,No Defect
0.03994678900405033,99.03599064642972,212.88942680844778,44.08474864016081,22.90521864654062,,,2968,15.275,0,No Defect
0.03833359752377132,98.00504696808287,226.44796246986934,38.94213798651935,23.559373141118783,,,2969,15.278125,0,No Defect
0.036840939218995145,93.41731984218225,198.46355945572887,42.368817099788686,24.267462309059844,,Stencil thickness low,2970,15.28125,0,No Defect
0.04019868662838369,98.77391836027678,194.96564285312397,39.33208940354901,25.39535225949278,,,2971,15.284375,0,No Defect
0.038983381414478845,97.28997728151568,199.12965568412352,38.579359687480405,25.347926850884885,,,2972,15.2875,0,No Defect
0.0397742527771974,99.90144447780337,229.22084002898956,42.76424746729673,22.284016586770914,,,2973,15.290625,0,No Defect
0.040568464382772236,100.48769950694354,211.49756392726275,39.85448315050384,24.22587909796149,,,2974,15.29375,0,No Defect
0.039374123848572785,99.33260477979715,221.07311089313893,37.159188610728016,24.41778581148474,,,2975,15.296875,0,No Defect
0.04028875918329688,100.37720598406013,220.85130786753464,40.861694612144134,23.356342656377258,,,2976,15.3,0,No Defect
0.04221188215448132,100.80237736511864,173.76522015863034,41.03788803578692,26.205471206404262,,Ambient temperature high,2977,15.303125,0,No Defect
0.03879928408582808,95.24153520855691,180.95865124884787,43.0540133439853,25.154862773589937,,,2978,15.30625,0,No Defect
0.041023129473213016,100.74999025714473,200.9652870735528,37.17366138322713,25.657895493155703,,,2979,15.309375,0,No Defect
0.039046164874661546,98.17801933950548,208.80346596253932,36.45933903140944,25.369577640177017,,,2980,15.3125,0,No Defect
0.04197056840864086,101.4185765866659,198.98269522782996,44.80211534296462,23.555941557808076,,,2981,15.315625,0,No Defect
0.0393766388603331,95.68593990482167,190.70164185306837,53.416224253230546,21.53160834162427,,Ambient RH high,2982,15.31875,0,No Defect
0.0378464469221088,97.92871683105597,245.27952439955067,40.562957159703245,21.922881001315254,,,2983,15.321875,0,No Defect
0.039758589245168965,95.63254167322009,162.36888750161987,46.29077452716605,25.348872773065338,,,2984,15.325,0,No Defect
0.03950579162062182,98.97356978141279,216.75200883657683,37.94558362193005,24.45246738668026,,,2985,15.328125,0,No Defect
0.04423694709366501,101.27104721677298,143.940742646131,50.18113321229504,25.375590969338173,Paste volume per aperture high,Paste viscosity low; Ambient RH high,2986,15.33125,0,Solder Bridging
0.03910704110921053,98.15346119451326,210.36572145870997,37.58442200468921,24.94313919976515,,,2987,15.334375,0,No Defect
0.03951305051869125,98.4364371680656,201.05060725304187,35.40577201672884,26.154321067235376,,Ambient temperature high,2988,15.3375,0,No Defect
0.04298313198940563,101.86434537001361,176.86010567890557,43.008998241343384,25.441085527720986,,,2989,15.340625,0,No Defect
0.04324909893478119,102.0168211634607,179.69809915128013,44.83754194182879,24.738393728993714,,,2990,15.34375,0,No Defect
0.0404784743946217,99.17759924625264,192.2947471416979,38.41258384699113,25.818212484890726,,,2991,15.346875,0,No Defect
0.041093923647733226,99.69960125042574,191.26513133078944,42.3617800419612,24.731570361826307,,,2992,15.35,0,No Defect
0.03965136290105108,98.44600293813541,219.5893615385668,48.043798844616894,21.322904091454667,,,2993,15.353125,0,No Defect
0.04076186131971506,99.18861922438964,197.5933013369782,45.06431385143929,23.551405998091546,,,2994,15.35625,0,No Defect
0.03941870853189706,96.93510056182849,189.73724239540422,41.59759722998573,25.035768944614464,,,2995,15.359375,0,No Defect
0.03792298113934423,96.2754720877351,201.24751270302806,37.551467073887046,25.489073674316515,,,2996,15.3625,0,No Defect
0.04001706919243347,100.27626430527229,226.40012315658092,41.21715327252007,22.897169507607565,,,2997,15.365625,0,No Defect
0.042349970173268914,102.30722228448248,199.63924834475858,41.20195122650961,24.562445490872925,,,2998,15.36875,0,No Defect
0.03841782797901147,98.79810667099572,241.83920352878206,37.966595101384335,22.889197696225853,,,2999,15.371875,0,No Defect
0.039750541752453426,98.47206818987875,201.706403607296,41.122282842052186,24.435351200113598,,,3000,15.375,0,No Defect
0.03852793541707021,98.90547931216817,230.0526649819097,32.30716408126767,25.264659781332348,,,3001,15.378125,0,No Defect
0.039425934106313267,100.21761553185087,237.43012599365528,39.52140178370727,22.707333116210933,,,3002,15.38125,0,No Defect
0.04164581644381672,99.50821916959731,174.21840476619985,41.82248276623274,25.93486844507434,,,3003,15.384375,0,No Defect
0.04118987452931174,100.12512601807424,201.46648948623383,43.56763813097927,23.750376186595823,,,3004,15.3875,0,No Defect
0.037828807378260346,96.71158912454996,222.6315500929648,39.31200087781322,23.664821409030452,,,3005,15.390625,0,No Defect
0.03833072251290806,94.91808866763635,186.7455479013331,46.142623703132934,23.870886739318905,,Stencil thickness low,3006,15.39375,0,No Defect
0.04212578148683738,100.93870588063298,176.46383094656323,36.89933254441236,27.235997549347182,,Ambient temperature high,3007,15.396875,0,No Defect
0.039296512405485505,96.33932083659981,171.74394626142686,36.4817901888286,27.623522325234877,,Ambient temperature high,3008,15.4,0,No Defect
0.039988867070710164,98.08974796128861,192.500409748843,43.111015249053914,24.415947338931836,,,3009,15.403125,0,No Defect
0.03978900592718395,99.75438302113659,212.0221465182565,34.238216751182655,25.809267636227602,,,3010,15.40625,0,No Defect
0.03784854781696702,96.05442440277645,196.06669708564834,34.711847029019594,26.62852812931552,,Ambient temperature high,3011,15.409375,0,No Defect
0.04275875316006819,101.5594712264374,183.3068544838645,44.091803282530854,24.717480764837717,,,3012,15.4125,0,No Defect
0.04113140682272444,100.74935360837402,207.93334169958908,41.45018341319285,23.964233782740585,,,3013,15.415625,0,No Defect
0.03722722413985624,96.6611844548364,236.84398856792524,40.74339689293971,22.360905675350566,,,3014,15.41875,0,No Defect
0.038666849721750454,95.20149021706133,186.6057403459525,43.85914100461544,24.551686890180754,,,3015,15.421875,0,No Defect
0.03960985961971104,98.26741163333665,201.94563011307807,40.014871074713774,24.73531644186807,,,3016,15.425,0,No Defect
0.040025491253666376,95.86267047730304,165.05146042564516,47.27710482501881,24.88276543904542,,,3017,15.428125,0,No Defect
0.03858384104763861,96.58641012415313,208.0032096157944,43.6940241565767,23.280350889708128,,,3018,15.43125,0,No Defect
0.042054517295818356,100.67331594955887,187.43186183855812,45.611323505099044,24.008396416596597,,,3019,15.434375,0,No Defect
0.04256198341532552,99.45140658859175,161.2798618270739,47.44512054493382,25.085762530099366,,,3020,15.4375,0,No Defect
0.04323845772010865,101.70232756117278,170.19536265721604,44.104520474075635,25.51382203162481,,,3021,15.440625,0,No Defect
0.04316256063826896,102.1542556922579,177.51198156761797,41.42612490673743,25.84835598707401,,,3022,15.44375,0,No Defect
0.03890813591584742,97.1919286938037,199.06714222058267,37.43565945727697,25.65677611893955,,,3023,15.446875,0,No Defect
0.038208339493899124,97.14043980929037,219.77592737566513,40.15801335188013,23.58277504402241,,,3024,15.45,0,No Defect
0.03958134224545035,98.9098759161991,212.76076745832893,38.871879280301826,24.40089592867346,,,3025,15.453125,0,No Defect
0.039186132938301886,96.42810636873187,181.8408844468599,40.062947666353274,25.945227081290483,,,3026,15.45625,0,No Defect
0.043096769366513715,101.13127548990133,171.90949523555122,47.51432759278032,24.409346987126295,,,3027,15.459375,0,No Defect
0.04100224364036274,98.42172926440126,164.0373967803621,38.88820912211894,27.39270508569673,,Ambient temperature high,3028,15.4625,0,No Defect
0.0382949249420809,95.37627860400549,191.55073401605085,43.61833430124406,24.299489639606794,,,3029,15.465625,0,No Defect
0.04102666640042748,99.62686218460273,182.4890529786072,38.40159234034472,26.40100292531788,,Ambient temperature high,3030,15.46875,0,No Defect
0.04003761553743813,98.32492861427878,199.20767883219384,42.34470970157397,24.220332135836603,,,3031,15.471875,0,No Defect
0.03853932721142568,96.60487614269113,179.61803149552622,31.238980636625733,28.643509104518028,,Ambient temperature high,3032,15.475,0,No Defect
0.03866534049488272,95.92908500605269,187.2197237377593,40.75348702065884,25.403703061815047,,,3033,15.478125,0,No Defect
0.039753740001172135,100.79478510415785,226.05590289088735,31.881306520110712,25.620987205808255,,,3034,15.48125,0,No Defect
0.04109951123409318,99.99249512010068,197.03352487164665,41.94891502621535,24.473672093732322,,,3035,15.484375,0,No Defect
0.03930543903445405,95.47678603048993,168.3269167997197,41.91857743297151,26.22960731895185,,Ambient temperature high,3036,15.4875,0,No Defect
0.03954937103670371,99.839374003606,228.78422042405904,38.83522220768976,23.41994959426279,,,3037,15.490625,0,No Defect
0.03815831167497204,94.0383624444989,176.19628746032618,44.81506615974764,24.88694907667942,,Stencil thickness low,3038,15.49375,0,No Defect
0.0390697194962624,98.40135328085293,214.6977095368515,39.52460161278433,24.074289292420886,,,3039,15.496875,0,No Defect
0.041668887397183704,101.38124502613684,192.77896298137244,36.827852877988605,26.22833526530351,,Ambient temperature high,3040,15.5,0,No Defect
0.041054764031572856,100.42033354404248,203.49817616590218,44.478080288249885,23.32754086645365,,,3041,15.503125,0,No Defect
0.04162858627704058,99.73532700183962,184.2728795075358,46.509129790135155,23.921957734599744,,,3042,15.50625,0,No Defect
0.0429033473606901,100.46921983587704,159.47992204011868,44.28363235172963,26.103465647731593,,Ambient temperature high,3043,15.509375,0,No Defect
0.04031208457769578,100.71008911788665,216.20826728008524,33.71492528327491,25.69084644182274,,,3044,15.5125,0,No Defect
0.03986575913649241,99.29336430791126,210.40734919840517,37.97534155996992,24.796992366307883,,,3045,15.515625,0,No Defect
0.040050177334719196,98.37017360743671,192.99626539035015,39.747258505897534,25.348669196312198,,,3046,15.51875,0,No Defect
0.04033746377306426,101.99972164006347,238.19090423387667,34.42892376651994,24.131071192181597,,,3047,15.521875,0,No Defect
0.0407194268394699,100.72743979626736,215.65467670802582,40.78518220490496,23.65763764131463,,,3048,15.525,0,No Defect
0.03808312704898867,97.2785709002289,212.78889288736335,32.73667920358248,26.162874299926752,,Ambient temperature high,3049,15.528125,0,No Defect
0.040621753495101026,99.77164647304006,204.15388982763164,41.62380749826314,24.116976297919532,,,3050,15.53125,0,No Defect
0.03954603254155958,99.46048325636919,226.2274644915699,38.98754445240804,23.52675706688927,,,3051,15.534375,0,No Defect
0.03873570990686587,98.81235971518466,235.45600213891626,38.47116466948471,23.10382833466221,,,3052,15.5375,0,No Defect
0.043190655159659544,102.44253698270035,191.97016590068313,47.94614429291551,23.035742952133017,,,3053,15.540625,0,No Defect
0.039669562333476495,98.42509790623704,203.75137825854407,40.94308539715764,24.328715785170953,,,3054,15.54375,0,No Defect
0.03489301969399613,91.89058165582952,201.9792195858908,31.308641278746535,27.212570311128,Paste volume per aperture low,Stencil thickness low; Ambient temperature high,3055,15.546875,0,Open Circuit
0.040492617608089365,97.94896800689229,183.54429672539644,45.878557290084444,24.133236279423347,,,3056,15.55,0,No Defect
0.0374500967862864,96.15793772646428,230.31631527226563,44.56238951012315,21.621448194699223,,,3057,15.553125,0,No Defect
0.0387303053515095,98.5942719786687,222.42551392064382,34.04629605686998,25.190333127185138,,,3058,15.55625,0,No Defect
0.04017807496171364,98.06100780140201,188.15462019285746,39.37262482847008,25.752115459954204,,,3059,15.559375,0,No Defect
0.035771512868619744,95.89705044861101,254.33500420162176,33.745242183302324,23.295001427996475,Paste volume per aperture low,Paste viscosity high,3060,15.5625,0,Open Circuit
0.038298820110450355,97.09697196015026,219.03148230995572,36.638553606768,24.64192462091519,,,3061,15.565625,0,No Defect
0.039960614709664846,98.40649517775724,205.82576960924118,43.50429939902633,23.455826024024613,,,3062,15.56875,0,No Defect
0.03666769898464434,97.34111170430924,250.26463168077353,31.163946891170898,24.30367878685947,,Paste viscosity high,3063,15.571875,0,No Defect
0.04110661494495224,100.25960136868301,214.08483743977845,48.839037153120316,21.39623985167892,,,3064,15.575,0,No Defect
0.03902362343106922,97.21044600729914,191.19880649577885,35.45209576488428,26.691130238048782,,Ambient temperature high,3065,15.578125,0,No Defect
0.03893316707923543,96.57789346055522,203.18929730704127,43.74236534252473,23.537928856544454,,,3066,15.58125,0,No Defect
0.03799473958570946,94.68209780174247,190.40222738694328,42.44302169947222,24.690820909961737,,Stencil thickness low,3067,15.584375,0,No Defect
0.0420053164782219,99.79833858401223,177.44898025695878,48.124367977106914,23.853925521432163,,,3068,15.5875,0,No Defect
0.041281915400366846,99.66088351560323,191.75219086114566,42.95917916529064,24.48512753137253,,,3069,15.590625,0,No Defect
0.0393194619330662,96.85361712828738,186.298903523941,39.704301475378564,25.75015790839542,,,3070,15.59375,0,No Defect
0.03929094956846124,96.90903117193172,188.6791075509504,39.35048843898312,25.70784537458726,,,3071,15.596875,0,No Defect
0.03719445458334639,95.97824095572422,218.91764336642993,36.135652368461514,24.770090042765844,,,3072,15.6,0,No Defect
0.03905714557932269,100.11461441372822,233.26281463832424,31.2056300758554,25.34629604991058,,,3073,15.603125,0,No Defect
0.0376546588998145,98.36502105914789,246.03209007717382,34.1008740267182,23.70527952498805,,,3074,15.60625,0,No Defect
0.040623964517108355,100.82335628810102,222.76000961453207,41.979500855888304,22.854739594345883,,,3075,15.609375,0,No Defect
0.04054462046555152,100.1037461097042,196.5771957337498,32.17476791123006,27.32544088452428,,Ambient temperature high,3076,15.6125,0,No Defect
0.041523720145278824,98.18911197563044,166.11181347404698,48.16248624312259,24.531642618126128,,,3077,15.615625,0,No Defect
0.03889636712045089,98.42487700759202,224.90778188261854,39.238983320743436,23.509529305640996,,,3078,15.61875,0,No Defect
0.03887201616874486,99.71308029893218,236.8739235803397,33.06143397706564,24.579233452928698,,,3079,15.621875,0,No Defect
0.04022049409281232,99.88765091360632,203.36505964205966,36.49459621867058,25.635942499944527,,,3080,15.625,0,No Defect
0.04081131418223285,99.36721692336933,192.27594676470503,41.034047598577004,24.999796763716475,,,3081,15.628125,0,No Defect
0.03998620968361699,99.66935975257037,210.939450739948,36.94958963422835,25.03922684666599,,,3082,15.63125,0,No Defect
0.04211592661547679,99.70804182318867,167.32081643333078,43.13961099870588,25.925254764998517,,,3083,15.634375,0,No Defect
0.041256648211879,99.5229508616032,193.52222939357912,45.427818355850576,23.643956790750117,,,3084,15.6375,0,No Defect
0.038650663273748824,97.87964383740747,217.5132484479176,37.18827995861897,24.554482306394277,,,3085,15.640625,0,No Defect
0.038861892931424426,98.30584658540215,214.18921463259926,35.05437552627807,25.38159792887323,,,3086,15.64375,0,No Defect
0.03884767354708878,97.41795340864344,218.45158707582928,44.50032014421052,22.362227866379328,,,3087,15.646875,0,No Defect
0.04038321175327042,98.5539283939467,199.77898307782687,46.56199997451939,22.916494521877194,,,3088,15.65,0,No Defect
0.04081847231226366,99.11134512799184,176.39532637894706,36.79294763545542,27.203809593107138,,Ambient temperature high,3089,15.653125,0,No Defect
0.043196761369700264,102.42055775265676,181.74444781444654,42.721769038126496,25.16370137334524,,,3090,15.65625,0,No Defect
0.04284948813047132,101.46322277225003,176.65983222657422,41.940390959806464,25.70382220713691,,,3091,15.659375,0,No Defect
0.03730708422223261,96.99303799556877,237.64473831068602,37.47592659854391,23.218510401868958,,,3092,15.6625,0,No Defect
0.042666333084683185,102.47443716691153,191.46647220652997,38.21340509212892,25.88040042140643,,,3093,15.665625,0,No Defect
0.04095885573822153,98.32324567590537,181.81889293737913,48.452750937154676,23.46454953866506,,,3094,15.66875,0,No Defect
0.039677272526602254,98.36813880692799,208.18287360915784,44.1638210569868,23.08783696324816,,,3095,15.671875,0,No Defect
0.03944658329274015,97.76766040018094,190.8588722637952,35.27988852184589,26.745903505978504,,Ambient temperature high,3096,15.675,0,No Defect
0.03951528941794117,96.16660846382183,194.18001704236093,52.366984738416214,21.552745774722517,,Ambient RH high,3097,15.678125,0,No Defect
0.038090359474372004,97.09738392427856,218.01013497708317,34.47275762256033,25.307280362861295,,,3098,15.68125,0,No Defect
0.041382627277466645,102.58433501774843,226.05755562109147,38.975525767545896,23.51793991875186,,,3099,15.684375,0,No Defect
0.039849468906720205,99.93743642639701,230.60781411939323,43.5804666763578,21.881316224864804,,,3100,15.6875,0,No Defect
0.03988353735296065,98.908836563593,204.16697757202544,38.839689742995304,24.88854183548603,,,3101,15.690625,0,No Defect
0.04174420271363095,102.60586081629654,214.48242221239983,35.01873640084247,25.389420906287217,,,3102,15.69375,0,No Defect
0.04327654204215141,101.31384952613188,171.074089380754,47.75839722126592,24.33994301295001,,,3103,15.696875,0,No Defect
0.04001204427580808,97.46690622335655,169.57337035401844,34.20107830711959,28.366713584246018,,Ambient temperature high,3104,15.7,0,No Defect
0.04190876447468819,100.43250336528378,180.5586509405849,39.77242080764008,26.080642245752557,,Ambient temperature high,3105,15.703125,0,No Defect
0.04236261190235642,102.40768549049135,204.61536148476478,39.979752056398596,24.54892014380916,,,3106,15.70625,0,No Defect
0.04338697675573295,103.50703329366299,184.6856779005898,36.21278821839183,26.874957610746154,,Ambient temperature high,3107,15.709375,0,No Defect
0.038674365843735244,94.31712931599407,169.9530864052273,43.797119814369374,25.528171608504003,,Stencil thickness low,3108,15.7125,0,No Defect
0.03938309889282918,97.86392050356805,202.25124478760188,38.57936724696826,25.0753767210152,,,3109,15.715625,0,No Defect
0.036943285996492735,96.00443298482233,210.9635517657022,26.87332675569492,27.93630158030848,,Ambient RH low; Ambient temperature high,3110,15.71875,0,No Defect
0.038157472144839014,97.74624584580708,233.66983306501098,35.664053408993524,23.99378809186013,,,3111,15.721875,0,No Defect
0.034998122219615804,93.49778240191019,235.67187290527121,31.76704351473516,24.980616976189065,Paste volume per aperture low,Stencil thickness low,3112,15.725,0,Open Circuit
0.040497471775523756,98.04025933748642,190.3228308383441,45.000788596578275,23.94083607563651,,,3113,15.728125,0,No Defect
0.03600052097973802,97.0026597750229,263.99605335718286,32.718135449917156,22.96495191203847,,Paste viscosity high,3114,15.73125,0,No Defect
0.04099796325677047,99.7485404850394,195.50454770289173,41.85310843470786,24.53988384382467,,,3115,15.734375,0,No Defect
0.03991890481534381,98.92406143779442,206.11359636856258,37.78863898556645,25.0699588213183,,,3116,15.7375,0,No Defect
0.04188340307200511,100.12908195689438,183.96603113576805,43.34444520694998,24.820732983375247,,,3117,15.740625,0,No Defect
0.0385327191943248,96.88885010439907,203.06595775084193,38.47203705115328,25.038384350599067,,,3118,15.74375,0,No Defect
0.04321588790849425,102.38753008284166,167.94368035265586,36.547837243814634,27.791452303832713,,Ambient temperature high,3119,15.746875,0,No Defect
0.04040097081938958,98.03381652918328,196.5384225793404,50.576408499469245,21.91873117992224,,Ambient RH high,3120,15.75,0,No Defect
0.03977848481239292,98.7408504114023,211.3067338467054,41.75666129721864,23.584945398738462,,,3121,15.753125,0,No Defect
0.038751939016107566,97.38861218179008,216.96502887320744,42.83927348430879,22.912038481210615,,,3122,15.75625,0,No Defect
0.041127724930996125,99.26329087548118,190.15267468846818,47.919690073855264,23.086932246951786,,,3123,15.759375,0,No Defect
0.04139424441388744,99.06094390162535,175.64244528314148,43.15790659469865,25.374089082518946,,,3124,15.7625,0,No Defect
0.0442839582994639,102.52125629356675,165.8456859781659,45.028517462150674,25.455898247711595,Paste volume per aperture high,,3125,15.765625,0,Solder Bridging
0.04198639344622626,99.93511977871466,160.2162358272923,35.97234720122226,28.421058955626414,,Ambient temperature high,3126,15.76875,0,No Defect
0.0412593950805907,102.5204426878191,223.5589702652759,34.09722605097762,25.078708140509825,,,3127,15.771875,0,No Defect
0.04034452124210519,99.60605861626645,202.47484357952987,38.440532539907814,25.092237485899165,,,3128,15.775,0,No Defect
0.04007519355515486,97.53245813974436,180.56526087175547,38.06307431195419,26.550875460314078,,Ambient temperature high,3129,15.778125,0,No Defect
0.04004581581623457,98.92583859291369,206.08363617862827,41.54187524478038,23.962716003227367,,,3130,15.78125,0,No Defect
0.04008464909000544,96.88486820595891,171.0252780643957,41.9943304063059,25.981282015034083,,,3131,15.784375,0,No Defect
0.04149607375613139,99.26796872634442,178.42735075268627,44.13985263446769,24.91140190910542,,,3132,15.7875,0,No Defect
0.04156676020261244,101.10301819780446,187.39759534108114,35.05547745497222,27.010147515974847,,Ambient temperature high,3133,15.790625,0,No Defect
0.039161433678340914,98.10065448576604,205.01157386003754,33.47218771828637,26.37940268681446,,Ambient temperature high,3134,15.79375,0,No Defect
0.03906052770574514,97.22681115628981,194.9357208041852,36.11045715327322,26.222909469600072,,Ambient temperature high,3135,15.796875,0,No Defect
0.03866033214033544,97.99825353263653,223.90079093982246,41.98955298540522,22.71906078420497,,,3136,15.8,0,No Defect
0.04042283295829713,98.24020674127796,187.6909887833805,43.32859545819644,24.567256364430765,,,3137,15.803125,0,No Defect
0.04136315629790095,98.16400960472859,163.56589840526937,45.02115306343456,25.559128780052053,,,3138,15.80625,0,No Defect
0.03964038882668084,98.08574955203848,195.13760883003647,38.833638922536814,25.412827508456214,,,3139,15.809375,0,No Defect
0.040553379503094567,99.71708352679286,197.25419874635892,36.79324039068991,25.887708682836756,,,3140,15.8125,0,No Defect
0.04241946197176294,99.5553546811654,157.62585560045449,42.19122197788272,26.75985902728329,,Ambient temperature high,3141,15.815625,0,No Defect
0.04276762568664381,102.09702160880123,189.51109313961874,41.33492598502696,25.05484797467803,,,3142,15.81875,0,No Defect
0.03856641699726456,98.22380378595489,219.43173579091362,32.9858259280593,25.62239233661553,,,3143,15.821875,0,No Defect
0.04150246843416467,100.9017286867178,192.69681578953947,36.459093508145095,26.27056406152996,,Ambient temperature high,3144,15.825,0,No Defect
0.038522832316388415,98.9317118840859,220.49827657861834,26.704029376147645,27.389030901992903,,Ambient RH low; Ambient temperature high,3145,15.828125,0,No Defect
0.035053484224861875,91.85115328571844,216.6429369670864,39.98141963449921,23.719611007542607,Paste volume per aperture low,Stencil thickness low,3146,15.83125,0,Open Circuit
0.042687636567985,101.86885403402101,189.24933327994546,42.903545697394364,24.606936993035045,,,3147,15.834375,0,No Defect
0.03757442078846876,96.32278037211817,223.9017938829565,39.2366362292788,23.50979320355518,,,3148,15.8375,0,No Defect
0.041630445434410905,102.17965089718398,219.5749159927884,42.013721079088995,22.99455188536868,,,3149,15.840625,0,No Defect
0.04187138907738386,100.67496904105896,191.58029883628615,43.68135418113386,24.227442123292548,,,3150,15.84375,0,No Defect
0.03850418422047341,97.0106017919017,215.94198208168328,40.986573521155904,23.49407661998375,,,3151,15.846875,0,No Defect
0.04128199856585223,99.50341887207456,193.61118388815916,45.94443794766398,23.43777769009961,,,3152,15.85,0,No Defect
0.04075508386090969,99.34514486644304,188.53964838503902,38.10854581040907,26.03045359101146,,Ambient temperature high,3153,15.853125,0,No Defect
0.03781142538210496,96.13828786299163,207.74871106404956,36.39977074237371,25.325210074139008,,,3154,15.85625,0,No Defect
0.0378660063408655,98.71062943381631,245.4936936009686,31.698319182895347,24.385802885333195,,,3155,15.859375,0,No Defect
0.039223474730907905,97.72514340211556,201.93525877330367,37.160817686349674,25.472669947210512,,,3156,15.8625,0,No Defect
0.039502031484166575,96.234268509026,181.85639458460096,43.34871674450422,24.900375125402732,,,3157,15.865625,0,No Defect
0.04207431865810933,99.11822263247461,148.9676757318941,39.149005569806555,28.158893017711897,,Paste viscosity low; Ambient temperature high,3158,15.86875,0,No Defect
0.03962142903757705,97.81616324632017,198.74989062673103,40.18679661005342,24.78551100614144,,,3159,15.871875,0,No Defect
0.03743236919597133,96.61800380063909,231.1988384451136,37.03113614977978,23.69816050959435,,,3160,15.875,0,No Defect
0.041769187047824376,99.07838088264404,165.4366045599993,43.73536306335576,25.80470730964213,,,3161,15.878125,0,No Defect
0.03687419986118805,97.75755129932163,251.124970723768,29.977468055409485,24.528062722331015,,Paste viscosity high; Ambient RH low,3162,15.88125,0,No Defect
0.0410872058667525,102.24732499819517,216.08945982667592,32.18177637180863,26.063487149994174,,Ambient temperature high,3163,15.884375,0,No Defect
0.03976142692141243,99.38905572030878,221.43120282438986,38.88766501578004,23.77230875371457,,,3164,15.8875,0,No Defect
0.03728882039037983,94.40717003687863,198.87620850314573,41.384051707816425,24.398739197926485,,Stencil thickness low,3165,15.890625,0,No Defect
0.03994445688469341,100.41156448132813,223.79210163404338,33.97220180787002,25.06170592693731,,,3166,15.89375,0,No Defect
0.04238423971414883,101.07288131941456,195.1369159382938,49.15069684047994,22.402992343459527,,,3167,15.896875,0,No Defect
0.04008883781662129,97.57130472850884,180.17816607539206,45.587307208581294,24.332690441014076,,,3168,15.9,0,No Defect
0.04149772122399023,99.27888437961325,187.38471002477687,49.28380049152319,22.830126754755607,,,3169,15.903125,0,No Defect
0.04318836415960072,99.85082664840878,143.00962584286563,42.80961847651569,27.459234365610545,,Paste viscosity low; Ambient temperature high,3170,15.90625,0,No Defect
0.04056258576502012,98.41567972175015,198.5463330204843,50.565265229440875,21.760568598241182,,Ambient RH high,3171,15.909375,0,No Defect
0.04340092952386323,103.93389501989468,197.73217231845615,36.239650534734075,26.023076417038066,,Ambient temperature high,3172,15.9125,0,No Defect
0.03887879862745498,97.73978789863462,212.66029927032778,38.56601068842268,24.386676367043023,,,3173,15.915625,0,No Defect
0.03789104157960459,97.01876279471911,220.47158950867635,35.515078164096785,24.78911940181636,,,3174,15.91875,0,No Defect
0.03787038229050173,96.0931148372403,210.4074697411304,37.38261675145238,24.8620032699918,,,3175,15.921875,0,No Defect
0.03874701724047042,96.61067741049709,195.30790874909167,39.18849707838459,25.26343509085028,,,3176,15.925,0,No Defect
0.040800164156369716,101.96544721458487,228.29163498700527,36.92828833474913,23.91569363929699,,,3177,15.928125,0,No Defect
0.04178661037444861,100.35006203359508,190.1627401228001,42.4347320379812,24.659742759747854,,,3178,15.93125,0,No Defect
0.03894827898251746,100.45799501238888,242.4023480247452,29.670412844655456,25.156915695361317,,Ambient RH low,3179,15.934375,0,No Defect
0.04097368936867482,99.7435129817012,201.8559300612658,44.781316484152796,23.244927317906267,,,3180,15.9375,0,No Defect
0.03859588912616696,98.96138811472126,233.40554105686968,35.73985566900889,23.92797933278486,,,3181,15.940625,0,No Defect
0.038316940013005805,96.50383462419094,201.40722352600082,35.32219142819587,26.013575339619976,,Ambient temperature high,3182,15.94375,0,No Defect
0.04088984274952381,97.39516953149453,165.1591935743914,44.31286775159964,25.632319890403082,,,3183,15.946875,0,No Defect
0.040230780436965034,98.09234014550553,197.08381737865042,47.22888381620379,22.812866833521714,,,3184,15.95,0,No Defect
0.039139194942714894,96.46239511069616,190.05751635165126,41.57333646034677,24.88824578926847,,,3185,15.953125,0,No Defect
0.03795502665546712,96.47966334310166,212.23036166627523,37.43164206379144,24.724987012641648,,,3186,15.95625,0,No Defect
0.0419146383489384,98.84743779226201,165.82369553199905,45.69730715397553,25.19276912852017,,,3187,15.959375,0,No Defect
0.03925452541392151,99.22564672494872,222.16137160873456,37.17269575922025,24.198167619869512,,,3188,15.9625,0,No Defect
0.039314552255286815,99.4038651118827,228.35933435851155,36.499886454939826,24.019954386990342,,,3189,15.965625,0,No Defect
0.040451315582516835,99.04972921827928,191.64469096131458,39.28252226980944,25.462893142104146,,,3190,15.96875,0,No Defect
0.041094443825911514,99.00469466034667,187.9336540976103,46.105927600711205,23.703781356585953,,,3191,15.971875,0,No Defect
0.03753540684860588,96.86714908915285,219.16215912664163,31.21991236090401,26.106049989493727,,Ambient temperature high,3192,15.975,0,No Defect
0.042119643495210794,100.17718905280883,183.89110059317136,46.083147789366116,23.968295548874448,,,3193,15.978125,0,No Defect
0.04358358432869282,100.75835725402308,155.9080981949174,50.86205888882588,24.29289714040865,,Ambient RH high,3194,15.98125,0,No Defect
0.04010746930651103,99.70556686468903,213.32968735056903,36.19969283669824,25.032704711380042,,,3195,15.984375,0,No Defect
0.036516240441504255,94.54164190825279,226.4307140870926,40.39369398595495,22.972323716587653,,Stencil thickness low,3196,15.9875,0,No Defect
0.04152931748659128,98.98498691911792,165.91467857055923,40.533756289833825,26.680855806911758,,Ambient temperature high,3197,15.990625,0,No Defect
0.03783685986658109,97.23502644816986,230.4299769421542,36.93040306391863,23.746852021103173,,,3198,15.99375,0,No Defect
0.040818161466305104,100.93647005374622,213.04019992103125,37.79088756531358,24.582869372365867,,,3199,15.996875,0,No Defect
0.0415293929512236,100.14417244642723,183.5089576952055,38.311784529377455,26.24958197673758,,Ambient temperature high,3200,16.0,0,No Defect
0.04316288358507733,101.09304092447512,172.53622882560228,46.78982982296009,24.45983597624646,,,3201,16.003125,0,No Defect
0.04263575330927906,102.1943063394917,185.88942770249798,36.568843351288805,26.619776528158802,,Ambient temperature high,3202,16.00625,0,No Defect
0.04024677070249347,97.3083559601876,172.84944748285565,41.58864733911558,25.93145104624328,,,3203,16.009375,0,No Defect
0.040031056005625384,101.82167803229366,248.44740073467716,35.88680566851795,22.958712836082416,,,3204,16.0125,0,No Defect
0.03830436845442275,97.30182453709178,215.70742127316558,37.77015945020467,24.39794255826321,,,3205,16.015625,0,No Defect
0.041101102564968905,98.12000875906597,166.76714120421613,43.713040144981065,25.68746727165465,,,3206,16.01875,0,No Defect
0.04195175869955892,101.12749092493152,193.92946541628157,40.27997303148362,25.03413780069685,,,3207,16.021875,0,No Defect
0.040329857659324155,100.23337285556332,210.2321467101787,34.75078279803148,25.633332736998614,,,3208,16.025,0,No Defect
0.041152606850389316,98.52157013514183,167.16946281009018,40.45144416178393,26.61411536217847,,Ambient temperature high,3209,16.028125,0,No Defect
0.04223498535098924,100.58469359744387,170.8209261955198,37.66688897923491,27.213464297750612,,Ambient temperature high,3210,16.03125,0,No Defect
0.0390734646520379,97.65300721630588,211.91834250061638,40.90141089816043,23.721947612315738,,,3211,16.034375,0,No Defect
0.039479972448880296,99.87875673331799,239.2418946897137,38.467526150016944,22.763196213149747,,,3212,16.0375,0,No Defect
0.04043508584182274,100.19188251689148,209.59226465567866,34.367457651833476,25.784695665886375,,,3213,16.040625,0,No Defect
0.03836334350618905,95.10212420102646,179.78447390397895,38.481898222919625,26.389023854630114,,Ambient temperature high,3214,16.04375,0,No Defect
0.041360955411549355,100.78271858293304,198.90469460804408,38.45412006810575,25.24908468528195,,,3215,16.046875,0,No Defect
0.039634173609232756,96.91998031195638,188.13546053379392,44.517315993449685,24.122507701197097,,,3216,16.05,0,No Defect
0.04222853236922047,100.92290447167531,186.64565011135176,40.89920313984101,25.296369099331287,,,3217,16.053125,0,No Defect
0.0402506638478025,99.82731691378775,207.8757254005474,38.22120641991882,24.751373543686224,,,3218,16.05625,0,No Defect
0.038420107828984425,97.0060164760354,227.75696457628896,44.13180413822768,21.798129197534227,,,3219,16.059375,0,No Defect
0.039438645342676285,98.9054935703798,224.50818092908705,40.91594772042059,22.941342510630925,,,3220,16.0625,0,No Defect
0.04386337386554327,102.4914674925874,176.8128349479426,45.7901781808715,24.478914455226676,,,3221,16.065625,0,No Defect
0.03969270624310153,99.27497129676104,223.78820849913785,41.10832936326957,22.92904042253004,,,3222,16.06875,0,No Defect
0.04266123548794055,102.30653113767967,191.62367643731,38.51883800622347,25.6817007682534,,,3223,16.071875,0,No Defect
0.041650899417529676,98.60882708666328,170.35452597944376,45.69128850454772,24.884852792086853,,,3224,16.075,0,No Defect
0.040029950290040237,100.30954962332545,230.3032313759857,41.75252480867323,22.337938980894002,,,3225,16.078125,0,No Defect
0.040249819359968186,97.27541368008059,171.21072209384417,37.60551952053013,27.1819761948143,,Ambient temperature high,3226,16.08125,0,No Defect
0.04011970606617697,97.92629749683474,188.12690333970278,41.60888418688785,24.96794654495783,,,3227,16.084375,0,No Defect
0.03804878559059275,96.51609657111534,208.2665014570021,34.9423819850325,25.662999207026548,,,3228,16.0875,0,No Defect
0.03952950588629974,100.37604745195212,243.57733060469667,38.55849890223121,22.453431052836905,,,3229,16.090625,0,No Defect
0.039908591722751914,99.94790955067421,217.98235861496366,36.55028961385172,24.608127270840253,,,3230,16.09375,0,No Defect
0.03865372505886559,96.3049567500694,202.66052141147802,42.553328014435586,23.786560059723193,,,3231,16.096875,0,No Defect
0.03938744702861104,97.82769362831245,193.73671422869523,35.703956066574264,26.336713590385855,,Ambient temperature high,3232,16.1,0,No Defect
0.03515823875659285,93.65996035037972,231.59466543706594,34.445101742379244,24.34539152086521,Paste volume per aperture low,Stencil thickness low,3233,16.103125,0,Open Circuit
0.03809085169981628,97.28453620750308,219.30085547656248,33.664843513707254,25.35552660992647,,,3234,16.10625,0,No Defect
0.03819029890931251,94.81811601018933,198.6512477908962,47.58957798446175,22.554306985590966,,Stencil thickness low,3235,16.109375,0,No Defect
0.039993952034684394,99.18222031514661,214.95826000603523,40.72681802219479,23.57397914605502,,,3236,16.1125,0,No Defect
0.03911868148726024,97.39942260659132,204.32222546024286,39.97745950814911,24.4354513797951,,,3237,16.115625,0,No Defect
0.04084719728395759,97.40458882465815,158.65989067826507,40.28433779742381,27.160323427895314,,Ambient temperature high,3238,16.11875,0,No Defect
0.03851881298296181,96.77266763243948,204.2179135213738,36.614728976272254,25.4181697426409,,,3239,16.121875,0,No Defect
0.042436393863910404,101.55462195124072,184.66480185910504,42.3967941834094,24.95235210016856,,,3240,16.125,0,No Defect
0.038996030546648124,99.36241617710829,229.5665490628004,35.83080415829957,24.08912467591704,,,3241,16.128125,0,No Defect
0.04248727426121296,101.27078105065993,192.70700992087757,48.390626807652,22.71023098964798,,,3242,16.13125,0,No Defect
0.04221896991667878,98.90039788597262,151.95775844957964,41.97665594272505,27.08506942118904,,Ambient temperature high,3243,16.134375,0,No Defect
0.04005742503204662,98.35932311326575,197.52394665394857,41.632626514495,24.36932721132335,,,3244,16.1375,0,No Defect
0.041903101520626485,102.79680074418316,217.54465995543453,36.778050920968894,24.57485570332206,,,3245,16.140625,0,No Defect
0.03800977966984977,95.6427913726829,209.24809039389757,42.37744156057005,23.416430327324537,,,3246,16.14375,0,No Defect
0.037408762186128125,95.99037167121816,227.48137818334368,41.76068142596497,22.46952084695824,,,3247,16.146875,0,No Defect
0.043494127628291135,101.87206070816184,170.8947685506189,40.69655203385411,26.307209885520074,,Ambient temperature high,3248,16.15,0,No Defect
0.04148192309961525,102.03757436919922,211.22885569196907,35.70018126897542,25.267686616910574,,,3249,16.153125,0,No Defect
0.04001949451646333,95.55358468509733,161.1603852641893,47.512329810996654,24.877492557908244,,,3250,16.15625,0,No Defect
0.03955794504234884,96.56310297975966,167.13830003665663,35.959736604900606,27.87773978747525,,Ambient temperature high,3251,16.159375,0,No Defect
0.04277886115419209,102.40877507948764,191.91707991494906,39.73641845924503,25.283028041442996,,,3252,16.1625,0,No Defect
0.04168171547592366,100.61325824922167,199.79301744730702,44.0171682000719,23.541323785366604,,,3253,16.165625,0,No Defect
0.03988727624984766,98.66516194551264,197.0563187221468,34.15269981536462,26.575752994359583,,Ambient temperature high,3254,16.16875,0,No Defect
0.03929321716159924,97.58609345682257,200.2017820034427,40.36041051083802,24.558523097712495,,,3255,16.171875,0,No Defect
0.03784785134001756,95.66135528432088,212.1206259715621,42.23606748305331,23.269747116012407,,,3256,16.175,0,No Defect
0.03802135413954919,95.63835515480726,199.74330920489524,38.319572333673264,25.173348476966297,,,3257,16.178125,0,No Defect
0.03880529844557145,95.97270174232874,190.28609836138043,42.19361270928714,24.626205329435784,,,3258,16.18125,0,No Defect
0.042528328654203314,100.80790710648549,173.33540546905527,39.150288626243714,26.589197531518312,,Ambient temperature high,3259,16.184375,0,No Defect
0.03970227925820062,98.4292348732624,199.7014861289014,36.145893437824164,25.822552862320812,,,3260,16.1875,0,No Defect
0.03982503683571968,97.45430899790814,180.06783850533986,40.14505819000307,25.85237770865186,,,3261,16.190625,0,No Defect
0.0403156144938807,96.5048391206364,154.08744586921355,39.00143841954535,27.788883179182506,,Ambient temperature high,3262,16.19375,0,No Defect
0.04219414495990925,101.21582739299707,189.53297693639178,39.843583218480006,25.38562117036785,,,3263,16.196875,0,No Defect
0.04161556552552628,98.4883999010429,166.07298816996604,45.273787534011554,25.23141664861321,,,3264,16.2,0,No Defect
0.04134249164334194,100.92654981562748,203.33036826656055,38.46020017158117,24.933013369521984,,,3265,16.203125,0,No Defect
0.041622501301235335,100.21438149408777,178.966652954374,37.13315223055883,26.814563521479453,,Ambient temperature high,3266,16.20625,0,No Defect
0.03520901737379346,94.03659415470045,238.07124044516115,32.50684231341939,24.489047132254328,Paste volume per aperture low,Stencil thickness low,3267,16.209375,0,Open Circuit
0.03974225204536639,100.05511742670699,223.71319295569356,35.954010365739606,24.395996195824306,,,3268,16.2125,0,No Defect
0.04131971653410302,99.8164328785788,192.22718864156437,42.53152854177634,24.421200873952635,,,3269,16.215625,0,No Defect
0.0355341589753718,92.17685113360996,211.3109758220925,37.49119011380804,24.679674950905827,Paste volume per aperture low,Stencil thickness low,3270,16.21875,0,Open Circuit
0.039905484123770915,97.31774987089727,181.86282495751556,40.25829514282684,25.706715267393616,,,3271,16.221875,0,No Defect
0.038332953974167853,96.07511432519321,197.95904351331197,34.545829332704805,26.379755980864317,,Ambient temperature high,3272,16.225,0,No Defect
0.04162576922050713,101.4430505084596,200.25152827557304,35.10624298658196,26.09820566401731,,Ambient temperature high,3273,16.228125,0,No Defect
0.041442368716131786,100.13397617808631,193.6118902832008,43.4335043435709,24.066807985783228,,,3274,16.23125,0,No Defect
0.03961740258175123,100.23995527257098,230.46916244269602,33.29528862014541,24.75563398593699,,,3275,16.234375,0,No Defect
0.03836820908533888,97.32301608002248,213.0970104978074,34.897970403948705,25.338839514982116,,,3276,16.2375,0,No Defect
0.03630677443900089,95.19539349095994,234.22525959349235,36.16355386264095,23.655606439973862,,,3277,16.240625,0,No Defect
0.03864412608007958,97.65465153581272,226.6848887020698,42.041089164929936,22.42144016236164,,,3278,16.24375,0,No Defect
0.03944065750183221,95.91129757177703,183.00353866425718,47.31323756030597,23.565050877104337,,,3279,16.246875,0,No Defect
0.039683539448364065,98.94694081011707,218.4194955279582,42.7273541588108,22.730775852070078,,,3280,16.25,0,No Defect
0.04011100525665401,96.88658839161208,177.077733782118,44.24431005216418,24.829358038106317,,,3281,16.253125,0,No Defect
0.04235484532374233,100.7118278509731,193.48525752644005,47.092434843809116,23.01342089334134,,,3282,16.25625,0,No Defect
0.03861112097063119,94.60354301371973,175.65772905645744,41.000333921449844,25.85356814889423,,Stencil thickness low,3283,16.259375,0,No Defect
0.040060474697976384,100.00033495279355,209.94784511839595,33.75132725372255,25.871422244283508,,,3284,16.2625,0,No Defect
0.04178949345291472,99.70438469446337,170.65671188806502,37.649501390953645,27.161356167080914,,Ambient temperature high,3285,16.265625,0,No Defect
0.040831069642582374,101.23636932182808,216.25007351438455,36.19351942098387,24.777009540580217,,,3286,16.26875,0,No Defect
0.040313635573973196,99.66312418031174,200.47559392918814,34.044131078106744,26.368817727689592,,Ambient temperature high,3287,16.271875,0,No Defect
0.034897246746861135,95.11814753232326,264.26397971626176,32.81358954926007,22.769279922831927,Paste volume per aperture low,Paste viscosity high,3288,16.275,0,Open Circuit
0.03700364179614226,96.17683897581306,231.54045469511652,35.086811257546785,24.13032254578168,,,3289,16.278125,0,No Defect
0.041325469635850445,102.30646796942588,224.77279525202073,36.20064741540412,24.25557494088973,,,3290,16.28125,0,No Defect
0.040722969816483455,100.52156443520082,203.38289835191625,33.8061168640643,26.259067065098343,,Ambient temperature high,3291,16.284375,0,No Defect
0.03958220094706502,99.26949279180823,222.59684159228507,39.767679210386234,23.32822462817709,,,3292,16.2875,0,No Defect
0.03859915225619573,97.09718950361656,201.4941233847481,33.46373032588214,26.456707415136606,,Ambient temperature high,3293,16.290625,0,No Defect
0.04310404467289569,102.09852336798349,187.4923989169891,45.6855609524695,23.77973135034373,,,3294,16.29375,0,No Defect
0.03971286913881769,101.34748395284979,244.40263190879088,34.55890047219818,23.509069256440934,,,3295,16.296875,0,No Defect
0.03742909365743239,96.30332706783507,225.80151281257125,37.17531784279686,23.86893743321339,,,3296,16.3,0,No Defect
0.038057324393000434,95.9038583391759,205.6929817879246,40.16722065850504,24.231047628592556,,,3297,16.303125,0,No Defect
0.04242912451587584,102.01690675789075,190.60118901431812,36.99950958068007,26.119028425095674,,Ambient temperature high,3298,16.30625,0,No Defect
0.03889998887199897,98.11877815590495,222.92243707249594,40.09928375175526,23.200519404964652,,,3299,16.309375,0,No Defect
0.03842663032882469,98.10872864326849,224.0304246533605,32.65381136975167,25.304581130562394,,,3300,16.3125,0,No Defect
0.04211478793707867,101.21395984335446,192.74304049743537,41.53592244879028,24.656536732153057,,,3301,16.315625,0,No Defect
0.03804161596491694,94.88263764805134,192.4257358750794,40.857962744873014,24.840980335456926,,Stencil thickness low,3302,16.31875,0,No Defect
0.04117595412980307,99.35534057738897,190.78994803308024,43.38119854418317,24.229418580640484,,,3303,16.321875,0,No Defect
0.04014038664952057,101.6553098511992,242.33895939861475,34.969481119024636,23.513962289567406,,,3304,16.325,0,No Defect
0.03749036129591698,94.65640784982303,196.07742402057605,37.568375601686476,25.569257574569004,,Stencil thickness low,3305,16.328125,0,No Defect
0.0403251251512871,100.4561905463772,219.5821296430801,39.28320883070831,23.64480986431583,,,3306,16.33125,0,No Defect
0.03973808767496362,97.49137062832052,198.25508871479266,41.24626926337729,24.384415060118723,,,3307,16.334375,0,No Defect
0.039813289989797586,100.29414664802349,230.12932784365788,34.89669795202003,24.280385618086925,,,3308,16.3375,0,No Defect
0.042909857202614574,100.55315809972474,161.2551876390127,43.748336740339354,25.938143092175814,,,3309,16.340625,0,No Defect
0.04221599189954131,99.42929096411042,157.11533969793595,40.473597595407675,27.144598208681497,,Ambient temperature high,3310,16.34375,0,No Defect
0.040634157629776575,101.01617842734295,210.55250043056722,32.73196722377803,26.111503871690797,,Ambient temperature high,3311,16.346875,0,No Defect
0.041488393851261726,99.32001010894713,175.36712045261183,39.7031530109119,26.244079252694508,,Ambient temperature high,3312,16.35,0,No Defect
0.040070318688494276,97.51291310511493,190.70781504932026,45.178294283652995,23.689832106435013,,,3313,16.353125,0,No Defect
0.04063715913175376,99.76651841359597,212.9903406692779,42.83978184737746,23.012301173296457,,,3314,16.35625,0,No Defect
0.04034802673212216,96.94024069247975,187.44492062035633,53.130109160944905,21.56731358369918,,Ambient RH high,3315,16.359375,0,No Defect
0.04010861500493142,99.27519101029701,206.04343706581363,38.37823684576886,24.73099571622081,,,3316,16.3625,0,No Defect
0.035576758170280824,92.99350440919832,210.52254914327276,34.47822057114624,25.556122403996124,Paste volume per aperture low,Stencil thickness low,3317,16.365625,0,Open Circuit
0.037559863483214155,97.69267872964701,247.05864723050078,34.973944101610876,23.19256430082146,,,3318,16.36875,0,No Defect
0.03899091214808501,98.41256828606849,213.22292115357055,33.15186997119394,25.806705415300677,,,3319,16.371875,0,No Defect
0.04082328973658663,98.98409237617099,186.6592869314442,39.60996253602701,25.56485493865977,,,3320,16.375,0,No Defect
0.039274879930900675,96.35956874534777,190.741419409881,43.44028779097877,24.18297049987588,,,3321,16.378125,0,No Defect
0.04388127653897383,101.86183964469853,162.13122742242433,44.27757603161554,25.728458489280296,,,3322,16.38125,0,No Defect
0.03707839263528184,95.88074008280604,239.81091345291236,42.46619481751931,21.43758259670639,,,3323,16.384375,0,No Defect
0.0389244126645838,97.6348766602501,219.97876208953303,41.86978576287989,22.842934480653504,,,3324,16.3875,0,No Defect
0.03750344050971251,94.05920760377668,190.45929130974073,41.17058093402814,24.841093849642814,,Stencil thickness low,3325,16.390625,0,No Defect
0.04050407315322013,99.3048628549678,207.9291004415711,42.45903857611245,23.421322320680556,,,3326,16.39375,0,No Defect
0.038554832764460534,99.5808381279724,240.91800720762797,29.862535183665372,25.05888640672907,,Ambient RH low,3327,16.396875,0,No Defect
0.040138777268917944,99.00135893236241,206.11019925683766,38.70756453277452,24.62419044771591,,,3328,16.4,0,No Defect
0.04155415195875088,101.76221157668641,208.93377693670982,37.15839087457928,24.909990668678997,,,3329,16.403125,0,No Defect
0.04196195264133362,101.90952894984562,206.80081108554455,37.99417433069969,24.803697334886564,,,3330,16.40625,0,No Defect
0.04096703765464621,98.60564244109821,184.48244528789343,42.06324169340041,24.975931623001483,,,3331,16.409375,0,No Defect
0.03744109836218246,95.58589906094576,216.9548700646296,39.6831639162535,23.64387900326867,,,3332,16.4125,0,No Defect
0.041104400874692984,99.49827603734252,190.95965140242163,41.30639379706458,24.79498547632523,,,3333,16.415625,0,No Defect
0.03706652195097178,94.49492493137389,210.14407516074746,39.140560616174156,24.218096040382225,,Stencil thickness low,3334,16.41875,0,No Defect
0.039437585896429574,96.73975060917503,185.99795443956052,39.73838149840312,25.542672558439616,,,3335,16.421875,0,No Defect
0.04068420911800069,98.87636396272843,185.29973334174684,36.47106492923637,26.550740279222012,,Ambient temperature high,3336,16.425,0,No Defect
0.038034895015882704,95.78581972292469,208.90316902353368,41.12131723887084,23.719430551591525,,,3337,16.428125,0,No Defect
0.039229975264457435,97.96766454498749,210.39913471179193,38.346143634540105,24.447871500623137,,,3338,16.43125,0,No Defect
0.041835613830964756,100.23100081046907,185.641724023232,43.320964046148504,24.530828157628356,,,3339,16.434375,0,No Defect
0.042754965468934765,98.88588903110067,153.82902550070207,50.99627266450708,24.24914868330751,,Ambient RH high,3340,16.4375,0,No Defect
0.04043759080766297,100.23231827175465,210.09423933815847,35.829954962767644,25.20596493487106,,,3341,16.440625,0,No Defect
0.038137158894120116,96.37421301485207,213.42693160355867,38.25019305953562,24.278686449046212,,,3342,16.44375,0,No Defect
0.03976511480809692,99.232491599657,219.86467910173843,38.59935972704854,23.79408726092971,,,3343,16.446875,0,No Defect
0.038546036849782354,94.86517215695427,180.36198455530956,42.731277367020404,24.995508368768068,,Stencil thickness low,3344,16.45,0,No Defect
0.03999726613080867,97.87246887431242,190.2773095037383,40.0212541502052,25.191378542976434,,,3345,16.453125,0,No Defect
0.03939453144033433,97.53146784475774,192.44662982536215,34.822708806154075,26.572161241170427,,Ambient temperature high,3346,16.45625,0,No Defect
0.04001654409224119,98.03061903883483,188.8159363611668,39.94019360453416,25.29941166070985,,,3347,16.459375,0,No Defect
0.040437599311634514,98.21675915821642,188.32363900379076,42.387821429383344,24.620178770905625,,,3348,16.4625,0,No Defect
0.039988492262880315,99.95759263625862,231.9230262778504,42.07896742478898,22.03301569760864,,,3349,16.465625,0,No Defect
0.04384620618388349,103.74002209744263,187.11867358275012,38.78804293870972,25.772595005502257,,,3350,16.46875,0,No Defect
0.03824148727874927,98.0748158590085,234.50930351216977,36.87678874623979,23.375410826006455,,,3351,16.471875,0,No Defect
0.03890453584985898,99.22507680270134,232.50790347225387,33.809274841814954,24.400029303600956,,,3352,16.475,0,No Defect
0.04033572641971329,97.40130189030914,175.82278172020904,40.581532802568276,25.91092943897841,,,3353,16.478125,0,No Defect
0.03845903142418785,94.5781765735077,168.58838857216443,35.122442864722046,27.9341285690017,,Stencil thickness low; Ambient temperature high,3354,16.48125,0,No Defect
0.04002818839240813,99.09142029464128,211.92429518383636,40.42733436011507,23.73566704523053,,,3355,16.484375,0,No Defect
0.04181676118505631,100.41467139748512,197.4705637912655,46.59017945730665,22.835261914277297,,,3356,16.4875,0,No Defect
0.03913532700317118,96.59327622321244,201.22907875359627,44.077820781294086,23.31808187604979,,,3357,16.490625,0,No Defect
0.04055619495722449,98.8352230765319,195.90199997219884,43.99502178451644,23.67393590264818,,,3358,16.49375,0,No Defect
0.04004697988029954,96.61385309978886,171.75411528263794,42.99822715551561,25.443688754502436,,,3359,16.496875,0,No Defect
0.04372382318119868,102.1452882347432,172.4149749265267,43.46515382539393,25.298459775144874,,,3360,16.5,0,No Defect
0.03798586931430642,99.21512478147166,261.4762167856154,37.34290560730391,21.572310546235965,,Paste viscosity high,3361,16.503125,0,No Defect
0.04035727851972888,100.3371990482158,222.25429081681628,37.896728463633174,23.838897644447908,,,3362,16.50625,0,No Defect
0.039213940394216266,96.82773007646784,204.738892262207,42.98490141603516,23.42003748576627,,,3363,16.509375,0,No Defect
0.0377522764921362,94.89862700247015,187.66071617243085,33.266720804640414,27.28825349169999,,Stencil thickness low; Ambient temperature high,3364,16.5125,0,No Defect
0.04046061295419372,97.29548626297615,181.6840431390346,48.097552349182386,23.342295998021203,,,3365,16.515625,0,No Defect
0.0435390710912899,103.00803010541844,191.93658688959326,42.9360464560048,24.24841226114417,,,3366,16.51875,0,No Defect
0.04037706846583019,99.45241797550169,202.08505359444132,37.18389344699623,25.276524459912967,,,3367,16.521875,0,No Defect
0.036265459497194445,95.96582570587282,236.54023597282384,28.898871199492916,25.547782934787882,,Ambient RH low,3368,16.525,0,No Defect
0.04056799617009042,98.59338243034954,192.3941637986889,42.73070613488347,24.250558174044144,,,3369,16.528125,0,No Defect
0.043015001681205575,101.71356983507508,181.73625807684613,41.87430521104371,25.175992002898735,,,3370,16.53125,0,No Defect
0.041160789887872265,99.30242628564909,191.19945230728143,43.07432208024253,24.228050444863854,,,3371,16.534375,0,No Defect
0.041587303503474275,101.15157510690881,204.56004759462883,38.587673727688426,24.72235066083246,,,3372,16.5375,0,No Defect
0.04103516645837676,102.6218226416989,233.2092317010737,34.40143689454021,24.178165914136454,,,3373,16.540625,0,No Defect
0.03830596385979064,95.81398097712825,188.04685132273053,35.19211990072625,26.69245766107479,,Ambient temperature high,3374,16.54375,0,No Defect
0.039541119425195004,96.39274641750819,177.26256620662,41.479704554617534,25.527415612074797,,,3375,16.546875,0,No Defect
0.03832087133447727,95.94016559064998,197.58464394573247,37.2872637109673,25.497294886786936,,,3376,16.55,0,No Defect
0.043297002903002806,99.18181105723889,141.11715517957293,48.096779433210244,25.84483946566217,,Paste viscosity low,3377,16.553125,0,No Defect
0.04061714071224934,99.7734540872523,207.86299077945898,39.10753854340449,24.353954550977477,,,3378,16.55625,0,No Defect
0.041388852091598496,100.96825748402172,213.42580903142527,43.49723343359669,22.733430287980514,,,3379,16.559375,0,No Defect
0.040656834424077436,98.75474163378179,191.13725017069257,41.24387570279949,24.752386926343135,,,3380,16.5625,0,No Defect
0.04283836984245716,101.60705405961538,184.35412528234457,43.147128037506036,24.62831259787492,,,3381,16.565625,0,No Defect
0.038031574386877716,95.31149156627023,191.47697537280277,35.54642152480069,26.37207476763051,,Ambient temperature high,3382,16.56875,0,No Defect
0.03919065725316122,96.8676062487509,197.48757335632098,40.312686810564855,24.621063920373853,,,3383,16.571875,0,No Defect
0.04193800525714891,101.2009335838264,202.71298168915834,44.3606942018412,23.13617519195578,,,3384,16.575,0,No Defect
0.03972407317781055,97.0953465808832,186.07049248672797,39.87260417270453,25.452041430770713,,,3385,16.578125,0,No Defect
0.04060316433060588,99.89034205947664,200.55903242020514,37.099475594115845,25.37424589303901,,,3386,16.58125,0,No Defect
0.0380867238193435,95.89126497125407,222.0387793350007,45.99839729640661,21.44246818423097,,,3387,16.584375,0,No Defect
0.039665869319078506,97.84808009589102,195.08799842436676,37.82974087166721,25.490147495844507,,,3388,16.5875,0,No Defect
0.040546648330707195,97.4712907942828,174.1737218964425,41.763633351879065,25.632280703082465,,,3389,16.590625,0,No Defect
0.04231407543790782,100.49294624697849,179.34696551977285,44.801354828112196,24.43591222009888,,,3390,16.59375,0,No Defect
0.04099850856869185,101.92678141066109,229.96519490299556,35.21524070925969,24.12669695447277,,,3391,16.596875,0,No Defect
0.037230994746893946,96.1940112972687,218.31808762484326,30.056041643304265,26.31230007774662,,Ambient temperature high,3392,16.6,0,No Defect
0.03866051977054093,96.57678295778541,210.3451496838271,41.65772440092185,23.425864716497454,,,3393,16.603125,0,No Defect
0.03832043045200149,96.4437957596785,211.35140784238178,38.406103436993845,24.310179125457708,,,3394,16.60625,0,No Defect
0.04085553137406451,100.69001608479769,212.82907382517988,37.297841655955516,24.560975687895002,,,3395,16.609375,0,No Defect
0.040096497091969774,98.7815300381183,187.95810685652094,30.6194692592725,28.030105530127468,,Ambient temperature high,3396,16.6125,0,No Defect
0.04026240643006901,98.87195286734004,205.214248788238,42.03383441634097,23.637153440750158,,,3397,16.615625,0,No Defect
0.04251679780308047,102.5419080872753,195.62537039952113,36.16009096973564,25.95654736515002,,,3398,16.61875,0,No Defect
0.04024152831214195,99.98118592279097,229.86350996674162,44.86560643348859,21.295350700356057,,,3399,16.621875,0,No Defect
0.039408943717632414,98.01092654448686,216.05999542939844,42.90915965252993,22.707229701038308,,,3400,16.625,0,No Defect
0.03718284803955415,96.21655050702314,231.85035969218515,35.52718558634657,23.876068225684055,,,3401,16.628125,0,No Defect
0.03926639689135715,97.45299887239015,203.06933293289373,39.06144509821057,24.624611315124152,,,3402,16.63125,0,No Defect
0.04200284833529752,98.87207038076455,167.75400194804746,46.82655632332074,24.54366288763725,,,3403,16.634375,0,No Defect
0.0415164129204707,99.9402331382555,192.3705510774551,43.854585897128004,23.8951145643843,,,3404,16.6375,0,No Defect
0.0405203744810095,98.55192291511645,190.83208765869142,40.44049708907072,24.979457752435437,,,3405,16.640625,0,No Defect
0.04014200592160737,99.01493206190396,205.76828960839552,37.19270514660963,25.01030637851897,,,3406,16.64375,0,No Defect
0.04011051256091897,98.78414007350975,199.77652292734132,36.29966490698292,25.636218037071114,,,3407,16.646875,0,No Defect
0.039524111829343817,98.10383744575175,204.87675194276923,38.17879171478067,24.766379715524792,,,3408,16.65,0,No Defect
0.03831619704542001,97.29016025451585,217.34907970767668,35.29468579942731,24.83215275617775,,,3409,16.653125,0,No Defect
0.0389793474495511,95.76256910338743,201.46897879811434,48.609966632293236,21.92542394291334,,,3410,16.65625,0,No Defect
0.043373339339344445,102.75604540931461,186.5688694431519,40.751495167997625,25.166059053436825,,,3411,16.659375,0,No Defect
0.04153354840985551,100.62407430880475,195.21311734293542,37.475764339698266,25.578579416743363,,,3412,16.6625,0,No Defect
0.04171585926354971,100.2233666743785,190.47958383942552,41.27217131890595,24.76066361330074,,,3413,16.665625,0,No Defect
0.041674288872756315,100.07857655698233,193.68291308706185,44.02518668003833,23.758202893165357,,,3414,16.66875,0,No Defect
0.041240650694574985,100.54503780582694,208.44250240157945,41.553535930283,23.56965878181379,,,3415,16.671875,0,No Defect
0.04192907407770967,100.13965976734156,180.41036671564802,42.46566052080675,25.02333447536004,,,3416,16.675,0,No Defect
0.041094858334089164,99.36525016280557,179.34080809130208,37.17297109418337,26.626604594339238,,Ambient temperature high,3417,16.678125,0,No Defect
0.036548974966106276,95.58455619132329,238.61733687069426,35.63558018868064,23.406490250314747,,,3418,16.68125,0,No Defect
0.035597044058851134,94.86644261614478,247.26480131704332,33.98459154513203,23.347964875317103,Paste volume per aperture low,Stencil thickness low,3419,16.684375,0,Open Circuit
0.0408579247169748,99.16393395794417,181.45088423144978,38.00258149378524,26.24745803509492,,Ambient temperature high,3420,16.6875,0,No Defect
0.03776507561690778,95.65852430313859,209.35412631955015,38.96551001093808,24.23184821615579,,,3421,16.690625,0,No Defect
0.03913206710719977,95.17660465912977,173.789150516506,42.12282575979626,25.505104004929123,,,3422,16.69375,0,No Defect
0.03894793248061183,96.30920550694249,198.5431627659411,43.15251538830831,23.68157396911627,,,3423,16.696875,0,No Defect
0.03969231490093299,97.28629572196317,191.52168051974647,41.358153487797416,24.640756217773376,,,3424,16.7,0,No Defect
0.04068548505545241,99.42774161275129,200.64829925937852,39.98160750239634,24.4911775904615,,,3425,16.703125,0,No Defect
0.039234956327854426,99.90872896746991,237.37968608536642,34.24227146305846,23.90127332068192,,,3426,16.70625,0,No Defect
0.04061706200899739,99.81372136165288,205.52987014126174,38.81695749117176,24.527695018107114,,,3427,16.709375,0,No Defect
0.041750187781423136,103.13995334957208,223.945638100883,35.97311801609415,24.233306440748887,,,3428,16.7125,0,No Defect
0.04061496313871142,99.90575356698676,205.10470292089812,37.3792058273832,24.972078862013394,,,3429,16.715625,0,No Defect
0.038764614698018875,99.27787799743439,230.20127504267316,32.49154806437744,24.83926845962011,,,3430,16.71875,0,No Defect
0.03984393889926989,97.65151971978374,190.96006881602997,39.1720626805219,25.30854366518013,,,3431,16.721875,0,No Defect
0.042183234677696635,103.08379437924286,219.40677054073447,36.987946779903645,24.22058591443104,,,3432,16.725,0,No Defect
0.0396815473296533,96.66828673420416,176.99183386609616,41.22681555907256,25.556823967553825,,,3433,16.728125,0,No Defect
0.038550918487033105,97.9472822478344,218.06732810175373,31.45508114681062,25.887173651936358,,,3434,16.73125,0,No Defect
0.04287772087237573,100.87565046607908,158.74198846403493,37.94878828050821,27.65843738497213,,Ambient temperature high,3435,16.734375,0,No Defect
0.03678329567879171,94.69924971411967,221.9429067193475,39.27418234219258,23.34736983887324,,Stencil thickness low,3436,16.7375,0,No Defect
0.038516767495437886,96.90535388405759,207.7173254202585,34.29718511805383,25.689954029790506,,,3437,16.740625,0,No Defect
0.040805772020140754,99.50175525845125,201.5395206649196,40.640510391124835,24.23249575782251,,,3438,16.74375,0,No Defect
0.04006548066427441,99.90602849195872,229.87519256243385,42.87697299173886,21.831285913507415,,,3439,16.746875,0,No Defect
0.040469239415388575,98.8082463919535,190.33149891501608,37.438790534031654,25.84796617136518,,,3440,16.75,0,No Defect
0.039784190536593024,100.24263756047598,235.52327249172646,36.94984683726835,23.214569492549284,,,3441,16.753125,0,No Defect
0.03854875620793016,96.7897672225001,216.2859353794102,42.447634876419684,22.775078305301694,,,3442,16.75625,0,No Defect
0.04207409462995562,100.66061069945131,192.09553655062686,43.581978933706,23.956742120154146,,,3443,16.759375,0,No Defect
0.042271157661564814,101.9072094281321,199.1229743373397,39.54663183615011,24.702967750483147,,,3444,16.7625,0,No Defect
0.04147207229626143,97.88104755853226,164.60739653883135,45.9171775951935,24.95402739231448,,,3445,16.765625,0,No Defect
0.0417933087899754,101.83162701686288,202.78023104247364,34.331876923575365,25.997290936500917,,,3446,16.76875,0,No Defect
0.03897094116344926,95.30272861246364,184.26255740424688,43.69990956054855,24.37445055618264,,,3447,16.771875,0,No Defect
0.040515158435381234,99.04017432815814,196.65278261549778,40.94084400278655,24.426065211407057,,,3448,16.775,0,No Defect
0.03928949038768735,96.56843588529789,190.92924424431823,39.860891203971555,25.087506184938793,,,3449,16.778125,0,No Defect
0.036854722332274326,94.98787685667155,225.07342254544355,39.094623798313194,23.193343488320654,,Stencil thickness low,3450,16.78125,0,No Defect
0.0411483983135293,98.30463043157478,175.57720623908267,44.25246862500849,24.756084196809656,,,3451,16.784375,0,No Defect
0.038825894070905226,98.70126262353367,230.4995592176448,36.76961980868956,23.551794753155882,,,3452,16.7875,0,No Defect
0.04194372099983149,101.71594442729726,206.22965305906982,40.81793529916449,23.882383368401438,,,3453,16.790625,0,No Defect
0.03789660300545844,96.60256458622374,222.80834814148832,38.34609007603892,23.55414467875763,,,3454,16.79375,0,No Defect
0.03867558841961054,97.8419588000394,213.47323495841357,34.628862815194665,25.214792911830482,,,3455,16.796875,0,No Defect
0.04042705099660057,99.46392786597147,210.2538422382068,39.1495589655937,24.11233633338097,,,3456,16.8,0,No Defect
0.04052728020351876,98.0050416465058,180.2030421705834,39.56385031017875,25.83172382435392,,,3457,16.803125,0,No Defect
0.042995566657684475,103.24009639281948,206.32542701185866,40.62379542237628,23.938493112495276,,,3458,16.80625,0,No Defect
0.04131851556014619,101.91724618955446,217.48076872034375,33.92881988885529,25.196101536942603,,,3459,16.809375,0,No Defect
0.03689160185366963,93.88057136650541,204.2031547427335,36.52760073116813,25.21651714187895,,Stencil thickness low,3460,16.8125,0,No Defect
0.0414904287630088,99.04274561854935,186.5039188836131,48.69544180699869,22.7789542307362,,,3461,16.815625,0,No Defect
0.0392161457776725,100.46754501823312,250.17088851900968,35.815006671152986,22.61721507083785,,Paste viscosity high,3462,16.81875,0,No Defect
0.04052515268411963,98.1661117187153,187.61994500089833,43.35187770257232,24.261292414925524,,,3463,16.821875,0,No Defect
0.03949902362201849,99.60432044585369,224.99011863084468,36.19797944583189,24.04689032623598,,,3464,16.825,0,No Defect
0.039886024182717784,97.44310748076548,189.07506801124322,43.625641833943014,24.081005088252805,,,3465,16.828125,0,No Defect
0.04021809448189323,97.72235135753853,188.3617647687848,42.44041140365274,24.477948555830327,,,3466,16.83125,0,No Defect
0.04013921703363528,100.1621131832224,211.14431857769307,32.343242378684124,26.024756115184466,,Ambient temperature high,3467,16.834375,0,No Defect
0.039025013826846894,99.53253596600665,232.95152153138537,33.02670804316321,24.478640917085706,,,3468,16.8375,0,No Defect
0.03946603642595831,96.95564057790997,197.47002418265592,44.091803519806334,23.42653347229211,,,3469,16.840625,0,No Defect
0.037634585977934204,96.45571471399899,227.57879792777396,37.345613912149496,23.535759438270805,,,3470,16.84375,0,No Defect
0.03727983332586439,92.68008910059228,176.99403746074378,41.29308007230067,25.47998228903046,,Stencil thickness low,3471,16.846875,0,No Defect
0.03829378191152377,97.82767383212368,232.49709597176002,37.503478315938054,23.189668356269877,,,3472,16.85,0,No Defect
0.03926045523443564,97.05716647259997,203.90696584948435,40.984844732733286,23.93769562328742,,,3473,16.853125,0,No Defect
0.03924638204809874,98.7516195392384,223.66715150053676,38.56328750963715,23.426149440124277,,,3474,16.85625,0,No Defect
0.04054874854193117,99.69096579080085,199.0401981546639,35.900495796823506,25.72313374989514,,,3475,16.859375,0,No Defect
0.04534202404690529,100.78651004760437,129.72497296164653,55.16748960089088,24.390785388406556,Paste volume per aperture high,Paste viscosity low; Ambient RH high,3476,16.8625,0,Solder Bridging
0.039083458662447314,97.7329999263611,218.21141504881626,43.42984537353629,22.333598782405666,,,3477,16.865625,0,No Defect
0.0383208959257522,98.08258119807276,235.00813594732796,35.63715743388478,23.576375617590735,,,3478,16.86875,0,No Defect
0.038765359540590225,97.09928688777374,205.48363303190783,35.11815507375459,25.5420330710752,,,3479,16.871875,0,No Defect
0.041093560893558395,99.13236474896483,196.86587926935115,45.49892504457777,23.056219524761925,,,3480,16.875,0,No Defect
0.041148798835556444,99.25858719829817,189.50916401591297,38.88296624563475,25.443200931027825,,,3481,16.878125,0,No Defect
0.036821929477391664,93.511691967193,194.27581354288534,34.33692267346495,26.438650495739484,,Stencil thickness low; Ambient temperature high,3482,16.88125,0,No Defect
0.03915383577139983,98.30216564733271,219.4661322283736,35.77080578251533,24.49460349285162,,,3483,16.884375,0,No Defect
0.040553546336815974,98.40457147178495,189.65417988896536,41.50007850025045,24.655911522404992,,,3484,16.8875,0,No Defect
0.03726078656253589,95.22200763891618,225.69790988563784,43.78898773747368,21.74680325126295,,,3485,16.890625,0,No Defect
0.04093370758379048,101.37090502390238,233.91552974367954,42.41492936868438,21.675687191591138,,,3486,16.89375,0,No Defect
0.03952987633700701,101.84866479927678,248.41938394524095,26.27588500316366,25.48539726657501,,Ambient RH low,3487,16.896875,0,No Defect
0.04021700374150684,96.923318316356,176.5055244761682,40.679839942637756,25.699638429219934,,,3488,16.9,0,No Defect
0.042126044256319446,99.89920332105305,176.33787659906994,42.749900490385166,25.115604597790032,,,3489,16.903125,0,No Defect
0.03993361103934698,99.21017313611831,221.6350361959765,40.69993485740283,22.918609916561024,,,3490,16.90625,0,No Defect
0.04156820083411727,97.9852138822777,150.95540190513958,39.73082628365137,27.546024873334737,,Ambient temperature high,3491,16.909375,0,No Defect
0.0387436919660698,96.26100849577071,194.61348088848973,36.769370991212824,25.71160866718131,,,3492,16.9125,0,No Defect
0.03794674048547683,95.87202704469749,205.25619757155914,33.94643840858823,25.876722874473813,,,3493,16.915625,0,No Defect
0.03909585984643531,97.61218965565082,200.85158856716046,33.098737711656774,26.40067511742264,,Ambient temperature high,3494,16.91875,0,No Defect
0.044500081780603926,100.188240126415,129.94488261465153,49.95328559135018,25.869298737572034,Paste volume per aperture high,Paste viscosity low,3495,16.921875,0,Solder Bridging
0.04147758690231663,98.61389260849913,174.51644379399363,43.706627906153734,24.93581353302039,,,3496,16.925,0,No Defect
0.03882358862256944,96.63184657717733,208.52392083008897,41.21335768230691,23.55662513797545,,,3497,16.928125,0,No Defect
0.03683003746049932,93.67740018089343,207.14863708932253,39.22841530327345,24.20322314226648,,Stencil thickness low,3498,16.93125,0,No Defect
0.040857632904775544,98.366454833145,188.39164419748516,45.16602263358377,23.64871934554347,,,3499,16.934375,0,No Defect
0.042158430909374746,100.83907770250279,198.81219876366137,47.29017927627012,22.39717686238608,,,3500,16.9375,0,No Defect
0.04224919270797003,100.85577466381383,185.2170825726412,40.97296878755702,25.076022302820785,,,3501,16.940625,0,No Defect
0.04079146706207663,101.43166249858437,232.8187236143052,40.102577525101644,22.397127427695256,,,3502,16.94375,0,No Defect
0.0396873884223274,98.04208881545222,207.92059388619586,42.318105804900405,23.26731835366825,,,3503,16.946875,0,No Defect
0.04020932649346185,99.40958264694602,205.8134461140331,37.82005264878877,24.710030751027965,,,3504,16.95,0,No Defect
0.042531416515744276,100.7305428307183,186.25738447558228,46.37871940843352,23.431822920319668,,,3505,16.953125,0,No Defect
0.04096402349422984,100.27762560420997,204.93777231605023,39.241822849174866,24.354031990932658,,,3506,16.95625,0,No Defect
0.03999072845029428,99.33882529887323,220.9307350878635,41.386849768678076,22.739443385602296,,,3507,16.959375,0,No Defect
0.04155965788856293,98.94151954506009,187.2244309120255,48.612776730736755,22.71027630305641,,,3508,16.9625,0,No Defect
0.037922068325739904,96.23486353722522,217.3335196346042,40.33147139892639,23.24577685606156,,,3509,16.965625,0,No Defect
0.040068637221544336,96.9399917199532,177.78277612457924,43.30514707723723,24.820259474402654,,,3510,16.96875,0,No Defect
0.04102105208598072,99.78651106236936,199.0556499385333,40.67469960990493,24.29250099889472,,,3511,16.971875,0,No Defect
0.042880867689136924,103.64398913250749,212.42421222489602,41.296743922313496,23.300207480705566,,,3512,16.975,0,No Defect
0.04069647764089556,100.81605460466615,217.1273082980318,34.09214305723626,25.105051777285166,,,3513,16.978125,0,No Defect
0.04358442793169262,101.14268953154995,162.44964946001642,43.46672725321244,25.743582030469693,,,3514,16.98125,0,No Defect
0.03864062069134573,96.24902789954834,203.4666190460843,39.38180560794076,24.37945897286203,,,3515,16.984375,0,No Defect
0.042438885108887874,101.24494216098444,189.91804836324988,42.2664798603511,24.39460333880964,,,3516,16.9875,0,No Defect
0.043471939005528336,100.65772113330291,160.75879456833695,46.71472368629213,24.89199017100016,,,3517,16.990625,0,No Defect
0.04191876771630845,100.12230894878414,186.72875527989086,43.4815413543017,24.228824091446096,,,3518,16.99375,0,No Defect
0.03723624548807033,94.69265816235615,206.76441027937847,35.361164911196454,25.335265541574152,,Stencil thickness low,3519,16.996875,0,No Defect
0.04000368460286718,97.9675334279839,188.4441362786103,36.72572223432539,26.078843010588372,,Ambient temperature high,3520,17.0,0,No Defect
0.039716567535410696,98.04218890611402,204.7465842038525,38.3942977664341,24.592030936982376,,,3521,17.003125,0,No Defect
0.03818862227514605,95.37098633267985,203.80485119615133,44.609619698404536,22.813835841192443,,,3522,17.00625,0,No Defect
0.038578813066509184,97.06663828608038,219.85361776276628,41.49343294484224,22.744313132161384,,,3523,17.009375,0,No Defect
0.03875580215814166,97.32551548229773,223.39674695811243,44.386974472806315,21.68062255449646,,,3524,17.0125,0,No Defect
0.03999416003885716,100.17069222483573,244.01815779065512,45.71576303754897,20.038532222231872,,,3525,17.015625,0,No Defect
0.038244677144738275,99.37911683913276,256.8391498582637,33.55065302765371,22.79155779037622,,Paste viscosity high,3526,17.01875,0,No Defect
0.04053951226873247,99.48609430194524,199.95377508877183,35.77661093061591,25.647440519756486,,,3527,17.021875,0,No Defect
0.04180847484133851,99.59799292728844,183.1922115159199,45.976506858330154,23.702430365100632,,,3528,17.025,0,No Defect
0.03980350868115674,98.29172582325779,205.29024391617378,40.95305698738206,23.796604782104406,,,3529,17.028125,0,No Defect
0.03905311477695376,98.65509247129853,233.2001667016446,38.374024104162025,22.836488580684804,,,3530,17.03125,0,No Defect
0.040634348901457285,99.23686356803218,206.4034457361323,42.33381108016525,23.33386194942643,,,3531,17.034375,0,No Defect
0.0393446685221548,95.6519801787378,172.81975999125015,40.71971696829147,25.850693318632075,,,3532,17.0375,0,No Defect
0.04280043062778812,102.58258568753503,208.0085431033787,44.2292604605363,22.695481771368232,,,3533,17.040625,0,No Defect
0.03792375826879729,97.45420956997154,235.57164220124926,36.95402739675423,23.08735006575745,,,3534,17.04375,0,No Defect
0.038946039087772624,97.0108585734974,207.75724629472097,39.02146199158653,24.20037957548936,,,3535,17.046875,0,No Defect
0.04085739532889865,98.6604109362224,195.86116945257373,43.9290518512157,23.51297930839392,,,3536,17.05,0,No Defect
0.04115001025582271,98.6342399053683,175.58973713351878,37.49053491604654,26.63814607359854,,Ambient temperature high,3537,17.053125,0,No Defect
0.041821370763244145,99.97353846246925,192.4202229093755,44.9311744118658,23.434772016868422,,,3538,17.05625,0,No Defect
0.03875204343960345,95.71737466172917,191.76247034457583,39.971226345533545,24.897301094574978,,,3539,17.059375,0,No Defect
0.03968289718453035,98.04597995559027,212.09270186018497,44.29754112306668,22.390049839421717,,,3540,17.0625,0,No Defect
0.04125292908354023,99.9096090355587,188.81181384437426,37.028151024451454,25.953027282001994,,,3541,17.065625,0,No Defect
0.04253494466052456,101.65173103493721,200.5812543057019,43.56923100307514,23.33372214292099,,,3542,17.06875,0,No Defect
0.04074677642335181,100.48272998068306,213.90997262037024,37.32566813093446,24.32096381522907,,,3543,17.071875,0,No Defect
0.038041755230166244,98.36040089537713,237.6891580256942,28.787492432517254,25.33623810570594,,Ambient RH low,3544,17.075,0,No Defect
0.04295415583254727,101.93748711929103,192.63751586999558,44.09437021664172,23.66494722116,,,3545,17.078125,0,No Defect
0.03731291492777712,92.58320936769982,181.71972365702052,44.93814163691202,24.039088671602247,,Stencil thickness low,3546,17.08125,0,No Defect
0.041084636427978966,101.36822156358993,221.72635842853563,37.99652124634447,23.64380809637057,,,3547,17.084375,0,No Defect
0.04351726599486867,102.41920150961923,176.8762526597853,38.343286865004565,26.314130996554304,,Ambient temperature high,3548,17.0875,0,No Defect
0.03819556140276721,98.83076932720554,229.29038538426147,26.649644897600155,26.462848544066468,,Ambient RH low; Ambient temperature high,3549,17.090625,0,No Defect
0.04020627313816405,98.19125348742976,207.0104520889787,47.19963178327276,21.847588611685644,,,3550,17.09375,0,No Defect
0.03701027298154262,95.45584558117218,225.7090488360052,34.411296099070064,24.41204620339765,,,3551,17.096875,0,No Defect
0.039001746500267796,97.22629950718617,212.183846376398,42.81697728947961,22.79570043263992,,,3552,17.1,0,No Defect
0.03874518680026351,97.43819027873602,216.36954497481628,36.268049932341455,24.453943260798635,,,3553,17.103125,0,No Defect
0.043229339287742044,101.48049586049865,166.33671053391578,38.757498476359345,26.827420905008058,,Ambient temperature high,3554,17.10625,0,No Defect
0.04150208258912611,100.39558091449722,196.8399708526199,39.42250293923447,24.748296614719134,,,3555,17.109375,0,No Defect
0.04001439195765464,97.21457956447996,177.73127348306812,39.17284975582945,25.97665984742618,,,3556,17.1125,0,No Defect
0.04029054068831811,98.86981075821488,204.81517390322554,39.1685916758213,24.32318724186361,,,3557,17.115625,0,No Defect
0.038976077868149855,97.69896689834243,210.21846166999933,35.23842669967657,25.12534587743932,,,3558,17.11875,0,No Defect
0.03679022532299883,94.0110767632451,222.65253558977886,44.00569858555461,21.78426640204839,,Stencil thickness low,3559,17.121875,0,No Defect
0.042032858089666336,100.30822707163586,183.4629732134433,41.30344015396625,25.01678267094942,,,3560,17.125,0,No Defect
0.038230261852236144,96.28572318306269,205.13809166755618,35.29473603041957,25.410114687328278,,,3561,17.128125,0,No Defect
0.04148374141698916,101.15731226866072,206.1526365678881,38.13807698664837,24.541574767469754,,,3562,17.13125,0,No Defect
0.0405701802286929,98.14526577385094,180.90628632753544,39.36793956063235,25.722555849523005,,,3563,17.134375,0,No Defect
0.039534142678417115,94.40157576042833,150.2999095552329,40.960772980717714,27.128611423939457,,Stencil thickness low; Ambient temperature high,3564,17.1375,0,No Defect
0.04119683706814495,98.67248741024268,185.6966974346397,45.99526482478616,23.49599366081821,,,3565,17.140625,0,No Defect
0.03759212940328795,95.5197382111203,213.92999059489682,36.09507116965738,24.629103529727377,,,3566,17.14375,0,No Defect
0.0404866811422892,99.26438427028833,205.88120381721882,41.10676429969823,23.677200988069156,,,3567,17.146875,0,No Defect
0.040350967998825836,98.0277893747156,186.73760400337056,41.239744640155386,24.80882501248615,,,3568,17.15,0,No Defect
0.04152496238623966,98.90956006662961,172.9207509338607,41.34243503702934,25.636995267316006,,,3569,17.153125,0,No Defect
0.03858067828548829,95.6670361636296,194.40362971034247,38.9739005308631,24.988512485666185,,,3570,17.15625,0,No Defect
0.043125578982857335,98.67850998311272,144.12231565815364,51.30983033861149,24.502908292472853,,Paste viscosity low; Ambient RH high,3571,17.159375,0,No Defect
0.03885533289012229,96.72924240930723,199.7361249088301,36.60302418559596,25.35236458583927,,,3572,17.1625,0,No Defect
0.039800346004016086,96.03013708617124,173.804488233701,41.5416343159008,25.50961354794623,,,3573,17.165625,0,No Defect
0.03881827491248455,97.38801457723083,220.7181580779002,43.07643398542532,22.168498218942666,,,3574,17.16875,0,No Defect
0.0385490731423455,96.34310832216897,208.46460321804796,38.58598138483747,24.235034461248286,,,3575,17.171875,0,No Defect
0.040226732325022344,98.52548860471906,202.11052322910024,41.69631560300084,23.72414344462473,,,3576,17.175,0,No Defect
0.04033682772641487,98.5965002901517,202.5358956777064,39.57372235427347,24.323593443383775,,,3577,17.178125,0,No Defect
0.036165709829008345,92.94477082313882,208.5684294962902,38.609545721342286,24.193673300068166,,Stencil thickness low,3578,17.18125,0,No Defect
0.03995108292271516,99.170324253655,220.45972840721782,40.078916073051204,23.0676659268481,,,3579,17.184375,0,No Defect
0.0389283239055884,96.60029239802275,194.81890019826,35.656104717689686,25.922368880138123,,,3580,17.1875,0,No Defect
0.040228920680887174,99.05346614946974,208.2485849853224,40.475322931111975,23.697415922186497,,,3581,17.190625,0,No Defect
0.036970604993795,94.03882185583515,206.41804036454147,38.09152156105907,24.4799817577888,,Stencil thickness low,3582,17.19375,0,No Defect
0.0415862970605661,102.3508219820655,224.0351325762974,37.357872798325914,23.64897933557593,,,3583,17.196875,0,No Defect
0.03675471567973751,94.97314579389246,231.06291219039412,38.49317241372393,22.84847939607098,,Stencil thickness low,3584,17.2,0,No Defect
0.0396768253911452,97.77679769740736,195.76980816352216,39.551363121557586,24.719944418475738,,,3585,17.203125,0,No Defect
0.037993422214492034,96.05004331951726,219.11285584682713,40.754535994693285,22.92725821948217,,,3586,17.20625,0,No Defect
0.038484167968420385,98.60340311932278,241.12265859861577,37.43537905777513,22.546412705928134,,,3587,17.209375,0,No Defect
0.04143473373113125,98.47080736550312,170.74979652901612,43.95250948668566,24.982015271874378,,,3588,17.2125,0,No Defect
0.03800489083014799,96.50663018467229,216.81791475615444,35.01749947534173,24.740711239863984,,,3589,17.215625,0,No Defect
0.04198449470490699,100.74727325642829,190.98870467844066,40.70399663604292,24.69279096132344,,,3590,17.21875,0,No Defect
0.040716796860280825,100.71213443299317,206.371016761369,31.927085681622223,26.299214816877964,,Ambient temperature high,3591,17.221875,0,No Defect
0.042136449632427964,99.47630243121087,165.12571430200796,41.17456557968254,26.14006314786869,,Ambient temperature high,3592,17.225,0,No Defect
0.03826209856438633,94.79849056054101,189.9067131134861,39.28038997479355,25.145347072792333,,Stencil thickness low,3593,17.228125,0,No Defect
0.040201101052330254,97.11049932929393,184.09800719803735,45.745664150798945,23.62239321159249,,,3594,17.23125,0,No Defect
0.040226373781322544,101.02919912990626,226.51205038224472,32.93066102863818,24.761213511138262,,,3595,17.234375,0,No Defect
0.04148592753349645,101.33930604836904,213.25399218604022,38.49979793151923,23.961810234205828,,,3596,17.2375,0,No Defect
0.04197037020824036,101.57924758720951,204.85353293256864,38.64881600192565,24.436500968826643,,,3597,17.240625,0,No Defect
0.041638835432445884,101.14117242352954,203.008672362683,38.285594169073555,24.649374694944733,,,3598,17.24375,0,No Defect
0.0417131391463879,98.85523434101447,178.0995862820433,44.908841283880015,24.246700429476807,,,3599,17.246875,0,No Defect
0.04055977298853069,97.70384898511992,186.27065703663865,44.00056123084461,23.998902105900683,,,3600,17.25,0,No Defect
0.03952323361608292,95.44029263670699,167.23028019606826,40.41131525186921,26.204507723478585,,Ambient temperature high,3601,17.253125,0,No Defect
0.0415673732357268,101.84816910158081,226.95566688575252,41.92395680982864,22.11511576487694,,,3602,17.25625,0,No Defect
0.039284654383664845,96.56957430041459,182.22177328211274,35.37066677516706,26.750985842527218,,Ambient temperature high,3603,17.259375,0,No Defect
0.03994056431104121,100.8619736985197,234.5749228011471,33.21871341451134,24.17159856529677,,,3604,17.2625,0,No Defect
0.04048751503572926,99.02811069495449,199.23285307447003,38.42998439524953,24.82228992645155,,,3605,17.265625,0,No Defect
0.04147153933982169,97.35618193604734,164.1940417806837,47.34907699052532,24.37734689945285,,,3606,17.26875,0,No Defect
0.0393845996330348,95.9341474011533,186.5249562778486,45.31056207531565,23.579343769049267,,,3607,17.271875,0,No Defect
0.041253369217866466,96.42664014365668,142.13565751990996,44.80871238031928,26.461230365428374,,Paste viscosity low; Ambient temperature high,3608,17.275,0,No Defect
0.03676102318408937,94.00519135925263,206.47220010491577,35.21062803164619,25.28311938866076,,Stencil thickness low,3609,17.278125,0,No Defect
0.040311218759650214,98.37449235172777,204.80982844184155,45.11429275000943,22.520017081280013,,,3610,17.28125,0,No Defect
0.042026576041308945,99.67147520108307,170.05614880659436,40.8909618750129,25.894961977887093,,,3611,17.284375,0,No Defect
0.040242375739257805,97.5677652868183,183.20904877150178,41.04153092070575,25.02965534428817,,,3612,17.2875,0,No Defect
0.04136331633058544,100.54876515856226,207.17384686568462,41.35436140740903,23.47787385463948,,,3613,17.290625,0,No Defect
0.04210513523559626,99.76664409286946,179.7908396241138,43.45851317843248,24.55008356797236,,,3614,17.29375,0,No Defect
0.039589252660048584,96.68922372116289,193.86368831977663,42.39904363946012,23.976138840403042,,,3615,17.296875,0,No Defect
0.04023047340897872,96.01512832187282,163.6435727098432,43.86940303152272,25.400583169315368,,,3616,17.3,0,No Defect
0.039644645270989834,98.67525175391307,213.93380017004262,37.55948553514295,24.152527024744145,,,3617,17.303125,0,No Defect
0.04161234497851727,98.87589697672709,172.9117346013797,41.26820669584903,25.60210618586145,,,3618,17.30625,0,No Defect
0.042480671591362255,101.37226478351968,184.36675665476034,37.1845314659793,26.097030166848604,,Ambient temperature high,3619,17.309375,0,No Defect
0.03842329681343064,95.62128730465436,207.4328940748497,43.41539351598163,22.829960291772178,,,3620,17.3125,0,No Defect
0.04218340329199517,99.3683772310877,165.09318771322774,41.30619609131557,26.07045420868447,,Ambient temperature high,3621,17.315625,0,No Defect
0.04021051612124251,98.08408876393351,197.0104732262809,43.501531567303985,23.45111100385517,,,3622,17.31875,0,No Defect
0.040850942406799214,96.42574526198926,161.67418383031728,49.355591863185154,23.91278614805326,,,3623,17.321875,0,No Defect
0.04119905385826531,99.13067250985338,182.8915788844961,40.13939708896048,25.30524353169724,,,3624,17.325,0,No Defect
0.04134837095300744,99.00246540015678,177.45435344486543,39.787552033591375,25.742914155745936,,,3625,17.328125,0,No Defect
0.03932679260711244,97.08611389688436,217.37518911956448,49.75409135544769,20.365692495261804,,,3626,17.33125,0,No Defect
0.037460101843785475,94.67514484101531,207.19776046675003,38.019032837323415,24.403990993222457,,Stencil thickness low,3627,17.334375,0,No Defect
0.042452978291671585,99.89176603118034,183.06658923754296,49.45284401412034,22.58290315493426,,,3628,17.3375,0,No Defect
0.04025165485376913,99.13861305290375,216.880139709556,44.52804932988231,21.92463598753928,,,3629,17.340625,0,No Defect
0.03975451243100028,98.55966207788131,205.87771343998674,36.1383510936345,25.045746077225477,,,3630,17.34375,0,No Defect
0.036902484660497656,95.10251670854338,232.0797030985858,41.31389402793638,21.902141969657116,,,3631,17.346875,0,No Defect
0.043038566553927286,100.42678101328576,155.1879662758769,36.48755584595218,28.082013521863637,,Ambient temperature high,3632,17.35,0,No Defect
0.04142036821085868,98.7223919183554,180.9278911217452,46.54445082798709,23.544600652190013,,,3633,17.353125,0,No Defect
0.04083226208066174,99.6654123907183,197.89597732500397,38.5668260951621,24.827197414850218,,,3634,17.35625,0,No Defect
0.039332532427643986,100.21774468467592,245.46127184345377,36.52071456869739,22.494840135693863,,,3635,17.359375,0,No Defect
0.03886862038109309,98.62826530334131,227.46866039693575,33.38695518926614,24.511602529384867,,,3636,17.3625,0,No Defect
0.03891803288604845,98.11850551879085,224.30535116050459,36.911304552894215,23.67590731603072,,,3637,17.365625,0,No Defect
0.03952137087508667,97.21943232481388,198.13855700264983,41.00290680493032,24.08783595876876,,,3638,17.36875,0,No Defect
0.03936819500590781,98.59906705207267,218.32383037000835,35.682989591644116,24.402762735510628,,,3639,17.371875,0,No Defect
0.041710057736473585,99.84963649810938,188.5960723674192,43.74656041052012,23.88584638708814,,,3640,17.375,0,No Defect
0.03760948585299743,95.8245108084329,221.1928757956632,37.77351549810141,23.59909880267483,,,3641,17.378125,0,No Defect
0.03567577153542469,95.26126091158295,257.2846758733362,35.238056811631964,22.107121925640648,Paste volume per aperture low,Paste viscosity high,3642,17.38125,0,Open Circuit
0.04223308787675263,99.01367947938617,161.91475354318175,43.38541145370516,25.630971776283694,,,3643,17.384375,0,No Defect
0.04111216721236458,100.39706464646255,212.3530887606219,41.704873063902696,23.0167046458668,,,3644,17.3875,0,No Defect
0.03810283497210615,95.24242185995558,206.63015573771412,43.49424733160745,22.81875006971653,,,3645,17.390625,0,No Defect
0.039105266866552475,98.41195765652256,215.6374254020239,34.46154198564267,24.909018685120333,,,3646,17.39375,0,No Defect
0.04292930397538423,99.05958855460678,161.9399505885586,52.026369316250786,23.10815094739746,,Ambient RH high,3647,17.396875,0,No Defect
0.04033888621060252,97.54503932687669,184.71484789867523,41.069150814305196,24.888506293272435,,,3648,17.4,0,No Defect
0.04084684836190248,97.78493063180916,172.9832438789627,39.313388562045006,26.124817914735086,,Ambient temperature high,3649,17.403125,0,No Defect
0.0422812899605215,99.29043816883926,163.3488059305304,42.73648391704706,25.72306623232344,,,3650,17.40625,0,No Defect
0.0438754639167202,101.77493802306145,169.91836741158465,46.857866421721674,24.126829622140782,,,3651,17.409375,0,No Defect
0.040405760745760064,98.30736956126641,206.577409814421,46.828560557480465,21.86041642821062,,,3652,17.4125,0,No Defect
0.038876664735477545,94.73445492536153,183.1399498739236,42.852909086504994,24.450185224658025,,Stencil thickness low,3653,17.415625,0,No Defect
0.03964368268904879,100.67729246579363,230.85156791313574,27.2964313187453,26.066057856853252,,Ambient RH low; Ambient temperature high,3654,17.41875,0,No Defect
0.03965643412844388,97.04839428507903,192.41724765400906,39.28652023977374,24.923275510575557,,,3655,17.421875,0,No Defect
0.03596220417141764,94.03814531572938,226.35665923161307,34.97167490072156,24.064973795931444,Paste volume per aperture low,Stencil thickness low,3656,17.425,0,Open Circuit
0.0394241957759565,99.34652913693787,226.89780961889096,33.703170426491575,24.433064526258647,,,3657,17.428125,0,No Defect
0.0409057946298679,99.01729859858703,197.47093943396618,43.387571728986266,23.418789655103122,,,3658,17.43125,0,No Defect
0.03769291112223977,95.44574958107374,216.51250604264757,39.851170316214315,23.257136729950194,,,3659,17.434375,0,No Defect
0.04066729719413073,97.62502498093205,171.3549967579744,38.839710234943475,26.344608032309182,,Ambient temperature high,3660,17.4375,0,No Defect
0.040584969792975906,97.75054602896991,179.1353676818396,41.88921972438021,24.97250203274085,,,3661,17.440625,0,No Defect
0.0387777358047521,96.90327321166373,218.05058602793716,43.08647106342477,22.2222840913737,,,3662,17.44375,0,No Defect
0.038691626684582966,98.13277223684021,242.26149939083513,41.94368309622136,21.07147875322249,,,3663,17.446875,0,No Defect
0.04030532337510398,99.5478998070134,212.55013656889727,36.575010653108905,24.473069246524396,,,3664,17.45,0,No Defect
0.04104027126097075,98.60770642253998,188.71429937388874,45.406650054754685,23.356521750486777,,,3665,17.453125,0,No Defect
0.03995139000352909,99.13185394612185,209.69586395371874,34.11778985380347,25.35974191295501,,,3666,17.45625,0,No Defect
0.039144466357458114,96.19338332962286,203.60327190319754,49.18122244066282,21.32148714628211,,,3667,17.459375,0,No Defect
0.04015952820635278,98.01036305508873,202.31554930639723,45.53555655020285,22.473452153325788,,,3668,17.4625,0,No Defect
0.040827933042706634,97.21711495555793,181.56823689205373,50.07300339698706,22.427616840027326,,Ambient RH high,3669,17.465625,0,No Defect
0.039580265928928444,97.29732639470748,201.32010950057054,43.08640015887927,23.242807344870425,,,3670,17.46875,0,No Defect
0.043198174513100956,103.38564038071473,198.7164337595748,36.90673774658914,25.23614997607179,,,3671,17.471875,0,No Defect
0.04214443461521612,99.79618918635644,182.88545570685028,49.25224518654571,22.58702493013169,,,3672,17.475,0,No Defect
0.038899624983917275,97.21612038873187,212.87271898760267,38.452251293911665,23.88127437792531,,,3673,17.478125,0,No Defect
0.03781820058281991,95.04047322237221,209.44076111813274,39.47127703418061,23.78729378820007,,,3674,17.48125,0,No Defect
0.03650052928683948,92.33131354677684,192.87248324019995,39.37590249904135,24.8147198941267,,Stencil thickness low,3675,17.484375,0,No Defect
0.04010022417479879,97.86645674233775,198.47402446838495,41.451337629741865,23.895520134945958,,,3676,17.4875,0,No Defect
0.03791378433057579,96.10941301171015,216.41918030607215,36.121576417848,24.33166681954406,,,3677,17.490625,0,No Defect
0.04027576789590162,99.89582482973753,208.71872340421928,32.382839483514964,25.911112912182556,,,3678,17.49375,0,No Defect
0.04151279077524586,100.5812189680563,204.97939021596937,40.44601851009835,23.7969574131575,,,3679,17.496875,0,No Defect
0.037338619301496234,93.15888551103501,181.67807094472974,37.6044648919213,26.01934571816632,,Stencil thickness low; Ambient temperature high,3680,17.5,0,No Defect
0.03482374008938294,94.6350801879907,263.2230570814554,29.38540937169308,23.399150740247656,Paste volume per aperture low,Stencil thickness low; Paste viscosity high; Ambient RH low,3681,17.503125,0,Open Circuit
0.041900246571473426,100.76392557700615,202.97639593088684,42.26367930063148,23.390007490554666,,,3682,17.50625,0,No Defect
0.03839166831534288,98.71497462397159,246.3497926102148,39.1117705139014,21.610537474576677,,,3683,17.509375,0,No Defect
0.03873956278940217,96.63368400577671,215.50917376640217,42.67021647304845,22.472473803735255,,,3684,17.5125,0,No Defect
0.04016817565448408,98.29871266476374,195.4016226437112,37.962666291043156,25.089400935190348,,,3685,17.515625,0,No Defect
0.03998684266890455,99.29630257590217,227.5757594434199,41.864518743762176,21.976023661991512,,,3686,17.51875,0,No Defect
0.03856504387878922,96.88682666865087,210.81936948027302,36.59002160217827,24.528138754366918,,,3687,17.521875,0,No Defect
0.03560678137406815,94.32632022970859,239.02293072679205,33.01309649191856,23.81692885653504,Paste volume per aperture low,Stencil thickness low,3688,17.525,0,Open Circuit
0.0420806754800177,101.34688484504396,203.86800570269617,42.628010001997204,23.21622282252506,,,3689,17.528125,0,No Defect
0.03892227869518405,97.9787564644709,216.66298393601886,36.28184064050487,24.255783018816732,,,3690,17.53125,0,No Defect
0.040872952775981984,101.68544869963183,226.02394085619238,33.55796027104554,24.49421230876901,,,3691,17.534375,0,No Defect
0.041654571667117606,99.29816249778801,178.5360902940417,40.851782491947894,25.28348542477275,,,3692,17.5375,0,No Defect
0.03951454681099363,97.68773235764847,202.4124917359755,38.8139195655761,24.39328144218479,,,3693,17.540625,0,No Defect
0.03825471185111507,95.06098992550223,183.79915167423414,33.54411050858819,27.065361965719582,,Ambient temperature high,3694,17.54375,0,No Defect
0.04230243744448732,101.26535842581015,198.09652887786677,42.325494682645264,23.654597449969476,,,3695,17.546875,0,No Defect
0.040497928198822704,100.92081531121735,227.4133964819777,37.23308120935802,23.323727306565683,,,3696,17.55,0,No Defect
0.0412791680306439,96.72050113717866,160.6336487992085,49.21394619042838,23.930891607246185,,,3697,17.553125,0,No Defect
0.03742074611315015,95.48047809513096,219.59940432941468,35.697725414945964,24.230176913140603,,,3698,17.55625,0,No Defect
0.04084638488615645,100.04879816912762,210.13152308269153,40.64820181754035,23.386153041175756,,,3699,17.559375,0,No Defect
0.03990546597685822,96.77272237243602,174.94034757844122,39.75312259213445,25.795354842639206,,,3700,17.5625,0,No Defect
0.03757798107404446,95.84522063023113,220.42913851845645,36.279004138545154,24.00451145856997,,,3701,17.565625,0,No Defect
0.040663147401058634,99.79276714808289,211.88137618232656,39.7104888867011,23.55011811607006,,,3702,17.56875,0,No Defect
0.04162941581946037,100.29470564663691,196.29812135140742,40.80381826676844,24.19296924358551,,,3703,17.571875,0,No Defect
0.03918539378788627,98.31795965290308,213.9916706437608,33.268925670777016,25.287164343513385,,,3704,17.575,0,No Defect
0.038029559172688646,94.03638891420563,187.57253396827053,40.009481808550596,24.932534628194272,,Stencil thickness low,3705,17.578125,0,No Defect
0.04131595600465916,99.10624335403313,194.37584347509483,44.42332668978821,23.250665568587035,,,3706,17.58125,0,No Defect
0.040695003674097854,97.22413187068953,180.49340685144756,47.47631874361305,23.200685656373814,,,3707,17.584375,0,No Defect
0.03993435510251471,98.49415200385405,203.65548817737914,35.410263316391934,25.299304533216706,,,3708,17.5875,0,No Defect
0.04384604950925196,101.39459252011635,173.7970612179792,49.096218671224854,23.16405021287697,,,3709,17.590625,0,No Defect
0.0413419212261926,99.38448727359473,187.87510137325668,41.48221781967232,24.498247148972666,,,3710,17.59375,0,No Defect
0.040522815547630424,97.90215054476096,185.7892422850776,44.32175263509847,23.785272777265284,,,3711,17.596875,0,No Defect
0.03896612694077043,95.5241177502628,176.38383317518048,36.72378371656448,26.571230932857766,,Ambient temperature high,3712,17.6,0,No Defect
0.03931002011873804,97.34179416535633,197.73237825686715,35.91025642160262,25.501261806731844,,,3713,17.603125,0,No Defect
0.03906918040514442,99.325826831133,231.64709230918018,32.45737241555317,24.425394662755576,,,3714,17.60625,0,No Defect
0.039865569161415815,97.66868728986735,188.8845720021191,37.6487958377343,25.535377873430917,,,3715,17.609375,0,No Defect
0.04093464810304786,99.86032931639869,200.9116475065343,37.19624037303581,24.940668088691794,,,3716,17.6125,0,No Defect
0.03805684059568877,98.88181315479216,247.57136205323258,28.75222343942525,24.521567430600612,,Ambient RH low,3717,17.615625,0,No Defect
0.043841014736637804,99.39158057388656,136.44519968117714,49.30896935459399,25.378038618130134,,Paste viscosity low,3718,17.61875,0,No Defect
0.040664282344597215,97.77196519128312,178.63449681721156,40.599074500826404,25.307505930094774,,,3719,17.621875,0,No Defect
0.03992227624182711,97.45899863258747,190.84139116520348,39.876080328962665,24.761486774657968,,,3720,17.625,0,No Defect
0.03960153999379459,100.66916701383455,237.13072856725796,31.885840203444623,24.248483112220676,,,3721,17.628125,0,No Defect
0.03895126603585025,95.27011765142593,185.52492341300282,44.35649922619342,23.766703375132167,,,3722,17.63125,0,No Defect
0.03985918252544913,99.21894304733289,220.9626897658239,36.416387247256544,23.92382651736593,,,3723,17.634375,0,No Defect
0.04263025387386578,100.6211028152298,162.56686352400283,35.24470458526129,27.86366052427453,,Ambient temperature high,3724,17.6375,0,No Defect
0.036818627427556865,92.66731013922825,200.47700821097996,42.81758661718265,23.282939478936928,,Stencil thickness low,3725,17.640625,0,No Defect
0.039938013292585436,97.13532681373896,189.73852604407247,41.64005770267909,24.307604885786535,,,3726,17.64375,0,No Defect
0.03911086565949867,97.72609909608111,214.7760863535284,37.905561246542106,23.853788761226443,,,3727,17.646875,0,No Defect
0.04127150502182247,100.41961652092326,204.38274186677515,38.996172456756476,24.188118707596974,,,3728,17.65,0,No Defect
0.041352404489850794,99.24286231644577,189.20693809992503,42.647155262384516,24.052677452462078,,,3729,17.653125,0,No Defect
0.045110436540828934,102.27254585593101,145.47277357085488,46.1888519117581,25.728694907900657,Paste volume per aperture high,Paste viscosity low,3730,17.65625,0,Solder Bridging
0.03949315234994165,96.10849901885364,187.72563313970667,44.29185425587907,23.645135665189674,,,3731,17.659375,0,No Defect
0.0412432918660442,96.84979991615569,153.51701129199913,43.814347842482064,25.896885264173093,,,3732,17.6625,0,No Defect
0.03695843601512564,94.58879285245219,221.8411400607713,41.00824934486985,22.48640200441164,,Stencil thickness low,3733,17.665625,0,No Defect
0.04127529379442451,100.13562948239486,209.08967704373842,43.03743602930105,22.713160270398806,,,3734,17.66875,0,No Defect
0.040122075352793066,96.82795929937535,176.75902996407407,40.19915022255426,25.513933356641534,,,3735,17.671875,0,No Defect
0.040246216250866995,99.19187917922105,208.25691490054257,37.838620432937596,24.269065439908747,,,3736,17.675,0,No Defect
0.04162712006010759,99.4074245423038,183.89563124391353,41.61300151630222,24.67303023145011,,,3737,17.678125,0,No Defect
0.03863726682265089,95.51193715349923,199.53597072196152,41.788229454461025,23.63905263670331,,,3738,17.68125,0,No Defect
0.041766001616584496,99.33007193326705,185.55292719424847,44.65845006278687,23.681376961679906,,,3739,17.684375,0,No Defect
0.03722609440278834,96.96445393067647,237.07310254334607,31.02133123335873,24.461236399635734,,,3740,17.6875,0,No Defect
0.04229134648928623,103.19365188259879,211.1541579741196,30.547509894655924,26.23265006800676,,Ambient temperature high,3741,17.690625,0,No Defect
0.04089234359498315,99.92803602381731,203.40307210961254,39.638387005354055,24.034786006140603,,,3742,17.69375,0,No Defect
0.037883317922687364,95.57477839668911,204.11430654616072,36.56150065423335,24.8648382746558,,,3743,17.696875,0,No Defect
0.040856584241263365,98.26202903875426,181.4416564285143,38.04298633342583,25.85363140705973,,,3744,17.7,0,No Defect
0.04225968630831149,99.08243996135357,157.26123115605412,41.16952362051713,26.42758384291818,,Ambient temperature high,3745,17.703125,0,No Defect
0.042121152743175974,98.95806202315906,161.23726012621768,41.655593398870074,26.040688068487928,,Ambient temperature high,3746,17.70625,0,No Defect
0.03877011061726761,97.2496150958508,200.54920785803392,32.37284907120165,26.30768529388188,,Ambient temperature high,3747,17.709375,0,No Defect
0.03775112395639357,94.4403961696196,205.19200002426757,43.79298147773093,22.68246882668479,,Stencil thickness low,3748,17.7125,0,No Defect
0.0388124946727952,97.21507178827153,216.8282644315052,40.02542805597481,23.07537876418241,,,3749,17.715625,0,No Defect
0.038752451650451034,96.61796801277852,203.6538437426216,37.00715469813206,24.764347993761064,,,3750,17.71875,0,No Defect
0.03712311013891527,96.58510905678546,234.25526969498054,30.1692446456197,24.869592096065883,,,3751,17.721875,0,No Defect
0.04057051244175532,99.02547719821243,194.3885107526454,34.979521703324764,25.938610039487077,,,3752,17.725,0,No Defect
0.038975293400619025,96.34081236799345,204.97069061751236,41.777312718182834,23.291281967971578,,,3753,17.728125,0,No Defect
0.04007462938467683,98.08114842597637,196.19165761700683,37.84407963750515,24.984120565687675,,,3754,17.73125,0,No Defect
0.04083950684220476,97.97622814782783,187.86138900445732,45.289811061124155,23.325632507210408,,,3755,17.734375,0,No Defect
0.039586366588703716,97.05835681648962,202.11189862809871,43.18596237679,23.054661357782646,,,3756,17.7375,0,No Defect
0.042455125301022065,101.12460269782241,200.65316970525552,47.92296610390143,21.77916503157731,,,3757,17.740625,0,No Defect
0.04172183703163986,101.71794454916281,223.30734720016994,43.79158569635271,21.589024231941558,,,3758,17.74375,0,No Defect
0.03947357690463217,96.38594348740823,187.05653553881297,38.52385312388694,25.336958788638135,,,3759,17.746875,0,No Defect
0.0395072641170416,99.19684353232647,218.87438505281992,33.729451574163406,24.777327320804158,,,3760,17.75,0,No Defect
0.03776607616458676,97.89355415340614,252.3696208524893,36.927049956688045,21.776369874402,,Paste viscosity high,3761,17.753125,0,No Defect
0.04076444666198917,99.0202247035724,192.7655908165115,37.48317377642452,25.29384023963203,,,3762,17.75625,0,No Defect
0.044647724089890484,104.68649561118312,195.35172660310388,42.2115001168803,23.78453565996829,Paste volume per aperture high,,3763,17.759375,0,Solder Bridging
0.038726329730114445,96.00478117488115,213.14546844005287,48.60553664840388,20.773147448554756,,,3764,17.7625,0,No Defect
0.038329190451347105,97.49441722353659,226.88460057262157,32.58278055974755,24.61211992273706,,,3765,17.765625,0,No Defect
0.03853564745695679,95.47964473792737,195.28870722729644,39.09419370205989,24.645803870036314,,,3766,17.76875,0,No Defect
0.03985680118439738,95.40575163357065,177.41718531105707,48.04410172418101,23.139873252221488,,,3767,17.771875,0,No Defect
0.03942854218137824,97.28341980719972,211.4074068421127,44.34524238943766,22.127044170550295,,,3768,17.775,0,No Defect
0.040477505092505396,98.77446270349171,202.3785432355284,38.5773065277065,24.376605164310508,,,3769,17.778125,0,No Defect
0.04202153895996079,105.16004464092171,246.73641763843858,29.042735883471195,24.4444195131568,,Stencil thickness high; Ambient RH low,3770,17.78125,0,No Defect
0.04356151303912353,99.78637502196764,153.09493537506367,47.63923310408972,24.774934464843653,,,3771,17.784375,0,No Defect
0.03994031828620449,99.32846904665828,212.6497070138892,34.74538968068676,24.85063372810811,,,3772,17.7875,0,No Defect
0.04047447381090274,99.7160865659481,205.3851498369802,35.182525731618476,25.171151264224964,,,3773,17.790625,0,No Defect
0.04190606987042165,100.33204210274326,190.19692980817285,39.93626803842473,24.72848892423985,,,3774,17.79375,0,No Defect
0.04219319302318845,99.48598410251299,167.0539276299605,41.22428656963227,25.76988545994816,,,3775,17.796875,0,No Defect
0.03772930176250118,94.33125809127282,195.8790187911534,37.35811539260868,25.098187640511885,,Stencil thickness low,3776,17.8,0,No Defect
0.038025104122613375,96.85140654942295,218.3989936708788,31.93176030093348,25.299490416596015,,,3777,17.803125,0,No Defect
0.039914470665182035,98.34759924896541,200.84558784927472,38.75138765231855,24.393356964379628,,,3778,17.80625,0,No Defect
0.03960325394838196,99.30737526652076,225.07584524074747,35.69782114461348,23.79963637482336,,,3779,17.809375,0,No Defect
0.03952197973876255,97.98976169747219,213.54813582446653,39.41813013399955,23.420359051701613,,,3780,17.8125,0,No Defect
0.03894052005668626,95.09516692909297,173.51702082726237,37.979859785656885,26.287217449157843,,Ambient temperature high,3781,17.815625,0,No Defect
0.041515022725933076,96.38772012779854,145.0840570851338,45.739826042556494,25.78853796926717,,Paste viscosity low,3782,17.81875,0,No Defect
0.03927327300726254,98.02711511276273,215.79944599931204,35.36913047513586,24.460968696215375,,,3783,17.821875,0,No Defect
0.040010062140859365,98.10771561399528,192.84265514695778,33.73351257501,26.35008024267321,,Ambient temperature high,3784,17.825,0,No Defect
0.03755857946188193,93.36078988381382,186.31331722814045,39.6355333362915,25.00440033658398,,Stencil thickness low,3785,17.828125,0,No Defect
0.03877597928499506,96.77254995546338,205.05229735562168,36.521369049663605,24.771079873242673,,,3786,17.83125,0,No Defect
0.040291596542012025,99.41470264107053,218.44046816000363,42.12713432709288,22.321521812060208,,,3787,17.834375,0,No Defect
0.04041492685233772,97.82514264043586,186.8388599463489,39.364783909544265,25.07077332906289,,,3788,17.8375,0,No Defect
0.04121297696841306,98.2404891756252,177.8224841573514,42.292534849368984,24.773722460656533,,,3789,17.840625,0,No Defect
0.03904444887253936,96.05371115545265,190.00210432181294,39.38253050786113,24.854628195154124,,,3790,17.84375,0,No Defect
0.03925483937248553,97.5693366212116,207.67913253506146,38.59187695467288,24.00003983221504,,,3791,17.846875,0,No Defect
0.03967479751828124,95.81358526686279,175.575117987469,40.19858906255017,25.508692240048198,,,3792,17.85,0,No Defect
0.04133319201155842,100.3271783135606,203.9156114692589,38.52024471234773,24.27032088738331,,,3793,17.853125,0,No Defect
0.042661452230429914,102.50423290263298,205.9314556550349,39.04515819152902,24.001826624235814,,,3794,17.85625,0,No Defect
0.038792039769905584,97.06022277560258,221.49644305286265,41.14017719273727,22.404127748684218,,,3795,17.859375,0,No Defect
0.0409054195483745,98.82155702715711,186.33560333689752,37.26434026370573,25.707222311448678,,,3796,17.8625,0,No Defect
0.037524368011776235,95.66298925919807,224.3472988356905,39.7037286555573,22.631382260453982,,,3797,17.865625,0,No Defect
0.042289369546957487,102.4672122539005,215.0908218512135,38.21078376117393,23.67630187736114,,,3798,17.86875,0,No Defect
0.039917213365810215,98.23528421064496,205.52505186879904,39.61515116751507,23.829662586198474,,,3799,17.871875,0,No Defect
0.04046110492319161,97.82394529094978,186.31842483275972,39.99247938454287,24.902512437568227,,,3800,17.875,0,No Defect
0.04254618557383749,101.23300437483907,198.71271562804134,46.34365026029825,22.300503770680066,,,3801,17.878125,0,No Defect
0.03738133617722439,95.00221952598302,213.1049119361275,35.404444021001275,24.57273189155776,,,3802,17.88125,0,No Defect
0.04085699447942656,99.24124108415144,192.04054493194786,35.73045362260907,25.794980535542866,,,3803,17.884375,0,No Defect
0.03847340870226351,96.6569491162919,213.374247431546,37.89348400095703,23.83176833425023,,,3804,17.8875,0,No Defect
0.040156683603916325,98.33588013117385,203.20729520951105,40.52814654502515,23.699367425136977,,,3805,17.890625,0,No Defect
0.043812180479263864,105.11159768750557,212.36443164847338,33.01759743502279,25.363398178080633,,Stencil thickness high,3806,17.89375,0,No Defect
0.04032395182171579,99.66566902483584,217.99778386469308,38.57055198336564,23.362204392879768,,,3807,17.896875,0,No Defect
0.042206809956723164,98.35240390455206,153.86513342781112,43.426660879742904,25.89229355347554,,,3808,17.9,0,No Defect
0.039606943873697356,98.12883671258805,216.76104864393488,43.48811410014482,21.990247071533936,,,3809,17.903125,0,No Defect
0.03851752267867509,96.27978977374012,208.14224883121472,39.110687449340496,23.789345158728857,,,3810,17.90625,0,No Defect
0.04356628702095877,100.91566607820721,167.29394017926066,49.101499491403544,23.413104560298123,,,3811,17.909375,0,No Defect
0.04025245940144353,96.9712342797248,181.95547513334307,42.02072345643244,24.560176158826483,,,3812,17.9125,0,No Defect
0.040256233999709914,96.98638422325999,186.77136942047144,45.41874583888681,23.26932588592227,,,3813,17.915625,0,No Defect
0.038003852409595605,96.43601672712823,226.34992240098472,38.655333965887536,22.798020570763573,,,3814,17.91875,0,No Defect
0.0399276314313947,99.47954878425104,229.12203272904702,39.65146353436383,22.351205613133015,,,3815,17.921875,0,No Defect
0.0392500423566583,96.58695766633231,200.1687400239164,41.58123089129367,23.556179385132985,,,3816,17.925,0,No Defect
0.04192066205451565,100.0502635518863,190.6444846118403,41.04127507857698,24.321674525250458,,,3817,17.928125,0,No Defect
0.03749965409882031,94.81948143605702,213.98467375535327,37.399716179799775,23.917816331438438,,Stencil thickness low,3818,17.93125,0,No Defect
0.040296668162795264,100.01695687218316,216.25454255709425,34.783686876017214,24.556423047682276,,,3819,17.934375,0,No Defect
0.04142221461583118,99.06060548896419,188.0528610856327,44.91149864171271,23.336118901249463,,,3820,17.9375,0,No Defect
0.04042133918905966,95.90034619729062,167.89574569753887,49.731148497430794,23.154232968643765,,,3821,17.940625,0,No Defect
0.03984105914197316,98.93230505065036,216.9034643378866,37.85965557120525,23.61172665768096,,,3822,17.94375,0,No Defect
0.03925530807790095,97.08349465581979,204.3574526399525,38.11650936213856,24.30333564964515,,,3823,17.946875,0,No Defect
0.04272817565543721,100.12018052380328,164.37129669099264,40.212439741596214,26.167964497982954,,Ambient temperature high,3824,17.95,0,No Defect
0.03767220109403489,95.79376177475501,215.66185097981392,34.17639634854131,24.743310134687214,,,3825,17.953125,0,No Defect
0.03733332540445754,92.99942493199033,193.61296354925767,41.214292439454425,24.040326936446704,,Stencil thickness low,3826,17.95625,0,No Defect
0.0368695108961553,94.17327599698386,217.73350988148871,39.178531671807704,23.145220179824978,,Stencil thickness low,3827,17.959375,0,No Defect
0.04189048936384918,98.61055695807204,161.93073279241278,44.101580768331615,25.163418144087622,,,3828,17.9625,0,No Defect
0.04102509979218588,99.05745661047831,195.2586968587625,40.013630326713056,24.314038778514956,,,3829,17.965625,0,No Defect
0.040123893885656285,96.8778899400592,179.81745098090147,42.63112293858837,24.481443802797624,,,3830,17.96875,0,No Defect
0.04360242069767426,99.26232070911676,138.89735445998588,45.06167713379689,26.315342830532636,,Paste viscosity low; Ambient temperature high,3831,17.971875,0,No Defect
0.03855948883979322,96.90360065510092,218.08492018599327,37.585163193898374,23.597056409167305,,,3832,17.975,0,No Defect
0.04257017436660417,100.12730138996764,168.6603824677126,40.56444209968433,25.787204756089313,,,3833,17.978125,0,No Defect
0.03943876376872035,97.56287830197115,199.7345370353652,36.4252460112417,25.061938707987956,,,3834,17.98125,0,No Defect
0.038946723210445955,97.72293647130692,226.8118259767899,42.665976858252414,21.572292089218166,,,3835,17.984375,0,No Defect
0.039436336173140185,95.35336785816594,185.7806882210983,49.16533912951165,22.194801633338766,,,3836,17.9875,0,No Defect
0.04160223852670766,99.0951555050491,191.2993230697858,46.535099774368,22.644369237385256,,,3837,17.990625,0,No Defect
0.041367311785399596,101.63886071685367,218.46898507375076,36.008057985565266,24.045224436818863,,,3838,17.99375,0,No Defect
0.041467963729861605,100.56582016835058,219.52435363838592,47.10874289239176,20.739526599595056,,,3839,17.996875,0,No Defect
0.03918107734916153,97.812003164779,213.38148795242728,36.698296468858956,24.13618232701454,,,3840,18.0,0,No Defect
0.03938723061385973,97.39266466899507,203.42491828080682,37.57832249192199,24.491382021107952,,,3841,18.003125,0,No Defect
0.04030509969561525,98.68000023047324,194.82070957883158,35.57411762742535,25.608140562392702,,,3842,18.00625,0,No Defect
0.03930716339237513,99.94969049432655,227.84380238530466,27.942589324203972,25.800030760012255,,Ambient RH low,3843,18.009375,0,No Defect
0.040941983679165336,99.09165992671414,199.38131105032923,43.28257456974761,23.079602737233802,,,3844,18.0125,0,No Defect
0.04052039563346444,98.20000150004644,186.09353833942802,38.61231130237576,25.253366254465732,,,3845,18.015625,0,No Defect
0.037394750938458295,94.61018052323703,205.2649229440373,37.29837951316512,24.433926367928738,,Stencil thickness low,3846,18.01875,0,No Defect
0.04240439996879573,99.45061083740731,175.48063884742177,50.37874581064637,22.47700699291814,,Ambient RH high,3847,18.021875,0,No Defect
0.04149867936658068,100.31929093821643,192.12064787512688,36.31474383854542,25.558189594046148,,,3848,18.025,0,No Defect
0.03954821730632498,96.30966633105581,192.12241856433496,42.691813868868465,23.683350719570356,,,3849,18.028125,0,No Defect
0.04019857607571577,96.51599121446604,173.78259472073307,41.477599535249375,25.164759169998803,,,3850,18.03125,0,No Defect
0.038461420585046244,96.22337499411604,206.2630421702442,37.56036658042643,24.298882181550873,,,3851,18.034375,0,No Defect
0.03801882089380681,95.6767366329482,209.6851995571192,36.69173897220269,24.3401387847688,,,3852,18.0375,0,No Defect
0.0420605599631062,99.55353684070035,171.8029993979457,39.15607354913098,25.974827518866547,,,3853,18.040625,0,No Defect
0.03767580528443069,97.70882931818176,251.55332358726392,37.55431628250182,21.51007619192343,,Paste viscosity high,3854,18.04375,0,No Defect
0.03635839922086989,96.2726178673152,249.23650576026859,28.492581315109717,24.290459499655494,,Ambient RH low,3855,18.046875,0,No Defect
0.04239717676646285,101.67899221084153,206.02624991905907,42.32673000229097,22.948349488558573,,,3856,18.05,0,No Defect
0.04060170524197422,98.33877289887359,198.6462144880933,44.66021294883364,22.701432002031385,,,3857,18.053125,0,No Defect
0.03560655596577611,93.68130333491084,234.78347062980288,34.652981127912405,23.366246476538542,Paste volume per aperture low,Stencil thickness low,3858,18.05625,0,Open Circuit
0.03769577910925448,96.20615063698072,223.3729449907876,35.86003025008396,23.728068000609316,,,3859,18.059375,0,No Defect
0.04246271556154226,101.67234996636589,200.85278531680288,40.818695616891226,23.700414446007848,,,3860,18.0625,0,No Defect
0.04068276456549418,98.89694071663523,205.47398019948594,44.975820707101924,22.18406152068732,,,3861,18.065625,0,No Defect
0.03817305046463459,95.05745713481151,190.79740882065627,35.37342211412333,25.86911019757086,,,3862,18.06875,0,No Defect
0.03996274682400687,97.16672040162248,197.82020881908264,44.87766708213527,22.676560569102236,,,3863,18.071875,0,No Defect
0.04200757868075011,99.74602933032445,195.36324670219366,48.21090131173413,21.870594140639625,,,3864,18.075,0,No Defect
0.03830462782591762,96.87969862108888,217.96412202005382,36.18497544576746,23.959955247666038,,,3865,18.078125,0,No Defect
0.04050591681926641,97.55474327849034,190.49801910031505,44.267096031518406,23.3057881184605,,,3866,18.08125,0,No Defect
0.03826764662654743,94.40914567358678,195.25741841922212,43.67325217651362,23.167758539873407,,Stencil thickness low,3867,18.084375,0,No Defect
0.039439520912248796,95.62267315957413,180.64058654403254,44.00480308152375,23.9710472646504,,,3868,18.0875,0,No Defect
0.040403160783771715,99.7497047914512,210.0108674486585,34.0317593864597,25.09067233092617,,,3869,18.090625,0,No Defect
0.03977316744837331,97.34517118615909,189.96252553094178,34.30196761759876,26.2391094898361,,Ambient temperature high,3870,18.09375,0,No Defect
0.04042303909316101,99.49314815652541,209.99447394002942,36.002742650832204,24.51456414825101,,,3871,18.096875,0,No Defect
0.04148572283245978,99.07514265893651,189.64036133924597,43.4624325448061,23.593294128197407,,,3872,18.1,0,No Defect
0.03987804937065442,99.3697336108718,223.80335491325297,39.420463598548736,22.65700554420839,,,3873,18.103125,0,No Defect
0.0402259699860161,98.35007317350367,205.27625024090972,40.69109515174483,23.429819120813942,,,3874,18.10625,0,No Defect
0.040022548386521285,96.49283876122541,180.58337708202748,42.38787633859235,24.444820882754883,,,3875,18.109375,0,No Defect
0.041826183353203865,99.77836186409607,186.38445544134484,42.6979996635861,24.008481601074354,,,3876,18.1125,0,No Defect
0.034935895607068036,93.66403860845939,249.7664583788676,31.244593906784587,23.413009271806335,Paste volume per aperture low,Stencil thickness low,3877,18.115625,0,Open Circuit
0.04390683000532776,102.51809627128567,187.07025901624812,48.371877338305644,22.321994591277345,,,3878,18.11875,0,No Defect
0.036769096880932176,95.51265518816855,234.4582463130593,32.34720060129963,24.04198333448566,,,3879,18.121875,0,No Defect
0.04126543454646962,98.95458435800145,182.96121206958185,39.160471724310774,25.243528134161743,,,3880,18.125,0,No Defect
0.036644021269424454,94.34199925963877,214.5554054725571,33.3706231902733,24.95531437820454,,Stencil thickness low,3881,18.128125,0,No Defect
0.0417613914182694,99.10877082176249,176.13414624911917,41.72591798285802,24.91328682626688,,,3882,18.13125,0,No Defect
0.04048482685755584,97.4102068320767,180.0077729837273,41.22140699313074,24.811067061803513,,,3883,18.134375,0,No Defect
0.037800918321367324,96.00576304273986,220.82433681910916,37.03548918424531,23.50713361279182,,,3884,18.1375,0,No Defect
0.0400997941996985,98.77244276039949,210.55757424017906,36.46630232891356,24.324996579902606,,,3885,18.140625,0,No Defect
0.043353312216364674,101.23019528049227,180.52087937284017,46.178979501790295,23.352859368541807,,,3886,18.14375,0,No Defect
0.03921145575349477,100.30713602689089,250.95495124858712,32.936921367145516,22.864004980030412,,Paste viscosity high,3887,18.146875,0,No Defect
0.04343294550146938,101.09460690040443,175.77145182751673,47.492153073447916,23.255775126121346,,,3888,18.15,0,No Defect
0.041169607648240805,98.25574652392886,174.41258797015158,41.25343138751801,25.139896047649906,,,3889,18.153125,0,No Defect
0.040901857495560814,99.31187132234257,204.35671273872805,40.02303494530288,23.665251774017804,,,3890,18.15625,0,No Defect
0.03943563527467929,96.22372080870278,192.2648699139247,44.19709846399776,23.168924162572985,,,3891,18.159375,0,No Defect
0.0394100158371993,97.66334087626163,212.34921032707967,40.67205207988594,22.965669496728186,,,3892,18.1625,0,No Defect
0.04316656378550331,102.24564335575593,198.26523771000402,45.44469128158044,22.463581689211367,,,3893,18.165625,0,No Defect
0.03821317766730777,95.90252696568169,200.87314328272043,33.896831870126164,25.6351874652879,,,3894,18.16875,0,No Defect
0.039929518783425606,99.36996354971036,218.92148599282964,35.16734306908788,24.171178432298916,,,3895,18.171875,0,No Defect
0.03679967265153727,94.32168547016228,204.16849913971157,28.952779448568602,26.86435092246276,,Stencil thickness low; Ambient RH low; Ambient temperature high,3896,18.175,0,No Defect
0.04077793773255287,97.86838521336709,183.89581718709087,41.23602512451719,24.553860536431507,,,3897,18.178125,0,No Defect
0.045096751984909395,105.3698766532071,194.32096953172285,41.29833386654737,23.926375786128883,Paste volume per aperture high,Stencil thickness high,3898,18.18125,0,Solder Bridging
0.03860543564208327,96.94370724998198,213.68099847697096,37.015391099936636,23.93407006592431,,,3899,18.184375,0,No Defect
0.04057853254248279,98.5751462303312,187.0551312258534,36.21941918925895,25.81414193085047,,,3900,18.1875,0,No Defect
0.03927295017318745,98.3886379967108,228.7462532809148,39.27569953256817,22.355936402416493,,,3901,18.190625,0,No Defect
0.03878366372679413,95.0828314265549,184.17819459375394,37.89042417081677,25.49115639888893,,,3902,18.19375,0,No Defect
0.04068620108786655,99.27855290746716,198.80197681189986,35.04341376205584,25.437981413057454,,,3903,18.196875,0,No Defect
0.04011149459557897,97.77930015817867,194.77829504894888,41.66053066993395,23.740426039249144,,,3904,18.2,0,No Defect
0.04342763180292994,102.94154462542572,206.95307486133544,44.412460113794005,22.22199989274268,,,3905,18.203125,0,No Defect
0.039249023520078294,94.93643958210605,185.6019117746166,47.568889636368304,22.573572253281167,,Stencil thickness low,3906,18.20625,0,No Defect
0.03927894257725164,96.09709854805516,187.14646218694924,38.887554484594865,25.011440159457592,,,3907,18.209375,0,No Defect
0.038841064025384404,98.86310011823021,243.21852410005883,37.48369019362879,21.975679010322985,,,3908,18.2125,0,No Defect
0.04002375151006987,99.55724453317902,225.96920487743986,36.46391513699743,23.34413680016148,,,3909,18.215625,0,No Defect
0.041363576770923415,98.83993425394911,185.38389857605648,41.91033329729167,24.250406880833836,,,3910,18.21875,0,No Defect
0.037303405217034735,93.15141521112236,197.42984955914835,39.98840394215235,24.043110707584084,,Stencil thickness low,3911,18.221875,0,No Defect
0.03866828724469248,96.15258916659822,193.64538321298787,34.13956110722144,25.985073315753066,,,3912,18.225,0,No Defect
0.04196961069952198,99.0084423694991,173.57475238220465,43.50152811452179,24.50925750982341,,,3913,18.228125,0,No Defect
0.040064379686721496,97.3569772929599,194.1059529149876,42.748813777932654,23.45194542131298,,,3914,18.23125,0,No Defect
0.04074158822788538,100.14569916265312,219.73979878452917,41.0028159250555,22.3922024718344,,,3915,18.234375,0,No Defect
0.038371738861506736,95.16372139542234,200.01619599115665,42.339152259808245,23.19146066893364,,,3916,18.2375,0,No Defect
0.04170769829117979,98.02654837044203,161.74782424793048,45.2941952978156,24.698093495185688,,,3917,18.240625,0,No Defect
0.04008264294870113,96.67520490050491,192.11052117121247,47.847316556911444,22.08033836704662,,,3918,18.24375,0,No Defect
0.03827142410380403,96.5180655374894,218.74614834686002,38.40906021502076,23.18489101271033,,,3919,18.246875,0,No Defect
0.03953998518550014,96.67448450212915,192.91149206844807,39.745805394248364,24.391163273369852,,,3920,18.25,0,No Defect
0.04002859596474469,96.6997300335006,187.857179028485,43.786080921200956,23.52385935338881,,,3921,18.253125,0,No Defect
0.03938844369099288,97.54690233789813,209.40057825549107,39.44931511886127,23.459930588667145,,,3922,18.25625,0,No Defect
0.04226970294267616,100.482494050989,181.28203953672073,38.263284011528995,25.55390123287049,,,3923,18.259375,0,No Defect
0.04295136487677185,103.38410204921097,216.71315813126319,41.171836136792145,22.533112784175916,,,3924,18.2625,0,No Defect
0.04063668678913678,96.39062997709716,166.59549584855793,43.53020984137724,24.902788419359357,,,3925,18.265625,0,No Defect
0.039896319661946754,100.27524720694342,240.72709350299684,37.99374727704002,21.961912099238113,,,3926,18.26875,0,No Defect
0.04291513038317914,100.71199029444627,179.48868193019868,44.369227672105936,23.880172415551808,,,3927,18.271875,0,No Defect
0.0400634958445758,95.33892223200282,155.41809163518846,40.8559805856067,26.357040488102875,,Ambient temperature high,3928,18.275,0,No Defect
0.04060566642237739,97.50032288411988,173.8368971866253,39.112683873098106,25.738023939935488,,,3929,18.278125,0,No Defect
0.04111878944172165,99.46124116672793,201.36211513814152,41.725036104199255,23.29166104526106,,,3930,18.28125,0,No Defect
0.039792231088279464,96.79621047298129,184.43821224259818,35.66999322754562,26.090698600554926,,Ambient temperature high,3931,18.284375,0,No Defect
0.042642678279274454,101.42657729994121,194.2935321088505,40.887247279155076,23.980769399540257,,,3932,18.2875,0,No Defect
0.03979248344463887,99.67909211872805,223.25861738014763,31.89973656676709,24.80339401642331,,,3933,18.290625,0,No Defect
0.03742212829642594,94.03019594229757,203.61204437997253,38.99359119300847,23.917288756438495,,Stencil thickness low,3934,18.29375,0,No Defect
0.04186850037795131,97.49890463156018,159.85043660123603,48.19872313015789,23.946754834546592,,,3935,18.296875,0,No Defect
0.0417340237679741,98.9028534519231,173.6788445723504,42.89495239104267,24.640708572097353,,,3936,18.3,0,No Defect
0.04033200046325637,97.98779982608832,193.0650080105119,40.09313410230065,24.25953059564969,,,3937,18.303125,0,No Defect
0.040795564278507196,98.80269685676892,199.0117182898441,41.89604818847896,23.371377355112912,,,3938,18.30625,0,No Defect
0.040006959454621384,96.8996490413063,182.55192699316694,39.09227920213782,25.192549971482933,,,3939,18.309375,0,No Defect
0.040061267927241975,99.08128146813235,212.60402113629172,36.45819035868815,24.115898283542272,,,3940,18.3125,0,No Defect
0.03894140328360274,96.86109493626142,215.48202154283166,41.86730034713005,22.35012107207841,,,3941,18.315625,0,No Defect
0.0387732113828845,99.16532274688416,239.95144555628744,29.6677931041745,24.411757898138625,,Ambient RH low,3942,18.31875,0,No Defect
0.03980029692398243,97.22591857059679,192.8070851438748,41.13411331931877,23.954810615739888,,,3943,18.321875,0,No Defect
0.04095619091332708,98.98811598669856,197.3038724039569,43.119080593732534,23.108471586035417,,,3944,18.325,0,No Defect
0.03746592569973158,96.41884797492523,237.5022994627784,36.57755241784849,22.52603321300199,,,3945,18.328125,0,No Defect
0.03935515876881,97.20046030653073,204.42524644743838,38.131628149001315,24.116407858948392,,,3946,18.33125,0,No Defect
0.03754363644201873,98.44284839381477,265.5568924829541,31.749841641592802,22.21657876644952,,Paste viscosity high,3947,18.334375,0,No Defect
0.03970684544768612,98.03446726519299,203.01665419928702,35.73520481116783,24.90066894030442,,,3948,18.3375,0,No Defect
0.03871704882494785,95.38831760202339,199.91811893633422,41.56433963345089,23.38392907989924,,,3949,18.340625,0,No Defect
0.0413871221721702,98.91540719352221,185.99111834644626,43.64141686681475,23.644958077059275,,,3950,18.34375,0,No Defect
0.03895353650372359,96.12031738841404,206.366862198601,45.13818954229158,21.93712383441195,,,3951,18.346875,0,No Defect
0.041750170297611446,100.63033696755606,210.7790833097533,44.978351880768784,21.73613180404153,,,3952,18.35,0,No Defect
0.04199189332624588,100.7143486632687,211.1018082754355,48.31262054911999,20.742194490309355,,,3953,18.353125,0,No Defect
0.03795786185530662,95.01051681769627,196.34465027626243,34.64267592359827,25.60649431295133,,,3954,18.35625,0,No Defect
0.03999361481828711,99.13614358215258,220.1264740155901,37.91404225703067,23.20818702633722,,,3955,18.359375,0,No Defect
0.04082112517157823,98.81057146030729,197.17641133986615,40.098434512639614,23.98418418735617,,,3956,18.3625,0,No Defect
0.043928176248388,103.3370450878303,182.86468522579287,33.992154928765416,26.671411050593605,,Ambient temperature high,3957,18.365625,0,No Defect
0.0415540314042371,98.68091194494981,185.39867517563866,46.20217395874047,22.92586756132834,,,3958,18.36875,0,No Defect
0.041315122972758335,98.42551825887197,178.92546049673098,42.75897901234984,24.323096801596023,,,3959,18.371875,0,No Defect
0.04331996447905379,102.02829168432176,191.01035483332987,43.751539605759,23.308369515209332,,,3960,18.375,0,No Defect
0.03943888324613716,97.61068377673372,203.56342250541454,37.13184615564368,24.4356256338365,,,3961,18.378125,0,No Defect
0.043448216033768014,104.37120585849858,220.7872391606427,40.09109988875849,22.54824158918407,,,3962,18.38125,0,No Defect
0.04157364550845702,99.6485516921122,195.130127654055,44.88274284232675,22.702903434245073,,,3963,18.384375,0,No Defect
0.03839234327773304,95.88443696799767,213.04854454026452,41.941331029966804,22.438335465003505,,,3964,18.3875,0,No Defect
0.041315884313886955,97.54671421968888,163.7320159945089,41.88508663931658,25.502956209025974,,,3965,18.390625,0,No Defect
0.041547746550957596,99.71897418035047,204.23602666983376,46.00297099091751,21.81738103892972,,,3966,18.39375,0,No Defect
0.04210523743625468,99.78283425959441,191.70287369803992,47.70808874237747,22.08948775468619,,,3967,18.396875,0,No Defect
0.042048166671541196,101.03466549967366,206.46566886619766,40.536308168288286,23.281207600060732,,,3968,18.4,0,No Defect
0.03897605645914849,95.67373022765614,203.66442973539952,46.23381392363969,21.759492137261468,,,3969,18.403125,0,No Defect
0.04096011670301615,99.4968143599839,182.2066227255285,28.822880370222272,28.173491216569616,,Ambient RH low; Ambient temperature high,3970,18.40625,0,No Defect
0.04069625865983289,98.11200950117599,189.7449054333584,39.095233515959926,24.712509217385495,,,3971,18.409375,0,No Defect
0.04193956351890938,101.57038591114437,214.60195715540152,39.128073761239904,23.185021804523252,,,3972,18.4125,0,No Defect
0.04125926846581209,98.8969007446969,175.93186419410222,36.74747140612105,26.239378844077837,,Ambient temperature high,3973,18.415625,0,No Defect
0.04060209163629777,98.48117938583958,206.14172898107824,44.96985107550117,21.98225112309313,,,3974,18.41875,0,No Defect
0.042745710482456074,99.67466964435073,172.67915309291251,46.95344289453019,23.4714426865277,,,3975,18.421875,0,No Defect
0.04000201932239399,98.69282903827285,220.51633370326113,44.04938733495551,21.35772330825948,,,3976,18.425,0,No Defect
0.038282861942473725,95.65456858428321,200.07562644872343,35.095316978551054,25.21378892149105,,,3977,18.428125,0,No Defect
0.04126533511042972,96.17190087733594,147.0591814298647,43.989717747099085,25.892822576315535,,Paste viscosity low,3978,18.43125,0,No Defect
0.03806267302263697,96.1442701305183,217.84215711053224,38.11511402873221,23.23492731652868,,,3979,18.434375,0,No Defect
0.04021088112240587,97.27094724334162,177.21362959326825,36.38084926752187,26.25057226023103,,Ambient temperature high,3980,18.4375,0,No Defect
0.037260808086546554,93.43477334826986,200.5255310356894,41.268558114064405,23.368819471039057,,Stencil thickness low,3981,18.440625,0,No Defect
0.03900152024922676,94.38711050077849,183.69101733882545,46.185958070053026,22.98225750389716,,Stencil thickness low,3982,18.44375,0,No Defect
0.03993919231341512,99.40334190010292,218.28852130229703,34.323236837620456,24.32564037898353,,,3983,18.446875,0,No Defect
0.036628289899610006,95.1878990985481,224.9751972860973,29.08444358201261,25.41741548151762,,Ambient RH low,3984,18.45,0,No Defect
0.04129872066928776,98.20992006546899,168.68399439961348,38.97756987848955,26.01632803904215,,Ambient temperature high,3985,18.453125,0,No Defect
0.03884815893380942,95.57822551577829,191.31787638213132,39.87429560840755,24.345142724144942,,,3986,18.45625,0,No Defect
0.03784393245076656,93.6663594605441,204.3327512410173,48.256336360231614,21.092496565444126,,Stencil thickness low,3987,18.459375,0,No Defect
0.03879651384771913,97.2124790811533,223.64509335975058,40.646821165330174,22.134108402569236,,,3988,18.4625,0,No Defect
0.03943168801527074,96.86386126953568,201.09128892617002,41.28711021505097,23.333707225047522,,,3989,18.465625,0,No Defect
0.03776599681936116,95.94876040953089,220.0790581282791,34.89910937916489,24.02135688174369,,,3990,18.46875,0,No Defect
0.038327608524759985,94.6194689559848,176.51034273100876,35.25661216602772,26.58675446012281,,Stencil thickness low; Ambient temperature high,3991,18.471875,0,No Defect
0.03979691033434794,96.69823283193331,172.04651087129963,31.97426007957147,27.834665835448337,,Ambient temperature high,3992,18.475,0,No Defect
0.041638738528258036,100.24744170070619,199.90635872285105,42.20330108916678,23.148575642287053,,,3993,18.478125,0,No Defect
0.04188748608460725,99.15490126709328,173.52887577118264,39.244785661682734,25.635879979131293,,,3994,18.48125,0,No Defect
0.041146327348795184,97.94557586391215,171.8843894080564,40.919574160695625,25.23642214070957,,,3995,18.484375,0,No Defect
0.041674251317685776,100.11067687003103,191.73257690237324,38.37904804384306,24.76480958520571,,,3996,18.4875,0,No Defect
0.038401292943908816,94.7272793970739,188.4265929191354,41.4175437156217,24.04842723269941,,Stencil thickness low,3997,18.490625,0,No Defect
0.04214434452685536,99.2979310002033,181.02198510069823,47.3288271047584,22.808175965932925,,,3998,18.49375,0,No Defect
0.04067455417244742,100.23698101214977,221.49643350204133,40.39531516311138,22.334383358177067,,,3999,18.496875,0,No Defect
0.040605779727527,98.7393751648748,194.63734304097744,37.82234016783494,24.73338987221457,,,4000,18.5,0,No Defect
0.03886216695242405,94.01659853130968,182.99851703977433,48.25933303505329,22.38727251170451,,Stencil thickness low,4001,18.503125,0,No Defect
0.04139658338784057,99.74293159858306,193.72388013612928,37.405003546844206,24.918343357075074,,,4002,18.50625,0,No Defect
0.03987561456318771,95.88880537839201,167.99616777884404,37.593650524119106,26.427403189343792,,Ambient temperature high,4003,18.509375,0,No Defect
0.043849588960506496,101.87572672108574,175.43855813192587,43.81005571653051,24.18517461081163,,,4004,18.5125,0,No Defect
0.042391870481245875,102.59526378710386,209.41642195108048,35.084324724136955,24.634378065139675,,,4005,18.515625,0,No Defect
0.03926907159276804,98.57515175538173,218.3212756560478,32.76136023629702,24.73852163766195,,,4006,18.51875,0,No Defect
0.03975275423652521,98.67546033265873,218.50925518444953,39.326412291370865,22.81130318767371,,,4007,18.521875,0,No Defect
0.03939336972390877,97.05592580248171,186.8403735194805,30.189520714115822,27.421677013465114,,Ambient temperature high,4008,18.525,0,No Defect
0.041649229543318206,98.48114534168673,170.0419803633245,42.15665904103707,24.97092506458363,,,4009,18.528125,0,No Defect
0.03639745274117689,93.68094072444052,211.92702960408533,30.891518814213565,25.651917318039246,,Stencil thickness low,4010,18.53125,0,No Defect
0.04152359502106755,100.30563589276818,209.21898220846725,44.48166055987181,21.88436492280596,,,4011,18.534375,0,No Defect
0.04078340857897436,97.84396362480297,180.1423168346907,40.64640184209909,24.78140039398765,,,4012,18.5375,0,No Defect
0.03695426936538045,95.53335734933725,237.1836832525297,36.61536617889672,22.42835022006174,,,4013,18.540625,0,No Defect
0.04129375453777527,99.9311964349777,202.73213727796477,38.55893053282609,24.010309149134358,,,4014,18.54375,0,No Defect
0.04145725724252321,100.93790440783341,210.35101910231813,36.94796125540459,24.010842969709497,,,4015,18.546875,0,No Defect
0.04047812571743134,97.46763545506754,168.30429204555372,34.7367927352623,27.222429219371023,,Ambient temperature high,4016,18.55,0,No Defect
0.038934843329087136,95.2901863109847,188.41587351504282,40.90978573944256,24.176476972945775,,,4017,18.553125,0,No Defect
0.04009503523694574,96.8065839323061,177.1903878356957,39.19929150999797,25.369522362559913,,,4018,18.55625,0,No Defect
0.0418446484128513,98.32540611760832,180.34412590066617,47.98844711219266,22.62920795398506,,,4019,18.559375,0,No Defect
0.03667863277361036,93.39245892519507,220.804642578101,44.00240862311512,21.262268898266626,,Stencil thickness low,4020,18.5625,0,No Defect
0.0390975786022648,96.97229478163086,211.76235170491,41.767521392151544,22.486009962853977,,,4021,18.565625,0,No Defect
0.03719659698557662,95.1445681604876,221.12870270918683,33.559371547379556,24.29670915302374,,,4022,18.56875,0,No Defect
0.03962932790843328,97.77055506370901,202.68410679522353,36.69209266696402,24.52727774603786,,,4023,18.571875,0,No Defect
0.038560313824978765,95.9838762463897,217.34218244191067,45.18443083512065,21.138655571432004,,,4024,18.575,0,No Defect
0.04246474428690216,104.90499627922021,245.09050777082558,35.332480333187455,22.340571076897277,,,4025,18.578125,0,No Defect
0.041732414938872,101.78541023276526,215.5738034120044,35.535860897803325,24.08872608862295,,,4026,18.58125,0,No Defect
0.039682227424150375,97.83508127554079,217.64848321524684,42.96022164990107,21.77644423427152,,,4027,18.584375,0,No Defect
0.04030318185954417,97.74113707882573,181.8841086345215,34.48170560741195,26.448479980493712,,Ambient temperature high,4028,18.5875,0,No Defect
0.042500347587425776,98.72754243293423,153.61909458374043,42.291109994232045,25.917182777600416,,,4029,18.590625,0,No Defect
0.039226056354137076,94.6946571240451,183.71290995515693,46.783563042008424,22.734322062043624,,Stencil thickness low,4030,18.59375,0,No Defect
0.04193676513675838,98.82556638282111,167.3696001844464,40.35956052182584,25.63058173368695,,,4031,18.596875,0,No Defect
0.04060205880305784,97.32040224938262,186.3753217094733,45.21579028288668,23.034140104052273,,,4032,18.6,0,No Defect
0.0387615365317556,96.25175828768056,201.06464466155174,36.70866258247181,24.600592294548967,,,4033,18.603125,0,No Defect
0.04045519157858851,100.49023064239951,226.85371853919202,36.779673115744,23.007884666814544,,,4034,18.60625,0,No Defect
0.03958561795288865,97.1593092440294,200.66978414380222,39.998715296090346,23.667479745603455,,,4035,18.609375,0,No Defect
0.037451310512074024,96.03425943078291,236.32314397620846,39.07120359097869,21.7317835735554,,,4036,18.6125,0,No Defect
0.04133444581542959,99.99210596331402,207.33919983741916,41.007078997417295,22.977666764196243,,,4037,18.615625,0,No Defect
0.03932415542100835,97.02777398644564,203.30914918587754,36.3387494981853,24.572295896190557,,,4038,18.61875,0,No Defect
0.039523347517769696,97.47397937861572,214.31880835421106,39.98569916337694,22.833682533703623,,,4039,18.621875,0,No Defect
0.03932668086069678,96.61206187924847,198.09458286353083,41.30644208232632,23.431253222354623,,,4040,18.625,0,No Defect
0.04166632575325345,99.45024805774393,179.60825284903584,35.062140455994765,26.413177689581396,,Ambient temperature high,4041,18.628125,0,No Defect
0.040625746126076556,98.38902606033749,194.53491414794473,39.54656107019191,24.174848186077856,,,4042,18.63125,0,No Defect
0.03856871089093475,97.50121801915907,227.1702052401822,35.96506325807437,23.19991870994985,,,4043,18.634375,0,No Defect
0.04254380200958819,99.95025542236839,181.48611812696538,46.27885736964888,23.02062060446521,,,4044,18.6375,0,No Defect
0.04035526382203636,97.17624833505283,183.30923464030835,40.54786244338622,24.564835233826443,,,4045,18.640625,0,No Defect
0.0398344152081253,95.85885748520043,173.93231972392329,37.167966375773375,26.12697980350664,,Ambient temperature high,4046,18.64375,0,No Defect
0.04006547665154756,97.60483072496669,209.3185049712589,47.054197961924125,21.062351685142108,,,4047,18.646875,0,No Defect
0.037141836421379956,94.38306372620988,212.17469604212954,35.35603951888078,24.28006580375894,,Stencil thickness low,4048,18.65,0,No Defect
0.03685510341648088,92.90619888929118,206.68305572672097,42.221473552763186,22.60760534652081,,Stencil thickness low,4049,18.653125,0,No Defect
0.03999058798085358,99.22822871467478,220.65929422256121,37.655183949762424,23.105126773952342,,,4050,18.65625,0,No Defect
0.03892400723395231,97.09944715725887,226.0375212038974,45.279954478624404,20.537525775643527,,,4051,18.659375,0,No Defect
0.04026339111171655,99.80390778884708,227.58838705525267,36.374467989499934,23.059732186499904,,,4052,18.6625,0,No Defect
0.04058813276588852,95.96675659572087,158.54504881037394,41.70103960354596,25.73697703072629,,,4053,18.665625,0,No Defect
0.03950006813536643,96.83297195630041,203.77485962944348,42.34903770133811,22.762460628154063,,,4054,18.66875,0,No Defect
0.03765336382039137,96.70019470822525,231.63473350049765,31.457885322316507,24.218367551994838,,,4055,18.671875,0,No Defect
0.03866604704587683,95.68817044212506,202.41024955352447,40.25044780030911,23.44912377000519,,,4056,18.675,0,No Defect
0.039869849542188904,98.38330388527034,199.89201498433115,31.41746498225144,26.191159414299523,,Ambient temperature high,4057,18.678125,0,No Defect
0.038340032394007614,96.58903691054823,226.24935450076117,40.60916771399263,21.875009597467134,,,4058,18.68125,0,No Defect
0.0389027439469105,98.06159082239637,240.67945789416578,42.31285151837523,20.496110326157456,,,4059,18.684375,0,No Defect
0.040597229429336926,99.2870813313992,201.61267923444316,34.65237379267503,25.141699157288834,,,4060,18.6875,0,No Defect
0.04210890449638881,98.74339921148533,157.11405920713014,37.74045351897069,26.980151837971306,,Ambient temperature high,4061,18.690625,0,No Defect
0.037245105581893964,93.41217399245191,201.04965575930265,40.27613689702526,23.503996989676125,,Stencil thickness low,4062,18.69375,0,No Defect
0.0378628562938267,95.14057758748967,217.79630004453023,40.629085142766044,22.37975707454562,,,4063,18.696875,0,No Defect
0.03814342491212022,96.9527213919643,226.69066796830205,33.279874220032035,23.97997233599908,,,4064,18.7,0,No Defect
0.04094780387496773,98.63755393057289,199.6142608765646,46.1372548089295,21.90252031534105,,,4065,18.703125,0,No Defect
0.037814951392992166,93.81091441084608,187.98443986870942,39.514465085036875,24.52317464655819,,Stencil thickness low,4066,18.70625,0,No Defect
0.03905202500290651,96.73494420602223,215.62813918997145,45.45663337322405,21.099660084581572,,,4067,18.709375,0,No Defect
0.03537467057088344,93.46046043156386,245.9534402908714,37.16490848553626,21.633012131572073,Paste volume per aperture low,Stencil thickness low,4068,18.7125,0,Open Circuit
0.040621049400310694,96.70450747566079,168.09480123388832,40.80728632198396,25.3868454388761,,,4069,18.715625,0,No Defect
0.03866788584007379,96.95744756085723,219.96951186537228,40.1442344588088,22.3770768313662,,,4070,18.71875,0,No Defect
0.036947921189480905,95.4863666850563,247.64272125262477,42.21660553048896,20.061641903053154,,,4071,18.721875,0,No Defect
0.03811815458038128,94.56717713381576,209.78929325562603,45.97612279758508,21.296222177697533,,Stencil thickness low,4072,18.725,0,No Defect
0.03972442866247908,97.00198310107628,206.1678461572103,44.012080968744066,22.10451562826098,,,4073,18.728125,0,No Defect
0.04021235669630026,99.47764341540574,229.41526406676385,42.0037335966077,21.264637378686302,,,4074,18.73125,0,No Defect
0.04011510587915504,97.6804277757513,187.2427515589,37.23276597501046,25.23807034041996,,,4075,18.734375,0,No Defect
0.03797700336396535,92.96745180881969,164.51662376984675,36.95854243852441,26.69522116218896,,Stencil thickness low; Ambient temperature high,4076,18.7375,0,No Defect
0.03920878414056648,97.53323437055677,211.39496642615003,36.96706924866757,23.826305742540104,,,4077,18.740625,0,No Defect
0.03985367209788353,95.48715165871052,168.34853466795857,42.11389859985324,24.96767969282944,,,4078,18.74375,0,No Defect
0.04209651815414484,102.84311594942946,229.5338904065364,40.071957007915216,21.82521870961016,,,4079,18.746875,0,No Defect
0.03907074969313175,97.01637398268834,222.96329647042384,43.882550085355284,21.094983699326832,,,4080,18.75,0,No Defect
0.038027277869281,95.42717133704852,204.88775844135404,37.33050178699676,24.101058622716575,,,4081,18.753125,0,No Defect
0.041690138795605444,98.98176037051688,174.9359772483714,37.666379598014444,25.874787017856537,,,4082,18.75625,0,No Defect
0.04060445653680125,98.9637907811741,208.30913977589728,39.389131074871884,23.31522682128011,,,4083,18.759375,0,No Defect
0.038215354581159176,96.42004037758927,223.5119203151971,37.034667661097096,23.048655197179798,,,4084,18.7625,0,No Defect
0.04406795138695297,102.83503223672653,182.95977999075973,41.527534593999825,24.267619043649475,Paste volume per aperture high,,4085,18.765625,0,Solder Bridging
0.038676843701098425,96.68480436456201,207.42387989008594,32.21775113156341,25.443675241721266,,,4086,18.76875,0,No Defect
0.04003693100398424,96.96852406656528,181.75033207245778,37.99194916376334,25.337091291293415,,,4087,18.771875,0,No Defect
0.03975833191355538,99.73797523298337,236.92986875392452,35.54621737300049,22.666713786708677,,,4088,18.775,0,No Defect
0.04026406132671564,96.1440557754767,161.43570097823897,38.430065308103124,26.45332547340779,,Ambient temperature high,4089,18.778125,0,No Defect
0.04078373273758291,98.80078233696685,198.30778378072523,39.21754376442749,23.967357973719,,,4090,18.78125,0,No Defect
0.042660950321646664,99.67883641158978,164.76849361383145,39.83147770791109,25.859800929499837,,,4091,18.784375,0,No Defect
0.04035238278794142,95.23183182420223,162.3583740638433,47.95251815068544,23.613010499577438,,,4092,18.7875,0,No Defect
0.03829689612535188,96.07258320672697,213.3887582722655,38.08509436275347,23.345637568437947,,,4093,18.790625,0,No Defect
0.04219983345436923,99.44989261490905,171.6571310680181,39.05554859400301,25.655264947471167,,,4094,18.79375,0,No Defect
0.04005152051631067,98.54762870925049,214.5538145507874,37.88185483887554,23.350369656799586,,,4095,18.796875,0,No Defect
0.03822481087586582,94.82847023648586,196.44851021264463,40.03426634136656,23.80933925451222,,Stencil thickness low,4096,18.8,0,No Defect
0.039490570390005,96.82986295999329,195.07339110635687,38.06176962444355,24.480119336674417,,,4097,18.803125,0,No Defect
0.041402715568700316,100.11029785552444,189.26686005533435,32.418709992510806,26.497683810533747,,Ambient temperature high,4098,18.80625,0,No Defect
0.03923797984253982,98.39016641919298,223.93501043126201,35.52215069389011,23.44587578907215,,,4099,18.809375,0,No Defect
0.03808805976076289,96.69968577975449,232.66480467210704,38.69576155560302,21.973709960418645,,,4100,18.8125,0,No Defect
0.04007618995163813,99.38005600528984,232.3168216483788,41.72891094569486,21.12482818299114,,,4101,18.815625,0,No Defect
0.04146165757554947,98.76299442800428,189.90930219106485,45.50123727658819,22.63284657296474,,,4102,18.81875,0,No Defect
0.04010130532906937,99.46985799686165,221.35948701112247,35.08822642953364,23.73400386169086,,,4103,18.821875,0,No Defect
0.038656961861835225,95.78224307402806,207.981760254038,40.6891369087398,22.90677959974042,,,4104,18.825,0,No Defect
0.03767427020914017,98.37706754675861,269.2823331592032,36.7960452645332,20.270949074755766,,Paste viscosity high,4105,18.828125,0,No Defect
0.039903600060607995,97.05681487250004,186.05648449049812,37.39847144250534,25.215569453468287,,,4106,18.83125,0,No Defect
0.03875655305905892,96.14824872296127,202.2635892300394,39.87436748542618,23.483915397834092,,,4107,18.834375,0,No Defect
0.04076683125085624,98.6125190630308,198.94374678736028,42.05041905886712,23.070731770869017,,,4108,18.8375,0,No Defect
0.04046343383400917,98.4118276048736,200.81981057868984,39.951886113907705,23.565555857769763,,,4109,18.840625,0,No Defect
0.039894130677465355,97.8631057610429,207.52973174678343,40.68705640842952,22.932565155905024,,,4110,18.84375,0,No Defect
0.03990072003004162,96.83123470933114,192.92999453831172,41.98555938119296,23.4484408182296,,,4111,18.846875,0,No Defect
0.04174071241396947,98.46631064206,178.0309521549618,45.58635607944323,23.323752587318793,,,4112,18.85,0,No Defect
0.03962378544970293,98.18225265587998,215.18216078669482,36.20106495117441,23.76946687080043,,,4113,18.853125,0,No Defect
0.04153141718892114,98.61617453808294,167.11415764383818,36.10289080945416,26.756803373103008,,Ambient temperature high,4114,18.85625,0,No Defect
0.04022927264762994,99.90267160719252,230.33412253804408,40.420287585324594,21.603419268207027,,,4115,18.859375,0,No Defect
0.03975098855277301,96.03602019507898,179.26688000700304,39.240810450691065,25.08026605624153,,,4116,18.8625,0,No Defect
0.04237565582872423,97.29155427010164,153.64957885266563,53.595294527783594,22.475834377124723,,Ambient RH high,4117,18.865625,0,No Defect
0.03806152004646835,93.6433742777908,183.39868442650678,40.984859094178205,24.297511568004175,,Stencil thickness low,4118,18.86875,0,No Defect
0.03818502497859812,97.3293059129604,244.32689018902215,39.8335139206428,20.898026880501234,,,4119,18.871875,0,No Defect
0.03737563584387363,94.47985233467726,215.68063764834332,40.09366286823251,22.569688830950454,,Stencil thickness low,4120,18.875,0,No Defect
0.03952300396885083,96.58257233689525,194.01024707049368,40.278790800120056,23.860200137467675,,,4121,18.878125,0,No Defect
0.039870682723983995,97.96954382640375,203.62357756542087,36.67717266852346,24.325181494252252,,,4122,18.88125,0,No Defect
0.03916678087525646,96.81582610185482,207.1956386491612,36.9531820554052,24.022153456245462,,,4123,18.884375,0,No Defect
0.03949560039674351,99.65859149987547,230.509873525674,29.88080126036379,24.654710174046738,,Ambient RH low,4124,18.8875,0,No Defect
0.040718729499068525,95.81152580368506,155.09537252847284,44.00314348981745,25.162789557854005,,,4125,18.890625,0,No Defect
0.0423829083420484,99.42769059723209,168.45197828740834,41.835911021104174,24.987840263529762,,,4126,18.89375,0,No Defect
0.040724244536943205,100.00603561622086,227.06743536327195,41.525366738042024,21.472154160982747,,,4127,18.896875,0,No Defect
0.03735020387338352,95.54180306929098,227.06833685071268,37.222308845902944,22.694524173871866,,,4128,18.9,0,No Defect
0.0409910331089683,99.01519636671335,200.90240979844708,41.94061181520614,22.952434952898,,,4129,18.903125,0,No Defect
0.042509098817359765,102.18196472687363,207.69411041755797,38.649460887020446,23.50666094265483,,,4130,18.90625,0,No Defect
0.037196747647795736,94.3917671041474,225.12272703871872,41.658106890403644,21.517844271420405,,Stencil thickness low,4131,18.909375,0,No Defect
0.042038697655181444,100.19398533286449,195.12447631683258,41.83963682691491,23.342247923034552,,,4132,18.9125,0,No Defect
0.04250704805647015,99.33512159489315,176.77429199359892,45.91969431863426,23.280061840115252,,,4133,18.915625,0,No Defect
0.04330710813981023,100.92046591679693,171.47953382299056,43.71062681179402,24.247989888203392,,,4134,18.91875,0,No Defect
0.04160148284176399,98.48614683085115,176.09047830426562,42.74917595298047,24.233103223885337,,,4135,18.921875,0,No Defect
0.039115586552772606,96.96680443288517,211.339611501202,40.908307112371105,22.584752925441357,,,4136,18.925,0,No Defect
0.03737919629052146,94.7284226292024,210.314448624984,35.511495358744085,24.20915940357296,,Stencil thickness low,4137,18.928125,0,No Defect
0.04017663791695434,97.45268579765748,194.36899694666727,41.338659592053666,23.507873529877628,,,4138,18.93125,0,No Defect
0.03788027668762721,92.8304501333294,187.72198740337032,47.28440641355399,22.15947972898523,,Stencil thickness low,4139,18.934375,0,No Defect
0.04220058024899334,98.18526738947048,150.5538207431655,40.90334283097178,26.334898918718835,,Ambient temperature high,4140,18.9375,0,No Defect
0.03698871093976554,95.08211563839554,226.62016582818794,33.566862774679876,23.770505372452632,,,4141,18.940625,0,No Defect
0.035753411102653516,92.60524870613636,217.33104547761397,35.32983854388542,23.811008255504124,Paste volume per aperture low,Stencil thickness low,4142,18.94375,0,Open Circuit
0.041111194641807694,95.40437382403732,141.52127494232366,45.90075650291226,25.41638645114369,,Paste viscosity low,4143,18.946875,0,No Defect
0.041470522751705076,96.73479797694287,161.61020619331634,47.69525219079076,23.66455981147091,,,4144,18.95,0,No Defect
0.041723743656477845,100.85856705089478,213.8202859545772,44.473119519169266,21.396962997213755,,,4145,18.953125,0,No Defect
0.03861648468698849,96.41991289951832,210.728478312791,39.42161092150236,23.034720851553196,,,4146,18.95625,0,No Defect
0.03967147781883425,98.43443148291311,210.3472247594954,33.980967242061396,24.657199727031955,,,4147,18.959375,0,No Defect
0.03706300512853197,95.7040776197144,241.61604296943162,37.99482699625588,21.544866927196402,,,4148,18.9625,0,No Defect
0.0377974025502776,93.89758759027251,190.21150858521642,37.33006811183034,24.897661574286523,,Stencil thickness low,4149,18.965625,0,No Defect
0.041844377658776306,97.306156858588,152.74982277227912,43.33548979563557,25.474291666082415,,,4150,18.96875,0,No Defect
0.04098466303303114,98.27607639735699,187.52555826789919,42.982900274571264,23.43097542489035,,,4151,18.971875,0,No Defect
0.03925082375358586,97.60978819395089,222.26767274927948,41.23546864307555,21.79720644174258,,,4152,18.975,0,No Defect
0.039746811906043594,97.25112544290215,201.1684384843541,39.37388517547702,23.63953355819383,,,4153,18.978125,0,No Defect
0.04239656764967731,102.62634081370368,227.07611198997733,40.744052577484865,21.671488410408678,,,4154,18.98125,0,No Defect
0.037928980428944194,95.71420458544826,200.69658072212425,28.210781696326407,26.908813559925886,,Ambient RH low; Ambient temperature high,4155,18.984375,0,No Defect
0.04170877125116991,98.6517503864806,175.44764895273212,42.57613928336855,24.290211640243342,,,4156,18.9875,0,No Defect
0.03907270599700842,96.37423185639855,199.38884099904456,36.28711351743801,24.63934296823262,,,4157,18.990625,0,No Defect
0.039485288592712706,95.4462430503424,185.66905622995412,45.1686044382971,22.885866244267355,,,4158,18.99375,0,No Defect
0.03866408319658985,93.68083458307565,178.0388490129997,44.206336206914635,23.629295507463087,,Stencil thickness low,4159,18.996875,0,No Defect
0.03781358789172475,95.0591348646593,221.39982830874294,42.41105247847738,21.485073104461485,,,4160,19.0,0,No Defect
0.041133917978924975,98.96208396787254,181.40583102611262,35.236844784020484,26.054323492074353,,Ambient temperature high,4161,19.003125,0,No Defect
0.03547684711614235,91.46785861620353,194.84883886533603,29.476969010889476,26.86605015230748,Paste volume per aperture low,Stencil thickness low; Ambient RH low; Ambient temperature high,4162,19.00625,0,Open Circuit
0.040183499107109805,99.6012036655268,228.2535077831488,41.15659714827664,21.439857968015215,,,4163,19.009375,0,No Defect
0.03929915480744256,96.98655716559766,201.1145185300374,36.164685715570236,24.557391160986246,,,4164,19.0125,0,No Defect
0.03985231936184429,99.20322916437426,222.72212645508262,34.302057910060086,23.780273545460393,,,4165,19.015625,0,No Defect
0.04113942616656514,96.90578542691267,165.43429110367265,45.83018793735682,23.932407817498508,,,4166,19.01875,0,No Defect
0.03987023767778612,97.42047151720348,193.99897340909953,35.836557135533866,25.09087813799196,,,4167,19.021875,0,No Defect
0.04047182943158363,99.30515353418578,213.70581875543627,39.98138201896723,22.67037079488397,,,4168,19.025,0,No Defect
0.0413832207229425,100.57649970883,205.0143624680902,34.0640557320585,24.942232690688396,,,4169,19.028125,0,No Defect
0.03766721276010128,94.88317370532096,217.2696228804313,42.14017350501462,21.79596073958734,,Stencil thickness low,4170,19.03125,0,No Defect
0.038869541703823264,96.88126070394235,207.5668976763423,34.48929641173488,24.636023463650844,,,4171,19.034375,0,No Defect
0.03995132700309359,97.65890533018977,196.7804288346772,36.34895065340934,24.76314058212931,,,4172,19.0375,0,No Defect
0.03718214453214795,95.2203878332582,232.83206410796205,39.62099218897614,21.569601170404617,,,4173,19.040625,0,No Defect
0.038589405880144347,97.15140942331685,227.7098966634984,38.702379483134365,22.162907877337013,,,4174,19.04375,0,No Defect
0.03995403767665035,97.2078350968046,193.3569309441361,37.55320092620821,24.618836239746912,,,4175,19.046875,0,No Defect
0.03981652764815436,98.07017052863574,221.7267503260613,43.56229792480245,21.119373244895687,,,4176,19.05,0,No Defect
0.04083673323111607,98.64124192406985,192.09912362984804,38.77457302154869,24.33874833785267,,,4177,19.053125,0,No Defect
0.03835354655165461,95.54694484148168,216.2411294684412,42.520124140030035,21.7459548257577,,,4178,19.05625,0,No Defect
0.035435320539541515,91.08810614378122,209.36479892096963,40.64070310158405,22.686825439151107,Paste volume per aperture low,Stencil thickness low,4179,19.059375,0,Open Circuit
0.04012969044141394,97.22333700572486,198.27961082659064,42.52571418994446,22.858147273586347,,,4180,19.0625,0,No Defect
0.038863025546060755,96.7375975227552,212.9455234317427,38.0717056756451,23.244736214146403,,,4181,19.065625,0,No Defect
0.04007592588472558,97.48462148015822,194.88907607536257,39.44539140952819,23.958567106031964,,,4182,19.06875,0,No Defect
0.03827956968220593,95.40516817678588,200.33833195627977,35.76061956143447,24.684236555882414,,,4183,19.071875,0,No Defect
0.04134063520593889,99.7981719680542,196.0279898397699,36.994930964879835,24.61108440901327,,,4184,19.075,0,No Defect
0.03969508349200232,96.32383948337136,182.74089516611514,39.25486111004632,24.74964695763012,,,4185,19.078125,0,No Defect
0.03963831348314872,98.21640349581378,197.94200657802037,30.29993734524151,26.42799547020507,,Ambient temperature high,4186,19.08125,0,No Defect
0.040246594193558256,97.40523958643516,201.09801365640334,44.03109517917058,22.23532385723151,,,4187,19.084375,0,No Defect
0.040689240221585335,99.07768443340453,203.7289098607578,36.632417949091185,24.236082961267364,,,4188,19.0875,0,No Defect
0.04054163742437964,99.89356766892017,218.69536253035076,36.03822717228199,23.48670991893731,,,4189,19.090625,0,No Defect
0.04332538747592952,100.91038644939063,170.39325830810628,42.37779578345429,24.616560527667186,,,4190,19.09375,0,No Defect
0.041042307221488786,98.27658072436972,197.20157798148315,45.69461012220894,21.987887820771814,,,4191,19.096875,0,No Defect
0.039149993006177115,96.35496569627057,198.92387411030145,39.411992731459826,23.696005243735343,,,4192,19.1,0,No Defect
0.04097008388383194,98.399839457957,191.6317267269209,42.84267497703313,23.15444615488964,,,4193,19.103125,0,No Defect
0.035320761443061885,92.53729371449964,229.18225219343006,35.60690795858579,22.91721290746763,Paste volume per aperture low,Stencil thickness low,4194,19.10625,0,Open Circuit
0.04125088692267338,97.41168643106624,173.1516621008324,46.003029441467085,23.364481063617088,,,4195,19.109375,0,No Defect
0.044372019468102264,103.49267399241694,187.94590707114958,40.84097175300233,23.9912284695265,Paste volume per aperture high,,4196,19.1125,0,Solder Bridging
0.04014575875709007,98.2878736867451,215.91452015860236,42.97947137638962,21.61543592327685,,,4197,19.115625,0,No Defect
0.037752057707668034,94.77915823994215,212.02529604861715,40.5079467349994,22.551944251488457,,Stencil thickness low,4198,19.11875,0,No Defect
0.03923332409678804,98.7048667993543,238.6848245134438,39.147113641214304,21.32538726546259,,,4199,19.121875,0,No Defect
0.04436765218470256,101.90404630845782,164.7159167916844,43.35491689388301,24.675097467119514,Paste volume per aperture high,,4200,19.125,0,Solder Bridging
0.04067238915433341,99.47587161921247,205.95225354086625,35.16168785696516,24.50583838384596,,,4201,19.128125,0,No Defect
0.04039063400730496,97.72737421661921,188.20249682401302,38.64688362594564,24.57144319147277,,,4202,19.13125,0,No Defect
0.041521183995424295,98.74389719848853,186.17400605037236,45.42475666499836,22.722158627556556,,,4203,19.134375,0,No Defect
0.03863609345621615,92.87381758305534,167.2920374099028,46.8372889606515,23.44538896975151,,Stencil thickness low,4204,19.1375,0,No Defect
0.03998471224645734,97.19961144399379,196.11389032442779,40.325191356696806,23.590770594866402,,,4205,19.140625,0,No Defect
0.04025736459246573,96.66809753977768,188.2300902410253,43.79400319240057,23.064078686796364,,,4206,19.14375,0,No Defect
0.04172376518450117,101.09399168590996,210.4772241403164,37.29791280452842,23.604018191503734,,,4207,19.146875,0,No Defect
0.039853137774533545,96.55734630210203,186.19856049713843,39.4088167247736,24.46014204612875,,,4208,19.15,0,No Defect
0.0411791921719507,98.66554632032089,188.26622527012236,39.202838682610206,24.404185374104223,,,4209,19.153125,0,No Defect
0.04336716564038495,100.101303474285,167.27159269339293,47.38218921229923,23.317281345052432,,,4210,19.15625,0,No Defect
0.04311763780086197,101.56232747582672,183.75590794342543,39.37949402416203,24.638995496478763,,,4211,19.159375,0,No Defect
0.0431763738914685,99.54262764098016,156.7837147928025,43.42230352042851,25.113775610387457,,,4212,19.1625,0,No Defect
0.0423834129588552,102.26891581393419,211.0462123821481,37.32327343714612,23.555348855688404,,,4213,19.165625,0,No Defect
0.038292671626467,99.00509262978046,263.97622350366066,36.2181666154299,20.597697402841394,,Paste viscosity high,4214,19.16875,0,No Defect
0.042108236196756944,99.76333331078456,187.52051287654365,44.91112844758706,22.77540171407258,,,4215,19.171875,0,No Defect
0.04291107645329056,100.16423340744431,183.43882354769502,48.39318858409278,22.017749151875925,,,4216,19.175,0,No Defect
0.03994032693786909,96.79328204802448,189.41777360690733,42.11924454307423,23.45376675216747,,,4217,19.178125,0,No Defect
0.03784504712004277,94.44508357472719,196.8563143266513,38.00811497428949,24.178894257607787,,Stencil thickness low,4218,19.18125,0,No Defect
0.041029730202053444,97.7419838833112,189.21733741826833,44.907230632787794,22.66475089977225,,,4219,19.184375,0,No Defect
0.038809212666967456,96.01172615063135,201.73543564936085,36.78162051135052,24.248210065007274,,,4220,19.1875,0,No Defect
0.04137213679174984,100.50100713182002,203.49401267838388,34.95385008787534,24.689768642864593,,,4221,19.190625,0,No Defect
0.04047093106363214,96.49837950709994,182.63503247239038,46.87071884263628,22.482069841621822,,,4222,19.19375,0,No Defect
0.036773133668431074,95.10717402212484,250.1819153121453,41.014326204844544,20.020119415585032,,Paste viscosity high,4223,19.196875,0,No Defect
0.04193150531683098,97.81378165279449,160.08079023187022,42.937515068818584,25.024241146958456,,,4224,19.2,0,No Defect
0.042305502173207665,100.05124751502159,180.18822647417784,39.10497086484978,24.910054221491084,,,4225,19.203125,0,No Defect
0.03830022095709922,95.70574146149681,214.59243778684342,40.677727203336005,22.305065355864514,,,4226,19.20625,0,No Defect
0.0400992346323117,97.52981603191363,189.8140683245495,36.61073458397506,25.02547204707991,,,4227,19.209375,0,No Defect
0.0376565448286992,95.67729509772126,220.46616237741432,34.8737491910134,23.63120288579156,,,4228,19.2125,0,No Defect
0.038347234903941325,96.0031391108276,202.94775055923134,34.30123794530683,24.873632620175666,,,4229,19.215625,0,No Defect
0.03910456609498126,98.38570200837408,228.89434250191786,33.45214319627188,23.54092648096234,,,4230,19.21875,0,No Defect
0.04120105393070433,97.90726976922463,176.5339414339778,40.86387900981991,24.602335695067143,,,4231,19.221875,0,No Defect
0.03670752574677833,94.00403835695337,232.68600967670073,41.09682395495622,21.053916560781524,,Stencil thickness low,4232,19.225,0,No Defect
0.037941315253442985,96.27208776636891,233.75942949645517,41.15708474314672,20.97385534020096,,,4233,19.228125,0,No Defect
0.040869295587606234,100.27023624643408,221.8276932579625,39.39727001073995,22.242769486755183,,,4234,19.23125,0,No Defect
0.0403828404652121,99.52529210645463,220.90722256821454,36.767391418380846,23.06543226961415,,,4235,19.234375,0,No Defect
0.042103318849020244,100.05440792740013,190.55983506030688,41.21121799180407,23.640152467536844,,,4236,19.2375,0,No Defect
0.042891460278126174,102.06603681256655,209.29552980828763,43.89593958419033,21.711602821771294,,,4237,19.240625,0,No Defect
0.03972806639011167,97.30456387101174,211.55915050187093,45.28211616457677,21.1377139840449,,,4238,19.24375,0,No Defect
0.03751071443428234,92.83363345394001,190.56141182645908,43.31592672736363,22.980866471071167,,Stencil thickness low,4239,19.246875,0,No Defect
0.04333062340829417,99.44070584242328,148.31358555352162,42.05944850981474,25.98733567582233,,Paste viscosity low,4240,19.25,0,No Defect
0.04091537725726244,97.8877002690029,176.1095335954201,38.504559063680205,25.295589668171825,,,4241,19.253125,0,No Defect
0.038136813360835985,93.54174081637784,186.77494825130577,42.92212318704161,23.329868126301825,,Stencil thickness low,4242,19.25625,0,No Defect
0.041589433020899326,100.99140785042121,215.1616514550639,37.78812407766812,23.11604813069787,,,4243,19.259375,0,No Defect
0.0410304071402201,99.46862440992682,201.69689066849327,38.505911361321154,23.72286767547492,,,4244,19.2625,0,No Defect
0.03818541093445641,94.24891390735328,194.21112638100183,39.51237232528636,23.8678249398914,,Stencil thickness low,4245,19.265625,0,No Defect
0.041570456904799796,97.74478005885359,166.89548845986133,42.95204198086656,24.561678918401267,,,4246,19.26875,0,No Defect
0.03913157605251089,97.6759022628474,224.06330339839553,40.14570607791496,21.850898671739102,,,4247,19.271875,0,No Defect
0.03910804620985102,95.73351786618755,196.60993357938858,41.22944140852225,23.22016544916414,,,4248,19.275,0,No Defect
0.039220286937518875,95.84333489534289,195.07705765664312,39.80425020838748,23.731904565183783,,,4249,19.278125,0,No Defect
0.04117673185915654,97.93222402979532,192.72894645185065,48.59406705946378,21.320916417754095,,,4250,19.28125,0,No Defect
0.03951082980648575,97.10584018957078,207.56885877327846,40.33887308103331,22.806070067378215,,,4251,19.284375,0,No Defect
0.03809548305472585,94.75522731215858,199.4400029913568,36.529836632155764,24.405620338382576,,Stencil thickness low,4252,19.2875,0,No Defect
0.04114700654397469,100.80900300187604,225.02589889135314,40.87728313501041,21.584373768155096,,,4253,19.290625,0,No Defect
0.04144907663369596,98.51771852679418,183.9687003191213,42.40250815139701,23.662242278994388,,,4254,19.29375,0,No Defect
0.040118564105746705,98.5588611996085,214.28319816239838,39.385811625543795,22.670635570161124,,,4255,19.296875,0,No Defect
0.04075393016004756,99.13272830985657,196.6907571326866,33.28815611548529,25.535109019956735,,,4256,19.3,0,No Defect
0.03989412860331254,96.8477500128769,191.70549968312287,39.86287133241595,23.911398553895282,,,4257,19.303125,0,No Defect
0.03807280972551284,95.61192590835084,216.51757838309905,39.00058811647345,22.623564709456087,,,4258,19.30625,0,No Defect
0.04089732378962056,97.6546009832238,177.3238501358045,42.549204092523425,24.007764596865634,,,4259,19.309375,0,No Defect
0.03967917544915195,98.06801126058542,224.20648504996458,42.05852279152666,21.271209616854414,,,4260,19.3125,0,No Defect
0.0378395032148696,97.422564028155,237.9853501712393,30.36440617834907,23.821975723897687,,,4261,19.315625,0,No Defect
0.037480851859008124,94.60226818031653,208.10373564812843,34.30482848885781,24.501655771831732,,Stencil thickness low,4262,19.31875,0,No Defect
0.040739028451272856,99.45548186632578,215.90753277604216,40.79733239092573,22.150933553832683,,,4263,19.321875,0,No Defect
0.04043297587072553,98.15271358694974,196.1874517540136,38.49553894749419,24.027719218490574,,,4264,19.325,0,No Defect
0.03970178053482803,96.76336006446539,188.52310942727433,33.923789065671336,25.830634918393233,,,4265,19.328125,0,No Defect
0.04313790750988473,100.23060604822753,175.61800055587997,44.09820738802008,23.67763700079113,,,4266,19.33125,0,No Defect
0.03764411498633488,94.87802893755679,229.17534044426617,45.719331235335,19.868015593316798,,Stencil thickness low; Ambient temperature low,4267,19.334375,0,No Defect
0.039557454213013515,98.83499147447583,240.17010039079736,42.11472182260452,20.26081186423488,,,4268,19.3375,0,No Defect
0.03770791078978898,94.80046578313303,212.38217152679672,40.894423091588436,22.29994229691626,,Stencil thickness low,4269,19.340625,0,No Defect
0.04010377086649162,95.22989443436904,164.62718421165255,43.846241508261556,24.38890020045759,,,4270,19.34375,0,No Defect
0.041024497071253704,99.03582344873188,202.83721305931869,41.92205485058696,22.613336877031166,,,4271,19.346875,0,No Defect
0.036779384031250556,93.55915629961157,213.87815399259728,38.89641487206169,22.780962942942924,,Stencil thickness low,4272,19.35,0,No Defect
0.03965810439893697,97.65244466256875,207.70913715346921,38.78261134509199,23.214962126400707,,,4273,19.353125,0,No Defect
0.04381046757016441,101.42573430130442,174.9918485119391,46.87952426359928,22.887970059473783,,,4274,19.35625,0,No Defect
0.041181329534053,97.18841680321295,169.16155015461084,44.65809287045733,23.872370861919432,,,4275,19.359375,0,No Defect
0.0397772785785255,95.21088243106222,186.32434946878652,51.307429691415805,20.86576163181305,,Ambient RH high,4276,19.3625,0,No Defect
0.04088272509014076,98.88613945426664,208.83944008385333,43.514265770011924,21.77096331344132,,,4277,19.365625,0,No Defect
0.041873967397449856,100.9454600319707,193.3122907873508,31.474877216855635,26.243966622327754,,Ambient temperature high,4278,19.36875,0,No Defect
0.04026018124884715,95.11397437143687,149.90897678102354,41.87651821261849,25.848929737683545,,Paste viscosity low,4279,19.371875,0,No Defect
0.0402104732726724,98.16908276187462,205.71761006490715,40.92639898940789,22.704036154015036,,,4280,19.375,0,No Defect
0.040324582090876845,98.10432420761632,195.09721399006034,38.14804286348302,24.165040299318406,,,4281,19.378125,0,No Defect
0.04176961745129399,99.4009781330222,198.72535736380917,45.35013844556282,21.855665796618336,,,4282,19.38125,0,No Defect
0.038424709468098624,96.08032185140024,223.75789343406007,44.42722745991554,20.555196859203466,,,4283,19.384375,0,No Defect
0.040434319577934176,93.72091853450026,145.02834474808574,52.423035862869845,23.065649357667848,,Stencil thickness low; Paste viscosity low; Ambient RH high,4284,19.3875,0,No Defect
0.04014607047356268,97.72117538673773,195.35575772950017,38.1288174366369,24.148896358984235,,,4285,19.390625,0,No Defect
0.041618070945807786,98.9472170432973,180.46141735855025,37.682858441358995,25.207357912217194,,,4286,19.39375,0,No Defect
0.042282868066378466,99.16159052587497,176.77331335750122,46.84632899651878,22.754731360472793,,,4287,19.396875,0,No Defect
0.038908618580078505,96.21259507457097,206.1009850159166,41.45071551658189,22.502072455761617,,,4288,19.4,0,No Defect
0.04107989833878255,100.44620272329027,216.27009239289265,37.31177077983499,23.10592573127352,,,4289,19.403125,0,No Defect
0.037755642054646016,96.80174069338321,241.44386299543288,36.039089358220075,21.905906057052913,,,4290,19.40625,0,No Defect
0.037380216875609384,93.5785334635676,204.65309272955426,39.96763606184035,23.012403645257972,,Stencil thickness low,4291,19.409375,0,No Defect
0.03981797006677513,96.39938738403573,183.38574839710998,36.72264629496412,25.284384746530122,,,4292,19.4125,0,No Defect
0.04107595553923714,96.4014629307138,162.77025124656387,45.66618345783036,23.94226528953603,,,4293,19.415625,0,No Defect
0.04247355353498913,99.43926936268122,173.88948141737524,43.24567314183208,23.97737937677794,,,4294,19.41875,0,No Defect
0.04175453828343988,97.97586316576707,168.4524016300664,44.397370960288114,23.965547640271318,,,4295,19.421875,0,No Defect
0.03812165686168319,95.00770208801308,214.85505459858487,43.75607675131477,21.27636845745174,,,4296,19.425,0,No Defect
0.038171750102798746,95.14457717166161,206.101391269071,37.41298788065193,23.66663641396063,,,4297,19.428125,0,No Defect
0.03911208185823468,98.3459771746511,230.92891337994072,37.35310447355809,22.16198461437755,,,4298,19.43125,0,No Defect
0.038669931864462416,97.80293124027637,233.86417467372183,37.0280481057755,22.072655370279644,,,4299,19.434375,0,No Defect
0.041806725089793384,100.6651256029052,206.9610849790731,39.18930376572746,23.11946313734624,,,4300,19.4375,0,No Defect
0.04106322827012079,98.83202214305852,199.80381133996562,43.590576942388054,22.261931391976077,,,4301,19.440625,0,No Defect
0.03799095887470214,95.40477531924171,212.4872710259693,37.80049208118108,23.148456610947598,,,4302,19.44375,0,No Defect
0.04177476618113318,101.00177617768509,210.4325988167204,38.58431205062075,23.075980581091116,,,4303,19.446875,0,No Defect
0.03905614139598603,95.98362092022126,208.83847516442168,44.24542395716495,21.49832488162597,,,4304,19.45,0,No Defect
0.040444141808135436,98.98143457209568,211.04112409322286,40.04605439637729,22.594817986688696,,,4305,19.453125,0,No Defect
0.03817523396232345,94.91428768030946,205.4716461035401,38.0830943951124,23.49702274695645,,Stencil thickness low,4306,19.45625,0,No Defect
0.036936052083746,95.72996191460587,246.77516930225335,37.29447543010024,21.177284555943235,,,4307,19.459375,0,No Defect
0.04029603643959365,97.08195808749132,182.3635667970491,38.1439312487912,24.907146995419403,,,4308,19.4625,0,No Defect
0.040076206712074465,99.42458079047957,229.6990560475829,39.45440056750794,21.615637662226447,,,4309,19.465625,0,No Defect
0.03950401930062793,95.56912481796358,183.87183040329106,40.799738454744215,24.03070685701742,,,4310,19.46875,0,No Defect
0.04184569696674958,99.91831225718491,200.6340491724165,41.96635907376121,22.68129386480537,,,4311,19.471875,0,No Defect
0.041681405120507775,101.09872096052244,204.27885733492127,32.94725045376583,25.084458092596165,,,4312,19.475,0,No Defect
0.03966556731790428,95.92854138053198,176.93281277033174,36.174378838209606,25.80342703633722,,,4313,19.478125,0,No Defect
0.04010168118853173,98.72148752301028,207.242907309822,34.335232904610116,24.48023829845939,,,4314,19.48125,0,No Defect
0.03999528936467851,95.34219425706029,174.04680570204494,45.213269786106956,23.339367491361767,,,4315,19.484375,0,No Defect
0.03904887741058531,96.61055601144164,211.86003587928673,43.08694350160325,21.625856612723474,,,4316,19.4875,0,No Defect
0.04262835149621823,100.54132712288722,185.82573228966098,41.88778790008015,23.60489058504582,,,4317,19.490625,0,No Defect
0.04053198756114756,95.37795570473315,155.57213763919907,43.22890124634654,25.050743056379154,,,4318,19.49375,0,No Defect
0.04248830742876826,99.62370085938463,177.99014067723408,45.011585747353465,23.167348444825453,,,4319,19.496875,0,No Defect
0.040703983677592155,97.06727137482505,179.03817597732495,41.84195683105457,24.015776784554774,,,4320,19.5,0,No Defect
0.04095715180237963,99.56280816474444,210.60955383805944,40.03495899279026,22.605736485784966,,,4321,19.503125,0,No Defect
0.03734865838549923,97.00468362491706,248.11455472018872,32.51423719155209,22.469255910715095,,,4322,19.50625,0,No Defect
0.03877805833627607,96.85200229817974,224.19579712907552,41.09216332594755,21.442500976041316,,,4323,19.509375,0,No Defect
0.04628127774700399,105.28324653971566,179.40080004347564,46.3119014788863,22.726588736552948,Paste volume per aperture high,Stencil thickness high,4324,19.5125,0,Solder Bridging
0.039513271510858754,98.36387242583669,216.61696977857966,32.44597304770161,24.437320469432308,,,4325,19.515625,0,No Defect
0.04055518337734618,96.9876750530589,175.5072194027698,41.016174168875914,24.45799823138826,,,4326,19.51875,0,No Defect
0.03762838070829417,93.37798989029721,192.90681100156397,40.45348686853616,23.531723070463798,,Stencil thickness low,4327,19.521875,0,No Defect
0.04196834621058185,97.45857190978137,160.25526426229047,48.37039203651295,23.254905252142244,,,4328,19.525,0,No Defect
0.04062425775408419,101.12352071897924,240.3974985747493,37.75315509842183,21.42706595519905,,,4329,19.528125,0,No Defect
0.038641637436809984,94.93394845886434,195.96908348747309,41.022672946714536,23.183199563457446,,Stencil thickness low,4330,19.53125,0,No Defect
0.03821582114557186,95.23399067935972,212.3593536554822,40.995079616350566,22.180489583319723,,,4331,19.534375,0,No Defect
0.038283447404874424,95.74638082978197,221.51429261108376,42.1782970354428,21.27212338306329,,,4332,19.5375,0,No Defect
0.037823206794966834,96.02351916293694,225.4371094661445,35.3067432181395,23.032498843090924,,,4333,19.540625,0,No Defect
0.040875592748158,97.91258158324791,186.9322080643961,40.17450552329726,23.997879400833558,,,4334,19.54375,0,No Defect
0.03961538027082588,97.83793422851804,206.2529737754911,36.48564444576651,23.87183687416032,,,4335,19.546875,0,No Defect
0.036678258990391066,93.06093793898867,213.9220238176112,38.22409741548272,22.87613339561183,,Stencil thickness low,4336,19.55,0,No Defect
0.04074204734982995,97.92773072257606,194.46166551585947,42.09588499410929,22.96892475552161,,,4337,19.553125,0,No Defect
0.041708208550262915,100.40717262693792,219.71859570911712,44.31001143739552,20.783181220432606,,,4338,19.55625,0,No Defect
0.03657584031185666,96.29461681212906,259.8228101515145,32.02865142598268,21.862681070492616,,Paste viscosity high,4339,19.559375,0,No Defect
0.03903808015295101,96.85457386020488,213.83062505045618,40.8480675266691,22.120964602133366,,,4340,19.5625,0,No Defect
0.03896116697829236,97.7655653485282,228.67575242735393,35.52566675947246,22.769187690649385,,,4341,19.565625,0,No Defect
0.04406329551384568,101.95086026811171,181.7630814024507,46.36112784895934,22.520055075827567,Paste volume per aperture high,,4342,19.56875,0,Solder Bridging
0.04004742158530982,97.12115836283672,185.7459785603781,35.056107442383734,25.543761452993706,,,4343,19.571875,0,No Defect
0.03933785871977025,96.79170842537671,206.90514944454603,40.27434620621719,22.712449371288272,,,4344,19.575,0,No Defect
0.03808902115445002,96.25304149570428,229.14130247309686,39.85125924632046,21.45893347607997,,,4345,19.578125,0,No Defect
0.04044321105898662,100.10078138433278,226.2661330377662,36.376724546579446,22.667807816343363,,,4346,19.58125,0,No Defect
0.03821638423254368,98.0274696097837,248.85939116683892,35.437737135531556,21.53666465406003,,,4347,19.584375,0,No Defect
0.04138196421648581,99.45842225430575,208.4926150794657,44.75433781029401,21.318700601677897,,,4348,19.5875,0,No Defect
0.038813371027046545,95.56981317568776,193.1728489665607,38.139388685816236,24.163262354168054,,,4349,19.590625,0,No Defect
0.03965945642653645,96.56103824089077,184.45974685491967,35.995744250874345,25.329903828216388,,,4350,19.59375,0,No Defect
0.038891717244683176,96.15276923022535,208.99623047570097,42.415723947873026,21.940883138585995,,,4351,19.596875,0,No Defect
0.04033991431494712,97.98587077688276,191.80195995738873,33.92063415748519,25.492494078483723,,,4352,19.6,0,No Defect
0.04176173644542522,98.73444400912736,177.51403945968133,40.57918363170991,24.43287695588306,,,4353,19.603125,0,No Defect
0.04296050299846471,100.17210950346522,170.1159824530425,41.350116909982646,24.66819895784682,,,4354,19.60625,0,No Defect
0.039125429088081455,94.99345767896975,182.7174528854779,40.696263094909426,24.05366671859736,,Stencil thickness low,4355,19.609375,0,No Defect
0.041751288384286246,97.79389462335857,162.48313860132612,41.38544501392174,25.113950979054312,,,4356,19.6125,0,No Defect
0.03780844852176926,94.42369189378775,202.2084569506509,38.45025389487706,23.498111066977742,,Stencil thickness low,4357,19.615625,0,No Defect
0.0415718515048624,100.72444709471088,209.81618096435366,35.99652616013624,23.78113629782837,,,4358,19.61875,0,No Defect
0.036802950712564855,93.6104615433234,213.7094175119596,37.39423780106846,23.090030158958402,,Stencil thickness low,4359,19.621875,0,No Defect
0.039147164054273105,96.40014538455975,197.99441383108794,37.441385180038665,24.0566593002469,,,4360,19.625,0,No Defect
0.038017299678242154,96.48853289538712,232.92963781876233,35.379837977793485,22.51149946780624,,,4361,19.628125,0,No Defect
0.038710136303526446,95.62442322122415,204.3111472106859,40.779354391480936,22.68919582869899,,,4362,19.63125,0,No Defect
0.03991335019649998,96.7602247080928,195.71727927956312,42.088816113285226,22.843708185889536,,,4363,19.634375,0,No Defect
0.041019950378915836,97.21445040750629,173.0823123402772,42.12100385361411,24.229420482497208,,,4364,19.6375,0,No Defect
0.042454357051587295,99.33548160684128,168.71795261254468,39.6815730847007,25.22157921460775,,,4365,19.640625,0,No Defect
0.044007008144788466,102.10713364953229,169.38603516147845,37.43017711959143,25.84773897118774,Paste volume per aperture high,,4366,19.64375,0,Solder Bridging
0.03857027813760228,95.46162104820387,206.2498099559116,41.32013147815109,22.402957261446325,,,4367,19.646875,0,No Defect
0.04091175374852369,95.75706224044046,152.16985403667036,42.6519044339599,25.35020640880474,,,4368,19.65,0,No Defect
0.04149827845006328,98.94912697536027,189.75114549198597,41.99211057855104,23.23990280232816,,,4369,19.653125,0,No Defect
0.040151120685108635,99.01446212553131,218.17075151560263,36.9986020600172,22.942612753522372,,,4370,19.65625,0,No Defect
0.04225723832788873,98.20329796802974,174.3767030852176,49.290696837886934,22.05862214532445,,,4371,19.659375,0,No Defect
0.041295334941098966,100.03158623416788,199.7041533413679,33.29095716069487,25.165839292584195,,,4372,19.6625,0,No Defect
0.044077685373575766,103.09372419162813,189.60722426070998,37.734859889613084,24.511695449631492,Paste volume per aperture high,,4373,19.665625,0,Solder Bridging
0.0406301485070604,97.52050044150333,183.2511457934284,39.31330416689661,24.405595344666022,,,4374,19.66875,0,No Defect
0.043256779293330314,102.62413878927325,206.16202885594421,41.82746832901293,22.286021242371724,,,4375,19.671875,0,No Defect
0.03996384452536429,99.49138985473225,234.5042932277466,38.61601282428625,21.4568805019616,,,4376,19.675,0,No Defect
0.040948989175463656,98.85287378569298,205.85555178056572,43.602462671072054,21.764028285319753,,,4377,19.678125,0,No Defect
0.04028070302404677,97.3349849619086,190.02225920044273,38.524015864989096,24.213312551350356,,,4378,19.68125,0,No Defect
0.03841384856220612,94.57157166255317,192.28552633980988,40.97069289723416,23.338562889552943,,Stencil thickness low,4379,19.684375,0,No Defect
0.04042050893958717,98.16111781008618,211.42675701778177,43.8568999784901,21.341513954171006,,,4380,19.6875,0,No Defect
0.039815285768738,98.68172198334648,229.70336452697816,41.48766047175022,20.903161063146264,,,4381,19.690625,0,No Defect
0.040309008554756706,97.46567656915352,201.89361075307863,44.90663812467956,21.613161460990003,,,4382,19.69375,0,No Defect
0.04173482986530295,98.84312087241422,181.17776920990795,42.5303142838295,23.58617025524428,,,4383,19.696875,0,No Defect
0.0406765216759497,98.92022974420075,201.7187061285258,37.16254424400901,23.884222772952217,,,4384,19.7,0,No Defect
0.0383364017109358,96.30326573515136,215.3809516359998,35.71507599617518,23.44695418692853,,,4385,19.703125,0,No Defect
0.039383721602070945,99.64583647412357,250.40139689906843,37.822440691882036,20.691359378784988,,Paste viscosity high,4386,19.70625,0,No Defect
0.04171135948938077,97.78833447491289,170.73063587144816,45.493226911593034,23.356577732376095,,,4387,19.709375,0,No Defect
0.040808425694571084,99.79168231554749,212.98476767565566,36.415407122648276,23.40687107767742,,,4388,19.7125,0,No Defect
0.03689186201663495,95.28468500502018,237.04885522280398,34.52481060159163,22.449631525276168,,,4389,19.715625,0,No Defect
0.039677350805472106,98.48271109332322,221.75846170662797,36.87105057884332,22.723258126995642,,,4390,19.71875,0,No Defect
0.037849541192387794,96.03899969529365,219.51729716674822,31.119367324582583,24.525628508356736,,,4391,19.721875,0,No Defect
0.0396952284701091,96.60740256467918,196.08750652240875,39.48524961369189,23.533779800947286,,,4392,19.725,0,No Defect
0.04145063721785641,98.59429567880689,183.02632224018816,39.93513190226964,24.215174185906186,,,4393,19.728125,0,No Defect
0.037564531534545906,93.68309860780096,206.8061765827453,42.687458781641595,21.918557902728605,,Stencil thickness low,4394,19.73125,0,No Defect
0.039479605187511285,96.37703543002947,195.04947123203834,38.741465008533325,23.806554050268623,,,4395,19.734375,0,No Defect
0.040471334047657494,97.87719315648205,193.80632665402553,40.40204516860735,23.400688273568782,,,4396,19.7375,0,No Defect
0.042029046011622904,100.1237528597394,199.1952595261535,45.32205613387865,21.64344301762421,,,4397,19.740625,0,No Defect
0.03898217707786335,96.86057549572374,218.46281068900393,38.56475307149763,22.41481949613268,,,4398,19.74375,0,No Defect
0.04191392874055408,96.8983834620875,145.7070412483802,42.83117858992579,25.65174768519676,,Paste viscosity low,4399,19.746875,0,No Defect
0.03763864861707166,94.83811522314762,222.72605492882616,41.24422609909181,21.35473687102069,,Stencil thickness low,4400,19.75,0,No Defect
0.03897012663149898,95.2765282625296,198.7516383643127,43.91550826541286,22.053754895805163,,,4401,19.753125,0,No Defect
0.03860708484691689,98.01162801816857,232.38270278610688,32.77432742186149,23.237161018959924,,,4402,19.75625,0,No Defect
0.039994476182565505,97.74000931044333,192.27435939395195,31.19068619307543,26.174493883907427,,Ambient temperature high,4403,19.759375,0,No Defect
0.03874020050583655,97.40138548665739,217.1690642706596,31.890277384740166,24.4269842405268,,,4404,19.7625,0,No Defect
0.03938757826689225,95.3577206561903,197.61205715346904,46.17078169226788,21.46617670566248,,,4405,19.765625,0,No Defect
0.036996486831624376,96.44330134555067,253.34610545824,33.930157660251375,21.596500813024818,,Paste viscosity high,4406,19.76875,0,No Defect
0.040256414162185894,97.89993687908462,202.74213893307498,40.787963606964254,22.721912046498687,,,4407,19.771875,0,No Defect
0.039627286728842546,98.0410633378547,218.80010213822385,38.20897414473361,22.484730238815157,,,4408,19.775,0,No Defect
0.04260558233139443,99.09637630173253,174.74747273621634,47.76944699758947,22.41751410661655,,,4409,19.778125,0,No Defect
0.04217810235876136,99.8635403597525,196.2587219928622,45.57022793175418,21.73586732282332,,,4410,19.78125,0,No Defect
0.03693440897990628,93.63577433455077,206.50508680577127,33.596884412476385,24.559269150910147,,Stencil thickness low,4411,19.784375,0,No Defect
0.038948444380962934,97.42831034575154,217.87941314141264,35.09392951486584,23.436146049670956,,,4412,19.7875,0,No Defect
0.04176284188672376,98.66402223923583,167.5088723048445,37.14677808794098,25.947915752714007,,,4413,19.790625,0,No Defect
0.038298265829744514,94.92294826517544,211.90725199630896,42.490773770828774,21.639677772608533,,Stencil thickness low,4414,19.79375,0,No Defect
0.04037909806986183,97.26157385823159,194.81496019329464,45.210083800918255,21.9027453362936,,,4415,19.796875,0,No Defect
0.0395770315668426,97.73711253663645,219.8158239606933,40.54491377808998,21.727156282104104,,,4416,19.8,0,No Defect
0.03614281266035528,92.47592293721351,208.41841261536365,35.085035869580466,23.988928291601106,,Stencil thickness low,4417,19.803125,0,No Defect
0.03950773608709455,96.84215434172785,198.19424091523058,38.702547380230435,23.58329014673259,,,4418,19.80625,0,No Defect
0.04281439848030384,101.05033218955408,190.58794921312898,43.21116198640589,22.758415208091833,,,4419,19.809375,0,No Defect
0.03848469257263765,95.0442710156328,204.08039530207944,40.51978959465539,22.685841977039807,,,4420,19.8125,0,No Defect
0.03721386798942607,95.18585992732704,220.17257383505813,30.00149124509075,24.757645953320036,,,4421,19.815625,0,No Defect
0.042052946141999205,99.88274868781812,192.77933097124773,41.52623369068456,23.109884479905343,,,4422,19.81875,0,No Defect
0.03936994733947605,94.73573677197987,179.65675147149193,43.98940026144102,23.1713570445916,,Stencil thickness low,4423,19.821875,0,No Defect
0.04272843303959941,100.85955285903654,194.33827333610492,42.98542156524042,22.590367427440878,,,4424,19.825,0,No Defect
0.04109119911495211,98.62923975636724,204.3236705254084,45.39624418143675,21.258857501723632,,,4425,19.828125,0,No Defect
0.04110316596554117,96.79028642553278,175.08826314362534,45.6999683721528,22.964368999569743,,,4426,19.83125,0,No Defect
0.03887244765005664,96.83192417536222,222.51053647360408,40.43353850769296,21.570124330092888,,,4427,19.834375,0,No Defect
0.03844022476652541,94.82587705772283,187.2663588608537,35.770917371235825,25.085387965736025,,Stencil thickness low,4428,19.8375,0,No Defect
0.03802497567266962,97.26060221244806,236.23992127661234,32.26471051746824,23.102178240345552,,,4429,19.840625,0,No Defect
0.03648960849314998,92.04422451367284,199.72858715097112,39.301725856634405,23.272120336986585,,Stencil thickness low,4430,19.84375,0,No Defect
0.04024386097268806,94.95349435124726,170.58527350838608,49.4985787530762,22.113163410246827,,Stencil thickness low,4431,19.846875,0,No Defect
0.04196964125804531,100.92908454659798,214.209089893178,42.17665496023164,21.587980084907407,,,4432,19.85,0,No Defect
0.04172004912426121,97.26889382579894,174.96641136797138,51.2942412801718,21.329289621536944,,Ambient RH high,4433,19.853125,0,No Defect
0.03785739172279937,93.52082359484062,194.5533566497851,41.29879906597462,23.01311895219117,,Stencil thickness low,4434,19.85625,0,No Defect
0.039380010865482616,94.92397700250685,184.2246662248511,44.51726933436259,22.717814579166888,,Stencil thickness low,4435,19.859375,0,No Defect
0.0377595688250333,94.69672600768014,209.0860740063233,37.40433957782919,23.253707724179257,,Stencil thickness low,4436,19.8625,0,No Defect
0.04137764254556969,98.07174547585349,169.581443469852,38.35884119210263,25.423742077386464,,,4437,19.865625,0,No Defect
0.03807472182647866,95.34522709587532,215.65353319136693,38.24546747624446,22.606622567485115,,,4438,19.86875,0,No Defect
0.03931988179889748,98.49394536783349,230.07368362399777,34.46073713289853,22.83623210470767,,,4439,19.871875,0,No Defect
0.03956363321559101,97.19828305644067,210.47172083299782,40.50710738844029,22.27137039441984,,,4440,19.875,0,No Defect
0.03926263225534805,97.54380014683287,211.43136601169155,33.303740160209216,24.312447943397018,,,4441,19.878125,0,No Defect
0.04152239069928404,98.59209191730876,182.561798990061,39.38464260913735,24.326600393658847,,,4442,19.88125,0,No Defect
0.04229377416905823,102.96179621882467,230.23168176187258,37.08919633252777,22.074364437024776,,,4443,19.884375,0,No Defect
0.03673207473193613,94.28431103646497,242.30600819845597,44.479458783610625,19.127515318542233,,Stencil thickness low; Ambient temperature low,4444,19.8875,0,No Defect
0.04042718082782165,98.21529311184908,188.1577441063839,33.17595637031218,25.777079137778674,,,4445,19.890625,0,No Defect
0.03877947463137919,95.67609761469261,201.32791252580012,37.54428995389098,23.682918786444407,,,4446,19.89375,0,No Defect
0.039028979029804046,96.4773306150047,199.93378855835414,33.938821396940135,24.81999705180311,,,4447,19.896875,0,No Defect
0.03888431715008816,96.38794242348048,201.06529872996086,32.59476985946774,25.141551310655576,,,4448,19.9,0,No Defect
0.037542037637927045,97.1783456538928,257.31667335194237,35.74567919897376,20.7585874404227,,Paste viscosity high,4449,19.903125,0,No Defect
0.04035123723787229,95.77604544309268,159.50366846986253,37.53410501745199,26.25653905998663,,Ambient temperature high,4450,19.90625,0,No Defect
0.04016423875080688,96.6749190028812,195.78709819572416,43.81124344570731,22.198204561234558,,,4451,19.909375,0,No Defect
0.040846413543150446,96.64205791793046,165.74066915021606,40.45476432608943,25.020800089045682,,,4452,19.9125,0,No Defect
0.03976852416934646,96.16626695903938,184.10838444618375,36.450217598213456,25.05811091314109,,,4453,19.915625,0,No Defect
0.03783074290570517,94.92203608279306,210.27122147058432,36.231424217167564,23.495740064701074,,Stencil thickness low,4454,19.91875,0,No Defect
0.04033678065059578,96.69589297317395,192.2998296824016,43.78084262577935,22.416628679750147,,,4455,19.921875,0,No Defect
0.04145446963936519,99.3842194985578,191.39505150904654,36.510647833151445,24.599060174404354,,,4456,19.925,0,No Defect
0.04104224600673232,97.38321656869533,180.6643608855753,44.134546330983234,23.024432367051357,,,4457,19.928125,0,No Defect
0.04054484282420389,96.79204972568223,172.59096841349057,37.96744644401829,25.31538139021098,,,4458,19.93125,0,No Defect
0.03615489567469848,92.52973104593666,218.3167018146094,37.80816868471119,22.521251079677356,,Stencil thickness low,4459,19.934375,0,No Defect
0.03728952621931882,95.47801276710784,238.0407561641897,39.13078101412828,20.929359804788945,,,4460,19.9375,0,No Defect
0.04054710660625805,96.97714854666661,175.41494502864077,37.604096756806214,25.243667903033938,,,4461,19.940625,0,No Defect
0.0416014757156253,99.57253403607771,189.8281005728926,36.14734881216151,24.792370844825385,,,4462,19.94375,0,No Defect
0.03987406459282381,98.48860871943127,222.93773093697683,39.42083331384191,21.788878028436166,,,4463,19.946875,0,No Defect
0.036915577542639307,95.90300353745042,243.3082312945379,33.75968598240554,22.163114975225554,,,4464,19.95,0,No Defect
0.04352260855627324,101.61165637530227,175.229035698018,37.33768055061941,25.350514986078174,,,4465,19.953125,0,No Defect
0.03848021573399418,95.2867309423306,196.4136191720255,35.171790761984944,24.640032406071725,,,4466,19.95625,0,No Defect
0.03825353677562799,98.0835115046982,247.76462948247695,32.3113100276667,22.323899411944417,,,4467,19.959375,0,No Defect
0.04010425960671561,97.0603039055748,199.45277270146843,42.965980346678926,22.188628796169006,,,4468,19.9625,0,No Defect
0.04290590650940954,100.76840701361462,184.14662556150748,41.55203682375187,23.560137329632532,,,4469,19.965625,0,No Defect
0.037514767304083874,95.01556562099196,218.78219608987266,36.078393573931635,22.988018228471713,,,4470,19.96875,0,No Defect
0.038948232588941575,98.41192731371414,244.82826314531448,34.362570333036324,21.910085494974663,,,4471,19.971875,0,No Defect
0.039871895876747575,96.23973394966593,182.28324696431935,37.51729827382584,24.825613302320242,,,4472,19.975,0,No Defect
0.03803956063725268,93.56343639613522,184.53919004562658,38.54147741534551,24.36904492400628,,Stencil thickness low,4473,19.978125,0,No Defect
0.040966809835360864,98.169877417427,183.46698345353383,37.90594592399093,24.641642396928752,,,4474,19.98125,0,No Defect
0.04112466638662299,96.89162967513693,166.72530415718893,41.74169582585829,24.550497771040128,,,4475,19.984375,0,No Defect
0.04030611477815577,97.62015594544857,209.66755028978298,43.77740861156843,21.31777081068927,,,4476,19.9875,0,No Defect
0.03811947194005102,93.0963189945189,178.58571763709654,41.0918729091941,23.982997970174356,,Stencil thickness low,4477,19.990625,0,No Defect
0.03942080271332296,94.45893258387454,169.12412013721828,40.822666348262516,24.653349059831648,,Stencil thickness low,4478,19.99375,0,No Defect
0.037086791666456974,93.77910033438617,220.70226189579392,40.65926990523546,21.517238988927463,,Stencil thickness low,4479,19.996875,0,No Defect
0.04222489047170883,100.46723342556581,201.49266207898404,41.14033667704646,22.597457148432103,,,4480,20.0,0,No Defect
0.03865502878945158,95.27370881964585,196.85664673632687,38.81775291821884,23.5232810318491,,,4481,20.003125,0,No Defect
0.04083789972591361,98.21869640176588,194.41896177990088,39.32988169170008,23.54355042373343,,,4482,20.00625,0,No Defect
0.03745469653344253,95.27474848574451,228.81847602812303,38.61220583576457,21.609587614152666,,,4483,20.009375,0,No Defect
0.039761037856425416,97.73340839142419,222.03164000495687,43.60293751432179,20.588751023631268,,,4484,20.0125,0,No Defect
0.03933128858772317,94.907873317799,184.3664368942276,44.97491063714192,22.490723217133482,,Stencil thickness low,4485,20.015625,0,No Defect
0.03718063878873122,95.79312995866748,228.34648265910153,27.073848929863722,25.00571446500105,,Ambient RH low,4486,20.01875,0,No Defect
0.04043793402278271,98.26590504079331,203.72014116959915,41.29591671784433,22.381468910342345,,,4487,20.021875,0,No Defect
0.041799614440591895,100.10205902073318,192.28907900944276,35.902654410323265,24.67058994283868,,,4488,20.025,0,No Defect
0.03912277465755635,95.5176967314666,195.79827796970577,40.70688026115681,23.030750061450025,,,4489,20.028125,0,No Defect
0.03915941762019848,98.30273094880161,230.73277147299666,33.41277297703752,23.017827164480405,,,4490,20.03125,0,No Defect
0.04383833039461282,100.8184588370552,169.7406772111322,45.23616110005321,23.342001844114748,,,4491,20.034375,0,No Defect
0.04253823492785435,98.95804952661697,172.158221370213,44.206147382493235,23.483850971418775,,,4492,20.0375,0,No Defect
0.04046706875090396,97.19919969431166,187.36265611834716,40.076379437690335,23.73646182005902,,,4493,20.040625,0,No Defect
0.03574303335147882,92.8868321202844,229.5809013050107,35.67039656560371,22.39141098870852,Paste volume per aperture low,Stencil thickness low,4494,20.04375,0,Open Circuit
0.038658924458192814,95.91833470605711,200.05418033896683,33.851325669218404,24.75582485425793,,,4495,20.046875,0,No Defect
0.04194945743693396,100.10982984726058,191.6093597825233,38.41992770759593,23.963667562119422,,,4496,20.05,0,No Defect
0.038245012695869426,92.872630093137,179.58291164276483,43.23244713964951,23.268786971305655,,Stencil thickness low,4497,20.053125,0,No Defect
0.0400244090932217,96.37741292416496,198.58009569647078,47.90457560348348,20.74921334754074,,,4498,20.05625,0,No Defect
0.03915401117574021,94.6129800459932,177.08170573062546,40.02546706447121,24.36073747598215,,Stencil thickness low,4499,20.059375,0,No Defect
0.04045459753034497,99.12523228101223,219.47591462597975,40.34219302971714,21.675135242320145,,,4500,20.0625,0,No Defect
0.04223814940615187,99.08757989809075,175.7256767361381,40.16852980504714,24.427637576038208,,,4501,20.065625,0,No Defect
0.03986620182769811,100.95701184923259,250.1822463443993,31.228624463051144,22.445121248776182,,Paste viscosity high,4502,20.06875,0,No Defect
0.0380834481123766,95.81317012508288,221.01214497367695,36.692320549337744,22.62450015523801,,,4503,20.071875,0,No Defect
0.03842809569497409,96.04752035004555,225.69123469196063,41.07962804766054,21.05896578278809,,,4504,20.075,0,No Defect
0.04407922497355371,101.95587805075112,174.40833592297253,42.758396576136505,23.754267100605055,Paste volume per aperture high,,4505,20.078125,0,Solder Bridging
0.03727811721395548,96.32829433751883,237.93897282119087,33.05021756930017,22.631587094801485,,,4506,20.08125,0,No Defect
0.04371042068470002,99.17979555201013,154.17755781576892,51.309013941999,22.493762617297303,,Ambient RH high,4507,20.084375,0,No Defect
0.04168369706073285,98.28949811011118,170.4380958437822,39.15481375885794,25.02760190335536,,,4508,20.0875,0,No Defect
0.03917931325754757,96.79691594641942,213.12327853672872,38.28692283307036,22.643266769837354,,,4509,20.090625,0,No Defect
0.03953523394050134,95.87590232324698,196.03837748770198,42.7187317777903,22.398446716396702,,,4510,20.09375,0,No Defect
0.040125319172624685,99.17196580345295,224.4487157661631,37.82793880121912,22.08350371189891,,,4511,20.096875,0,No Defect
0.03986348176654428,97.0517948825534,201.97948084380053,40.50347253892747,22.67888416032827,,,4512,20.1,0,No Defect
0.039350946114592625,94.37408850324937,191.74795658379873,51.501597370146555,20.09053341841923,,Stencil thickness low; Ambient RH high,4513,20.103125,0,No Defect
0.04244337472172859,100.92612477127064,196.96354286117165,40.04604885174874,23.136003131142413,,,4514,20.10625,0,No Defect
0.04346149520470131,99.59753473886386,157.27286312719647,45.38863040938821,24.01788244985621,,,4515,20.109375,0,No Defect
0.03885749000819544,97.92575238640865,239.05351287314122,38.39689956599556,21.00384437548305,,,4516,20.1125,0,No Defect
0.0418511116990076,98.49127952487541,187.51470799213328,48.10120480276373,21.355100191466057,,,4517,20.115625,0,No Defect
0.03980203052332837,97.14151681921327,210.31288703143235,45.88174423710176,20.5817438804824,,,4518,20.11875,0,No Defect
0.04152561398645725,99.53917723997462,195.72452788116578,39.01700193245545,23.496840936094625,,,4519,20.121875,0,No Defect
0.04065360375288445,98.4717287970378,190.71972213332066,33.75449697448492,25.331882751182384,,,4520,20.125,0,No Defect
0.039854402133909374,97.56480599762548,199.13275821731946,33.96885677876304,24.747207504416746,,,4521,20.128125,0,No Defect
0.04000099430701458,97.68662911128784,202.60877766296375,37.51185576235626,23.497509683691316,,,4522,20.13125,0,No Defect
0.04147148181983744,101.07154909240094,214.15717347663926,32.69468960358546,24.207640566191984,,,4523,20.134375,0,No Defect
0.0425635413427664,99.79989084047263,173.00995458182456,38.917703108459165,24.920295537831713,,,4524,20.1375,0,No Defect
0.03883666516330816,95.67934559884252,197.7048289757859,35.767319104988275,24.295175037819867,,,4525,20.140625,0,No Defect
0.04037401515723829,95.75346150881003,174.53631246886806,44.79935038789136,23.08954462873226,,,4526,20.14375,0,No Defect
0.041357531566592595,97.88338102846427,183.9372673923473,43.75807411666065,22.824169730325615,,,4527,20.146875,0,No Defect
0.03861004988495872,96.30700632222131,215.5598999770859,35.77944971545229,23.190358127092885,,,4528,20.15,0,No Defect
0.03893183092260111,93.94848754341673,160.35444980903316,33.46295426799628,27.253092960616808,,Stencil thickness low; Ambient temperature high,4529,20.153125,0,No Defect
0.04218760422281578,98.48297547609977,168.50226917474296,42.59811668130805,24.110286912055148,,,4530,20.15625,0,No Defect
0.03834968185935731,96.86387361680131,232.86027767404514,37.48950120021464,21.620093920728028,,,4531,20.159375,0,No Defect
0.04017515467799049,94.40034706037183,163.2942668964692,48.93142666134228,22.560051827356443,,Stencil thickness low,4532,20.1625,0,No Defect
0.04281147429834993,97.69725736197388,150.3872136174461,49.97994411274011,23.064355897607122,,,4533,20.165625,0,No Defect
0.039934165700428126,95.02798620260536,154.1137566748781,34.295421675286235,27.393152169609916,,Ambient temperature high,4534,20.16875,0,No Defect
0.041120564869510726,98.43717077272883,193.2963012084866,40.15285361008115,23.287915502703616,,,4535,20.171875,0,No Defect
0.038382564077334605,94.0124876633908,186.98496398850378,39.6387395192336,23.799028155054238,,Stencil thickness low,4536,20.175,0,No Defect
0.03943732673841894,97.57153819442848,213.40407056444917,34.507527553236294,23.686481561628383,,,4537,20.178125,0,No Defect
0.04046239645899128,98.11721469792836,206.1541170783706,42.09609825658849,21.91846498886059,,,4538,20.18125,0,No Defect
0.0441594910858557,99.70593837288885,142.3180439441479,47.30526672955418,24.339966319334508,Paste volume per aperture high,Paste viscosity low,4539,20.184375,0,Solder Bridging
0.041318267408218166,98.76337570804986,201.50167386066457,43.96746272648665,21.664592048835335,,,4540,20.1875,0,No Defect
0.04203673254784081,97.67944528104434,167.18018010126326,47.20974143682126,22.825114532515975,,,4541,20.190625,0,No Defect
0.03671509505237791,92.61915163940786,211.38585914709006,42.023345431719505,21.581525571591612,,Stencil thickness low,4542,20.19375,0,No Defect
0.041420995060018555,99.87518993434516,206.86508913915364,38.770525439417085,22.84781107408878,,,4543,20.196875,0,No Defect
0.04084702013212309,98.94633169144024,210.8067183055294,40.20293806929965,22.183236708135656,,,4544,20.2,0,No Defect
0.03669769814578501,94.89291377332239,236.80301292771338,34.28427468345865,22.277402249743552,,Stencil thickness low,4545,20.203125,0,No Defect
0.042436747942484025,98.09512660083963,165.32566886438204,48.237714097912495,22.633449368161035,,,4546,20.20625,0,No Defect
0.039530106293692226,95.9145868813615,200.29935562709275,45.01734226750031,21.40377489113395,,,4547,20.209375,0,No Defect
0.03933217200470004,96.71597372082063,212.843748775747,40.90885321848578,21.8318388750983,,,4548,20.2125,0,No Defect
0.0400407558658828,98.3957170017404,206.63555539842,34.295816912638216,24.144302495416486,,,4549,20.215625,0,No Defect
0.039435709327344755,99.26227062159465,238.30803673885828,34.55338188937652,22.119470820730246,,,4550,20.21875,0,No Defect
0.03794756591755592,92.7529304291965,188.0682154917013,43.6201445702088,22.54519661180143,,Stencil thickness low,4551,20.221875,0,No Defect
0.04178482001822102,97.66572593509294,163.79253160239423,44.61698940689426,23.76496440693294,,,4552,20.225,0,No Defect
0.037814922004650926,94.42683618584446,206.93355214200827,36.96154276510774,23.326913871737894,,Stencil thickness low,4553,20.228125,0,No Defect
0.04262635678712398,100.17864830742806,188.39393725219787,43.846822139590245,22.48927984036396,,,4554,20.23125,0,No Defect
0.04162261047590107,97.5307619388474,171.82281208318776,45.97827174615857,22.871901186804607,,,4555,20.234375,0,No Defect
0.04338799730078757,100.68594891856456,182.6498069665506,43.847743702186285,22.85008992586935,,,4556,20.2375,0,No Defect
0.0387374591740005,95.63032598940188,208.0143176008778,40.355013805112684,22.26919894432162,,,4557,20.240625,0,No Defect
0.0427614992556601,99.46505820089287,165.66149999264175,42.94281067871237,24.137384514344262,,,4558,20.24375,0,No Defect
0.04334338036746465,101.6743139872195,181.78424415707963,38.299822468733495,24.509509415866656,,,4559,20.246875,0,No Defect
0.04001292625042503,97.11815735026691,188.5929270300253,34.38249943825298,25.210539658095133,,,4560,20.25,0,No Defect
0.040414613555145064,97.38833571524648,204.95361983084285,45.88923160104609,20.848971423694156,,,4561,20.253125,0,No Defect
0.041723318931585415,98.40171388473544,175.31510722192826,38.02741957810215,24.97478370667536,,,4562,20.25625,0,No Defect
0.03835455911900719,95.76317980049673,211.4626746492623,38.48750357699074,22.584517056950165,,,4563,20.259375,0,No Defect
0.042436166727828316,99.92210541562737,190.4362551942523,45.45945851628682,21.8733814528919,,,4564,20.2625,0,No Defect
0.03997990624444833,96.83672699052482,188.54618295796348,37.789166999726184,24.20761839450741,,,4565,20.265625,0,No Defect
0.035350802881485587,91.8530593927924,218.03664742489858,32.53295042955483,23.895409352912413,Paste volume per aperture low,Stencil thickness low,4566,20.26875,0,Open Circuit
0.03894653613408144,97.04387438811418,230.19562911412507,45.136388674566795,19.49182226348227,,Ambient temperature low,4567,20.271875,0,No Defect
0.036832922623186264,94.75998630965246,243.71405878951705,40.84766805999928,19.900353819506922,,Stencil thickness low; Ambient temperature low,4568,20.275,0,No Defect
0.039607807500889346,96.00743982112748,192.93865666272197,41.078376014773426,22.970483008049467,,,4569,20.278125,0,No Defect
0.04168673229063413,100.24802418332389,208.86316238773043,41.02141871195796,22.024003027836464,,,4570,20.28125,0,No Defect
0.036585737418799426,94.05489588550793,229.8334797610463,36.070105641925295,22.14076958654292,,Stencil thickness low,4571,20.284375,0,No Defect
0.04075113302610352,97.19297672056882,191.1684062391654,46.26340907136124,21.567943722975446,,,4572,20.2875,0,No Defect
0.03878679849998059,97.04239413448786,224.80318858859124,36.287246322083256,22.402501215048122,,,4573,20.290625,0,No Defect
0.04109417325613295,99.0036830840265,204.45014020911876,41.37980273457532,22.179166519609872,,,4574,20.29375,0,No Defect
0.042152918852914875,100.3034547103553,193.09520283001726,37.48924026918682,24.020750725823707,,,4575,20.296875,0,No Defect
0.04339802579171253,100.95244517041904,192.3968262408556,49.31021327596381,20.619269688218214,,,4576,20.3,0,No Defect
0.03987119230549477,96.93799493982587,194.57890411436017,36.404668822436605,24.225060620159052,,,4577,20.303125,0,No Defect
0.04183480534633539,102.2111604122086,226.52557888860352,34.063007418530376,22.96132100873363,,,4578,20.30625,0,No Defect
0.04195799535584293,100.20596656375342,194.15099610728902,36.3883501849873,24.268886230493926,,,4579,20.309375,0,No Defect
0.04066649906972638,98.8400885937073,202.877681146389,33.92052416561422,24.44432847482267,,,4580,20.3125,0,No Defect
0.04119624344945972,101.13402905636877,225.49560275692593,37.33759340298549,22.05250692203696,,,4581,20.315625,0,No Defect
0.03757707709156304,95.03938189671408,227.40743712291982,36.47372860640121,22.167929279438056,,,4582,20.31875,0,No Defect
0.04203973232229941,99.74058711036429,191.23111617926102,40.85946374142392,23.135318196269793,,,4583,20.321875,0,No Defect
0.03795459990201857,94.23812162317513,200.77772204364103,38.36509913627156,23.24295020439774,,Stencil thickness low,4584,20.325,0,No Defect
0.03848830989097849,96.6595237300846,227.09149980270828,36.84634230981813,22.07649386712061,,,4585,20.328125,0,No Defect
0.03921181537541964,96.4724720302992,213.0798500932782,41.17508676835153,21.67666670281757,,,4586,20.33125,0,No Defect
0.03974756514577768,95.14522720665633,176.18081561909995,42.04210865576391,23.688646283671794,,,4587,20.334375,0,No Defect
0.0409229420543096,97.86021470407633,197.09613830119892,45.30277262240063,21.460657884988294,,,4588,20.3375,0,No Defect
0.042069853049018384,99.07221916273544,182.03341437781796,40.77259175365772,23.718560021598773,,,4589,20.340625,0,No Defect
0.03974658622987277,95.60813504103976,188.7619489358202,41.92935952859184,22.949472190044,,,4590,20.34375,0,No Defect
0.041579839625426294,98.18101738686309,175.9242487044265,40.228151237649826,24.242284415327905,,,4591,20.346875,0,No Defect
0.041244442846539255,98.25564543114653,186.75213504365536,40.562970060381694,23.47578271440061,,,4592,20.35,0,No Defect
0.04113653385688762,98.23920894445344,182.0974922759961,37.989312499454556,24.508019381344827,,,4593,20.353125,0,No Defect
0.04035747632820149,98.9307128861087,216.42506292548728,39.055531868992176,22.08224425689211,,,4594,20.35625,0,No Defect
0.04101282592548971,97.20535369750503,178.3657841754138,44.118609798194456,22.9420167622431,,,4595,20.359375,0,No Defect
0.039318268843794295,96.03896773049314,193.77522667164533,38.55409040336443,23.60682253566149,,,4596,20.3625,0,No Defect
0.03876324505947962,96.72103022935312,219.0343869669326,35.5410819791403,22.935126900919695,,,4597,20.365625,0,No Defect
0.040758430466420026,99.14971764618346,207.806447017369,37.62395666897519,23.02673875678066,,,4598,20.36875,0,No Defect
0.03781042671728095,95.44049564002141,227.9333429972062,39.03525073898427,21.35667400556159,,,4599,20.371875,0,No Defect
0.04382447171209712,101.43520342035495,175.70652805462055,43.83623971784358,23.202458066981258,,,4600,20.375,0,No Defect
0.03561895785498658,92.78009015953853,230.62507562608926,34.41392114689059,22.51858970935326,Paste volume per aperture low,Stencil thickness low,4601,20.378125,0,Open Circuit
0.0398518518881713,95.88736385888411,190.44473360003133,46.21525118658437,21.567531890690898,,,4602,20.38125,0,No Defect
0.03757008030913754,94.758154522875,218.5380409117292,38.546262647423376,22.064248360942436,,Stencil thickness low,4603,20.384375,0,No Defect
0.03906432613538165,93.4217206127916,177.72067075887412,48.88479938676067,21.562495832643858,,Stencil thickness low,4604,20.3875,0,No Defect
0.03770015249989442,93.25415229022123,198.26080455677095,40.52014583083441,22.73491609238975,,Stencil thickness low,4605,20.390625,0,No Defect
0.0435533260058978,100.25639640194044,161.09686242324565,42.4096825187787,24.504391376848325,,,4606,20.39375,0,No Defect
0.04299159604237474,101.97941356307194,201.10379046854277,38.18035824849843,23.281996051408825,,,4607,20.396875,0,No Defect
0.03948574416840152,97.14259132546701,217.05339097760032,40.3404565093505,21.643945336253147,,,4608,20.4,0,No Defect
0.04107435026428069,97.56627175410549,176.23572760594,39.36792853448176,24.439673073868025,,,4609,20.403125,0,No Defect
0.041780504140012914,97.46708402489791,170.1268017042377,46.40940828660484,22.76349648485697,,,4610,20.40625,0,No Defect
0.03982114354989152,98.38377082533158,213.02182123378026,32.96461904385637,24.040476397300875,,,4611,20.409375,0,No Defect
0.039932832614564234,96.19131958060255,177.5443644877078,35.11250923476487,25.59028201869755,,,4612,20.4125,0,No Defect
0.04042913824363575,97.85718689716731,198.75478583999654,39.02368091251331,23.14770695387696,,,4613,20.415625,0,No Defect
0.040916495049972856,98.19776982885834,187.62690719272044,37.54341461525831,24.263845202961146,,,4614,20.41875,0,No Defect
0.04071983179035879,96.0292332760217,169.14387191536372,42.702989875493834,23.891666856565383,,,4615,20.421875,0,No Defect
0.04100580888906353,100.11485196416098,209.36461162160396,33.79826494167183,24.019517925306175,,,4616,20.425,0,No Defect
0.03921614756002472,97.35519902601752,217.85249370126448,37.32452613291634,22.454336360649787,,,4617,20.428125,0,No Defect
0.03889901834390925,97.27699662797353,234.10043135477622,40.781419648917606,20.446364910024098,,,4618,20.43125,0,No Defect
0.03965379046404857,96.8412931878715,201.75192286866275,39.23097817858236,22.886514154042146,,,4619,20.434375,0,No Defect
0.04145906123143286,97.07986325275726,176.05126181182644,50.16661295138519,21.280774207399002,,Ambient RH high,4620,20.4375,0,No Defect
0.03841096150901721,96.09061903074065,211.92063630514085,33.027331187596175,24.062382072738426,,,4621,20.440625,0,No Defect
0.04128293100230124,101.00889382634949,226.23714592700154,36.14859946428601,22.294806279269494,,,4622,20.44375,0,No Defect
0.03973807934184363,96.70100693926797,199.42719854210327,38.88105761750703,23.128389574312763,,,4623,20.446875,0,No Defect
0.03754988990740621,93.75532043183777,205.15584530470807,36.06917028143194,23.581817361279153,,Stencil thickness low,4624,20.45,0,No Defect
0.0364289161921315,94.44320588341952,230.80749897382782,29.944586501872003,23.781266508807633,,Stencil thickness low; Ambient RH low,4625,20.453125,0,No Defect
0.043823258506751187,101.11185456037413,160.93314282544006,39.131741919835086,25.439518461846465,,,4626,20.45625,0,No Defect
0.040121589739399936,97.98667444608698,195.1838568722602,32.02742269831591,25.38351229943455,,,4627,20.459375,0,No Defect
0.042125156595763914,100.20937913362545,186.71450258972047,37.11327715146616,24.429881323099043,,,4628,20.4625,0,No Defect
0.03730885844731863,94.51768894003719,227.6999897438053,38.53075587189987,21.468078149902954,,Stencil thickness low,4629,20.465625,0,No Defect
0.03736906107324383,93.47145804447658,200.13047947827368,37.895769705610576,23.337139160765442,,Stencil thickness low,4630,20.46875,0,No Defect
0.03797749416821762,95.6923619141352,227.20289346127453,39.38750200138116,21.246158274596723,,,4631,20.471875,0,No Defect
0.04044271549784516,96.7259689271785,195.52953001963158,48.5477493428282,20.531968491874892,,,4632,20.475,0,No Defect
0.04138121828723771,99.19006467269087,191.0431878255894,37.219176297629936,24.1208959922335,,,4633,20.478125,0,No Defect
0.04219738894738415,100.38039248081682,201.01057404666875,40.03601780582509,22.697689308967586,,,4634,20.48125,0,No Defect
0.03902964925127574,96.4884348925721,209.21528130003477,36.69750564631889,23.1387167193841,,,4635,20.484375,0,No Defect
0.039248375408316,96.53540240712982,198.45169420297992,33.298271397019775,24.792523325943865,,,4636,20.4875,0,No Defect
0.03786030757674027,96.61398649899449,244.12010662104507,37.039302080874265,20.885497099663667,,,4637,20.490625,0,No Defect
0.042162149529938284,98.04846386399818,171.54212001712625,47.157627650030825,22.415497812069166,,,4638,20.49375,0,No Defect
0.03813909026392023,96.5632986714779,227.89899687739802,33.46376117433841,22.922655584471677,,,4639,20.496875,0,No Defect
0.03869871717749399,95.65760184287848,209.99166229569548,36.97217968597752,23.005604453981203,,,4640,20.5,0,No Defect
0.038702260032562885,97.65605264265417,252.65502060050005,43.383188898195804,18.51074716291092,,Paste viscosity high; Ambient temperature low,4641,20.503125,0,No Defect
0.04020328594501148,97.057151807735,207.0022944238234,48.65355254194763,19.778047574042446,,Ambient temperature low,4642,20.50625,0,No Defect
0.038979553792205135,96.98555715949443,221.28359999782805,38.211740732637175,21.941933093546623,,,4643,20.509375,0,No Defect
0.04184679726841586,99.1068567876608,187.32116936593357,40.76526870024182,23.30288372573914,,,4644,20.5125,0,No Defect
0.04055181282123617,95.38779008214094,169.88929197444077,46.21368251876385,22.770823866745975,,,4645,20.515625,0,No Defect
0.0431688510685044,99.16580330654857,156.4860395230968,44.900075640530446,23.990453229872728,,,4646,20.51875,0,No Defect
0.037333626335217134,93.2037690187751,197.86420519501164,37.93490450834952,23.437890067636662,,Stencil thickness low,4647,20.521875,0,No Defect
0.03812109979421545,97.08427219568001,234.7450840994049,32.55482197206175,22.75229932819664,,,4648,20.525,0,No Defect
0.0397879245212472,96.75804133094367,197.70198239208764,39.557821532961256,22.99177056705487,,,4649,20.528125,0,No Defect
0.03846292622125864,96.14903319370708,227.6039936924924,41.17396829663637,20.674783626098368,,,4650,20.53125,0,No Defect
0.04131854043953209,99.51500501176186,198.78424217666975,35.5550015675787,24.105482204327316,,,4651,20.534375,0,No Defect
0.04335450298779115,101.12854454224815,186.45906805591363,44.260943621444966,22.33220636898568,,,4652,20.5375,0,No Defect
0.04337112505345299,101.10630481034582,187.42496497191038,42.605780888654216,22.759612952614027,,,4653,20.540625,0,No Defect
0.03938043410434492,94.76432939397952,175.5010331206875,38.32914311510805,24.70460773572456,,Stencil thickness low,4654,20.54375,0,No Defect
0.04010531177262466,96.7095526269295,194.45194273486985,44.09929582386077,21.85527798024148,,,4655,20.546875,0,No Defect
0.03609542887802062,92.88916745667049,232.6036595569016,39.75650609938883,20.753405910357102,,Stencil thickness low,4656,20.55,0,No Defect
0.040787808409648026,95.49540154546439,162.34351341398607,46.26394980807367,23.198229349632072,,,4657,20.553125,0,No Defect
0.04316492239912819,101.454473296209,194.78816008755803,43.326292270140584,22.082205449393296,,,4658,20.55625,0,No Defect
0.03745559365802395,94.61576176324995,222.21114235520756,36.73081795213066,22.282616472933515,,Stencil thickness low,4659,20.559375,0,No Defect
0.04174872713204064,97.06180762844139,171.04604692229464,49.197056712756634,21.812561759768663,,,4660,20.5625,0,No Defect
0.04187720460115155,98.91291773725203,196.62692708432184,46.91652344054573,20.909934149564055,,,4661,20.565625,0,No Defect
0.039512229303651746,97.64449538995139,211.86972166136053,33.07271783200729,23.99651884581252,,,4662,20.56875,0,No Defect
0.037454185902257464,94.9564679236503,222.53969417403508,35.94342417489774,22.481820403829076,,Stencil thickness low,4663,20.571875,0,No Defect
0.04225791550896829,99.11823542157154,184.42191905104875,46.41566265226239,21.79863634376993,,,4664,20.575,0,No Defect
0.041534524309700296,96.77311560130416,154.85370667443306,43.568269312670836,24.433546062417356,,,4665,20.578125,0,No Defect
0.043606756590568764,100.220276685534,166.85522918489693,45.89671147761535,23.036098407815114,,,4666,20.58125,0,No Defect
0.0387022339287205,94.63027709882007,195.3423308421725,40.22581002200273,22.907124207811336,,Stencil thickness low,4667,20.584375,0,No Defect
0.040684545965500085,97.6561461003333,198.9304449883418,43.318220036241925,21.797106943499656,,,4668,20.5875,0,No Defect
0.040736693057972694,96.7716780684035,176.07157327867867,40.18717172847215,24.112308872352227,,,4669,20.590625,0,No Defect
0.0430828266503472,98.37884326494293,160.44229290471452,51.724896258675756,21.717098454935883,,Ambient RH high,4670,20.59375,0,No Defect
0.045455687189544576,104.41490243495123,189.69418578241238,43.63531148586597,22.306372779040036,Paste volume per aperture high,,4671,20.596875,0,Solder Bridging
0.040626484431137797,95.50210777611545,169.15145812223147,44.360844217355364,23.316331955922152,,,4672,20.6,0,No Defect
0.039440461607043086,96.69694890861633,201.84313062460743,34.55179807326674,24.162738208935476,,,4673,20.603125,0,No Defect
0.04232320636405705,98.95364995031278,180.33492196806935,45.011856264160926,22.446594359328323,,,4674,20.60625,0,No Defect
0.041320382702899075,99.13339010503668,208.06875427096458,44.694800424049475,20.82635176396316,,,4675,20.609375,0,No Defect
0.038675652059233984,95.13969633214907,206.57493560407514,40.40310971927586,22.152695802055334,,,4676,20.6125,0,No Defect
0.039511002312374005,95.52985996497085,182.50089783456613,39.04885982525079,24.024482886216788,,,4677,20.615625,0,No Defect
0.042763364245588124,98.19991052107463,153.3048168655118,44.46269831747448,24.261104097412733,,,4678,20.61875,0,No Defect
0.04001064228840927,97.51267744418648,208.53491228837436,42.43676244183452,21.437621448896586,,,4679,20.621875,0,No Defect
0.04058747181650302,96.82696491370088,186.81725725775186,44.11394566052139,22.28561781080167,,,4680,20.625,0,No Defect
0.038432611611172715,96.18400989821747,221.00076002030886,36.75511214290668,22.319686141329054,,,4681,20.628125,0,No Defect
0.04127268940965557,97.66303156101745,175.79930963851467,38.715028231692635,24.543503161219945,,,4682,20.63125,0,No Defect
0.03752467503183462,94.73642580987831,227.96081558223187,40.22711442842027,20.86919512145813,,Stencil thickness low,4683,20.634375,0,No Defect
0.04347488271706571,102.52396812955983,195.61750546022841,37.87181213755912,23.585158244997718,,,4684,20.6375,0,No Defect
0.04035422976420568,99.80151516989997,229.82440670636004,36.29318990276978,21.921137744821568,,,4685,20.640625,0,No Defect
0.042069646005822,100.3696845999071,204.18071441690657,39.67433080584075,22.52335203541939,,,4686,20.64375,0,No Defect
0.04142523214440989,98.82854798527292,198.73483119919493,45.66731210004206,21.093223358810462,,,4687,20.646875,0,No Defect
0.041979184995850745,98.62332791158872,184.99282456011954,45.81125319981137,21.901404196998673,,,4688,20.65,0,No Defect
0.040226262246446334,96.46528148659128,189.59755494187135,43.53746368601202,22.266208480151004,,,4689,20.653125,0,No Defect
0.040779305252719174,101.08332025373414,237.0192724347682,34.07960886924012,22.122090326573513,,,4690,20.65625,0,No Defect
0.0401490042831537,97.52356036864109,204.67799963610415,40.49929917026233,22.224834826323992,,,4691,20.659375,0,No Defect
0.038466506028768846,95.04948928291209,212.0196773231515,44.293025789430914,20.649116034397284,,,4692,20.6625,0,No Defect
0.03836228999367108,95.32801791173216,223.84490734811754,45.855373818093895,19.466191417202847,,Ambient temperature low,4693,20.665625,0,No Defect
0.04167441295960771,100.75445880233823,207.372580625702,33.99137961857153,23.967581293721388,,,4694,20.66875,0,No Defect
0.041021177269752775,98.29880888812015,199.76733293863342,42.39876142952676,21.97345891490708,,,4695,20.671875,0,No Defect
0.03987940679509316,97.85396980758419,220.51670176152552,43.00331864173254,20.50981357270127,,,4696,20.675,0,No Defect
0.04142510291182478,100.76469451724878,223.07533418396608,37.806754301299996,21.884770592039406,,,4697,20.678125,0,No Defect
0.039935156193375204,93.93680988396925,161.98179172588524,47.46446311818484,22.7974060161179,,Stencil thickness low,4698,20.68125,0,No Defect
0.0386953503490391,93.79576242001116,184.37790352928855,43.35929520543933,22.609890627547497,,Stencil thickness low,4699,20.684375,0,No Defect
0.040036018937998345,95.70524086756299,180.0467815249112,41.94479981959529,23.299217690942033,,,4700,20.6875,0,No Defect
0.04065976654894042,97.35975079911987,200.74849907248142,46.30784385590216,20.759153224043143,,,4701,20.690625,0,No Defect
0.03970967110915935,98.90068247074947,231.4604222818339,35.900842675085066,21.90306215754867,,,4702,20.69375,0,No Defect
0.04034179627184908,98.96826061681817,223.76168221863023,39.88553662872702,21.21581112048038,,,4703,20.696875,0,No Defect
0.04151839760395417,98.0059991096621,172.29542836284878,38.171513096571005,24.881575601879685,,,4704,20.7,0,No Defect
0.04103871996159381,99.87121873779287,209.3403786452296,33.86736115168859,23.860414793297945,,,4705,20.703125,0,No Defect
0.03767140555495087,93.91095624333342,208.79925862296497,41.03114457394943,21.77123477110116,,Stencil thickness low,4706,20.70625,0,No Defect
0.0385924137136487,93.32711354804968,180.60923542955496,42.76406055244255,23.003701572805046,,Stencil thickness low,4707,20.709375,0,No Defect
0.04071278686612796,97.54481347292158,187.64019985492217,37.532670263021295,24.116563675511998,,,4708,20.7125,0,No Defect
0.03891790048998825,95.06120834394925,189.7051946506042,38.028657142638764,23.82479950559142,,,4709,20.715625,0,No Defect
0.03920229348550599,98.78225209586888,229.34183412393674,28.97832957008081,24.036832965989312,,Ambient RH low,4710,20.71875,0,No Defect
0.039042157327595264,95.18503677400842,194.906802272665,40.43081204932878,22.80379367737918,,,4711,20.721875,0,No Defect
0.03774111659048207,92.68218979497355,186.78959375658636,40.28259292940362,23.33334049866297,,Stencil thickness low,4712,20.725,0,No Defect
0.03981107240504096,96.18026769284342,190.914559196738,39.47618823402884,23.33169973710882,,,4713,20.728125,0,No Defect
0.038608999429968455,95.17540139969863,199.51368528546863,36.347137766566476,23.706149647643077,,,4714,20.73125,0,No Defect
0.0398221824369416,96.27165084741445,191.5027481719519,39.27223896653722,23.351715983148853,,,4715,20.734375,0,No Defect
0.043574628938013865,99.4795620567864,160.0074289097639,47.45644541271823,22.921118461354375,,,4716,20.7375,0,No Defect
0.04121194291356528,98.52662696780024,194.2141246162494,40.1885569294383,22.92516442210806,,,4717,20.740625,0,No Defect
0.03983155482452564,95.20112813025577,174.98421840517878,42.62876794799628,23.376091886580767,,,4718,20.74375,0,No Defect
0.04155262521014936,100.51515426453857,213.06145451574804,37.68095008971692,22.499126089543147,,,4719,20.746875,0,No Defect
0.03858662206887165,94.3874689161398,199.09472993948742,43.64690940518335,21.589075088059445,,Stencil thickness low,4720,20.75,0,No Defect
0.041690705296220654,97.77880016501128,179.5264278232986,45.91754236501972,22.15088671838854,,,4721,20.753125,0,No Defect
0.03915411186741642,94.82294073306113,182.9477277188799,38.477142625408426,24.091999164015164,,Stencil thickness low,4722,20.75625,0,No Defect
0.039004053454595206,97.16356657440365,233.691587568223,40.51798635398715,20.382546450759925,,,4723,20.759375,0,No Defect
0.03916912244212853,96.66351617630197,202.20556551077865,33.834995820726455,24.25976164669176,,,4724,20.7625,0,No Defect
0.040546032190013855,97.92062885899011,201.5829051803446,39.65171748671831,22.61245927972708,,,4725,20.765625,0,No Defect
0.04068021419680613,97.44399676695069,195.3048378483822,43.20039936720492,21.959660179011273,,,4726,20.76875,0,No Defect
0.03978105611358212,97.10101301595705,209.01565276071773,40.45672874157691,21.911498893629712,,,4727,20.771875,0,No Defect
0.04048018853996462,99.06835841011673,219.16582827809324,38.766734276828714,21.784534424463597,,,4728,20.775,0,No Defect
0.041285560653303195,98.07746075536296,184.2111484235349,41.85432885565591,23.030185837200435,,,4729,20.778125,0,No Defect
0.04154707075342286,100.02391878563705,211.28427029707115,39.113293025418905,22.175782014132,,,4730,20.78125,0,No Defect
0.03964865824017351,96.03450441028664,194.7988977970509,42.21984209694373,22.258625346285232,,,4731,20.784375,0,No Defect
0.03970191142940656,96.41946523582942,205.18396204327084,43.47785627634383,21.255702107447508,,,4732,20.7875,0,No Defect
0.037263300131916255,94.76878888535128,222.37879474804967,34.531796361790036,22.789090007318766,,Stencil thickness low,4733,20.790625,0,No Defect
0.03906266162492105,94.35651510810258,186.32703325768074,44.43786896218581,22.121620754649932,,Stencil thickness low,4734,20.79375,0,No Defect
0.03811121394343649,94.16766660325825,202.58239858061992,38.50795707629712,22.85178957241693,,Stencil thickness low,4735,20.796875,0,No Defect
0.042638377247978844,99.43057223427469,167.71307959467833,38.2041537133199,25.11114276413523,,,4736,20.8,0,No Defect
0.04372267259519637,102.9222337064204,205.71498196412438,41.671038361489444,21.774819051963366,,,4737,20.803125,0,No Defect
0.03802855589071755,96.46041071336884,239.58301710056224,37.65871096502116,20.82120545261029,,,4738,20.80625,0,No Defect
0.03922214128244852,94.59639819176056,189.62603195328518,45.209920925784395,21.68892298013529,,Stencil thickness low,4739,20.809375,0,No Defect
0.043167096578408816,99.24732780288623,162.4610400704119,46.805962890830024,22.915196320242973,,,4740,20.8125,0,No Defect
0.03878285690878646,94.5599550706803,189.1196474699585,38.62631215401868,23.63649838445736,,Stencil thickness low,4741,20.815625,0,No Defect
0.04013642236728316,97.52286208639791,198.7024203033277,36.82628246879796,23.58179510065765,,,4742,20.81875,0,No Defect
0.04025221175975026,98.80726012033128,210.0119898782811,33.563941942046974,23.83839947046634,,,4743,20.821875,0,No Defect
0.041395802830232704,98.6223833761166,194.74230201828567,42.441138642691314,22.19230491873914,,,4744,20.825,0,No Defect
0.04060425648709361,96.7024186811708,183.61730415951246,42.33742679362388,22.898020993132548,,,4745,20.828125,0,No Defect
0.03926988796231508,95.40489613544325,194.82495967191193,41.58448633235925,22.417137367776206,,,4746,20.83125,0,No Defect
0.03927826073788227,93.71033310027843,168.31973589451036,41.24366158178833,24.14471703457542,,Stencil thickness low,4747,20.834375,0,No Defect
0.03708856310653651,92.81576931697525,202.35772942408136,40.03085177687539,22.384505266439763,,Stencil thickness low,4748,20.8375,0,No Defect
0.04002157618154853,97.79355939092852,219.20442437073476,43.92217432438461,20.239011127946192,,,4749,20.840625,0,No Defect
0.04150330280945122,96.93873842348164,169.56071100602114,46.856283875256636,22.437490058102046,,,4750,20.84375,0,No Defect
0.03899161456271756,94.95678445944226,198.23748154998106,43.17283931785616,21.734297773307865,,Stencil thickness low,4751,20.846875,0,No Defect
0.037770771432720084,94.69570586903166,212.1585770736328,36.27341823565504,22.882252924964707,,Stencil thickness low,4752,20.85,0,No Defect
0.04030943514460012,96.74748753748477,182.2259262549491,36.13909447366545,24.779713676254037,,,4753,20.853125,0,No Defect
0.03964100688552661,96.80910800482326,206.50797323434395,40.46632972278451,22.016547948940424,,,4754,20.85625,0,No Defect
0.04184089676114067,98.27209835660722,181.07540287658807,44.33962238595821,22.46293195723547,,,4755,20.859375,0,No Defect
0.039627215836455135,97.14914932051849,209.70490256176208,39.52062965876065,22.09201704207325,,,4756,20.8625,0,No Defect
0.03692160026877128,92.6594639730465,212.71009963235952,42.09293815157256,21.13594932720044,,Stencil thickness low,4757,20.865625,0,No Defect
0.03816739332877685,95.25969142770498,208.69583849213032,33.679096637472114,23.84811919526225,,,4758,20.86875,0,No Defect
0.04077416463436296,98.49915265590397,207.44077386901114,39.305758875731996,22.30362352040679,,,4759,20.871875,0,No Defect
0.039657734274013326,94.6622337296784,175.6974240062681,43.29161014236641,23.07349248592133,,Stencil thickness low,4760,20.875,0,No Defect
0.04014131431268569,96.42738425755066,194.9654560684306,41.710558278362484,22.360098720191303,,,4761,20.878125,0,No Defect
0.036933150027314246,92.74583593014228,210.34478187432748,38.98589450561623,22.182693437781495,,Stencil thickness low,4762,20.88125,0,No Defect
0.044142954230045224,99.36841083441303,154.92864498134205,52.847863924736394,21.588796906744165,Paste volume per aperture high,Ambient RH high,4763,20.884375,0,Solder Bridging
0.040985820449577416,99.72991703938358,209.02532631897233,33.62699255406972,23.855199940878666,,,4764,20.8875,0,No Defect
0.04050091301990841,98.93791161292376,218.8002578171945,41.43033781834038,20.96703518108294,,,4765,20.890625,0,No Defect
0.04038579960563623,97.80359160922977,201.87263283588217,40.18391148643906,22.368840108725077,,,4766,20.89375,0,No Defect
0.04137089383913582,99.60011540101588,208.91885807339278,40.99160746893879,21.707995198591007,,,4767,20.896875,0,No Defect
0.03904276138174731,97.13989084089506,230.86807926229298,38.75205063670401,21.001028509133285,,,4768,20.9,0,No Defect
0.04004108368386816,95.88856192927159,179.12986512464232,40.3877997547308,23.69758507808186,,,4769,20.903125,0,No Defect
0.03646601745381223,93.2389091091395,226.5598161126971,38.819454834270154,21.215450014274055,,Stencil thickness low,4770,20.90625,0,No Defect
0.04306363505281556,100.0932600043039,185.44864045680387,46.513141060239974,21.545689568367465,,,4771,20.909375,0,No Defect
0.037890705667804336,96.05928864912295,231.06443455682438,35.40821986091765,21.94405345975266,,,4772,20.9125,0,No Defect
0.041019984281116105,98.52935143496185,193.15871609695262,36.017957359091234,24.117423053538378,,,4773,20.915625,0,No Defect
0.04114720731834333,100.56812966766282,226.01195774340758,38.61483941340596,21.339253567840732,,,4774,20.91875,0,No Defect
0.04350116564797736,101.27939237209522,183.9049311397424,42.00342046176327,22.952714551654037,,,4775,20.921875,0,No Defect
0.03857152300825604,98.05346103362997,238.3458080293438,29.351394386011506,23.26767141523507,,Ambient RH low,4776,20.925,0,No Defect
0.03791598544323998,94.92379968147513,222.73316024332894,40.18875355250397,21.054189373649407,,Stencil thickness low,4777,20.928125,0,No Defect
0.040507638954618806,97.42070789073907,201.3650531719154,43.18223468129275,21.50975020996421,,,4778,20.93125,0,No Defect
0.03973991949410335,96.84123084209344,201.11223835313336,37.644920965440946,23.13405954440814,,,4779,20.934375,0,No Defect
0.03901661316867245,96.93448806519456,225.27234461119895,39.07078911233684,21.228468744655085,,,4780,20.9375,0,No Defect
0.03995007455835526,95.18709574431365,166.62281301999667,39.84805297960801,24.600699771557593,,,4781,20.940625,0,No Defect
0.03788835855301796,91.92257991923314,173.72248851136968,42.722597131026546,23.310065555840993,,Stencil thickness low,4782,20.94375,0,No Defect
0.038168074190700195,94.432815294375,211.83338462375988,41.45019007986007,21.34884519766553,,Stencil thickness low,4783,20.946875,0,No Defect
0.04210588990670799,99.73010836165648,193.8951791671616,40.848899729430826,22.65267734938904,,,4784,20.95,0,No Defect
0.03906454547451607,94.92234820536356,185.2715015715134,38.84242270023048,23.73803988336242,,Stencil thickness low,4785,20.953125,0,No Defect
0.04054703868240746,97.7228366756548,201.25672892971022,41.24376010615393,22.069367129170388,,,4786,20.95625,0,No Defect
0.03858197014925166,93.71415731952357,178.89105006740596,38.2348557483508,24.302400612194162,,Stencil thickness low,4787,20.959375,0,No Defect
0.037595768469236304,95.93284395157323,237.90682544984193,34.793452272021995,21.67798004823311,,,4788,20.9625,0,No Defect
0.03713317343941295,95.38259534234511,238.16089008314867,34.907249084014765,21.620996064515115,,,4789,20.965625,0,No Defect
0.036743574828841115,93.84344111665943,228.35888016064717,34.53816987431378,22.332227683486394,,Stencil thickness low,4790,20.96875,0,No Defect
0.040541288244555274,98.3911612993289,200.55830015714147,36.19920738382836,23.574466843051095,,,4791,20.971875,0,No Defect
0.04044103519211529,97.40069040753352,190.9915567558344,37.57309664053679,23.75995792374465,,,4792,20.975,0,No Defect
0.040994880974163095,96.85636857359694,180.99439928786856,43.984668644261774,22.505955228968247,,,4793,20.978125,0,No Defect
0.04107149567192777,97.12260529545031,183.51808779229154,45.605423471569104,21.87384235245959,,,4794,20.98125,0,No Defect
0.0420207077249746,99.09051683516411,192.89748550773572,47.490866252439496,20.75130384469307,,,4795,20.984375,0,No Defect
0.04112178030889423,97.25730751188661,173.92378854928933,39.54514167591817,24.23022910226546,,,4796,20.9875,0,No Defect
0.03836920409839066,96.10876118242533,219.57342672492348,35.969686132179454,22.448305339389147,,,4797,20.990625,0,No Defect
0.04321974126401109,100.86890388683186,191.77576899489358,46.067993236320135,21.243523164348446,,,4798,20.99375,0,No Defect
0.04202583842922236,99.86298861464277,197.76663167801493,41.41896875650245,22.22243060448649,,,4799,20.996875,0,No Defect
0.03883226951850158,94.86516779785434,205.04173624676616,47.022253051443236,20.10970442889677,,Stencil thickness low,4800,21.0,0,No Defect
0.03883640750183139,97.29102743690922,232.20732280919324,38.18588615623498,21.024018143462,,,4801,21.003125,0,No Defect
0.0395812907792793,96.97415116447304,210.53134471825393,38.42874481748247,22.290580311697656,,,4802,21.00625,0,No Defect
0.04215276960630402,98.67692712845908,178.78744655604802,43.95582440997945,22.640709235065913,,,4803,21.009375,0,No Defect
0.04117734492843211,97.24938659909327,187.34261541749902,47.79929060362494,20.98376613880484,,,4804,21.0125,0,No Defect
0.042953374849392885,100.13070732860575,176.1845841122659,41.99563293403556,23.373635161356525,,,4805,21.015625,0,No Defect
0.036918002723304234,93.19116619401335,215.75228911950572,36.19095968638052,22.59902616095531,,Stencil thickness low,4806,21.01875,0,No Defect
0.04027477599817214,95.68712600099687,178.74677127552695,44.15736708813747,22.563537249751384,,,4807,21.021875,0,No Defect
0.04159940606686267,99.64835565903975,200.88466385155468,38.52991871511228,22.857805383410863,,,4808,21.025,0,No Defect
0.03965098345118907,94.0861004811649,171.62961715001893,45.052327529371816,22.7326258022956,,Stencil thickness low,4809,21.028125,0,No Defect
0.04253569712080084,99.31393638035703,178.489066816236,43.77595348141775,22.702809741597147,,,4810,21.03125,0,No Defect
0.03840122492117971,95.27618267607085,211.24248369950377,38.80562025204869,22.110675302402193,,,4811,21.034375,0,No Defect
0.044500377069324824,99.91609625528937,151.32417299016055,52.36956836814257,21.871502787817338,Paste volume per aperture high,Ambient RH high,4812,21.0375,0,Solder Bridging
0.03886889624453479,97.99296606395191,224.35121230319965,27.081825564952815,24.731544181506436,,Ambient RH low,4813,21.040625,0,No Defect
0.03935625908924674,98.39013158151509,223.66149096459773,29.33441985159105,24.119661657447466,,Ambient RH low,4814,21.04375,0,No Defect
0.040725989103244556,97.38500507070962,187.57903946828338,41.587763119485416,22.759526848373806,,,4815,21.046875,0,No Defect
0.03927926278098939,93.99613456013384,162.0262111693839,37.373877457013606,25.546426907553563,,Stencil thickness low,4816,21.05,0,No Defect
0.04010957303550809,96.96404052523614,192.96158091289635,38.66261141139278,23.276944052679198,,,4817,21.053125,0,No Defect
0.03614414992169969,92.99050628710053,221.78888021892632,31.221093270496475,23.652764225895258,,Stencil thickness low,4818,21.05625,0,No Defect
0.04066037094661837,98.13369878924124,211.14790656564887,44.097672638562344,20.57783308723122,,,4819,21.059375,0,No Defect
0.03958574798329744,94.72056540387834,171.2689536063917,40.14926930496291,24.16477217852932,,Stencil thickness low,4820,21.0625,0,No Defect
0.04102196204613728,97.49805841391708,190.85544222458998,43.93820658504413,21.86973097185683,,,4821,21.065625,0,No Defect
0.04059943590723682,97.27110672495142,193.13210764245554,41.81343299358672,22.3444175384534,,,4822,21.06875,0,No Defect
0.04042689350247584,97.3656803215104,195.27492520364808,40.762933117714766,22.51464581939278,,,4823,21.071875,0,No Defect
0.0395237029618378,94.955683938007,177.6817891243181,39.498530240306515,23.95640301150792,,Stencil thickness low,4824,21.075,0,No Defect
0.03956486386897539,95.72867755053818,181.96548993725074,37.54026384771257,24.260029757699765,,,4825,21.078125,0,No Defect
0.04138451261274094,99.5771617050945,205.46065425933654,38.68528830584756,22.5010696487095,,,4826,21.08125,0,No Defect
0.04031234785447191,98.01607351613191,213.35670368500465,42.22286071039659,20.97274984236923,,,4827,21.084375,0,No Defect
0.039941065301300614,97.89205388111162,218.9280098499014,41.661868134357796,20.789017648945116,,,4828,21.0875,0,No Defect
0.04103768549135656,97.3899589159057,180.7147248385132,41.47703765437633,23.19483827370748,,,4829,21.090625,0,No Defect
0.03996399442093486,98.69785104681455,232.08893314365486,40.45633223085865,20.33276820639849,,,4830,21.09375,0,No Defect
0.03978540512813482,97.85093884848128,216.67937365935765,36.768284775252745,22.353428314193106,,,4831,21.096875,0,No Defect
0.040315859967304364,96.49440526214865,190.398948781916,44.42064805119134,21.730737771190583,,,4832,21.1,0,No Defect
0.039651347367786895,96.26057965934737,201.07881761711093,42.35217643399481,21.67338754423365,,,4833,21.103125,0,No Defect
0.03740363449127333,95.68128591848283,230.88767896204695,31.424255162657577,23.01617252803928,,,4834,21.10625,0,No Defect
0.040282541229497766,99.3665455200524,245.6858285147996,43.28126544522216,18.67349601175526,,Ambient temperature low,4835,21.109375,0,No Defect
0.039728235800886656,98.023966322252,226.4136124253829,41.56450345965033,20.343497430437928,,,4836,21.1125,0,No Defect
0.03845274568180482,96.59107466227097,228.75940565713586,35.98013953214276,21.821752546398812,,,4837,21.115625,0,No Defect
0.041750335222642536,100.7683177593927,207.64304560587215,34.99033416129248,23.428564103006522,,,4838,21.11875,0,No Defect
0.037447950128553446,94.56673755430546,216.74922249910222,32.405105488704976,23.59390578418146,,Stencil thickness low,4839,21.121875,0,No Defect
0.038212376721377714,94.29309850193384,193.9416597191196,35.211563921351704,24.175366165217557,,Stencil thickness low,4840,21.125,0,No Defect
0.04065331110164972,98.35075692917117,207.12182219565466,39.71070253096737,22.071266621165435,,,4841,21.128125,0,No Defect
0.038544062359077653,94.40560757226821,201.02126218920742,40.486937651297936,22.204043733992524,,Stencil thickness low,4842,21.13125,0,No Defect
0.03943728083416289,97.14048438414967,206.01762796650274,33.572242232765305,23.917323650652982,,,4843,21.134375,0,No Defect
0.036687071148057436,92.2062445095802,205.54608367340913,39.39529171261792,22.22185934354117,,Stencil thickness low,4844,21.1375,0,No Defect
0.04097480686337082,96.48478145343157,163.82424009593745,39.173713579479745,24.879179771683948,,,4845,21.140625,0,No Defect
0.038494931320407086,96.63028563642865,228.96061922592105,35.83237280381013,21.83957868676761,,,4846,21.14375,0,No Defect
0.0410799785925162,98.27327164084865,188.08253278228494,34.69921730078191,24.699869911773032,,,4847,21.146875,0,No Defect
0.037873722729561445,95.47928319505031,234.67871110890803,40.99705423570634,19.971580518813724,,Ambient temperature low,4848,21.15,0,No Defect
0.037519650558396504,92.55625071380491,195.70242179019192,43.777498474927434,21.543118309936364,,Stencil thickness low,4849,21.153125,0,No Defect
0.03903342669313758,96.85813958740056,215.35942208693487,35.40274220892332,22.795267189859146,,,4850,21.15625,0,No Defect
0.03928780579015651,96.18084723443485,215.9811903861031,45.262668808505445,19.878814927620475,,Ambient temperature low,4851,21.159375,0,No Defect
0.03840210050391901,96.74508283341619,235.31932354359475,35.557309830045014,21.52193682237032,,,4852,21.1625,0,No Defect
0.039107254251877374,94.00118367612937,180.31909964540372,43.99206273831328,22.432582363094212,,Stencil thickness low,4853,21.165625,0,No Defect
0.03981017354939093,96.28884388213264,210.8225104152406,46.6446931201568,19.795507740933964,,Ambient temperature low,4854,21.16875,0,No Defect
0.04002682541491481,95.82068638850926,184.44840404337353,40.419104223964624,23.230986867452998,,,4855,21.171875,0,No Defect
0.03991836639170561,94.8020556969013,176.41854748578407,44.25783521455596,22.599570437936663,,Stencil thickness low,4856,21.175,0,No Defect
0.03812081250405396,97.86845382182663,240.32922143343995,26.911009324112637,23.72382830209912,,Ambient RH low,4857,21.178125,0,No Defect
0.03939101658546008,97.08550060675688,218.6609382460089,38.636054254914825,21.64161976881059,,,4858,21.18125,0,No Defect
0.04108209954328226,98.70766278402753,199.79491498536817,39.45880619989242,22.567898887605192,,,4859,21.184375,0,No Defect
0.03856152060508389,95.47128589814345,214.14085178543215,40.314945460061494,21.416738759365778,,,4860,21.1875,0,No Defect
0.038677113248914034,97.64520846591506,235.74836862161644,33.308179759719614,22.13703590549554,,,4861,21.190625,0,No Defect
0.03966282468932333,97.25963811627723,216.62493734476652,42.40669312903718,20.656552388700554,,,4862,21.19375,0,No Defect
0.04048163946013926,96.80004174375857,184.41858069708638,40.84083941627833,23.095325661061118,,,4863,21.196875,0,No Defect
0.03812673493474417,95.97121972974647,230.90314134761672,36.69682126973371,21.438379041460266,,,4864,21.2,0,No Defect
0.03817450739869569,91.90372867304994,170.01845115145787,44.010135865479384,23.033603942209513,,Stencil thickness low,4865,21.203125,0,No Defect
0.04498680380905666,102.3774240885152,169.89611958765875,45.534361536387344,22.648624217141904,Paste volume per aperture high,,4866,21.20625,0,Solder Bridging
0.04161665749580706,98.98425173797729,196.08545546694523,41.082765056949135,22.315719184747557,,,4867,21.209375,0,No Defect
0.039127931319534535,96.39318322280809,208.82594797686704,37.315257547347066,22.6104144766489,,,4868,21.2125,0,No Defect
0.0407489136439441,96.36881126369886,178.3245179228037,43.153424729660244,22.79066875945705,,,4869,21.215625,0,No Defect
0.03971274484617665,98.61198407801628,220.23642882628926,31.506108569698128,23.608159177616656,,,4870,21.21875,0,No Defect
0.044000479407626324,100.24868825077299,157.18933330049703,42.43246756828657,24.32150079740837,Paste volume per aperture high,,4871,21.221875,0,Solder Bridging
0.03849129266647894,94.90024050075667,193.47139675873098,34.76087966990494,24.28507844068025,,Stencil thickness low,4872,21.225,0,No Defect
0.04147106981972312,96.26642604315909,164.35167903147592,45.58723469944532,22.93925312201004,,,4873,21.228125,0,No Defect
0.04035669464802792,97.65143893981649,206.0650237138757,41.20039342354977,21.646916719914177,,,4874,21.23125,0,No Defect
0.040930744354898164,97.94683645205906,189.119546204208,36.21213973053638,24.14897220968201,,,4875,21.234375,0,No Defect
0.04214162031830533,99.95022507291557,192.0802128707203,35.55926095010123,24.168293664259117,,,4876,21.2375,0,No Defect
0.04063778405102627,97.03561691858714,195.51758958177302,46.05534254701534,20.872302077351264,,,4877,21.240625,0,No Defect
0.040060977655499645,97.01352601739377,204.62997766114134,40.96364126576182,21.797471208401166,,,4878,21.24375,0,No Defect
0.03839880174643558,97.02882200278056,238.9232921549952,35.57900950415074,21.250624458887472,,,4879,21.246875,0,No Defect
0.038514995972064835,97.36265531156785,247.72296158421938,40.19978888147639,19.358271187221046,,Ambient temperature low,4880,21.25,0,No Defect
0.040264021072217736,98.14344943996394,219.00581798689188,42.013490631231825,20.604272397183795,,,4881,21.253125,0,No Defect
0.04162392355542687,99.34912160604311,194.45686987281115,35.288816660009246,24.08725556511773,,,4882,21.25625,0,No Defect
0.036352804313555004,91.94183395439704,204.71400464427222,35.173817908723045,23.444279569598905,,Stencil thickness low,4883,21.259375,0,No Defect
0.04180485228358848,99.3481924574042,199.22248423987563,43.386517194748635,21.42299144459133,,,4884,21.2625,0,No Defect
0.040017736988092585,94.5521885699552,171.36322222615107,43.66503226348982,23.04106616690239,,Stencil thickness low,4885,21.265625,0,No Defect
0.040952744553905296,96.37162985689525,179.04300417841563,47.41293166680222,21.47586689790338,,,4886,21.26875,0,No Defect
0.04121404509746834,97.62184096059465,185.43566777652617,42.73957864763744,22.44958874373262,,,4887,21.271875,0,No Defect
0.038831125818983264,94.08596501100348,184.86988834881677,40.40163540244037,23.147087703611483,,Stencil thickness low,4888,21.275,0,No Defect
0.04148199049270817,96.82661440315836,167.0962019424439,45.51851968356439,22.75960736953524,,,4889,21.278125,0,No Defect
0.04211551901128132,98.21773500755562,178.4440726105022,44.96356583599044,22.234334579696412,,,4890,21.28125,0,No Defect
0.03968386927055414,95.80550015373244,190.0149676351009,39.44931179401704,23.11190252235819,,,4891,21.284375,0,No Defect
0.041489573429310166,98.12294556911888,186.77216274299838,42.92511613699042,22.307571414770006,,,4892,21.2875,0,No Defect
0.040161416401020555,96.63380184570227,202.14758321290478,46.12653228636706,20.416524732139553,,,4893,21.290625,0,No Defect
0.03922243121506098,95.93770099422333,206.35842347286444,42.47276334936775,21.213976822102538,,,4894,21.29375,0,No Defect
0.04114755657507773,99.48668615179274,202.00578338830584,33.710899529698665,24.056215704236617,,,4895,21.296875,0,No Defect
0.04074882689914164,97.14890624355809,187.2267978359131,40.87224019875748,22.868164800030097,,,4896,21.3,0,No Defect
0.04039836061686412,97.56665003661195,202.04768830679254,41.014287839734926,21.91102530311171,,,4897,21.303125,0,No Defect
0.04295818423576388,98.21156709465244,145.25278707714142,39.12176986267959,25.971383418623667,,Paste viscosity low,4898,21.30625,0,No Defect
0.04117085480616312,98.75506710548079,208.31186008699072,42.26858521545467,21.16761557294358,,,4899,21.309375,0,No Defect
0.040098834981617516,97.18026546023327,206.04542455437107,40.666663855907906,21.763404715969266,,,4900,21.3125,0,No Defect
0.042316560281169466,98.4848000205566,166.40250436851133,40.557949112072606,24.24119031632681,,,4901,21.315625,0,No Defect
0.04185344131730474,97.18947457980111,167.16881150839168,44.09917594423795,23.158693182447102,,,4902,21.31875,0,No Defect
0.03981301622497774,99.2017383600554,225.99146615541991,31.81452111577857,23.111980020498855,,,4903,21.321875,0,No Defect
0.0376915623749516,92.3636746943511,189.44823961074778,41.082509374844165,22.63560140771345,,Stencil thickness low,4904,21.325,0,No Defect
0.040352676866472835,97.80121743192342,205.53812100645877,39.163641917120096,22.226168654040215,,,4905,21.328125,0,No Defect
0.04025365530284196,98.16313610690251,213.15584714770176,37.347352476518225,22.288969573641857,,,4906,21.33125,0,No Defect
0.03885936146110727,95.5980956239938,208.9003163655686,37.5777045505408,22.472055805487095,,,4907,21.334375,0,No Defect
0.04158183658816051,97.57102439393577,172.55454685969795,41.805337193532715,23.482527984263612,,,4908,21.3375,0,No Defect
0.040726318014979467,97.5143767166084,194.83564926790103,40.70379252929668,22.431142212483362,,,4909,21.340625,0,No Defect
0.04192209876330416,98.03444760806087,181.11943270697233,46.282830579171,21.650431022456406,,,4910,21.34375,0,No Defect
0.040223973971604716,97.03333669655682,199.87568439288802,42.82555030007833,21.491112340824024,,,4911,21.346875,0,No Defect
0.04083231617183539,97.20313800784686,196.90723346759466,47.350366029982006,20.35710148274482,,,4912,21.35,0,No Defect
0.03978666654610577,97.91408682087163,215.0984889848746,33.32271562846394,23.331697560543677,,,4913,21.353125,0,No Defect
0.04206979359904761,100.99591517192391,211.72634252919235,37.96068788200718,22.197147141455428,,,4914,21.35625,0,No Defect
0.03954021291393508,97.06341014184116,212.04374534160712,39.10939097199747,21.81838256906925,,,4915,21.359375,0,No Defect
0.0414092419633993,97.98879934603116,197.61097572143078,48.456498639605776,19.989906101543678,,Ambient temperature low,4916,21.3625,0,No Defect
0.03867647995142083,95.39734045444192,208.9971277639076,38.18422238368843,22.26955856187218,,,4917,21.365625,0,No Defect
0.039711621430753435,96.6307655681306,192.2939745043802,34.07794567299632,24.497807167405725,,,4918,21.36875,0,No Defect
0.03996367587134389,98.15990198053868,231.16633052856085,44.28239395740795,19.13360341084361,,Ambient temperature low,4919,21.371875,0,No Defect
0.03939922827683047,97.02131050559436,218.01744534837033,40.429330960150786,21.05798291479168,,,4920,21.375,0,No Defect
0.03936775832964159,98.4981723152502,236.00640660792826,33.7809102436572,21.89818068210586,,,4921,21.378125,0,No Defect
0.03739781767094548,89.67939698766597,162.84773031281213,49.441079436457855,21.79247037354304,,Stencil thickness low,4922,21.38125,0,No Defect
0.03773461772618891,94.49969114202474,214.36671795226812,36.15510073595365,22.515203771444995,,Stencil thickness low,4923,21.384375,0,No Defect
0.03817951732502452,95.43280960617993,226.68825365028022,41.20490399196979,20.28535127647527,,,4924,21.3875,0,No Defect
0.040980477849020994,98.37951369538523,202.41539826865403,41.822836611646636,21.61402077173392,,,4925,21.390625,0,No Defect
0.03773563041163638,95.81967673933075,241.07994235496326,38.82717937404717,20.090386574012413,,,4926,21.39375,0,No Defect
0.03729063821285824,94.24069963827438,213.66682360069197,30.943541998485195,24.071907775706617,,Stencil thickness low,4927,21.396875,0,No Defect
0.038671563739818636,95.95878684617705,215.1386075761045,36.4387443447046,22.385066672902582,,,4928,21.4,0,No Defect
0.03851655831966474,94.28701342688632,189.27859735570354,36.364617698265505,23.989385241920637,,Stencil thickness low,4929,21.403125,0,No Defect
0.039715199674109775,96.8631247612557,201.29193226853937,37.089352729617346,23.047284456046306,,,4930,21.40625,0,No Defect
0.038065572425338166,94.75159125168013,216.86072611965818,41.22970582711035,20.868127268345688,,Stencil thickness low,4931,21.409375,0,No Defect
0.03934499306962333,96.01088762178874,196.3356927552625,35.006332839971265,23.957222411600046,,,4932,21.4125,0,No Defect
0.038650514544633606,97.09047785235629,222.88648673524233,31.525244550339735,23.333688104896744,,,4933,21.415625,0,No Defect
0.03857298112693041,96.10717688334937,216.11151488422223,34.38823770910251,22.913758629908223,,,4934,21.41875,0,No Defect
0.04310473028445731,99.12671949364211,165.97979031176374,44.95267519032125,22.938805248703428,,,4935,21.421875,0,No Defect
0.03893077839642394,95.49714290586736,206.97215205195263,39.48372323614733,21.987617813895497,,,4936,21.425,0,No Defect
0.04206192484091592,99.67974614569799,195.5320044548958,37.4057456592812,23.3243022037087,,,4937,21.428125,0,No Defect
0.03931935289480809,95.82424397407735,189.10497973655544,34.755955335097106,24.460336307788126,,,4938,21.43125,0,No Defect
0.04020597766832242,98.21163894047217,211.48369533111094,37.945902311029954,22.16050390994373,,,4939,21.434375,0,No Defect
0.041044342657962946,96.16509974547498,175.48460584787358,48.64039889957614,21.2528316086578,,,4940,21.4375,0,No Defect
0.039315954739199126,94.30948578373423,178.0656220922487,42.97003871138461,22.73377657618809,,Stencil thickness low,4941,21.440625,0,No Defect
0.03729877853546655,92.65394387856155,208.32975495260058,44.2161282469294,20.4976733917098,,Stencil thickness low,4942,21.44375,0,No Defect
0.03692866161159899,92.93511587680818,200.7832011806229,32.431582476377145,24.39735865659497,,Stencil thickness low,4943,21.446875,0,No Defect
0.037222389276377395,93.80070205160533,225.80359032202944,42.21486320823575,20.005816570127703,,Stencil thickness low,4944,21.45,0,No Defect
0.0397454534649808,95.05600079373419,179.91300242274096,42.15962675277028,22.85640560908197,,,4945,21.453125,0,No Defect
0.03892131882108922,95.49201985968317,198.9540706233848,36.69957107047415,23.274217809533422,,,4946,21.45625,0,No Defect
0.041095156655103895,96.38456201756512,172.01833181847553,43.852400453358605,22.85641625474785,,,4947,21.459375,0,No Defect
0.03971942625382707,94.55243713825642,174.0003381070668,43.46020853176701,22.834158080401817,,Stencil thickness low,4948,21.4625,0,No Defect
0.03910982517461875,95.16136085219564,190.32825734051494,37.07096085679631,23.693277393853442,,,4949,21.465625,0,No Defect
0.04168728575509656,97.32461018905482,172.13114956740577,44.617039072017384,22.624761116132785,,,4950,21.46875,0,No Defect
0.0418947553332426,99.615418235006,200.11682659724127,40.14489574742076,22.216390835476062,,,4951,21.471875,0,No Defect
0.038529076706871924,96.323030182435,224.81188261437495,37.68852391872495,21.385841377414593,,,4952,21.475,0,No Defect
0.03873734048557185,95.59072927598315,210.0264895849532,38.084183195380575,22.180160104377347,,,4953,21.478125,0,No Defect
0.04206066380987009,98.93776931131833,185.42445385314818,41.248499332352516,22.791603106853792,,,4954,21.48125,0,No Defect
0.03825180077573587,95.65521788067599,224.19721779070028,37.84908642902714,21.37292800754467,,,4955,21.484375,0,No Defect
0.04032293797312268,97.07949834354449,196.94615366948747,40.57249062212832,22.263317461162117,,,4956,21.4875,0,No Defect
0.04010477990899019,95.47111763161986,178.82628772605494,42.79893742000757,22.721072866271527,,,4957,21.490625,0,No Defect
0.041658872769555634,99.27358764264612,193.01869675433355,37.44635640322885,23.42486546737163,,,4958,21.49375,0,No Defect
0.039992436609077114,96.79360071955969,203.77575912411737,42.047343601171235,21.406487045731392,,,4959,21.496875,0,No Defect
0.04041918053338104,96.13905474546684,179.32085215032262,41.9046135272773,22.94895888134485,,,4960,21.5,0,No Defect
0.037659089107310334,94.4769843318448,223.74234264099906,41.77451406375151,20.23718564644675,,Stencil thickness low,4961,21.503125,0,No Defect
0.041845115956372456,98.74079160029461,177.8858434111562,37.25748855867354,24.403220389262927,,,4962,21.50625,0,No Defect
0.041597093357285835,98.36403483927391,179.5982376402967,36.22440764351411,24.599754117734506,,,4963,21.509375,0,No Defect
0.035790477831845136,91.91584791193192,224.1083684820413,36.07985466293902,21.863056843531716,Paste volume per aperture low,Stencil thickness low,4964,21.5125,0,Open Circuit
0.042071536352710215,97.54289174457803,164.5998557091372,45.19300040364552,22.896731004993715,,,4965,21.515625,0,No Defect
0.03757456156037727,94.18647630209676,210.5443072106888,36.417724435146894,22.602508884199075,,Stencil thickness low,4966,21.51875,0,No Defect
0.03945427762914561,96.43705573427678,198.56079019534312,34.2031538672981,24.00179106787088,,,4967,21.521875,0,No Defect
0.04009307887370111,98.10296968194844,217.10975428429802,39.97934990384569,21.17682647814139,,,4968,21.525,0,No Defect
0.039672630207116595,98.61444317149963,237.341257716281,39.87135696030891,19.962578860724353,,Ambient temperature low,4969,21.528125,0,No Defect
0.03906580239627095,94.51963381292009,182.2027493928272,39.24980354395536,23.520739014323475,,Stencil thickness low,4970,21.53125,0,No Defect
0.039884207756504766,97.34055347008493,210.70466374403932,40.13987073421991,21.51746226859658,,,4971,21.534375,0,No Defect
0.038146108476877105,95.29599995222743,208.53791087340957,32.37791423308045,23.902560655498498,,,4972,21.5375,0,No Defect
0.037715027360204406,93.96340655970377,209.99033409039097,38.828012056157824,21.925577536422963,,Stencil thickness low,4973,21.540625,0,No Defect
0.03796102084907417,94.68135533244012,204.2678699700258,32.62667739776941,24.088220266513208,,Stencil thickness low,4974,21.54375,0,No Defect
0.039766469610507935,95.8256276583592,182.61541679390572,36.20607304535463,24.384687496438545,,,4975,21.546875,0,No Defect
0.042194078540986085,102.16492824015025,236.81779914015218,39.86318987514615,20.012590139332833,,,4976,21.55,0,No Defect
0.0399603685883206,96.6357700170752,199.22124812942445,43.23985471041968,21.305117105705666,,,4977,21.553125,0,No Defect
0.03875894411515374,97.69085390938474,234.53384012057595,33.02645076028789,22.114080454846015,,,4978,21.55625,0,No Defect
0.04084617536228422,97.88118613314609,202.77154870214542,42.212640132085674,21.399022033887412,,,4979,21.559375,0,No Defect
0.040931642850004384,95.01447785394767,165.24479525266133,50.951237530156035,21.146352181092414,,Ambient RH high,4980,21.5625,0,No Defect
0.03716402340499082,92.26896475179225,196.31083990444193,39.89558829633533,22.43521221539902,,Stencil thickness low,4981,21.565625,0,No Defect
0.04137121525011705,97.68286704955426,181.91867029987858,42.077601752189906,22.71442259128222,,,4982,21.56875,0,No Defect
0.03876086179116927,96.35796348961406,206.06776098539308,29.51617121779767,24.879128733653953,,Ambient RH low,4983,21.571875,0,No Defect
0.03940002425137053,93.7959655366464,177.02962250314422,44.80524558715482,22.202912501388184,,Stencil thickness low,4984,21.575,0,No Defect
0.04026617547243069,97.07100437285,205.54682655971035,43.69559743123891,20.780337868610392,,,4985,21.578125,0,No Defect
0.03990276523923386,97.48083541278598,220.12465428555956,42.6738033137132,20.179623876328023,,,4986,21.58125,0,No Defect
0.04253127641858106,101.0786635315926,202.40084545872148,39.41607594441818,22.234965798839422,,,4987,21.584375,0,No Defect
0.04194321563985405,99.46067237233389,197.0313132764546,42.051351611464646,21.790315991963077,,,4988,21.5875,0,No Defect
0.04051193807702553,97.07950231401979,191.78141369074015,42.31160897890105,22.020299971184386,,,4989,21.590625,0,No Defect
0.039002841766203014,95.41520668814367,209.16265802632267,41.90086022327881,21.06646348995989,,,4990,21.59375,0,No Defect
0.03755026234212454,92.0677169027349,180.04882215978105,36.39383961497579,24.447528833265455,,Stencil thickness low,4991,21.596875,0,No Defect
0.03991967977188435,96.21765988637935,185.30730023100836,36.33276442253498,24.157812485976038,,,4992,21.6,0,No Defect
0.03935746692594153,98.8231740686853,245.31264718187174,35.74642599884301,20.64276214394605,,,4993,21.603125,0,No Defect
0.03909287177872747,94.81828532761145,203.26098568003343,44.805709518303416,20.57623592571666,,Stencil thickness low,4994,21.60625,0,No Defect
0.04053228848295414,96.07924241169573,183.4990807306033,44.580528851542866,21.862074270277198,,,4995,21.609375,0,No Defect
0.041019211465059005,97.4697199339597,198.56690129037025,46.108486363200406,20.49514656928088,,,4996,21.6125,0,No Defect
0.042043579797794696,101.1210760634206,216.8224303793644,37.33022924982386,21.944717893688804,,,4997,21.615625,0,No Defect
0.03941784849263537,95.12234948818563,188.89924201149267,39.699260906030716,22.94386535601067,,,4998,21.61875,0,No Defect
0.03894655149397578,95.33679931748945,208.86508483755384,43.21121538833356,20.685148964236433,,,4999,21.621875,0,No Defect
0.04029720300580156,101.93743123013746,195.31112350351003,39.000807075124314,22.75620623244436,,,5000,21.625,1,No Defect
0.03978056423235482,101.95183935072805,203.89239220563198,35.45048732251863,23.261982898413027,,,5001,21.628125,1,No Defect
0.039017058150545,102.31969939403724,234.5773855886095,36.51540332012836,21.062637711291185,,,5002,21.63125,1,No Defect
0.03932065406395414,100.05166159030671,183.95206189622564,37.6781537914514,23.82441688345414,,,5003,21.634375,1,No Defect
0.03990961963032669,100.29494936891653,188.79929155114186,44.25649652214629,21.61325101449952,,,5004,21.6375,1,No Defect
0.03982479131817813,101.83909325172286,206.7336328040995,39.018225674252314,22.03941266453821,,,5005,21.640625,1,No Defect
0.03726104852803575,97.4205824084375,205.4264669999925,41.609918081203375,21.341762041985522,,,5006,21.64375,1,No Defect
0.03755499501342002,96.92891556831798,183.8503497964537,40.619450674076596,22.952272918977528,,,5007,21.646875,1,No Defect
0.04069657074887251,101.52558833511667,188.05371704292276,43.821814142028984,21.786234149073334,,,5008,21.65,1,No Defect
0.039532205715037204,103.54131778101807,246.8765915669533,40.74112607270407,19.06485876549867,,Ambient temperature low,5009,21.653125,1,No Defect
0.04052858116592717,102.55625773394631,201.3406229511383,40.18071486406393,22.027918206445115,,,5010,21.65625,1,No Defect
0.039450424279470375,99.50402317715043,180.26291898680117,42.01328560649618,22.774856375495162,,,5011,21.659375,1,No Defect
0.0405222936954428,101.76507312295485,184.53384509773457,37.83847929072781,23.740998826775783,,,5012,21.6625,1,No Defect
0.038110600220337715,101.29615762411836,232.9231033115758,32.668403076370595,22.262627727561792,,,5013,21.665625,1,No Defect
0.04141751624129028,102.54246358055688,185.38155399876703,43.53459874743009,22.030541036704903,,,5014,21.66875,1,No Defect
0.04082563788422411,102.0114194042251,188.51420413476168,43.18781627727807,21.93046266820282,,,5015,21.671875,1,No Defect
0.03904321411859538,101.28624940198112,208.8358738489124,34.835509654583,23.10763525213244,,,5016,21.675,1,No Defect
0.040659164742819526,101.87806074405627,202.6316890562884,46.689223627459384,20.042783880281956,,,5017,21.678125,1,No Defect
0.03820555094774456,100.47080185309618,225.99448923702008,38.50678790051867,20.974900899007633,,,5018,21.68125,1,No Defect
0.0402454781267793,102.19921153539269,213.88618084230964,43.934274115874956,20.150310274222395,,,5019,21.684375,1,No Defect
0.040495245015656545,101.76522293222389,191.13051664736648,42.17584897457621,22.055220616630073,,,5020,21.6875,1,No Defect
0.038959977335521,98.28971363453691,169.7951411277482,42.560526885969324,23.23465076222925,,,5021,21.690625,1,No Defect
0.04165507178330334,103.15169288753478,190.7533356698316,42.233388884209404,22.07453028225347,,,5022,21.69375,1,No Defect
0.03857403227924481,99.4824838899841,204.532410395376,41.66577360805807,21.364114592894722,,,5023,21.696875,1,No Defect
0.03762914550304348,99.36065269438434,225.59774445270037,39.35990028190986,20.738128489602712,,,5024,21.7,1,No Defect
0.03848211324249951,100.09057612570507,221.05372651731795,42.09897418879235,20.223007018179736,,,5025,21.703125,1,No Defect
0.043434543792528965,105.25482850561536,173.8085763605588,40.88570029868662,23.51315891130492,,Stencil thickness high,5026,21.70625,1,No Defect
0.04222057422419713,105.7086053974176,208.54491799526812,39.8951787891606,21.656338704951878,,Stencil thickness high,5027,21.709375,1,No Defect
0.0384640883912506,101.5281978086327,241.48333587209896,39.11202657683689,19.83806252154036,,Ambient temperature low,5028,21.7125,1,No Defect
0.04006954120464468,102.9127228750077,209.32355345211747,34.4920393304114,23.167487333404193,,,5029,21.715625,1,No Defect
0.04121896303393845,101.77151126244974,181.49424406322765,45.531202568463826,21.66076233348132,,,5030,21.71875,1,No Defect
0.04011077693737025,99.17479297564684,161.5799644386217,43.803730268665674,23.374932023420534,,,5031,21.721875,1,No Defect
0.035527981386739044,94.06885628917115,200.7730789620737,44.90596633666062,20.61224552715322,Paste volume per aperture low,Stencil thickness low,5032,21.725,1,Open Circuit
0.04164392244046004,102.70679325338378,182.10884691651646,43.70288852814851,22.15527455197583,,,5033,21.728125,1,No Defect
0.04051161254453547,103.11096383377667,208.6136481425101,37.4883838236556,22.334209829378125,,,5034,21.73125,1,No Defect
0.03600320472795848,97.96348220241215,227.7324275171135,31.938825936216283,22.741411799410542,,,5035,21.734375,1,No Defect
0.04018283877023611,102.68512882404472,205.24012687685578,36.064618223649966,22.949187720191677,,,5036,21.7375,1,No Defect
0.039678607802632375,100.0546799128434,189.75049889816694,44.64123655754415,21.389523193859922,,,5037,21.740625,1,No Defect
0.038138406238814926,99.0370685548501,204.40524623074873,39.91277751036616,21.857146981690576,,,5038,21.74375,1,No Defect
0.039019367800844626,100.07954655094423,199.80463380579698,38.14503527922391,22.665548736641504,,,5039,21.746875,1,No Defect
0.039459971071924664,99.6903380135573,185.07745978085578,41.058034375373154,22.718814350100903,,,5040,21.75,1,No Defect
0.03846013590180452,100.16130558244708,208.23361523745777,34.91472194361777,23.08241147719144,,,5041,21.753125,1,No Defect
0.04040824823029733,101.44617585856435,187.90820204612385,38.9879389069663,23.156214020355616,,,5042,21.75625,1,No Defect
0.04119570368391816,103.62681650283078,192.6025819739834,34.163982545956074,24.279154171638833,,,5043,21.759375,1,No Defect
0.03664127449097183,99.3843765790744,250.02242086475889,40.797818007678934,18.776945380245042,,Paste viscosity high; Ambient temperature low,5044,21.7625,1,No Defect
0.04020406259627217,103.50976758547657,220.1938078184511,35.406581689107384,22.213257379683334,,,5045,21.765625,1,No Defect
0.04196998798676741,103.52245372730299,180.27624748919467,40.38753330251102,23.218307885265695,,,5046,21.76875,1,No Defect
0.04029265569301436,101.58655181513718,203.96925511977648,45.59855681353555,20.230204283502825,,,5047,21.771875,1,No Defect
0.040981177408689964,103.01547234937033,198.07234296562945,41.00853171216706,21.933095809217644,,,5048,21.775,1,No Defect
0.03837872957289125,98.6946025109446,197.8509860861278,40.85942485466075,21.97238029406313,,,5049,21.778125,1,No Defect
0.04183877763190318,103.80914792926329,187.00555205849506,40.77165162526133,22.683906588391206,,,5050,21.78125,1,No Defect
0.04177026328945725,100.38350626638083,148.72241310987206,49.76826536363721,22.405275226957833,,Paste viscosity low,5051,21.784375,1,No Defect
0.03745395740142955,100.60138596154499,250.62474557843615,36.62689240533521,19.96182741549244,,Paste viscosity high; Ambient temperature low,5052,21.7875,1,No Defect
0.04107423755928552,102.2183940764435,183.1000438933557,41.352429703626065,22.745183515254514,,,5053,21.790625,1,No Defect
0.03962213483921295,102.25294751378684,227.9823232998054,43.40933747148977,19.37923567154522,,Ambient temperature low,5054,21.79375,1,No Defect
0.039101821763997166,99.35255118452872,195.82935381665627,44.73920625585665,20.95914553969858,,,5055,21.796875,1,No Defect
0.03942680525517309,100.14796694824533,195.49004122610322,42.19752333878996,21.72280291444412,,,5056,21.8,1,No Defect
0.04316097721057487,103.90884292332163,170.7897961275594,48.91050644315936,21.30451209372483,,,5057,21.803125,1,No Defect
0.03825653146427677,99.4300276835718,202.5260664844927,38.27710649173084,22.419088614507455,,,5058,21.80625,1,No Defect
0.041547554450783064,103.78267529806918,198.98071994631445,41.2496271027018,21.797670762758603,,,5059,21.809375,1,No Defect
0.038564902863895224,102.38286340132063,233.31407748408395,31.042153734646227,22.64431361385011,,,5060,21.8125,1,No Defect
0.039450888386526925,101.1362212415566,202.7917297538523,37.471643578669244,22.647553395579965,,,5061,21.815625,1,No Defect
0.0382825119283435,100.49579941102951,221.93803877165294,36.0824553491934,21.869137134966515,,,5062,21.81875,1,No Defect
0.037878155071730535,98.9683807370867,206.54710370914214,37.77304272628818,22.31190949153363,,,5063,21.821875,1,No Defect
0.039811866491965824,98.96535874072575,174.27246963108635,46.85217629492505,21.657280094006772,,,5064,21.825,1,No Defect
0.03869801226277817,99.0756328673656,203.12953583585707,43.27113221599329,20.925940857682942,,,5065,21.828125,1,No Defect
0.04257504319753588,104.96866950421084,189.8198431442258,41.72767767362739,22.215195493310365,,,5066,21.83125,1,No Defect
0.040404669343296895,102.25624776630532,203.7840222811466,41.87125241254562,21.29977230714965,,,5067,21.834375,1,No Defect
0.0396610198790709,101.00339166987979,192.044463849682,36.26373334506211,23.65050674983607,,,5068,21.8375,1,No Defect
0.0417123301896772,102.55747896899085,177.66945554192188,41.85041715625787,22.919340116557898,,,5069,21.840625,1,No Defect
0.04025992533818981,101.16885023956527,182.88474941209407,38.996777384904675,23.41516954749403,,,5070,21.84375,1,No Defect
0.037273535078088255,96.11959174055531,180.5369645544449,38.678740845692644,23.63159621944974,,,5071,21.846875,1,No Defect
0.04196363382072432,103.38771512141085,181.80319856134096,41.41515496228386,22.787903822105136,,,5072,21.85,1,No Defect
0.04071481728299688,102.09531379818395,187.62536571952862,38.133398853722426,23.378285730602492,,,5073,21.853125,1,No Defect
0.03929341540613547,100.53128379246442,198.45296328683705,38.59294665425353,22.56569604699895,,,5074,21.85625,1,No Defect
0.04040137933498822,103.18142825317557,217.23543695981496,40.9475457222322,20.73169188093336,,,5075,21.859375,1,No Defect
0.03911535814571712,101.51705878284163,222.3382476306062,38.555068449490896,21.109182409208145,,,5076,21.8625,1,No Defect
0.03835889980622623,100.53469872944973,220.71253253400218,35.22020252480289,22.176481910301717,,,5077,21.865625,1,No Defect
0.043795652593245436,105.60522095880762,189.07510492880968,48.90757447257222,20.163828545204986,,Stencil thickness high,5078,21.86875,1,No Defect
0.03559198935352911,97.13868772660281,237.19889099303546,37.983691254376616,20.328472300842826,Paste volume per aperture low,,5079,21.871875,1,Open Circuit
0.04180730625144621,102.65440909413121,175.92984071498813,42.37112803100185,22.856865398168175,,,5080,21.875,1,No Defect
0.04273023787281796,104.33522386035195,186.9191613193088,47.423872438123745,20.710452846597473,,,5081,21.878125,1,No Defect
0.04211522917619596,104.31379376911552,186.4636685391726,38.47083077752804,23.346738779910737,,,5082,21.88125,1,No Defect
0.0427941382094665,105.39652041853061,192.780384265466,42.31458368839236,21.839417652331367,,Stencil thickness high,5083,21.884375,1,No Defect
0.03869665893599768,99.90805721329642,219.1899847794444,44.643888734048886,19.511049186535807,,Ambient temperature low,5084,21.8875,1,No Defect
0.037487757643954574,100.21076967578341,231.28218483632645,32.90896357719818,22.181454933141467,,,5085,21.890625,1,No Defect
0.039725040929717785,101.52992566347284,208.9741643655064,40.26890124000253,21.418465852620848,,,5086,21.89375,1,No Defect
0.040420836822221945,103.09110174459416,207.22540449899526,32.28194942876385,23.86723642701863,,,5087,21.896875,1,No Defect
0.04161359083296481,103.41039698464064,192.98428359449468,41.42142684623198,22.075292862432978,,,5088,21.9,1,No Defect
0.041483926416921814,103.09244733796665,205.1443521227775,47.13941387355812,19.660322508877876,,Ambient temperature low,5089,21.903125,1,No Defect
0.0379574294928416,100.64084867435807,221.18013721629154,29.138697479243767,23.9008755026688,,Ambient RH low,5090,21.90625,1,No Defect
0.040462366058096465,101.2183756864183,182.40718237258497,40.06496014102727,23.10556522356671,,,5091,21.909375,1,No Defect
0.04258714402650715,105.01371117585907,190.52938543975924,42.63702079186155,21.866811307751007,,Stencil thickness high,5092,21.9125,1,No Defect
0.03831466911546457,100.18143047988023,220.5562833722849,38.26065904567805,21.273558705659745,,,5093,21.915625,1,No Defect
0.04015037964995462,101.21053575728678,201.6401831630904,46.41379443581773,20.063805486112116,,,5094,21.91875,1,No Defect
0.04074084082998487,103.92366133936741,208.12529273557328,32.179537138511186,23.828305509912266,,,5095,21.921875,1,No Defect
0.040061923060590005,101.52212109521719,196.69616885285348,38.88179273273656,22.56449055317116,,,5096,21.925,1,No Defect
0.041972284050192925,102.87118552888208,191.66149365178606,53.0808349371159,18.737177105838978,,Ambient RH high; Ambient temperature low,5097,21.928125,1,No Defect
0.04108269501689178,105.22929786676796,225.3975439373138,34.20633324477332,22.175312218933136,,Stencil thickness high,5098,21.93125,1,No Defect
0.038255565868445404,99.94053363367568,217.1767163130003,38.885321307937346,21.28735152328201,,,5099,21.934375,1,No Defect
0.04023159775711831,104.02196669644337,232.6568707876756,38.77136811131098,20.38380027864669,,,5100,21.9375,1,No Defect
0.03718998126365891,96.3470508987044,202.12958795140145,47.14259795583817,19.79039506580328,,Ambient temperature low,5101,21.940625,1,No Defect
0.040427285924787,102.66781224198951,210.63983961647375,43.205998463294385,20.43647184047805,,,5102,21.94375,1,No Defect
0.03858953113665792,101.37572257540701,225.35314232514799,34.63264983473731,22.024911824105587,,,5103,21.946875,1,No Defect
0.03705521185821123,98.53547460169692,215.80192998984126,35.02974704170194,22.478637116433443,,,5104,21.95,1,No Defect
0.04053673580282097,103.84066411496678,210.87185594841296,31.77405688594916,23.761570643196,,,5105,21.953125,1,No Defect
0.04054357930881024,103.50191650822849,220.67662066505363,40.50174342775412,20.609380627947406,,,5106,21.95625,1,No Defect
0.04057584548450744,100.17482304628079,168.79687466038823,44.227769367431435,22.70226250057665,,,5107,21.959375,1,No Defect
0.03839224018574037,98.25325769229114,188.35483922518299,43.08647808049968,21.812926688576947,,,5108,21.9625,1,No Defect
0.04204183179376966,105.62468336431589,212.76397601371897,37.54727392999823,21.966584585381064,,Stencil thickness high,5109,21.965625,1,No Defect
0.040339149670162805,100.73213356003659,178.24232390033242,41.1347310711842,23.01911489735375,,,5110,21.96875,1,No Defect
0.03943856594536491,100.86189518838437,207.14828500338373,41.356671254998346,21.174272395374462,,,5111,21.971875,1,No Defect
0.03868622387754424,99.19061799256481,212.7764264556208,48.3029126903745,18.794167413657206,,Ambient temperature low,5112,21.975,1,No Defect
0.042928995996808564,104.19964120367936,176.90459838107353,44.9597928577554,22.001899084311813,,,5113,21.978125,1,No Defect
0.03730062902343382,98.87574425475619,218.63867161879992,37.83644464102041,21.470852673437797,,,5114,21.98125,1,No Defect
0.043393281371818714,104.27960069719737,177.75868978390162,51.34479004240084,20.08571482441518,,Ambient RH high,5115,21.984375,1,No Defect
0.03910988093171907,101.37150768350716,227.32675265942902,42.44752229002765,19.608441592932714,,Ambient temperature low,5116,21.9875,1,No Defect
0.03957080204987727,103.19274902461295,237.05447111643852,39.663219202686186,19.823026836716636,,Ambient temperature low,5117,21.990625,1,No Defect
0.04006838877330063,102.1280061925235,213.54990101175292,41.913981725046526,20.614220765512393,,,5118,21.99375,1,No Defect
0.040636294819749584,99.00091895433602,158.2562141075631,48.013310461173944,22.230801224837343,,,5119,21.996875,1,No Defect
